5.538854598999023438e-01
3.380810022354125977e-01
6.319556236267089844e-01
3.118468821048736572e-01
1.845102012157440186e-01
1.061448380351066589e-01
4.142446070909500122e-02
5.481326580047607422e-01
3.357979059219360352e-01
6.341947913169860840e-01
3.138643801212310791e-01
1.832545697689056396e-01
1.035791784524917603e-01
4.110641032457351685e-02
5.703499317169189453e-01
3.731678426265716553e-01
6.531193852424621582e-01
3.446922302246093750e-01
1.796792298555374146e-01
1.095574721693992615e-01
4.002376273274421692e-02
5.748375654220581055e-01
3.676509559154510498e-01
6.632196307182312012e-01
3.301100134849548340e-01
1.846372485160827637e-01
1.070968285202980042e-01
4.077542945742607117e-02
5.956561565399169922e-01
3.400121331214904785e-01
6.863585710525512695e-01
3.251142203807830811e-01
1.853134781122207642e-01
1.255894601345062256e-01
4.004341736435890198e-02
5.737026929855346680e-01
3.491131663322448730e-01
6.561180949211120605e-01
3.143554329872131348e-01
1.846198886632919312e-01
9.871879965066909790e-02
4.091957584023475647e-02
5.483210086822509766e-01
3.426269888877868652e-01
6.252681612968444824e-01
3.308137357234954834e-01
1.838998645544052124e-01
1.118052601814270020e-01
4.063911363482475281e-02
5.554634928703308105e-01
3.571454584598541260e-01
6.076095104217529297e-01
3.355124890804290771e-01
1.842363178730010986e-01
1.091069728136062622e-01
3.971017897129058838e-02
5.476368665695190430e-01
3.754209876060485840e-01
6.046469807624816895e-01
3.461554944515228271e-01
1.858416795730590820e-01
1.052825003862380981e-01
4.188148304820060730e-02
5.583338141441345215e-01
3.579051196575164795e-01
5.988073348999023438e-01
3.396075665950775146e-01
1.899057328701019287e-01
1.033977344632148743e-01
4.265664145350456238e-02
5.394809842109680176e-01
3.350475728511810303e-01
6.173784732818603516e-01
3.233879208564758301e-01
1.869508028030395508e-01
9.688954055309295654e-02
4.252199828624725342e-02
5.607433319091796875e-01
2.934823334217071533e-01
6.326209306716918945e-01
2.894767522811889648e-01
1.831562966108322144e-01
9.817214310169219971e-02
4.044691845774650574e-02
5.856139659881591797e-01
2.665121853351593018e-01
6.575953364372253418e-01
2.672552466392517090e-01
1.842217147350311279e-01
9.859978407621383667e-02
4.303374141454696655e-02
5.860043168067932129e-01
2.686142325401306152e-01
6.775605082511901855e-01
2.703807353973388672e-01
1.818168759346008301e-01
1.019907221198081970e-01
4.364382475614547729e-02
6.333408355712890625e-01
2.671415805816650391e-01
7.026858329772949219e-01
2.599812150001525879e-01
1.764053106307983398e-01
9.567550569772720337e-02
4.431012272834777832e-02
6.161465644836425781e-01
2.480415105819702148e-01
6.847982406616210938e-01
2.472847998142242432e-01
1.791823506355285645e-01
9.714546799659729004e-02
4.507256299257278442e-02
6.072077751159667969e-01
2.746928930282592773e-01
6.831412911415100098e-01
2.662295699119567871e-01
1.798709928989410400e-01
9.715384244918823242e-02
4.436277598142623901e-02
6.017534136772155762e-01
2.570443451404571533e-01
6.747261881828308105e-01
2.458318918943405151e-01
1.902562379837036133e-01
9.674551337957382202e-02
4.349595680832862854e-02
5.958451628684997559e-01
2.587834298610687256e-01
6.718157529830932617e-01
2.559183239936828613e-01
1.941433399915695190e-01
9.686154127120971680e-02
4.516272991895675659e-02
6.131194233894348145e-01
2.566928267478942871e-01
6.884758472442626953e-01
2.605198025703430176e-01
2.032529264688491821e-01
9.649655967950820923e-02
4.319564253091812134e-02
6.184324622154235840e-01
2.730250954627990723e-01
7.020655274391174316e-01
2.628225684165954590e-01
2.030721157789230347e-01
9.015924483537673950e-02
4.241850972175598145e-02
6.247434020042419434e-01
2.605491280555725098e-01
7.125529050827026367e-01
2.694624066352844238e-01
1.907250583171844482e-01
9.731700271368026733e-02
4.549237713217735291e-02
6.229281425476074219e-01
2.560499310493469238e-01
7.021564841270446777e-01
2.605992853641510010e-01
1.666586697101593018e-01
9.395616501569747925e-02
4.667056351900100708e-02
6.243585348129272461e-01
2.518574893474578857e-01
7.069304585456848145e-01
2.590848803520202637e-01
1.744963824748992920e-01
9.467230737209320068e-02
4.659062251448631287e-02
5.925186872482299805e-01
2.451869398355484009e-01
6.678034663200378418e-01
2.499006837606430054e-01
1.832424849271774292e-01
9.420832991600036621e-02
4.333104938268661499e-02
5.989831089973449707e-01
2.592982649803161621e-01
6.707020998001098633e-01
2.473981678485870361e-01
1.698449999094009399e-01
9.250369668006896973e-02
4.347536340355873108e-02
6.001294255256652832e-01
2.377457320690155029e-01
6.752539873123168945e-01
2.537734508514404297e-01
1.760716587305068970e-01
9.642653167247772217e-02
4.152116179466247559e-02
5.833664536476135254e-01
2.444390356540679932e-01
6.533022522926330566e-01
2.417000383138656616e-01
1.754594147205352783e-01
9.879215806722640991e-02
4.101550206542015076e-02
5.903061628341674805e-01
2.454676330089569092e-01
6.613405942916870117e-01
2.470146417617797852e-01
1.778147965669631958e-01
9.291974455118179321e-02
4.062877222895622253e-02
5.712011456489562988e-01
2.488562464714050293e-01
6.400359869003295898e-01
2.468349188566207886e-01
1.748185604810714722e-01
9.047332406044006348e-02
4.064858704805374146e-02
5.830104351043701172e-01
2.405893206596374512e-01
6.441419720649719238e-01
2.410817146301269531e-01
1.751313060522079468e-01
9.331592172384262085e-02
4.083733260631561279e-02
5.545867085456848145e-01
2.490584105253219604e-01
6.177036762237548828e-01
2.461031526327133179e-01
1.774889677762985229e-01
1.001638993620872498e-01
4.036049172282218933e-02
5.569034814834594727e-01
2.433592975139617920e-01
6.184808015823364258e-01
2.379599958658218384e-01
1.822123974561691284e-01
1.012400463223457336e-01
4.069984704256057739e-02
5.807690620422363281e-01
2.385420799255371094e-01
6.572823524475097656e-01
2.334546297788619995e-01
1.902398765087127686e-01
9.264772385358810425e-02
4.109983891248703003e-02
6.171339750289916992e-01
2.350047677755355835e-01
6.991024017333984375e-01
2.289734780788421631e-01
1.871164888143539429e-01
9.779108315706253052e-02
4.330512881278991699e-02
6.349879503250122070e-01
2.446020394563674927e-01
7.268101572990417480e-01
2.364501059055328369e-01
1.913481056690216064e-01
9.961756318807601929e-02
3.984461352229118347e-02
6.336620450019836426e-01
2.702486515045166016e-01
7.256620526313781738e-01
2.513895630836486816e-01
1.959048658609390259e-01
9.684378653764724731e-02
4.085854813456535339e-02
6.377580761909484863e-01
2.748459279537200928e-01
7.075189352035522461e-01
2.463800311088562012e-01
1.807430088520050049e-01
1.012218371033668518e-01
4.031107574701309204e-02
6.339633464813232422e-01
2.908399701118469238e-01
6.987053155899047852e-01
2.676934301853179932e-01
1.776959896087646484e-01
9.879095107316970825e-02
3.946362063288688660e-02
6.124682426452636719e-01
2.422080934047698975e-01
6.898360252380371094e-01
2.312948405742645264e-01
1.812077164649963379e-01
1.005113273859024048e-01
3.902254253625869751e-02
6.140155792236328125e-01
2.557080686092376709e-01
7.002685666084289551e-01
2.422424554824829102e-01
1.805514842271804810e-01
1.019677892327308655e-01
3.938756510615348816e-02
5.722523927688598633e-01
2.465973794460296631e-01
6.513260602951049805e-01
2.361725419759750366e-01
1.903646290302276611e-01
1.054534465074539185e-01
4.040488973259925842e-02
5.822948217391967773e-01
2.397639155387878418e-01
6.532040834426879883e-01
2.382266819477081299e-01
1.947738528251647949e-01
9.929409623146057129e-02
3.981026634573936462e-02
5.709063410758972168e-01
2.405399978160858154e-01
6.429699063301086426e-01
2.350778281688690186e-01
1.950600892305374146e-01
1.040541008114814758e-01
3.999014943838119507e-02
5.677329897880554199e-01
2.578686773777008057e-01
6.475178003311157227e-01
2.431191951036453247e-01
1.866918951272964478e-01
9.412123262882232666e-02
3.983408957719802856e-02
5.762847065925598145e-01
2.536492943763732910e-01
6.523334383964538574e-01
2.331002354621887207e-01
1.870052516460418701e-01
9.897529333829879761e-02
3.977819532155990601e-02
5.757424235343933105e-01
2.309993952512741089e-01
6.510380506515502930e-01
2.279510200023651123e-01
1.686660498380661011e-01
9.516759216785430908e-02
4.013998806476593018e-02
5.809316039085388184e-01
2.289925515651702881e-01
6.573792695999145508e-01
2.328084707260131836e-01
1.681208908557891846e-01
9.573128074407577515e-02
4.027147591114044189e-02
5.654088258743286133e-01
2.343316972255706787e-01
6.353961229324340820e-01
2.357743084430694580e-01
1.648028492927551270e-01
9.147481620311737061e-02
4.079404473304748535e-02
5.691565275192260742e-01
2.334637343883514404e-01
6.340876221656799316e-01
2.337509840726852417e-01
1.600029617547988892e-01
8.724672347307205200e-02
4.065667837858200073e-02
5.739814639091491699e-01
2.381195276975631714e-01
6.358758211135864258e-01
2.398150563240051270e-01
1.535634696483612061e-01
9.198120981454849243e-02
4.095622897148132324e-02
5.587671995162963867e-01
2.353199571371078491e-01
6.271192431449890137e-01
2.365969717502593994e-01
1.469399183988571167e-01
8.881258964538574219e-02
4.123091697692871094e-02
5.676773786544799805e-01
2.406835258007049561e-01
6.376110315322875977e-01
2.383265197277069092e-01
1.473548114299774170e-01
9.314735978841781616e-02
4.159321635961532593e-02
5.713546276092529297e-01
2.334791868925094604e-01
6.426167488098144531e-01
2.374722659587860107e-01
1.557905972003936768e-01
1.314828097820281982e-01
4.186185076832771301e-02
5.991694331169128418e-01
2.324394434690475464e-01
6.650840044021606445e-01
2.337056398391723633e-01
1.423413455486297607e-01
8.821140974760055542e-02
4.363010451197624207e-02
5.784217119216918945e-01
2.320578843355178833e-01
6.574850082397460938e-01
2.401160001754760742e-01
1.416497975587844849e-01
8.779602497816085815e-02
4.294019937515258789e-02
5.669915080070495605e-01
2.350436449050903320e-01
6.440905332565307617e-01
2.378722131252288818e-01
1.452598422765731812e-01
8.297757059335708618e-02
4.418792575597763062e-02
5.697941780090332031e-01
2.302608489990234375e-01
6.306743621826171875e-01
2.321788668632507324e-01
1.481232941150665283e-01
7.986542582511901855e-02
4.658340290188789368e-02
5.686543583869934082e-01
2.349759936332702637e-01
6.456952691078186035e-01
2.402527630329132080e-01
1.466692239046096802e-01
8.086432516574859619e-02
4.883650317788124084e-02
5.862632989883422852e-01
2.317155599594116211e-01
6.376498341560363770e-01
2.392524480819702148e-01
1.481622904539108276e-01
7.905752211809158325e-02
4.981222748756408691e-02
5.922607183456420898e-01
2.375575751066207886e-01
6.586149334907531738e-01
2.461606711149215698e-01
1.421937197446823120e-01
7.565800100564956665e-02
4.976240918040275574e-02
5.736026763916015625e-01
2.305761575698852539e-01
6.450308561325073242e-01
2.346608787775039673e-01
1.423234343528747559e-01
7.693209499120712280e-02
5.189328640699386597e-02
5.978704094886779785e-01
2.371585667133331299e-01
6.419113874435424805e-01
2.456576079130172729e-01
1.447416543960571289e-01
7.330256700515747070e-02
5.984916165471076965e-02
5.975598096847534180e-01
2.434455752372741699e-01
6.610747575759887695e-01
2.508752346038818359e-01
1.435798108577728271e-01
7.513576745986938477e-02
5.233220756053924561e-02
6.004056334495544434e-01
2.463373839855194092e-01
6.700231432914733887e-01
2.547494471073150635e-01
1.462807208299636841e-01
7.431468367576599121e-02
5.124525353312492371e-02
6.041628718376159668e-01
2.491402924060821533e-01
6.643571257591247559e-01
2.564001977443695068e-01
1.463870704174041748e-01
7.709709554910659790e-02
5.336675792932510376e-02
5.922617912292480469e-01
2.474261075258255005e-01
6.620101928710937500e-01
2.646825909614562988e-01
1.561779230833053589e-01
7.219867408275604248e-02
5.221625789999961853e-02
6.073599457740783691e-01
2.533754706382751465e-01
6.714392900466918945e-01
2.555548250675201416e-01
1.442988216876983643e-01
7.204366475343704224e-02
4.933419078588485718e-02
6.153606772422790527e-01
2.536555826663970947e-01
6.636790633201599121e-01
2.643139660358428955e-01
1.446566432714462280e-01
7.637199759483337402e-02
4.923446848988533020e-02
6.068220734596252441e-01
2.602033913135528564e-01
6.765795350074768066e-01
2.647793292999267578e-01
1.357614994049072266e-01
7.492122799158096313e-02
4.830345138907432556e-02
5.842667818069458008e-01
2.748086154460906982e-01
6.607697606086730957e-01
2.911363542079925537e-01
1.352642625570297241e-01
7.091708481311798096e-02
4.822464287281036377e-02
5.747519731521606445e-01
2.441703528165817261e-01
6.439464092254638672e-01
2.599765360355377197e-01
1.364113688468933105e-01
7.367013394832611084e-02
4.785807430744171143e-02
5.700646638870239258e-01
2.321543991565704346e-01
6.360914707183837891e-01
2.373526245355606079e-01
1.465774029493331909e-01
7.077974081039428711e-02
4.735915362834930420e-02
5.816106200218200684e-01
2.353320419788360596e-01
6.493843793869018555e-01
2.355080991983413696e-01
1.345415860414505005e-01
7.270540297031402588e-02
4.704680293798446655e-02
6.038492918014526367e-01
2.469193786382675171e-01
6.686885356903076172e-01
2.456359863281250000e-01
1.357579678297042847e-01
7.315716147422790527e-02
4.800706729292869568e-02
5.979579687118530273e-01
2.479127198457717896e-01
6.645911335945129395e-01
2.498816549777984619e-01
1.324430704116821289e-01
7.237259298563003540e-02
4.621436074376106262e-02
6.103199720382690430e-01
2.440650612115859985e-01
6.724178791046142578e-01
2.470816820859909058e-01
1.343949139118194580e-01
8.165702223777770996e-02
4.796978831291198730e-02
5.929680466651916504e-01
2.385152131319046021e-01
6.501504778861999512e-01
2.414413243532180786e-01
1.457930356264114380e-01
7.713057845830917358e-02
4.705277457833290100e-02
5.606859922409057617e-01
2.382815182209014893e-01
6.167259216308593750e-01
2.414874136447906494e-01
1.249480620026588440e-01
6.939732283353805542e-02
4.555873572826385498e-02
5.397200584411621094e-01
2.416045814752578735e-01
5.874460935592651367e-01
2.470080256462097168e-01
1.243130117654800415e-01
7.084487378597259521e-02
4.613391682505607605e-02
5.345988273620605469e-01
2.448579668998718262e-01
5.863801240921020508e-01
2.488855123519897461e-01
1.245135813951492310e-01
6.766849756240844727e-02
4.656894132494926453e-02
5.522770881652832031e-01
2.485710829496383667e-01
6.215681433677673340e-01
2.561503946781158447e-01
1.274033635854721069e-01
7.010465860366821289e-02
4.758580401539802551e-02
5.762327313423156738e-01
2.581139206886291504e-01
6.332346796989440918e-01
2.527635097503662109e-01
1.299882233142852783e-01
7.119046151638031006e-02
5.045976489782333374e-02
5.984037518501281738e-01
2.536208629608154297e-01
6.600489616394042969e-01
2.529070079326629639e-01
1.272833645343780518e-01
7.019751518964767456e-02
5.625615268945693970e-02
5.854721665382385254e-01
2.489936947822570801e-01
6.533396840095520020e-01
2.468873858451843262e-01
1.259236782789230347e-01
6.999835371971130371e-02
5.256653949618339539e-02
5.705124139785766602e-01
2.566189169883728027e-01
6.465588808059692383e-01
2.525679767131805420e-01
1.262679100036621094e-01
7.021430879831314087e-02
5.342659354209899902e-02
5.954539179801940918e-01
2.533824443817138672e-01
6.326708793640136719e-01
2.443628311157226562e-01
1.184851899743080139e-01
6.794227659702301025e-02
5.733575671911239624e-02
5.934206247329711914e-01
2.662622630596160889e-01
6.622112989425659180e-01
2.558337450027465820e-01
1.188844740390777588e-01
7.028366625308990479e-02
6.367295980453491211e-02
5.884793400764465332e-01
2.644656002521514893e-01
6.598610877990722656e-01
2.556527853012084961e-01
1.216835528612136841e-01
7.260039448738098145e-02
5.863131955265998840e-02
5.910087823867797852e-01
2.694930434226989746e-01
6.582735776901245117e-01
2.576861083507537842e-01
1.206706613302230835e-01
7.228280603885650635e-02
5.699839070439338684e-02
5.994145274162292480e-01
2.757506072521209717e-01
6.668223142623901367e-01
2.658801376819610596e-01
1.263851821422576904e-01
7.438248395919799805e-02
5.389080196619033813e-02
6.152917742729187012e-01
2.778995037078857422e-01
6.740805506706237793e-01
2.579824030399322510e-01
1.233828067779541016e-01
6.881761550903320312e-02
5.347922444343566895e-02
6.167251467704772949e-01
2.679479122161865234e-01
6.859457492828369141e-01
2.592221200466156006e-01
1.198003664612770081e-01
6.928511708974838257e-02
5.538610741496086121e-02
6.410310864448547363e-01
2.723717987537384033e-01
7.112011909484863281e-01
2.606581747531890869e-01
1.209239289164543152e-01
6.763059645891189575e-02
5.638303607702255249e-02
6.418129801750183105e-01
2.775440812110900879e-01
7.091076970100402832e-01
2.686212360858917236e-01
1.197497248649597168e-01
6.816302239894866943e-02
5.971327424049377441e-02
6.464530229568481445e-01
2.766294479370117188e-01
7.150838971138000488e-01
2.654444873332977295e-01
1.200325861573219299e-01
6.559410691261291504e-02
5.952164158225059509e-02
6.349963545799255371e-01
2.670350372791290283e-01
7.045580744743347168e-01
2.618023455142974854e-01
1.193758323788642883e-01
6.592001765966415405e-02
5.909891426563262939e-02
6.238093376159667969e-01
2.655717432498931885e-01
6.885469555854797363e-01
2.603067755699157715e-01
1.182249635457992554e-01
6.974312663078308105e-02
5.873455479741096497e-02
6.464101672172546387e-01
2.668375372886657715e-01
7.160316705703735352e-01
2.585209310054779053e-01
1.208224296569824219e-01
6.407390534877777100e-02
5.733503028750419617e-02
6.461594700813293457e-01
2.665556371212005615e-01
7.155135273933410645e-01
2.571762204170227051e-01
1.227913573384284973e-01
6.576887518167495728e-02
5.838467553257942200e-02
6.451863646507263184e-01
2.650994658470153809e-01
7.067866921424865723e-01
2.556547522544860840e-01
1.249550506472587585e-01
6.532439589500427246e-02
5.611798912286758423e-02
6.310664415359497070e-01
2.604234218597412109e-01
6.976038217544555664e-01
2.560716271400451660e-01
1.189699172973632812e-01
6.613866984844207764e-02
5.671946331858634949e-02
6.434337496757507324e-01
2.583235800266265869e-01
7.042645215988159180e-01
2.598498761653900146e-01
1.186612695455551147e-01
6.499996781349182129e-02
5.463657900691032410e-02
5.984556078910827637e-01
2.579034566879272461e-01
6.664475202560424805e-01
2.511339783668518066e-01
1.184600442647933960e-01
6.337799131870269775e-02
5.420769006013870239e-02
6.059165000915527344e-01
2.683846950531005859e-01
6.707069873809814453e-01
2.581238746643066406e-01
1.205212026834487915e-01
6.395530700683593750e-02
5.665326863527297974e-02
6.065329909324645996e-01
2.643349468708038330e-01
6.773833036422729492e-01
2.556342482566833496e-01
1.289210766553878784e-01
6.808254867792129517e-02
5.652177333831787109e-02
6.435192823410034180e-01
2.661898732185363770e-01
7.015845179557800293e-01
2.550849318504333496e-01
1.351498961448669434e-01
6.484506279230117798e-02
5.532228201627731323e-02
6.700180768966674805e-01
2.715082466602325439e-01
7.323099970817565918e-01
2.609081268310546875e-01
1.297871470451354980e-01
6.597889214754104614e-02
5.870787799358367920e-02
6.478239893913269043e-01
2.724798619747161865e-01
7.136125564575195312e-01
2.657453715801239014e-01
1.281667649745941162e-01
6.911665946245193481e-02
5.995380878448486328e-02
6.543451547622680664e-01
2.872522473335266113e-01
7.015526294708251953e-01
2.841964960098266602e-01
1.435528844594955444e-01
7.120910286903381348e-02
6.307789683341979980e-02
6.415657997131347656e-01
3.143656849861145020e-01
6.788927912712097168e-01
3.088444471359252930e-01
1.408635377883911133e-01
7.123039662837982178e-02
6.717055290937423706e-02
6.453411579132080078e-01
3.051523566246032715e-01
6.949720978736877441e-01
2.957977652549743652e-01
1.411762982606887817e-01
7.055442035198211670e-02
6.854365020990371704e-02
6.357863545417785645e-01
2.886539995670318604e-01
7.009931206703186035e-01
2.769728600978851318e-01
1.352936476469039917e-01
7.683893293142318726e-02
6.657365709543228149e-02
6.246178150177001953e-01
2.894864380359649658e-01
7.034047245979309082e-01
2.609916329383850098e-01
1.348050385713577271e-01
7.262586057186126709e-02
7.172025740146636963e-02
6.169279217720031738e-01
2.678926885128021240e-01
6.771103739738464355e-01
2.650612294673919678e-01
1.293276846408843994e-01
6.996981054544448853e-02
6.871953606605529785e-02
6.193737387657165527e-01
2.841538488864898682e-01
6.747142076492309570e-01
2.728306055068969727e-01
1.256062388420104980e-01
6.996168196201324463e-02
7.093692570924758911e-02
6.040862202644348145e-01
2.741053998470306396e-01
6.631020307540893555e-01
2.580323517322540283e-01
1.295912116765975952e-01
6.859127432107925415e-02
7.117635011672973633e-02
6.134988665580749512e-01
2.666213214397430420e-01
6.717928051948547363e-01
2.602709233760833740e-01
1.266806721687316895e-01
6.821858137845993042e-02
7.129222899675369263e-02
6.119261384010314941e-01
2.659794390201568604e-01
6.708811521530151367e-01
2.509601712226867676e-01
1.250161230564117432e-01
7.082112878561019897e-02
6.936367601156234741e-02
5.935860872268676758e-01
2.763790488243103027e-01
6.501563191413879395e-01
2.596303820610046387e-01
1.364466995000839233e-01
6.968230009078979492e-02
6.498868018388748169e-02
5.948214530944824219e-01
2.781683504581451416e-01
6.494849920272827148e-01
2.698764204978942871e-01
1.389443576335906982e-01
7.035337388515472412e-02
6.470684707164764404e-02
5.816154479980468750e-01
2.861145138740539551e-01
6.336282491683959961e-01
2.693135142326354980e-01
1.332565099000930786e-01
6.611047685146331787e-02
6.458991765975952148e-02
6.070994138717651367e-01
2.824869453907012939e-01
6.641215085983276367e-01
2.672799229621887207e-01
1.319461613893508911e-01
7.070323079824447632e-02
6.666892766952514648e-02
6.076791882514953613e-01
2.802238464355468750e-01
6.643937826156616211e-01
2.669821381568908691e-01
1.378006190061569214e-01
7.289393991231918335e-02
6.784030050039291382e-02
6.288143992424011230e-01
2.948946356773376465e-01
6.887730360031127930e-01
2.747613489627838135e-01
1.438110172748565674e-01
7.050872594118118286e-02
6.965119391679763794e-02
6.081198453903198242e-01
2.873368561267852783e-01
6.714335680007934570e-01
2.749953567981719971e-01
1.289188563823699951e-01
7.016164064407348633e-02
6.251815706491470337e-02
6.253294348716735840e-01
2.845558822154998779e-01
6.860188245773315430e-01
2.686804234981536865e-01
1.249292790889739990e-01
6.832580268383026123e-02
6.069130450487136841e-02
5.940257310867309570e-01
2.723478972911834717e-01
6.637390255928039551e-01
2.607778906822204590e-01
1.363440752029418945e-01
7.331977784633636475e-02
4.942830279469490051e-02
5.818731188774108887e-01
2.871872484683990479e-01
6.464398503303527832e-01
2.697753608226776123e-01
1.266511082649230957e-01
6.915599852800369263e-02
5.693893134593963623e-02
5.677164793014526367e-01
2.894157767295837402e-01
6.463230848312377930e-01
2.772183120250701904e-01
1.232658550143241882e-01
6.728997081518173218e-02
4.872649163007736206e-02
5.655619502067565918e-01
2.682436406612396240e-01
6.297129988670349121e-01
2.501456141471862793e-01
1.244244575500488281e-01
6.727010756731033325e-02
4.931528866291046143e-02
5.268036127090454102e-01
2.641696929931640625e-01
5.833489298820495605e-01
2.493421882390975952e-01
1.209410503506660461e-01
6.914392858743667603e-02
5.098282545804977417e-02
5.514962077140808105e-01
2.556043565273284912e-01
6.206202507019042969e-01
2.440457642078399658e-01
1.206927746534347534e-01
6.798590719699859619e-02
4.446285590529441833e-02
5.370044112205505371e-01
2.567687034606933594e-01
6.061695218086242676e-01
2.493046373128890991e-01
1.261384934186935425e-01
6.993053853511810303e-02
4.818906262516975403e-02
5.327633619308471680e-01
2.575999498367309570e-01
6.028301715850830078e-01
2.480323463678359985e-01
1.237492561340332031e-01
6.873549520969390869e-02
5.571347102522850037e-02
5.434787273406982422e-01
2.580360770225524902e-01
5.995244979858398438e-01
2.520453035831451416e-01
1.332895606756210327e-01
6.955288350582122803e-02
5.083431676030158997e-02
5.479946732521057129e-01
2.597970366477966309e-01
6.100793480873107910e-01
2.474520951509475708e-01
1.310107409954071045e-01
7.540711760520935059e-02
5.552152916789054871e-02
5.569020509719848633e-01
2.638044059276580811e-01
5.998243689537048340e-01
2.490013688802719116e-01
1.256240904331207275e-01
7.184117287397384644e-02
5.272317677736282349e-02
5.459840893745422363e-01
2.687409520149230957e-01
6.184089779853820801e-01
2.496625632047653198e-01
1.262581497430801392e-01
7.000875473022460938e-02
5.378540232777595520e-02
5.596632361412048340e-01
2.645146250724792480e-01
6.256960630416870117e-01
2.530276477336883545e-01
1.299784928560256958e-01
7.415510714054107666e-02
5.436331778764724731e-02
5.678009986877441406e-01
2.679725289344787598e-01
6.274119615554809570e-01
2.596282362937927246e-01
1.268144398927688599e-01
7.088699936866760254e-02
4.675458371639251709e-02
5.555730462074279785e-01
2.714288234710693359e-01
6.284400224685668945e-01
2.562341690063476562e-01
1.269841939210891724e-01
7.277328521013259888e-02
4.518187418580055237e-02
5.494507551193237305e-01
2.702755928039550781e-01
6.117115616798400879e-01
2.529884874820709229e-01
1.301835179328918457e-01
7.482656091451644897e-02
4.779827594757080078e-02
5.401934385299682617e-01
2.626746296882629395e-01
6.029454469680786133e-01
2.495476454496383667e-01
1.312985569238662720e-01
7.364009320735931396e-02
3.393912687897682190e-02
5.533840060234069824e-01
2.722843289375305176e-01
6.138165593147277832e-01
2.536787390708923340e-01
1.281538754701614380e-01
7.403027266263961792e-02
3.873582556843757629e-02
5.666123628616333008e-01
2.654698789119720459e-01
6.260638236999511719e-01
2.559205889701843262e-01
1.256296932697296143e-01
7.005839049816131592e-02
3.576553612947463989e-02
5.840504765510559082e-01
2.735864818096160889e-01
6.542072892189025879e-01
2.614455521106719971e-01
1.267631351947784424e-01
6.965136528015136719e-02
3.549462184309959412e-02
5.763151049613952637e-01
2.643021345138549805e-01
6.372236013412475586e-01
2.523077130317687988e-01
1.336812227964401245e-01
7.125204801559448242e-02
3.399517387151718140e-02
5.601720809936523438e-01
2.727629840373992920e-01
6.207197904586791992e-01
2.629339993000030518e-01
1.387346684932708740e-01
7.167725265026092529e-02
3.292541205883026123e-02
5.659338831901550293e-01
2.759057581424713135e-01
6.204828619956970215e-01
2.625660598278045654e-01
1.335852146148681641e-01
7.582534104585647583e-02
3.712386265397071838e-02
5.476335883140563965e-01
2.595584392547607422e-01
6.176086068153381348e-01
2.517294287681579590e-01
1.299413889646530151e-01
7.267210632562637329e-02
3.483804687857627869e-02
5.402460694313049316e-01
2.684183716773986816e-01
5.975603461265563965e-01
2.537972629070281982e-01
1.312793344259262085e-01
7.793338596820831299e-02
3.180762380361557007e-02
5.576767921447753906e-01
2.600866258144378662e-01
6.199130415916442871e-01
2.529563605785369873e-01
1.190261989831924438e-01
7.643400132656097412e-02
3.281176835298538208e-02
5.810699462890625000e-01
2.574362158775329590e-01
6.217781901359558105e-01
2.534826695919036865e-01
1.216053962707519531e-01
7.032064348459243774e-02
3.394314646720886230e-02
6.350829005241394043e-01
2.529447376728057861e-01
6.746573448181152344e-01
2.470222264528274536e-01
1.269204318523406982e-01
7.119691371917724609e-02
3.246396780014038086e-02
6.506274342536926270e-01
2.528947293758392334e-01
7.004983425140380859e-01
2.509492635726928711e-01
1.222902908921241760e-01
6.955497711896896362e-02
3.401799499988555908e-02
6.093447804450988770e-01
2.532415390014648438e-01
6.825417280197143555e-01
2.548124790191650391e-01
1.211181804537773132e-01
6.909089535474777222e-02
3.296815603971481323e-02
6.354578137397766113e-01
2.542630732059478760e-01
6.953446269035339355e-01
2.559208869934082031e-01
1.235689222812652588e-01
6.977197527885437012e-02
3.320746868848800659e-02
6.503949165344238281e-01
2.743012011051177979e-01
7.117630839347839355e-01
2.716753482818603516e-01
1.209737434983253479e-01
6.851542741060256958e-02
3.340251743793487549e-02
6.797052025794982910e-01
2.634857594966888428e-01
7.313265800476074219e-01
2.704709470272064209e-01
1.221797615289688110e-01
7.060200721025466919e-02
3.432850912213325500e-02
6.916025876998901367e-01
2.625110745429992676e-01
7.512289881706237793e-01
2.658787965774536133e-01
1.245776340365409851e-01
6.821189075708389282e-02
3.375493735074996948e-02
7.022677659988403320e-01
2.509766221046447754e-01
7.686417102813720703e-01
2.709563970565795898e-01
1.231856569647789001e-01
6.996580213308334351e-02
3.563299775123596191e-02
6.850684285163879395e-01
2.623350918292999268e-01
7.549743652343750000e-01
2.599911093711853027e-01
1.262746751308441162e-01
6.892646104097366333e-02
3.521494567394256592e-02
7.070844769477844238e-01
2.694158554077148438e-01
7.733464837074279785e-01
2.693641185760498047e-01
1.293884515762329102e-01
6.763205677270889282e-02
3.364200890064239502e-02
7.095090150833129883e-01
2.640237212181091309e-01
7.731059193611145020e-01
2.687382698059082031e-01
1.271495223045349121e-01
6.803677231073379517e-02
3.401520103216171265e-02
7.203254699707031250e-01
2.733342647552490234e-01
7.874463200569152832e-01
2.671852111816406250e-01
1.264300346374511719e-01
6.950633972883224487e-02
3.466629981994628906e-02
7.127953767776489258e-01
2.658324539661407471e-01
7.729216217994689941e-01
2.672470510005950928e-01
1.268980950117111206e-01
6.872548162937164307e-02
3.368996456265449524e-02
7.085871100425720215e-01
2.713798284530639648e-01
7.713586091995239258e-01
2.700959742069244385e-01
1.280528455972671509e-01
6.959661841392517090e-02
3.460725024342536926e-02
7.079141736030578613e-01
2.696192860603332520e-01
7.724307775497436523e-01
2.746380567550659180e-01
1.321636140346527100e-01
7.030788064002990723e-02
3.722954913973808289e-02
7.214252948760986328e-01
2.721878588199615479e-01
7.843222618103027344e-01
2.767795324325561523e-01
1.320544630289077759e-01
6.795950233936309814e-02
3.356796875596046448e-02
7.271726131439208984e-01
2.725246250629425049e-01
7.919017076492309570e-01
2.900277674198150635e-01
1.381175816059112549e-01
6.838555634021759033e-02
3.530748188495635986e-02
7.168343067169189453e-01
2.812926173210144043e-01
7.847529053688049316e-01
2.808904647827148438e-01
1.390101611614227295e-01
6.871826946735382080e-02
3.444553166627883911e-02
7.032247185707092285e-01
2.798261046409606934e-01
7.772766351699829102e-01
2.850034236907958984e-01
1.400053501129150391e-01
6.915818154811859131e-02
3.460921719670295715e-02
7.131748199462890625e-01
2.798380255699157715e-01
7.920835614204406738e-01
2.834177911281585693e-01
1.354403793811798096e-01
6.960870325565338135e-02
3.454032912850379944e-02
7.145084142684936523e-01
2.783998847007751465e-01
7.740687131881713867e-01
2.820552289485931396e-01
1.347655057907104492e-01
6.843440979719161987e-02
3.389299288392066956e-02
6.792074441909790039e-01
2.770783007144927979e-01
7.546000480651855469e-01
2.800005078315734863e-01
1.420154422521591187e-01
6.938011944293975830e-02
3.380009159445762634e-02
6.883648633956909180e-01
2.841523587703704834e-01
7.302391529083251953e-01
2.866677939891815186e-01
1.554029732942581177e-01
6.856141239404678345e-02
3.360462561249732971e-02
6.201460957527160645e-01
2.802858352661132812e-01
6.785807609558105469e-01
2.932572960853576660e-01
1.643197387456893921e-01
6.968642026185989380e-02
3.589385002851486206e-02
6.025638580322265625e-01
2.734242975711822510e-01
6.322712898254394531e-01
2.788086533546447754e-01
1.680910289287567139e-01
6.997719407081604004e-02
3.531256318092346191e-02
5.856518745422363281e-01
2.715479135513305664e-01
6.161051988601684570e-01
2.802195847034454346e-01
1.775227040052413940e-01
7.272811979055404663e-02
3.381345793604850769e-02
5.742879509925842285e-01
2.772450745105743408e-01
6.243445277214050293e-01
2.872685492038726807e-01
1.926928907632827759e-01
7.233981043100357056e-02
3.295652940869331360e-02
5.984435081481933594e-01
2.852381467819213867e-01
6.612431406974792480e-01
2.919267416000366211e-01
1.838877946138381958e-01
7.200679928064346313e-02
3.209675475955009460e-02
6.336671710014343262e-01
2.807513773441314697e-01
7.010869383811950684e-01
2.855758070945739746e-01
1.723207086324691772e-01
7.386189699172973633e-02
3.294416144490242004e-02
6.443535089492797852e-01
2.935077548027038574e-01
7.041474580764770508e-01
2.948666214942932129e-01
1.823055595159530640e-01
7.402531802654266357e-02
3.295754641294479370e-02
6.627361178398132324e-01
2.998376190662384033e-01
7.196798324584960938e-01
3.074784874916076660e-01
1.866791397333145142e-01
7.706280797719955444e-02
3.330009430646896362e-02
6.579259037971496582e-01
3.157287240028381348e-01
7.120536565780639648e-01
3.312458992004394531e-01
2.023268193006515503e-01
8.072081953287124634e-02
3.415472060441970825e-02
6.390848159790039062e-01
3.450053930282592773e-01
7.075383067131042480e-01
3.220681250095367432e-01
2.391314953565597534e-01
8.225202560424804688e-02
3.405308723449707031e-02
6.398032307624816895e-01
3.332646787166595459e-01
7.041462659835815430e-01
3.300160169601440430e-01
2.584843039512634277e-01
8.320249617099761963e-02
3.332668170332908630e-02
6.356089711189270020e-01
3.406080603599548340e-01
6.962845921516418457e-01
3.539735674858093262e-01
2.659690082073211670e-01
8.331201225519180298e-02
3.668114170432090759e-02
6.147663593292236328e-01
3.601830601692199707e-01
6.769190430641174316e-01
3.540224730968475342e-01
2.701865732669830322e-01
8.489257842302322388e-02
3.478885442018508911e-02
5.918631553649902344e-01
3.448359966278076172e-01
6.554810404777526855e-01
3.484483361244201660e-01
2.645258605480194092e-01
8.646073192358016968e-02
3.518809378147125244e-02
6.039065122604370117e-01
3.490810990333557129e-01
6.611486077308654785e-01
3.513287901878356934e-01
2.633657455444335938e-01
8.366524428129196167e-02
3.385780006647109985e-02
6.274994015693664551e-01
3.528661429882049561e-01
6.815896034240722656e-01
3.599196076393127441e-01
2.557517886161804199e-01
8.105351030826568604e-02
3.393492102622985840e-02
6.299492716789245605e-01
3.586423397064208984e-01
6.854614615440368652e-01
3.652125895023345947e-01
2.286650985479354858e-01
8.505491167306900024e-02
3.176492080092430115e-02
6.387654542922973633e-01
3.450825810432434082e-01
6.986489892005920410e-01
3.585745990276336670e-01
2.376155108213424683e-01
8.437591791152954102e-02
3.114620782434940338e-02
6.244015693664550781e-01
3.421231210231781006e-01
6.783073544502258301e-01
3.435696661472320557e-01
2.333218455314636230e-01
8.304403722286224365e-02
3.116855770349502563e-02
6.094033122062683105e-01
3.390715718269348145e-01
6.651608347892761230e-01
3.494385182857513428e-01
2.435547262430191040e-01
8.148954808712005615e-02
3.140849247574806213e-02
5.842474699020385742e-01
3.311892151832580566e-01
6.475363969802856445e-01
3.434588909149169922e-01
2.250015884637832642e-01
8.343267440795898438e-02
3.121899627149105072e-02
5.883771777153015137e-01
3.396581113338470459e-01
6.345322132110595703e-01
3.550508618354797363e-01
2.039536982774734497e-01
8.259803056716918945e-02
3.211096674203872681e-02
5.923016667366027832e-01
3.505563437938690186e-01
6.443010568618774414e-01
3.423428237438201904e-01
1.829353123903274536e-01
8.453701436519622803e-02
3.193077817559242249e-02
6.164584159851074219e-01
3.336715102195739746e-01
6.777921319007873535e-01
3.382851183414459229e-01
1.673272997140884399e-01
8.080595731735229492e-02
3.259145468473434448e-02
6.586747765541076660e-01
3.540514409542083740e-01
6.260096430778503418e-01
3.657558262348175049e-01
1.884008795022964478e-01
7.959479093551635742e-02
3.177208453416824341e-02
5.531439781188964844e-01
3.404647707939147949e-01
5.632283687591552734e-01
3.497356772422790527e-01
1.891367137432098389e-01
8.050872385501861572e-02
3.328817710280418396e-02
5.542446374893188477e-01
3.510569930076599121e-01
5.604618787765502930e-01
3.577178418636322021e-01
1.807662397623062134e-01
8.256983757019042969e-02
3.147315233945846558e-02
5.406492948532104492e-01
3.733378946781158447e-01
5.663580894470214844e-01
3.880624771118164062e-01
1.821264475584030151e-01
8.741471916437149048e-02
3.053076006472110748e-02
5.267871022224426270e-01
3.781569898128509521e-01
5.563867688179016113e-01
3.976520895957946777e-01
1.835394799709320068e-01
8.242217451333999634e-02
2.988935634493827820e-02
5.241782069206237793e-01
3.502652943134307861e-01
5.461745262145996094e-01
3.683440685272216797e-01
1.663594543933868408e-01
7.995549589395523071e-02
3.055570833384990692e-02
5.221719145774841309e-01
3.282942175865173340e-01
5.570906400680541992e-01
3.298401534557342529e-01
1.745663285255432129e-01
8.010119944810867310e-02
3.219018876552581787e-02
5.090035200119018555e-01
3.196687698364257812e-01
5.357870459556579590e-01
3.177872896194458008e-01
1.596740037202835083e-01
7.953391969203948975e-02
2.906260639429092407e-02
5.006436705589294434e-01
3.047218918800354004e-01
5.199033021926879883e-01
2.966354787349700928e-01
1.438740789890289307e-01
8.402146399021148682e-02
3.367073088884353638e-02
5.145564675331115723e-01
2.684703469276428223e-01
5.519243478775024414e-01
2.875774800777435303e-01
1.505686044692993164e-01
7.699155807495117188e-02
3.071924112737178802e-02
5.364093780517578125e-01
2.872286438941955566e-01
5.630627870559692383e-01
2.778615951538085938e-01
1.523823440074920654e-01
7.770942151546478271e-02
2.942795492708683014e-02
5.186915397644042969e-01
2.951853573322296143e-01
5.507357716560363770e-01
2.822810411453247070e-01
1.520758867263793945e-01
8.228401094675064087e-02
3.393901512026786804e-02
5.017830729484558105e-01
2.751585841178894043e-01
5.368235707283020020e-01
2.705845832824707031e-01
1.527912318706512451e-01
7.976998388767242432e-02
2.889235503971576691e-02
4.887849390506744385e-01
2.866599261760711670e-01
5.196365118026733398e-01
2.889499068260192871e-01
1.569595634937286377e-01
8.451835066080093384e-02
2.981110475957393646e-02
5.037190914154052734e-01
2.939659655094146729e-01
5.364770889282226562e-01
2.937308251857757568e-01
1.506918966770172119e-01
8.327814936637878418e-02
2.820782363414764404e-02
5.052486658096313477e-01
2.926091253757476807e-01
5.366932749748229980e-01
2.982718646526336670e-01
1.549393087625503540e-01
8.004251867532730103e-02
2.865784987807273865e-02
5.234603285789489746e-01
2.973245084285736084e-01
5.558640956878662109e-01
2.978536486625671387e-01
1.569958627223968506e-01
8.314081281423568726e-02
2.897071279585361481e-02
5.373890995979309082e-01
2.929262816905975342e-01
5.725941658020019531e-01
2.931840121746063232e-01
1.642933934926986694e-01
8.395806699991226196e-02
2.847919613122940063e-02
5.254530310630798340e-01
2.883315682411193848e-01
5.541135668754577637e-01
2.963814735412597656e-01
1.594987660646438599e-01
8.920218795537948608e-02
2.886736392974853516e-02
5.131217241287231445e-01
2.852083742618560791e-01
5.449671745300292969e-01
2.846750617027282715e-01
1.660097688436508179e-01
8.478140085935592651e-02
2.835365198552608490e-02
5.000054240226745605e-01
2.935553491115570068e-01
5.151035785675048828e-01
2.929708957672119141e-01
1.599268913269042969e-01
8.143717050552368164e-02
2.761177718639373779e-02
4.843980669975280762e-01
2.879133820533752441e-01
5.306099057197570801e-01
2.875312268733978271e-01
1.645027399063110352e-01
8.800365775823593140e-02
2.811404131352901459e-02
4.713256061077117920e-01
2.839624285697937012e-01
4.948228299617767334e-01
2.829595506191253662e-01
1.482569128274917603e-01
8.691739290952682495e-02
2.962656877934932709e-02
4.781454205513000488e-01
2.905552983283996582e-01
5.128976106643676758e-01
2.952699959278106689e-01
1.518667042255401611e-01
8.384169638156890869e-02
2.962453663349151611e-02
4.809077680110931396e-01
2.974012494087219238e-01
5.274420380592346191e-01
3.007138967514038086e-01
1.474331617355346680e-01
7.605556398630142212e-02
2.909070625901222229e-02
5.020563006401062012e-01
2.858926355838775635e-01
5.273072123527526855e-01
3.064542412757873535e-01
1.622818559408187866e-01
8.445962518453598022e-02
2.888009138405323029e-02
5.974640846252441406e-01
3.807445168495178223e-01
5.897593498229980469e-01
3.135147690773010254e-01
1.594062000513076782e-01
8.176334947347640991e-02
2.892164885997772217e-02
5.917390584945678711e-01
3.629288971424102783e-01
6.350175738334655762e-01
4.280208349227905273e-01
1.629260778427124023e-01
8.897713571786880493e-02
3.152643889188766479e-02
5.948657393455505371e-01
3.490570485591888428e-01
6.189374327659606934e-01
3.435588479042053223e-01
1.791392117738723755e-01
9.008346498012542725e-02
3.016202710568904877e-02
6.102704405784606934e-01
3.996236920356750488e-01
6.209143400192260742e-01
3.733130395412445068e-01
1.825242042541503906e-01
9.326024353504180908e-02
3.317825496196746826e-02
6.302913427352905273e-01
3.840895295143127441e-01
6.525691151618957520e-01
3.811070919036865234e-01
1.863596290349960327e-01
8.299032598733901978e-02
3.663531318306922913e-02
6.190962791442871094e-01
3.671656250953674316e-01
6.523672938346862793e-01
3.962023556232452393e-01
1.977539062500000000e-01
8.290733397006988525e-02
3.618259355425834656e-02
6.206830143928527832e-01
3.602654039859771729e-01
6.414645314216613770e-01
3.673761487007141113e-01
1.718879044055938721e-01
8.520361036062240601e-02
3.816214576363563538e-02
5.772923827171325684e-01
3.743608891963958740e-01
6.018317341804504395e-01
3.697271943092346191e-01
1.715019941329956055e-01
1.030960753560066223e-01
3.469293937087059021e-02
5.694050192832946777e-01
3.518636822700500488e-01
5.969678163528442383e-01
3.645924627780914307e-01
1.776877641677856445e-01
9.830500185489654541e-02
3.458109125494956970e-02
5.690119862556457520e-01
3.559056222438812256e-01
5.962567329406738281e-01
3.541964888572692871e-01
1.758570969104766846e-01
1.082480102777481079e-01
3.540068119764328003e-02
5.806238055229187012e-01
3.673359751701354980e-01
6.154290437698364258e-01
3.525298833847045898e-01
1.710865348577499390e-01
8.975619077682495117e-02
4.482347145676612854e-02
5.883221626281738281e-01
3.568576574325561523e-01
6.168546080589294434e-01
3.633195459842681885e-01
1.691716313362121582e-01
9.001614153385162354e-02
3.866324946284294128e-02
5.755071043968200684e-01
3.629648983478546143e-01
6.059055924415588379e-01
3.836773335933685303e-01
1.712933629751205444e-01
9.035950899124145508e-02
3.891709446907043457e-02
5.722464323043823242e-01
3.783992528915405273e-01
6.016079187393188477e-01
3.900982141494750977e-01
1.832859814167022705e-01
8.787216991186141968e-02
4.057461023330688477e-02
5.714576840400695801e-01
3.819646239280700684e-01
5.968392491340637207e-01
3.975099027156829834e-01
2.058131843805313110e-01
1.230182647705078125e-01
4.190958291292190552e-02
5.554826855659484863e-01
3.983900845050811768e-01
5.758160352706909180e-01
3.933399617671966553e-01
1.971928924322128296e-01
9.553564339876174927e-02
4.277680441737174988e-02
5.483252406120300293e-01
3.773478865623474121e-01
5.698413848876953125e-01
3.880786001682281494e-01
1.898197084665298462e-01
8.719385415315628052e-02
4.348967596888542175e-02
5.214089155197143555e-01
3.822590112686157227e-01
5.425335168838500977e-01
4.112789630889892578e-01
2.002978026866912842e-01
9.067766368389129639e-02
5.138666927814483643e-02
5.169175267219543457e-01
3.866110742092132568e-01
5.392521619796752930e-01
3.961020112037658691e-01
1.856409460306167603e-01
9.027647972106933594e-02
4.897131398320198059e-02
5.247737765312194824e-01
3.445989489555358887e-01
5.504615306854248047e-01
3.633806705474853516e-01
2.029611319303512573e-01
9.835377335548400879e-02
4.985010623931884766e-02
5.029816031455993652e-01
3.666493892669677734e-01
5.378882884979248047e-01
3.553987443447113037e-01
1.776472628116607666e-01
9.647218137979507446e-02
4.638988897204399109e-02
5.095795392990112305e-01
3.748479485511779785e-01
5.326554775238037109e-01
3.903441131114959717e-01
1.736580878496170044e-01
9.107039123773574829e-02
4.876583069562911987e-02
5.248612165451049805e-01
3.860205709934234619e-01
5.569241046905517578e-01
3.844838738441467285e-01
1.787597090005874634e-01
7.883028686046600342e-02
5.301926285028457642e-02
5.212605595588684082e-01
3.513495922088623047e-01
5.640454292297363281e-01
3.632537722587585449e-01
1.816509664058685303e-01
7.544058561325073242e-02
5.051421374082565308e-02
5.225077867507934570e-01
3.281490504741668701e-01
5.541425347328186035e-01
3.339407742023468018e-01
1.849125176668167114e-01
7.818821817636489868e-02
5.199670791625976562e-02
5.375480651855468750e-01
3.375928103923797607e-01
5.663639903068542480e-01
3.067190647125244141e-01
1.777635067701339722e-01
8.075509965419769287e-02
5.945822224020957947e-02
5.132269859313964844e-01
3.045453429222106934e-01
5.524682402610778809e-01
3.057791292667388916e-01
1.958293467760086060e-01
8.241081237792968750e-02
6.213668361306190491e-02
5.211313366889953613e-01
2.927682399749755859e-01
5.565341711044311523e-01
2.880687713623046875e-01
1.833895891904830933e-01
7.487718015909194946e-02
6.554578244686126709e-02
5.128701329231262207e-01
2.837890982627868652e-01
5.494896769523620605e-01
2.861388623714447021e-01
1.808607280254364014e-01
7.630138099193572998e-02
6.015427410602569580e-02
5.088544487953186035e-01
2.756668627262115479e-01
5.423653125762939453e-01
2.645646929740905762e-01
1.674495041370391846e-01
7.464514672756195068e-02
5.626628547906875610e-02
5.070575475692749023e-01
2.640306949615478516e-01
5.466932654380798340e-01
2.820023000240325928e-01
1.828944385051727295e-01
7.408157736063003540e-02
5.220391601324081421e-02
5.070807337760925293e-01
3.012219965457916260e-01
5.379756093025207520e-01
2.844541072845458984e-01
1.649369299411773682e-01
7.463456690311431885e-02
5.299071967601776123e-02
5.003231167793273926e-01
2.879180014133453369e-01
5.321112871170043945e-01
2.770327329635620117e-01
1.815457493066787720e-01
7.440646737813949585e-02
4.587766155600547791e-02
4.992674887180328369e-01
2.858087122440338135e-01
5.331225395202636719e-01
2.736138999462127686e-01
1.793180406093597412e-01
7.504674047231674194e-02
4.996814578771591187e-02
5.080998539924621582e-01
2.791408002376556396e-01
5.465270280838012695e-01
2.766109406948089600e-01
1.742050498723983765e-01
7.463532686233520508e-02
4.686558246612548828e-02
5.159446001052856445e-01
2.916839718818664551e-01
5.498157739639282227e-01
2.847744226455688477e-01
1.679743081331253052e-01
7.784110307693481445e-02
4.401301592588424683e-02
5.247551202774047852e-01
2.915349602699279785e-01
5.633844137191772461e-01
2.911029160022735596e-01
1.704340726137161255e-01
7.674059271812438965e-02
4.173487052321434021e-02
5.325263142585754395e-01
3.022410869598388672e-01
5.679544210433959961e-01
2.957083284854888916e-01
1.741078794002532959e-01
7.328345626592636108e-02
4.260310158133506775e-02
5.366136431694030762e-01
3.036405146121978760e-01
5.708760023117065430e-01
2.964788079261779785e-01
1.781040728092193604e-01
7.380090653896331787e-02
4.191839694976806641e-02
5.429888963699340820e-01
3.105127215385437012e-01
5.758948922157287598e-01
3.061757683753967285e-01
1.789411902427673340e-01
7.454791665077209473e-02
4.112153872847557068e-02
5.494171977043151855e-01
3.023656606674194336e-01
5.840322375297546387e-01
3.001289963722229004e-01
1.902149766683578491e-01
7.269986718893051147e-02
4.397550597786903381e-02
5.520417094230651855e-01
3.126707077026367188e-01
5.845927000045776367e-01
2.981762886047363281e-01
1.850779056549072266e-01
7.481382787227630615e-02
4.737239703536033630e-02
5.534588694572448730e-01
3.089664876461029053e-01
5.837151408195495605e-01
3.032336235046386719e-01
1.852934956550598145e-01
7.467869669198989868e-02
4.406264796853065491e-02
5.567387342453002930e-01
3.109903931617736816e-01
5.983135700225830078e-01
2.951177954673767090e-01
1.593938320875167847e-01
7.179950177669525146e-02
4.523278400301933289e-02
5.389199852943420410e-01
2.905538678169250488e-01
5.766155123710632324e-01
2.874121069908142090e-01
1.575669050216674805e-01
7.284670323133468628e-02
4.341002553701400757e-02
5.334946513175964355e-01
3.205415010452270508e-01
5.715958476066589355e-01
3.086238503456115723e-01
1.548347473144531250e-01
7.230537384748458862e-02
4.125373810529708862e-02
5.353118181228637695e-01
3.323744833469390869e-01
5.718749165534973145e-01
3.237330019474029541e-01
1.627025604248046875e-01
7.350104302167892456e-02
4.185202717781066895e-02
5.417277216911315918e-01
2.911081314086914062e-01
5.752527117729187012e-01
2.861444652080535889e-01
1.614005863666534424e-01
7.349964231252670288e-02
4.097186028957366943e-02
5.833566188812255859e-01
3.110871613025665283e-01
6.300551891326904297e-01
2.979251444339752197e-01
1.495365798473358154e-01
7.289594411849975586e-02
4.453368857502937317e-02
6.096028089523315430e-01
3.136760294437408447e-01
6.636663675308227539e-01
2.959753870964050293e-01
1.458564847707748413e-01
7.337033003568649292e-02
4.371203482151031494e-02
6.892617344856262207e-01
3.063848614692687988e-01
7.241631746292114258e-01
2.763714194297790527e-01
1.492554396390914917e-01
7.425182312726974487e-02
4.387364536523818970e-02
7.526620030403137207e-01
3.180122971534729004e-01
7.961498498916625977e-01
2.960999011993408203e-01
1.519127637147903442e-01
7.270137220621109009e-02
4.456109553575515747e-02
7.967549562454223633e-01
3.252583444118499756e-01
8.697291016578674316e-01
2.966817319393157959e-01
1.436781883239746094e-01
7.532963156700134277e-02
4.942880198359489441e-02
8.740891814231872559e-01
4.741925299167633057e-01
9.485851526260375977e-01
2.878010571002960205e-01
1.420877575874328613e-01
7.170650362968444824e-02
4.873032867908477783e-02
9.447671771049499512e-01
3.088276684284210205e-01
1.016485452651977539e+00
3.538100123405456543e-01
1.361261010169982910e-01
7.530275732278823853e-02
5.248497053980827332e-02
9.046098589897155762e-01
3.533353805541992188e-01
9.682145118713378906e-01
3.043511509895324707e-01
1.394160985946655273e-01
7.138782739639282227e-02
5.636521801352500916e-02
8.738488554954528809e-01
3.199490606784820557e-01
9.497397541999816895e-01
2.941289544105529785e-01
1.381084322929382324e-01
7.010103762149810791e-02
4.988872259855270386e-02
8.677945733070373535e-01
3.186087310314178467e-01
9.609798192977905273e-01
2.902930080890655518e-01
1.314277946949005127e-01
7.447901368141174316e-02
5.460461974143981934e-02
9.105226397514343262e-01
3.255563974380493164e-01
9.827965497970581055e-01
2.839543819427490234e-01
1.275117248296737671e-01
7.529905438423156738e-02
5.846234783530235291e-02
9.320002198219299316e-01
3.006554543972015381e-01
1.003930091857910156e+00
2.758539617061614990e-01
1.237948089838027954e-01
7.522955536842346191e-02
6.156292557716369629e-02
9.206423759460449219e-01
2.976765334606170654e-01
9.953531622886657715e-01
2.791945040225982666e-01
1.222932189702987671e-01
7.790329307317733765e-02
6.189691275358200073e-02
9.657918214797973633e-01
3.069564402103424072e-01
1.036891698837280273e+00
2.886576354503631592e-01
1.242324486374855042e-01
7.381465286016464233e-02
5.781206488609313965e-02
9.796975255012512207e-01
2.988170087337493896e-01
1.050626277923583984e+00
2.812588214874267578e-01
1.263095587491989136e-01
7.344275712966918945e-02
6.107096374034881592e-02
9.831902384757995605e-01
3.057090342044830322e-01
1.054481863975524902e+00
2.904506921768188477e-01
1.321543306112289429e-01
7.504457235336303711e-02
6.346111744642257690e-02
9.894493818283081055e-01
3.074586093425750732e-01
1.059318542480468750e+00
2.847612500190734863e-01
1.308425217866897583e-01
7.582940161228179932e-02
6.216826289892196655e-02
9.591988921165466309e-01
3.080095350742340088e-01
1.047642588615417480e+00
2.923057973384857178e-01
1.297498047351837158e-01
7.468967139720916748e-02
6.353741139173507690e-02
9.686132073402404785e-01
2.943390905857086182e-01
1.041374921798706055e+00
2.730199694633483887e-01
1.298088133335113525e-01
7.457473129034042358e-02
6.322024017572402954e-02
9.990835785865783691e-01
2.947398722171783447e-01
1.062380194664001465e+00
2.751887738704681396e-01
1.311376392841339111e-01
7.359655946493148804e-02
6.461069732904434204e-02
9.248372316360473633e-01
2.934046387672424316e-01
1.041371583938598633e+00
2.733231484889984131e-01
1.226170212030410767e-01
7.422757148742675781e-02
6.281965225934982300e-02
9.153213500976562500e-01
3.018041849136352539e-01
1.026553988456726074e+00
2.809936106204986572e-01
1.228670477867126465e-01
7.523830235004425049e-02
6.239158287644386292e-02
9.868105649948120117e-01
3.143333196640014648e-01
1.104426383972167969e+00
2.841247022151947021e-01
1.252537965774536133e-01
7.285977154970169067e-02
6.401163339614868164e-02
1.107334852218627930e+00
3.165123760700225830e-01
1.149907588958740234e+00
3.177847564220428467e-01
1.404675096273422241e-01
7.387907058000564575e-02
6.479705125093460083e-02
1.154569506645202637e+00
3.788484036922454834e-01
1.258721709251403809e+00
3.040152490139007568e-01
1.372696608304977417e-01
7.519400119781494141e-02
6.682123243808746338e-02
1.131509304046630859e+00
3.926378786563873291e-01
1.211508750915527344e+00
3.487973511219024658e-01
1.325515061616897583e-01
7.882617413997650146e-02
6.775407493114471436e-02
1.143461346626281738e+00
4.091119170188903809e-01
1.142404317855834961e+00
3.607844412326812744e-01
1.480837613344192505e-01
8.284725248813629150e-02
6.995233893394470215e-02
1.022976279258728027e+00
3.768037557601928711e-01
1.080479383468627930e+00
3.995318710803985596e-01
1.419184952974319458e-01
8.280459791421890259e-02
7.295793294906616211e-02
1.068637728691101074e+00
3.800199329853057861e-01
1.151713728904724121e+00
3.293085694313049316e-01
1.334130913019180298e-01
7.358976453542709351e-02
7.223099470138549805e-02
1.102499008178710938e+00
3.312657177448272705e-01
1.190625190734863281e+00
2.845214903354644775e-01
1.318093240261077881e-01
7.006412744522094727e-02
7.390859723091125488e-02
1.126148939132690430e+00
3.107684552669525146e-01
1.200253963470458984e+00
3.516471982002258301e-01
1.320922076702117920e-01
7.242844253778457642e-02
7.461151480674743652e-02
1.069272637367248535e+00
3.810941576957702637e-01
1.137732744216918945e+00
2.893546819686889648e-01
1.281088441610336304e-01
7.366727292537689209e-02
7.592261582612991333e-02
1.020620107650756836e+00
3.330853283405303955e-01
1.104817032814025879e+00
2.925032079219818115e-01
1.293041855096817017e-01
7.364427298307418823e-02
7.731978595256805420e-02
1.024299263954162598e+00
3.333117365837097168e-01
1.135951757431030273e+00
2.637152075767517090e-01
1.247372776269912720e-01
7.227433472871780396e-02
7.868720591068267822e-02
1.057690382003784180e+00
3.482128083705902100e-01
1.147151708602905273e+00
2.720578610897064209e-01
1.261124759912490845e-01
7.349262386560440063e-02
8.054539561271667480e-02
1.083516955375671387e+00
3.450430333614349365e-01
1.155777335166931152e+00
2.844882309436798096e-01
1.208258569240570068e-01
7.353588193655014038e-02
7.943557202816009521e-02
1.067988038063049316e+00
3.343569934368133545e-01
1.143910527229309082e+00
2.862421274185180664e-01
1.262224912643432617e-01
7.234188169240951538e-02
7.937920093536376953e-02
1.088012695312500000e+00
3.561486303806304932e-01
1.179404973983764648e+00
2.984061837196350098e-01
1.264320313930511475e-01
7.292367517948150635e-02
7.972567528486251831e-02
1.098202347755432129e+00
3.435015380382537842e-01
1.167494654655456543e+00
2.979182302951812744e-01
1.292254328727722168e-01
7.221768796443939209e-02
7.987161725759506226e-02
1.063900232315063477e+00
3.466217815876007080e-01
1.130499720573425293e+00
3.096320331096649170e-01
1.351567506790161133e-01
7.105813920497894287e-02
8.130147308111190796e-02
1.020302176475524902e+00
3.408373892307281494e-01
1.093301534652709961e+00
2.938005030155181885e-01
1.358509361743927002e-01
6.902857869863510132e-02
8.235730230808258057e-02
9.687021970748901367e-01
3.278378844261169434e-01
1.042833685874938965e+00
2.946821749210357666e-01
1.323733925819396973e-01
7.005652040243148804e-02
8.553420007228851318e-02
9.378020763397216797e-01
3.617735505104064941e-01
1.016094446182250977e+00
3.019701838493347168e-01
1.327523738145828247e-01
6.929205358028411865e-02
8.531302213668823242e-02
9.851401448249816895e-01
3.682068586349487305e-01
1.043667197227478027e+00
3.106591403484344482e-01
1.340363770723342896e-01
6.825023889541625977e-02
8.622451871633529663e-02
9.378620982170104980e-01
3.326832354068756104e-01
1.036061048507690430e+00
2.778968214988708496e-01
1.343340575695037842e-01
6.821305304765701294e-02
8.359191566705703735e-02
8.951773643493652344e-01
3.399162590503692627e-01
1.019532322883605957e+00
2.875574529170989990e-01
1.309930533170700073e-01
6.650298088788986206e-02
8.633643388748168945e-02
9.569901823997497559e-01
3.409577012062072754e-01
1.020318388938903809e+00
3.200191557407379150e-01
1.423862576484680176e-01
6.773118674755096436e-02
8.769522607326507568e-02
1.134685873985290527e+00
3.523666262626647949e-01
1.146006584167480469e+00
2.869560718536376953e-01
1.403168290853500366e-01
7.021175324916839600e-02
8.752394467592239380e-02
9.219506382942199707e-01
3.377221822738647461e-01
1.011055231094360352e+00
3.037416338920593262e-01
1.319688558578491211e-01
6.810685247182846069e-02
9.086719155311584473e-02
1.002510070800781250e+00
3.996438980102539062e-01
1.102055311203002930e+00
3.615219593048095703e-01
1.327828615903854370e-01
6.993705779314041138e-02
9.861700981855392456e-02
1.018349766731262207e+00
3.797109127044677734e-01
1.014063000679016113e+00
3.462376594543457031e-01
1.366887390613555908e-01
7.095742225646972656e-02
9.662669897079467773e-02
8.763138651847839355e-01
3.514562547206878662e-01
9.634857177734375000e-01
3.414841592311859131e-01
1.338965296745300293e-01
6.897040456533432007e-02
1.110192909836769104e-01
9.718269109725952148e-01
3.494684696197509766e-01
1.028349876403808594e+00
3.329200148582458496e-01
1.368006467819213867e-01
6.950022280216217041e-02
1.058886945247650146e-01
9.064686894416809082e-01
3.279910981655120850e-01
9.552017450332641602e-01
2.698901891708374023e-01
1.400839090347290039e-01
7.029861211776733398e-02
1.085200756788253784e-01
9.345324635505676270e-01
2.632365524768829346e-01
1.005351066589355469e+00
2.680808007717132568e-01
1.350758373737335205e-01
7.066468149423599243e-02
1.114977672696113586e-01
9.216958880424499512e-01
2.842781543731689453e-01
9.810870885848999023e-01
2.395696192979812622e-01
1.288119554519653320e-01
7.010368257761001587e-02
1.075174957513809204e-01
8.698955774307250977e-01
2.583076357841491699e-01
9.413588643074035645e-01
2.296970486640930176e-01
1.257354468107223511e-01
7.237296551465988159e-02
1.070275902748107910e-01
8.787533044815063477e-01
2.372387945652008057e-01
9.826285243034362793e-01
2.330109328031539917e-01
1.260469257831573486e-01
7.465212792158126831e-02
1.095787659287452698e-01
9.168134331703186035e-01
2.527792751789093018e-01
9.907395243644714355e-01
2.150898426771163940e-01
1.294188201427459717e-01
8.280242234468460083e-02
1.112422049045562744e-01
9.679408073425292969e-01
2.687268555164337158e-01
1.046993732452392578e+00
2.300213426351547241e-01
1.274278312921524048e-01
7.428505271673202515e-02
1.118876561522483826e-01
9.344227910041809082e-01
2.799926400184631348e-01
1.005625724792480469e+00
2.274815440177917480e-01
1.278123408555984497e-01
7.785795629024505615e-02
1.117409169673919678e-01
9.487189054489135742e-01
2.819294929504394531e-01
1.015276670455932617e+00
2.309078425168991089e-01
1.268666386604309082e-01
7.314070314168930054e-02
1.127058789134025574e-01
9.383195042610168457e-01
2.835287749767303467e-01
9.896861314773559570e-01
2.309969067573547363e-01
1.249711513519287109e-01
6.850467622280120850e-02
1.121236234903335571e-01
9.394327998161315918e-01
2.694523632526397705e-01
9.956681132316589355e-01
2.376693934202194214e-01
1.292932629585266113e-01
6.847723573446273804e-02
1.112530380487442017e-01
9.584525227546691895e-01
2.790995538234710693e-01
1.018339872360229492e+00
2.425449043512344360e-01
1.285237371921539307e-01
7.037337869405746460e-02
1.175477951765060425e-01
8.963508605957031250e-01
3.150385022163391113e-01
1.019768357276916504e+00
2.560187578201293945e-01
1.303647607564926147e-01
6.996713578701019287e-02
1.141526326537132263e-01
9.476367235183715820e-01
3.095669150352478027e-01
1.032149910926818848e+00
2.628369927406311035e-01
1.336089819669723511e-01
6.919851899147033691e-02
1.106217354536056519e-01
9.987420439720153809e-01
3.017738759517669678e-01
1.076714277267456055e+00
2.588863670825958252e-01
1.322432756423950195e-01
6.674497574567794800e-02
1.168779730796813965e-01
9.321181178092956543e-01
2.959350347518920898e-01
1.088328957557678223e+00
2.365213185548782349e-01
1.304661780595779419e-01
6.765598058700561523e-02
1.012782603502273560e-01
9.018975496292114258e-01
3.028668761253356934e-01
1.028284311294555664e+00
2.442570179700851440e-01
1.314315050840377808e-01
6.932303309440612793e-02
9.841948747634887695e-02
9.564900398254394531e-01
3.464436233043670654e-01
1.091323971748352051e+00
3.015339374542236328e-01
1.318282037973403931e-01
7.021132111549377441e-02
1.093144565820693970e-01
7.158645987510681152e-01
3.353029489517211914e-01
7.664382457733154297e-01
2.634741365909576416e-01
1.388506591320037842e-01
7.195154577493667603e-02
9.551808983087539673e-02
6.057220101356506348e-01
3.060402572154998779e-01
6.459425091743469238e-01
2.576087415218353271e-01
1.351624876260757446e-01
7.712186127901077271e-02
9.877924621105194092e-02
6.275565624237060547e-01
2.765579223632812500e-01
6.597737669944763184e-01
2.502497732639312744e-01
1.360110938549041748e-01
7.359579950571060181e-02
1.112874150276184082e-01
5.990174412727355957e-01
2.724322080612182617e-01
6.623970866203308105e-01
2.335356771945953369e-01
1.393827348947525024e-01
7.092846930027008057e-02
1.002503782510757446e-01
6.526318788528442383e-01
2.891174852848052979e-01
6.998062133789062500e-01
2.431759536266326904e-01
1.369851678609848022e-01
7.124690711498260498e-02
9.600270539522171021e-02
6.293208599090576172e-01
3.040579259395599365e-01
6.704558730125427246e-01
2.596164941787719727e-01
1.407547295093536377e-01
7.160500437021255493e-02
9.936757385730743408e-02
6.893593668937683105e-01
4.292995929718017578e-01
7.200186848640441895e-01
2.338868826627731323e-01
1.381511837244033813e-01
7.444093376398086548e-02
1.017730385065078735e-01
7.193276882171630859e-01
2.905676960945129395e-01
7.776983976364135742e-01
2.344797402620315552e-01
1.357548534870147705e-01
7.352121919393539429e-02
1.053587049245834351e-01
7.219418287277221680e-01
2.895936965942382812e-01
7.506543397903442383e-01
2.424193322658538818e-01
1.392640769481658936e-01
6.979387998580932617e-02
1.063039302825927734e-01
6.822709441184997559e-01
2.762616574764251709e-01
7.046244740486145020e-01
2.465952485799789429e-01
1.451591998338699341e-01
6.727824360132217407e-02
1.054391637444496155e-01
6.734681725502014160e-01
2.749039232730865479e-01
7.302957177162170410e-01
2.445345818996429443e-01
1.465703397989273071e-01
6.967080384492874146e-02
1.071699559688568115e-01
7.064701318740844727e-01
2.889560163021087646e-01
7.338358759880065918e-01
2.364127784967422485e-01
1.443659812211990356e-01
7.148044556379318237e-02
1.097437962889671326e-01
7.207185029983520508e-01
2.906699776649475098e-01
7.484107017517089844e-01
2.517403960227966309e-01
1.433666944503784180e-01
7.435794174671173096e-02
1.120478883385658264e-01
6.955878138542175293e-01
2.955430448055267334e-01
7.303531169891357422e-01
2.532328665256500244e-01
1.482813954353332520e-01
7.200039178133010864e-02
1.134301796555519104e-01
7.197656035423278809e-01
2.989453673362731934e-01
7.490270137786865234e-01
2.576786875724792480e-01
1.509307175874710083e-01
6.996633857488632202e-02
1.146000027656555176e-01
7.478923797607421875e-01
2.963061928749084473e-01
7.666203379631042480e-01
2.519297003746032715e-01
1.498039960861206055e-01
7.037500292062759399e-02
1.146319136023521423e-01
7.381052970886230469e-01
2.883776426315307617e-01
7.593443989753723145e-01
2.542835772037506104e-01
1.574432253837585449e-01
8.179003000259399414e-02
1.152997910976409912e-01
7.349097728729248047e-01
2.881218194961547852e-01
7.500283122062683105e-01
2.577480673789978027e-01
1.774618327617645264e-01
1.087012887001037598e-01
1.143611073493957520e-01
7.318710684776306152e-01
3.044399619102478027e-01
7.603573799133300781e-01
2.683848440647125244e-01
1.678237915039062500e-01
8.372873067855834961e-02
1.182607114315032959e-01
7.529488801956176758e-01
2.969588637351989746e-01
8.010900616645812988e-01
2.655473351478576660e-01
1.726072579622268677e-01
8.394573628902435303e-02
1.182221248745918274e-01
8.173515796661376953e-01
2.889029681682586670e-01
8.111977577209472656e-01
2.488361746072769165e-01
1.596626639366149902e-01
8.755072206258773804e-02
1.159939542412757874e-01
8.127987980842590332e-01
2.711830735206604004e-01
8.948492407798767090e-01
2.357100695371627808e-01
1.624210178852081299e-01
1.135946214199066162e-01
1.102126017212867737e-01
7.717279791831970215e-01
3.064315319061279297e-01
8.287962079048156738e-01
2.612806558609008789e-01
1.731463670730590820e-01
1.269288361072540283e-01
1.108258590102195740e-01
7.829466462135314941e-01
3.250556588172912598e-01
7.534714937210083008e-01
2.733786106109619141e-01
2.046642750501632690e-01
1.211622133851051331e-01
1.160965561866760254e-01
7.591609358787536621e-01
2.948049008846282959e-01
8.202927112579345703e-01
2.395365983247756958e-01
2.353136390447616577e-01
1.055602580308914185e-01
1.139439269900321960e-01
7.884606719017028809e-01
2.525138258934020996e-01
8.122246861457824707e-01
2.480690181255340576e-01
1.847424060106277466e-01
8.345960825681686401e-02
1.123839691281318665e-01
7.520489096641540527e-01
2.287143468856811523e-01
7.694674730300903320e-01
2.007996439933776855e-01
1.788082718849182129e-01
8.470678329467773438e-02
1.204428002238273621e-01
7.022263407707214355e-01
2.346535176038742065e-01
6.923635601997375488e-01
2.096245437860488892e-01
1.929802596569061279e-01
9.187044203281402588e-02
1.280546784400939941e-01
7.303707003593444824e-01
2.482600659132003784e-01
7.013698816299438477e-01
2.190134823322296143e-01
2.105893343687057495e-01
9.932734817266464233e-02
1.323379725217819214e-01
6.928006410598754883e-01
2.470572292804718018e-01
7.057560086250305176e-01
2.317637205123901367e-01
2.059086859226226807e-01
9.802347421646118164e-02
1.246191635727882385e-01
6.556288003921508789e-01
3.054520189762115479e-01
6.768383979797363281e-01
2.110190838575363159e-01
2.259975224733352661e-01
1.134421229362487793e-01
1.270949691534042358e-01
6.817196607589721680e-01
2.881055474281311035e-01
7.178817987442016602e-01
2.426435202360153198e-01
2.243793159723281860e-01
1.175300851464271545e-01
1.270565241575241089e-01
6.738943457603454590e-01
2.321495711803436279e-01
6.817144155502319336e-01
2.317356616258621216e-01
2.202516943216323853e-01
1.182741001248359680e-01
1.282761991024017334e-01
6.520596742630004883e-01
2.562910318374633789e-01
6.500319242477416992e-01
2.453248202800750732e-01
2.262213826179504395e-01
1.251042634248733521e-01
1.236733496189117432e-01
6.347982287406921387e-01
2.422429323196411133e-01
6.581521034240722656e-01
2.360531538724899292e-01
2.198896110057830811e-01
1.296685189008712769e-01
1.225448697805404663e-01
6.614962816238403320e-01
2.656779885292053223e-01
6.578791141510009766e-01
2.328426539897918701e-01
2.387097179889678955e-01
1.357034295797348022e-01
1.214842572808265686e-01
6.945282220840454102e-01
2.605459988117218018e-01
6.800926327705383301e-01
2.359891682863235474e-01
2.276870608329772949e-01
1.630623489618301392e-01
1.200883612036705017e-01
6.824361681938171387e-01
2.565037906169891357e-01
7.073705792427062988e-01
2.377565503120422363e-01
2.181636691093444824e-01
1.207225918769836426e-01
1.168035194277763367e-01
6.977699398994445801e-01
2.572802901268005371e-01
7.079069018363952637e-01
2.533207833766937256e-01
2.087739706039428711e-01
1.138087138533592224e-01
1.129809319972991943e-01
7.124258875846862793e-01
2.589261531829833984e-01
7.159108519554138184e-01
2.418242841958999634e-01
2.059594094753265381e-01
1.071035042405128479e-01
1.099563464522361755e-01
6.983712315559387207e-01
2.479219883680343628e-01
7.020794153213500977e-01
2.451350539922714233e-01
2.098627090454101562e-01
1.025518998503684998e-01
1.061769649386405945e-01
6.685961484909057617e-01
2.515736222267150879e-01
6.947537660598754883e-01
2.612665295600891113e-01
2.150473892688751221e-01
1.036507710814476013e-01
1.061839386820793152e-01
6.495040655136108398e-01
2.553839981555938721e-01
6.616004705429077148e-01
2.321686446666717529e-01
2.319824099540710449e-01
1.074765622615814209e-01
1.012424305081367493e-01
6.520109772682189941e-01
2.381008863449096680e-01
6.878943443298339844e-01
2.446086555719375610e-01
2.283445298671722412e-01
1.103867217898368835e-01
1.065270230174064636e-01
7.053489089012145996e-01
2.390271574258804321e-01
7.022909522056579590e-01
2.378818243741989136e-01
2.012573927640914917e-01
1.051911264657974243e-01
1.089679077267646790e-01
6.848796606063842773e-01
2.134040445089340210e-01
7.453330159187316895e-01
1.991492211818695068e-01
2.119969427585601807e-01
1.086703389883041382e-01
1.019698008894920349e-01
7.016695737838745117e-01
2.366126775741577148e-01
7.377868890762329102e-01
2.441941648721694946e-01
2.108438611030578613e-01
1.147036775946617126e-01
9.185606241226196289e-02
7.103133201599121094e-01
2.297478914260864258e-01
7.242197394371032715e-01
2.250305861234664917e-01
2.489039599895477295e-01
1.095383539795875549e-01
9.404312074184417725e-02
8.631650209426879883e-01
1.895792186260223389e-01
8.663441538810729980e-01
1.791544854640960693e-01
2.524335384368896484e-01
1.161849945783615112e-01
1.035434752702713013e-01
9.787958860397338867e-01
2.091825306415557861e-01
9.627475738525390625e-01
1.865535229444503784e-01
2.593906521797180176e-01
1.158857122063636780e-01
1.040671765804290771e-01
9.283027648925781250e-01
2.033512741327285767e-01
9.197455048561096191e-01
1.889728754758834839e-01
2.549937963485717773e-01
1.188953146338462830e-01
1.090369671583175659e-01
8.787347078323364258e-01
1.802406907081604004e-01
8.450986146926879883e-01
1.539172828197479248e-01
2.626163363456726074e-01
1.151114180684089661e-01
1.100950390100479126e-01
8.038829565048217773e-01
1.723273396492004395e-01
8.009020686149597168e-01
1.413750350475311279e-01
2.500111758708953857e-01
1.139245033264160156e-01
1.262554079294204712e-01
7.540783882141113281e-01
1.598348766565322876e-01
7.625092864036560059e-01
1.296102553606033325e-01
2.683494091033935547e-01
1.154898926615715027e-01
1.284592896699905396e-01
7.382466793060302734e-01
1.489621251821517944e-01
7.644671201705932617e-01
1.215793490409851074e-01
2.697204649448394775e-01
1.130360215902328491e-01
1.297432780265808105e-01
7.235764265060424805e-01
1.558921337127685547e-01
7.639305591583251953e-01
1.216653883457183838e-01
2.578005492687225342e-01
1.170601695775985718e-01
1.324501037597656250e-01
6.851563453674316406e-01
1.542927473783493042e-01
6.998925209045410156e-01
1.189014092087745667e-01
2.488534301519393921e-01
1.128467246890068054e-01
1.340231895446777344e-01
6.828056573867797852e-01
1.545121818780899048e-01
6.766999363899230957e-01
1.241416260600090027e-01
2.577802836894989014e-01
1.111352071166038513e-01
1.328800171613693237e-01
6.879321336746215820e-01
1.563577502965927124e-01
6.900433301925659180e-01
1.287816166877746582e-01
2.643524408340454102e-01
1.117214262485504150e-01
1.339775323867797852e-01
7.140330076217651367e-01
1.606612652540206909e-01
7.035079002380371094e-01
1.292275339365005493e-01
2.597431540489196777e-01
1.000392660498619080e-01
1.362921446561813354e-01
7.559803724288940430e-01
1.666081249713897705e-01
7.489594221115112305e-01
1.324861347675323486e-01
2.708854675292968750e-01
1.161057502031326294e-01
1.367005258798599243e-01
7.407194375991821289e-01
1.609703451395034790e-01
7.346518635749816895e-01
1.319039016962051392e-01
2.870397567749023438e-01
1.098747402429580688e-01
1.385817229747772217e-01
7.581318020820617676e-01
1.621991395950317383e-01
7.438327074050903320e-01
1.361350864171981812e-01
2.781394720077514648e-01
1.178876683115959167e-01
1.395319551229476929e-01
7.177574038505554199e-01
1.647897660732269287e-01
7.153130769729614258e-01
1.381462812423706055e-01
2.527397572994232178e-01
1.083821579813957214e-01
1.414841413497924805e-01
7.213382720947265625e-01
1.673745959997177124e-01
7.178189158439636230e-01
1.430683881044387817e-01
2.638273835182189941e-01
1.057859808206558228e-01
1.474204510450363159e-01
7.290099263191223145e-01
1.752457320690155029e-01
7.087703943252563477e-01
1.431022286415100098e-01
2.765575945377349854e-01
1.128365397453308105e-01
1.471317261457443237e-01
6.750823259353637695e-01
1.780667304992675781e-01
6.760050654411315918e-01
1.433286219835281372e-01
2.926745116710662842e-01
1.183458194136619568e-01
1.613065600395202637e-01
7.008516192436218262e-01
1.660492122173309326e-01
6.932653188705444336e-01
1.396996825933456421e-01
3.145148456096649170e-01
1.309281140565872192e-01
1.649140119552612305e-01
7.182667851448059082e-01
1.733202636241912842e-01
7.105039954185485840e-01
1.490179896354675293e-01
2.852291762828826904e-01
1.310736835002899170e-01
1.664534509181976318e-01
6.820626258850097656e-01
1.693215668201446533e-01
7.261787652969360352e-01
1.350168883800506592e-01
2.836310863494873047e-01
1.355232000350952148e-01
1.683177947998046875e-01
6.546103954315185547e-01
1.831343621015548706e-01
7.022578120231628418e-01
1.463537961244583130e-01
2.506197392940521240e-01
1.128776744008064270e-01
1.699265539646148682e-01
6.115735173225402832e-01
1.810441762208938599e-01
6.293664574623107910e-01
1.440821141004562378e-01
2.479346841573715210e-01
1.116292625665664673e-01
1.538283526897430420e-01
5.491888523101806641e-01
1.659825891256332397e-01
5.608663558959960938e-01
1.286731809377670288e-01
2.493107169866561890e-01
1.242623105645179749e-01
1.513458341360092163e-01
5.258254408836364746e-01
1.621180325746536255e-01
5.425515174865722656e-01
1.255360394716262817e-01
2.613917291164398193e-01
1.234665811061859131e-01
1.512119024991989136e-01
5.178662538528442383e-01
1.618605703115463257e-01
5.237317085266113281e-01
1.225139275193214417e-01
2.705551981925964355e-01
1.231614500284194946e-01
1.521792113780975342e-01
6.272475123405456543e-01
1.628946959972381592e-01
6.152064800262451172e-01
1.143503189086914062e-01
2.789684534072875977e-01
1.256639957427978516e-01
1.731008142232894897e-01
4.818629622459411621e-01
1.628241240978240967e-01
4.921558797359466553e-01
1.193968653678894043e-01
2.782776653766632080e-01
1.327059119939804077e-01
1.628847867250442505e-01
4.371989965438842773e-01
1.624499559402465820e-01
4.591505527496337891e-01
1.199245005846023560e-01
2.764342427253723145e-01
1.327495723962783813e-01
1.612212061882019043e-01
4.358401894569396973e-01
1.744566708803176880e-01
4.622876346111297607e-01
1.175207719206809998e-01
2.641293108463287354e-01
1.299995183944702148e-01
1.533435881137847900e-01
4.567878246307373047e-01
1.687269359827041626e-01
4.717070758342742920e-01
1.158662959933280945e-01
2.516223490238189697e-01
1.265814006328582764e-01
1.498689949512481689e-01
4.485562741756439209e-01
1.619552522897720337e-01
4.577325284481048584e-01
1.152671650052070618e-01
2.584558129310607910e-01
1.304786503314971924e-01
1.528742909431457520e-01
4.246873259544372559e-01
1.745456010103225708e-01
4.307077527046203613e-01
1.126718968152999878e-01
2.674343883991241455e-01
1.351264715194702148e-01
1.548517495393753052e-01
4.294317662715911865e-01
1.620130836963653564e-01
4.430359303951263428e-01
1.085747554898262024e-01
2.875167131423950195e-01
1.405493617057800293e-01
1.479852497577667236e-01
4.602107405662536621e-01
1.590740084648132324e-01
4.581687152385711670e-01
1.137520894408226013e-01
2.791564464569091797e-01
1.260840147733688354e-01
1.468119919300079346e-01
4.804309606552124023e-01
1.853388547897338867e-01
4.720773696899414062e-01
1.365855932235717773e-01
2.916718423366546631e-01
1.244605630636215210e-01
1.420385092496871948e-01
4.577139019966125488e-01
1.656581908464431763e-01
4.642191827297210693e-01
1.118352860212326050e-01
2.883056104183197021e-01
1.310129910707473755e-01
1.437352895736694336e-01
4.493842422962188721e-01
1.585881114006042480e-01
4.690424203872680664e-01
1.090858876705169678e-01
2.928684651851654053e-01
1.401211917400360107e-01
1.421922147274017334e-01
4.459423720836639404e-01
1.573403626680374146e-01
4.513842761516571045e-01
1.056904792785644531e-01
3.050518631935119629e-01
1.373762637376785278e-01
1.448210179805755615e-01
4.464988112449645996e-01
1.665827482938766479e-01
4.520070254802703857e-01
1.120354756712913513e-01
3.115423619747161865e-01
1.579348742961883545e-01
1.368478983640670776e-01
4.497534334659576416e-01
1.652621030807495117e-01
4.517201781272888184e-01
1.144228428602218628e-01
3.021787703037261963e-01
1.409971415996551514e-01
1.321415305137634277e-01
4.486802816390991211e-01
1.816077530384063721e-01
4.510985314846038818e-01
1.203662902116775513e-01
2.953399419784545898e-01
1.340370029211044312e-01
1.252715289592742920e-01
4.863011538982391357e-01
1.671597361564636230e-01
4.791454076766967773e-01
1.166738122701644897e-01
3.251941204071044922e-01
1.387870758771896362e-01
1.247968226671218872e-01
5.051989555358886719e-01
1.670716404914855957e-01
4.946921765804290771e-01
1.153891235589981079e-01
2.901587188243865967e-01
1.329370439052581787e-01
1.192393749952316284e-01
4.890243113040924072e-01
1.703371256589889526e-01
5.088615417480468750e-01
1.170845404267311096e-01
2.955379784107208252e-01
1.438744664192199707e-01
1.099664717912673950e-01
4.686036407947540283e-01
1.726259887218475342e-01
5.302184224128723145e-01
1.157729998230934143e-01
2.571068406105041504e-01
1.360752880573272705e-01
1.066128835082054138e-01
4.386385381221771240e-01
1.741912066936492920e-01
4.537926614284515381e-01
1.146368086338043213e-01
2.432170659303665161e-01
1.242405772209167480e-01
1.051538884639739990e-01
4.612766504287719727e-01
1.808028966188430786e-01
4.985770285129547119e-01
1.209692507982254028e-01
2.679502665996551514e-01
1.272575110197067261e-01
1.001508831977844238e-01
5.567739605903625488e-01
1.712857186794281006e-01
5.812756419181823730e-01
1.174692437052726746e-01
2.608755230903625488e-01
1.236564666032791138e-01
1.037981882691383362e-01
5.654336214065551758e-01
1.686866283416748047e-01
5.929318070411682129e-01
1.200372800230979919e-01
2.581504583358764648e-01
1.235863789916038513e-01
9.858723729848861694e-02
5.161412358283996582e-01
1.758073419332504272e-01
5.062154531478881836e-01
1.157475337386131287e-01
2.711017131805419922e-01
1.196010336279869080e-01
1.105945110321044922e-01
5.611090064048767090e-01
1.770669072866439819e-01
5.630980730056762695e-01
1.171882301568984985e-01
2.815333306789398193e-01
1.198497042059898376e-01
1.156585812568664551e-01
5.406657457351684570e-01
1.770338714122772217e-01
5.542188882827758789e-01
1.169391795992851257e-01
2.735604643821716309e-01
1.190212592482566833e-01
1.101029366254806519e-01
5.156688690185546875e-01
1.965244114398956299e-01
5.484392046928405762e-01
1.288008391857147217e-01
2.561404109001159668e-01
1.206086724996566772e-01
1.119369417428970337e-01
5.306618213653564453e-01
1.934714615345001221e-01
5.668571591377258301e-01
1.319550126791000366e-01
2.627823650836944580e-01
1.243132725358009338e-01
1.121798008680343628e-01
5.364371538162231445e-01
1.974250525236129761e-01
5.479353666305541992e-01
1.356926709413528442e-01
2.712293565273284912e-01
1.258403509855270386e-01
1.094944328069686890e-01
5.310713648796081543e-01
1.809259951114654541e-01
5.312852263450622559e-01
1.176138371229171753e-01
2.777344286441802979e-01
1.223151534795761108e-01
1.121763065457344055e-01
5.362269878387451172e-01
1.874018013477325439e-01
5.398585200309753418e-01
1.202435940504074097e-01
2.899189889430999756e-01
1.238376498222351074e-01
1.083249822258949280e-01
5.567335486412048340e-01
1.738007813692092896e-01
5.564015507698059082e-01
1.218997314572334290e-01
2.931121587753295898e-01
1.265888512134552002e-01
1.100858971476554871e-01
5.662344694137573242e-01
1.772956699132919312e-01
5.648682713508605957e-01
1.266457736492156982e-01
2.865099310874938965e-01
1.121032387018203735e-01
1.078131347894668579e-01
5.451603531837463379e-01
1.683016866445541382e-01
5.502468943595886230e-01
1.153711453080177307e-01
2.815230786800384521e-01
1.174169704318046570e-01
1.073557510972023010e-01
5.489498376846313477e-01
1.876953840255737305e-01
5.453772544860839844e-01
1.289951205253601074e-01
2.807890772819519043e-01
1.156691834330558777e-01
1.059988141059875488e-01
5.277667045593261719e-01
1.824203133583068848e-01
5.313839912414550781e-01
1.210981532931327820e-01
2.834786474704742432e-01
1.253250837326049805e-01
1.083455309271812439e-01
5.387933850288391113e-01
1.880753785371780396e-01
5.356045961380004883e-01
1.296012699604034424e-01
2.897835671901702881e-01
1.147871166467666626e-01
1.015548035502433777e-01
5.505970716476440430e-01
1.745514422655105591e-01
5.526744127273559570e-01
1.200718432664871216e-01
2.949962913990020752e-01
1.242704614996910095e-01
9.889071434736251831e-02
5.777741670608520508e-01
1.790572553873062134e-01
5.452139973640441895e-01
1.349626779556274414e-01
2.852783799171447754e-01
1.169587448239326477e-01
1.005383133888244629e-01
5.794285535812377930e-01
1.728133857250213623e-01
5.884386897087097168e-01
1.352181136608123779e-01
2.870864272117614746e-01
1.098204553127288818e-01
9.779468923807144165e-02
6.017172932624816895e-01
1.733317822217941284e-01
6.539791822433471680e-01
1.262326985597610474e-01
2.711831033229827881e-01
1.115090996026992798e-01
9.707895666360855103e-02
5.715324878692626953e-01
1.841249167919158936e-01
6.411337256431579590e-01
1.341214478015899658e-01
2.715956270694732666e-01
1.152742132544517517e-01
9.219446778297424316e-02
5.476796030998229980e-01
1.824696809053421021e-01
6.045914888381958008e-01
1.337638795375823975e-01
2.736817002296447754e-01
1.120825707912445068e-01
9.056185185909271240e-02
5.156765580177307129e-01
1.786096394062042236e-01
5.226877331733703613e-01
1.433225125074386597e-01
2.586788535118103027e-01
1.037338897585868835e-01
9.086398035287857056e-02
4.916259348392486572e-01
1.852292865514755249e-01
4.963681399822235107e-01
1.357191801071166992e-01
2.550228238105773926e-01
1.040631830692291260e-01
9.017506241798400879e-02
4.984856545925140381e-01
1.763037741184234619e-01
5.255261659622192383e-01
1.360050290822982788e-01
2.411663383245468140e-01
1.027420237660408020e-01
8.891691267490386963e-02
5.029027462005615234e-01
1.687704771757125854e-01
4.975233674049377441e-01
1.287448108196258545e-01
2.421317398548126221e-01
1.023261919617652893e-01
9.218344837427139282e-02
4.837838113307952881e-01
1.731207072734832764e-01
4.992887377738952637e-01
1.306941658258438110e-01
2.536362707614898682e-01
1.020659506320953369e-01
9.333200752735137939e-02
5.449711084365844727e-01
1.662905961275100708e-01
5.590826869010925293e-01
1.331452131271362305e-01
2.534878849983215332e-01
1.006987914443016052e-01
9.635351598262786865e-02
4.914232790470123291e-01
1.697611212730407715e-01
5.082417726516723633e-01
1.312103122472763062e-01
2.558552026748657227e-01
1.020239070057868958e-01
1.005082130432128906e-01
4.802419543266296387e-01
1.794494390487670898e-01
5.219826698303222656e-01
1.396668255329132080e-01
2.436102479696273804e-01
1.008597090840339661e-01
1.004151850938796997e-01
4.795457720756530762e-01
1.705615073442459106e-01
5.000094175338745117e-01
1.348104029893875122e-01
2.395390719175338745e-01
1.033884212374687195e-01
1.018397361040115356e-01
4.768731296062469482e-01
1.731788516044616699e-01
4.968462884426116943e-01
1.382664144039154053e-01
2.422755360603332520e-01
1.080426052212715149e-01
1.010979041457176208e-01
4.628472030162811279e-01
1.831350028514862061e-01
4.798637628555297852e-01
1.404121965169906616e-01
2.488909512758255005e-01
1.081383079290390015e-01
1.018470153212547302e-01
5.013283491134643555e-01
1.875038892030715942e-01
5.029536485671997070e-01
1.412684023380279541e-01
2.562428712844848633e-01
1.076584532856941223e-01
1.056713238358497620e-01
5.211004614830017090e-01
1.718108057975769043e-01
5.274643898010253906e-01
1.419292837381362915e-01
2.452753782272338867e-01
1.070822998881340027e-01
1.164256483316421509e-01
5.502771735191345215e-01
1.807217299938201904e-01
5.514809489250183105e-01
1.486430913209915161e-01
2.239925712347030640e-01
9.584248811006546021e-02
1.109401807188987732e-01
5.170628428459167480e-01
1.759961694478988647e-01
5.308259725570678711e-01
1.392881721258163452e-01
2.360140532255172729e-01
9.652291983366012573e-02
1.126068234443664551e-01
4.912508130073547363e-01
1.727061271667480469e-01
5.021380186080932617e-01
1.375489979982376099e-01
2.387081384658813477e-01
9.635795652866363525e-02
1.128295734524726868e-01
4.866744577884674072e-01
1.483670771121978760e-01
4.907502233982086182e-01
1.345783919095993042e-01
2.382138818502426147e-01
9.966306388378143311e-02
1.129184439778327942e-01
4.765861928462982178e-01
1.745790690183639526e-01
4.911972284317016602e-01
1.423604786396026611e-01
2.434213459491729736e-01
9.942731261253356934e-02
1.202113404870033264e-01
4.791894555091857910e-01
1.775036752223968506e-01
4.938724935054779053e-01
1.379366219043731689e-01
2.414479255676269531e-01
1.048207059502601624e-01
1.199297085404396057e-01
4.719544351100921631e-01
1.744449585676193237e-01
4.782647192478179932e-01
1.342761516571044922e-01
2.463708370923995972e-01
1.028570756316184998e-01
1.170987412333488464e-01
5.078002214431762695e-01
1.806116402149200439e-01
5.143196582794189453e-01
1.384700387716293335e-01
2.447377592325210571e-01
1.003614142537117004e-01
1.154745444655418396e-01
5.204235911369323730e-01
1.824393421411514282e-01
5.384209752082824707e-01
1.332651376724243164e-01
2.589955627918243408e-01
1.159636378288269043e-01
1.138213127851486206e-01
4.853377938270568848e-01
1.916969865560531616e-01
5.213584899902343750e-01
1.472303271293640137e-01
2.602528631687164307e-01
1.072924509644508362e-01
1.252816766500473022e-01
4.437697231769561768e-01
1.947061270475387573e-01
4.752077758312225342e-01
1.449619829654693604e-01
2.544373273849487305e-01
1.076034829020500183e-01
1.289942860603332520e-01
4.592759311199188232e-01
1.867577731609344482e-01
4.566375315189361572e-01
1.403293162584304810e-01
2.570269703865051270e-01
1.107890456914901733e-01
1.344587206840515137e-01
4.313134551048278809e-01
1.842447966337203979e-01
4.347891509532928467e-01
1.389862746000289917e-01
2.396481633186340332e-01
1.051448881626129150e-01
1.363390237092971802e-01
4.276219308376312256e-01
1.777214109897613525e-01
4.327545166015625000e-01
1.368010789155960083e-01
2.297632545232772827e-01
1.026933565735816956e-01
1.375270187854766846e-01
4.387082457542419434e-01
1.776269376277923584e-01
4.592494964599609375e-01
1.334777474403381348e-01
2.187678217887878418e-01
1.005500257015228271e-01
1.446753889322280884e-01
4.812039434909820557e-01
1.996987462043762207e-01
5.058086514472961426e-01
1.461292952299118042e-01
2.200969010591506958e-01
1.013149321079254150e-01
1.522790640592575073e-01
5.197836756706237793e-01
1.910705119371414185e-01
5.266451835632324219e-01
1.433530300855636597e-01
2.084832936525344849e-01
1.000602096319198608e-01
1.610101014375686646e-01
5.153305530548095703e-01
1.922376304864883423e-01
5.449834465980529785e-01
1.451688706874847412e-01
2.200904190540313721e-01
9.670294821262359619e-02
1.442365795373916626e-01
5.216919779777526855e-01
2.012723982334136963e-01
5.335472822189331055e-01
1.485239267349243164e-01
2.040073573589324951e-01
9.852018952369689941e-02
1.489323526620864868e-01
5.286499261856079102e-01
2.020978927612304688e-01
5.498102903366088867e-01
1.501449197530746460e-01
2.038278132677078247e-01
1.108960881829261780e-01
1.380932033061981201e-01
5.545104146003723145e-01
2.097910195589065552e-01
5.864990949630737305e-01
1.563683748245239258e-01
2.015584558248519897e-01
1.024467349052429199e-01
1.423022896051406860e-01
5.626837015151977539e-01
2.328479588031768799e-01
5.948179364204406738e-01
1.616192609071731567e-01
2.060595899820327759e-01
1.013080254197120667e-01
1.455662995576858521e-01
5.583049654960632324e-01
2.107678800821304321e-01
5.943651795387268066e-01
1.507978737354278564e-01
2.062322944402694702e-01
9.648165106773376465e-02
1.495225727558135986e-01
5.520115494728088379e-01
1.993972659111022949e-01
5.816357135772705078e-01
1.548537015914916992e-01
2.006559371948242188e-01
9.520116448402404785e-02
1.491905897855758667e-01
5.287606120109558105e-01
1.938985586166381836e-01
5.687572956085205078e-01
1.489690542221069336e-01
2.029232084751129150e-01
9.385514259338378906e-02
1.530799120664596558e-01
5.277411937713623047e-01
1.885140240192413330e-01
5.511441826820373535e-01
1.424337476491928101e-01
2.008551359176635742e-01
9.426863491535186768e-02
1.518883407115936279e-01
5.098696947097778320e-01
1.900582015514373779e-01
5.412731170654296875e-01
1.480811685323715210e-01
2.033496201038360596e-01
9.252986311912536621e-02
1.430983096361160278e-01
5.262106657028198242e-01
1.793410927057266235e-01
5.591319203376770020e-01
1.320684552192687988e-01
1.974068880081176758e-01
1.045152470469474792e-01
1.411309540271759033e-01
5.459764599800109863e-01
2.014477103948593140e-01
5.797181725502014160e-01
1.406795829534530640e-01
2.104825526475906372e-01
1.037402376532554626e-01
1.404124647378921509e-01
5.438879728317260742e-01
1.955306679010391235e-01
5.743675231933593750e-01
1.394667476415634155e-01
2.048329412937164307e-01
1.029719412326812744e-01
1.427924633026123047e-01
5.445634126663208008e-01
1.862323582172393799e-01
5.813990235328674316e-01
1.437624990940093994e-01
2.137755602598190308e-01
9.675256162881851196e-02
1.433329135179519653e-01
5.608915686607360840e-01
1.823114603757858276e-01
5.841115117073059082e-01
1.334670335054397583e-01
2.049781680107116699e-01
1.060845479369163513e-01
1.396510303020477295e-01
5.365083813667297363e-01
1.864572018384933472e-01
5.637763738632202148e-01
1.366153955459594727e-01
2.063766270875930786e-01
1.022990569472312927e-01
1.309949308633804321e-01
5.186110734939575195e-01
1.934536099433898926e-01
5.292494297027587891e-01
1.361209303140640259e-01
1.984770894050598145e-01
1.000202521681785583e-01
1.290083080530166626e-01
5.315266847610473633e-01
1.975508183240890503e-01
5.549220442771911621e-01
1.426643431186676025e-01
1.942819207906723022e-01
9.694613516330718994e-02
1.176601573824882507e-01
5.569003224372863770e-01
1.929891854524612427e-01
5.516749620437622070e-01
1.384207755327224731e-01
2.056605517864227295e-01
1.002451479434967041e-01
1.329295039176940918e-01
5.226491093635559082e-01
1.947080045938491821e-01
5.394280552864074707e-01
1.367290169000625610e-01
2.021037042140960693e-01
9.768065065145492554e-02
1.305681467056274414e-01
6.010193824768066406e-01
1.911365389823913574e-01
6.237689852714538574e-01
1.341360211372375488e-01
1.949908435344696045e-01
9.624467790126800537e-02
1.458500623703002930e-01
5.798510313034057617e-01
1.868363171815872192e-01
6.052306294441223145e-01
1.310948878526687622e-01
1.952183097600936890e-01
9.445238113403320312e-02
1.365962326526641846e-01
5.860765576362609863e-01
1.815650761127471924e-01
6.328660845756530762e-01
1.317006647586822510e-01
2.004039436578750610e-01
9.462464600801467896e-02
1.392271518707275391e-01
6.128245592117309570e-01
1.738004386425018311e-01
6.524494886398315430e-01
1.304894387722015381e-01
1.932334154844284058e-01
9.214376658201217651e-02
1.378368884325027466e-01
5.406721234321594238e-01
1.691129505634307861e-01
5.874223113059997559e-01
1.295444667339324951e-01
2.058881521224975586e-01
9.146864712238311768e-02
1.384814381599426270e-01
5.358955264091491699e-01
1.812700778245925903e-01
5.536282658576965332e-01
1.353049427270889282e-01
1.964185386896133423e-01
9.423335641622543335e-02
1.378418654203414917e-01
5.365687608718872070e-01
1.807174831628799438e-01
5.608371496200561523e-01
1.359525769948959351e-01
1.970185339450836182e-01
9.322838485240936279e-02
1.387657821178436279e-01
5.579438209533691406e-01
1.859263032674789429e-01
5.906370878219604492e-01
1.378735005855560303e-01
1.832226067781448364e-01
9.485234320163726807e-02
1.369508504867553711e-01
5.689870715141296387e-01
2.052311003208160400e-01
5.970365405082702637e-01
1.355275511741638184e-01
1.777401715517044067e-01
9.426392614841461182e-02
1.366454958915710449e-01
5.742300748825073242e-01
1.776697933673858643e-01
6.052328348159790039e-01
1.448746025562286377e-01
1.701402962207794189e-01
9.699399024248123169e-02
1.345784962177276611e-01
5.550316572189331055e-01
1.840868741273880005e-01
5.806801915168762207e-01
1.332787871360778809e-01
1.714413464069366455e-01
9.113577008247375488e-02
1.404441446065902710e-01
5.450911521911621094e-01
1.891403943300247192e-01
5.757042765617370605e-01
1.479888260364532471e-01
1.748276501893997192e-01
9.732831269502639771e-02
1.454036533832550049e-01
5.284689664840698242e-01
1.876365393400192261e-01
5.482354164123535156e-01
1.345031857490539551e-01
1.749478727579116821e-01
9.324108064174652100e-02
1.416354626417160034e-01
5.260148048400878906e-01
1.744270473718643188e-01
5.554363131523132324e-01
1.355132162570953369e-01
1.710528582334518433e-01
9.622889757156372070e-02
1.458520144224166870e-01
5.316422581672668457e-01
1.755228489637374878e-01
5.569912791252136230e-01
1.383107453584671021e-01
1.727479696273803711e-01
9.754882752895355225e-02
1.483456343412399292e-01
5.492907166481018066e-01
1.933374851942062378e-01
5.778197050094604492e-01
1.437167227268218994e-01
1.775927245616912842e-01
9.881802648305892944e-02
1.456153094768524170e-01
5.436736941337585449e-01
1.911797970533370972e-01
5.722515583038330078e-01
1.390338689088821411e-01
1.754422485828399658e-01
9.751723706722259521e-02
1.528388708829879761e-01
5.719733238220214844e-01
1.828573346138000488e-01
5.994408726692199707e-01
1.414077579975128174e-01
1.807666122913360596e-01
9.599544852972030640e-02
1.542983949184417725e-01
5.561903119087219238e-01
1.796368211507797241e-01
5.936501622200012207e-01
1.340605914592742920e-01
1.811976730823516846e-01
9.979651868343353271e-02
1.601664721965789795e-01
5.774931907653808594e-01
1.810362488031387329e-01
5.930395722389221191e-01
1.380203068256378174e-01
1.806764602661132812e-01
9.386144578456878662e-02
1.603164821863174438e-01
5.383326411247253418e-01
1.962357759475708008e-01
5.466041564941406250e-01
1.413594037294387817e-01
1.768281906843185425e-01
9.352565556764602661e-02
1.630906015634536743e-01
5.712217688560485840e-01
1.931666582822799683e-01
5.772786140441894531e-01
1.391465067863464355e-01
1.679981797933578491e-01
9.363924711942672729e-02
1.601069420576095581e-01
6.635053753852844238e-01
1.946714222431182861e-01
6.024977564811706543e-01
1.453639715909957886e-01
1.780798733234405518e-01
9.946250915527343750e-02
1.664323657751083374e-01
6.003251075744628906e-01
1.978673040866851807e-01
6.207622289657592773e-01
1.518377214670181274e-01
1.824845969676971436e-01
9.814216196537017822e-02
1.620526015758514404e-01
5.404247045516967773e-01
2.105847746133804321e-01
5.711287856101989746e-01
1.562626063823699951e-01
1.775455474853515625e-01
9.831370413303375244e-02
1.713773161172866821e-01
5.224608182907104492e-01
2.081726789474487305e-01
5.514264106750488281e-01
1.434809565544128418e-01
1.796878725290298462e-01
9.398256242275238037e-02
1.693489253520965576e-01
5.605371594429016113e-01
1.997602581977844238e-01
5.686570405960083008e-01
1.444548368453979492e-01
1.834902614355087280e-01
9.486777335405349731e-02
1.786329150199890137e-01
5.344217419624328613e-01
1.931011527776718140e-01
5.599189996719360352e-01
1.355210095643997192e-01
1.760067045688629150e-01
1.002907156944274902e-01
1.838856190443038940e-01
5.213555097579956055e-01
1.906551569700241089e-01
5.468048453330993652e-01
1.395755410194396973e-01
1.827897429466247559e-01
1.022575050592422485e-01
1.848544776439666748e-01
5.164471864700317383e-01
2.044119089841842651e-01
5.449041128158569336e-01
1.530709564685821533e-01
1.808848083019256592e-01
1.038104444742202759e-01
1.881947517395019531e-01
5.017712712287902832e-01
2.082068622112274170e-01
5.330308079719543457e-01
1.567834168672561646e-01
1.692811399698257446e-01
1.024983376264572144e-01
1.875649690628051758e-01
4.993535876274108887e-01
2.084329277276992798e-01
5.346855521202087402e-01
1.518977880477905273e-01
1.691126078367233276e-01
1.006749346852302551e-01
1.886964589357376099e-01
5.130147337913513184e-01
2.190221846103668213e-01
5.525677204132080078e-01
1.517482399940490723e-01
1.731684356927871704e-01
1.009902134537696838e-01
1.886022239923477173e-01
5.238448381423950195e-01
2.056383639574050903e-01
5.575718879699707031e-01
1.521522104740142822e-01
1.723656356334686279e-01
9.355000406503677368e-02
1.860751211643218994e-01
5.073741078376770020e-01
2.010000497102737427e-01
5.400032997131347656e-01
1.558042317628860474e-01
1.721869856119155884e-01
9.283175319433212280e-02
1.859105378389358521e-01
5.005290508270263672e-01
1.935405284166336060e-01
5.383335947990417480e-01
1.448061317205429077e-01
1.751060932874679565e-01
9.335437417030334473e-02
1.850970089435577393e-01
4.913905858993530273e-01
2.099913209676742554e-01
5.232389569282531738e-01
1.411208063364028931e-01
1.903741210699081421e-01
9.232598543167114258e-02
1.807407885789871216e-01
4.840650558471679688e-01
2.062781155109405518e-01
5.151075720787048340e-01
1.764325350522994995e-01
1.785148531198501587e-01
9.484934061765670776e-02
1.805112212896347046e-01
4.797253906726837158e-01
2.012535035610198975e-01
5.128448605537414551e-01
1.524048596620559692e-01
1.926753222942352295e-01
9.473833441734313965e-02
1.718214452266693115e-01
4.786283373832702637e-01
1.955181360244750977e-01
5.127930641174316406e-01
1.459479629993438721e-01
1.946360468864440918e-01
9.735991805791854858e-02
1.698091477155685425e-01
4.852043390274047852e-01
2.143236845731735229e-01
5.255635380744934082e-01
1.615903824567794800e-01
1.874070465564727783e-01
9.607146680355072021e-02
1.682374477386474609e-01
4.828095734119415283e-01
1.969215720891952515e-01
5.223265886306762695e-01
1.557328104972839355e-01
1.815991699695587158e-01
9.401551634073257446e-02
1.717600971460342407e-01
4.776685833930969238e-01
1.911701411008834839e-01
5.144100785255432129e-01
1.468399614095687866e-01
1.778363734483718872e-01
9.567821770906448364e-02
1.654553562402725220e-01
4.834390282630920410e-01
1.945114880800247192e-01
5.191621184349060059e-01
1.435840725898742676e-01
1.719756424427032471e-01
9.714094549417495728e-02
1.535641551017761230e-01
4.636383950710296631e-01
1.993594616651535034e-01
5.013122558593750000e-01
1.418566703796386719e-01
1.610183119773864746e-01
9.721094369888305664e-02
1.411797255277633667e-01
4.686673879623413086e-01
1.937251091003417969e-01
5.029066801071166992e-01
1.409381181001663208e-01
1.709342896938323975e-01
9.823212027549743652e-02
1.501203030347824097e-01
4.727963507175445557e-01
1.958806812763214111e-01
5.047081112861633301e-01
1.433688998222351074e-01
1.786998510360717773e-01
9.774062782526016235e-02
1.478119492530822754e-01
4.658013284206390381e-01
2.021706849336624146e-01
4.949987530708312988e-01
1.497817486524581909e-01
1.737708300352096558e-01
9.772376716136932373e-02
1.522637158632278442e-01
4.798513054847717285e-01
1.995173841714859009e-01
5.175518989562988281e-01
1.430886536836624146e-01
1.684494465589523315e-01
1.001486927270889282e-01
1.495465338230133057e-01
5.400614738464355469e-01
2.104732841253280640e-01
5.778391957283020020e-01
1.391624659299850464e-01
1.790484189987182617e-01
9.957339614629745483e-02
1.408087015151977539e-01
5.564996004104614258e-01
1.980164796113967896e-01
6.060685515403747559e-01
1.410992443561553955e-01
1.757153123617172241e-01
1.017665639519691467e-01
1.476359069347381592e-01
5.994511246681213379e-01
1.961397379636764526e-01
6.417953968048095703e-01
1.377075910568237305e-01
1.750858426094055176e-01
9.799088537693023682e-02
1.516307890415191650e-01
5.805706381797790527e-01
1.972640603780746460e-01
6.322691440582275391e-01
1.371160894632339478e-01
1.802336424589157104e-01
9.996227174997329712e-02
1.552550494670867920e-01
5.934114456176757812e-01
1.974308639764785767e-01
6.419738531112670898e-01
1.420907676219940186e-01
1.749550998210906982e-01
1.007629558444023132e-01
1.407812386751174927e-01
5.737679600715637207e-01
2.094074189662933350e-01
6.200630664825439453e-01
1.514774858951568604e-01
1.779148876667022705e-01
9.809832274913787842e-02
1.345409452915191650e-01
5.856936573982238770e-01
2.018468976020812988e-01
6.369276642799377441e-01
1.500945240259170532e-01
1.653321683406829834e-01
9.723724424839019775e-02
1.190233677625656128e-01
5.874789953231811523e-01
2.172980010509490967e-01
6.414347887039184570e-01
1.383803188800811768e-01
1.798005849123001099e-01
1.006938144564628601e-01
1.333383619785308838e-01
5.981558561325073242e-01
1.915118992328643799e-01
6.486201286315917969e-01
1.382657438516616821e-01
1.787579059600830078e-01
9.744069725275039673e-02
1.286091059446334839e-01
5.789950489997863770e-01
2.010932266712188721e-01
6.290540099143981934e-01
1.510286331176757812e-01
1.745208054780960083e-01
9.899850189685821533e-02
1.351975947618484497e-01
5.422189235687255859e-01
2.081668078899383545e-01
5.953118801116943359e-01
1.518018096685409546e-01
1.929297149181365967e-01
1.010724380612373352e-01
1.304281502962112427e-01
5.192573070526123047e-01
2.240554243326187134e-01
5.701491236686706543e-01
1.469964534044265747e-01
2.018892019987106323e-01
1.106619238853454590e-01
1.293025314807891846e-01
5.498725771903991699e-01
2.006039917469024658e-01
6.029955148696899414e-01
1.417911201715469360e-01
1.694086045026779175e-01
9.781394898891448975e-02
1.140374541282653809e-01
5.601595044136047363e-01
1.992135345935821533e-01
6.100269556045532227e-01
1.517507582902908325e-01
1.764779090881347656e-01
9.546756744384765625e-02
1.227569133043289185e-01
5.720638632774353027e-01
2.154927551746368408e-01
6.219894886016845703e-01
1.471676528453826904e-01
1.746091395616531372e-01
9.956680983304977417e-02
1.230545192956924438e-01
5.796120762825012207e-01
2.109985798597335815e-01
6.345481276512145996e-01
1.504071205854415894e-01
1.814412176609039307e-01
1.014944463968276978e-01
1.246629580855369568e-01
5.797202587127685547e-01
2.232472300529479980e-01
6.249606013298034668e-01
1.598347127437591553e-01
1.858264952898025513e-01
9.585882723331451416e-02
1.261172592639923096e-01
5.602653026580810547e-01
2.096611410379409790e-01
6.013329029083251953e-01
1.588935554027557373e-01
1.835996359586715698e-01
9.687740355730056763e-02
1.302853822708129883e-01
5.446261167526245117e-01
2.141418904066085815e-01
5.951037406921386719e-01
1.589118838310241699e-01
1.768216788768768311e-01
9.682991355657577515e-02
1.272544562816619873e-01
5.145947337150573730e-01
2.222341299057006836e-01
5.626017451286315918e-01
1.619705706834793091e-01
1.811011135578155518e-01
9.275323152542114258e-02
1.416772007942199707e-01
5.247030854225158691e-01
2.165979146957397461e-01
5.720378160476684570e-01
1.617375314235687256e-01
1.697053611278533936e-01
9.526461362838745117e-02
1.226111724972724915e-01
5.394782423973083496e-01
2.200420945882797241e-01
5.894154906272888184e-01
1.727402061223983765e-01
1.716271191835403442e-01
9.410231560468673706e-02
1.151638254523277283e-01
5.636402964591979980e-01
2.271644920110702515e-01
6.261537075042724609e-01
1.700615882873535156e-01
1.726826429367065430e-01
9.402669966220855713e-02
1.293020695447921753e-01
6.277634501457214355e-01
2.191987335681915283e-01
6.840191483497619629e-01
1.559852808713912964e-01
1.797104477882385254e-01
9.578745812177658081e-02
1.226998493075370789e-01
6.565725207328796387e-01
2.152054458856582642e-01
7.165832519531250000e-01
1.432294100522994995e-01
1.858644038438796997e-01
9.920226782560348511e-02
1.333502829074859619e-01
6.194397807121276855e-01
2.276569753885269165e-01
6.759778261184692383e-01
1.553486883640289307e-01
1.877991557121276855e-01
9.984402358531951904e-02
1.149420142173767090e-01
6.150207519531250000e-01
2.140822708606719971e-01
6.623333096504211426e-01
1.483677923679351807e-01
1.834599375724792480e-01
9.705450385808944702e-02
1.346172988414764404e-01
5.492365360260009766e-01
2.138748466968536377e-01
6.065484285354614258e-01
1.495204418897628784e-01
1.890284717082977295e-01
9.795395284891128540e-02
1.246251910924911499e-01
5.502424240112304688e-01
2.176387459039688110e-01
6.060272455215454102e-01
1.537446081638336182e-01
1.863561421632766724e-01
9.523857384920120239e-02
1.291413009166717529e-01
5.385279059410095215e-01
2.347374856472015381e-01
5.867077708244323730e-01
1.690616309642791748e-01
1.841566860675811768e-01
1.005924418568611145e-01
1.276608407497406006e-01
5.594261288642883301e-01
2.454813122749328613e-01
6.176990270614624023e-01
1.824150830507278442e-01
1.775719225406646729e-01
9.469570219516754150e-02
1.107032895088195801e-01
5.800217390060424805e-01
2.766402661800384521e-01
6.358550190925598145e-01
1.938696354627609253e-01
1.820390820503234863e-01
1.041644439101219177e-01
1.092552766203880310e-01
5.826351642608642578e-01
2.877480089664459229e-01
6.361128091812133789e-01
1.909020096063613892e-01
1.941154152154922485e-01
1.207767352461814880e-01
1.125790253281593323e-01
5.691152215003967285e-01
3.047209084033966064e-01
6.265075206756591797e-01
2.285222560167312622e-01
2.045631408691406250e-01
1.049713194370269775e-01
1.232237219810485840e-01
5.587294697761535645e-01
2.955817580223083496e-01
6.153976321220397949e-01
2.745403647422790527e-01
2.047191113233566284e-01
1.029142886400222778e-01
1.149279922246932983e-01
5.569562315940856934e-01
2.505714893341064453e-01
6.111954450607299805e-01
1.782292127609252930e-01
2.090853303670883179e-01
1.042135804891586304e-01
6.291855871677398682e-02
5.732838511466979980e-01
2.577838003635406494e-01
6.329925060272216797e-01
1.756465584039688110e-01
2.123836278915405273e-01
1.075267791748046875e-01
4.241079464554786682e-02
5.692486763000488281e-01
2.891174554824829102e-01
6.257942914962768555e-01
1.894135475158691406e-01
2.194689810276031494e-01
1.058530583977699280e-01
3.415892273187637329e-02
5.884528756141662598e-01
2.606168687343597412e-01
6.459348797798156738e-01
1.917076557874679565e-01
2.243365347385406494e-01
1.121495589613914490e-01
3.716127201914787292e-02
5.858755707740783691e-01
2.859997153282165527e-01
6.467917561531066895e-01
2.061176747083663940e-01
2.324421703815460205e-01
1.155317202210426331e-01
5.054246634244918823e-02
5.897963643074035645e-01
2.887040972709655762e-01
6.489489674568176270e-01
2.031541615724563599e-01
2.385750114917755127e-01
1.157318726181983948e-01
5.044167861342430115e-02
5.657719373703002930e-01
3.111167848110198975e-01
6.212061047554016113e-01
2.259134054183959961e-01
2.429295331239700317e-01
1.147959083318710327e-01
4.015234485268592834e-02
5.690262913703918457e-01
3.052981793880462646e-01
6.147633790969848633e-01
2.310044020414352417e-01
2.184137403964996338e-01
1.036511957645416260e-01
3.693613409996032715e-02
5.424254536628723145e-01
3.228919804096221924e-01
5.908121466636657715e-01
2.407660782337188721e-01
2.254016548395156860e-01
1.080572232604026794e-01
3.347020596265792847e-02
5.616267323493957520e-01
3.259136080741882324e-01
6.009525060653686523e-01
2.396918237209320068e-01
1.981432735919952393e-01
1.030653342604637146e-01
3.844157233834266663e-02
5.874927043914794922e-01
3.305365145206451416e-01
6.301243305206298828e-01
2.553834021091461182e-01
1.899099498987197876e-01
9.627331048250198364e-02
3.554441407322883606e-02
5.926796793937683105e-01
3.313935101032257080e-01
6.411097049713134766e-01
2.591744065284729004e-01
1.974224746227264404e-01
9.893231093883514404e-02
3.474331274628639221e-02
5.754480957984924316e-01
3.313057422637939453e-01
6.203554272651672363e-01
2.537245154380798340e-01
2.051186859607696533e-01
1.004137545824050903e-01
2.572987228631973267e-02
5.843421816825866699e-01
3.250893652439117432e-01
6.221572160720825195e-01
2.459382563829421997e-01
2.117133885622024536e-01
1.024375855922698975e-01
3.271918743848800659e-02
5.790773034095764160e-01
3.644545972347259521e-01
6.467349529266357422e-01
2.656333148479461670e-01
2.255935668945312500e-01
1.050771400332450867e-01
3.840180113911628723e-02
5.532054901123046875e-01
3.363728821277618408e-01
5.832318067550659180e-01
2.619344294071197510e-01
2.252746522426605225e-01
1.021114960312843323e-01
3.814630210399627686e-02
5.573253035545349121e-01
3.644748926162719727e-01
5.962332487106323242e-01
2.915484607219696045e-01
2.334069013595581055e-01
9.915810823440551758e-02
3.758775815367698669e-02
5.668100714683532715e-01
3.651342093944549561e-01
6.112155914306640625e-01
2.896465063095092773e-01
2.092430889606475830e-01
9.538916498422622681e-02
3.593471273779869080e-02
5.718083977699279785e-01
4.061283767223358154e-01
6.115516424179077148e-01
3.186883330345153809e-01
2.037333995103836060e-01
9.562717378139495850e-02
3.492897003889083862e-02
5.853375196456909180e-01
4.393509030342102051e-01
6.341567039489746094e-01
3.520856499671936035e-01
1.909419447183609009e-01
1.055820882320404053e-01
3.497917205095291138e-02
6.054598689079284668e-01
4.948282837867736816e-01
6.603038907051086426e-01
3.659459054470062256e-01
1.937806904315948486e-01
1.087115481495857239e-01
3.380284458398818970e-02
6.053277254104614258e-01
5.108358263969421387e-01
6.532053947448730469e-01
3.499867022037506104e-01
1.944705843925476074e-01
1.053993329405784607e-01
3.050788864493370056e-02
5.822643041610717773e-01
4.847173094749450684e-01
6.282256245613098145e-01
4.079046249389648438e-01
2.090509533882141113e-01
1.015589386224746704e-01
3.014503419399261475e-02
5.676099061965942383e-01
4.007802605628967285e-01
6.150965690612792969e-01
3.982062637805938721e-01
2.058467566967010498e-01
9.689653664827346802e-02
2.854147739708423615e-02
5.527796745300292969e-01
4.436688125133514404e-01
5.961178541183471680e-01
3.363595008850097656e-01
1.969122439622879028e-01
9.767042100429534912e-02
2.882672846317291260e-02
5.719553828239440918e-01
4.196968972682952881e-01
6.146990060806274414e-01
3.099869191646575928e-01
1.996974200010299683e-01
9.951341897249221802e-02
2.861457690596580505e-02
5.889471173286437988e-01
4.198432564735412598e-01
6.321190595626831055e-01
3.310897350311279297e-01
2.188088595867156982e-01
1.103858277201652527e-01
2.874257415533065796e-02
6.069082617759704590e-01
4.400852322578430176e-01
6.486096978187561035e-01
3.425307869911193848e-01
2.115401476621627808e-01
1.056605279445648193e-01
2.955194003880023956e-02
6.145307421684265137e-01
4.415961802005767822e-01
6.622683405876159668e-01
3.432325720787048340e-01
2.013405859470367432e-01
9.970621764659881592e-02
3.023998811841011047e-02
6.169205904006958008e-01
4.303668737411499023e-01
6.582806110382080078e-01
3.638843894004821777e-01
2.044652253389358521e-01
9.915506094694137573e-02
2.907333523035049438e-02
6.153318285942077637e-01
4.046878814697265625e-01
6.536909937858581543e-01
3.375527858734130859e-01
2.060171812772750854e-01
1.015805304050445557e-01
2.881698869168758392e-02
6.062668561935424805e-01
3.936184942722320557e-01
6.458678245544433594e-01
3.187393546104431152e-01
2.108066678047180176e-01
1.004272624850273132e-01
3.226412460207939148e-02
5.957912206649780273e-01
4.205791950225830078e-01
6.427229046821594238e-01
3.204419612884521484e-01
1.946752816438674927e-01
1.060455217957496643e-01
2.886784635484218597e-02
6.381150484085083008e-01
4.149362444877624512e-01
6.878384351730346680e-01
3.172865211963653564e-01
1.866198480129241943e-01
1.048863977193832397e-01
2.955595962703227997e-02
6.948450803756713867e-01
3.818590044975280762e-01
7.415388226509094238e-01
3.135135769844055176e-01
1.824212223291397095e-01
9.702347218990325928e-02
3.106058016419410706e-02
7.316059470176696777e-01
3.805313408374786377e-01
7.715207338333129883e-01
3.282778263092041016e-01
1.795756071805953979e-01
9.732884168624877930e-02
3.080137073993682861e-02
7.499886155128479004e-01
3.687447011470794678e-01
8.000041246414184570e-01
3.080770373344421387e-01
1.821055263280868530e-01
9.784344583749771118e-02
3.032652474939823151e-02
7.736732959747314453e-01
3.633121848106384277e-01
8.193072080612182617e-01
2.815313041210174561e-01
1.883803308010101318e-01
1.017426103353500366e-01
3.230613842606544495e-02
7.711275815963745117e-01
3.797140717506408691e-01
8.352138996124267578e-01
3.026453554630279541e-01
1.764825433492660522e-01
9.571704268455505371e-02
2.990397997200489044e-02
7.910280823707580566e-01
3.513142168521881104e-01
8.514458537101745605e-01
2.761182487010955811e-01
1.790272593498229980e-01
9.337947517633438110e-02
3.036812879145145416e-02
7.862952947616577148e-01
3.502584993839263916e-01
8.615172505378723145e-01
2.681138515472412109e-01
1.895710229873657227e-01
9.466732293367385864e-02
3.064829483628273010e-02
7.930953502655029297e-01
3.576166927814483643e-01
8.558579683303833008e-01
2.725243270397186279e-01
1.889591962099075317e-01
9.831248968839645386e-02
3.238194808363914490e-02
7.809681892395019531e-01
3.447476327419281006e-01
8.408858776092529297e-01
2.753353714942932129e-01
1.850001513957977295e-01
1.020065173506736755e-01
3.353576362133026123e-02
7.856903076171875000e-01
3.622934222221374512e-01
8.439849019050598145e-01
2.700329124927520752e-01
1.715388596057891846e-01
1.029628887772560120e-01
3.484826534986495972e-02
7.973580360412597656e-01
3.307275772094726562e-01
8.703673481941223145e-01
2.542278170585632324e-01
1.762435138225555420e-01
1.109382733702659607e-01
3.507172316312789917e-02
8.023879528045654297e-01
3.618325293064117432e-01
8.722863793373107910e-01
2.444131523370742798e-01
1.717433482408523560e-01
1.115526556968688965e-01
3.615906834602355957e-02
7.985678315162658691e-01
3.163250386714935303e-01
8.766092658042907715e-01
2.641018331050872803e-01
1.727434396743774414e-01
1.037168651819229126e-01
3.521340340375900269e-02
7.998228669166564941e-01
3.156300485134124756e-01
8.606830835342407227e-01
2.608960270881652832e-01
1.691784560680389404e-01
1.031881719827651978e-01
3.653870522975921631e-02
7.549806237220764160e-01
2.866023778915405273e-01
8.228693604469299316e-01
2.409855574369430542e-01
1.719852238893508911e-01
9.908252954483032227e-02
3.615632653236389160e-02
7.913577556610107422e-01
2.728161215782165527e-01
8.411280512809753418e-01
2.266804873943328857e-01
1.706892549991607666e-01
9.727700799703598022e-02
3.556509688496589661e-02
7.808148264884948730e-01
2.896233499050140381e-01
8.481097221374511719e-01
2.316957712173461914e-01
1.699224859476089478e-01
9.737259149551391602e-02
3.709181025624275208e-02
7.800345420837402344e-01
2.937866449356079102e-01
8.476553559303283691e-01
2.196117192506790161e-01
1.729997247457504272e-01
9.872405976057052612e-02
3.932591155171394348e-02
7.914639711380004883e-01
2.690404355525970459e-01
8.618077635765075684e-01
2.210538983345031738e-01
1.699469834566116333e-01
1.005773991346359253e-01
3.889970108866691589e-02
7.973812818527221680e-01
2.693189084529876709e-01
8.647731542587280273e-01
2.045876234769821167e-01
1.750108003616333008e-01
9.987673163414001465e-02
3.908674046397209167e-02
7.911887168884277344e-01
2.740566134452819824e-01
8.552527427673339844e-01
2.141678184270858765e-01
1.736370772123336792e-01
1.000756323337554932e-01
4.209516569972038269e-02
7.999078631401062012e-01
2.784363031387329102e-01
8.588089942932128906e-01
2.138416022062301636e-01
1.673381477594375610e-01
9.824248403310775757e-02
4.503788426518440247e-02
7.611737251281738281e-01
2.929193079471588135e-01
8.279772400856018066e-01
2.222979664802551270e-01
1.657415181398391724e-01
9.919343888759613037e-02
4.425540566444396973e-02
7.918288707733154297e-01
2.736171185970306396e-01
8.566542267799377441e-01
2.169941216707229614e-01
1.609424799680709839e-01
1.009685173630714417e-01
4.923895373940467834e-02
8.118284940719604492e-01
2.747795283794403076e-01
8.603624701499938965e-01
2.230539321899414062e-01
1.576057672500610352e-01
9.391570836305618286e-02
4.879130795598030090e-02
7.616493701934814453e-01
3.080153167247772217e-01
7.947760224342346191e-01
2.457938939332962036e-01
1.618730723857879639e-01
9.918505698442459106e-02
4.747078567743301392e-02
7.456933856010437012e-01
2.877877354621887207e-01
8.164478540420532227e-01
2.366675883531570435e-01
1.651585847139358521e-01
9.854994714260101318e-02
5.001060292124748230e-02
7.926831841468811035e-01
2.593889236450195312e-01
8.509230613708496094e-01
2.191764712333679199e-01
1.646532565355300903e-01
9.927565604448318481e-02
4.394375160336494446e-02
5.937940478324890137e-01
2.826610207557678223e-01
6.385521888732910156e-01
2.143579274415969849e-01
1.613431125879287720e-01
9.558902680873870850e-02
3.788533806800842285e-02
7.701150774955749512e-01
2.667220532894134521e-01
8.024064302444458008e-01
2.075156867504119873e-01
1.593337357044219971e-01
9.439986944198608398e-02
3.977886214852333069e-02
7.192393541336059570e-01
2.653632462024688721e-01
7.985572814941406250e-01
2.053088247776031494e-01
1.667818576097488403e-01
9.509049355983734131e-02
3.823335841298103333e-02
7.077285051345825195e-01
2.532037496566772461e-01
7.779833674430847168e-01
1.975155770778656006e-01
1.644708365201950073e-01
9.424418210983276367e-02
4.102699458599090576e-02
7.140795588493347168e-01
2.831697165966033936e-01
7.696404457092285156e-01
2.090441435575485229e-01
1.614034771919250488e-01
9.119113534688949585e-02
4.013048857450485229e-02
7.156020402908325195e-01
2.732452750205993652e-01
7.681596875190734863e-01
2.109112739562988281e-01
1.515350043773651123e-01
9.266549348831176758e-02
4.100035876035690308e-02
7.320615649223327637e-01
2.587739825248718262e-01
8.007931709289550781e-01
2.082496136426925659e-01
1.470687091350555420e-01
9.409876912832260132e-02
4.018678143620491028e-02
7.146042585372924805e-01
2.863271236419677734e-01
7.837578058242797852e-01
2.011082470417022705e-01
1.434847712516784668e-01
9.213311225175857544e-02
4.139617085456848145e-02
7.265419960021972656e-01
2.379279136657714844e-01
7.993683815002441406e-01
2.107746750116348267e-01
1.469070762395858765e-01
9.137745946645736694e-02
4.096748307347297668e-02
7.177264690399169922e-01
2.640524506568908691e-01
7.803136110305786133e-01
2.195968180894851685e-01
1.454978734254837036e-01
9.144143760204315186e-02
4.001935198903083801e-02
6.896688342094421387e-01
2.694007754325866699e-01
7.568730115890502930e-01
2.242301702499389648e-01
1.410301476716995239e-01
9.503074735403060913e-02
3.897505253553390503e-02
7.036203742027282715e-01
2.433469444513320923e-01
7.590042352676391602e-01
2.049576044082641602e-01
1.460081487894058228e-01
9.286472946405410767e-02
3.889847546815872192e-02
7.078569531440734863e-01
2.291923761367797852e-01
7.801586985588073730e-01
1.530549675226211548e-01
1.434018462896347046e-01
9.267781674861907959e-02
3.978809341788291931e-02
7.148398160934448242e-01
2.023547887802124023e-01
7.815161943435668945e-01
1.466589719057083130e-01
1.465559750795364380e-01
9.222176671028137207e-02
3.984465077519416809e-02
7.187117934226989746e-01
2.146300375461578369e-01
7.867522239685058594e-01
1.807008087635040283e-01
1.474512219429016113e-01
9.330161660909652710e-02
4.152335599064826965e-02
7.156642079353332520e-01
2.174861580133438110e-01
7.840378284454345703e-01
1.626868993043899536e-01
1.489987075328826904e-01
9.312746673822402954e-02
4.167512431740760803e-02
7.067027091979980469e-01
2.158129513263702393e-01
7.623966932296752930e-01
1.660268902778625488e-01
1.507052183151245117e-01
9.198906272649765015e-02
4.297813773155212402e-02
6.989235877990722656e-01
1.954860389232635498e-01
7.808600664138793945e-01
1.558146923780441284e-01
1.479750871658325195e-01
9.205467253923416138e-02
4.512934014201164246e-02
6.709153056144714355e-01
2.241484373807907104e-01
7.527731060981750488e-01
1.748737245798110962e-01
1.455610096454620361e-01
9.246148169040679932e-02
4.475510865449905396e-02
6.689756512641906738e-01
2.099315375089645386e-01
7.430741190910339355e-01
1.595891714096069336e-01
1.403171271085739136e-01
9.224980324506759644e-02
4.877878352999687195e-02
7.034603953361511230e-01
2.179453969001770020e-01
7.446753382682800293e-01
1.632108241319656372e-01
1.392183601856231689e-01
9.250371903181076050e-02
5.115101486444473267e-02
6.930485963821411133e-01
2.134850770235061646e-01
7.128980755805969238e-01
1.631497442722320557e-01
1.418624967336654663e-01
9.024357795715332031e-02
5.284283310174942017e-02
7.331679463386535645e-01
2.172861993312835693e-01
8.147503137588500977e-01
1.689727455377578735e-01
1.415896713733673096e-01
9.036246687173843384e-02
5.427852272987365723e-02
7.426912188529968262e-01
2.104705125093460083e-01
7.927761077880859375e-01
1.597735136747360229e-01
1.439270079135894775e-01
9.008313715457916260e-02
5.203140899538993835e-02
7.297645807266235352e-01
2.097994983196258545e-01
7.982701659202575684e-01
1.629609614610671997e-01
1.430849730968475342e-01
9.185832738876342773e-02
5.132967978715896606e-02
6.857368946075439453e-01
2.073032706975936890e-01
7.530704736709594727e-01
1.567704826593399048e-01
1.398983746767044067e-01
9.260965138673782349e-02
5.344710499048233032e-02
7.219535112380981445e-01
2.163669019937515259e-01
7.936139106750488281e-01
1.616516858339309692e-01
1.436158865690231323e-01
9.159498661756515503e-02
5.294938385486602783e-02
7.102211713790893555e-01
2.047688663005828857e-01
7.706073522567749023e-01
1.585069149732589722e-01
1.423251032829284668e-01
9.272618591785430908e-02
5.381842330098152161e-02
7.060959935188293457e-01
2.178698033094406128e-01
7.523588538169860840e-01
1.669403165578842163e-01
1.415883749723434448e-01
9.187404066324234009e-02
5.388710647821426392e-02
7.015975117683410645e-01
2.184175997972488403e-01
7.486131787300109863e-01
1.702296882867813110e-01
1.376634985208511353e-01
9.293483197689056396e-02
5.489455536007881165e-02
7.138716578483581543e-01
2.149313092231750488e-01
7.785427570343017578e-01
1.674770414829254150e-01
1.416340172290802002e-01
9.645223617553710938e-02
5.486662685871124268e-02
7.086898088455200195e-01
2.201540619134902954e-01
7.682656645774841309e-01
1.596463918685913086e-01
1.414971798658370972e-01
1.005649566650390625e-01
5.453262850642204285e-02
7.209820747375488281e-01
1.964315176010131836e-01
7.885473370552062988e-01
1.575222760438919067e-01
1.385065913200378418e-01
9.626967459917068481e-02
5.640438199043273926e-02
7.111340761184692383e-01
2.082936018705368042e-01
7.715405225753784180e-01
1.634933054447174072e-01
1.331152021884918213e-01
9.633757174015045166e-02
5.551709607243537903e-02
6.926445960998535156e-01
2.223349511623382568e-01
7.542092204093933105e-01
1.670461446046829224e-01
1.314567774534225464e-01
9.576413780450820923e-02
4.947077482938766479e-02
6.850352287292480469e-01
2.141458690166473389e-01
7.465580701828002930e-01
1.690232157707214355e-01
1.313006579875946045e-01
9.377337992191314697e-02
4.674706235527992249e-02
6.999334692955017090e-01
2.096588015556335449e-01
7.714120745658874512e-01
1.667262017726898193e-01
1.332018524408340454e-01
9.568823128938674927e-02
4.820991680026054382e-02
7.062727808952331543e-01
2.041601389646530151e-01
7.701639533042907715e-01
1.693075597286224365e-01
1.357073485851287842e-01
9.545046836137771606e-02
4.725310206413269043e-02
7.135329246520996094e-01
2.147977948188781738e-01
7.795580029487609863e-01
1.688028424978256226e-01
1.313737183809280396e-01
9.557463228702545166e-02
4.272530600428581238e-02
7.250838279724121094e-01
2.071642130613327026e-01
7.969782948493957520e-01
1.603903472423553467e-01
1.326485872268676758e-01
9.782969206571578979e-02
4.351260140538215637e-02
7.210114598274230957e-01
1.965528279542922974e-01
7.831575274467468262e-01
1.606044769287109375e-01
1.358559131622314453e-01
9.359741210937500000e-02
4.053242504596710205e-02
7.155050635337829590e-01
1.957538276910781860e-01
7.670289874076843262e-01
1.620460003614425659e-01
1.358639895915985107e-01
9.966135025024414062e-02
4.246314987540245056e-02
6.762858629226684570e-01
2.218691259622573853e-01
7.390400171279907227e-01
1.700009554624557495e-01
1.345616132020950317e-01
9.446107596158981323e-02
4.383600503206253052e-02
6.869491338729858398e-01
2.170240730047225952e-01
7.489432096481323242e-01
1.756936162710189819e-01
1.391091793775558472e-01
9.315252304077148438e-02
4.436165839433670044e-02
7.133211493492126465e-01
2.124934494495391846e-01
7.458599805831909180e-01
1.672697067260742188e-01
1.313360929489135742e-01
9.369985759258270264e-02
4.276809468865394592e-02
6.510690450668334961e-01
2.146326750516891479e-01
6.796976923942565918e-01
1.801058799028396606e-01
1.264698207378387451e-01
9.253139793872833252e-02
4.203813895583152771e-02
6.595053672790527344e-01
2.037426680326461792e-01
7.050856947898864746e-01
1.698442399501800537e-01
1.302574127912521362e-01
9.338409453630447388e-02
4.242682456970214844e-02
6.346570849418640137e-01
2.185666710138320923e-01
7.051442265510559082e-01
1.727567464113235474e-01
1.308892667293548584e-01
9.301835298538208008e-02
4.090790078043937683e-02
6.571080088615417480e-01
2.181842923164367676e-01
6.981374621391296387e-01
1.610390543937683105e-01
1.301976442337036133e-01
9.551122039556503296e-02
4.050969332456588745e-02
6.273788213729858398e-01
2.154408842325210571e-01
6.617527008056640625e-01
1.706966757774353027e-01
2.399858683347702026e-01
2.185831964015960693e-01
3.473620861768722534e-02
5.867329835891723633e-01
2.206438183784484863e-01
6.608642339706420898e-01
1.685947924852371216e-01
2.671635448932647705e-01
3.504520058631896973e-01
3.470994904637336731e-02
5.573182702064514160e-01
2.437576800584793091e-01
6.090170741081237793e-01
1.709156781435012817e-01
4.855457544326782227e-01
6.263623833656311035e-01
3.367181494832038879e-02
5.455095171928405762e-01
2.705697417259216309e-01
6.087498664855957031e-01
1.851592510938644409e-01
4.461163580417633057e-01
4.057192206382751465e-01
3.382433950901031494e-02
5.328329801559448242e-01
2.725612223148345947e-01
6.071391105651855469e-01
1.964829564094543457e-01
1.318318247795104980e-01
1.785057783126831055e-01
3.357716277241706848e-02
5.653043985366821289e-01
2.398663014173507690e-01
6.408694386482238770e-01
2.034604400396347046e-01
1.336031109094619751e-01
1.237624064087867737e-01
3.233506157994270325e-02
5.749596357345581055e-01
2.828401327133178711e-01
6.374097466468811035e-01
2.208791524171829224e-01
1.350616216659545898e-01
1.308020502328872681e-01
3.315637633204460144e-02
5.679812431335449219e-01
2.695120871067047119e-01
6.489224433898925781e-01
2.265203148126602173e-01
1.319848448038101196e-01
1.193996146321296692e-01
3.311395272612571716e-02
5.518847107887268066e-01
2.534986734390258789e-01
6.229044795036315918e-01
2.019931226968765259e-01
1.262609511613845825e-01
1.154650747776031494e-01
3.248893097043037415e-02
5.640193223953247070e-01
2.141788154840469360e-01
6.369956135749816895e-01
1.761976927518844604e-01
1.245683506131172180e-01
1.223909258842468262e-01
3.233420103788375854e-02
5.158110857009887695e-01
2.225207835435867310e-01
5.924314856529235840e-01
1.855323910713195801e-01
1.265280544757843018e-01
1.217187792062759399e-01
3.176872432231903076e-02
5.348243713378906250e-01
2.051365673542022705e-01
6.092042326927185059e-01
1.707643568515777588e-01
1.351458728313446045e-01
1.266161799430847168e-01
3.283920884132385254e-02
5.435249805450439453e-01
2.030542641878128052e-01
6.182011961936950684e-01
1.822678893804550171e-01
1.353968828916549683e-01
1.256054490804672241e-01
3.280181437730789185e-02
5.464676618576049805e-01
2.009039819240570068e-01
6.185254454612731934e-01
1.691670715808868408e-01
1.357169449329376221e-01
1.363940834999084473e-01
3.264512494206428528e-02
5.614522099494934082e-01
2.056856155395507812e-01
6.280517578125000000e-01
1.710019856691360474e-01
1.407750397920608521e-01
1.275981217622756958e-01
3.250195458531379700e-02
5.305548906326293945e-01
1.954990178346633911e-01
5.989220738410949707e-01
1.551175564527511597e-01
1.446003764867782593e-01
1.513977050781250000e-01
3.289894387125968933e-02
5.247847437858581543e-01
2.100259065628051758e-01
5.862231254577636719e-01
1.673929095268249512e-01
1.291925907135009766e-01
1.233343407511711121e-01
3.250080719590187073e-02
5.010454654693603516e-01
2.130350172519683838e-01
5.485284924507141113e-01
1.709982603788375854e-01
1.215683147311210632e-01
1.362135857343673706e-01
3.413744643330574036e-02
4.935578703880310059e-01
2.176797091960906982e-01
5.489115118980407715e-01
1.736771315336227417e-01
1.197430714964866638e-01
1.321898102760314941e-01
3.432107716798782349e-02
5.251743793487548828e-01
2.058702260255813599e-01
5.932487249374389648e-01
1.736703217029571533e-01
1.254931241273880005e-01
1.434205472469329834e-01
3.399240225553512573e-02
5.811659693717956543e-01
2.314201146364212036e-01
6.510237455368041992e-01
1.850529015064239502e-01
1.423927247524261475e-01
1.333628892898559570e-01
3.405400738120079041e-02
6.358980536460876465e-01
1.924563348293304443e-01
7.012754082679748535e-01
1.667082756757736206e-01
1.387488096952438354e-01
1.369437724351882935e-01
3.381462767720222473e-02
6.541633605957031250e-01
1.834401190280914307e-01
7.380388975143432617e-01
1.508475989103317261e-01
1.266682893037796021e-01
1.108514368534088135e-01
3.245121613144874573e-02
7.205170392990112305e-01
1.824816763401031494e-01
7.625463604927062988e-01
1.587844192981719971e-01
1.303612142801284790e-01
1.165305525064468384e-01
3.265606611967086792e-02
6.692902445793151855e-01
1.831412315368652344e-01
7.258294224739074707e-01
1.564228385686874390e-01
1.208423450589179993e-01
1.165216341614723206e-01
2.848550304770469666e-02
6.700233221054077148e-01
1.633162200450897217e-01
7.425507307052612305e-01
1.457209438085556030e-01
1.228360682725906372e-01
1.134769096970558167e-01
2.785397693514823914e-02
6.517565846443176270e-01
1.773967295885086060e-01
7.237021327018737793e-01
1.533962190151214600e-01
1.249238327145576477e-01
1.084378138184547424e-01
2.865141630172729492e-02
6.034583449363708496e-01
1.812732517719268799e-01
6.585752964019775391e-01
1.572640836238861084e-01
1.256808340549468994e-01
1.169703826308250427e-01
2.805113792419433594e-02
5.876485109329223633e-01
1.918209642171859741e-01
6.466720104217529297e-01
1.621640324592590332e-01
1.306120604276657104e-01
1.245645806193351746e-01
2.766873687505722046e-02
5.956000089645385742e-01
2.088473588228225708e-01
6.520199775695800781e-01
1.627180129289627075e-01
1.306513547897338867e-01
1.195645555853843689e-01
2.766078710556030273e-02
6.104416847229003906e-01
1.860368251800537109e-01
6.744766235351562500e-01
1.474021077156066895e-01
1.324674636125564575e-01
1.138827130198478699e-01
2.834547124803066254e-02
6.193895936012268066e-01
1.815780848264694214e-01
6.817870736122131348e-01
1.489797979593276978e-01
1.280335634946823120e-01
1.228671297430992126e-01
2.817757427692413330e-02
6.258766055107116699e-01
2.086217999458312988e-01
6.916823387145996094e-01
1.668940484523773193e-01
1.174325495958328247e-01
1.206093728542327881e-01
2.830260433256626129e-02
6.120011210441589355e-01
1.630295217037200928e-01
6.826635003089904785e-01
1.360557377338409424e-01
1.194790452718734741e-01
1.333710551261901855e-01
2.825112268328666687e-02
6.128028035163879395e-01
1.490586400032043457e-01
6.764656901359558105e-01
1.335052251815795898e-01
1.283515691757202148e-01
1.351532936096191406e-01
2.828272245824337006e-02
5.919759869575500488e-01
1.470550149679183960e-01
6.372708082199096680e-01
1.321099400520324707e-01
1.320618838071823120e-01
1.363168358802795410e-01
2.833196148276329041e-02
5.693979859352111816e-01
1.382415145635604858e-01
6.275576353073120117e-01
1.214783042669296265e-01
1.317923367023468018e-01
1.402932107448577881e-01
2.876649610698223114e-02
5.532372593879699707e-01
1.449352055788040161e-01
6.130437254905700684e-01
1.219622492790222168e-01
1.311044991016387939e-01
1.440560519695281982e-01
2.835015207529067993e-02
5.452499389648437500e-01
1.445823609828948975e-01
6.101197004318237305e-01
1.195599660277366638e-01
1.369306892156600952e-01
1.417333185672760010e-01
2.859280258417129517e-02
5.513620376586914062e-01
1.350129395723342896e-01
6.059854626655578613e-01
1.139458939433097839e-01
1.310702711343765259e-01
1.405323892831802368e-01
2.866339683532714844e-02
5.478714704513549805e-01
1.340546160936355591e-01
6.132803559303283691e-01
1.136004254221916199e-01
1.259747296571731567e-01
1.468401402235031128e-01
3.011154010891914368e-02
5.305014252662658691e-01
1.391645520925521851e-01
6.048781275749206543e-01
1.136385723948478699e-01
1.257298290729522705e-01
1.506559550762176514e-01
3.090261295437812805e-02
5.204211473464965820e-01
1.404490917921066284e-01
5.849717855453491211e-01
1.133636385202407837e-01
1.354117989540100098e-01
1.802781522274017334e-01
3.115724027156829834e-02
5.419053435325622559e-01
1.365039646625518799e-01
6.073702573776245117e-01
1.147820726037025452e-01
1.445048600435256958e-01
2.131118774414062500e-01
3.246939182281494141e-02
6.194201111793518066e-01
1.422422230243682861e-01
6.734867095947265625e-01
1.195098087191581726e-01
1.468681842088699341e-01
1.966528147459030151e-01
3.272838145494461060e-02
6.543101072311401367e-01
1.349947154521942139e-01
7.302489280700683594e-01
1.173688024282455444e-01
1.454034447669982910e-01
1.730644851922988892e-01
3.348763287067413330e-02
6.543195843696594238e-01
1.432546377182006836e-01
7.388631701469421387e-01
1.099239438772201538e-01
1.362296789884567261e-01
1.642095297574996948e-01
3.352004662156105042e-02
6.227663755416870117e-01
1.413584649562835693e-01
6.577579975128173828e-01
1.092276126146316528e-01
1.384746879339218140e-01
1.639365553855895996e-01
3.381917998194694519e-02
6.570863723754882812e-01
1.463702768087387085e-01
7.163988947868347168e-01
1.174954250454902649e-01
1.288415044546127319e-01
1.598458141088485718e-01
3.393908962607383728e-02
6.258603930473327637e-01
1.377651542425155640e-01
7.013851404190063477e-01
1.132702231407165527e-01
1.466808021068572998e-01
1.974482834339141846e-01
3.475745394825935364e-02
6.447974443435668945e-01
1.422621458768844604e-01
7.303818464279174805e-01
1.165434271097183228e-01
1.812122166156768799e-01
1.843557655811309814e-01
3.628132492303848267e-02
6.539964079856872559e-01
1.416508108377456665e-01
7.147262096405029297e-01
1.152990907430648804e-01
2.119978517293930054e-01
3.336161375045776367e-01
3.722661361098289490e-02
6.261788606643676758e-01
1.406053751707077026e-01
6.902644634246826172e-01
1.174977272748947144e-01
2.139110118150711060e-01
1.723686158657073975e-01
3.571180999279022217e-02
6.166132092475891113e-01
1.463898718357086182e-01
6.785195469856262207e-01
1.249990612268447876e-01
2.210076898336410522e-01
1.796282976865768433e-01
3.565390035510063171e-02
6.116667985916137695e-01
1.457629501819610596e-01
6.834208369255065918e-01
1.181553006172180176e-01
2.180226594209671021e-01
1.693001538515090942e-01
3.589562699198722839e-02
6.429505348205566406e-01
1.419126391410827637e-01
7.068049311637878418e-01
1.235367655754089355e-01
2.125783860683441162e-01
1.507281064987182617e-01
3.813657164573669434e-02
6.292915344238281250e-01
1.409434974193572998e-01
6.808748841285705566e-01
1.221230402588844299e-01
2.014292329549789429e-01
1.545909047126770020e-01
3.722741827368736267e-02
6.264967322349548340e-01
1.460866630077362061e-01
6.821625828742980957e-01
1.201194152235984802e-01
1.930683702230453491e-01
1.711135059595108032e-01
3.775092959403991699e-02
6.191459298133850098e-01
1.378779858350753784e-01
6.671479344367980957e-01
1.175726503133773804e-01
2.039667516946792603e-01
1.531122922897338867e-01
3.829035535454750061e-02
6.129209399223327637e-01
1.526037007570266724e-01
6.584242582321166992e-01
1.213324069976806641e-01
2.278776168823242188e-01
1.592735052108764648e-01
3.908084705471992493e-02
6.041010618209838867e-01
1.532329916954040527e-01
6.544257998466491699e-01
1.202949360013008118e-01
2.449865788221359253e-01
1.697453260421752930e-01
3.934011980891227722e-02
6.340098381042480469e-01
1.508213430643081665e-01
6.790526509284973145e-01
1.131986677646636963e-01
2.695676386356353760e-01
1.703613549470901489e-01
4.004126042127609253e-02
6.138653755187988281e-01
1.443374305963516235e-01
6.772010326385498047e-01
1.154514700174331665e-01
2.922936379909515381e-01
1.552075445652008057e-01
4.076185449957847595e-02
6.305195689201354980e-01
1.449865996837615967e-01
6.734970808029174805e-01
1.136111170053482056e-01
3.077533543109893799e-01
1.477882266044616699e-01
4.183829575777053833e-02
6.536403894424438477e-01
1.385339051485061646e-01
7.006596922874450684e-01
1.148835122585296631e-01
3.154828250408172607e-01
1.613132059574127197e-01
4.201170057058334351e-02
6.137908101081848145e-01
1.280318498611450195e-01
7.173985242843627930e-01
1.109727919101715088e-01
3.225452303886413574e-01
1.752102077007293701e-01
4.159864038228988647e-02
5.988616943359375000e-01
1.376138925552368164e-01
6.554732322692871094e-01
1.149428784847259521e-01
3.629626929759979248e-01
1.691688746213912964e-01
4.137251898646354675e-02
5.738421678543090820e-01
1.321236044168472290e-01
6.635481715202331543e-01
1.099939793348312378e-01
3.739571571350097656e-01
2.371564209461212158e-01
4.380471259355545044e-02
6.151112318038940430e-01
1.253510266542434692e-01
6.597602367401123047e-01
1.124821081757545471e-01
3.799295723438262939e-01
1.961332559585571289e-01
4.389523342251777649e-02
6.053143739700317383e-01
1.264969259500503540e-01
6.751212477684020996e-01
1.100664809346199036e-01
3.709074258804321289e-01
1.512455493211746216e-01
4.447834938764572144e-02
6.791338920593261719e-01
1.320185810327529907e-01
7.374854087829589844e-01
1.103600785136222839e-01
3.659328818321228027e-01
1.501132696866989136e-01
4.548367857933044434e-02
6.700747609138488770e-01
1.290369778871536255e-01
7.375753521919250488e-01
1.108101233839988708e-01
3.700176775455474854e-01
1.520785093307495117e-01
4.688858240842819214e-02
6.901192069053649902e-01
1.337595432996749878e-01
7.441725730895996094e-01
1.124149486422538757e-01
3.650680184364318848e-01
1.453179270029067993e-01
4.971087723970413208e-02
7.124298214912414551e-01
1.275226324796676636e-01
7.808236479759216309e-01
1.105775982141494751e-01
3.790939748287200928e-01
1.744783371686935425e-01
4.993156716227531433e-02
7.056187391281127930e-01
1.307634115219116211e-01
7.944024205207824707e-01
1.148622855544090271e-01
3.808023929595947266e-01
1.729319691658020020e-01
5.192708969116210938e-02
7.307977080345153809e-01
1.278413385152816772e-01
8.150445222854614258e-01
1.183667406439781189e-01
3.744494616985321045e-01
1.733489334583282471e-01
5.225607752799987793e-02
7.287613153457641602e-01
1.298266798257827759e-01
7.803083062171936035e-01
1.129975169897079468e-01
3.836672306060791016e-01
1.613082438707351685e-01
5.267397686839103699e-02
7.171587944030761719e-01
1.287482082843780518e-01
7.949447631835937500e-01
1.142701879143714905e-01
4.018656015396118164e-01
1.595634222030639648e-01
5.398268252611160278e-02
7.299601435661315918e-01
1.287670582532882690e-01
8.134316205978393555e-01
1.159961372613906860e-01
4.144594073295593262e-01
1.315173804759979248e-01
5.424976348876953125e-02
7.806675434112548828e-01
1.287355124950408936e-01
8.383365869522094727e-01
1.215727701783180237e-01
4.088594317436218262e-01
1.343353539705276489e-01
5.628271400928497314e-02
7.607678174972534180e-01
1.274017989635467529e-01
8.139370679855346680e-01
1.132925152778625488e-01
3.977653384208679199e-01
1.287932395935058594e-01
5.630633980035781860e-02
7.564681172370910645e-01
1.300603598356246948e-01
8.152674436569213867e-01
1.137810423970222473e-01
3.982340395450592041e-01
1.403175890445709229e-01
5.792799592018127441e-02
7.504186034202575684e-01
1.264952719211578369e-01
7.975212931632995605e-01
1.138056814670562744e-01
4.092358946800231934e-01
1.336785703897476196e-01
5.843247100710868835e-02
7.588353157043457031e-01
1.268117129802703857e-01
7.813684344291687012e-01
1.129253581166267395e-01
4.074639678001403809e-01
1.478003114461898804e-01
5.792092159390449524e-02
7.486729621887207031e-01
1.328348815441131592e-01
7.940595746040344238e-01
1.144118309020996094e-01
4.292157590389251709e-01
1.397137045860290527e-01
5.896780639886856079e-02
7.809299230575561523e-01
1.371298581361770630e-01
8.300890922546386719e-01
1.108611226081848145e-01
4.228121042251586914e-01
1.464257985353469849e-01
6.138783320784568787e-02
7.566077113151550293e-01
1.327966004610061646e-01
8.203259706497192383e-01
1.101424321532249451e-01
4.238808453083038330e-01
1.386736929416656494e-01
5.896893143653869629e-02
7.582494616508483887e-01
1.284338533878326416e-01
8.324179649353027344e-01
1.112627387046813965e-01
4.301279187202453613e-01
1.288043111562728882e-01
6.284357607364654541e-02
7.564466595649719238e-01
1.319247186183929443e-01
8.084245324134826660e-01
1.091598570346832275e-01
4.005460739135742188e-01
1.401165574789047241e-01
6.163015216588973999e-02
7.428078651428222656e-01
1.281781792640686035e-01
8.541336059570312500e-01
1.099684908986091614e-01
3.803513944149017334e-01
1.674195975065231323e-01
6.072418391704559326e-02
7.271274328231811523e-01
1.340373307466506958e-01
7.969079613685607910e-01
1.080622673034667969e-01
3.757109045982360840e-01
1.738166660070419312e-01
5.893750488758087158e-02
6.820800304412841797e-01
1.307125836610794067e-01
8.042012453079223633e-01
1.080782562494277954e-01
3.858885467052459717e-01
1.727825403213500977e-01
6.079480051994323730e-02
8.114085197448730469e-01
1.230527535080909729e-01
8.719038963317871094e-01
1.089821681380271912e-01
4.043705761432647705e-01
1.519657820463180542e-01
5.975597351789474487e-02
8.329644799232482910e-01
1.309250891208648682e-01
9.029179811477661133e-01
1.098459139466285706e-01
3.942385315895080566e-01
1.116497367620468140e-01
6.332375109195709229e-02
8.143884539604187012e-01
1.327604204416275024e-01
8.632699251174926758e-01
1.106176972389221191e-01
3.938825726509094238e-01
1.146688833832740784e-01
6.350175291299819946e-02
8.882001042366027832e-01
1.282821595668792725e-01
8.755567669868469238e-01
1.112452596426010132e-01
4.217852652072906494e-01
1.108968034386634827e-01
6.698590517044067383e-02
7.794111371040344238e-01
1.383463293313980103e-01
8.265507817268371582e-01
1.145506352186203003e-01
4.203543066978454590e-01
1.106523126363754272e-01
7.617399841547012329e-02
8.055558800697326660e-01
1.356293410062789917e-01
8.850961327552795410e-01
1.085850372910499573e-01
3.851885497570037842e-01
1.208813339471817017e-01
8.621747791767120361e-02
8.552775382995605469e-01
1.347228437662124634e-01
9.424586296081542969e-01
1.121265888214111328e-01
3.634385466575622559e-01
1.369854807853698730e-01
8.379119634628295898e-02
8.418095707893371582e-01
1.302700936794281006e-01
9.285167455673217773e-01
1.130920127034187317e-01
3.492051064968109131e-01
1.431647986173629761e-01
8.276406675577163696e-02
8.354673981666564941e-01
1.281668245792388916e-01
8.908195495605468750e-01
1.083897277712821960e-01
3.568728864192962646e-01
1.435826569795608521e-01
7.673992216587066650e-02
8.020888566970825195e-01
1.254658997058868408e-01
8.834769725799560547e-01
1.081457808613777161e-01
3.509809672832489014e-01
1.303616017103195190e-01
6.985579431056976318e-02
8.073734045028686523e-01
1.282871663570404053e-01
9.006729125976562500e-01
1.103058457374572754e-01
3.549050688743591309e-01
1.143427789211273193e-01
6.633622199296951294e-02
8.466439843177795410e-01
1.321727633476257324e-01
9.158982634544372559e-01
1.120664253830909729e-01
3.490142822265625000e-01
1.317274868488311768e-01
6.390562653541564941e-02
8.690339922904968262e-01
1.247348636388778687e-01
9.336144328117370605e-01
1.131674870848655701e-01
3.503430783748626709e-01
1.297556757926940918e-01
6.252462416887283325e-02
8.753529787063598633e-01
1.286902278661727905e-01
9.513046741485595703e-01
1.060885488986968994e-01
3.431565761566162109e-01
1.383485943078994751e-01
6.033472716808319092e-02
8.787413835525512695e-01
1.316679269075393677e-01
9.466276764869689941e-01
1.067364588379859924e-01
3.574796319007873535e-01
1.322845518589019775e-01
5.412995070219039917e-02
8.807476758956909180e-01
1.269135624170303345e-01
9.419123530387878418e-01
1.071056202054023743e-01
3.860814273357391357e-01
1.183584555983543396e-01
5.104719847440719604e-02
8.796759247779846191e-01
1.310583949089050293e-01
9.299454689025878906e-01
1.080192625522613525e-01
4.045194089412689209e-01
1.379423886537551880e-01
5.006261169910430908e-02
9.189429283142089844e-01
1.413063555955886841e-01
9.461455345153808594e-01
1.110373660922050476e-01
4.156793057918548584e-01
1.197492480278015137e-01
4.519013687968254089e-02
8.649106621742248535e-01
1.417782604694366455e-01
9.413081407546997070e-01
1.110244840383529663e-01
4.435165822505950928e-01
1.337183564901351929e-01
4.431860893964767456e-02
8.572465777397155762e-01
1.386463046073913574e-01
9.509339332580566406e-01
1.099812090396881104e-01
4.580875039100646973e-01
1.279146969318389893e-01
4.321276396512985229e-02
9.084791541099548340e-01
1.441040039062500000e-01
9.491673707962036133e-01
1.150664389133453369e-01
4.896604418754577637e-01
1.171254515647888184e-01
3.935468196868896484e-02
8.554318547248840332e-01
1.476190537214279175e-01
9.854207038879394531e-01
1.121473759412765503e-01
4.838417470455169678e-01
1.260880082845687866e-01
3.598262369632720947e-02
8.621373176574707031e-01
1.483091562986373901e-01
9.239434003829956055e-01
1.131286025047302246e-01
4.998608529567718506e-01
1.332601159811019897e-01
4.241470620036125183e-02
8.018648028373718262e-01
1.533567756414413452e-01
8.630884885787963867e-01
1.140236705541610718e-01
4.956483244895935059e-01
1.447628736495971680e-01
3.829528763890266418e-02
8.697771430015563965e-01
1.456661969423294067e-01
9.472869634628295898e-01
1.149715706706047058e-01
4.993145465850830078e-01
1.523872613906860352e-01
3.887979686260223389e-02
8.779903650283813477e-01
1.495967805385589600e-01
9.754246473312377930e-01
1.195455268025398254e-01
4.952598214149475098e-01
1.480852216482162476e-01
3.539843484759330750e-02
8.697686195373535156e-01
1.556665748357772827e-01
9.362367987632751465e-01
1.183353587985038757e-01
4.963724017143249512e-01
1.590331792831420898e-01
3.649646043777465820e-02
8.961129188537597656e-01
2.046220451593399048e-01
8.956136107444763184e-01
1.447795927524566650e-01
5.082280039787292480e-01
1.509661078453063965e-01
3.666635975241661072e-02
8.034146428108215332e-01
1.572680473327636719e-01
8.700837492942810059e-01
1.132060587406158447e-01
5.079635977745056152e-01
1.554211974143981934e-01
4.159182682633399963e-02
8.253161907196044922e-01
1.600016206502914429e-01
8.837708830833435059e-01
1.106756404042243958e-01
5.099088549613952637e-01
1.499891430139541626e-01
4.238425940275192261e-02
8.399909734725952148e-01
1.500661522150039673e-01
9.078503847122192383e-01
1.082680001854896545e-01
5.073431730270385742e-01
1.444398462772369385e-01
4.293411597609519958e-02
8.254280090332031250e-01
1.412731260061264038e-01
9.066065549850463867e-01
1.090352088212966919e-01
5.135687589645385742e-01
1.419061869382858276e-01
4.279408603906631470e-02
8.216722607612609863e-01
1.356613785028457642e-01
8.579330444335937500e-01
1.059777960181236267e-01
5.106709599494934082e-01
1.481190025806427002e-01
4.466563463211059570e-02
7.893311381340026855e-01
1.392342001199722290e-01
8.509739637374877930e-01
1.078101322054862976e-01
5.077254176139831543e-01
1.432745158672332764e-01
4.371209442615509033e-02
7.927098870277404785e-01
1.341646909713745117e-01
8.505641222000122070e-01
1.059451997280120850e-01
5.072748661041259766e-01
1.491511613130569458e-01
4.526735097169876099e-02
8.201401233673095703e-01
1.444192081689834595e-01
8.489584922790527344e-01
1.196966841816902161e-01
5.070814490318298340e-01
1.557576507329940796e-01
4.565037414431571960e-02
8.048444390296936035e-01
1.494797468185424805e-01
8.528313636779785156e-01
1.074662432074546814e-01
5.091935396194458008e-01
1.585286408662796021e-01
4.623200744390487671e-02
8.169340491294860840e-01
1.516568958759307861e-01
8.684332966804504395e-01
1.071519032120704651e-01
5.186281800270080566e-01
1.449647992849349976e-01
4.701220616698265076e-02
8.241612315177917480e-01
1.463754773139953613e-01
8.771103620529174805e-01
1.065543964505195618e-01
5.304460525512695312e-01
1.411375999450683594e-01
4.827973246574401855e-02
8.234492540359497070e-01
1.486775577068328857e-01
8.557022809982299805e-01
1.118079572916030884e-01
5.647421479225158691e-01
1.219803690910339355e-01
5.027285590767860413e-02
8.164657354354858398e-01
1.413592994213104248e-01
8.505424261093139648e-01
1.108055934309959412e-01
5.865566134452819824e-01
1.205260902643203735e-01
5.493083968758583069e-02
8.076784014701843262e-01
1.557534635066986084e-01
8.415247797966003418e-01
1.069065183401107788e-01
5.833970904350280762e-01
1.219732612371444702e-01
5.778281018137931824e-02
8.023167848587036133e-01
1.440637111663818359e-01
8.758088946342468262e-01
1.099041327834129333e-01
5.939881801605224609e-01
1.381420344114303589e-01
6.343545764684677124e-02
8.131657838821411133e-01
1.380486041307449341e-01
8.878743052482604980e-01
1.074125096201896667e-01
6.122849583625793457e-01
1.463564932346343994e-01
6.584198027849197388e-02
8.421934247016906738e-01
1.439381986856460571e-01
8.927366137504577637e-01
1.066131591796875000e-01
6.107302904129028320e-01
1.439147293567657471e-01
6.804709136486053467e-02
7.931594848632812500e-01
1.451466232538223267e-01
9.064265489578247070e-01
1.102559417486190796e-01
6.171770095825195312e-01
1.333929896354675293e-01
6.913589686155319214e-02
7.768809795379638672e-01
1.511366814374923706e-01
8.529660105705261230e-01
1.096203699707984924e-01
6.180729866027832031e-01
1.323996037244796753e-01
7.238113880157470703e-02
7.047336101531982422e-01
1.572467833757400513e-01
7.556152939796447754e-01
1.131920814514160156e-01
6.392920613288879395e-01
1.344090700149536133e-01
7.480865716934204102e-02
6.275381445884704590e-01
1.440743356943130493e-01
6.722668409347534180e-01
1.139017269015312195e-01
6.325024962425231934e-01
1.407447606325149536e-01
7.477339357137680054e-02
5.362808704376220703e-01
1.469629108905792236e-01
5.867307782173156738e-01
1.119957119226455688e-01
6.273871064186096191e-01
1.421915441751480103e-01
7.542179524898529053e-02
5.190972685813903809e-01
1.431878358125686646e-01
5.394060015678405762e-01
1.161867976188659668e-01
6.204001903533935547e-01
1.446076780557632446e-01
7.994051277637481689e-02
5.018653869628906250e-01
1.436663419008255005e-01
5.271436572074890137e-01
1.126092523336410522e-01
6.250961422920227051e-01
1.466115713119506836e-01
8.186193555593490601e-02
4.944773614406585693e-01
1.426522880792617798e-01
5.345816016197204590e-01
1.109252348542213440e-01
6.386834979057312012e-01
1.428416818380355835e-01
8.318313211202621460e-02
4.909678101539611816e-01
1.420615315437316895e-01
5.334462523460388184e-01
1.109402626752853394e-01
6.284710764884948730e-01
1.497676372528076172e-01
8.352924883365631104e-02
4.996344149112701416e-01
1.431887894868850708e-01
5.279974937438964844e-01
1.125828847289085388e-01
6.395897865295410156e-01
1.472361385822296143e-01
8.661626279354095459e-02
5.107416510581970215e-01
1.410370618104934692e-01
5.462728142738342285e-01
1.151033267378807068e-01
6.366396546363830566e-01
1.375397443771362305e-01
9.214388579130172729e-02
5.178255438804626465e-01
1.430286169052124023e-01
5.375344157218933105e-01
1.179557517170906067e-01
6.253908872604370117e-01
1.268013715744018555e-01
9.810481965541839600e-02
5.142721533775329590e-01
1.558408439159393311e-01
5.339745879173278809e-01
1.259269267320632935e-01
6.411663889884948730e-01
1.080081090331077576e-01
9.853430837392807007e-02
5.019999146461486816e-01
1.628329902887344360e-01
5.281226038932800293e-01
1.277281790971755981e-01
6.341530680656433105e-01
1.087881475687026978e-01
1.022435575723648071e-01
5.241963267326354980e-01
1.483551412820816040e-01
5.422461628913879395e-01
1.394541859626770020e-01
6.395863890647888184e-01
1.107724756002426147e-01
1.048551201820373535e-01
5.090498924255371094e-01
1.524614989757537842e-01
5.277102589607238770e-01
1.283638775348663330e-01
6.461256742477416992e-01
1.163753122091293335e-01
1.058929637074470520e-01
4.969291090965270996e-01
1.429108083248138428e-01
5.271326303482055664e-01
1.206039339303970337e-01
6.533786058425903320e-01
1.281884908676147461e-01
1.077727004885673523e-01
4.997541010379791260e-01
1.458604484796524048e-01
5.329785943031311035e-01
1.160676628351211548e-01
6.360899806022644043e-01
1.283016502857208252e-01
1.090107187628746033e-01
5.331493616104125977e-01
1.545047014951705933e-01
5.520900487899780273e-01
1.228721961379051208e-01
6.648582816123962402e-01
1.198841854929924011e-01
1.142240241169929504e-01
5.478839874267578125e-01
1.542785465717315674e-01
5.663212537765502930e-01
1.341941952705383301e-01
6.751253008842468262e-01
1.306378692388534546e-01
1.134203746914863586e-01
5.556268095970153809e-01
1.622660160064697266e-01
5.764334797859191895e-01
1.273620724678039551e-01
6.749957799911499023e-01
1.236925497651100159e-01
1.233626976609230042e-01
5.683031678199768066e-01
1.589462608098983765e-01
5.820925831794738770e-01
1.272192746400833130e-01
7.173319458961486816e-01
1.305766105651855469e-01
1.231881082057952881e-01
5.900412797927856445e-01
1.576203852891921997e-01
6.107718348503112793e-01
1.233596801757812500e-01
7.145025730133056641e-01
1.289438456296920776e-01
1.051159501075744629e-01
5.961842536926269531e-01
1.539099961519241333e-01
6.120434999465942383e-01
1.223708540201187134e-01
7.046176791191101074e-01
1.273046284914016724e-01
9.894353896379470825e-02
5.604135394096374512e-01
1.568765938282012939e-01
6.125985383987426758e-01
1.300161182880401611e-01
6.864621043205261230e-01
1.178367733955383301e-01
1.037683635950088501e-01
5.386711955070495605e-01
1.626683324575424194e-01
5.948150157928466797e-01
1.273486316204071045e-01
7.029763460159301758e-01
1.097321510314941406e-01
8.224063366651535034e-02
5.295261144638061523e-01
1.716630607843399048e-01
5.521132349967956543e-01
1.316823661327362061e-01
6.791239976882934570e-01
1.203944236040115356e-01
8.535877615213394165e-02
4.899345636367797852e-01
1.631053537130355835e-01
4.996670186519622803e-01
1.265754401683807373e-01
6.994646787643432617e-01
1.193195730447769165e-01
7.787362486124038696e-02
4.895683526992797852e-01
1.625807136297225952e-01
5.054148435592651367e-01
1.257427483797073364e-01
6.789901256561279297e-01
1.155902519822120667e-01
7.607062160968780518e-02
4.863215088844299316e-01
1.574149727821350098e-01
4.989261031150817871e-01
1.228274852037429810e-01
6.761452555656433105e-01
1.214901357889175415e-01
7.170103490352630615e-02
5.033088922500610352e-01
1.658675521612167358e-01
5.220417976379394531e-01
1.283122897148132324e-01
6.914190053939819336e-01
1.219775229692459106e-01
7.969654351472854614e-02
5.211458802223205566e-01
1.560503244400024414e-01
5.563734769821166992e-01
1.226405426859855652e-01
6.948141455650329590e-01
1.246817260980606079e-01
7.528814673423767090e-02
5.119608044624328613e-01
1.592495739459991455e-01
5.588590502738952637e-01
1.211848035454750061e-01
7.146750092506408691e-01
1.201610565185546875e-01
7.289735227823257446e-02
5.084405541419982910e-01
1.613778620958328247e-01
5.542275309562683105e-01
1.241702139377593994e-01
6.909854412078857422e-01
1.158873215317726135e-01
6.960675865411758423e-02
5.256037712097167969e-01
1.661229729652404785e-01
5.635622143745422363e-01
1.292823702096939087e-01
6.773477196693420410e-01
1.140464022755622864e-01
6.856576353311538696e-02
5.333711504936218262e-01
1.678402125835418701e-01
5.567955970764160156e-01
1.321697235107421875e-01
6.742712855339050293e-01
1.152363196015357971e-01
6.349195539951324463e-02
5.383740067481994629e-01
2.123419493436813354e-01
5.553957819938659668e-01
1.443767845630645752e-01
6.744191050529479980e-01
1.163150891661643982e-01
5.935831367969512939e-02
5.302790403366088867e-01
1.694666147232055664e-01
5.495472550392150879e-01
1.416764557361602783e-01
6.684767603874206543e-01
1.167060658335685730e-01
5.574285238981246948e-02
5.369822978973388672e-01
1.695390790700912476e-01
5.571129918098449707e-01
1.488235890865325928e-01
6.605224609375000000e-01
1.251837462186813354e-01
5.170986801385879517e-02
5.319603681564331055e-01
1.880674660205841064e-01
5.474683046340942383e-01
1.459169387817382812e-01
6.687911152839660645e-01
1.235077157616615295e-01
5.470227077603340149e-02
5.246890783309936523e-01
1.633024513721466064e-01
5.465747117996215820e-01
1.265105456113815308e-01
6.892166137695312500e-01
1.309123784303665161e-01
5.282356590032577515e-02
5.203924179077148438e-01
1.551367640495300293e-01
5.402863621711730957e-01
1.210688725113868713e-01
6.786498427391052246e-01
1.265178620815277100e-01
4.924244433641433716e-02
5.323295593261718750e-01
1.533761024475097656e-01
5.452729463577270508e-01
1.163123026490211487e-01
6.940666437149047852e-01
1.281708329916000366e-01
4.934458434581756592e-02
5.458550453186035156e-01
1.520746052265167236e-01
5.597003698348999023e-01
1.201734766364097595e-01
6.893064975738525391e-01
1.256385594606399536e-01
4.524993896484375000e-02
5.468970537185668945e-01
1.617408990859985352e-01
5.575817227363586426e-01
1.217653527855873108e-01
7.143996357917785645e-01
1.248200386762619019e-01
4.300050064921379089e-02
5.492930412292480469e-01
1.593356430530548096e-01
5.546740293502807617e-01
1.158315911889076233e-01
7.534826993942260742e-01
1.215402260422706604e-01
3.579347580671310425e-02
5.608512163162231445e-01
1.596454828977584839e-01
5.665760040283203125e-01
1.147939562797546387e-01
7.705537676811218262e-01
1.161971539258956909e-01
3.526882454752922058e-02
5.672475099563598633e-01
1.633123606443405151e-01
5.721937417984008789e-01
1.169662848114967346e-01
8.160022497177124023e-01
1.149505302309989929e-01
3.969525173306465149e-02
5.734843015670776367e-01
1.696792989969253540e-01
5.827504992485046387e-01
1.305549740791320801e-01
8.118782043457031250e-01
1.154351681470870972e-01
3.890005499124526978e-02
5.669623613357543945e-01
1.781085431575775146e-01
5.766109824180603027e-01
1.268114894628524780e-01
8.110309839248657227e-01
1.147976815700531006e-01
3.711771219968795776e-02
5.641255378723144531e-01
1.720994263887405396e-01
5.477660894393920898e-01
1.270134150981903076e-01
8.388240337371826172e-01
1.138426885008811951e-01
3.155401349067687988e-02
5.761948823928833008e-01
1.693943738937377930e-01
5.523251295089721680e-01
1.197935044765472412e-01
8.380880951881408691e-01
1.144548729062080383e-01
2.852597087621688843e-02
5.666281580924987793e-01
1.650832295417785645e-01
5.322743654251098633e-01
1.202979534864425659e-01
8.138342499732971191e-01
1.138183251023292542e-01
3.320264816284179688e-02
5.631400346755981445e-01
1.609738320112228394e-01
5.403977632522583008e-01
1.194187924265861511e-01
7.904459834098815918e-01
1.170226484537124634e-01
3.403351455926895142e-02
5.497065782546997070e-01
1.757985353469848633e-01
5.641355514526367188e-01
1.255485415458679199e-01
8.015865087509155273e-01
1.164158210158348083e-01
3.350085020065307617e-02
5.719341039657592773e-01
1.602462083101272583e-01
6.021304130554199219e-01
1.204367578029632568e-01
8.034475445747375488e-01
1.229802072048187256e-01
3.486754000186920166e-02
5.780491828918457031e-01
1.629006117582321167e-01
6.238824725151062012e-01
1.289925873279571533e-01
8.385903239250183105e-01
1.166881844401359558e-01
3.526833653450012207e-02
5.779337882995605469e-01
1.680383831262588501e-01
6.131150126457214355e-01
1.308114677667617798e-01
8.276457786560058594e-01
1.132344976067543030e-01
3.481619060039520264e-02
5.665335059165954590e-01
1.618564426898956299e-01
5.980114936828613281e-01
1.240305006504058838e-01
8.244268298149108887e-01
1.165386289358139038e-01
3.439917042851448059e-02
5.822365880012512207e-01
1.626576185226440430e-01
6.138211488723754883e-01
1.164382845163345337e-01
7.938521504402160645e-01
1.140986531972885132e-01
3.333179652690887451e-02
5.895537137985229492e-01
1.827477812767028809e-01
6.127794384956359863e-01
1.209674775600433350e-01
8.072341084480285645e-01
1.134584620594978333e-01
3.375858813524246216e-02
5.917201638221740723e-01
1.750249266624450684e-01
6.171765327453613281e-01
1.143611595034599304e-01
7.843543291091918945e-01
1.218993291258811951e-01
3.359866887331008911e-02
5.861754417419433594e-01
1.579232364892959595e-01
6.262330412864685059e-01
1.258887499570846558e-01
7.833322882652282715e-01
1.242799982428550720e-01
3.357218578457832336e-02
5.804754495620727539e-01
1.565518528223037720e-01
6.217750310897827148e-01
1.157136410474777222e-01
8.402607440948486328e-01
1.203350350260734558e-01
3.409631922841072083e-02
5.687274336814880371e-01
1.644996255636215210e-01
6.122338175773620605e-01
1.213717907667160034e-01
8.012376427650451660e-01
1.293042749166488647e-01
3.474675118923187256e-02
5.597981214523315430e-01
1.565743237733840942e-01
5.956846475601196289e-01
1.210629343986511230e-01
7.810637354850769043e-01
1.293708831071853638e-01
3.566632792353630066e-02
5.696974396705627441e-01
1.569618433713912964e-01
6.039189100265502930e-01
1.227651983499526978e-01
8.170209527015686035e-01
1.269784420728683472e-01
3.534366190433502197e-02
5.858560204505920410e-01
1.585815101861953735e-01
6.111624836921691895e-01
1.231845021247863770e-01
8.394602537155151367e-01
1.266731768846511841e-01
3.488080948591232300e-02
5.884448289871215820e-01
1.655872613191604614e-01
6.166655421257019043e-01
1.226515322923660278e-01
8.414068818092346191e-01
1.274364739656448364e-01
3.504814580082893372e-02
5.741077065467834473e-01
1.601036936044692993e-01
5.974709987640380859e-01
1.191558986902236938e-01
8.294759392738342285e-01
1.298032552003860474e-01
3.563267365097999573e-02
5.604758858680725098e-01
1.529655158519744873e-01
5.782669782638549805e-01
1.145752072334289551e-01
8.423090577125549316e-01
1.276277005672454834e-01
3.608625009655952454e-02
5.501377582550048828e-01
1.518104672431945801e-01
5.622874498367309570e-01
1.165480166673660278e-01
7.867899537086486816e-01
1.340846419334411621e-01
3.761895000934600830e-02
5.631235837936401367e-01
1.633276790380477905e-01
5.679455995559692383e-01
1.244876533746719360e-01
8.299987316131591797e-01
1.272558420896530151e-01
3.826897591352462769e-02
5.912741422653198242e-01
1.580404937267303467e-01
5.965445637702941895e-01
1.211458817124366760e-01
7.689543366432189941e-01
1.370899081230163574e-01
3.858733177185058594e-02
6.483490467071533203e-01
1.613893359899520874e-01
6.486203074455261230e-01
1.188164874911308289e-01
7.847709655761718750e-01
1.354489624500274658e-01
3.722069784998893738e-02
7.176106572151184082e-01
1.597573012113571167e-01
6.972399950027465820e-01
1.242473796010017395e-01
7.952346801757812500e-01
1.547035425901412964e-01
3.839645907282829285e-02
7.636663317680358887e-01
1.619539856910705566e-01
7.188879847526550293e-01
1.221388056874275208e-01
9.484077692031860352e-01
1.213578954339027405e-01
4.049118608236312866e-02
7.830109596252441406e-01
1.506236493587493896e-01
7.678144574165344238e-01
1.115241050720214844e-01
8.779774904251098633e-01
1.189109906554222107e-01
3.911492601037025452e-02
1.044589638710021973e+00
1.517890244722366333e-01
1.037046909332275391e+00
1.166889518499374390e-01
8.372274041175842285e-01
1.283449828624725342e-01
4.089831560850143433e-02
7.777191400527954102e-01
1.455871909856796265e-01
7.681990265846252441e-01
1.159793734550476074e-01
8.309737443923950195e-01
1.287826150655746460e-01
4.291007295250892639e-02
7.708037495613098145e-01
1.522454619407653809e-01
7.664310932159423828e-01
1.091944128274917603e-01
8.282477855682373047e-01
1.246680319309234619e-01
4.340940341353416443e-02
7.358242869377136230e-01
1.533316224813461304e-01
7.553148269653320312e-01
1.146083101630210876e-01
7.976893186569213867e-01
1.274587661027908325e-01
4.367835447192192078e-02
6.785353422164916992e-01
1.461310088634490967e-01
6.959408521652221680e-01
1.080406084656715393e-01
7.758960723876953125e-01
1.295529603958129883e-01
4.425073415040969849e-02
6.720305085182189941e-01
1.456363499164581299e-01
7.033423185348510742e-01
1.074430793523788452e-01
7.732311487197875977e-01
1.232793703675270081e-01
4.506558179855346680e-02
6.905866265296936035e-01
1.506410539150238037e-01
7.264475822448730469e-01
1.076008155941963196e-01
7.958304286003112793e-01
1.235056072473526001e-01
4.451853036880493164e-02
6.879692673683166504e-01
1.506344079971313477e-01
7.273238301277160645e-01
1.056558936834335327e-01
7.912084460258483887e-01
1.193560436367988586e-01
4.481407627463340759e-02
6.923653483390808105e-01
1.359038501977920532e-01
7.262417674064636230e-01
1.104914993047714233e-01
7.825490236282348633e-01
1.256264746189117432e-01
4.676625132560729980e-02
6.780518293380737305e-01
1.553290337324142456e-01
7.153044939041137695e-01
1.260062456130981445e-01
7.748391032218933105e-01
1.258139908313751221e-01
4.658437892794609070e-02
6.865189671516418457e-01
1.407812088727951050e-01
7.091147899627685547e-01
1.146168857812881470e-01
7.746869325637817383e-01
1.211493238806724548e-01
4.517658054828643799e-02
6.434373259544372559e-01
1.349814981222152710e-01
6.799260973930358887e-01
1.056660339236259460e-01
7.691889405250549316e-01
1.290158033370971680e-01
4.658441990613937378e-02
6.487619876861572266e-01
1.334297060966491699e-01
6.867935061454772949e-01
1.042548120021820068e-01
7.899602055549621582e-01
1.324687004089355469e-01
4.516582190990447998e-02
6.608117222785949707e-01
1.445424258708953857e-01
6.966305375099182129e-01
1.172821670770645142e-01
7.922957539558410645e-01
1.416525691747665405e-01
4.592707008123397827e-02
6.817389726638793945e-01
1.506944447755813599e-01
7.305420637130737305e-01
1.065867766737937927e-01
7.872002720832824707e-01
1.505691260099411011e-01
4.440118744969367981e-02
6.847237348556518555e-01
1.482847481966018677e-01
7.313922643661499023e-01
1.046349182724952698e-01
8.101553916931152344e-01
1.567227840423583984e-01
4.418422654271125793e-02
6.962273120880126953e-01
1.453786641359329224e-01
7.329072356224060059e-01
1.032199189066886902e-01
8.020106554031372070e-01
1.532200127840042114e-01
4.360452666878700256e-02
6.787579655647277832e-01
1.419896930456161499e-01
7.285559773445129395e-01
1.041665449738502502e-01
7.740505933761596680e-01
1.568686217069625854e-01
4.659236222505569458e-02
6.853411793708801270e-01
1.336123198270797729e-01
7.374789118766784668e-01
9.823564440011978149e-02
7.499657869338989258e-01
1.585414260625839233e-01
4.340821132063865662e-02
6.621209979057312012e-01
1.373362243175506592e-01
7.071034312248229980e-01
1.015270799398422241e-01
7.499642968177795410e-01
1.537266671657562256e-01
4.531268775463104248e-02
7.029427886009216309e-01
1.414845287799835205e-01
7.112232446670532227e-01
1.004745066165924072e-01
7.644554972648620605e-01
1.574858278036117554e-01
4.367604479193687439e-02
7.144253849983215332e-01
1.448742598295211792e-01
7.709889411926269531e-01
1.001356765627861023e-01
7.585116624832153320e-01
1.559025347232818604e-01
4.496572539210319519e-02
7.159043550491333008e-01
1.436022520065307617e-01
7.645692229270935059e-01
1.020956039428710938e-01
7.747297883033752441e-01
1.512217670679092407e-01
4.015930369496345520e-02
7.275605797767639160e-01
1.607239991426467896e-01
7.938522100448608398e-01
1.115025877952575684e-01
7.781199216842651367e-01
1.511279493570327759e-01
3.903517127037048340e-02
7.157793641090393066e-01
1.429903805255889893e-01
7.914201021194458008e-01
1.041903048753738403e-01
8.120583891868591309e-01
1.512481868267059326e-01
4.349188134074211121e-02
7.350479364395141602e-01
1.685393601655960083e-01
7.772644758224487305e-01
1.226866841316223145e-01
7.996214032173156738e-01
1.428463160991668701e-01
4.534979164600372314e-02
6.991337537765502930e-01
1.735346615314483643e-01
7.581041455268859863e-01
1.276015043258666992e-01
8.019514679908752441e-01
1.431994736194610596e-01
5.257869511842727661e-02
6.964355707168579102e-01
1.775615960359573364e-01
7.493804693222045898e-01
1.221384555101394653e-01
7.972306013107299805e-01
1.394704133272171021e-01
4.501862078905105591e-02
7.229565382003784180e-01
1.532281190156936646e-01
7.864710688591003418e-01
1.064866930246353149e-01
7.764252424240112305e-01
1.407671272754669189e-01
4.509361460804939270e-02
7.389830350875854492e-01
1.494580060243606567e-01
8.124219179153442383e-01
9.427641332149505615e-02
7.878027558326721191e-01
1.308422088623046875e-01
4.327291995286941528e-02
7.081885933876037598e-01
1.405224502086639404e-01
7.640587091445922852e-01
9.336830675601959229e-02
7.607059478759765625e-01
1.393786519765853882e-01
4.298430308699607849e-02
7.117282748222351074e-01
1.495595872402191162e-01
7.656971216201782227e-01
9.489355981349945068e-02
7.328621149063110352e-01
1.608631312847137451e-01
4.176888987421989441e-02
6.980334520339965820e-01
1.447567641735076904e-01
7.548223137855529785e-01
9.101191163063049316e-02
7.540801167488098145e-01
1.598501950502395630e-01
4.143544659018516541e-02
6.947149634361267090e-01
1.278361380100250244e-01
7.565544843673706055e-01
9.034129232168197632e-02
7.498893737792968750e-01
1.571863740682601929e-01
4.141218960285186768e-02
6.968563795089721680e-01
1.451017260551452637e-01
7.639909386634826660e-01
1.053055152297019958e-01
7.306343913078308105e-01
1.311516016721725464e-01
4.053740948438644409e-02
6.651827692985534668e-01
1.419368088245391846e-01
7.338510155677795410e-01
9.808753430843353271e-02
7.593696117401123047e-01
1.240356788039207458e-01
4.007812216877937317e-02
6.888703703880310059e-01
1.444654464721679688e-01
7.607109546661376953e-01
9.722022712230682373e-02
7.721624970436096191e-01
1.237503439188003540e-01
3.855579346418380737e-02
6.978435516357421875e-01
1.378068178892135620e-01
7.581776380538940430e-01
9.951695799827575684e-02
8.104979395866394043e-01
1.268090903759002686e-01
3.853170201182365417e-02
7.062700390815734863e-01
1.513819247484207153e-01
7.659735083580017090e-01
9.632913023233413696e-02
8.439158201217651367e-01
1.417454034090042114e-01
3.763214126229286194e-02
6.978611946105957031e-01
1.509660780429840088e-01
7.562448382377624512e-01
9.593627601861953735e-02
8.642673492431640625e-01
1.303290128707885742e-01
3.801218047738075256e-02
6.763943433761596680e-01
1.439090222120285034e-01
7.250698804855346680e-01
1.035861298441886902e-01
8.560747504234313965e-01
1.256821155548095703e-01
3.570922464132308960e-02
6.740843653678894043e-01
1.448819339275360107e-01
7.187830805778503418e-01
1.035230308771133423e-01
8.579128980636596680e-01
1.247151717543601990e-01
3.510849922895431519e-02
6.711007356643676758e-01
1.411925256252288818e-01
7.187281250953674316e-01
9.110489487648010254e-02
9.122465848922729492e-01
1.266381442546844482e-01
3.414891287684440613e-02
6.701893806457519531e-01
1.470229327678680420e-01
7.258717417716979980e-01
1.021681204438209534e-01
9.190588593482971191e-01
1.290635168552398682e-01
3.354419022798538208e-02
7.031711339950561523e-01
1.515088677406311035e-01
7.416024804115295410e-01
1.057286933064460754e-01
9.038255810737609863e-01
1.276991665363311768e-01
3.358327224850654602e-02
6.785516738891601562e-01
1.321703046560287476e-01
7.222789525985717773e-01
9.285124391317367554e-02
9.033948183059692383e-01
1.315217316150665283e-01
3.373337909579277039e-02
6.899239420890808105e-01
1.372373849153518677e-01
6.988108754158020020e-01
9.697087854146957397e-02
9.300246238708496094e-01
1.292712986469268799e-01
3.288640454411506653e-02
6.160789728164672852e-01
1.441830247640609741e-01
6.332718133926391602e-01
1.003335565328598022e-01
8.775865435600280762e-01
1.315984427928924561e-01
3.474940732121467590e-02
6.563442945480346680e-01
1.282055377960205078e-01
6.848450899124145508e-01
8.393570035696029663e-02
9.203186035156250000e-01
1.594357788562774658e-01
3.576813265681266785e-02
6.977280378341674805e-01
1.317788362503051758e-01
7.349238395690917969e-01
8.880130201578140259e-02
9.533084034919738770e-01
1.256876289844512939e-01
3.616978600621223450e-02
7.296444773674011230e-01
1.299773007631301880e-01
7.803532481193542480e-01
8.822952210903167725e-02
9.218209385871887207e-01
1.323304921388626099e-01
3.787216171622276306e-02
6.831033825874328613e-01
1.267091482877731323e-01
7.198646068572998047e-01
8.696812391281127930e-02
9.335955381393432617e-01
1.432180106639862061e-01
3.674427419900894165e-02
6.482729911804199219e-01
1.294810473918914795e-01
6.843409538269042969e-01
8.724419027566909790e-02
9.213743805885314941e-01
1.229107230901718140e-01
3.973183780908584595e-02
6.835061907768249512e-01
1.285819709300994873e-01
7.271655201911926270e-01
8.852238953113555908e-02
9.230355620384216309e-01
1.359461247920989990e-01
3.748133033514022827e-02
6.732627749443054199e-01
1.410217732191085815e-01
7.129834890365600586e-01
9.572730958461761475e-02
9.035620093345642090e-01
1.358119696378707886e-01
3.583797812461853027e-02
6.788617968559265137e-01
1.354501396417617798e-01
7.144250869750976562e-01
9.540653228759765625e-02
8.979744911193847656e-01
1.429655998945236206e-01
3.641442582011222839e-02
6.661089062690734863e-01
1.255718320608139038e-01
6.951990723609924316e-01
1.055540591478347778e-01
8.869779706001281738e-01
1.504480391740798950e-01
3.746625408530235291e-02
6.591550707817077637e-01
1.329158395528793335e-01
6.944388151168823242e-01
1.061170771718025208e-01
8.956459760665893555e-01
1.377948969602584839e-01
3.922947123646736145e-02
6.773300170898437500e-01
1.305665224790573120e-01
7.110394239425659180e-01
9.043766558170318604e-02
8.852858543395996094e-01
1.395175755023956299e-01
4.009133204817771912e-02
6.634858250617980957e-01
1.286592781543731689e-01
7.229728102684020996e-01
8.902421593666076660e-02
9.152221679687500000e-01
1.287409961223602295e-01
3.656290844082832336e-02
6.757186055183410645e-01
1.283340603113174438e-01
7.314873933792114258e-01
8.841783553361892700e-02
9.151323437690734863e-01
1.270789355039596558e-01
3.565106168389320374e-02
6.932183504104614258e-01
1.356142759323120117e-01
7.447540760040283203e-01
9.680929780006408691e-02
9.354696869850158691e-01
1.280831545591354370e-01
3.643902018666267395e-02
6.993710994720458984e-01
1.430091410875320435e-01
7.395676970481872559e-01
9.744353592395782471e-02
9.305378198623657227e-01
1.282963156700134277e-01
3.746611624956130981e-02
7.203275561332702637e-01
1.510768681764602661e-01
7.515560388565063477e-01
9.815370291471481323e-02
9.544749259948730469e-01
1.317453980445861816e-01
3.982326388359069824e-02
7.003359794616699219e-01
1.425492018461227417e-01
7.353523373603820801e-01
1.025622040033340454e-01
9.216374158859252930e-01
1.319807618856430054e-01
4.033707827329635620e-02
6.891208887100219727e-01
1.365993171930313110e-01
7.264626622200012207e-01
9.625699371099472046e-02
9.284440875053405762e-01
1.335794627666473389e-01
4.084923863410949707e-02
6.577963829040527344e-01
1.349700689315795898e-01
6.856713891029357910e-01
9.740921109914779663e-02
9.129906892776489258e-01
1.282132416963577271e-01
4.127050191164016724e-02
6.496132016181945801e-01
1.438328623771667480e-01
7.021107673645019531e-01
1.060006245970726013e-01
9.140418171882629395e-01
1.284669935703277588e-01
3.994674235582351685e-02
6.998775005340576172e-01
1.470029503107070923e-01
7.139075994491577148e-01
1.087256595492362976e-01
8.781615495681762695e-01
1.358139812946319580e-01
3.749548271298408508e-02
6.425871849060058594e-01
1.517532169818878174e-01
6.813057661056518555e-01
1.057009696960449219e-01
8.874622583389282227e-01
1.421946734189987183e-01
3.584546595811843872e-02
6.301260590553283691e-01
1.388470083475112915e-01
6.386898159980773926e-01
1.021987572312355042e-01
8.851018548011779785e-01
1.399802118539810181e-01
3.692990168929100037e-02
7.039666175842285156e-01
1.439078748226165771e-01
7.515357136726379395e-01
9.983192384243011475e-02
8.828390240669250488e-01
1.480553448200225830e-01
3.996230661869049072e-02
7.101128697395324707e-01
1.335733383893966675e-01
7.706328034400939941e-01
9.366653859615325928e-02
9.103500843048095703e-01
1.351846903562545776e-01
4.053295776247978210e-02
7.377352714538574219e-01
1.342505663633346558e-01
7.624789476394653320e-01
1.006432473659515381e-01
9.250963926315307617e-01
1.310808360576629639e-01
4.301804304122924805e-02
7.066068053245544434e-01
1.311812400817871094e-01
7.599650621414184570e-01
9.532228112220764160e-02
9.342476129531860352e-01
1.328206956386566162e-01
4.385827109217643738e-02
6.867635846138000488e-01
1.357199400663375854e-01
7.225130796432495117e-01
9.545651078224182129e-02
9.294472932815551758e-01
1.358749419450759888e-01
4.303525760769844055e-02
6.767304539680480957e-01
1.346298456192016602e-01
7.097381353378295898e-01
9.941012412309646606e-02
8.761948943138122559e-01
1.434895247220993042e-01
4.207580536603927612e-02
6.868922710418701172e-01
1.316165924072265625e-01
7.270516157150268555e-01
9.783911705017089844e-02
9.046764373779296875e-01
1.401453465223312378e-01
4.240994155406951904e-02
7.017292976379394531e-01
1.421986520290374756e-01
7.341105937957763672e-01
1.007841750979423523e-01
8.641570210456848145e-01
1.344763040542602539e-01
3.929512202739715576e-02
7.052692174911499023e-01
1.401935070753097534e-01
7.518603205680847168e-01
9.832382202148437500e-02
8.798117041587829590e-01
1.343095898628234863e-01
3.942760825157165527e-02
7.092843651771545410e-01
1.410820335149765015e-01
7.470118999481201172e-01
9.567937254905700684e-02
8.972323536872863770e-01
1.421521306037902832e-01
4.338063672184944153e-02
7.028467059135437012e-01
1.307811439037322998e-01
7.499348521232604980e-01
1.002433449029922485e-01
9.149947166442871094e-01
1.224253028631210327e-01
3.603297844529151917e-02
6.914788484573364258e-01
1.357465684413909912e-01
7.203421592712402344e-01
1.030446663498878479e-01
9.443731904029846191e-01
1.219187453389167786e-01
3.660554438829421997e-02
6.745938658714294434e-01
1.357243657112121582e-01
7.210206389427185059e-01
9.843111038208007812e-02
9.323975443840026855e-01
1.221046596765518188e-01
3.376125544309616089e-02
6.973710656166076660e-01
1.278266608715057373e-01
7.447474598884582520e-01
9.822448343038558960e-02
8.923319578170776367e-01
1.268158853054046631e-01
2.884281054139137268e-02
7.082759141921997070e-01
1.319774240255355835e-01
7.490411400794982910e-01
1.039300188422203064e-01
9.276058673858642578e-01
1.208918467164039612e-01
3.290861472487449646e-02
7.134276032447814941e-01
1.337216347455978394e-01
7.553505897521972656e-01
9.915252774953842163e-02
9.199563860893249512e-01
1.234279125928878784e-01
3.146968036890029907e-02
7.239776849746704102e-01
1.338686197996139526e-01
7.555444240570068359e-01
1.003894358873367310e-01
9.148051142692565918e-01
1.208335310220718384e-01
3.434659913182258606e-02
7.217102050781250000e-01
1.350063830614089966e-01
7.519823908805847168e-01
1.093106642365455627e-01
9.020603895187377930e-01
1.244701892137527466e-01
3.481588885188102722e-02
7.217391133308410645e-01
1.371602416038513184e-01
7.553000450134277344e-01
1.053921282291412354e-01
8.892022967338562012e-01
1.249208897352218628e-01
3.573707118630409241e-02
7.123291492462158203e-01
1.395429074764251709e-01
7.426360845565795898e-01
1.076018661260604858e-01
8.562064170837402344e-01
1.325570940971374512e-01
3.031065873801708221e-02
6.984285116195678711e-01
1.471329629421234131e-01
7.408829927444458008e-01
1.147371828556060791e-01
8.565859198570251465e-01
1.341630220413208008e-01
3.157069161534309387e-02
7.507125139236450195e-01
1.442470252513885498e-01
7.699980735778808594e-01
1.183093860745429993e-01
8.859429359436035156e-01
1.291305869817733765e-01
3.176008909940719604e-02
6.987912058830261230e-01
1.468875855207443237e-01
7.107421755790710449e-01
1.180143579840660095e-01
9.212996959686279297e-01
1.320697665214538574e-01
2.987705171108245850e-02
7.341412901878356934e-01
1.437249630689620972e-01
7.155479192733764648e-01
1.184637919068336487e-01
8.976523876190185547e-01
1.299934089183807373e-01
3.329190239310264587e-02
7.236078977584838867e-01
1.419536769390106201e-01
7.182981967926025391e-01
1.277527362108230591e-01
8.649907112121582031e-01
1.267993599176406860e-01
3.153778985142707825e-02
6.989968419075012207e-01
1.355617791414260864e-01
7.018588781356811523e-01
1.160055771470069885e-01
9.078578948974609375e-01
1.344080716371536255e-01
3.284906595945358276e-02
6.564587354660034180e-01
1.440437138080596924e-01
6.591595411300659180e-01
1.220786198973655701e-01
9.193289875984191895e-01
1.319790631532669067e-01
3.525549545884132385e-02
6.463779807090759277e-01
1.405812054872512817e-01
6.705800294876098633e-01
1.162098720669746399e-01
9.457935094833374023e-01
1.238148435950279236e-01
3.452828526496887207e-02
6.438680291175842285e-01
1.433958709239959717e-01
6.665148735046386719e-01
1.191009357571601868e-01
9.433238506317138672e-01
1.172608658671379089e-01
3.522436693310737610e-02
6.301512122154235840e-01
1.399477422237396240e-01
6.547431945800781250e-01
1.197751834988594055e-01
9.368222355842590332e-01
1.107130646705627441e-01
3.613892197608947754e-02
6.420054435729980469e-01
1.419056653976440430e-01
6.689623594284057617e-01
1.162628680467605591e-01
9.118648767471313477e-01
1.118809804320335388e-01
3.321931883692741394e-02
6.554290652275085449e-01
1.485648453235626221e-01
6.787383556365966797e-01
1.202002614736557007e-01
8.976690173149108887e-01
1.162644028663635254e-01
3.462275862693786621e-02
6.632603406906127930e-01
1.404426842927932739e-01
6.856802105903625488e-01
1.141668185591697693e-01
8.877816200256347656e-01
1.094966158270835876e-01
3.417670726776123047e-02
6.671330332756042480e-01
1.401983201503753662e-01
6.877447962760925293e-01
1.152259260416030884e-01
9.250867962837219238e-01
1.100234761834144592e-01
3.813123330473899841e-02
6.725702881813049316e-01
1.486883461475372314e-01
6.887489557266235352e-01
1.318623423576354980e-01
9.259670972824096680e-01
1.106008812785148621e-01
3.281087428331375122e-02
6.674365997314453125e-01
1.452252119779586792e-01
6.773273348808288574e-01
1.217975839972496033e-01
9.223507642745971680e-01
1.207622587680816650e-01
3.477990627288818359e-02
6.474536061286926270e-01
1.476387828588485718e-01
6.667153239250183105e-01
1.278269886970520020e-01
9.184386730194091797e-01
1.167502030730247498e-01
3.582542389631271362e-02
6.635073423385620117e-01
1.450875699520111084e-01
6.782530546188354492e-01
1.286229193210601807e-01
9.470643401145935059e-01
1.151742711663246155e-01
3.568724170327186584e-02
6.707533597946166992e-01
1.451268196105957031e-01
6.839836835861206055e-01
1.336524784564971924e-01
9.734764099121093750e-01
1.159890070557594299e-01
3.392682224512100220e-02
6.693753004074096680e-01
1.526229530572891235e-01
6.825122237205505371e-01
1.245058700442314148e-01
9.672568440437316895e-01
1.146285682916641235e-01
3.487341478466987610e-02
6.650024056434631348e-01
1.565110087394714355e-01
6.759577989578247070e-01
1.265669614076614380e-01
1.001328587532043457e+00
1.161332130432128906e-01
3.384233638644218445e-02
6.699236631393432617e-01
1.491649597883224487e-01
6.802581548690795898e-01
1.279520243406295776e-01
1.001848816871643066e+00
1.147320121526718140e-01
3.601948544383049011e-02
6.820704340934753418e-01
1.603921502828598022e-01
6.923948526382446289e-01
1.279272586107254028e-01
9.757523536682128906e-01
1.157972663640975952e-01
3.492965921759605408e-02
6.696888804435729980e-01
1.523146927356719971e-01
6.883562803268432617e-01
1.175694018602371216e-01
9.919953346252441406e-01
1.203369498252868652e-01
3.221276775002479553e-02
6.653808951377868652e-01
1.653391122817993164e-01
6.924574971199035645e-01
1.266763508319854736e-01
9.915733337402343750e-01
1.198394447565078735e-01
3.306782990694046021e-02
6.813907027244567871e-01
1.639867573976516724e-01
6.980483531951904297e-01
1.320576220750808716e-01
1.013297438621520996e+00
1.197643503546714783e-01
3.476224467158317566e-02
7.098584771156311035e-01
1.701949536800384521e-01
7.131671905517578125e-01
1.274414807558059692e-01
1.060415506362915039e+00
1.216036006808280945e-01
3.497177734971046448e-02
7.829298973083496094e-01
1.651479899883270264e-01
7.522959113121032715e-01
1.219149678945541382e-01
1.050495624542236328e+00
1.223871484398841858e-01
3.478618338704109192e-02
7.321130633354187012e-01
1.635643541812896729e-01
7.572676539421081543e-01
1.236473917961120605e-01
1.037356734275817871e+00
1.235808730125427246e-01
3.611608967185020447e-02
7.312502861022949219e-01
1.718175560235977173e-01
7.577632069587707520e-01
1.143871694803237915e-01
1.072707176208496094e+00
1.350601762533187866e-01
3.713376447558403015e-02
7.551622986793518066e-01
1.584160625934600830e-01
7.620114088058471680e-01
1.166656389832496643e-01
1.022619485855102539e+00
1.263115108013153076e-01
3.794366121292114258e-02
7.498404979705810547e-01
1.641184985637664795e-01
7.499231696128845215e-01
1.172572001814842224e-01
1.028366804122924805e+00
1.304318159818649292e-01
3.835605457425117493e-02
7.517372369766235352e-01
1.734645813703536987e-01
7.419458031654357910e-01
1.228823214769363403e-01
1.042125105857849121e+00
1.262382417917251587e-01
3.916293010115623474e-02
7.620223760604858398e-01
1.818421632051467896e-01
7.585791945457458496e-01
1.248852163553237915e-01
1.014905571937561035e+00
1.273128986358642578e-01
3.897817432880401611e-02
7.573363780975341797e-01
1.805741190910339355e-01
7.592693567276000977e-01
1.282035708427429199e-01
9.932610392570495605e-01
1.320320814847946167e-01
3.950966522097587585e-02
7.598518133163452148e-01
1.925264298915863037e-01
7.592391967773437500e-01
1.255005747079849243e-01
9.366049766540527344e-01
1.296954602003097534e-01
4.238384217023849487e-02
7.557265162467956543e-01
2.024858146905899048e-01
7.554501891136169434e-01
1.308902949094772339e-01
9.825150370597839355e-01
1.298234313726425171e-01
3.995456174015998840e-02
7.688893079757690430e-01
1.925417184829711914e-01
7.763060331344604492e-01
1.377370208501815796e-01
9.990203380584716797e-01
1.366490572690963745e-01
4.021923989057540894e-02
7.284354567527770996e-01
1.737250536680221558e-01
7.331421375274658203e-01
1.232702136039733887e-01
9.897736310958862305e-01
1.320274621248245239e-01
3.977005183696746826e-02
7.410411834716796875e-01
1.674627810716629028e-01
7.333283424377441406e-01
1.212421730160713196e-01
1.000438094139099121e+00
1.327874809503555298e-01
4.047092795372009277e-02
7.141841650009155273e-01
1.632085591554641724e-01
7.193251252174377441e-01
1.203754544258117676e-01
1.013732910156250000e+00
1.334685683250427246e-01
4.158045724034309387e-02
7.185453772544860840e-01
1.783997714519500732e-01
7.266790866851806641e-01
1.263687759637832642e-01
1.006821870803833008e+00
1.375769227743148804e-01
4.360031336545944214e-02
7.517122626304626465e-01
2.129728645086288452e-01
7.493662238121032715e-01
1.394401490688323975e-01
1.023229837417602539e+00
1.361210644245147705e-01
4.165765270590782166e-02
7.471699714660644531e-01
1.978507041931152344e-01
7.494295835494995117e-01
1.290118098258972168e-01
1.045383691787719727e+00
1.766548901796340942e-01
4.279552772641181946e-02
7.667759656906127930e-01
1.989353895187377930e-01
7.637443542480468750e-01
1.400641649961471558e-01
9.995463490486145020e-01
1.487430036067962646e-01
4.364872723817825317e-02
7.508442401885986328e-01
1.822613775730133057e-01
7.474405169486999512e-01
1.226287037134170532e-01
1.066982865333557129e+00
1.684906780719757080e-01
4.150943085551261902e-02
7.485441565513610840e-01
1.831221133470535278e-01
7.418705224990844727e-01
1.237939000129699707e-01
1.001646995544433594e+00
1.354033499956130981e-01
4.035766795277595520e-02
7.197344899177551270e-01
1.897798627614974976e-01
7.293397188186645508e-01
1.213604137301445007e-01
1.001318216323852539e+00
1.414689719676971436e-01
3.808434307575225830e-02
7.082996964454650879e-01
1.949019134044647217e-01
7.208530902862548828e-01
1.260764896869659424e-01
9.627835154533386230e-01
1.417145729064941406e-01
4.022625461220741272e-02
7.418367266654968262e-01
1.886003762483596802e-01
7.660623192787170410e-01
1.270420104265213013e-01
9.623328447341918945e-01
1.374842226505279541e-01
4.175096377730369568e-02
7.164123058319091797e-01
1.919993907213211060e-01
7.266427278518676758e-01
1.253829747438430786e-01
9.726910591125488281e-01
1.375863701105117798e-01
4.191238433122634888e-02
7.323610186576843262e-01
1.832650303840637207e-01
7.437285184860229492e-01
1.239597201347351074e-01
9.357468485832214355e-01
1.330976039171218872e-01
4.499582573771476746e-02
7.537176012992858887e-01
1.837876737117767334e-01
7.907593846321105957e-01
1.248225048184394836e-01
9.618340730667114258e-01
1.349912434816360474e-01
4.631495475769042969e-02
7.357681393623352051e-01
2.036042958498001099e-01
7.985295057296752930e-01
1.247241348028182983e-01
9.822198152542114258e-01
1.438003927469253540e-01
4.444101825356483459e-02
7.644889354705810547e-01
1.818347424268722534e-01
8.100476861000061035e-01
1.217019334435462952e-01
9.604929685592651367e-01
1.367881149053573608e-01
4.341813549399375916e-02
7.410333752632141113e-01
1.853678226470947266e-01
8.003941774368286133e-01
1.198188439011573792e-01
9.502625465393066406e-01
1.387248486280441284e-01
4.414100199937820435e-02
7.229876518249511719e-01
1.935171633958816528e-01
7.572880387306213379e-01
1.282437443733215332e-01
9.682008028030395508e-01
1.403998583555221558e-01
4.361080750823020935e-02
7.183784842491149902e-01
1.954046487808227539e-01
7.497210502624511719e-01
1.269793510437011719e-01
9.519722461700439453e-01
1.391708552837371826e-01
4.302240163087844849e-02
7.292726635932922363e-01
1.903666108846664429e-01
7.752910852432250977e-01
1.260726898908615112e-01
9.421876072883605957e-01
1.389838904142379761e-01
4.265373200178146362e-02
7.593587636947631836e-01
1.971485316753387451e-01
7.977660298347473145e-01
1.260933727025985718e-01
9.473415613174438477e-01
1.341360211372375488e-01
4.185806959867477417e-02
7.559468150138854980e-01
2.019384503364562988e-01
7.884985804557800293e-01
1.247024387121200562e-01
9.575680494308471680e-01
1.376504153013229370e-01
4.133310541510581970e-02
7.378031611442565918e-01
1.896904408931732178e-01
7.809392809867858887e-01
1.325573176145553589e-01
9.497682452201843262e-01
1.345550715923309326e-01
4.110342264175415039e-02
6.987426280975341797e-01
1.936277151107788086e-01
7.418530583381652832e-01
1.375836133956909180e-01
9.627509117126464844e-01
1.424676775932312012e-01
4.172768816351890564e-02
7.127449512481689453e-01
2.009235620498657227e-01
7.473236918449401855e-01
1.385208070278167725e-01
9.932988286018371582e-01
1.410086005926132202e-01
4.067903384566307068e-02
6.896802783012390137e-01
1.820583045482635498e-01
7.337527275085449219e-01
1.370093077421188354e-01
9.844340085983276367e-01
1.484858244657516479e-01
4.277358576655387878e-02
6.985940933227539062e-01
1.839020699262619019e-01
7.379503250122070312e-01
1.276772618293762207e-01
9.558272361755371094e-01
1.440563648939132690e-01
4.181953147053718567e-02
7.164686322212219238e-01
1.708642691373825073e-01
7.547976970672607422e-01
1.182919442653656006e-01
9.632485508918762207e-01
1.436372697353363037e-01
3.828670457005500793e-02
7.252755165100097656e-01
1.963894665241241455e-01
7.647767066955566406e-01
1.297239512205123901e-01
9.849475622177124023e-01
1.535369604825973511e-01
3.688826784491539001e-02
7.252395153045654297e-01
1.973827034235000610e-01
7.553660273551940918e-01
1.390383988618850708e-01
9.939923882484436035e-01
1.492028236389160156e-01
3.475575149059295654e-02
7.049263715744018555e-01
1.869913488626480103e-01
7.370996475219726562e-01
1.315061300992965698e-01
9.832995533943176270e-01
1.474483460187911987e-01
3.129070624709129333e-02
6.909708976745605469e-01
1.937909871339797974e-01
7.130724787712097168e-01
1.327642202377319336e-01
1.001708269119262695e+00
1.664697676897048950e-01
2.882275730371475220e-02
6.874629855155944824e-01
2.028047293424606323e-01
7.069573998451232910e-01
1.274802535772323608e-01
9.434611797332763672e-01
1.464914530515670776e-01
2.889796718955039978e-02
7.023535966873168945e-01
2.081792950630187988e-01
7.194732427597045898e-01
1.316979974508285522e-01
8.996680378913879395e-01
1.451841145753860474e-01
2.865641377866268158e-02
7.367914915084838867e-01
2.080665826797485352e-01
7.640624046325683594e-01
1.422156840562820435e-01
8.893607258796691895e-01
1.395073831081390381e-01
3.087575919926166534e-02
7.119684219360351562e-01
2.275956273078918457e-01
7.197554111480712891e-01
1.441895663738250732e-01
9.058813452720642090e-01
1.404290646314620972e-01
2.995203807950019836e-02
8.830028772354125977e-01
2.106913626194000244e-01
8.404304981231689453e-01
1.447160094976425171e-01
9.145363569259643555e-01
1.364148259162902832e-01
2.937940694391727448e-02
8.502302765846252441e-01
2.138077616691589355e-01
8.389689326286315918e-01
1.401557177305221558e-01
9.368625879287719727e-01
1.538292169570922852e-01
2.997558936476707458e-02
7.852169871330261230e-01
2.259107828140258789e-01
7.902663350105285645e-01
1.472000181674957275e-01
9.397452473640441895e-01
1.434234380722045898e-01
3.012407198548316956e-02
8.144129514694213867e-01
2.221708744764328003e-01
8.004984259605407715e-01
1.425354331731796265e-01
9.375567436218261719e-01
1.403518766164779663e-01
3.070301376283168793e-02
8.124319911003112793e-01
2.070139646530151367e-01
8.140706419944763184e-01
1.407202631235122681e-01
7.961767315864562988e-01
1.330236494541168213e-01
3.151078894734382629e-02
7.871885895729064941e-01
2.122153788805007935e-01
7.819125056266784668e-01
1.452299952507019043e-01
7.785239219665527344e-01
1.334089487791061401e-01
3.133247420191764832e-02
7.682821154594421387e-01
2.145244032144546509e-01
7.748802900314331055e-01
1.439339816570281982e-01
7.720784544944763184e-01
1.341051608324050903e-01
3.213871642947196960e-02
7.843766212463378906e-01
2.266920655965805054e-01
7.863795161247253418e-01
1.458103507757186890e-01
8.347536921501159668e-01
1.569885313510894775e-01
3.277054429054260254e-02
8.033854365348815918e-01
2.427281439304351807e-01
7.988713383674621582e-01
1.434804350137710571e-01
8.396065235137939453e-01
1.453629732131958008e-01
3.324018046259880066e-02
8.060141801834106445e-01
2.191467285156250000e-01
7.947937250137329102e-01
1.443591117858886719e-01
8.501299023628234863e-01
1.482297182083129883e-01
3.336217999458312988e-02
8.207191228866577148e-01
2.188458740711212158e-01
8.169801831245422363e-01
1.506612598896026611e-01
8.670778870582580566e-01
1.333590745925903320e-01
3.341294452548027039e-02
8.070980906486511230e-01
2.437140643596649170e-01
7.983642816543579102e-01
1.637217253446578979e-01
8.250506520271301270e-01
1.197730451822280884e-01
3.391015902161598206e-02
8.103753924369812012e-01
2.433675825595855713e-01
8.039401769638061523e-01
1.588867306709289551e-01
7.992243766784667969e-01
1.138635575771331787e-01
3.362077847123146057e-02
7.954474687576293945e-01
2.236413657665252686e-01
7.951289415359497070e-01
1.456504315137863159e-01
7.834021449089050293e-01
1.135892495512962341e-01
3.401048853993415833e-02
7.582309246063232422e-01
2.138507962226867676e-01
7.749982476234436035e-01
1.479127109050750732e-01
6.581317782402038574e-01
1.015659049153327942e-01
3.389109298586845398e-02
7.531811594963073730e-01
1.987227201461791992e-01
7.705276012420654297e-01
1.501550525426864624e-01
6.378020048141479492e-01
1.061200499534606934e-01
3.440310433506965637e-02
7.502784729003906250e-01
2.038131207227706909e-01
7.737898826599121094e-01
1.460940539836883545e-01
6.134092211723327637e-01
1.033053621649742126e-01
3.419519215822219849e-02
7.487311363220214844e-01
2.098310589790344238e-01
7.713106274604797363e-01
1.559190005064010620e-01
6.144573688507080078e-01
1.054141372442245483e-01
3.482224792242050171e-02
7.688689231872558594e-01
2.030351758003234863e-01
7.837980985641479492e-01
1.557500064373016357e-01
6.367834806442260742e-01
1.044901311397552490e-01
3.501866012811660767e-02
7.515256404876708984e-01
2.094017267227172852e-01
7.694544196128845215e-01
1.584616899490356445e-01
6.195256114006042480e-01
1.029068604111671448e-01
3.466944769024848938e-02
7.239159345626831055e-01
2.213442474603652954e-01
7.435102462768554688e-01
1.661957055330276489e-01
6.199579834938049316e-01
1.032728105783462524e-01
3.540370985865592957e-02
7.107089757919311523e-01
2.039052844047546387e-01
7.392228245735168457e-01
1.596217155456542969e-01
6.813424229621887207e-01
1.003610715270042419e-01
3.737336397171020508e-02
8.343526124954223633e-01
2.082158029079437256e-01
7.980781793594360352e-01
1.578344553709030151e-01
5.904232859611511230e-01
1.019830480217933655e-01
3.736523911356925964e-02
8.077185750007629395e-01
2.211192846298217773e-01
8.299540281295776367e-01
1.594635695219039917e-01
5.956816673278808594e-01
1.050573289394378662e-01
3.541210666298866272e-02
8.358818292617797852e-01
2.115135639905929565e-01
8.717970252037048340e-01
1.562338620424270630e-01
5.967471003532409668e-01
1.049650758504867554e-01
3.519276157021522522e-02
8.496695756912231445e-01
2.013578861951828003e-01
9.202374219894409180e-01
1.516582667827606201e-01
5.994076728820800781e-01
1.069632917642593384e-01
3.456401079893112183e-02
8.171035051345825195e-01
2.224095165729522705e-01
8.568926453590393066e-01
1.598650664091110229e-01
5.934805870056152344e-01
1.089627891778945923e-01
3.473651409149169922e-02
8.217104077339172363e-01
2.061925828456878662e-01
8.893440961837768555e-01
1.514182835817337036e-01
6.112931370735168457e-01
1.033751741051673889e-01
3.464325517416000366e-02
8.100093603134155273e-01
2.025699168443679810e-01
8.446490168571472168e-01
1.513256132602691650e-01
6.057799458503723145e-01
1.076789349317550659e-01
3.492374718189239502e-02
8.111388683319091797e-01
2.084194868803024292e-01
8.469149470329284668e-01
1.544626653194427490e-01
6.082282066345214844e-01
1.043891310691833496e-01
3.494774550199508667e-02
7.530173659324645996e-01
2.044787704944610596e-01
7.805123329162597656e-01
1.556793004274368286e-01
5.941107869148254395e-01
1.056988388299942017e-01
3.503542020916938782e-02
7.571200132369995117e-01
2.013999372720718384e-01
7.856533527374267578e-01
1.535340994596481323e-01
6.050692796707153320e-01
1.057871952652931213e-01
3.530751541256904602e-02
7.636705040931701660e-01
2.149530798196792603e-01
7.924134135246276855e-01
1.563857197761535645e-01
6.060015559196472168e-01
1.039456874132156372e-01
3.535696864128112793e-02
7.756046056747436523e-01
2.187264710664749146e-01
8.064323663711547852e-01
1.579768955707550049e-01
6.149302721023559570e-01
1.103617325425148010e-01
3.565906360745429993e-02
7.782701849937438965e-01
2.311471104621887207e-01
8.093239665031433105e-01
1.606454551219940186e-01
6.188658475875854492e-01
1.090320646762847900e-01
3.556835278868675232e-02
7.809219360351562500e-01
2.177319824695587158e-01
8.081582188606262207e-01
1.658516824245452881e-01
6.062196493148803711e-01
1.088613569736480713e-01
3.605405613780021667e-02
7.772735357284545898e-01
2.187357842922210693e-01
8.067517876625061035e-01
1.573272496461868286e-01
6.203209757804870605e-01
1.089602857828140259e-01
3.643697872757911682e-02
7.456579804420471191e-01
2.120893150568008423e-01
7.665613889694213867e-01
1.616390794515609741e-01
6.015521287918090820e-01
1.065220162272453308e-01
3.639577701687812805e-02
7.317119836807250977e-01
1.980124413967132568e-01
7.532196640968322754e-01
1.409536600112915039e-01
6.084395051002502441e-01
1.132998913526535034e-01
3.670355305075645447e-02
7.447350621223449707e-01
1.961252540349960327e-01
7.637951970100402832e-01
1.427425146102905273e-01
6.041573882102966309e-01
1.099728196859359741e-01
3.695338964462280273e-02
7.277691364288330078e-01
1.978871971368789673e-01
7.534238696098327637e-01
1.443476229906082153e-01
6.098894476890563965e-01
1.086180880665779114e-01
3.641656041145324707e-02
7.421129941940307617e-01
1.981248557567596436e-01
7.638752460479736328e-01
1.415881812572479248e-01
6.136696338653564453e-01
1.126570105552673340e-01
3.681214153766632080e-02
7.355613112449645996e-01
1.989974975585937500e-01
7.557504773139953613e-01
1.524498015642166138e-01
6.137775182723999023e-01
1.108927056193351746e-01
3.684705123305320740e-02
7.329217195510864258e-01
1.975335627794265747e-01
7.515724897384643555e-01
1.438661664724349976e-01
6.351197361946105957e-01
1.126327291131019592e-01
3.631464391946792603e-02
7.120234370231628418e-01
1.956273317337036133e-01
7.324988245964050293e-01
1.418708115816116333e-01
6.353689432144165039e-01
1.136462315917015076e-01
3.644288331270217896e-02
7.004883885383605957e-01
2.098756581544876099e-01
7.217049598693847656e-01
1.457002460956573486e-01
6.359444260597229004e-01
1.132479533553123474e-01
3.534819558262825012e-02
7.325230836868286133e-01
2.041995674371719360e-01
7.458908557891845703e-01
1.453792005777359009e-01
6.280552744865417480e-01
1.128308624029159546e-01
3.662682324647903442e-02
7.614515423774719238e-01
2.086778432130813599e-01
7.922903895378112793e-01
1.452151387929916382e-01
6.191675662994384766e-01
1.123226284980773926e-01
3.753912448883056641e-02
7.394561767578125000e-01
2.142457664012908936e-01
7.582752704620361328e-01
1.493180990219116211e-01
6.253358125686645508e-01
1.120817512273788452e-01
3.826615214347839355e-02
7.752949595451354980e-01
2.069379687309265137e-01
8.038685321807861328e-01
1.436031460762023926e-01
6.317016482353210449e-01
1.123792529106140137e-01
3.813890367746353149e-02
7.778040766716003418e-01
2.082533538341522217e-01
7.900827527046203613e-01
1.431100219488143921e-01
6.403673291206359863e-01
1.091178283095359802e-01
3.863848000764846802e-02
7.895376086235046387e-01
2.039309442043304443e-01
8.116723895072937012e-01
1.405791938304901123e-01
6.492277979850769043e-01
1.127003505825996399e-01
3.969565406441688538e-02
7.669197916984558105e-01
2.044997960329055786e-01
7.897614836692810059e-01
1.399058252573013306e-01
6.426922678947448730e-01
1.114837527275085449e-01
3.976262360811233521e-02
7.735228538513183594e-01
2.030871063470840454e-01
7.965095043182373047e-01
1.416117548942565918e-01
6.441808938980102539e-01
1.154430285096168518e-01
3.782434016466140747e-02
7.398980259895324707e-01
2.060350179672241211e-01
7.617396116256713867e-01
1.442698687314987183e-01
6.458226442337036133e-01
1.150442063808441162e-01
3.779191523790359497e-02
7.420479655265808105e-01
2.014070451259613037e-01
7.696760296821594238e-01
1.434292793273925781e-01
6.400999426841735840e-01
1.148550137877464294e-01
3.823542594909667969e-02
7.329947948455810547e-01
2.186821550130844116e-01
7.558287382125854492e-01
1.468360573053359985e-01
6.346607208251953125e-01
1.103121861815452576e-01
3.941221535205841064e-02
7.357394695281982422e-01
2.291225641965866089e-01
7.554681897163391113e-01
1.502612829208374023e-01
6.376469731330871582e-01
1.098086237907409668e-01
3.896421939134597778e-02
7.472350001335144043e-01
2.384885102510452271e-01
7.692270874977111816e-01
1.474497765302658081e-01
6.407798528671264648e-01
1.119540408253669739e-01
3.937933966517448425e-02
7.454907894134521484e-01
2.336217761039733887e-01
7.734231352806091309e-01
1.654215604066848755e-01
6.456524133682250977e-01
1.129841580986976624e-01
3.806462883949279785e-02
7.344630360603332520e-01
2.075459659099578857e-01
7.590634822845458984e-01
1.418742686510086060e-01
6.437481641769409180e-01
1.130377650260925293e-01
3.799659758806228638e-02
7.019281983375549316e-01
1.887012273073196411e-01
7.254597544670104980e-01
1.385758668184280396e-01
6.347382664680480957e-01
1.083581000566482544e-01
3.792519494891166687e-02
6.752309203147888184e-01
1.539323478937149048e-01
7.008544802665710449e-01
1.164026111364364624e-01
6.520115137100219727e-01
1.163185909390449524e-01
3.833422064781188965e-02
7.042534947395324707e-01
1.609145998954772949e-01
7.327871918678283691e-01
1.218743771314620972e-01
6.564688682556152344e-01
1.157932505011558533e-01
3.818107396364212036e-02
7.059296965599060059e-01
1.736770570278167725e-01
7.296522855758666992e-01
1.293140798807144165e-01
6.966767311096191406e-01
1.220098212361335754e-01
3.853994235396385193e-02
7.064781188964843750e-01
1.692554801702499390e-01
7.407557368278503418e-01
1.305721700191497803e-01
6.869524717330932617e-01
1.259839236736297607e-01
3.943273425102233887e-02
7.150408625602722168e-01
1.675874143838882446e-01
7.518239021301269531e-01
1.315857768058776855e-01
7.219444513320922852e-01
1.293764412403106689e-01
3.989179432392120361e-02
7.108960151672363281e-01
1.743453443050384521e-01
7.462180852890014648e-01
1.309955865144729614e-01
7.396429181098937988e-01
1.314190626144409180e-01
4.051372408866882324e-02
6.731145381927490234e-01
1.711690723896026611e-01
7.185263037681579590e-01
1.314801424741744995e-01
7.805465459823608398e-01
1.378432214260101318e-01
3.954617306590080261e-02
6.526957750320434570e-01
1.673423647880554199e-01
6.824231743812561035e-01
1.275683492422103882e-01
8.678339719772338867e-01
1.393453478813171387e-01
3.889358788728713989e-02
6.534623503684997559e-01
1.789032220840454102e-01
6.698546409606933594e-01
1.334748864173889160e-01
7.628909349441528320e-01
1.348357945680618286e-01
4.069068655371665955e-02
6.688374876976013184e-01
1.606801748275756836e-01
7.098752856254577637e-01
1.253440082073211670e-01
7.547549605369567871e-01
1.365935355424880981e-01
4.350703209638595581e-02
6.820565462112426758e-01
1.650354266166687012e-01
7.285538911819458008e-01
1.267835497856140137e-01
7.483681440353393555e-01
1.415950059890747070e-01
4.273498803377151489e-02
6.931881904602050781e-01
1.645494401454925537e-01
7.351315617561340332e-01
1.267981082201004028e-01
7.454227209091186523e-01
1.313117295503616333e-01
4.491541534662246704e-02
7.264990210533142090e-01
1.595879346132278442e-01
7.533885240554809570e-01
1.138120070099830627e-01
6.997379064559936523e-01
1.321172416210174561e-01
4.484763741493225098e-02
7.268562912940979004e-01
1.707699745893478394e-01
7.680081129074096680e-01
1.201442182064056396e-01
7.317929267883300781e-01
1.262027323246002197e-01
5.286336690187454224e-02
7.547721862792968750e-01
1.566874384880065918e-01
8.111162781715393066e-01
1.169659271836280823e-01
7.246230244636535645e-01
1.388741433620452881e-01
5.006057396531105042e-02
7.702619433403015137e-01
1.463779062032699585e-01
8.235548138618469238e-01
1.180655136704444885e-01
7.080519199371337891e-01
1.328334063291549683e-01
4.827018454670906067e-02
7.779277563095092773e-01
1.440894007682800293e-01
8.368590474128723145e-01
1.180853024125099182e-01
7.266477942466735840e-01
1.226216182112693787e-01
4.890683665871620178e-02
7.812402844429016113e-01
1.495950073003768921e-01
8.301756978034973145e-01
1.211037412285804749e-01
7.536772489547729492e-01
1.115327998995780945e-01
4.735033214092254639e-02
7.736967802047729492e-01
1.521396338939666748e-01
8.338206410408020020e-01
1.313965916633605957e-01
7.397168874740600586e-01
1.182757541537284851e-01
4.479061812162399292e-02
7.656880617141723633e-01
1.700524985790252686e-01
8.274981379508972168e-01
1.306708008050918579e-01
7.235766053199768066e-01
1.100109666585922241e-01
4.652748629450798035e-02
7.966817021369934082e-01
1.596185266971588135e-01
8.527759313583374023e-01
1.235081776976585388e-01
6.786171793937683105e-01
1.008513346314430237e-01
4.587944597005844116e-02
8.037133216857910156e-01
1.502373963594436646e-01
8.562136292457580566e-01
1.226016208529472351e-01
6.738945245742797852e-01
1.240191310644149780e-01
4.558269679546356201e-02
7.912559509277343750e-01
1.504298150539398193e-01
8.338170051574707031e-01
1.210522502660751343e-01
6.602210998535156250e-01
1.177927330136299133e-01
4.602436348795890808e-02
7.736264467239379883e-01
1.406498402357101440e-01
8.243525624275207520e-01
1.190559267997741699e-01
6.634849309921264648e-01
1.455804258584976196e-01
4.501225054264068604e-02
7.834222912788391113e-01
1.427709013223648071e-01
8.397718071937561035e-01
1.169964000582695007e-01
7.420363426208496094e-01
1.194607838988304138e-01
4.437708109617233276e-02
7.852100133895874023e-01
1.454457938671112061e-01
8.517598509788513184e-01
1.242038831114768982e-01
7.570580244064331055e-01
1.120578125119209290e-01
4.213729500770568848e-02
7.905209064483642578e-01
1.464975178241729736e-01
8.625473976135253906e-01
1.210884824395179749e-01
7.651315331459045410e-01
1.050623133778572083e-01
3.912064805626869202e-02
7.819284796714782715e-01
1.532306671142578125e-01
8.681872487068176270e-01
1.219144314527511597e-01
8.034768104553222656e-01
1.104588955640792847e-01
3.707432001829147339e-02
7.878792285919189453e-01
1.449969559907913208e-01
8.736208677291870117e-01
1.243274062871932983e-01
8.250344395637512207e-01
1.142683699727058411e-01
3.483901545405387878e-02
8.007596135139465332e-01
1.486361026763916016e-01
8.922618627548217773e-01
1.224957630038261414e-01
8.986364006996154785e-01
1.246114894747734070e-01
3.282048553228378296e-02
7.746407389640808105e-01
1.449956595897674561e-01
8.929892182350158691e-01
1.274839639663696289e-01
9.461314678192138672e-01
1.175159290432929993e-01
3.065726347267627716e-02
6.868908405303955078e-01
1.463939547538757324e-01
7.485353946685791016e-01
1.254116147756576538e-01
9.848111271858215332e-01
1.180408373475074768e-01
3.031159564852714539e-02
6.561820507049560547e-01
1.548598557710647583e-01
6.951653957366943359e-01
1.197883486747741699e-01
9.001579284667968750e-01
1.166441813111305237e-01
3.061714582145214081e-02
6.736624240875244141e-01
1.494586765766143799e-01
7.358325123786926270e-01
1.240173503756523132e-01
8.526171445846557617e-01
1.185382232069969177e-01
2.951963804662227631e-02
6.848374605178833008e-01
1.484921276569366455e-01
7.437338829040527344e-01
1.253722459077835083e-01
8.334584832191467285e-01
1.216691583395004272e-01
2.898137271404266357e-02
6.602500081062316895e-01
1.544668525457382202e-01
7.219305634498596191e-01
1.232663244009017944e-01
8.881151080131530762e-01
1.181472465395927429e-01
2.998611517250537872e-02
6.795742511749267578e-01
1.474945694208145142e-01
7.253084778785705566e-01
1.208026036620140076e-01
8.584012389183044434e-01
1.278568953275680542e-01
2.968175150454044342e-02
6.654208898544311523e-01
1.536750048398971558e-01
6.960896253585815430e-01
1.270191073417663574e-01
8.645703196525573730e-01
1.300482749938964844e-01
3.050171770155429840e-02
6.515960097312927246e-01
1.567701250314712524e-01
6.859900355339050293e-01
1.248370558023452759e-01
8.270586729049682617e-01
1.334056407213211060e-01
2.992557361721992493e-02
6.401410102844238281e-01
1.482837796211242676e-01
6.804138422012329102e-01
1.206090301275253296e-01
8.218661546707153320e-01
1.421541273593902588e-01
2.975622005760669708e-02
6.241475939750671387e-01
1.476814448833465576e-01
6.527366638183593750e-01
1.203873604536056519e-01
7.727773785591125488e-01
1.297588050365447998e-01
2.971982955932617188e-02
6.141905188560485840e-01
1.463324278593063354e-01
6.416185498237609863e-01
1.203957647085189819e-01
8.274137377738952637e-01
1.200936511158943176e-01
2.995051629841327667e-02
6.207568645477294922e-01
1.522145122289657593e-01
6.602136492729187012e-01
1.272581815719604492e-01
7.949331402778625488e-01
1.299324482679367065e-01
2.917002514004707336e-02
6.375099420547485352e-01
1.624594032764434814e-01
6.795165538787841797e-01
1.314902007579803467e-01
8.375956416130065918e-01
1.314270645380020142e-01
2.919432148337364197e-02
6.615350842475891113e-01
1.644811332225799561e-01
7.031338214874267578e-01
1.293632686138153076e-01
7.597849965095520020e-01
1.231421083211898804e-01
2.874711342155933380e-02
6.649024486541748047e-01
1.542053222656250000e-01
7.004489898681640625e-01
1.251294463872909546e-01
7.435805201530456543e-01
1.168003454804420471e-01
2.854805067181587219e-02
6.714318394660949707e-01
1.490481942892074585e-01
7.030870914459228516e-01
1.236993893980979919e-01
7.056283950805664062e-01
1.393529772758483887e-01
2.874420583248138428e-02
6.586806178092956543e-01
1.450946182012557983e-01
6.794035434722900391e-01
1.203022226691246033e-01
7.061528563499450684e-01
1.188569217920303345e-01
2.916855737566947937e-02
6.431509256362915039e-01
1.503839790821075439e-01
6.582410931587219238e-01
1.170063465833663940e-01
6.599973440170288086e-01
1.094506233930587769e-01
2.871077321469783783e-02
6.455637812614440918e-01
1.438725739717483521e-01
6.662659645080566406e-01
1.232334449887275696e-01
6.074271202087402344e-01
1.058320999145507812e-01
2.892618998885154724e-02
6.455603837966918945e-01
1.460543572902679443e-01
6.657138466835021973e-01
1.189234107732772827e-01
5.841652750968933105e-01
1.045457050204277039e-01
2.849913761019706726e-02
6.542066931724548340e-01
1.523410975933074951e-01
6.722294688224792480e-01
1.197862178087234497e-01
6.071546077728271484e-01
1.118780076503753662e-01
2.878217399120330811e-02
6.802253723144531250e-01
1.438280791044235229e-01
6.928081512451171875e-01
1.178581044077873230e-01
5.924109220504760742e-01
1.067147403955459595e-01
2.741300687193870544e-02
6.895462870597839355e-01
1.463662236928939819e-01
6.969416737556457520e-01
1.197513639926910400e-01
6.092976331710815430e-01
1.062424033880233765e-01
2.818959951400756836e-02
6.800615191459655762e-01
1.411715000867843628e-01
7.099651694297790527e-01
1.178652197122573853e-01
6.155112385749816895e-01
1.053132638335227966e-01
3.250392153859138489e-02
6.742303967475891113e-01
1.504018455743789673e-01
6.964543461799621582e-01
1.177487820386886597e-01
6.045944690704345703e-01
1.034920811653137207e-01
2.876902557909488678e-02
6.227713823318481445e-01
1.460683941841125488e-01
6.364432573318481445e-01
1.174419373273849487e-01
6.219180226325988770e-01
1.070796623826026917e-01
3.369932621717453003e-02
6.043685078620910645e-01
1.512834280729293823e-01
6.193169355392456055e-01
1.199100017547607422e-01
5.998835563659667969e-01
1.114752665162086487e-01
2.777841873466968536e-02
5.746468901634216309e-01
1.567171216011047363e-01
5.901790857315063477e-01
1.209447756409645081e-01
6.020596027374267578e-01
1.055123805999755859e-01
2.993340417742729187e-02
6.099917888641357422e-01
1.569886654615402222e-01
6.193569302558898926e-01
1.243743449449539185e-01
6.131526231765747070e-01
1.090830415487289429e-01
2.713623270392417908e-02
6.046763062477111816e-01
1.442110389471054077e-01
6.226766109466552734e-01
1.183622255921363831e-01
6.070467829704284668e-01
1.064639538526535034e-01
2.738401666283607483e-02
6.364293098449707031e-01
1.621972918510437012e-01
6.573843359947204590e-01
1.308852732181549072e-01
6.015577316284179688e-01
1.078752204775810242e-01
2.781696617603302002e-02
6.493493914604187012e-01
1.518737077713012695e-01
6.663377285003662109e-01
1.247512847185134888e-01
6.049133539199829102e-01
1.178381070494651794e-01
2.914417907595634460e-02
6.429544091224670410e-01
1.477437764406204224e-01
6.539038419723510742e-01
1.240006610751152039e-01
6.076604127883911133e-01
1.294271349906921387e-01
2.948614582419395447e-02
6.199994683265686035e-01
1.451975554227828979e-01
6.333374977111816406e-01
1.263312548398971558e-01
6.166169643402099609e-01
1.040759533643722534e-01
2.961178123950958252e-02
6.391448974609375000e-01
1.421516090631484985e-01
6.540201902389526367e-01
1.187329292297363281e-01
6.049140691757202148e-01
1.005319431424140930e-01
3.001586534082889557e-02
6.384682655334472656e-01
1.444961726665496826e-01
6.579521298408508301e-01
1.192868351936340332e-01
5.854510068893432617e-01
1.027057841420173645e-01
3.063254058361053467e-02
6.411586999893188477e-01
1.481050550937652588e-01
6.531182527542114258e-01
1.187743470072746277e-01
6.017497777938842773e-01
1.104553863406181335e-01
3.018593788146972656e-02
6.316778659820556641e-01
1.469046771526336670e-01
6.498183012008666992e-01
1.199960708618164062e-01
6.032451391220092773e-01
1.092215925455093384e-01
3.031369298696517944e-02
6.302546262741088867e-01
1.498603820800781250e-01
6.452206373214721680e-01
1.243146359920501709e-01
6.104247570037841797e-01
1.047327145934104919e-01
3.107970021665096283e-02
6.204042434692382812e-01
1.483875513076782227e-01
6.433876752853393555e-01
1.253035366535186768e-01
6.189649701118469238e-01
1.007796451449394226e-01
3.655908629298210144e-02
6.171897649765014648e-01
1.492616832256317139e-01
6.305956840515136719e-01
1.258250176906585693e-01
6.184035539627075195e-01
1.001332625746726990e-01
6.251020729541778564e-02
6.090303063392639160e-01
1.486275941133499146e-01
6.239158511161804199e-01
1.228648051619529724e-01
5.999020338058471680e-01
1.072280555963516235e-01
4.462588950991630554e-02
6.185580492019653320e-01
1.479889601469039917e-01
6.339608430862426758e-01
1.253122985363006592e-01
6.172310113906860352e-01
1.100107356905937195e-01
4.362443089485168457e-02
6.132717132568359375e-01
1.452304422855377197e-01
6.293941736221313477e-01
1.241687685251235962e-01
6.185469627380371094e-01
1.148705631494522095e-01
4.358718544244766235e-02
6.243502497673034668e-01
1.540478914976119995e-01
6.405709385871887207e-01
1.254930198192596436e-01
6.408395171165466309e-01
1.226206719875335693e-01
4.756236821413040161e-02
6.227303743362426758e-01
1.450444906949996948e-01
6.375467181205749512e-01
1.277424544095993042e-01
6.470305919647216797e-01
1.188074052333831787e-01
3.994904831051826477e-02
6.253738403320312500e-01
1.501431167125701904e-01
6.292659044265747070e-01
1.217054426670074463e-01
6.775814294815063477e-01
1.226073652505874634e-01
5.978497490286827087e-02
6.309225559234619141e-01
1.455489397048950195e-01
6.344766020774841309e-01
1.211586445569992065e-01
6.955879926681518555e-01
1.224043145775794983e-01
6.352899968624114990e-02
6.252284049987792969e-01
1.474644392728805542e-01
6.188548207283020020e-01
1.177629530429840088e-01
7.142240405082702637e-01
1.291210055351257324e-01
5.317227542400360107e-02
6.194983124732971191e-01
1.547176092863082886e-01
6.334457397460937500e-01
1.212491989135742188e-01
6.983944177627563477e-01
1.173254400491714478e-01
6.696750223636627197e-02
6.403887867927551270e-01
1.478446722030639648e-01
6.494035124778747559e-01
1.190357878804206848e-01
6.863354444503784180e-01
1.198743209242820740e-01
4.368031769990921021e-02
6.728571653366088867e-01
1.469010412693023682e-01
6.758559942245483398e-01
1.195082664489746094e-01
6.958457231521606445e-01
1.193302050232887268e-01
6.200789287686347961e-02
7.513928413391113281e-01
1.542223095893859863e-01
7.512468695640563965e-01
1.220563277602195740e-01
7.410521507263183594e-01
1.273346245288848877e-01
4.998753219842910767e-02
8.171265125274658203e-01
1.509858518838882446e-01
8.166431188583374023e-01
1.260441392660140991e-01
6.948766708374023438e-01
1.282873898744583130e-01
4.709739238023757935e-02
8.840960264205932617e-01
1.694069653749465942e-01
8.894321918487548828e-01
1.316740214824676514e-01
7.370373606681823730e-01
1.327692270278930664e-01
5.157312750816345215e-02
8.898206353187561035e-01
1.609930545091629028e-01
8.879523277282714844e-01
1.327680349349975586e-01
7.309214472770690918e-01
1.279549896717071533e-01
5.309555679559707642e-02
8.631323575973510742e-01
1.552401334047317505e-01
8.553243279457092285e-01
1.239592432975769043e-01
7.796481251716613770e-01
1.402049362659454346e-01
5.555445328354835510e-02
8.411223292350769043e-01
1.600783765316009521e-01
8.219094276428222656e-01
1.342075169086456299e-01
7.324893474578857422e-01
1.387227326631546021e-01
5.586894229054450989e-02
8.522431254386901855e-01
1.544370055198669434e-01
8.516162633895874023e-01
1.254714280366897583e-01
7.395994067192077637e-01
1.178685352206230164e-01
5.579505488276481628e-02
8.559545874595642090e-01
1.546005457639694214e-01
8.569724559783935547e-01
1.241528838872909546e-01
7.209285497665405273e-01
1.133702397346496582e-01
5.483127385377883911e-02
8.471324443817138672e-01
1.475214660167694092e-01
8.572232127189636230e-01
1.238720789551734924e-01
7.266928553581237793e-01
1.053847596049308777e-01
5.747820064425468445e-02
8.349248170852661133e-01
1.475898921489715576e-01
8.433161973953247070e-01
1.245157271623611450e-01
6.911446452140808105e-01
1.009498089551925659e-01
5.313616245985031128e-02
8.288520574569702148e-01
1.553958058357238770e-01
8.241287469863891602e-01
1.478767096996307373e-01
6.683784723281860352e-01
1.024311184883117676e-01
5.126938968896865845e-02
8.221289515495300293e-01
1.510222703218460083e-01
8.295582532882690430e-01
1.300564259290695190e-01
6.473162770271301270e-01
1.026222556829452515e-01
4.812324792146682739e-02
8.295577764511108398e-01
1.581037342548370361e-01
8.264628648757934570e-01
1.295321583747863770e-01
6.391392946243286133e-01
1.037259772419929504e-01
5.011905357241630554e-02
8.145125508308410645e-01
1.534302532672882080e-01
8.251742124557495117e-01
1.327284127473831177e-01
6.363316178321838379e-01
1.022736579179763794e-01
4.962924495339393616e-02
8.231092095375061035e-01
1.496737301349639893e-01
8.494755029678344727e-01
1.316600143909454346e-01
6.298701763153076172e-01
1.017406582832336426e-01
4.901360347867012024e-02
8.232516050338745117e-01
1.597673147916793823e-01
8.568552732467651367e-01
1.411828547716140747e-01
6.033108830451965332e-01
1.016927435994148254e-01
4.341039061546325684e-02
8.367778062820434570e-01
1.545227766036987305e-01
8.608549237251281738e-01
1.288766115903854370e-01
6.118396520614624023e-01
1.039348021149635315e-01
4.456042125821113586e-02
8.100332617759704590e-01
1.521105915307998657e-01
8.499509692192077637e-01
1.341835409402847290e-01
6.208279132843017578e-01
1.041840016841888428e-01
4.716468974947929382e-02
7.913077473640441895e-01
1.510590463876724243e-01
8.140230774879455566e-01
1.265102624893188477e-01
6.246207952499389648e-01
1.032047048211097717e-01
5.179110541939735413e-02
7.544373869895935059e-01
1.502577215433120728e-01
7.957153320312500000e-01
1.290887147188186646e-01
6.256399750709533691e-01
1.059992909431457520e-01
5.121615529060363770e-02
7.732365727424621582e-01
1.481063216924667358e-01
8.034313917160034180e-01
1.224309355020523071e-01
6.305913329124450684e-01
1.081543117761611938e-01
4.576477035880088806e-02
8.360710144042968750e-01
1.482096165418624878e-01
8.480911254882812500e-01
1.257207691669464111e-01
6.118420362472534180e-01
1.063901111483573914e-01
4.266298562288284302e-02
9.005761146545410156e-01
1.477110236883163452e-01
9.476145505905151367e-01
1.252637505531311035e-01
6.221671104431152344e-01
1.091938465833663940e-01
4.846580326557159424e-02
9.504806995391845703e-01
1.453666388988494873e-01
1.008394122123718262e+00
1.238514333963394165e-01
6.158417463302612305e-01
1.098612397909164429e-01
4.228898882865905762e-02
1.058507323265075684e+00
1.456929892301559448e-01
1.110204219818115234e+00
1.202482953667640686e-01
6.228901743888854980e-01
1.137263402342796326e-01
4.909027367830276489e-02
1.122192382812500000e+00
1.436368376016616821e-01
1.194755554199218750e+00
1.195477843284606934e-01
6.169586777687072754e-01
1.079685911536216736e-01
5.662325397133827209e-02
1.178378105163574219e+00
1.488391309976577759e-01
1.215251803398132324e+00
1.232863068580627441e-01
6.123997569084167480e-01
1.044268161058425903e-01
5.942345783114433289e-02
1.160940289497375488e+00
1.480255573987960815e-01
1.229752540588378906e+00
1.260820180177688599e-01
6.099283099174499512e-01
1.059304997324943542e-01
6.341949105262756348e-02
1.193904995918273926e+00
1.430105566978454590e-01
1.263467311859130859e+00
1.198219135403633118e-01
6.169249415397644043e-01
1.051063984632492065e-01
6.886423379182815552e-02
1.175284981727600098e+00
1.492051631212234497e-01
1.239854574203491211e+00
1.235515624284744263e-01
6.193152666091918945e-01
1.044026091694831848e-01
6.985438615083694458e-02
1.208986639976501465e+00
1.486435979604721069e-01
1.275229692459106445e+00
1.208742707967758179e-01
6.180718541145324707e-01
1.085253432393074036e-01
7.668393850326538086e-02
1.260832309722900391e+00
1.625973135232925415e-01
1.325581908226013184e+00
1.289414018392562866e-01
6.005136370658874512e-01
1.076223999261856079e-01
7.519720494747161865e-02
1.271875619888305664e+00
1.723003387451171875e-01
1.345979690551757812e+00
1.365145444869995117e-01
6.108181476593017578e-01
1.108264774084091187e-01
7.793642580509185791e-02
1.169391274452209473e+00
1.776244640350341797e-01
1.231717586517333984e+00
1.313997507095336914e-01
6.072009205818176270e-01
1.068037152290344238e-01
8.087164163589477539e-02
1.191628694534301758e+00
1.808654516935348511e-01
1.260535597801208496e+00
1.765669137239456177e-01
6.086712479591369629e-01
1.060072556138038635e-01
8.167722076177597046e-02
1.108520030975341797e+00
1.537823975086212158e-01
1.182835936546325684e+00
1.338356584310531616e-01
6.093102693557739258e-01
1.102473139762878418e-01
8.435818552970886230e-02
1.170699119567871094e+00
1.510446220636367798e-01
1.231190085411071777e+00
1.317194253206253052e-01
6.077695488929748535e-01
1.094609647989273071e-01
8.752066642045974731e-02
1.189096927642822266e+00
1.534313857555389404e-01
1.266402125358581543e+00
1.329255104064941406e-01
6.198542714118957520e-01
1.116233095526695251e-01
8.794593811035156250e-02
1.180825710296630859e+00
1.532152295112609863e-01
1.261547803878784180e+00
1.308139860630035400e-01
6.295122504234313965e-01
1.172444373369216919e-01
9.322076290845870972e-02
1.234647393226623535e+00
1.553992778062820435e-01
1.322762608528137207e+00
1.369296908378601074e-01
6.290585994720458984e-01
1.164680346846580505e-01
8.760322630405426025e-02
1.277781367301940918e+00
1.575280874967575073e-01
1.349284410476684570e+00
1.273538768291473389e-01
6.472789645195007324e-01
1.170210018754005432e-01
8.517274260520935059e-02
1.249076843261718750e+00
1.501855105161666870e-01
1.330585837364196777e+00
1.310335844755172729e-01
6.574547886848449707e-01
1.158285140991210938e-01
8.964337408542633057e-02
1.287221670150756836e+00
1.531361788511276245e-01
1.357665777206420898e+00
1.285536289215087891e-01
6.505695581436157227e-01
1.151250973343849182e-01
9.121649712324142456e-02
1.251005768775939941e+00
1.502614468336105347e-01
1.323066711425781250e+00
1.250410974025726318e-01
6.511347889900207520e-01
1.119086518883705139e-01
8.624859899282455444e-02
1.260498285293579102e+00
1.558697521686553955e-01
1.363519072532653809e+00
1.347869038581848145e-01
6.556901931762695312e-01
1.128780841827392578e-01
7.975628226995468140e-02
1.368719696998596191e+00
1.576287150382995605e-01
1.424959421157836914e+00
1.357754319906234741e-01
6.508672833442687988e-01
1.100129634141921997e-01
7.960091531276702881e-02
1.370141744613647461e+00
1.543522775173187256e-01
1.447464585304260254e+00
1.293591111898422241e-01
6.499877572059631348e-01
1.110517382621765137e-01
7.830539345741271973e-02
1.427302002906799316e+00
1.527020335197448730e-01
1.504216909408569336e+00
1.280772387981414795e-01
6.411721110343933105e-01
1.075903102755546570e-01
8.166736364364624023e-02
1.522609472274780273e+00
1.551258862018585205e-01
1.583928585052490234e+00
1.264202296733856201e-01
6.461384296417236328e-01
1.120080500841140747e-01
7.830114662647247314e-02
1.598625421524047852e+00
1.520597785711288452e-01
1.665230512619018555e+00
1.260898858308792114e-01
6.610812544822692871e-01
1.122203543782234192e-01
7.999909669160842896e-02
1.541384696960449219e+00
1.568311899900436401e-01
1.663292288780212402e+00
1.235773712396621704e-01
6.483879089355468750e-01
1.175452768802642822e-01
7.904773950576782227e-02
1.705565690994262695e+00
1.485372483730316162e-01
1.783082008361816406e+00
1.230379492044448853e-01
6.694223880767822266e-01
1.111832708120346069e-01
8.160276710987091064e-02
1.753972411155700684e+00
1.504477113485336304e-01
1.831154108047485352e+00
1.251982748508453369e-01
6.500281095504760742e-01
1.094260811805725098e-01
7.920683175325393677e-02
1.736040949821472168e+00
1.481940001249313354e-01
1.839973449707031250e+00
1.245063170790672302e-01
6.488259434700012207e-01
1.104964539408683777e-01
7.994068413972854614e-02
1.707546472549438477e+00
1.429243683815002441e-01
1.798509359359741211e+00
1.189090386033058167e-01
6.413196325302124023e-01
1.165273040533065796e-01
7.751487940549850464e-02
1.726811766624450684e+00
1.478297561407089233e-01
1.821244359016418457e+00
1.217783838510513306e-01
6.297071576118469238e-01
1.144938468933105469e-01
8.323293924331665039e-02
1.738090872764587402e+00
1.515621691942214966e-01
1.823772668838500977e+00
1.273128092288970947e-01
6.270914673805236816e-01
1.222082674503326416e-01
8.421009778976440430e-02
1.728321313858032227e+00
1.633649617433547974e-01
1.815159559249877930e+00
1.236384734511375427e-01
6.331326365470886230e-01
1.098445281386375427e-01
8.254543691873550415e-02
1.730570435523986816e+00
1.608634442090988159e-01
1.809390425682067871e+00
1.280610859394073486e-01
6.223937273025512695e-01
1.130087226629257202e-01
8.276437968015670776e-02
1.715185761451721191e+00
1.617955267429351807e-01
1.809201598167419434e+00
1.323262602090835571e-01
6.281548738479614258e-01
1.127700954675674438e-01
8.080741018056869507e-02
1.709188699722290039e+00
1.593564748764038086e-01
1.789652705192565918e+00
1.355147808790206909e-01
6.182217597961425781e-01
1.126298084855079651e-01
8.184665441513061523e-02
1.778698563575744629e+00
1.647833585739135742e-01
1.826547384262084961e+00
1.377971023321151733e-01
5.959727764129638672e-01
1.097358763217926025e-01
8.512397110462188721e-02
1.779201269149780273e+00
1.604114770889282227e-01
1.797033548355102539e+00
1.329071819782257080e-01
6.052450537681579590e-01
1.071626543998718262e-01
8.322666585445404053e-02
1.743427276611328125e+00
1.602203100919723511e-01
1.797028183937072754e+00
1.351678520441055298e-01
6.251464486122131348e-01
1.119515523314476013e-01
8.475199341773986816e-02
1.716206908226013184e+00
1.648682057857513428e-01
1.754674315452575684e+00
1.258225142955780029e-01
6.316051483154296875e-01
1.130140647292137146e-01
8.368895202875137329e-02
1.761539816856384277e+00
1.590654551982879639e-01
1.805678009986877441e+00
1.344342976808547974e-01
6.684406995773315430e-01
1.152538210153579712e-01
8.614341169595718384e-02
1.729459881782531738e+00
1.581362634897232056e-01
1.772814393043518066e+00
1.283046007156372070e-01
6.987745165824890137e-01
1.173679977655410767e-01
8.933772146701812744e-02
1.733141422271728516e+00
1.581308543682098389e-01
1.761292457580566406e+00
1.246381923556327820e-01
7.196190357208251953e-01
1.159691661596298218e-01
8.887317031621932983e-02
1.763322710990905762e+00
1.608385294675827026e-01
1.777460217475891113e+00
1.297895163297653198e-01
8.185361027717590332e-01
1.218825876712799072e-01
8.554581552743911743e-02
1.716908931732177734e+00
1.598013192415237427e-01
1.743944764137268066e+00
1.307192593812942505e-01
6.808077692985534668e-01
1.206449568271636963e-01
8.917991071939468384e-02
1.015197157859802246e+00
1.610833406448364258e-01
9.170374274253845215e-01
1.304560005664825439e-01
6.923267841339111328e-01
1.223720908164978027e-01
8.925595879554748535e-02
9.186688661575317383e-01
1.609959155321121216e-01
8.802072405815124512e-01
1.330256760120391846e-01
6.606478095054626465e-01
1.279229223728179932e-01
8.404300361871719360e-02
9.934868812561035156e-01
1.568899452686309814e-01
9.242404699325561523e-01
1.324109286069869995e-01
6.461804509162902832e-01
1.242906451225280762e-01
7.312683761119842529e-02
9.870066046714782715e-01
1.544128209352493286e-01
1.078146696090698242e+00
1.282064616680145264e-01
6.481406092643737793e-01
1.348997950553894043e-01
7.980040460824966431e-02
9.695951342582702637e-01
1.661591529846191406e-01
1.009699225425720215e+00
1.325593143701553345e-01
6.568318605422973633e-01
1.346217542886734009e-01
6.818072497844696045e-02
1.006130933761596680e+00
1.649047136306762695e-01
1.068038702011108398e+00
1.308363080024719238e-01
6.685810089111328125e-01
1.318732947111129761e-01
6.488715112209320068e-02
8.739349842071533203e-01
1.557804793119430542e-01
8.622589111328125000e-01
1.306147873401641846e-01
6.697304248809814453e-01
1.208427771925926208e-01
6.432537734508514404e-02
7.826914191246032715e-01
1.579491347074508667e-01
7.695978879928588867e-01
1.352628618478775024e-01
6.726620793342590332e-01
1.214125975966453552e-01
6.281618028879165649e-02
7.658807635307312012e-01
1.598114669322967529e-01
7.553330659866333008e-01
1.345562040805816650e-01
6.939776539802551270e-01
1.253486126661300659e-01
6.571644544601440430e-02
7.714365720748901367e-01
1.669800877571105957e-01
7.676616907119750977e-01
1.403001099824905396e-01
6.767920851707458496e-01
1.207830533385276794e-01
6.711681187152862549e-02
7.750029563903808594e-01
1.738784760236740112e-01
7.753050923347473145e-01
1.378602683544158936e-01
6.835533976554870605e-01
1.189850270748138428e-01
7.030557096004486084e-02
7.715995311737060547e-01
1.640843451023101807e-01
7.704840302467346191e-01
1.415642350912094116e-01
6.914376616477966309e-01
1.173902675509452820e-01
7.116840779781341553e-02
7.568020224571228027e-01
1.849629282951354980e-01
7.498227357864379883e-01
1.688953638076782227e-01
6.965833902359008789e-01
1.204789727926254272e-01
7.198487222194671631e-02
7.640770673751831055e-01
1.789917051792144775e-01
7.475850582122802734e-01
1.492841392755508423e-01
6.959311962127685547e-01
1.211762875318527222e-01
6.697912514209747314e-02
7.762945890426635742e-01
1.776552647352218628e-01
7.543209791183471680e-01
1.500483304262161255e-01
6.857500672340393066e-01
1.156397983431816101e-01
6.528206169605255127e-02
7.907912135124206543e-01
1.852550506591796875e-01
7.632607817649841309e-01
1.623866409063339233e-01
6.777735352516174316e-01
1.114345937967300415e-01
6.462723761796951294e-02
7.860575914382934570e-01
1.815991103649139404e-01
7.702588438987731934e-01
1.560246795415878296e-01
6.779084205627441406e-01
1.117995828390121460e-01
6.405342370271682739e-02
7.858420014381408691e-01
1.861040741205215454e-01
7.673805952072143555e-01
1.595428138971328735e-01
6.675316691398620605e-01
1.109102591872215271e-01
6.393918395042419434e-02
7.867048978805541992e-01
1.803265810012817383e-01
7.643367052078247070e-01
1.478478312492370605e-01
6.747974157333374023e-01
1.137695088982582092e-01
6.750293821096420288e-02
7.743369340896606445e-01
1.747575551271438599e-01
7.557232975959777832e-01
1.491779386997222900e-01
6.679679751396179199e-01
1.126848831772804260e-01
6.247941777110099792e-02
7.707039117813110352e-01
1.805229485034942627e-01
7.404335737228393555e-01
1.437496095895767212e-01
6.708615422248840332e-01
1.115294992923736572e-01
6.165824085474014282e-02
7.577044367790222168e-01
1.756138950586318970e-01
7.338237762451171875e-01
1.424504965543746948e-01
6.752298474311828613e-01
1.132664903998374939e-01
5.951149016618728638e-02
7.743740081787109375e-01
1.784681528806686401e-01
7.503582835197448730e-01
1.471786499023437500e-01
6.716668009757995605e-01
1.130510866641998291e-01
5.755446106195449829e-02
8.233832120895385742e-01
1.846624761819839478e-01
8.131781220436096191e-01
1.545206308364868164e-01
6.812740564346313477e-01
1.127104163169860840e-01
5.523860454559326172e-02
6.872818470001220703e-01
1.765508800745010376e-01
6.621199250221252441e-01
1.517884731292724609e-01
6.724608540534973145e-01
1.109079644083976746e-01
5.525858700275421143e-02
6.835427880287170410e-01
1.787387579679489136e-01
6.574446558952331543e-01
1.478593647480010986e-01
6.826256513595581055e-01
1.130930110812187195e-01
5.561907961964607239e-02
6.906002759933471680e-01
1.925331801176071167e-01
6.518244743347167969e-01
1.584005504846572876e-01
6.735562086105346680e-01
1.149253621697425842e-01
4.898197948932647705e-02
7.110232114791870117e-01
1.823574304580688477e-01
6.823005080223083496e-01
1.404884606599807739e-01
6.929080486297607422e-01
1.156508699059486389e-01
5.414154008030891418e-02
7.193691134452819824e-01
1.951883137226104736e-01
7.084928154945373535e-01
1.388277709484100342e-01
6.862730383872985840e-01
1.222367733716964722e-01
4.933258518576622009e-02
7.299211025238037109e-01
1.811781376600265503e-01
7.020367980003356934e-01
1.361696124076843262e-01
6.910637617111206055e-01
1.191771179437637329e-01
4.090603813529014587e-02
7.229898571968078613e-01
1.813103854656219482e-01
6.962904930114746094e-01
1.377785205841064453e-01
6.795412898063659668e-01
1.194605380296707153e-01
3.922419995069503784e-02
6.848817467689514160e-01
1.773413419723510742e-01
6.573542952537536621e-01
1.377977877855300903e-01
6.788751482963562012e-01
1.182937026023864746e-01
3.861899673938751221e-02
6.566143631935119629e-01
1.684495210647583008e-01
6.283215880393981934e-01
1.334583312273025513e-01
6.572898030281066895e-01
1.131880879402160645e-01
3.532257676124572754e-02
6.358208656311035156e-01
1.786810159683227539e-01
6.072983741760253906e-01
1.372358053922653198e-01
6.539393663406372070e-01
1.136201247572898865e-01
3.697778657078742981e-02
6.312778592109680176e-01
1.778296530246734619e-01
6.018295288085937500e-01
1.381943970918655396e-01
6.714113950729370117e-01
1.149622499942779541e-01
3.432200103998184204e-02
6.516653895378112793e-01
1.783927530050277710e-01
6.224657893180847168e-01
1.335694193840026855e-01
6.721968650817871094e-01
1.207178682088851929e-01
3.386447206139564514e-02
6.658976674079895020e-01
1.899317950010299683e-01
6.373366117477416992e-01
1.412521153688430786e-01
6.701912283897399902e-01
1.249584555625915527e-01
3.144693374633789062e-02
6.860115528106689453e-01
1.958469152450561523e-01
6.508795619010925293e-01
1.432203948497772217e-01
6.755583286285400391e-01
1.283603757619857788e-01
3.184995055198669434e-02
6.962388157844543457e-01
1.984801292419433594e-01
6.690130829811096191e-01
1.452235877513885498e-01
6.694898009300231934e-01
1.270706951618194580e-01
3.201686218380928040e-02
7.084229588508605957e-01
2.044437229633331299e-01
6.806699633598327637e-01
1.475875079631805420e-01
6.738452911376953125e-01
1.211877465248107910e-01
3.185337409377098083e-02
7.114115953445434570e-01
1.952198147773742676e-01
6.733682751655578613e-01
1.424187421798706055e-01
6.699437499046325684e-01
1.274465620517730713e-01
3.162611648440361023e-02
7.023783922195434570e-01
2.050168216228485107e-01
6.630096435546875000e-01
1.474197208881378174e-01
6.704106330871582031e-01
1.407611519098281860e-01
3.141197189688682556e-02
6.871524453163146973e-01
2.188200652599334717e-01
6.539337635040283203e-01
1.497116088867187500e-01
6.850776672363281250e-01
1.369671076536178589e-01
3.043839149177074432e-02
6.894774436950683594e-01
2.139400690793991089e-01
6.543284654617309570e-01
1.494090259075164795e-01
6.927962303161621094e-01
1.409483850002288818e-01
3.164593875408172607e-02
7.038037180900573730e-01
2.161967456340789795e-01
6.657503247261047363e-01
1.490625888109207153e-01
6.894017457962036133e-01
1.431135982275009155e-01
3.299900516867637634e-02
7.116567492485046387e-01
2.253182977437973022e-01
6.818674206733703613e-01
1.590819656848907471e-01
6.830523610115051270e-01
1.464267373085021973e-01
3.654402121901512146e-02
7.133217453956604004e-01
2.365860641002655029e-01
6.764666438102722168e-01
1.748806387186050415e-01
6.946301460266113281e-01
1.564299315214157104e-01
3.171906620264053345e-02
6.913810968399047852e-01
2.227021902799606323e-01
6.686823964118957520e-01
1.550927460193634033e-01
7.017798423767089844e-01
1.505299061536788940e-01
3.200895339250564575e-02
6.502333283424377441e-01
1.994223594665527344e-01
6.257948875427246094e-01
1.377333849668502808e-01
6.836238503456115723e-01
1.518154889345169067e-01
3.087512589991092682e-02
6.172196269035339355e-01
2.083216458559036255e-01
6.059454083442687988e-01
1.501787751913070679e-01
6.808970570564270020e-01
1.515773981809616089e-01
3.551000729203224182e-02
6.543296575546264648e-01
2.200324237346649170e-01
6.145454645156860352e-01
1.656889915466308594e-01
6.912301182746887207e-01
1.569663286209106445e-01
3.419681265950202942e-02
6.773480176925659180e-01
2.030437141656875610e-01
6.515406370162963867e-01
1.346524953842163086e-01
6.784541606903076172e-01
1.607772558927536011e-01
3.478327021002769470e-02
6.891450881958007812e-01
2.107127457857131958e-01
6.728671789169311523e-01
1.424895524978637695e-01
6.830257177352905273e-01
1.588595062494277954e-01
3.259642422199249268e-02
7.080841660499572754e-01
1.824004948139190674e-01
7.056049108505249023e-01
1.289324015378952026e-01
6.900795698165893555e-01
1.651756912469863892e-01
3.183198720216751099e-02
7.298517227172851562e-01
1.895738095045089722e-01
7.056592106819152832e-01
1.298854649066925049e-01
6.800078749656677246e-01
1.607933938503265381e-01
3.029489517211914062e-02
7.563879489898681641e-01
1.748913824558258057e-01
7.726988792419433594e-01
1.294485926628112793e-01
6.752282381057739258e-01
1.528695523738861084e-01
2.883401885628700256e-02
7.416070103645324707e-01
1.762288659811019897e-01
7.199358940124511719e-01
1.255128681659698486e-01
6.770632863044738770e-01
1.539800167083740234e-01
2.762024663388729095e-02
7.207983136177062988e-01
1.885997056961059570e-01
6.955814361572265625e-01
1.248470395803451538e-01
6.860095858573913574e-01
1.608712822198867798e-01
2.857266925275325775e-02
7.089785337448120117e-01
1.834946274757385254e-01
6.839968562126159668e-01
1.280375272035598755e-01
6.832459568977355957e-01
1.686667352914810181e-01
2.888400293886661530e-02
7.437740564346313477e-01
1.724438667297363281e-01
7.151663899421691895e-01
1.231036856770515442e-01
6.857124567031860352e-01
1.627487242221832275e-01
2.850558049976825714e-02
7.479092478752136230e-01
1.846163868904113770e-01
7.239340543746948242e-01
1.313723772764205933e-01
7.002400755882263184e-01
1.633125394582748413e-01
2.755832672119140625e-02
7.689148783683776855e-01
2.168480157852172852e-01
7.492213249206542969e-01
1.388412714004516602e-01
7.136672139167785645e-01
1.820748150348663330e-01
2.745702117681503296e-02
7.987812757492065430e-01
1.922707855701446533e-01
7.926999926567077637e-01
1.364000886678695679e-01
7.019568681716918945e-01
1.693507134914398193e-01
2.697717584669589996e-02
8.060669898986816406e-01
2.119618803262710571e-01
7.883082032203674316e-01
1.312151849269866943e-01
7.273539900779724121e-01
1.844437867403030396e-01
2.667914703488349915e-02
8.094849586486816406e-01
2.082620859146118164e-01
7.935191392898559570e-01
1.352098286151885986e-01
7.581905126571655273e-01
1.925456374883651733e-01
2.650913782417774200e-02
7.914751172065734863e-01
2.113730609416961670e-01
7.759049534797668457e-01
1.307631731033325195e-01
8.021937012672424316e-01
1.981503218412399292e-01
2.609134279191493988e-02
7.685860991477966309e-01
2.297471761703491211e-01
7.546528577804565430e-01
1.345359086990356445e-01
8.143470287322998047e-01
2.141571491956710815e-01
2.758239582180976868e-02
7.894217967987060547e-01
2.267293930053710938e-01
7.908093333244323730e-01
1.404523402452468872e-01
8.681257367134094238e-01
2.219252884387969971e-01
2.675952203571796417e-02
7.994053959846496582e-01
2.469382584095001221e-01
7.720627784729003906e-01
1.430785208940505981e-01
8.941968083381652832e-01
2.277818024158477783e-01
2.625504508614540100e-02
8.347536921501159668e-01
2.334908545017242432e-01
7.983105778694152832e-01
1.281531304121017456e-01
9.897233843803405762e-01
2.376779168844223022e-01
2.769500389695167542e-02
8.694287538528442383e-01
2.188245207071304321e-01
8.587946891784667969e-01
1.222008317708969116e-01
1.055954337120056152e+00
2.425741255283355713e-01
2.543571218848228455e-02
7.553173899650573730e-01
1.943319886922836304e-01
7.742777466773986816e-01
1.230378597974777222e-01
8.863905072212219238e-01
2.230195999145507812e-01
2.457406371831893921e-02
8.587402105331420898e-01
2.027718275785446167e-01
7.973111271858215332e-01
1.238327175378799438e-01
8.862845301628112793e-01
2.194687724113464355e-01
2.935355342924594879e-02
8.111435770988464355e-01
2.144517004489898682e-01
8.335186243057250977e-01
1.273283064365386963e-01
8.605768084526062012e-01
2.130379676818847656e-01
2.926940657198429108e-02
8.539525866508483887e-01
2.135827839374542236e-01
8.880344629287719727e-01
1.328915357589721680e-01
8.758320808410644531e-01
2.145087569952011108e-01
2.895997278392314911e-02
9.814127683639526367e-01
2.110296934843063354e-01
9.473055601119995117e-01
1.281234472990036011e-01
7.794087529182434082e-01
1.898864358663558960e-01
3.123490512371063232e-02
9.747483134269714355e-01
2.555522620677947998e-01
1.015816330909729004e+00
1.513534784317016602e-01
7.861952185630798340e-01
1.867543458938598633e-01
3.005861304700374603e-02
1.097531795501708984e+00
2.059656828641891479e-01
1.121950387954711914e+00
1.318308562040328979e-01
7.216073274612426758e-01
1.719281971454620361e-01
2.940955013036727905e-02
1.178852796554565430e+00
1.917540282011032104e-01
1.205008864402770996e+00
1.221937686204910278e-01
7.542646527290344238e-01
1.839636117219924927e-01
3.234230354428291321e-02
1.205420017242431641e+00
1.592322140932083130e-01
1.279000043869018555e+00
1.223684027791023254e-01
6.787260174751281738e-01
1.956189870834350586e-01
3.266130015254020691e-02
1.179553389549255371e+00
1.746204495429992676e-01
1.219031691551208496e+00
1.254124939441680908e-01
7.138703465461730957e-01
1.699759662151336670e-01
3.292974457144737244e-02
1.201673269271850586e+00
1.670038104057312012e-01
1.211666464805603027e+00
1.220300868153572083e-01
7.224034070968627930e-01
1.660984158515930176e-01
3.451239317655563354e-02
1.172522664070129395e+00
1.610644608736038208e-01
1.175240755081176758e+00
1.222169771790504456e-01
7.708924412727355957e-01
1.746283322572708130e-01
3.583173081278800964e-02
1.213910937309265137e+00
1.852462589740753174e-01
1.219609260559082031e+00
1.154256016016006470e-01
7.401236295700073242e-01
1.745723038911819458e-01
3.775329142808914185e-02
1.220721006393432617e+00
1.696716248989105225e-01
1.240613579750061035e+00
1.141414642333984375e-01
7.150202989578247070e-01
1.790204346179962158e-01
3.948920220136642456e-02
1.264091849327087402e+00
1.673517972230911255e-01
1.287157416343688965e+00
1.184800490736961365e-01
7.499927282333374023e-01
1.764894723892211914e-01
4.091505706310272217e-02
1.324839472770690918e+00
1.701321899890899658e-01
1.347255349159240723e+00
1.194274276494979858e-01
7.451666593551635742e-01
1.895877867937088013e-01
4.235893860459327698e-02
1.321605443954467773e+00
1.730872392654418945e-01
1.315252542495727539e+00
1.167574599385261536e-01
7.279319763183593750e-01
2.022785693407058716e-01
4.398188740015029907e-02
1.275313258171081543e+00
1.641568690538406372e-01
1.287049293518066406e+00
1.172571331262588501e-01
7.091940045356750488e-01
2.026470005512237549e-01
4.493670165538787842e-02
1.282940864562988281e+00
1.774470955133438110e-01
1.307021379470825195e+00
1.201842427253723145e-01
7.121164798736572266e-01
1.897276937961578369e-01
4.602333903312683105e-02
1.266516447067260742e+00
1.710480004549026489e-01
1.306775927543640137e+00
1.166609600186347961e-01
6.837465167045593262e-01
1.954055577516555786e-01
4.799281805753707886e-02
1.311836481094360352e+00
1.667827069759368896e-01
1.388600826263427734e+00
1.196718886494636536e-01
6.521735787391662598e-01
1.916351318359375000e-01
4.987847059965133667e-02
1.322978019714355469e+00
1.696371287107467651e-01
1.318596005439758301e+00
1.199165508151054382e-01
6.548577547073364258e-01
1.913047134876251221e-01
5.112512409687042236e-02
1.334129691123962402e+00
1.612773686647415161e-01
1.468696713447570801e+00
1.152909621596336365e-01
6.677870750427246094e-01
1.911257952451705933e-01
5.259323865175247192e-02
1.417843341827392578e+00
1.644425094127655029e-01
1.488062143325805664e+00
1.206548810005187988e-01
6.651051640510559082e-01
1.880583316087722778e-01
5.388926342129707336e-02
1.164575695991516113e+00
1.662283539772033691e-01
1.118544220924377441e+00
1.180076152086257935e-01
6.487897038459777832e-01
1.972385197877883911e-01
5.604026466608047485e-02
1.283104062080383301e+00
1.683071553707122803e-01
1.279872298240661621e+00
1.183735728263854980e-01
6.569166183471679688e-01
1.987829208374023438e-01
5.731487274169921875e-02
1.289008021354675293e+00
1.758030802011489868e-01
1.371225953102111816e+00
1.201694160699844360e-01
6.508629918098449707e-01
1.906973272562026978e-01
5.877864360809326172e-02
1.251520752906799316e+00
1.912335604429244995e-01
1.320112466812133789e+00
1.266375482082366943e-01
6.636328101158142090e-01
1.952797174453735352e-01
6.058130413293838501e-02
1.321198463439941406e+00
1.846778243780136108e-01
1.257791757583618164e+00
1.223534420132637024e-01
6.416422724723815918e-01
1.903003007173538208e-01
6.268509477376937866e-02
1.242826581001281738e+00
1.962686330080032349e-01
1.293499112129211426e+00
1.257425099611282349e-01
6.588867902755737305e-01
1.915369927883148193e-01
6.847385317087173462e-02
1.313299298286437988e+00
1.677461564540863037e-01
1.321758866310119629e+00
1.196620091795921326e-01
6.802069544792175293e-01
1.937488168478012085e-01
7.687699794769287109e-02
1.370696425437927246e+00
1.622463166713714600e-01
1.340183258056640625e+00
1.193552017211914062e-01
6.942144632339477539e-01
1.960772573947906494e-01
7.138143479824066162e-02
1.376784086227416992e+00
1.645228266716003418e-01
1.425369501113891602e+00
1.200086250901222229e-01
7.020390629768371582e-01
2.006297856569290161e-01
7.544955611228942871e-02
1.345524191856384277e+00
1.599614769220352173e-01
1.351778626441955566e+00
1.179003864526748657e-01
7.107920050621032715e-01
2.014885246753692627e-01
7.515281438827514648e-02
1.342074036598205566e+00
1.734016686677932739e-01
1.340620994567871094e+00
1.200363785028457642e-01
6.999551653861999512e-01
1.986619383096694946e-01
7.547654211521148682e-02
1.303592681884765625e+00
1.611405611038208008e-01
1.289777874946594238e+00
1.160710752010345459e-01
6.893301606178283691e-01
1.978907585144042969e-01
7.665871083736419678e-02
1.325957179069519043e+00
1.773197799921035767e-01
1.339149236679077148e+00
1.191754788160324097e-01
6.880061030387878418e-01
2.076351344585418701e-01
8.175643533468246460e-02
1.329900860786437988e+00
1.748325228691101074e-01
1.312753796577453613e+00
1.202325150370597839e-01
6.641043424606323242e-01
2.006722837686538696e-01
7.955142110586166382e-02
1.394694328308105469e+00
1.850527375936508179e-01
1.368440508842468262e+00
1.200694814324378967e-01
6.712784171104431152e-01
2.035107612609863281e-01
8.175691217184066772e-02
1.434349775314331055e+00
1.955178081989288330e-01
1.441608190536499023e+00
1.278882771730422974e-01
6.886529326438903809e-01
2.121627926826477051e-01
8.303044736385345459e-02
1.458339810371398926e+00
1.916662156581878662e-01
1.412193059921264648e+00
1.258989721536636353e-01
6.744672060012817383e-01
2.001570314168930054e-01
8.397258818149566650e-02
1.391838073730468750e+00
1.816996634006500244e-01
1.371940851211547852e+00
1.282171756029129028e-01
6.832388639450073242e-01
2.212336808443069458e-01
8.461531251668930054e-02
1.396110415458679199e+00
1.850502789020538330e-01
1.378544569015502930e+00
1.255652755498886108e-01
6.807816028594970703e-01
2.205995321273803711e-01
8.695428818464279175e-02
1.362858533859252930e+00
1.931048780679702759e-01
1.354521274566650391e+00
1.256491839885711670e-01
6.951777935028076172e-01
2.251234501600265503e-01
8.739313483238220215e-02
1.382438063621520996e+00
1.799611300230026245e-01
1.426854372024536133e+00
1.280291378498077393e-01
6.841043829917907715e-01
2.237822264432907104e-01
8.938673883676528931e-02
1.385432958602905273e+00
1.769787818193435669e-01
1.379206895828247070e+00
1.200410872697830200e-01
6.821074485778808594e-01
2.243724167346954346e-01
8.954657614231109619e-02
1.434371709823608398e+00
1.812897920608520508e-01
1.524471282958984375e+00
1.235180795192718506e-01
6.832832098007202148e-01
2.264860719442367554e-01
9.048289060592651367e-02
1.498782753944396973e+00
1.978713274002075195e-01
1.531662344932556152e+00
1.230927631258964539e-01
6.941279768943786621e-01
2.398236989974975586e-01
9.087375551462173462e-02
1.212032198905944824e+00
1.790343225002288818e-01
1.262705802917480469e+00
1.240582913160324097e-01
6.871784925460815430e-01
2.417901307344436646e-01
9.194315969944000244e-02
1.475151300430297852e+00
1.653101146221160889e-01
1.414590597152709961e+00
1.326191276311874390e-01
6.950681209564208984e-01
2.461149096488952637e-01
9.083326905965805054e-02
1.512688636779785156e+00
1.686193794012069702e-01
1.580170273780822754e+00
1.224910318851470947e-01
6.828437447547912598e-01
2.430347204208374023e-01
9.621737897396087646e-02
1.496668338775634766e+00
1.689200401306152344e-01
1.564746499061584473e+00
1.221793517470359802e-01
7.023526430130004883e-01
2.436366826295852661e-01
1.048247367143630981e-01
1.580876469612121582e+00
1.720232963562011719e-01
1.502320647239685059e+00
1.185014843940734863e-01
6.932692527770996094e-01
2.462977021932601929e-01
1.068342328071594238e-01
1.467304587364196777e+00
1.844584792852401733e-01
1.515159130096435547e+00
1.215828508138656616e-01
7.112725377082824707e-01
2.394053190946578979e-01
1.354636102914810181e-01
1.584492087364196777e+00
1.647927612066268921e-01
1.561990857124328613e+00
1.201297119259834290e-01
7.158797383308410645e-01
2.399205863475799561e-01
1.290028542280197144e-01
1.612301826477050781e+00
1.706577688455581665e-01
1.565298914909362793e+00
1.219555065035820007e-01
7.410198450088500977e-01
2.388090640306472778e-01
1.142564490437507629e-01
1.599866628646850586e+00
1.690677404403686523e-01
1.659647226333618164e+00
1.263994276523590088e-01
7.471865415573120117e-01
2.404828965663909912e-01
1.151982843875885010e-01
1.562908768653869629e+00
1.589879244565963745e-01
1.544826507568359375e+00
1.210079044103622437e-01
7.627015113830566406e-01
2.465693205595016479e-01
1.097523570060729980e-01
1.561432957649230957e+00
1.629023402929306030e-01
1.532923936843872070e+00
1.210266873240470886e-01
7.479032278060913086e-01
2.353795170783996582e-01
1.089236885309219360e-01
1.542882323265075684e+00
1.626119166612625122e-01
1.498453378677368164e+00
1.220444142818450928e-01
7.367879748344421387e-01
2.177095860242843628e-01
1.096378266811370850e-01
1.554794549942016602e+00
1.656293123960494995e-01
1.543296217918395996e+00
1.237849965691566467e-01
7.296045422554016113e-01
2.209061235189437866e-01
1.127961352467536926e-01
1.566817998886108398e+00
1.631918549537658691e-01
1.541374206542968750e+00
1.520263850688934326e-01
7.172085046768188477e-01
2.093346416950225830e-01
1.128047108650207520e-01
1.670671701431274414e+00
1.697464287281036377e-01
1.608102560043334961e+00
1.269128173589706421e-01
7.289440631866455078e-01
2.046654522418975830e-01
1.096560508012771606e-01
1.702320694923400879e+00
1.623510569334030151e-01
1.702570915222167969e+00
1.255590617656707764e-01
7.448133826255798340e-01
2.063975036144256592e-01
1.103578433394432068e-01
1.757914066314697266e+00
1.600152850151062012e-01
1.679783821105957031e+00
1.331433653831481934e-01
7.417544722557067871e-01
2.092528641223907471e-01
1.095839664340019226e-01
1.687937378883361816e+00
1.691382527351379395e-01
1.648936867713928223e+00
1.432806551456451416e-01
7.438856959342956543e-01
2.205831855535507202e-01
1.077763587236404419e-01
1.691001534461975098e+00
1.825758814811706543e-01
1.660673975944519043e+00
1.451931744813919067e-01
7.493350505828857422e-01
2.159775346517562866e-01
1.126191169023513794e-01
1.681656837463378906e+00
1.822289526462554932e-01
1.647593855857849121e+00
1.450286209583282471e-01
7.529820799827575684e-01
2.214685678482055664e-01
1.087361425161361694e-01
1.734768867492675781e+00
1.804207712411880493e-01
1.752508997917175293e+00
1.459057629108428955e-01
7.459236383438110352e-01
2.185356020927429199e-01
1.099376082420349121e-01
1.747039079666137695e+00
1.748261302709579468e-01
1.707024216651916504e+00
1.540645062923431396e-01
7.474454045295715332e-01
2.179838865995407104e-01
1.097693890333175659e-01
1.755852341651916504e+00
1.805595904588699341e-01
1.853390455245971680e+00
1.667015999555587769e-01
7.626172304153442383e-01
2.221344113349914551e-01
1.076453179121017456e-01
1.835898637771606445e+00
1.948353499174118042e-01
1.779050230979919434e+00
1.687147766351699829e-01
7.560551762580871582e-01
2.326126098632812500e-01
1.054452955722808838e-01
1.537035584449768066e+00
1.847888380289077759e-01
1.552549242973327637e+00
1.642691493034362793e-01
7.365874648094177246e-01
2.356813549995422363e-01
1.056773513555526733e-01
1.410359740257263184e+00
1.864918023347854614e-01
1.414748549461364746e+00
1.633266061544418335e-01
7.641301155090332031e-01
2.445735931396484375e-01
1.103858053684234619e-01
1.307374358177185059e+00
1.842489689588546753e-01
1.271347284317016602e+00
1.664646714925765991e-01
7.331669926643371582e-01
2.365344762802124023e-01
1.156730875372886658e-01
1.213631153106689453e+00
1.848715394735336304e-01
1.212730646133422852e+00
1.658033579587936401e-01
7.193534374237060547e-01
2.381863296031951904e-01
1.211693882942199707e-01
1.227536320686340332e+00
1.927137076854705811e-01
1.172159314155578613e+00
1.722338795661926270e-01
7.117534875869750977e-01
2.441958487033843994e-01
1.279821246862411499e-01
1.201805472373962402e+00
1.804027855396270752e-01
1.239650964736938477e+00
1.694582998752593994e-01
7.201369404792785645e-01
2.385698109865188599e-01
1.311793327331542969e-01
1.195979952812194824e+00
1.884414851665496826e-01
1.210397601127624512e+00
1.728564500808715820e-01
7.390322685241699219e-01
2.435146719217300415e-01
1.330086290836334229e-01
1.255185484886169434e+00
1.915246844291687012e-01
1.206682324409484863e+00
1.691392809152603149e-01
7.415881752967834473e-01
2.464940696954727173e-01
1.271271407604217529e-01
1.304945111274719238e+00
1.948321014642715454e-01
1.332517743110656738e+00
1.611058562994003296e-01
7.504445314407348633e-01
2.278066426515579224e-01
1.267192065715789795e-01
1.294151544570922852e+00
1.768000274896621704e-01
1.230738282203674316e+00
1.573608219623565674e-01
7.899122834205627441e-01
2.468564659357070923e-01
1.300218403339385986e-01
1.238271951675415039e+00
1.761973798274993896e-01
1.184298157691955566e+00
1.533762961626052856e-01
7.724509239196777344e-01
2.372153997421264648e-01
1.310488283634185791e-01
1.229354858398437500e+00
1.880481988191604614e-01
1.167014360427856445e+00
1.539500206708908081e-01
7.659497857093811035e-01
2.185082137584686279e-01
1.370453387498855591e-01
1.282757043838500977e+00
1.838958859443664551e-01
1.234872579574584961e+00
1.551767289638519287e-01
7.466746568679809570e-01
2.168590873479843140e-01
1.372299492359161377e-01
1.308278799057006836e+00
1.968623846769332886e-01
1.253887772560119629e+00
1.796085387468338013e-01
7.473050355911254883e-01
2.164442241191864014e-01
1.320345401763916016e-01
1.349771738052368164e+00
1.955565214157104492e-01
1.279105901718139648e+00
1.720823347568511963e-01
7.599570751190185547e-01
2.109589129686355591e-01
1.261118799448013306e-01
1.372090935707092285e+00
2.023337483406066895e-01
1.332447290420532227e+00
1.715247333049774170e-01
7.627258300781250000e-01
2.219164669513702393e-01
1.236434578895568848e-01
1.366344809532165527e+00
1.917840689420700073e-01
1.277913093566894531e+00
1.555288136005401611e-01
7.754750847816467285e-01
2.085628062486648560e-01
1.221703365445137024e-01
1.301326751708984375e+00
1.818672865629196167e-01
1.246807098388671875e+00
1.605405062437057495e-01
7.899397611618041992e-01
2.081587016582489014e-01
1.176454573869705200e-01
1.294473767280578613e+00
1.839554011821746826e-01
1.229364156723022461e+00
1.498683243989944458e-01
8.161492347717285156e-01
2.096929252147674561e-01
1.258564591407775879e-01
1.306092977523803711e+00
2.034547477960586548e-01
1.238327980041503906e+00
1.587367355823516846e-01
8.323149681091308594e-01
2.100208848714828491e-01
1.258314400911331177e-01
1.342661380767822266e+00
1.978398263454437256e-01
1.301857590675354004e+00
1.600792109966278076e-01
8.477417826652526855e-01
2.079292982816696167e-01
1.182377710938453674e-01
1.379498124122619629e+00
1.980779916048049927e-01
1.301338076591491699e+00
1.630820482969284058e-01
8.690634369850158691e-01
2.063437700271606445e-01
1.094592735171318054e-01
1.412657499313354492e+00
2.082924097776412964e-01
1.346038103103637695e+00
1.698372066020965576e-01
8.747177124023437500e-01
2.032475471496582031e-01
1.044274419546127319e-01
1.393941402435302734e+00
2.233427613973617554e-01
1.356102705001831055e+00
1.674558967351913452e-01
9.229781627655029297e-01
2.050387561321258545e-01
9.738375246524810791e-02
1.266717314720153809e+00
2.154623866081237793e-01
1.281499624252319336e+00
1.650161445140838623e-01
8.868956565856933594e-01
1.992648839950561523e-01
1.065379455685615540e-01
1.377614855766296387e+00
2.191065549850463867e-01
1.335774540901184082e+00
1.660997569561004639e-01
9.113317131996154785e-01
2.056697607040405273e-01
9.564358741044998169e-02
1.507593631744384766e+00
2.039818018674850464e-01
1.435120344161987305e+00
1.656017750501632690e-01
8.558517694473266602e-01
1.923964768648147583e-01
9.643262624740600586e-02
1.397450923919677734e+00
2.069267034530639648e-01
1.383629441261291504e+00
1.618073582649230957e-01
8.144097328186035156e-01
1.958192139863967896e-01
1.069258153438568115e-01
1.355775237083435059e+00
2.173397392034530640e-01
1.285147309303283691e+00
1.644728928804397583e-01
8.433551788330078125e-01
1.908357292413711548e-01
1.067202538251876831e-01
1.407276153564453125e+00
2.026318758726119995e-01
1.346771001815795898e+00
1.545970141887664795e-01
8.470651507377624512e-01
1.957013309001922607e-01
1.073047965764999390e-01
1.382207870483398438e+00
2.111664712429046631e-01
1.327065229415893555e+00
1.627863943576812744e-01
8.701133728027343750e-01
1.981493681669235229e-01
1.060597673058509827e-01
1.430930495262145996e+00
1.896739751100540161e-01
1.378549098968505859e+00
1.653437316417694092e-01
8.480687737464904785e-01
1.934637278318405151e-01
1.102373227477073669e-01
1.413733124732971191e+00
2.305934131145477295e-01
1.460036993026733398e+00
1.785644888877868652e-01
8.398855924606323242e-01
1.939289718866348267e-01
1.101767793297767639e-01
1.429175138473510742e+00
2.220631837844848633e-01
1.389892816543579102e+00
1.808652132749557495e-01
8.226576447486877441e-01
1.957290470600128174e-01
1.121537238359451294e-01
1.394399762153625488e+00
2.058775126934051514e-01
1.349448800086975098e+00
1.722661852836608887e-01
8.311436176300048828e-01
2.046032398939132690e-01
1.131457239389419556e-01
1.394188165664672852e+00
2.199330776929855347e-01
1.328402519226074219e+00
1.727956831455230713e-01
8.314269781112670898e-01
2.010193318128585815e-01
1.226768642663955688e-01
1.407863736152648926e+00
2.189783751964569092e-01
1.370408773422241211e+00
1.757757365703582764e-01
8.345942497253417969e-01
1.964172124862670898e-01
1.211685687303543091e-01
1.480600357055664062e+00
2.701388895511627197e-01
1.416201949119567871e+00
2.619301080703735352e-01
8.570742011070251465e-01
1.980124861001968384e-01
1.217163279652595520e-01
1.464776754379272461e+00
1.942061483860015869e-01
1.426633596420288086e+00
1.510540246963500977e-01
8.474988341331481934e-01
2.104539871215820312e-01
1.225677654147148132e-01
1.502121567726135254e+00
1.595412194728851318e-01
1.454826712608337402e+00
1.316390037536621094e-01
8.512203693389892578e-01
2.021022737026214600e-01
1.204029470682144165e-01
1.471409916877746582e+00
1.565998792648315430e-01
1.425210356712341309e+00
1.324586570262908936e-01
7.118894457817077637e-01
2.042886614799499512e-01
1.246117651462554932e-01
1.389648199081420898e+00
1.464700698852539062e-01
1.372534751892089844e+00
1.241890341043472290e-01
6.924517750740051270e-01
2.064919769763946533e-01
1.243836507201194763e-01
1.363628625869750977e+00
1.504312753677368164e-01
1.356409192085266113e+00
1.168231964111328125e-01
6.806177496910095215e-01
2.154587805271148682e-01
1.284721642732620239e-01
1.355979561805725098e+00
1.651993095874786377e-01
1.353374719619750977e+00
1.340374350547790527e-01
6.529040932655334473e-01
2.284942418336868286e-01
1.320523917675018311e-01
1.328078746795654297e+00
1.540922820568084717e-01
1.369625687599182129e+00
1.232029572129249573e-01
6.610420346260070801e-01
2.323154509067535400e-01
1.356957703828811646e-01
1.328352928161621094e+00
1.509546935558319092e-01
1.318386435508728027e+00
1.138208061456680298e-01
6.554158926010131836e-01
2.346209734678268433e-01
1.325955837965011597e-01
1.310976624488830566e+00
1.554886698722839355e-01
1.361528992652893066e+00
1.208755373954772949e-01
6.650850176811218262e-01
2.418922483921051025e-01
1.279752552509307861e-01
1.318348050117492676e+00
1.537465453147888184e-01
1.375066995620727539e+00
1.159349605441093445e-01
7.193104028701782227e-01
2.460377812385559082e-01
1.326389163732528687e-01
1.298761963844299316e+00
1.536906957626342773e-01
1.291343092918395996e+00
1.171914413571357727e-01
6.898223161697387695e-01
2.357155233621597290e-01
1.388744115829467773e-01
1.486197590827941895e+00
1.531140804290771484e-01
1.527079224586486816e+00
1.246688514947891235e-01
6.935700178146362305e-01
2.372231185436248779e-01
1.375724077224731445e-01
1.641682267189025879e+00
1.449481248855590820e-01
1.662643432617187500e+00
1.135343015193939209e-01
7.245160341262817383e-01
2.304442524909973145e-01
1.379930824041366577e-01
1.594035506248474121e+00
1.475030332803726196e-01
1.614442348480224609e+00
1.132756099104881287e-01
7.171636819839477539e-01
2.456732541322708130e-01
1.447767317295074463e-01
1.583791136741638184e+00
1.460871398448944092e-01
1.664762973785400391e+00
1.140285357832908630e-01
6.729844212532043457e-01
2.583685219287872314e-01
1.430642157793045044e-01
1.463763236999511719e+00
1.435258239507675171e-01
1.522873878479003906e+00
1.140771061182022095e-01
6.562106013298034668e-01
2.706383764743804932e-01
1.553201675415039062e-01
1.380129456520080566e+00
1.444956064224243164e-01
1.356473684310913086e+00
1.166626140475273132e-01
6.541535258293151855e-01
2.730458080768585205e-01
1.573322564363479614e-01
1.445964455604553223e+00
1.481311023235321045e-01
1.465097308158874512e+00
1.171166524291038513e-01
6.651641130447387695e-01
2.781954407691955566e-01
1.558514684438705444e-01
1.389273405075073242e+00
1.530337780714035034e-01
1.495315194129943848e+00
1.277236044406890869e-01
6.555444002151489258e-01
2.761800289154052734e-01
1.579390466213226318e-01
1.424421906471252441e+00
1.533070802688598633e-01
1.412253737449645996e+00
1.344131082296371460e-01
6.983703374862670898e-01
2.694946527481079102e-01
1.577863544225692749e-01
1.381888389587402344e+00
1.761492490768432617e-01
1.377311944961547852e+00
1.507235020399093628e-01
6.958026885986328125e-01
2.441930770874023438e-01
1.596052944660186768e-01
1.373741984367370605e+00
1.653953492641448975e-01
1.355771064758300781e+00
1.421960592269897461e-01
7.075899839401245117e-01
2.570645511150360107e-01
1.615432947874069214e-01
1.385493159294128418e+00
1.598548591136932373e-01
1.375590682029724121e+00
1.588876545429229736e-01
7.100337743759155273e-01
2.459539622068405151e-01
1.555944234132766724e-01
1.418867707252502441e+00
1.571087837219238281e-01
1.417067766189575195e+00
1.283364295959472656e-01
7.046484947204589844e-01
2.188510000705718994e-01
1.576291620731353760e-01
1.506307363510131836e+00
1.542843729257583618e-01
1.462719678878784180e+00
1.107192486524581909e-01
7.355710268020629883e-01
2.141512930393218994e-01
1.668482571840286255e-01
1.494305968284606934e+00
1.497165411710739136e-01
1.510495185852050781e+00
1.136050373315811157e-01
7.310217022895812988e-01
2.105029374361038208e-01
1.635447293519973755e-01
1.521265625953674316e+00
1.423887014389038086e-01
1.461011052131652832e+00
1.139713898301124573e-01
7.560290694236755371e-01
2.252490222454071045e-01
1.643965542316436768e-01
1.465517640113830566e+00
1.404507458209991455e-01
1.428012013435363770e+00
1.213163062930107117e-01
8.200479149818420410e-01
1.958235949277877808e-01
1.717430353164672852e-01
1.459200024604797363e+00
1.493725925683975220e-01
1.415831923484802246e+00
1.176068410277366638e-01
8.705444335937500000e-01
1.987946629524230957e-01
1.689967364072799683e-01
1.419896125793457031e+00
1.516948044300079346e-01
1.390093445777893066e+00
1.157282888889312744e-01
8.515670299530029297e-01
2.190337926149368286e-01
1.616003215312957764e-01
1.409818410873413086e+00
1.516268998384475708e-01
1.400783538818359375e+00
1.155076622962951660e-01
8.453554511070251465e-01
2.216331809759140015e-01
1.540552377700805664e-01
1.404007911682128906e+00
1.451993286609649658e-01
1.345682859420776367e+00
1.112622097134590149e-01
8.568907380104064941e-01
2.237119972705841064e-01
1.550617814064025879e-01
1.392426848411560059e+00
1.539031267166137695e-01
1.432035565376281738e+00
1.162039786577224731e-01
8.465572595596313477e-01
2.195685505867004395e-01
1.460783183574676514e-01
1.398298144340515137e+00
1.601906716823577881e-01
1.405103206634521484e+00
1.177178919315338135e-01
8.292598724365234375e-01
2.105741798877716064e-01
1.520328074693679810e-01
1.348934531211853027e+00
1.479560285806655884e-01
1.251279830932617188e+00
1.102731376886367798e-01
8.601803779602050781e-01
2.217627912759780884e-01
1.484632045030593872e-01
1.413588523864746094e+00
1.479201763868331909e-01
1.301177024841308594e+00
1.128469556570053101e-01
8.958868980407714844e-01
2.127720564603805542e-01
1.544422209262847900e-01
1.389640927314758301e+00
1.579880267381668091e-01
1.327085256576538086e+00
1.213804408907890320e-01
8.972956538200378418e-01
2.139886617660522461e-01
1.454312950372695923e-01
1.313262104988098145e+00
1.779353320598602295e-01
1.247620701789855957e+00
1.418305784463882446e-01
8.879065513610839844e-01
2.198012620210647583e-01
1.559854000806808472e-01
1.361285805702209473e+00
1.954140216112136841e-01
1.268637657165527344e+00
1.576959490776062012e-01
9.550423622131347656e-01
2.146740406751632690e-01
1.589388996362686157e-01
1.298249721527099609e+00
2.121530771255493164e-01
1.244839310646057129e+00
1.783626079559326172e-01
9.202062487602233887e-01
2.393601685762405396e-01
1.577963232994079590e-01
1.231486320495605469e+00
2.244397550821304321e-01
1.117598891258239746e+00
1.893832534551620483e-01
8.865819573402404785e-01
2.204872816801071167e-01
1.568137556314468384e-01
1.218153119087219238e+00
2.423745989799499512e-01
1.146379828453063965e+00
2.039414793252944946e-01
8.818688988685607910e-01
2.327109277248382568e-01
1.550782024860382080e-01
1.203706502914428711e+00
2.404993772506713867e-01
1.187110543251037598e+00
2.013538032770156860e-01
8.284164667129516602e-01
2.292685061693191528e-01
1.552119255065917969e-01
1.188525676727294922e+00
2.324312776327133179e-01
1.139707207679748535e+00
2.005768269300460815e-01
8.306866884231567383e-01
2.263038754463195801e-01
1.568869054317474365e-01
1.175073981285095215e+00
2.346384227275848389e-01
1.115669488906860352e+00
1.982032060623168945e-01
8.387914299964904785e-01
2.330503463745117188e-01
1.641752421855926514e-01
1.158940672874450684e+00
2.391594052314758301e-01
1.090107560157775879e+00
1.980198472738265991e-01
8.428613543510437012e-01
2.152384817600250244e-01
1.534087061882019043e-01
1.178925991058349609e+00
2.375374734401702881e-01
1.125274419784545898e+00
2.062706053256988525e-01
8.341509699821472168e-01
2.164722681045532227e-01
1.506755650043487549e-01
1.190042257308959961e+00
2.593956589698791504e-01
1.133323669433593750e+00
2.218819409608840942e-01
8.432947993278503418e-01
2.234452962875366211e-01
1.462687999010086060e-01
1.236952662467956543e+00
2.468197941780090332e-01
1.177765727043151855e+00
2.058889567852020264e-01
8.529753684997558594e-01
2.212034165859222412e-01
1.371008455753326416e-01
1.262816548347473145e+00
2.416034489870071411e-01
1.214243888854980469e+00
2.004563659429550171e-01
8.932582139968872070e-01
2.075886279344558716e-01
1.427280455827713013e-01
1.217765569686889648e+00
2.314408570528030396e-01
1.183811783790588379e+00
1.942831277847290039e-01
7.784413695335388184e-01
2.541487216949462891e-01
1.381869018077850342e-01
1.224205970764160156e+00
2.362125068902969360e-01
1.186944842338562012e+00
2.039789408445358276e-01
7.691370844841003418e-01
2.563009262084960938e-01
1.351986676454544067e-01
1.193267464637756348e+00
2.271336764097213745e-01
1.162582755088806152e+00
1.973723620176315308e-01
7.706109285354614258e-01
2.671594023704528809e-01
1.315522938966751099e-01
1.194364666938781738e+00
2.249653041362762451e-01
1.158229827880859375e+00
1.902811229228973389e-01
7.707602977752685547e-01
2.719002664089202881e-01
1.306324899196624756e-01
1.210419297218322754e+00
2.331525981426239014e-01
1.207218766212463379e+00
1.936765909194946289e-01
7.695989012718200684e-01
2.806773483753204346e-01
1.277571767568588257e-01
1.153848886489868164e+00
2.260755598545074463e-01
1.127994179725646973e+00
1.892199218273162842e-01
7.775154113769531250e-01
2.951897084712982178e-01
1.174892783164978027e-01
1.179934740066528320e+00
2.271613180637359619e-01
1.152671575546264648e+00
1.921749562025070190e-01
7.872061729431152344e-01
2.875811457633972168e-01
1.099148243665695190e-01
1.150296092033386230e+00
2.290096282958984375e-01
1.214417457580566406e+00
1.949168890714645386e-01
7.860924601554870605e-01
2.902983427047729492e-01
1.099776625633239746e-01
1.148266077041625977e+00
2.258888930082321167e-01
1.109903097152709961e+00
1.908065676689147949e-01
8.390067219734191895e-01
3.291017115116119385e-01
1.102947816252708435e-01
1.116554498672485352e+00
2.230160981416702271e-01
1.092010498046875000e+00
1.906769126653671265e-01
7.920961976051330566e-01
3.022620081901550293e-01
1.106327176094055176e-01
1.078529953956604004e+00
2.385419160127639771e-01
1.023087143898010254e+00
2.023258656263351440e-01
7.928602099418640137e-01
2.948518395423889160e-01
1.059783548116683960e-01
1.055956959724426270e+00
2.518142163753509521e-01
1.063494205474853516e+00
2.168757319450378418e-01
7.931773662567138672e-01
3.001665472984313965e-01
1.067651137709617615e-01
1.094633936882019043e+00
2.709196209907531738e-01
1.049293041229248047e+00
2.648011744022369385e-01
7.776543498039245605e-01
2.922412455081939697e-01
1.059544235467910767e-01
1.147958636283874512e+00
2.543850541114807129e-01
1.111569046974182129e+00
2.419321388006210327e-01
7.776936292648315430e-01
3.293754458427429199e-01
1.050537675619125366e-01
1.096439361572265625e+00
2.610231041908264160e-01
1.110700011253356934e+00
2.315793931484222412e-01
7.791085839271545410e-01
3.129230141639709473e-01
1.026958525180816650e-01
1.146930456161499023e+00
2.691856920719146729e-01
1.123741865158081055e+00
2.350923418998718262e-01
8.156878352165222168e-01
3.209443390369415283e-01
1.004021316766738892e-01
1.162363171577453613e+00
2.612250149250030518e-01
1.210959076881408691e+00
2.469200640916824341e-01
8.011469841003417969e-01
3.368387818336486816e-01
1.002345457673072815e-01
1.164678812026977539e+00
2.633712589740753174e-01
1.157049059867858887e+00
2.386243194341659546e-01
7.940728068351745605e-01
3.339523673057556152e-01
9.809337556362152100e-02
1.167459726333618164e+00
2.699609398841857910e-01
1.155827641487121582e+00
2.412678897380828857e-01
7.856943011283874512e-01
3.186434507369995117e-01
9.770204871892929077e-02
1.156593918800354004e+00
2.618613243103027344e-01
1.146552801132202148e+00
2.364154309034347534e-01
8.005490303039550781e-01
2.888267934322357178e-01
9.696447104215621948e-02
1.188306212425231934e+00
2.667219042778015137e-01
1.186905860900878906e+00
2.445369064807891846e-01
7.953055500984191895e-01
2.924834787845611572e-01
9.732757508754730225e-02
1.173402905464172363e+00
2.617413699626922607e-01
1.168778419494628906e+00
2.334325611591339111e-01
7.633920311927795410e-01
2.700580954551696777e-01
9.786376357078552246e-02
1.220087647438049316e+00
2.619596719741821289e-01
1.202834486961364746e+00
2.303676903247833252e-01
7.726286053657531738e-01
2.390247136354446411e-01
9.761549532413482666e-02
1.223727583885192871e+00
2.691100537776947021e-01
1.215614557266235352e+00
2.320063263177871704e-01
7.764857411384582520e-01
2.312086671590805054e-01
9.921504557132720947e-02
1.213925361633300781e+00
2.717271745204925537e-01
1.179345130920410156e+00
2.296249717473983765e-01
7.866595983505249023e-01
2.070491164922714233e-01
9.907110780477523804e-02
1.206147909164428711e+00
2.696350812911987305e-01
1.163583517074584961e+00
2.294013351202011108e-01
8.331698179244995117e-01
1.775273531675338745e-01
1.003912985324859619e-01
1.206911921501159668e+00
2.735255062580108643e-01
1.169393777847290039e+00
2.363189756870269775e-01
8.093659281730651855e-01
1.811875849962234497e-01
1.016832739114761353e-01
1.223238110542297363e+00
2.737591564655303955e-01
1.186242103576660156e+00
2.306765168905258179e-01
8.305916786193847656e-01
2.027869522571563721e-01
1.018638238310813904e-01
1.290568351745605469e+00
2.779788970947265625e-01
1.294893026351928711e+00
2.358348071575164795e-01
8.395565748214721680e-01
2.301354110240936279e-01
1.040259897708892822e-01
1.340437531471252441e+00
2.650135457515716553e-01
1.243886947631835938e+00
2.341777235269546509e-01
8.267850279808044434e-01
2.392544448375701904e-01
1.052375659346580505e-01
1.385320186614990234e+00
2.732455730438232422e-01
1.367979526519775391e+00
2.401245683431625366e-01
8.469186425209045410e-01
2.280714362859725952e-01
1.060828939080238342e-01
1.371842384338378906e+00
2.759934067726135254e-01
1.297673225402832031e+00
2.453819215297698975e-01
8.750273585319519043e-01
2.418880909681320190e-01
1.100977733731269836e-01
1.176720738410949707e+00
2.711200118064880371e-01
1.154769182205200195e+00
2.371373921632766724e-01
8.460496068000793457e-01
2.640157043933868408e-01
1.076790690422058105e-01
1.089981675148010254e+00
2.778513431549072266e-01
1.054630756378173828e+00
2.373669892549514771e-01
8.559218645095825195e-01
2.712922692298889160e-01
1.096424013376235962e-01
9.651131629943847656e-01
2.829787731170654297e-01
9.325711131095886230e-01
2.558421194553375244e-01
8.458436131477355957e-01
2.716005146503448486e-01
1.117061898112297058e-01
8.989397883415222168e-01
3.030050098896026611e-01
8.729231953620910645e-01
2.708498239517211914e-01
8.417302370071411133e-01
2.831344008445739746e-01
1.150989755988121033e-01
9.371891021728515625e-01
3.166917264461517334e-01
9.020016789436340332e-01
3.014231324195861816e-01
8.239983916282653809e-01
2.701957821846008301e-01
1.174908578395843506e-01
9.477248191833496094e-01
3.227731287479400635e-01
9.352844953536987305e-01
2.880736887454986572e-01
8.253605961799621582e-01
3.046250641345977783e-01
1.192036941647529602e-01
9.418605566024780273e-01
3.384287059307098389e-01
9.412047863006591797e-01
3.092083334922790527e-01
8.329500555992126465e-01
3.175783753395080566e-01
1.197811290621757507e-01
9.381650090217590332e-01
3.512586057186126709e-01
9.340372681617736816e-01
3.238166272640228271e-01
8.398415446281433105e-01
2.950660884380340576e-01
1.259936094284057617e-01
9.757702946662902832e-01
3.687007725238800049e-01
9.552319049835205078e-01
3.304848968982696533e-01
8.397362232208251953e-01
2.744902968406677246e-01
1.290846168994903564e-01
9.547452330589294434e-01
3.583602309226989746e-01
9.238319396972656250e-01
3.345417678356170654e-01
8.496218919754028320e-01
2.851863503456115723e-01
1.296123117208480835e-01
9.217865467071533203e-01
3.595789074897766113e-01
8.916771411895751953e-01
3.299818038940429688e-01
8.297668695449829102e-01
2.981882691383361816e-01
1.300870031118392944e-01
9.053273797035217285e-01
3.491377234458923340e-01
8.843380212783813477e-01
3.206273913383483887e-01
8.212991356849670410e-01
2.960267663002014160e-01
1.310104131698608398e-01
9.403797388076782227e-01
3.576967418193817139e-01
9.120163917541503906e-01
3.356153070926666260e-01
8.268888592720031738e-01
3.002945780754089355e-01
1.337075680494308472e-01
9.340553283691406250e-01
3.484282791614532471e-01
9.127578735351562500e-01
3.151654303073883057e-01
8.247876167297363281e-01
3.034175336360931396e-01
1.409226357936859131e-01
9.660145640373229980e-01
3.481200635433197021e-01
9.445176720619201660e-01
3.165575563907623291e-01
8.187679052352905273e-01
2.878787219524383545e-01
1.415226757526397705e-01
9.473424553871154785e-01
3.557544350624084473e-01
9.289174675941467285e-01
3.080773353576660156e-01
8.193393945693969727e-01
2.700768113136291504e-01
1.426234543323516846e-01
9.388502240180969238e-01
3.537864685058593750e-01
9.011648893356323242e-01
3.087241649627685547e-01
8.131119608879089355e-01
2.549343109130859375e-01
1.472527235746383667e-01
9.229959845542907715e-01
3.592553734779357910e-01
8.888581395149230957e-01
3.132382929325103760e-01
8.482995629310607910e-01
2.347970008850097656e-01
1.540083438158035278e-01
9.260139465332031250e-01
3.541248440742492676e-01
8.931949138641357422e-01
3.242526650428771973e-01
8.670290112495422363e-01
2.281204462051391602e-01
1.567466408014297485e-01
9.196017980575561523e-01
3.442184925079345703e-01
8.852551579475402832e-01
3.058325350284576416e-01
8.844946026802062988e-01
2.122748196125030518e-01
1.564573496580123901e-01
9.558866620063781738e-01
3.523589968681335449e-01
9.140812754631042480e-01
3.131663799285888672e-01
8.909474611282348633e-01
2.174813598394393921e-01
1.579696387052536011e-01
9.612535834312438965e-01
3.527829349040985107e-01
9.195596575736999512e-01
3.167940378189086914e-01
8.801540136337280273e-01
2.284179031848907471e-01
1.540754139423370361e-01
9.874071478843688965e-01
3.635454177856445312e-01
9.381150603294372559e-01
3.301451802253723145e-01
8.819720745086669922e-01
2.152489721775054932e-01
1.648999601602554321e-01
9.606673121452331543e-01
3.757172822952270508e-01
9.212018847465515137e-01
3.369163572788238525e-01
8.550284504890441895e-01
2.198836058378219604e-01
1.564490795135498047e-01
9.240995049476623535e-01
3.510760664939880371e-01
8.739705681800842285e-01
3.201575875282287598e-01
8.524491190910339355e-01
2.321532070636749268e-01
1.794329732656478882e-01
9.216032624244689941e-01
3.736263811588287354e-01
8.760108947753906250e-01
3.444445133209228516e-01
8.557213544845581055e-01
2.235037535429000854e-01
1.494436115026473999e-01
9.027201533317565918e-01
3.628126680850982666e-01
8.717452287673950195e-01
3.230489194393157959e-01
8.363738059997558594e-01
2.409067153930664062e-01
1.865267753601074219e-01
8.625129461288452148e-01
3.538825809955596924e-01
8.417760133743286133e-01
3.168171346187591553e-01
8.214484453201293945e-01
2.296269536018371582e-01
1.840635240077972412e-01
8.854857683181762695e-01
3.719136714935302734e-01
8.680976033210754395e-01
3.250814080238342285e-01
8.443226814270019531e-01
2.304910272359848022e-01
1.838384866714477539e-01
8.821160197257995605e-01
3.630442619323730469e-01
8.760684728622436523e-01
3.318945169448852539e-01
8.265810608863830566e-01
2.462865114212036133e-01
1.759368628263473511e-01
9.009045362472534180e-01
3.611564636230468750e-01
8.954323530197143555e-01
3.234922885894775391e-01
8.267371654510498047e-01
2.525419592857360840e-01
1.791495233774185181e-01
8.955853581428527832e-01
3.753416538238525391e-01
9.001412987709045410e-01
3.430566191673278809e-01
8.482527732849121094e-01
2.372536361217498779e-01
1.806549131870269775e-01
8.937412500381469727e-01
3.795479238033294678e-01
8.904649019241333008e-01
3.491841852664947510e-01
8.360137939453125000e-01
2.352290451526641846e-01
1.788513064384460449e-01
8.968948125839233398e-01
3.919615149497985840e-01
8.963997364044189453e-01
3.579940199851989746e-01
8.547602891921997070e-01
2.314730584621429443e-01
1.866902709007263184e-01
9.068446159362792969e-01
3.979072570800781250e-01
9.064866900444030762e-01
3.591963350772857666e-01
8.584820032119750977e-01
2.642379999160766602e-01
1.860027611255645752e-01
9.042156934738159180e-01
4.119805395603179932e-01
9.018650054931640625e-01
3.376685678958892822e-01
8.681760430335998535e-01
2.347726821899414062e-01
1.817936897277832031e-01
9.024984240531921387e-01
4.013658165931701660e-01
9.000124335289001465e-01
3.607937395572662354e-01
8.726053833961486816e-01
2.355363219976425171e-01
1.842169463634490967e-01
9.022019505500793457e-01
3.950076699256896973e-01
8.961039781570434570e-01
4.270937740802764893e-01
8.733124732971191406e-01
2.399823367595672607e-01
1.794174909591674805e-01
9.059395790100097656e-01
3.658661544322967529e-01
8.946822881698608398e-01
3.480142056941986084e-01
8.718573451042175293e-01
2.476473599672317505e-01
1.756486892700195312e-01
9.013212919235229492e-01
3.624663650989532471e-01
8.897423744201660156e-01
3.248704969882965088e-01
8.905020356178283691e-01
2.349065542221069336e-01
1.854333132505416870e-01
8.967970609664916992e-01
3.589580059051513672e-01
8.930539488792419434e-01
3.171380758285522461e-01
9.240795969963073730e-01
2.102189362049102783e-01
1.863867193460464478e-01
9.058989286422729492e-01
3.690722882747650146e-01
8.983650207519531250e-01
3.177435398101806641e-01
9.595295786857604980e-01
2.038341760635375977e-01
1.937669366598129272e-01
9.050034284591674805e-01
3.604724705219268799e-01
9.012007117271423340e-01
3.243342339992523193e-01
9.813398718833923340e-01
1.996110528707504272e-01
1.896025538444519043e-01
8.940730094909667969e-01
3.534078598022460938e-01
8.922659754753112793e-01
3.205162584781646729e-01
9.617484807968139648e-01
1.925495862960815430e-01
1.779033392667770386e-01
8.882296681404113770e-01
3.631874024868011475e-01
8.871695995330810547e-01
3.197255134582519531e-01
9.633811712265014648e-01
1.995180696249008179e-01
1.747619509696960449e-01
8.942437767982482910e-01
3.588234186172485352e-01
8.927623033523559570e-01
3.252170383930206299e-01
9.086596369743347168e-01
2.179767936468124390e-01
1.620814800262451172e-01
9.014739990234375000e-01
3.700685203075408936e-01
8.936933875083923340e-01
3.266519904136657715e-01
9.333142042160034180e-01
2.060717195272445679e-01
1.606663465499877930e-01
9.118350744247436523e-01
3.789447844028472900e-01
9.050778150558471680e-01
3.438747227191925049e-01
9.326136708259582520e-01
1.992896795272827148e-01
1.559872329235076904e-01
9.455622434616088867e-01
3.636428713798522949e-01
9.271529912948608398e-01
3.256762623786926270e-01
9.055765867233276367e-01
2.318123430013656616e-01
1.566039919853210449e-01
9.855887293815612793e-01
3.849118649959564209e-01
9.891855120658874512e-01
3.557016253471374512e-01
9.335336089134216309e-01
2.131197601556777954e-01
1.502362042665481567e-01
1.005656838417053223e+00
3.796581029891967773e-01
9.986151456832885742e-01
3.420940339565277100e-01
9.334193468093872070e-01
2.180498689413070679e-01
1.501547098159790039e-01
1.042173266410827637e+00
3.758204877376556396e-01
1.043239474296569824e+00
3.421421349048614502e-01
8.940508961677551270e-01
2.251997888088226318e-01
1.457823514938354492e-01
1.030270934104919434e+00
4.175409972667694092e-01
1.048001885414123535e+00
3.491009175777435303e-01
9.140383601188659668e-01
2.035482227802276611e-01
1.375392526388168335e-01
1.067968845367431641e+00
3.920199871063232422e-01
1.061820864677429199e+00
3.386941254138946533e-01
8.892899751663208008e-01
2.157699465751647949e-01
1.310814470052719116e-01
1.034374833106994629e+00
3.815298974514007568e-01
1.051590204238891602e+00
3.398439884185791016e-01
8.824917674064636230e-01
2.204288691282272339e-01
1.349196583032608032e-01
1.045897126197814941e+00
4.073537290096282959e-01
1.054548025131225586e+00
3.617897033691406250e-01
8.904772996902465820e-01
2.151739299297332764e-01
1.251312941312789917e-01
1.045643210411071777e+00
4.028770029544830322e-01
1.043099045753479004e+00
3.567219376564025879e-01
8.881661295890808105e-01
2.079043686389923096e-01
1.218059957027435303e-01
1.061789512634277344e+00
4.116304516792297363e-01
1.071360826492309570e+00
3.738423287868499756e-01
8.785771131515502930e-01
2.125092297792434692e-01
1.197559460997581482e-01
1.080491542816162109e+00
4.282644689083099365e-01
1.085845589637756348e+00
3.640504181385040283e-01
8.844542503356933594e-01
1.967197358608245850e-01
1.269893050193786621e-01
1.103831291198730469e+00
4.330444335937500000e-01
1.090813398361206055e+00
3.655524849891662598e-01
8.613060712814331055e-01
1.987897753715515137e-01
1.201976835727691650e-01
1.064597725868225098e+00
4.410019814968109131e-01
1.062637686729431152e+00
3.748756051063537598e-01
8.593507409095764160e-01
1.968259364366531372e-01
1.203945279121398926e-01
1.061966538429260254e+00
4.450927972793579102e-01
1.059351563453674316e+00
4.061874747276306152e-01
8.637745976448059082e-01
1.939600259065628052e-01
1.190676242113113403e-01
1.022774100303649902e+00
3.973586559295654297e-01
1.021351337432861328e+00
3.658659756183624268e-01
8.726763129234313965e-01
1.931761503219604492e-01
1.180943995714187622e-01
1.043735504150390625e+00
3.911339938640594482e-01
1.046584963798522949e+00
3.380900621414184570e-01
8.693802356719970703e-01
1.967761367559432983e-01
1.160418838262557983e-01
1.052089452743530273e+00
3.969711065292358398e-01
1.052107453346252441e+00
3.466818332672119141e-01
7.930508852005004883e-01
2.090525627136230469e-01
1.159721016883850098e-01
1.065487504005432129e+00
4.021726846694946289e-01
1.069285750389099121e+00
3.474856913089752197e-01
8.077456355094909668e-01
2.074916213750839233e-01
1.141180843114852905e-01
1.084244728088378906e+00
3.935113549232482910e-01
1.079399108886718750e+00
3.532772362232208252e-01
8.186433911323547363e-01
2.075635790824890137e-01
1.142919212579727173e-01
1.111530065536499023e+00
3.816150426864624023e-01
1.098067641258239746e+00
3.456708490848541260e-01
8.225581645965576172e-01
2.095537632703781128e-01
1.203361600637435913e-01
1.091992139816284180e+00
3.868381977081298828e-01
1.088884592056274414e+00
3.399674892425537109e-01
8.343445658683776855e-01
2.088201642036437988e-01
1.185987815260887146e-01
1.104186058044433594e+00
3.820621073246002197e-01
1.093371748924255371e+00
3.356659412384033203e-01
8.411547541618347168e-01
2.109919488430023193e-01
1.210696548223495483e-01
1.093921542167663574e+00
3.835581839084625244e-01
1.089747548103332520e+00
3.349176645278930664e-01
8.552664518356323242e-01
2.113801240921020508e-01
1.209749504923820496e-01
1.120631217956542969e+00
3.941682577133178711e-01
1.130279302597045898e+00
3.413826227188110352e-01
8.850804567337036133e-01
2.064241617918014526e-01
1.215604394674301147e-01
1.161430597305297852e+00
3.927220404148101807e-01
1.161665439605712891e+00
3.359415531158447266e-01
9.118107557296752930e-01
2.021093815565109253e-01
1.221574842929840088e-01
1.196975708007812500e+00
3.945689797401428223e-01
1.210706114768981934e+00
3.385535478591918945e-01
9.174615740776062012e-01
2.010453939437866211e-01
1.230099350214004517e-01
1.256242394447326660e+00
3.939546346664428711e-01
1.277128219604492188e+00
3.338194191455841064e-01
9.065269231796264648e-01
2.017781883478164673e-01
1.244013682007789612e-01
1.290769577026367188e+00
3.837019503116607666e-01
1.330083847045898438e+00
3.217279911041259766e-01
8.986464142799377441e-01
2.018885314464569092e-01
1.201522722840309143e-01
1.365806579589843750e+00
3.636695742607116699e-01
1.399971246719360352e+00
3.086106479167938232e-01
8.852393627166748047e-01
2.022587954998016357e-01
1.289460808038711548e-01
1.431458115577697754e+00
3.573627471923828125e-01
1.474341154098510742e+00
2.991431057453155518e-01
8.724058866500854492e-01
2.050482630729675293e-01
1.310606300830841064e-01
1.489858388900756836e+00
3.545918166637420654e-01
1.524604201316833496e+00
3.001968860626220703e-01
8.652490973472595215e-01
2.039156705141067505e-01
1.326641738414764404e-01
1.525269985198974609e+00
3.540674746036529541e-01
1.570858597755432129e+00
3.009097576141357422e-01
8.689986467361450195e-01
2.085605859756469727e-01
1.337675601243972778e-01
1.551819562911987305e+00
3.566728234291076660e-01
1.575260758399963379e+00
2.981799244880676270e-01
8.692160248756408691e-01
2.082058638334274292e-01
1.353257298469543457e-01
1.552571296691894531e+00
3.578634262084960938e-01
1.584300637245178223e+00
3.007020354270935059e-01
8.741193413734436035e-01
2.035402953624725342e-01
1.356145888566970825e-01
1.557480931282043457e+00
3.506430685520172119e-01
1.594622135162353516e+00
2.953738570213317871e-01
8.789745569229125977e-01
2.054398208856582642e-01
1.383823603391647339e-01
1.567234396934509277e+00
3.556973934173583984e-01
1.605724930763244629e+00
2.982846796512603760e-01
8.806169629096984863e-01
2.022705078125000000e-01
1.405417025089263916e-01
1.580539345741271973e+00
3.514992296695709229e-01
1.613749384880065918e+00
2.994669377803802490e-01
8.788887858390808105e-01
2.040396481752395630e-01
1.335680782794952393e-01
1.587579250335693359e+00
3.443533778190612793e-01
1.628249406814575195e+00
2.942205667495727539e-01
8.774211406707763672e-01
2.035205513238906860e-01
1.415921896696090698e-01
1.613256692886352539e+00
3.489082753658294678e-01
1.626522421836853027e+00
2.977763712406158447e-01
8.785176873207092285e-01
2.085372805595397949e-01
1.435742825269699097e-01
1.569547891616821289e+00
3.499292731285095215e-01
1.599366664886474609e+00
2.935669124126434326e-01
8.856803178787231445e-01
2.083854675292968750e-01
1.464544087648391724e-01
1.584368705749511719e+00
3.542485833168029785e-01
1.597897887229919434e+00
2.994966804981231689e-01
8.862873315811157227e-01
2.084332406520843506e-01
1.512919068336486816e-01
1.590140938758850098e+00
3.519294261932373047e-01
1.605766654014587402e+00
2.914361953735351562e-01
8.885914087295532227e-01
2.118741869926452637e-01
1.493085920810699463e-01
1.599587440490722656e+00
3.496698141098022461e-01
1.622672677040100098e+00
2.945978641510009766e-01
9.070745110511779785e-01
2.141137868165969849e-01
1.558734625577926636e-01
1.596576452255249023e+00
3.477466404438018799e-01
1.618082523345947266e+00
2.922984063625335693e-01
9.317320585250854492e-01
2.140233367681503296e-01
1.554842293262481689e-01
1.579316258430480957e+00
3.468869924545288086e-01
1.611122727394104004e+00
2.962763011455535889e-01
9.367680549621582031e-01
2.153443843126296997e-01
1.523076295852661133e-01
1.576303720474243164e+00
3.493320941925048828e-01
1.593028068542480469e+00
2.971872687339782715e-01
9.832932353019714355e-01
2.190611660480499268e-01
1.527226865291595459e-01
1.552386283874511719e+00
3.441849350929260254e-01
1.584131002426147461e+00
2.880580127239227295e-01
8.814352154731750488e-01
2.138486653566360474e-01
1.519792675971984863e-01
1.548100829124450684e+00
3.489180505275726318e-01
1.564591407775878906e+00
2.927393317222595215e-01
8.776512145996093750e-01
2.119398117065429688e-01
1.471754908561706543e-01
1.547912359237670898e+00
3.470446467399597168e-01
1.573766112327575684e+00
2.917018532752990723e-01
8.861481547355651855e-01
2.125902622938156128e-01
1.415596157312393188e-01
1.295652866363525391e+00
3.570924997329711914e-01
1.284626007080078125e+00
3.072338700294494629e-01
8.833127617835998535e-01
2.138443291187286377e-01
1.391418874263763428e-01
1.005329370498657227e+00
3.620226383209228516e-01
9.480507373809814453e-01
3.128668367862701416e-01
8.621081113815307617e-01
2.134678214788436890e-01
1.397702842950820923e-01
1.069413542747497559e+00
3.541445136070251465e-01
1.199847817420959473e+00
2.929116785526275635e-01
8.761976361274719238e-01
2.196292430162429810e-01
1.514748930931091309e-01
1.112070441246032715e+00
3.640745878219604492e-01
1.116301178932189941e+00
2.941632866859436035e-01
8.567355871200561523e-01
2.162387967109680176e-01
1.417714804410934448e-01
1.193066000938415527e+00
3.522263467311859131e-01
1.186092734336853027e+00
2.870691418647766113e-01
8.523938059806823730e-01
2.198826223611831665e-01
1.463470160961151123e-01
1.194866418838500977e+00
3.576771020889282227e-01
1.169543266296386719e+00
2.928680181503295898e-01
8.547334074974060059e-01
2.265038192272186279e-01
1.551231592893600464e-01
1.139921307563781738e+00
3.723286688327789307e-01
1.215791106224060059e+00
3.001114428043365479e-01
8.581683039665222168e-01
2.283848971128463745e-01
1.470713764429092407e-01
9.917371869087219238e-01
3.849564492702484131e-01
1.010440707206726074e+00
3.124724924564361572e-01
8.589937090873718262e-01
2.256514281034469604e-01
1.425934135913848877e-01
9.848095774650573730e-01
3.902723193168640137e-01
1.017225503921508789e+00
3.134320676326751709e-01
8.651404380798339844e-01
2.186297625303268433e-01
1.393750160932540894e-01
1.001871228218078613e+00
3.989430367946624756e-01
1.030465245246887207e+00
3.190159797668457031e-01
8.604462146759033203e-01
2.150351703166961670e-01
1.359504312276840210e-01
1.029229164123535156e+00
4.039769768714904785e-01
1.058433771133422852e+00
3.164341151714324951e-01
8.691709637641906738e-01
2.136395573616027832e-01
1.347172111272811890e-01
1.040252685546875000e+00
4.185387194156646729e-01
1.051006078720092773e+00
3.198682367801666260e-01
8.670061826705932617e-01
2.162150889635086060e-01
1.363399177789688110e-01
1.025234222412109375e+00
3.647332787513732910e-01
1.033904671669006348e+00
2.957892119884490967e-01
8.680634498596191406e-01
2.149019986391067505e-01
1.379645019769668579e-01
1.000036478042602539e+00
3.671807050704956055e-01
1.010639905929565430e+00
2.918335199356079102e-01
8.751927614212036133e-01
2.158058732748031616e-01
1.304759979248046875e-01
9.689961671829223633e-01
3.593203723430633545e-01
9.838389158248901367e-01
2.896440625190734863e-01
8.889234662055969238e-01
2.212629616260528564e-01
1.309229135513305664e-01
9.406372308731079102e-01
3.645739257335662842e-01
9.595099091529846191e-01
2.987270057201385498e-01
8.736068010330200195e-01
2.093345969915390015e-01
1.270285844802856445e-01
9.433217048645019531e-01
3.622528016567230225e-01
9.652102589607238770e-01
3.040961623191833496e-01
8.813610076904296875e-01
2.286439687013626099e-01
1.271528899669647217e-01
9.541905522346496582e-01
3.466306328773498535e-01
9.715836048126220703e-01
2.913357317447662354e-01
8.925528526306152344e-01
2.360835522413253784e-01
1.266773045063018799e-01
9.715180397033691406e-01
3.521453440189361572e-01
9.822139739990234375e-01
3.000944256782531738e-01
9.045131206512451172e-01
2.486784756183624268e-01
1.267217844724655151e-01
9.844658374786376953e-01
3.556246161460876465e-01
9.976139068603515625e-01
3.037793040275573730e-01
9.172263145446777344e-01
2.582432925701141357e-01
1.277473121881484985e-01
9.792649149894714355e-01
3.538270592689514160e-01
9.886153340339660645e-01
3.057647049427032471e-01
9.525851011276245117e-01
3.358084261417388916e-01
1.268771290779113770e-01
9.598652720451354980e-01
3.553847670555114746e-01
9.668763279914855957e-01
3.054304718971252441e-01
9.571718573570251465e-01
2.927722334861755371e-01
1.291741579771041870e-01
9.441359639167785645e-01
3.487403392791748047e-01
9.519625902175903320e-01
3.010196089744567871e-01
9.995337724685668945e-01
3.214346170425415039e-01
1.315709948539733887e-01
9.467285871505737305e-01
3.570640087127685547e-01
9.601629376411437988e-01
2.991594672203063965e-01
9.329256415367126465e-01
2.513486444950103760e-01
1.290622055530548096e-01
9.631627202033996582e-01
3.622156381607055664e-01
9.841370582580566406e-01
3.155937790870666504e-01
9.315407276153564453e-01
2.354543507099151611e-01
1.293129622936248779e-01
9.950994849205017090e-01
3.615955710411071777e-01
1.021503090858459473e+00
3.110743165016174316e-01
9.269014000892639160e-01
2.437122464179992676e-01
1.283839195966720581e-01
1.048391580581665039e+00
3.656458258628845215e-01
1.069198608398437500e+00
3.018544018268585205e-01
9.413495063781738281e-01
2.453230023384094238e-01
1.403016299009323120e-01
1.044470310211181641e+00
3.711633682250976562e-01
1.068962097167968750e+00
3.139343261718750000e-01
9.213269352912902832e-01
2.363373637199401855e-01
1.390449553728103638e-01
1.081355094909667969e+00
3.579710125923156738e-01
1.110756635665893555e+00
2.946659624576568604e-01
9.265594482421875000e-01
2.490985989570617676e-01
1.346387416124343872e-01
1.085453391075134277e+00
3.651638627052307129e-01
1.098787307739257812e+00
3.008815646171569824e-01
9.316105842590332031e-01
2.603247761726379395e-01
1.371911764144897461e-01
1.063128113746643066e+00
3.755490481853485107e-01
1.082456707954406738e+00
3.087844550609588623e-01
9.307799339294433594e-01
2.457209527492523193e-01
1.425713002681732178e-01
1.039785623550415039e+00
3.721465468406677246e-01
1.065105676651000977e+00
3.115976750850677490e-01
9.101259112358093262e-01
2.362114191055297852e-01
1.376608610153198242e-01
1.053644061088562012e+00
3.747882843017578125e-01
1.089149236679077148e+00
3.079926669597625732e-01
9.395706653594970703e-01
2.743805050849914551e-01
1.410671472549438477e-01
1.088208556175231934e+00
3.747421801090240479e-01
1.121642470359802246e+00
3.096179068088531494e-01
9.293143749237060547e-01
2.247845828533172607e-01
1.309219151735305786e-01
1.105267643928527832e+00
3.848866820335388184e-01
1.137640953063964844e+00
3.141078352928161621e-01
9.647287726402282715e-01
2.443567961454391479e-01
1.286650598049163818e-01
1.094483256340026855e+00
3.824609518051147461e-01
1.118181467056274414e+00
3.135330677032470703e-01
9.588837623596191406e-01
2.448538988828659058e-01
1.257425546646118164e-01
1.068115234375000000e+00
3.603113293647766113e-01
1.103156447410583496e+00
3.024405837059020996e-01
9.444082379341125488e-01
2.374876141548156738e-01
1.256276369094848633e-01
1.033285617828369141e+00
3.566678464412689209e-01
1.060289740562438965e+00
2.988021671772003174e-01
9.467652440071105957e-01
2.426425218582153320e-01
1.241695731878280640e-01
1.015493631362915039e+00
3.591472208499908447e-01
1.046399474143981934e+00
2.930105924606323242e-01
9.525907635688781738e-01
2.401185333728790283e-01
1.174182444810867310e-01
1.022587418556213379e+00
3.632748425006866455e-01
1.071695089340209961e+00
2.939666509628295898e-01
9.579518437385559082e-01
2.102903872728347778e-01
1.134524568915367126e-01
1.039943218231201172e+00
3.669882416725158691e-01
1.098374128341674805e+00
2.980808019638061523e-01
9.909421205520629883e-01
2.200739979743957520e-01
1.057935208082199097e-01
1.057199358940124512e+00
3.631477355957031250e-01
1.122135996818542480e+00
3.010650873184204102e-01
1.024342179298400879e+00
2.252407073974609375e-01
9.529403597116470337e-02
1.063335418701171875e+00
3.589777350425720215e-01
1.123913526535034180e+00
3.028516471385955811e-01
1.063921928405761719e+00
2.368702143430709839e-01
9.017795324325561523e-02
1.058956027030944824e+00
3.627122342586517334e-01
1.108246684074401855e+00
3.021868169307708740e-01
1.232811212539672852e+00
2.336549013853073120e-01
8.407524973154067993e-02
1.025220632553100586e+00
3.615189194679260254e-01
1.080418586730957031e+00
3.025777935981750488e-01
1.181693077087402344e+00
2.383341491222381592e-01
8.776281028985977173e-02
9.893723726272583008e-01
3.575250208377838135e-01
1.032316207885742188e+00
3.035875856876373291e-01
1.088950157165527344e+00
2.416601181030273438e-01
8.097261190414428711e-02
9.894237518310546875e-01
3.641139864921569824e-01
1.030153274536132812e+00
3.036882281303405762e-01
9.768191576004028320e-01
2.254142314195632935e-01
8.732911199331283569e-02
1.017845988273620605e+00
3.523990213871002197e-01
1.062317728996276855e+00
3.021285235881805420e-01
8.981888294219970703e-01
2.083046138286590576e-01
7.755205780267715454e-02
1.038157701492309570e+00
3.855587244033813477e-01
1.101743459701538086e+00
3.098625838756561279e-01
9.368411302566528320e-01
2.190946191549301147e-01
6.625576317310333252e-02
1.110407710075378418e+00
3.721692562103271484e-01
1.178332686424255371e+00
3.051895797252655029e-01
8.965088725090026855e-01
2.056100964546203613e-01
7.374016195535659790e-02
1.162152528762817383e+00
3.700433075428009033e-01
1.218030571937561035e+00
3.032617568969726562e-01
9.004164338111877441e-01
2.443665117025375366e-01
6.258854269981384277e-02
1.107774972915649414e+00
3.928577899932861328e-01
1.162967681884765625e+00
3.156372606754302979e-01
9.046620130538940430e-01
2.388362884521484375e-01
6.199814006686210632e-02
1.122843384742736816e+00
3.662953972816467285e-01
1.184257268905639648e+00
3.040009140968322754e-01
8.975580930709838867e-01
2.388131767511367798e-01
5.999611690640449524e-02
1.081265211105346680e+00
3.664990663528442383e-01
1.133822083473205566e+00
3.075089156627655029e-01
9.003701806068420410e-01
2.313025295734405518e-01
6.139089912176132202e-02
1.029371857643127441e+00
3.755148053169250488e-01
1.072991967201232910e+00
3.067785799503326416e-01
8.851370811462402344e-01
2.114903628826141357e-01
6.958758085966110229e-02
1.018984079360961914e+00
3.711812198162078857e-01
1.046104669570922852e+00
3.144370317459106445e-01
8.629441857337951660e-01
2.339006215333938599e-01
6.025468558073043823e-02
1.073745131492614746e+00
3.724137842655181885e-01
1.123689055442810059e+00
3.080174028873443604e-01
8.552184104919433594e-01
2.740415930747985840e-01
5.967450141906738281e-02
1.103229165077209473e+00
3.805260062217712402e-01
1.150183320045471191e+00
3.072130382061004639e-01
8.527911305427551270e-01
2.482220381498336792e-01
6.074141338467597961e-02
1.105726361274719238e+00
4.102549850940704346e-01
1.152863383293151855e+00
3.167408406734466553e-01
8.453601598739624023e-01
2.460261732339859009e-01
6.421393156051635742e-02
1.079110145568847656e+00
3.913474380970001221e-01
1.116956114768981934e+00
3.195445537567138672e-01
8.650361299514770508e-01
2.452327609062194824e-01
7.423778623342514038e-02
1.077224373817443848e+00
3.556579053401947021e-01
1.125632524490356445e+00
3.074830472469329834e-01
8.526374101638793945e-01
2.373449951410293579e-01
7.262510061264038086e-02
1.042603254318237305e+00
3.625567555427551270e-01
1.089557886123657227e+00
3.097273707389831543e-01
8.331999778747558594e-01
2.396141886711120605e-01
7.253967225551605225e-02
1.047934412956237793e+00
3.538514077663421631e-01
1.091247916221618652e+00
2.990626096725463867e-01
8.163895606994628906e-01
2.216431349515914917e-01
7.751528173685073853e-02
1.011958956718444824e+00
3.637787401676177979e-01
1.069591522216796875e+00
3.042635917663574219e-01
8.332094550132751465e-01
2.199109345674514771e-01
8.620500564575195312e-02
1.039858102798461914e+00
3.615806102752685547e-01
1.100937485694885254e+00
3.062096536159515381e-01
8.483524322509765625e-01
2.399750649929046631e-01
8.467039465904235840e-02
1.041832923889160156e+00
3.572767674922943115e-01
1.100713849067687988e+00
3.058615028858184814e-01
8.570024371147155762e-01
2.337408810853958130e-01
8.348364382982254028e-02
1.046585440635681152e+00
3.627606928348541260e-01
1.102493762969970703e+00
3.134191036224365234e-01
9.001896977424621582e-01
2.579463124275207520e-01
7.831911742687225342e-02
1.037716269493103027e+00
3.632675409317016602e-01
1.082611322402954102e+00
3.072861731052398682e-01
8.970705866813659668e-01
2.613379955291748047e-01
8.106697350740432739e-02
1.027981877326965332e+00
3.558672368526458740e-01
1.079876899719238281e+00
3.011170625686645508e-01
8.888444304466247559e-01
2.747326493263244629e-01
8.551116287708282471e-02
1.008417963981628418e+00
3.714467287063598633e-01
1.057466387748718262e+00
3.044622838497161865e-01
8.690459132194519043e-01
2.740252912044525146e-01
8.730763196945190430e-02
1.010928511619567871e+00
3.746205270290374756e-01
1.062771797180175781e+00
3.078989386558532715e-01
8.563581109046936035e-01
2.403449118137359619e-01
9.105497598648071289e-02
1.034790635108947754e+00
3.590208590030670166e-01
1.081432938575744629e+00
3.033620715141296387e-01
8.287939429283142090e-01
2.336000502109527588e-01
9.565424919128417969e-02
1.071433901786804199e+00
3.462294638156890869e-01
1.137505650520324707e+00
3.038140833377838135e-01
8.255242705345153809e-01
2.315934449434280396e-01
9.577755630016326904e-02
1.105668067932128906e+00
3.496451973915100098e-01
1.172635793685913086e+00
3.031479418277740479e-01
8.027232885360717773e-01
2.156701982021331787e-01
9.321440011262893677e-02
1.160910844802856445e+00
3.659361898899078369e-01
1.224385380744934082e+00
3.144943714141845703e-01
8.091362714767456055e-01
2.325501739978790283e-01
9.614819288253784180e-02
1.115608572959899902e+00
3.799588382244110107e-01
1.178734064102172852e+00
3.172362148761749268e-01
8.237923383712768555e-01
2.310270965099334717e-01
8.852279931306838989e-02
1.106477379798889160e+00
3.669854998588562012e-01
1.165436863899230957e+00
3.083632886409759521e-01
8.079844117164611816e-01
2.204953134059906006e-01
9.587612748146057129e-02
1.042309761047363281e+00
3.613388538360595703e-01
1.105974674224853516e+00
3.125724792480468750e-01
8.170697093009948730e-01
2.217223346233367920e-01
9.600843489170074463e-02
1.002113223075866699e+00
3.686899840831756592e-01
1.052583456039428711e+00
3.256886005401611328e-01
8.081429004669189453e-01
2.201486527919769287e-01
1.015692576766014099e-01
9.756953120231628418e-01
3.703481554985046387e-01
1.021661162376403809e+00
3.225201964378356934e-01
8.006533384323120117e-01
2.018918544054031372e-01
1.047019809484481812e-01
1.001774787902832031e+00
3.819028437137603760e-01
1.059563755989074707e+00
3.223879635334014893e-01
7.920438051223754883e-01
2.173954397439956665e-01
1.046837642788887024e-01
1.005625367164611816e+00
3.803430795669555664e-01
1.057772994041442871e+00
3.223117291927337646e-01
7.945433259010314941e-01
2.115236967802047729e-01
1.042522490024566650e-01
1.006272315979003906e+00
3.962328732013702393e-01
1.052746057510375977e+00
3.288245797157287598e-01
7.915488481521606445e-01
2.110494673252105713e-01
1.260347664356231689e-01
9.724742174148559570e-01
4.087206125259399414e-01
1.000404357910156250e+00
3.334612250328063965e-01
8.014269471168518066e-01
2.092533111572265625e-01
1.135616078972816467e-01
9.369449615478515625e-01
3.978537619113922119e-01
9.741573333740234375e-01
3.311203718185424805e-01
8.002272844314575195e-01
2.103831917047500610e-01
1.139830648899078369e-01
8.918364644050598145e-01
3.937766253948211670e-01
9.254072308540344238e-01
3.242203891277313232e-01
8.121141791343688965e-01
2.112683802843093872e-01
1.127329692244529724e-01
9.044740796089172363e-01
4.186069965362548828e-01
9.399855732917785645e-01
3.362739980220794678e-01
8.490271568298339844e-01
2.240888923406600952e-01
1.134608834981918335e-01
9.214851856231689453e-01
4.108576178550720215e-01
9.657843708992004395e-01
3.452166020870208740e-01
8.788464665412902832e-01
2.325909882783889771e-01
1.084192916750907898e-01
9.515650868415832520e-01
4.271396100521087646e-01
9.970366954803466797e-01
3.354524374008178711e-01
9.198535084724426270e-01
2.333940267562866211e-01
1.046779528260231018e-01
9.684205055236816406e-01
4.241073131561279297e-01
1.020481348037719727e+00
3.342437446117401123e-01
9.581583738327026367e-01
2.428624778985977173e-01
1.016794815659523010e-01
9.970062971115112305e-01
4.253104031085968018e-01
1.047414541244506836e+00
3.363333344459533691e-01
1.005872607231140137e+00
2.643083333969116211e-01
1.009996980428695679e-01
9.662163853645324707e-01
4.329323172569274902e-01
1.011813998222351074e+00
3.520996570587158203e-01
1.060368537902832031e+00
2.575677335262298584e-01
1.049579977989196777e-01
9.475167393684387207e-01
4.623553752899169922e-01
1.001427888870239258e+00
3.503281474113464355e-01
1.077510833740234375e+00
2.621217072010040283e-01
1.055716350674629211e-01
9.652571678161621094e-01
4.864037036895751953e-01
9.950866699218750000e-01
3.676828145980834961e-01
1.090681314468383789e+00
2.726339101791381836e-01
1.075896546244621277e-01
1.004744529724121094e+00
4.887112081050872803e-01
1.034221410751342773e+00
3.751195371150970459e-01
1.096799135208129883e+00
2.700693309307098389e-01
1.100707501173019409e-01
1.106337189674377441e+00
4.334967136383056641e-01
1.110590100288391113e+00
3.537367582321166992e-01
1.047494411468505859e+00
2.442519366741180420e-01
1.063979715108871460e-01
1.177019476890563965e+00
4.333195388317108154e-01
1.220389723777770996e+00
3.649255931377410889e-01
1.052090644836425781e+00
2.282832264900207520e-01
1.028702259063720703e-01
1.270348191261291504e+00
4.190983474254608154e-01
1.319189190864562988e+00
3.369941115379333496e-01
1.034132242202758789e+00
2.454668879508972168e-01
9.695876389741897583e-02
1.347786307334899902e+00
3.982110619544982910e-01
1.414417505264282227e+00
3.402482569217681885e-01
1.013069152832031250e+00
2.466357499361038208e-01
9.845137596130371094e-02
1.383479118347167969e+00
4.310245513916015625e-01
1.440526485443115234e+00
3.542602956295013428e-01
1.028771758079528809e+00
2.252740859985351562e-01
9.290716052055358887e-02
1.446212530136108398e+00
4.027882516384124756e-01
1.497185826301574707e+00
3.466325104236602783e-01
1.008106708526611328e+00
2.191588729619979858e-01
8.921834081411361694e-02
1.529177308082580566e+00
3.928628265857696533e-01
1.608967423439025879e+00
3.400226235389709473e-01
1.015159845352172852e+00
1.980358958244323730e-01
8.416046947240829468e-02
1.585569500923156738e+00
4.172704815864562988e-01
1.643628954887390137e+00
3.570034801959991455e-01
9.928694367408752441e-01
2.025062441825866699e-01
8.628947287797927856e-02
1.615014195442199707e+00
4.012140929698944092e-01
1.666283011436462402e+00
3.480456173419952393e-01
9.798447489738464355e-01
2.204522192478179932e-01
8.484914153814315796e-02
1.609103560447692871e+00
4.161342084407806396e-01
1.691965699195861816e+00
3.464278578758239746e-01
9.695725440979003906e-01
2.193500846624374390e-01
8.465973287820816040e-02
1.628923296928405762e+00
4.001488387584686279e-01
1.709173679351806641e+00
3.415915369987487793e-01
9.637792706489562988e-01
2.166291922330856323e-01
8.089749515056610107e-02
1.634323477745056152e+00
4.142813384532928467e-01
1.714692234992980957e+00
3.484489619731903076e-01
9.832789301872253418e-01
2.251100838184356689e-01
7.725267112255096436e-02
1.623729705810546875e+00
4.117224514484405518e-01
1.706921219825744629e+00
3.464013934135437012e-01
9.706831574440002441e-01
2.303925454616546631e-01
7.473109662532806396e-02
1.638642430305480957e+00
6.422781944274902344e-01
1.709839582443237305e+00
5.379878282546997070e-01
9.706546068191528320e-01
2.194984555244445801e-01
6.901258230209350586e-02
1.648804783821105957e+00
3.968368768692016602e-01
1.720096349716186523e+00
3.324562311172485352e-01
9.521183967590332031e-01
2.082534730434417725e-01
7.434552907943725586e-02
1.624294281005859375e+00
3.822357654571533203e-01
1.715576529502868652e+00
3.271768987178802490e-01
9.424144029617309570e-01
2.058769017457962036e-01
7.390201836824417114e-02
1.636201977729797363e+00
3.753846585750579834e-01
1.721203804016113281e+00
3.154277801513671875e-01
9.908002018928527832e-01
2.103735357522964478e-01
7.874556630849838257e-02
1.619828701019287109e+00
4.102456271648406982e-01
1.717873334884643555e+00
3.961925506591796875e-01
1.044416308403015137e+00
2.222064733505249023e-01
7.204011827707290649e-02
1.644286751747131348e+00
4.025728702545166016e-01
1.732579231262207031e+00
3.377905786037445068e-01
1.106443881988525391e+00
2.388169914484024048e-01
8.120384812355041504e-02
1.653685450553894043e+00
3.981200158596038818e-01
1.735663056373596191e+00
3.369314074516296387e-01
1.144369244575500488e+00
2.528500258922576904e-01
7.817305624485015869e-02
1.638371825218200684e+00
4.055993258953094482e-01
1.730631113052368164e+00
3.331896364688873291e-01
1.173201322555541992e+00
2.700420022010803223e-01
7.187715172767639160e-02
1.647989749908447266e+00
4.195428490638732910e-01
1.711972951889038086e+00
3.279171586036682129e-01
1.213795065879821777e+00
2.887375652790069580e-01
7.688822597265243530e-02
1.648360610008239746e+00
4.269486367702484131e-01
1.719618797302246094e+00
3.305061161518096924e-01
1.280075907707214355e+00
2.994017899036407471e-01
9.619139134883880615e-02
1.638474822044372559e+00
4.649932980537414551e-01
1.698039054870605469e+00
3.342007696628570557e-01
1.346042394638061523e+00
3.242729902267456055e-01
8.316452801227569580e-02
1.643337011337280273e+00
4.339543282985687256e-01
1.695493102073669434e+00
3.271131515502929688e-01
1.313098430633544922e+00
3.282664418220520020e-01
8.506859838962554932e-02
1.473894357681274414e+00
4.390806555747985840e-01
1.358611822128295898e+00
3.231307864189147949e-01
1.320371270179748535e+00
3.207067847251892090e-01
9.052482992410659790e-02
1.286629438400268555e+00
4.315394461154937744e-01
1.154176354408264160e+00
3.189564049243927002e-01
1.343202829360961914e+00
3.229793012142181396e-01
9.862874448299407959e-02
1.564560294151306152e+00
4.265053570270538330e-01
1.595938920974731445e+00
3.140531778335571289e-01
1.303303003311157227e+00
3.007677197456359863e-01
9.554336220026016235e-02
1.429113984107971191e+00
4.135990142822265625e-01
1.387826442718505859e+00
3.091148436069488525e-01
1.300006508827209473e+00
3.182797729969024658e-01
9.987429529428482056e-02
1.591098070144653320e+00
4.024527966976165771e-01
1.605937719345092773e+00
3.076339662075042725e-01
1.246726393699645996e+00
3.230064809322357178e-01
1.055214777588844299e-01
1.617463469505310059e+00
3.870078921318054199e-01
1.655858159065246582e+00
3.034442067146301270e-01
1.264024496078491211e+00
3.050150871276855469e-01
1.085801944136619568e-01
1.615877032279968262e+00
4.272239208221435547e-01
1.643380284309387207e+00
3.223798274993896484e-01
1.209448456764221191e+00
3.042950034141540527e-01
1.165230721235275269e-01
1.624071002006530762e+00
3.976102471351623535e-01
1.667875766754150391e+00
3.044326305389404297e-01
1.197560548782348633e+00
2.848803997039794922e-01
1.208818852901458740e-01
1.613131880760192871e+00
3.912510573863983154e-01
1.635200500488281250e+00
3.116198480129241943e-01
1.185744285583496094e+00
3.140497803688049316e-01
1.392808258533477783e-01
1.649004936218261719e+00
3.952095806598663330e-01
1.680840849876403809e+00
3.054864406585693359e-01
1.232088446617126465e+00
3.121897280216217041e-01
1.656081378459930420e-01
1.649641871452331543e+00
3.870913088321685791e-01
1.662320494651794434e+00
3.052375912666320801e-01
1.229020237922668457e+00
3.231637775897979736e-01
1.476670652627944946e-01
1.647362828254699707e+00
3.793531656265258789e-01
1.666440129280090332e+00
3.072823882102966309e-01
1.248009800910949707e+00
3.231666982173919678e-01
1.501474976539611816e-01
1.594126343727111816e+00
4.498422145843505859e-01
1.605546832084655762e+00
3.295866549015045166e-01
1.261586427688598633e+00
3.125103116035461426e-01
1.591695696115493774e-01
1.615346789360046387e+00
4.071627259254455566e-01
1.612818717956542969e+00
3.184311985969543457e-01
1.207969665527343750e+00
3.129160404205322266e-01
1.727334260940551758e-01
1.622652292251586914e+00
4.073874056339263916e-01
1.637541055679321289e+00
3.206154406070709229e-01
1.172406554222106934e+00
3.216201961040496826e-01
1.711309701204299927e-01
1.655371665954589844e+00
4.121657013893127441e-01
1.683035016059875488e+00
3.223910927772521973e-01
1.193699121475219727e+00
3.187638819217681885e-01
1.727329641580581665e-01
1.634836673736572266e+00
3.906343579292297363e-01
1.650375008583068848e+00
3.084440827369689941e-01
1.217682838439941406e+00
3.195795118808746338e-01
1.791568547487258911e-01
1.668190360069274902e+00
3.868180215358734131e-01
1.697283744812011719e+00
3.096478879451751709e-01
1.248262166976928711e+00
3.318964540958404541e-01
1.791216731071472168e-01
1.668536901473999023e+00
3.880259692668914795e-01
1.686059832572937012e+00
3.146672546863555908e-01
1.287800550460815430e+00
3.301535546779632568e-01
1.790360361337661743e-01
1.668134450912475586e+00
3.891645669937133789e-01
1.687861800193786621e+00
3.026506900787353516e-01
1.205383896827697754e+00
3.285654187202453613e-01
1.760449856519699097e-01
1.603477716445922852e+00
3.857335448265075684e-01
1.607511281967163086e+00
3.132516741752624512e-01
1.163782715797424316e+00
3.137541711330413818e-01
1.725462675094604492e-01
1.620951294898986816e+00
3.987619280815124512e-01
1.635172843933105469e+00
3.184234201908111572e-01
1.148315191268920898e+00
3.057525753974914551e-01
1.735607534646987915e-01
1.620457053184509277e+00
4.066150784492492676e-01
1.627011299133300781e+00
3.299663662910461426e-01
1.138703584671020508e+00
2.842810153961181641e-01
1.980265676975250244e-01
1.694451451301574707e+00
4.164465963840484619e-01
1.715915918350219727e+00
3.370083570480346680e-01
1.157148241996765137e+00
2.977579236030578613e-01
1.929880827665328979e-01
1.689541816711425781e+00
4.038112163543701172e-01
1.692983746528625488e+00
3.328885436058044434e-01
1.141776084899902344e+00
2.799927890300750732e-01
1.989198029041290283e-01
1.700294852256774902e+00
4.020084142684936523e-01
1.710458278656005859e+00
3.188569247722625732e-01
1.128937125205993652e+00
2.840621769428253174e-01
2.068819552659988403e-01
1.726921081542968750e+00
3.946771621704101562e-01
1.743186354637145996e+00
3.208660781383514404e-01
1.121683716773986816e+00
2.775859236717224121e-01
2.136617153882980347e-01
1.697538495063781738e+00
4.235512018203735352e-01
1.727781414985656738e+00
3.413832187652587891e-01
1.121035575866699219e+00
2.838504016399383545e-01
2.185717374086380005e-01
1.637384176254272461e+00
4.062247574329376221e-01
1.651192784309387207e+00
3.249780833721160889e-01
1.104756236076354980e+00
2.794845104217529297e-01
2.186423093080520630e-01
1.671550393104553223e+00
3.864408731460571289e-01
1.672892212867736816e+00
3.137755990028381348e-01
1.096021533012390137e+00
2.607207894325256348e-01
2.264286726713180542e-01
1.674746870994567871e+00
3.967737555503845215e-01
1.679583430290222168e+00
3.326664566993713379e-01
1.094046115875244141e+00
2.554877102375030518e-01
2.254562824964523315e-01
1.715721487998962402e+00
3.988338708877563477e-01
1.718563795089721680e+00
3.347374498844146729e-01
1.101852774620056152e+00
2.525223195552825928e-01
2.331895530223846436e-01
1.690017461776733398e+00
3.900358676910400391e-01
1.697295784950256348e+00
3.318579494953155518e-01
1.091411828994750977e+00
2.440281361341476440e-01
2.372678369283676147e-01
1.725339055061340332e+00
4.010957479476928711e-01
1.726492047309875488e+00
3.352607786655426025e-01
1.134336590766906738e+00
2.566617429256439209e-01
2.221163362264633179e-01
1.723843693733215332e+00
4.082582592964172363e-01
1.721466422080993652e+00
3.390054106712341309e-01
1.151531815528869629e+00
2.589362561702728271e-01
2.168122678995132446e-01
1.733205914497375488e+00
4.133238494396209717e-01
1.726714134216308594e+00
3.353280127048492432e-01
1.157714009284973145e+00
2.553631067276000977e-01
2.209310084581375122e-01
1.692712187767028809e+00
3.989462256431579590e-01
1.691932916641235352e+00
3.326985538005828857e-01
1.166621804237365723e+00
2.522767782211303711e-01
2.184421867132186890e-01
1.704413294792175293e+00
3.745498657226562500e-01
1.697647094726562500e+00
3.157526254653930664e-01
1.108294367790222168e+00
2.483992576599121094e-01
2.317688316106796265e-01
1.701960206031799316e+00
3.970194458961486816e-01
1.707248926162719727e+00
3.220582604408264160e-01
1.063235163688659668e+00
2.560568451881408691e-01
2.266314625740051270e-01
1.744814753532409668e+00
3.743219077587127686e-01
1.741404533386230469e+00
3.201782405376434326e-01
1.122469305992126465e+00
2.730323672294616699e-01
2.289026081562042236e-01
1.717793583869934082e+00
4.000844359397888184e-01
1.716208338737487793e+00
3.149301409721374512e-01
1.139497160911560059e+00
2.695107161998748779e-01
2.240129709243774414e-01
1.735160112380981445e+00
3.883921205997467041e-01
1.741604208946228027e+00
3.143839538097381592e-01
1.173030138015747070e+00
2.882368564605712891e-01
2.159027308225631714e-01
1.753769993782043457e+00
3.783721327781677246e-01
1.735441327095031738e+00
3.182718753814697266e-01
1.210323572158813477e+00
2.867036461830139160e-01
2.116230726242065430e-01
1.750980615615844727e+00
3.525421023368835449e-01
1.761031031608581543e+00
3.144182860851287842e-01
1.145207524299621582e+00
2.886084616184234619e-01
2.097733616828918457e-01
1.698335766792297363e+00
3.631496429443359375e-01
1.687102556228637695e+00
3.097819685935974121e-01
1.139835000038146973e+00
3.104707598686218262e-01
2.112419903278350830e-01
1.728957414627075195e+00
3.597047030925750732e-01
1.715910434722900391e+00
3.092263936996459961e-01
1.098834753036499023e+00
2.919127047061920166e-01
2.080448865890502930e-01
1.746219277381896973e+00
3.703031241893768311e-01
1.764574289321899414e+00
3.111151158809661865e-01
1.086368799209594727e+00
2.929325699806213379e-01
2.091707885265350342e-01
1.755813837051391602e+00
3.652512133121490479e-01
1.764440655708312988e+00
3.090931475162506104e-01
1.148493409156799316e+00
2.794114649295806885e-01
1.892503947019577026e-01
1.591605424880981445e+00
4.151591360569000244e-01
1.534060120582580566e+00
3.389306366443634033e-01
1.134390830993652344e+00
2.666000127792358398e-01
1.940403431653976440e-01
1.452957749366760254e+00
4.224899709224700928e-01
1.322460770606994629e+00
3.412329852581024170e-01
1.128933191299438477e+00
2.997159063816070557e-01
1.925420761108398438e-01
1.191280007362365723e+00
3.994894623756408691e-01
1.103683948516845703e+00
3.313873708248138428e-01
1.125265359878540039e+00
2.949384152889251709e-01
1.854828596115112305e-01
1.045887947082519531e+00
3.889300525188446045e-01
9.023163318634033203e-01
3.199549913406372070e-01
1.128135204315185547e+00
2.860307395458221436e-01
1.894759833812713623e-01
1.038041591644287109e+00
3.752844035625457764e-01
9.497917890548706055e-01
3.125801086425781250e-01
1.111105680465698242e+00
2.615099251270294189e-01
1.920305490493774414e-01
1.002179145812988281e+00
3.830186724662780762e-01
9.531355500221252441e-01
3.225000798702239990e-01
1.097625255584716797e+00
2.653995454311370850e-01
1.880302429199218750e-01
9.328412413597106934e-01
3.804260790348052979e-01
8.967484235763549805e-01
3.272613883018493652e-01
1.098543405532836914e+00
2.497905343770980835e-01
1.935626864433288574e-01
8.291864991188049316e-01
4.121536612510681152e-01
7.871851325035095215e-01
3.480636179447174072e-01
1.116876840591430664e+00
2.411099821329116821e-01
1.893671751022338867e-01
8.062024116516113281e-01
4.070734381675720215e-01
7.794049382209777832e-01
3.439357280731201172e-01
1.099640965461730957e+00
2.464323788881301880e-01
1.871080696582794189e-01
8.241841197013854980e-01
4.394001662731170654e-01
7.994858622550964355e-01
3.608360886573791504e-01
1.096148133277893066e+00
2.599639296531677246e-01
1.891157031059265137e-01
8.140858411788940430e-01
4.209412038326263428e-01
7.865310907363891602e-01
3.576832413673400879e-01
1.124035000801086426e+00
2.640393674373626709e-01
2.034851014614105225e-01
8.094308972358703613e-01
3.999759256839752197e-01
7.762979865074157715e-01
3.556250035762786865e-01
1.130116224288940430e+00
2.679486572742462158e-01
2.189764976501464844e-01
7.689374089241027832e-01
3.908033370971679688e-01
7.354906201362609863e-01
3.267491161823272705e-01
1.165398955345153809e+00
2.649569213390350342e-01
1.926056593656539917e-01
7.560646533966064453e-01
3.755463063716888428e-01
7.225351333618164062e-01
3.041153848171234131e-01
1.088833928108215332e+00
2.663441598415374756e-01
1.907249242067337036e-01
7.477861642837524414e-01
3.501880168914794922e-01
7.231490015983581543e-01
3.015986382961273193e-01
1.040104150772094727e+00
2.807315587997436523e-01
1.892650723457336426e-01
7.795884013175964355e-01
3.343307673931121826e-01
7.699446082115173340e-01
2.839770913124084473e-01
9.481693506240844727e-01
2.325955331325531006e-01
1.794256716966629028e-01
7.976141571998596191e-01
3.462038338184356689e-01
7.869555950164794922e-01
2.815290689468383789e-01
9.239812493324279785e-01
2.141450196504592896e-01
1.766760498285293579e-01
8.225855827331542969e-01
3.442735075950622559e-01
8.058485388755798340e-01
2.883411943912506104e-01
9.113469719886779785e-01
2.023525983095169067e-01
1.595492362976074219e-01
8.031115531921386719e-01
3.385882079601287842e-01
7.801902294158935547e-01
2.946278750896453857e-01
9.343270659446716309e-01
2.048801928758621216e-01
1.575136482715606689e-01
7.948690056800842285e-01
3.339048624038696289e-01
7.716078758239746094e-01
2.965640127658843994e-01
9.107386469841003418e-01
1.948347985744476318e-01
1.542530804872512817e-01
8.031277656555175781e-01
3.160601556301116943e-01
7.639684081077575684e-01
2.813969552516937256e-01
9.108474254608154297e-01
1.795485317707061768e-01
1.501983106136322021e-01
8.212352991104125977e-01
2.895180284976959229e-01
7.842648625373840332e-01
2.758562564849853516e-01
9.037541747093200684e-01
1.891011595726013184e-01
1.435652971267700195e-01
8.173592090606689453e-01
2.947743833065032959e-01
7.753933668136596680e-01
2.831872701644897461e-01
9.580183625221252441e-01
1.740926355123519897e-01
1.384599953889846802e-01
8.847454786300659180e-01
2.999719083309173584e-01
8.352903723716735840e-01
2.865481674671173096e-01
1.116211295127868652e+00
1.747285127639770508e-01
1.267437487840652466e-01
6.579796671867370605e-01
2.822067737579345703e-01
6.565787792205810547e-01
2.579691410064697266e-01
8.231309056282043457e-01
1.759912967681884766e-01
1.271538585424423218e-01
6.241469383239746094e-01
2.481665909290313721e-01
6.922059655189514160e-01
2.265493124723434448e-01
7.895771861076354980e-01
1.801741272211074829e-01
1.247798055410385132e-01
6.685732603073120117e-01
2.690556347370147705e-01
7.079098820686340332e-01
2.599126696586608887e-01
7.987011671066284180e-01
1.809985488653182983e-01
1.216203346848487854e-01
7.378224730491638184e-01
2.708129584789276123e-01
8.188095092773437500e-01
3.125757873058319092e-01
7.591746449470520020e-01
1.894848495721817017e-01
1.245422214269638062e-01
7.187180519104003906e-01
4.038052260875701904e-01
7.811867594718933105e-01
3.504623472690582275e-01
7.636448144912719727e-01
1.767848581075668335e-01
1.175393834710121155e-01
7.811471819877624512e-01
2.881895601749420166e-01
7.972547411918640137e-01
2.630083560943603516e-01
7.562655210494995117e-01
1.787951290607452393e-01
1.112724840641021729e-01
7.863545417785644531e-01
2.566045224666595459e-01
8.114066123962402344e-01
2.427097111940383911e-01
7.470756769180297852e-01
1.716834604740142822e-01
1.112348213791847229e-01
6.457033753395080566e-01
2.381914705038070679e-01
6.960909962654113770e-01
2.095996588468551636e-01
7.507171034812927246e-01
1.768024712800979614e-01
9.959340095520019531e-02
6.445050835609436035e-01
2.351924777030944824e-01
6.710583567619323730e-01
2.078694403171539307e-01
7.406190633773803711e-01
1.753008961677551270e-01
1.015699803829193115e-01
6.215196847915649414e-01
2.385862022638320923e-01
6.519520878791809082e-01
2.081099003553390503e-01
7.349576950073242188e-01
1.895094811916351318e-01
9.689755737781524658e-02
6.263886690139770508e-01
2.325371056795120239e-01
6.588187217712402344e-01
2.201468199491500854e-01
7.565529346466064453e-01
1.836763918399810791e-01
1.057149916887283325e-01
6.513857841491699219e-01
2.230149656534194946e-01
6.884865760803222656e-01
2.087256610393524170e-01
7.619694471359252930e-01
1.888252496719360352e-01
9.915171563625335693e-02
6.968008875846862793e-01
2.275845706462860107e-01
7.566924095153808594e-01
2.127164602279663086e-01
7.517123222351074219e-01
1.873886436223983765e-01
1.045333519577980042e-01
7.490873932838439941e-01
2.280338406562805176e-01
7.853538990020751953e-01
2.151944935321807861e-01
7.424007654190063477e-01
1.876250952482223511e-01
9.742869436740875244e-02
7.266812324523925781e-01
2.269002795219421387e-01
7.590484023094177246e-01
2.146386653184890747e-01
7.402106523513793945e-01
2.072227597236633301e-01
1.044372171163558960e-01
7.180073857307434082e-01
2.297595292329788208e-01
7.505543231964111328e-01
2.178800702095031738e-01
7.579799294471740723e-01
2.162700146436691284e-01
1.020282357931137085e-01
7.056154608726501465e-01
2.286084890365600586e-01
7.424499392509460449e-01
2.243059277534484863e-01
7.703094482421875000e-01
2.249535620212554932e-01
1.107256039977073669e-01
6.761469841003417969e-01
2.289583534002304077e-01
7.066189050674438477e-01
2.202931195497512817e-01
7.924866676330566406e-01
2.202153950929641724e-01
1.103852018713951111e-01
6.677551865577697754e-01
2.381855249404907227e-01
6.987911462783813477e-01
2.311128377914428711e-01
8.480190038681030273e-01
2.372203171253204346e-01
1.115292385220527649e-01
6.642564535140991211e-01
2.299800217151641846e-01
6.977282166481018066e-01
2.213021218776702881e-01
8.266313672065734863e-01
2.526283860206604004e-01
1.135079264640808105e-01
6.859098672866821289e-01
2.258850038051605225e-01
7.243012785911560059e-01
2.191676795482635498e-01
8.362608551979064941e-01
2.237845361232757568e-01
1.126268059015274048e-01
7.105294466018676758e-01
2.254487425088882446e-01
7.579221129417419434e-01
2.150410413742065430e-01
8.215217590332031250e-01
2.261751741170883179e-01
1.090995818376541138e-01
6.595748066902160645e-01
2.264158129692077637e-01
6.911547780036926270e-01
2.215711921453475952e-01
8.437362909317016602e-01
2.290830612182617188e-01
1.071755439043045044e-01
6.559651494026184082e-01
2.349256128072738647e-01
6.839300394058227539e-01
2.253630459308624268e-01
8.585083484649658203e-01
2.189432084560394287e-01
1.103860512375831604e-01
6.638724803924560547e-01
2.275244593620300293e-01
7.113029956817626953e-01
2.215862572193145752e-01
8.581406474113464355e-01
2.002432644367218018e-01
1.115466952323913574e-01
7.142931222915649414e-01
2.502709925174713135e-01
7.633276581764221191e-01
2.673520445823669434e-01
8.555025458335876465e-01
2.135013341903686523e-01
1.044114008545875549e-01
7.207409143447875977e-01
2.859642505645751953e-01
8.259683251380920410e-01
3.076035976409912109e-01
8.567095398902893066e-01
2.066674977540969849e-01
9.897973388433456421e-02
8.010361790657043457e-01
3.302432894706726074e-01
8.901940584182739258e-01
3.601069152355194092e-01
8.755640983581542969e-01
2.179260700941085815e-01
1.022716462612152100e-01
8.177817463874816895e-01
2.418583035469055176e-01
9.479305744171142578e-01
2.423382252454757690e-01
8.758005499839782715e-01
2.036124467849731445e-01
1.040923967957496643e-01
8.646042346954345703e-01
2.363747358322143555e-01
8.679865002632141113e-01
2.198357135057449341e-01
8.831591010093688965e-01
1.951161324977874756e-01
1.056579053401947021e-01
9.175678491592407227e-01
2.264770716428756714e-01
9.449849128723144531e-01
2.224659025669097900e-01
8.950821161270141602e-01
1.983057856559753418e-01
1.022812724113464355e-01
8.911303281784057617e-01
2.335309535264968872e-01
9.619619250297546387e-01
2.103762626647949219e-01
8.980318903923034668e-01
1.983945518732070923e-01
1.045411080121994019e-01
8.676740527153015137e-01
2.217800915241241455e-01
9.043422937393188477e-01
2.215708494186401367e-01
8.747222423553466797e-01
2.089914530515670776e-01
1.029792726039886475e-01
8.387723565101623535e-01
2.778314948081970215e-01
8.734139800071716309e-01
2.107057571411132812e-01
8.748843073844909668e-01
2.032774537801742554e-01
1.001584157347679138e-01
8.165040016174316406e-01
2.272804379463195801e-01
8.534629344940185547e-01
2.133694589138031006e-01
9.065492749214172363e-01
2.113799154758453369e-01
1.066937819123268127e-01
8.197084069252014160e-01
2.169770002365112305e-01
8.538615107536315918e-01
1.953648328781127930e-01
8.925542235374450684e-01
2.001719176769256592e-01
1.065578907728195190e-01
8.306782841682434082e-01
2.246301025152206421e-01
8.617205023765563965e-01
1.984751373529434204e-01
8.905880451202392578e-01
1.921966224908828735e-01
9.623762220144271851e-02
8.874133825302124023e-01
2.241519540548324585e-01
9.290661811828613281e-01
2.043087333440780640e-01
8.946500420570373535e-01
2.061609923839569092e-01
1.050430610775947571e-01
9.069672822952270508e-01
2.332797795534133911e-01
9.580379724502563477e-01
2.194966375827789307e-01
8.981575965881347656e-01
2.280753403902053833e-01
9.644426405429840088e-02
9.198975563049316406e-01
2.234666943550109863e-01
9.552506804466247559e-01
2.091351449489593506e-01
8.254959583282470703e-01
1.817507594823837280e-01
8.346685767173767090e-02
8.764712810516357422e-01
2.296723127365112305e-01
9.138790369033813477e-01
2.217385619878768921e-01
8.304316401481628418e-01
1.855417788028717041e-01
9.344325959682464600e-02
8.654834032058715820e-01
2.362132370471954346e-01
9.114772081375122070e-01
2.268974483013153076e-01
8.404979705810546875e-01
1.906693279743194580e-01
9.398005157709121704e-02
8.509443402290344238e-01
2.525441646575927734e-01
9.013810753822326660e-01
2.408220171928405762e-01
8.484948277473449707e-01
1.714545637369155884e-01
9.156675636768341064e-02
8.763443827629089355e-01
2.525788545608520508e-01
9.463580250740051270e-01
2.336906492710113525e-01
8.607085347175598145e-01
1.686807572841644287e-01
9.343966841697692871e-02
8.673787713050842285e-01
2.593920826911926270e-01
9.485653638839721680e-01
2.345157861709594727e-01
8.793536424636840820e-01
1.594446003437042236e-01
9.525457769632339478e-02
9.509648084640502930e-01
2.492780685424804688e-01
1.010394334793090820e+00
2.189015448093414307e-01
8.881879448890686035e-01
1.536332815885543823e-01
9.649878740310668945e-02
9.750916361808776855e-01
2.534221410751342773e-01
1.089718103408813477e+00
2.333045750856399536e-01
9.735717773437500000e-01
1.537778079509735107e-01
9.873138368129730225e-02
9.368626475334167480e-01
2.481127232313156128e-01
9.056734442710876465e-01
2.339736223220825195e-01
8.541497588157653809e-01
1.528274714946746826e-01
9.498552232980728149e-02
9.890799522399902344e-01
2.237570136785507202e-01
1.113217711448669434e+00
2.038106471300125122e-01
8.595522046089172363e-01
1.531291007995605469e-01
9.216183423995971680e-02
1.054738879203796387e+00
2.494865804910659790e-01
1.054765105247497559e+00
2.615452110767364502e-01
8.649819493293762207e-01
1.544689536094665527e-01
9.177699685096740723e-02
9.994253516197204590e-01
3.093745112419128418e-01
1.094981908798217773e+00
3.083243072032928467e-01
8.733095526695251465e-01
1.549915224313735962e-01
8.490539342164993286e-02
1.180507063865661621e+00
3.156917691230773926e-01
1.278784751892089844e+00
3.181605041027069092e-01
8.716149330139160156e-01
1.547429114580154419e-01
9.026654809713363647e-02
1.285305261611938477e+00
3.704709410667419434e-01
1.275738954544067383e+00
3.583675622940063477e-01
8.655478954315185547e-01
1.565535366535186768e-01
9.040647745132446289e-02
1.358043909072875977e+00
3.884474933147430420e-01
1.415377974510192871e+00
4.197180569171905518e-01
8.567335009574890137e-01
1.678624600172042847e-01
8.890473097562789917e-02
1.560891270637512207e+00
3.834301233291625977e-01
1.641760349273681641e+00
4.035490155220031738e-01
8.636431097984313965e-01
1.676805168390274048e-01
9.212309122085571289e-02
1.608285665512084961e+00
3.755002617835998535e-01
1.701308846473693848e+00
3.855802416801452637e-01
8.655057549476623535e-01
1.579667478799819946e-01
8.887217193841934204e-02
1.558691859245300293e+00
3.899309933185577393e-01
1.649008631706237793e+00
3.599588274955749512e-01
8.922312855720520020e-01
1.615834087133407593e-01
9.105521440505981445e-02
1.549137711524963379e+00
3.875122070312500000e-01
1.610796093940734863e+00
3.658095300197601318e-01
8.888242840766906738e-01
1.570388227701187134e-01
9.091648459434509277e-02
1.503782510757446289e+00
4.007299840450286865e-01
1.557622313499450684e+00
3.927617371082305908e-01
8.886177539825439453e-01
1.569861173629760742e-01
9.258762747049331665e-02
1.508165717124938965e+00
3.922339379787445068e-01
1.571442008018493652e+00
3.579117655754089355e-01
9.024463891983032227e-01
1.604369431734085083e-01
9.334278851747512817e-02
1.499767541885375977e+00
3.938190042972564697e-01
1.548280835151672363e+00
3.268076479434967041e-01
8.960714936256408691e-01
1.610977649688720703e-01
9.451053291559219360e-02
1.629234552383422852e+00
4.098629355430603027e-01
1.699902653694152832e+00
3.710736632347106934e-01
8.865634202957153320e-01
1.595015078783035278e-01
9.652737528085708618e-02
1.670334100723266602e+00
4.332177340984344482e-01
1.768895864486694336e+00
3.873901963233947754e-01
8.847309947013854980e-01
1.595714837312698364e-01
9.526471793651580811e-02
1.709374785423278809e+00
4.394133388996124268e-01
1.734025001525878906e+00
4.081646502017974854e-01
8.749755024909973145e-01
1.578634977340698242e-01
9.365376085042953491e-02
1.625371694564819336e+00
4.149203896522521973e-01
1.670555114746093750e+00
3.972268700599670410e-01
8.713765740394592285e-01
1.619628518819808960e-01
9.267235547304153442e-02
1.642683506011962891e+00
3.841539621353149414e-01
1.691584825515747070e+00
3.793496489524841309e-01
8.727263212203979492e-01
1.636310368776321411e-01
9.356756508350372314e-02
1.613896012306213379e+00
4.627909064292907715e-01
1.670337319374084473e+00
4.244839847087860107e-01
8.697236180305480957e-01
1.670539081096649170e-01
9.297223389148712158e-02
1.640195965766906738e+00
4.338611364364624023e-01
1.750655055046081543e+00
4.188896417617797852e-01
8.827975988388061523e-01
1.704942435026168823e-01
9.488210082054138184e-02
1.614532828330993652e+00
4.737078249454498291e-01
1.642676591873168945e+00
4.335002899169921875e-01
8.793197870254516602e-01
1.655331104993820190e-01
9.616515785455703735e-02
1.677560329437255859e+00
4.266176819801330566e-01
1.895527601242065430e+00
3.984480798244476318e-01
8.723711371421813965e-01
1.630894541740417480e-01
9.655556082725524902e-02
1.799735426902770996e+00
4.577277898788452148e-01
1.905068874359130859e+00
4.314378201961517334e-01
8.826760053634643555e-01
1.674004048109054565e-01
9.754215180873870850e-02
1.653224229812622070e+00
4.104816913604736328e-01
1.924611806869506836e+00
3.768931031227111816e-01
8.742781281471252441e-01
1.628663986921310425e-01
9.682331979274749756e-02
1.845564007759094238e+00
3.406235277652740479e-01
1.963016271591186523e+00
3.195044994354248047e-01
8.826753497123718262e-01
1.653383672237396240e-01
9.747596830129623413e-02
1.864197492599487305e+00
3.675882816314697266e-01
1.909990072250366211e+00
3.686327636241912842e-01
8.836995363235473633e-01
1.662985533475875854e-01
9.744004160165786743e-02
1.745791792869567871e+00
3.813498318195343018e-01
1.942241907119750977e+00
3.550211489200592041e-01
8.792580962181091309e-01
1.684998869895935059e-01
9.297788888216018677e-02
1.985757350921630859e+00
3.659085333347320557e-01
1.996212005615234375e+00
3.113132715225219727e-01
8.736452460289001465e-01
1.714235842227935791e-01
9.409216046333312988e-02
1.822811365127563477e+00
4.072925150394439697e-01
2.009757041931152344e+00
3.915985226631164551e-01
8.781221508979797363e-01
1.694506704807281494e-01
9.408630430698394775e-02
2.008975505828857422e+00
4.040053784847259521e-01
2.187020063400268555e+00
4.088075757026672363e-01
8.740380406379699707e-01
1.739529073238372803e-01
9.177605062723159790e-02
2.128365516662597656e+00
4.501459002494812012e-01
2.210722446441650391e+00
3.986742794513702393e-01
8.864642381668090820e-01
1.712587177753448486e-01
9.341891855001449585e-02
2.109690904617309570e+00
4.587805271148681641e-01
2.329323291778564453e+00
4.191719293594360352e-01
8.858446478843688965e-01
1.751177608966827393e-01
9.083138406276702881e-02
2.089534997940063477e+00
3.937404155731201172e-01
2.159185171127319336e+00
3.945937752723693848e-01
1.450211524963378906e+00
4.811676442623138428e-01
9.190738946199417114e-02
2.100835084915161133e+00
3.878043591976165771e-01
2.136856555938720703e+00
4.301548898220062256e-01
1.215793371200561523e+00
4.196860790252685547e-01
9.165386110544204712e-02
2.072456836700439453e+00
4.321830272674560547e-01
2.072938680648803711e+00
4.530170857906341553e-01
1.021271824836730957e+00
4.822679162025451660e-01
9.111066907644271851e-02
2.093696117401123047e+00
3.921926915645599365e-01
2.117530107498168945e+00
3.875687122344970703e-01
9.221094250679016113e-01
2.056699544191360474e-01
9.144789725542068481e-02
2.117677927017211914e+00
3.231856822967529297e-01
2.166473150253295898e+00
3.157581388950347900e-01
9.476071596145629883e-01
2.354227900505065918e-01
9.268118441104888916e-02
2.234272480010986328e+00
3.837322890758514404e-01
2.240109443664550781e+00
3.862499892711639404e-01
9.776604175567626953e-01
2.128932178020477295e-01
9.188760817050933838e-02
2.320545434951782227e+00
4.382728338241577148e-01
2.397821664810180664e+00
4.387134015560150146e-01
9.616423249244689941e-01
2.207629084587097168e-01
9.038355201482772827e-02
2.324233293533325195e+00
4.304434359073638916e-01
2.322133779525756836e+00
4.200389385223388672e-01
1.033796429634094238e+00
2.606028020381927490e-01
9.076783806085586548e-02
2.210969686508178711e+00
3.976697027683258057e-01
2.258439540863037109e+00
4.025975167751312256e-01
1.131262063980102539e+00
2.539279460906982422e-01
9.161664545536041260e-02
2.226720809936523438e+00
3.547627627849578857e-01
2.279065370559692383e+00
3.828943371772766113e-01
1.163287878036499023e+00
2.484945058822631836e-01
9.160299599170684814e-02
2.199810504913330078e+00
4.143048822879791260e-01
2.248784780502319336e+00
4.093860387802124023e-01
1.196127533912658691e+00
2.494987249374389648e-01
9.179101884365081787e-02
2.239464282989501953e+00
3.810718953609466553e-01
2.405738353729248047e+00
3.873881399631500244e-01
1.252380013465881348e+00
2.845532894134521484e-01
9.493830800056457520e-02
2.210868835449218750e+00
4.034008383750915527e-01
2.263239860534667969e+00
4.267789721488952637e-01
1.184543251991271973e+00
2.507369220256805420e-01
9.384289383888244629e-02
2.276855707168579102e+00
3.779959976673126221e-01
2.535086154937744141e+00
3.955994546413421631e-01
1.189660787582397461e+00
2.600060999393463135e-01
9.399770200252532959e-02
2.401058197021484375e+00
4.159819185733795166e-01
2.565398693084716797e+00
4.369127750396728516e-01
1.186538457870483398e+00
2.809554934501647949e-01
9.705400466918945312e-02
1.928636670112609863e+00
3.612531423568725586e-01
2.243293285369873047e+00
4.087874889373779297e-01
1.147122502326965332e+00
2.483331114053726196e-01
9.608364105224609375e-02
1.915650844573974609e+00
2.971075475215911865e-01
2.091583728790283203e+00
2.953834533691406250e-01
1.153489828109741211e+00
2.399479597806930542e-01
9.769689291715621948e-02
1.884710431098937988e+00
2.434818148612976074e-01
1.833476066589355469e+00
2.719109356403350830e-01
1.186224579811096191e+00
2.233602702617645264e-01
1.007885485887527466e-01
1.707771062850952148e+00
2.246277630329132080e-01
1.780045986175537109e+00
2.231995314359664917e-01
1.126477599143981934e+00
2.447055578231811523e-01
1.013395413756370544e-01
1.793964385986328125e+00
2.041567116975784302e-01
1.775579571723937988e+00
2.055357694625854492e-01
1.154025793075561523e+00
2.379631251096725464e-01
1.037801131606101990e-01
1.691149234771728516e+00
1.963276416063308716e-01
1.903384208679199219e+00
1.842858642339706421e-01
1.098674535751342773e+00
2.252399772405624390e-01
1.037534773349761963e-01
1.710501194000244141e+00
1.771184653043746948e-01
1.850214600563049316e+00
1.614599227905273438e-01
1.102933526039123535e+00
1.944796890020370483e-01
1.046572327613830566e-01
1.644249916076660156e+00
1.655308008193969727e-01
1.772303938865661621e+00
1.491041928529739380e-01
1.061704516410827637e+00
2.482385188341140747e-01
1.053990647196769714e-01
1.743399262428283691e+00
1.622904986143112183e-01
1.925847768783569336e+00
1.529516875743865967e-01
9.919649958610534668e-01
1.961962431669235229e-01
1.070879176259040833e-01
1.745274305343627930e+00
1.606374531984329224e-01
1.794264674186706543e+00
1.401605755090713501e-01
9.912369847297668457e-01
2.106478065252304077e-01
1.079594716429710388e-01
1.679376125335693359e+00
1.849686950445175171e-01
1.731898307800292969e+00
1.706407815217971802e-01
9.627978801727294922e-01
1.713389158248901367e-01
1.090477183461189270e-01
1.655774593353271484e+00
1.774715483188629150e-01
1.680799603462219238e+00
1.695962399244308472e-01
9.967544078826904297e-01
1.756587773561477661e-01
1.100948899984359741e-01
1.666051626205444336e+00
1.701111048460006714e-01
1.780332446098327637e+00
1.490862965583801270e-01
9.791167378425598145e-01
1.655122190713882446e-01
1.094751358032226562e-01
1.746576547622680664e+00
1.632205843925476074e-01
1.806296586990356445e+00
1.362204253673553467e-01
9.706273674964904785e-01
1.789991557598114014e-01
1.104162186384201050e-01
1.757949471473693848e+00
1.703598052263259888e-01
1.835310578346252441e+00
1.584791094064712524e-01
9.748673439025878906e-01
1.840190440416336060e-01
1.106864288449287415e-01
1.882144689559936523e+00
1.760634630918502808e-01
1.960123658180236816e+00
1.698990911245346069e-01
9.898211359977722168e-01
1.902245283126831055e-01
1.100196987390518188e-01
1.831679344177246094e+00
1.882849931716918945e-01
1.845813035964965820e+00
1.797034591436386108e-01
8.663477897644042969e-01
1.620415300130844116e-01
1.117572784423828125e-01
1.735000610351562500e+00
1.973168253898620605e-01
1.802954196929931641e+00
1.939024627208709717e-01
8.586243987083435059e-01
1.578561961650848389e-01
1.098435968160629272e-01
1.725085616111755371e+00
2.103394567966461182e-01
1.803692579269409180e+00
1.881185919046401978e-01
8.527933955192565918e-01
1.555525809526443481e-01
1.107693538069725037e-01
1.688250064849853516e+00
2.189356535673141479e-01
1.796202898025512695e+00
1.946549713611602783e-01
8.460186719894409180e-01
1.592829376459121704e-01
1.093826740980148315e-01
1.737000226974487305e+00
2.220695167779922485e-01
1.894663810729980469e+00
1.810708045959472656e-01
8.488642573356628418e-01
1.728007048368453979e-01
1.095234528183937073e-01
1.794846296310424805e+00
2.075629532337188721e-01
1.875229477882385254e+00
1.687809228897094727e-01
8.396096229553222656e-01
1.696294397115707397e-01
1.100986823439598083e-01
1.884181737899780273e+00
1.945027858018875122e-01
2.155354022979736328e+00
1.511762440204620361e-01
8.565773963928222656e-01
1.720606088638305664e-01
1.098411753773689270e-01
1.900349974632263184e+00
2.204102277755737305e-01
2.068446636199951172e+00
1.718714535236358643e-01
8.641884326934814453e-01
1.717781275510787964e-01
1.110841110348701477e-01
1.639717817306518555e+00
2.403823286294937134e-01
1.792235255241394043e+00
1.960610896348953247e-01
8.533549308776855469e-01
1.743093430995941162e-01
1.112547591328620911e-01
1.612959146499633789e+00
2.179800719022750854e-01
1.720592856407165527e+00
1.646234244108200073e-01
8.870055079460144043e-01
1.710996329784393311e-01
1.130632460117340088e-01
1.462538719177246094e+00
2.209381610155105591e-01
1.468987464904785156e+00
1.708794534206390381e-01
8.830862641334533691e-01
1.792254149913787842e-01
1.122978106141090393e-01
1.406780242919921875e+00
2.120944708585739136e-01
1.497101068496704102e+00
1.593000292778015137e-01
8.889842033386230469e-01
1.789840757846832275e-01
1.119647026062011719e-01
1.436734318733215332e+00
1.791613698005676270e-01
1.461826920509338379e+00
1.252691745758056641e-01
8.681586980819702148e-01
1.932757943868637085e-01
1.158508136868476868e-01
1.587123155593872070e+00
1.877665817737579346e-01
1.611518502235412598e+00
1.315386891365051270e-01
8.554171323776245117e-01
2.095754742622375488e-01
1.136108934879302979e-01
1.485826730728149414e+00
1.912609338760375977e-01
1.597402811050415039e+00
1.327861249446868896e-01
8.733825683593750000e-01
2.053654342889785767e-01
1.174074932932853699e-01
1.513895034790039062e+00
1.933674067258834839e-01
1.575635433197021484e+00
1.452445685863494873e-01
8.490241765975952148e-01
2.170574814081192017e-01
1.196651235222816467e-01
1.517846703529357910e+00
1.959324777126312256e-01
1.659530282020568848e+00
1.461570411920547485e-01
8.759478330612182617e-01
2.260099649429321289e-01
1.245184764266014099e-01
1.528268575668334961e+00
1.967993229627609253e-01
1.549273490905761719e+00
1.380929052829742432e-01
8.911491632461547852e-01
2.314712703227996826e-01
1.313702315092086792e-01
1.463478326797485352e+00
2.128537297248840332e-01
1.490341544151306152e+00
1.489983350038528442e-01
9.135126471519470215e-01
2.026366740465164185e-01
1.261261701583862305e-01
1.429666519165039062e+00
2.508825063705444336e-01
1.442224740982055664e+00
1.908184736967086792e-01
9.563903808593750000e-01
2.189111709594726562e-01
1.285034120082855225e-01
1.458312749862670898e+00
2.516534626483917236e-01
1.494934678077697754e+00
1.796265840530395508e-01
9.304516911506652832e-01
2.165891975164413452e-01
1.253348290920257568e-01
1.501109480857849121e+00
2.103360891342163086e-01
1.553345441818237305e+00
1.534203588962554932e-01
8.862987756729125977e-01
2.155396193265914917e-01
1.261462271213531494e-01
1.591936588287353516e+00
2.181789726018905640e-01
1.605377197265625000e+00
1.639655679464340210e-01
8.558427095413208008e-01
2.054064571857452393e-01
1.263680756092071533e-01
1.654098153114318848e+00
2.283309102058410645e-01
1.697311401367187500e+00
1.750205755233764648e-01
8.332142829895019531e-01
2.155797779560089111e-01
1.262876540422439575e-01
1.674876928329467773e+00
2.152314633131027222e-01
1.673223257064819336e+00
1.689449846744537354e-01
8.390650749206542969e-01
2.132244110107421875e-01
1.293580681085586548e-01
1.587975621223449707e+00
2.032843828201293945e-01
1.614977717399597168e+00
1.725280582904815674e-01
8.530167341232299805e-01
2.101967632770538330e-01
1.302755028009414673e-01
1.545415282249450684e+00
2.230283468961715698e-01
1.575861930847167969e+00
1.757130920886993408e-01
8.815614581108093262e-01
2.038704603910446167e-01
1.353687942028045654e-01
1.516410827636718750e+00
2.409022897481918335e-01
1.554653525352478027e+00
1.822473555803298950e-01
8.820668458938598633e-01
2.135112434625625610e-01
1.346004754304885864e-01
1.491407632827758789e+00
2.198084592819213867e-01
1.618029594421386719e+00
1.725674271583557129e-01
8.813717961311340332e-01
2.236659824848175049e-01
1.310010701417922974e-01
1.572340488433837891e+00
2.164083421230316162e-01
1.630506277084350586e+00
1.677137166261672974e-01
8.793272376060485840e-01
2.167852520942687988e-01
1.298743188381195068e-01
1.635443329811096191e+00
2.005187422037124634e-01
1.701937913894653320e+00
1.586685031652450562e-01
8.883788585662841797e-01
2.152511328458786011e-01
1.271479874849319458e-01
1.635297536849975586e+00
2.050450891256332397e-01
1.779534459114074707e+00
1.599463224411010742e-01
8.681586384773254395e-01
2.068609446287155151e-01
1.289829462766647339e-01
1.432586669921875000e+00
2.064505517482757568e-01
1.597218513488769531e+00
1.676833778619766235e-01
8.868732452392578125e-01
1.976087242364883423e-01
1.298728287220001221e-01
1.706106066703796387e+00
2.282196283340454102e-01
1.781053304672241211e+00
1.890305280685424805e-01
9.118903279304504395e-01
2.014705836772918701e-01
1.251378804445266724e-01
1.831743836402893066e+00
2.163384705781936646e-01
1.860656142234802246e+00
1.751717627048492432e-01
9.546325206756591797e-01
2.065742611885070801e-01
1.358547657728195190e-01
1.751339673995971680e+00
2.284675985574722290e-01
1.882218122482299805e+00
1.492468714714050293e-01
9.406209588050842285e-01
2.091696411371231079e-01
1.310417354106903076e-01
1.969618320465087891e+00
2.002774477005004883e-01
1.990269422531127930e+00
1.292646527290344238e-01
9.845994114875793457e-01
1.976962387561798096e-01
1.340527832508087158e-01
1.953716039657592773e+00
1.899094134569168091e-01
2.030161857604980469e+00
1.359818577766418457e-01
9.973047375679016113e-01
1.960626393556594849e-01
1.391381472349166870e-01
1.836980938911437988e+00
1.751917451620101929e-01
1.823750972747802734e+00
1.168782860040664673e-01
9.809677600860595703e-01
1.954805701971054077e-01
1.403114348649978638e-01
1.906661272048950195e+00
1.578841209411621094e-01
1.903816461563110352e+00
9.396407008171081543e-02
9.846339225769042969e-01
1.943628191947937012e-01
1.411787420511245728e-01
1.812024116516113281e+00
1.417483687400817871e-01
1.988087773323059082e+00
9.474574774503707886e-02
1.009974837303161621e+00
2.207114398479461670e-01
1.412657201290130615e-01
1.840105175971984863e+00
1.352996081113815308e-01
1.849783420562744141e+00
9.334913641214370728e-02
9.696879386901855469e-01
2.083098143339157104e-01
1.434846520423889160e-01
1.791904449462890625e+00
1.456939429044723511e-01
1.820506334304809570e+00
1.032358333468437195e-01
1.028241157531738281e+00
2.007437199354171753e-01
1.402170807123184204e-01
1.761862635612487793e+00
1.478010118007659912e-01
1.750704050064086914e+00
9.749479591846466064e-02
1.042933464050292969e+00
1.936610490083694458e-01
1.632552444934844971e-01
1.759848475456237793e+00
1.527898907661437988e-01
1.778660416603088379e+00
9.548278898000717163e-02
1.061882376670837402e+00
1.911545544862747192e-01
1.506486535072326660e-01
1.866269826889038086e+00
1.434542983770370483e-01
1.886389613151550293e+00
9.607861191034317017e-02
1.064172029495239258e+00
2.015784829854965210e-01
1.450023949146270752e-01
1.949528336524963379e+00
1.384066641330718994e-01
1.936868906021118164e+00
1.006086245179176331e-01
1.092828035354614258e+00
1.808426678180694580e-01
1.497726738452911377e-01
1.962497472763061523e+00
1.502570509910583496e-01
2.034568309783935547e+00
1.180784553289413452e-01
1.144193053245544434e+00
1.875071227550506592e-01
1.483936011791229248e-01
2.018427610397338867e+00
1.449580490589141846e-01
1.978608965873718262e+00
1.004777401685714722e-01
1.180555105209350586e+00
1.805318892002105713e-01
1.533742398023605347e-01
1.933240294456481934e+00
1.429109126329421997e-01
1.895491480827331543e+00
1.004128307104110718e-01
1.248813867568969727e+00
1.785820722579956055e-01
1.556220799684524536e-01
1.870216369628906250e+00
1.533516347408294678e-01
1.847756862640380859e+00
1.048486381769180298e-01
1.257028341293334961e+00
1.799730956554412842e-01
1.576885730028152466e-01
1.795565247535705566e+00
1.568871140480041504e-01
1.767215490341186523e+00
1.101469174027442932e-01
1.241545796394348145e+00
1.822215914726257324e-01
1.812139004468917847e-01
1.712701678276062012e+00
1.557747423648834229e-01
1.782299995422363281e+00
1.150446385145187378e-01
1.272917628288269043e+00
1.809629499912261963e-01
1.635884046554565430e-01
1.795813083648681641e+00
1.546696722507476807e-01
1.747254848480224609e+00
1.109453365206718445e-01
1.264523506164550781e+00
1.849115341901779175e-01
1.524786502122879028e-01
1.781966924667358398e+00
1.569769084453582764e-01
1.798091292381286621e+00
1.080816835165023804e-01
1.183223962783813477e+00
1.915604770183563232e-01
1.514508575201034546e-01
1.784898519515991211e+00
1.438390165567398071e-01
1.895179390907287598e+00
1.067925617098808289e-01
1.165912032127380371e+00
1.887103915214538574e-01
1.559003144502639771e-01
1.487803101539611816e+00
1.490056961774826050e-01
1.728729248046875000e+00
1.059048026800155640e-01
1.088172197341918945e+00
1.930342167615890503e-01
1.492455005645751953e-01
1.594423174858093262e+00
1.432249844074249268e-01
1.596087694168090820e+00
1.024550497531890869e-01
1.169152975082397461e+00
1.930456608533859253e-01
1.489276885986328125e-01
1.274137616157531738e+00
1.491234153509140015e-01
1.191916346549987793e+00
1.061228141188621521e-01
1.154977202415466309e+00
1.919906735420227051e-01
1.504246145486831665e-01
1.120167732238769531e+00
1.541964709758758545e-01
1.054586172103881836e+00
1.127205267548561096e-01
1.111008524894714355e+00
1.945296227931976318e-01
1.665471792221069336e-01
1.125211477279663086e+00
1.469471156597137451e-01
1.083953261375427246e+00
1.017737388610839844e-01
1.203507781028747559e+00
1.952037513256072998e-01
1.601768285036087036e-01
1.061457633972167969e+00
1.501646339893341064e-01
1.078970432281494141e+00
1.123167425394058228e-01
1.145178556442260742e+00
1.945271193981170654e-01
1.487175375223159790e-01
1.048318505287170410e+00
1.422930806875228882e-01
1.076977610588073730e+00
1.043291538953781128e-01
1.086130738258361816e+00
1.857038736343383789e-01
1.417218446731567383e-01
9.963202476501464844e-01
1.424592137336730957e-01
9.927716851234436035e-01
9.321995824575424194e-02
1.082473874092102051e+00
1.862836480140686035e-01
1.403603106737136841e-01
1.043727755546569824e+00
1.374331265687942505e-01
1.061406850814819336e+00
9.146755933761596680e-02
1.115780830383300781e+00
1.829116791486740112e-01
1.388159692287445068e-01
1.033126473426818848e+00
1.408588588237762451e-01
9.894837737083435059e-01
9.280025213956832886e-02
1.012832522392272949e+00
1.901994496583938599e-01
1.363459974527359009e-01
9.200882911682128906e-01
1.302978545427322388e-01
8.765752911567687988e-01
8.733633905649185181e-02
9.823469519615173340e-01
1.928828358650207520e-01
1.365176737308502197e-01
9.012082219123840332e-01
1.317988187074661255e-01
8.738736510276794434e-01
8.481065183877944946e-02
9.205440282821655273e-01
2.068020105361938477e-01
1.376490294933319092e-01
1.005563139915466309e+00
1.281849592924118042e-01
9.813330769538879395e-01
8.298228681087493896e-02
9.271278381347656250e-01
2.183066755533218384e-01
1.369927525520324707e-01
1.101998090744018555e+00
1.366797685623168945e-01
1.092700839042663574e+00
9.064757823944091797e-02
9.283962249755859375e-01
2.222987115383148193e-01
1.376401931047439575e-01
1.107875823974609375e+00
1.369927078485488892e-01
1.103076219558715820e+00
9.186014533042907715e-02
9.130949378013610840e-01
2.261222153902053833e-01
1.410970091819763184e-01
1.071835994720458984e+00
1.437126845121383667e-01
1.095468282699584961e+00
9.296456724405288696e-02
9.115933179855346680e-01
2.234015166759490967e-01
1.333656609058380127e-01
1.078918337821960449e+00
1.359562873840332031e-01
1.060648202896118164e+00
8.529150485992431641e-02
8.001388311386108398e-01
2.449320554733276367e-01
1.308748424053192139e-01
1.030099153518676758e+00
1.373036652803421021e-01
1.004895329475402832e+00
8.841820806264877319e-02
8.042269945144653320e-01
2.536352276802062988e-01
1.325607150793075562e-01
9.504709839820861816e-01
1.405170261859893799e-01
9.465900659561157227e-01
9.106818586587905884e-02
8.120967149734497070e-01
2.729283869266510010e-01
1.320725232362747192e-01
9.266993999481201172e-01
1.519594043493270874e-01
9.254056811332702637e-01
9.522155672311782837e-02
7.937734723091125488e-01
2.754200100898742676e-01
1.352849155664443970e-01
9.877918958663940430e-01
1.526590585708618164e-01
1.022258996963500977e+00
9.491889923810958862e-02
7.970573902130126953e-01
2.907965183258056641e-01
1.410511136054992676e-01
1.034207105636596680e+00
1.517417579889297485e-01
1.054480552673339844e+00
9.479476511478424072e-02
7.967458367347717285e-01
3.159897923469543457e-01
1.483808159828186035e-01
1.071493625640869141e+00
1.488516628742218018e-01
1.125079393386840820e+00
9.233022481203079224e-02
8.049688935279846191e-01
3.289212286472320557e-01
1.462273895740509033e-01
1.023587584495544434e+00
1.483585983514785767e-01
1.070797801017761230e+00
8.706323802471160889e-02
8.251944184303283691e-01
3.455527722835540771e-01
1.573796272277832031e-01
9.611207842826843262e-01
1.434008181095123291e-01
9.915260076522827148e-01
8.661586791276931763e-02
8.201214671134948730e-01
3.520105779170989990e-01
1.538256406784057617e-01
9.571722745895385742e-01
1.512651741504669189e-01
9.557958245277404785e-01
8.961729705333709717e-02
8.533098101615905762e-01
3.348545432090759277e-01
1.619150638580322266e-01
8.269703984260559082e-01
1.608389019966125488e-01
7.815917134284973145e-01
9.407301247119903564e-02
8.500151634216308594e-01
3.518394529819488525e-01
1.668293178081512451e-01
7.852128148078918457e-01
1.710950285196304321e-01
7.846637964248657227e-01
1.058054864406585693e-01
8.483247160911560059e-01
3.457419872283935547e-01
1.691414713859558105e-01
9.638269543647766113e-01
1.421127319335937500e-01
9.582327008247375488e-01
1.110515147447586060e-01
8.189178705215454102e-01
3.687236309051513672e-01
1.680326163768768311e-01
1.017703652381896973e+00
1.539511233568191528e-01
1.042523026466369629e+00
9.266518056392669678e-02
8.128005266189575195e-01
3.725455105304718018e-01
1.661561727523803711e-01
1.064396500587463379e+00
1.547957658767700195e-01
1.122063994407653809e+00
9.678276628255844116e-02
8.179455995559692383e-01
4.210184216499328613e-01
1.678243428468704224e-01
1.055079698562622070e+00
1.545532792806625366e-01
1.076601505279541016e+00
9.385912865400314331e-02
8.432740569114685059e-01
4.231558740139007568e-01
1.747095137834548950e-01
1.110315799713134766e+00
1.529788523912429810e-01
1.167146086692810059e+00
9.825424849987030029e-02
8.400889635086059570e-01
4.470329284667968750e-01
1.858071386814117432e-01
1.079961776733398438e+00
1.666329205036163330e-01
1.075647950172424316e+00
9.386755526065826416e-02
8.580496907234191895e-01
4.270847737789154053e-01
1.881740391254425049e-01
1.023215293884277344e+00
1.467776000499725342e-01
1.017398715019226074e+00
9.357617795467376709e-02
8.413019776344299316e-01
4.058769643306732178e-01
1.862913519144058228e-01
1.021670937538146973e+00
1.388947665691375732e-01
1.006832718849182129e+00
9.203654527664184570e-02
8.539561033248901367e-01
3.864964842796325684e-01
1.787465512752532959e-01
1.083117246627807617e+00
1.402988284826278687e-01
1.082501888275146484e+00
8.987336605787277222e-02
8.472704887390136719e-01
3.917218744754791260e-01
1.865546256303787231e-01
1.142034888267517090e+00
1.477041542530059814e-01
1.115281581878662109e+00
1.054325327277183533e-01
8.404030799865722656e-01
3.817155063152313232e-01
1.942545771598815918e-01
1.176573038101196289e+00
1.607380360364913940e-01
1.157809972763061523e+00
9.471496194601058960e-02
8.444691896438598633e-01
4.090756475925445557e-01
1.973226666450500488e-01
1.118274211883544922e+00
1.667031496763229370e-01
1.162197232246398926e+00
9.613794088363647461e-02
8.390243053436279297e-01
4.130230545997619629e-01
2.004727870225906372e-01
1.203538417816162109e+00
1.498145908117294312e-01
1.169988393783569336e+00
9.253750741481781006e-02
8.271552324295043945e-01
3.937756717205047607e-01
2.020882368087768555e-01
1.151647329330444336e+00
1.486415565013885498e-01
1.128043889999389648e+00
9.280030429363250732e-02
8.753340840339660645e-01
3.466787934303283691e-01
2.019313126802444458e-01
1.109962463378906250e+00
1.556859761476516724e-01
1.103060960769653320e+00
9.536979347467422485e-02
8.857496380805969238e-01
3.405637741088867188e-01
2.016973942518234253e-01
1.123472094535827637e+00
1.585390716791152954e-01
1.124422311782836914e+00
9.648645669221878052e-02
8.668195605278015137e-01
3.154881000518798828e-01
1.978681832551956177e-01
1.182213783264160156e+00
1.545762419700622559e-01
1.193143486976623535e+00
9.914926439523696899e-02
9.004780054092407227e-01
3.056228160858154297e-01
1.973929405212402344e-01
1.254979252815246582e+00
1.495904922485351562e-01
1.245836496353149414e+00
9.768045693635940552e-02
8.654488325119018555e-01
3.119382858276367188e-01
1.940115690231323242e-01
1.298895478248596191e+00
1.551246196031570435e-01
1.320201873779296875e+00
1.012653633952140808e-01
8.674055933952331543e-01
3.130624294281005859e-01
1.905422657728195190e-01
1.210519194602966309e+00
1.542875319719314575e-01
1.261865019798278809e+00
1.011831983923912048e-01
8.898913860321044922e-01
2.788574695587158203e-01
2.021521776914596558e-01
1.232381939888000488e+00
1.458574086427688599e-01
1.171346545219421387e+00
9.723461419343948364e-02
8.521206974983215332e-01
2.856495380401611328e-01
2.089201211929321289e-01
1.101753830909729004e+00
1.514975130558013916e-01
1.129463553428649902e+00
9.716435521841049194e-02
8.969119787216186523e-01
3.228055536746978760e-01
2.070077061653137207e-01
1.043919682502746582e+00
1.530117839574813843e-01
9.769613146781921387e-01
1.023328900337219238e-01
9.249529838562011719e-01
2.866491377353668213e-01
2.140221893787384033e-01
9.275888800621032715e-01
1.634114533662796021e-01
9.028046131134033203e-01
1.067383140325546265e-01
8.799702525138854980e-01
3.181959688663482666e-01
2.124900370836257935e-01
1.046766161918640137e+00
1.528896987438201904e-01
1.030989170074462891e+00
1.058637052774429321e-01
9.078385233879089355e-01
3.111334443092346191e-01
2.026957571506500244e-01
1.136216521263122559e+00
1.586167216300964355e-01
1.173290133476257324e+00
1.027164906263351440e-01
8.770421147346496582e-01
3.529792428016662598e-01
2.073216736316680908e-01
1.115538954734802246e+00
1.559094935655593872e-01
1.151859521865844727e+00
1.020215153694152832e-01
9.036988615989685059e-01
3.342796862125396729e-01
2.129044830799102783e-01
1.068138837814331055e+00
1.561923325061798096e-01
1.104423165321350098e+00
1.026007533073425293e-01
8.661145567893981934e-01
3.261613845825195312e-01
2.037250250577926636e-01
1.091149449348449707e+00
1.490099728107452393e-01
1.116594433784484863e+00
1.042595133185386658e-01
8.527105450630187988e-01
3.009790182113647461e-01
2.096242159605026245e-01
1.072714090347290039e+00
1.513756364583969116e-01
1.048605203628540039e+00
1.033690571784973145e-01
8.877078294754028320e-01
2.732581496238708496e-01
2.065132856369018555e-01
1.034838557243347168e+00
1.525568217039108276e-01
1.012181282043457031e+00
1.043153405189514160e-01
8.785536885261535645e-01
3.105319142341613770e-01
2.044147998094558716e-01
1.064863681793212891e+00
1.475859731435775757e-01
1.052723288536071777e+00
1.018017828464508057e-01
8.996821641921997070e-01
2.950065732002258301e-01
1.967022269964218140e-01
1.146678209304809570e+00
1.540483683347702026e-01
1.153309941291809082e+00
1.026276201009750366e-01
9.183295369148254395e-01
2.846378087997436523e-01
1.923329681158065796e-01
1.269791007041931152e+00
1.557896882295608521e-01
1.250706434249877930e+00
1.095711365342140198e-01
9.206637144088745117e-01
2.788132131099700928e-01
1.898027807474136353e-01
1.299175024032592773e+00
1.577195376157760620e-01
1.296085357666015625e+00
1.050408035516738892e-01
9.562283754348754883e-01
2.638442814350128174e-01
1.912459433078765869e-01
1.255590081214904785e+00
1.658034473657608032e-01
1.244259476661682129e+00
1.047099232673645020e-01
8.588346838951110840e-01
3.239001333713531494e-01
1.918195486068725586e-01
1.205489754676818848e+00
1.665348410606384277e-01
1.177001595497131348e+00
1.034573912620544434e-01
8.521881103515625000e-01
3.159897029399871826e-01
1.969062238931655884e-01
1.132159590721130371e+00
1.546561270952224731e-01
1.097007989883422852e+00
1.020902469754219055e-01
8.786745667457580566e-01
3.176624476909637451e-01
1.977247446775436401e-01
1.086191296577453613e+00
1.610988378524780273e-01
1.063603043556213379e+00
1.039025187492370605e-01
8.628516197204589844e-01
3.586523532867431641e-01
1.979777961969375610e-01
1.051307201385498047e+00
1.637871563434600830e-01
1.042982220649719238e+00
1.016294509172439575e-01
8.476921916007995605e-01
3.533489704132080078e-01
1.927917301654815674e-01
1.023850798606872559e+00
1.632380783557891846e-01
1.008860230445861816e+00
1.023126319050788879e-01
8.249300718307495117e-01
3.478240370750427246e-01
1.926389038562774658e-01
1.059353113174438477e+00
1.582313627004623413e-01
1.044849157333374023e+00
1.035173162817955017e-01
8.196161985397338867e-01
3.633639216423034668e-01
1.891239732503890991e-01
9.620824456214904785e-01
1.730989515781402588e-01
9.646651744842529297e-01
1.075256541371345520e-01
8.153327107429504395e-01
3.597332537174224854e-01
1.953436583280563354e-01
8.561654090881347656e-01
1.685328781604766846e-01
8.630025982856750488e-01
1.064674034714698792e-01
8.211543560028076172e-01
3.787232339382171631e-01
2.014084756374359131e-01
6.851378679275512695e-01
1.754379421472549438e-01
7.591601610183715820e-01
1.050887703895568848e-01
8.356732130050659180e-01
3.889606893062591553e-01
2.095565348863601685e-01
7.181056737899780273e-01
1.681286245584487915e-01
6.554093360900878906e-01
1.039639115333557129e-01
8.372355699539184570e-01
3.779900968074798584e-01
2.045128047466278076e-01
6.275907158851623535e-01
1.791977882385253906e-01
6.408548951148986816e-01
1.068248078227043152e-01
8.442551493644714355e-01
3.665977120399475098e-01
2.091380506753921509e-01
6.115339398384094238e-01
1.738378554582595825e-01
5.651486515998840332e-01
1.104087680578231812e-01
8.428146839141845703e-01
3.630939722061157227e-01
2.085113227367401123e-01
5.734080076217651367e-01
1.635157763957977295e-01
5.359457135200500488e-01
1.171510443091392517e-01
8.552382588386535645e-01
3.547684550285339355e-01
2.171968519687652588e-01
5.100191831588745117e-01
1.714590787887573242e-01
4.856763184070587158e-01
1.027173995971679688e-01
8.174692988395690918e-01
3.706877231597900391e-01
2.211942225694656372e-01
4.992781579494476318e-01
1.718109846115112305e-01
4.776229262351989746e-01
1.083000078797340393e-01
8.235422968864440918e-01
3.589351177215576172e-01
2.169322073459625244e-01
4.803359508514404297e-01
1.722044944763183594e-01
4.626481235027313232e-01
1.089435666799545288e-01
8.191162943840026855e-01
3.885635137557983398e-01
2.225663363933563232e-01
4.752376079559326172e-01
1.651393622159957886e-01
4.604937136173248291e-01
1.097634658217430115e-01
8.285384178161621094e-01
3.684559464454650879e-01
2.237237244844436646e-01
4.812607467174530029e-01
1.717069298028945923e-01
4.643497467041015625e-01
1.095315366983413696e-01
8.529950380325317383e-01
3.771302998065948486e-01
2.266354262828826904e-01
4.874641895294189453e-01
1.666916161775588989e-01
4.688061177730560303e-01
1.044230088591575623e-01
8.434231281280517578e-01
3.450456261634826660e-01
2.212098389863967896e-01
4.835569858551025391e-01
1.552582681179046631e-01
4.666055440902709961e-01
1.041717380285263062e-01
8.261693120002746582e-01
3.468514382839202881e-01
2.228289544582366943e-01
4.930584430694580078e-01
1.580967605113983154e-01
4.703112244606018066e-01
1.026684418320655823e-01
8.568040132522583008e-01
3.275288939476013184e-01
2.264041155576705933e-01
4.930114746093750000e-01
1.631909906864166260e-01
4.718437194824218750e-01
1.109216064214706421e-01
8.439320325851440430e-01
3.160842359066009521e-01
2.254209965467453003e-01
4.923800528049468994e-01
1.631017178297042847e-01
4.666553735733032227e-01
1.045806556940078735e-01
8.576051592826843262e-01
3.695690035820007324e-01
2.172148972749710083e-01
4.882734715938568115e-01
1.630646139383316040e-01
4.635183215141296387e-01
1.047579348087310791e-01
8.623511791229248047e-01
3.384667634963989258e-01
2.253775298595428467e-01
4.882659018039703369e-01
1.627780944108963013e-01
4.660868942737579346e-01
1.054103970527648926e-01
8.737697601318359375e-01
3.831962347030639648e-01
2.233956009149551392e-01
4.973715841770172119e-01
1.645269095897674561e-01
4.749431014060974121e-01
1.043275445699691772e-01
9.073113799095153809e-01
4.083167910575866699e-01
2.275088578462600708e-01
4.970393776893615723e-01
1.643470525741577148e-01
4.790884256362915039e-01
1.068286672234535217e-01
8.999248743057250977e-01
3.926149606704711914e-01
2.242326736450195312e-01
4.975755810737609863e-01
1.645006090402603149e-01
4.805271029472351074e-01
1.033357679843902588e-01
8.983690142631530762e-01
4.129832088947296143e-01
2.211868613958358765e-01
4.913375377655029297e-01
1.644307821989059448e-01
4.788032174110412598e-01
1.065105274319648743e-01
9.414587616920471191e-01
4.209402203559875488e-01
2.214582115411758423e-01
4.919057190418243408e-01
1.630864143371582031e-01
4.809847474098205566e-01
1.072553917765617371e-01
9.699912071228027344e-01
4.463728070259094238e-01
2.203014940023422241e-01
4.845987856388092041e-01
1.636986434459686279e-01
4.746840000152587891e-01
1.066459491848945618e-01
9.954639673233032227e-01
4.496901333332061768e-01
2.254772633314132690e-01
4.933025836944580078e-01
1.545284390449523926e-01
4.781042337417602539e-01
1.083950176835060120e-01
1.017642021179199219e+00
4.626307189464569092e-01
2.202231287956237793e-01
4.897617101669311523e-01
1.584069579839706421e-01
4.758811593055725098e-01
1.079675480723381042e-01
1.060015916824340820e+00
4.366057813167572021e-01
2.172627747058868408e-01
5.097941160202026367e-01
1.531541645526885986e-01
4.918490350246429443e-01
1.131283566355705261e-01
1.021935820579528809e+00
4.237465560436248779e-01
2.172791361808776855e-01
5.582044720649719238e-01
1.499844342470169067e-01
5.383742451667785645e-01
1.094688028097152710e-01
1.022269606590270996e+00
4.159707427024841309e-01
2.144684791564941406e-01
5.668756365776062012e-01
1.511464864015579224e-01
5.686708092689514160e-01
1.091652810573577881e-01
1.051885843276977539e+00
4.525012075901031494e-01
2.133954614400863647e-01
5.714060068130493164e-01
1.545469313859939575e-01
5.625047087669372559e-01
1.091482490301132202e-01
1.017218232154846191e+00
4.445094466209411621e-01
2.127216011285781860e-01
5.588155388832092285e-01
1.490102261304855347e-01
5.655726194381713867e-01
1.045071482658386230e-01
1.018936753273010254e+00
4.389550387859344482e-01
2.142871171236038208e-01
5.687692165374755859e-01
1.508777886629104614e-01
5.624421238899230957e-01
1.082374826073646545e-01
1.014275074005126953e+00
4.458773434162139893e-01
2.192043364048004150e-01
5.855782628059387207e-01
1.558576524257659912e-01
5.824530720710754395e-01
1.078642681241035461e-01
1.062864780426025391e+00
4.184512495994567871e-01
2.180097252130508423e-01
5.746236443519592285e-01
1.535903215408325195e-01
5.686625242233276367e-01
1.128708943724632263e-01
1.016831040382385254e+00
4.612478613853454590e-01
2.186161726713180542e-01
5.809868574142456055e-01
1.539887338876724243e-01
5.748011469841003418e-01
1.156251579523086548e-01
1.035052537918090820e+00
4.822366833686828613e-01
2.185202986001968384e-01
5.939100980758666992e-01
1.562145501375198364e-01
5.883288979530334473e-01
1.101430132985115051e-01
1.023987412452697754e+00
4.297371506690979004e-01
2.249277681112289429e-01
5.923324823379516602e-01
1.521937102079391479e-01
5.939484834671020508e-01
1.079418063163757324e-01
1.070758461952209473e+00
4.789722859859466553e-01
2.255937755107879639e-01
6.053783893585205078e-01
1.553419828414916992e-01
6.016764640808105469e-01
1.146529391407966614e-01
1.071173906326293945e+00
4.352908730506896973e-01
2.291786372661590576e-01
6.007326245307922363e-01
1.597146242856979370e-01
5.983801484107971191e-01
1.170680746436119080e-01
1.031517028808593750e+00
4.579617083072662354e-01
2.323134094476699829e-01
5.953541398048400879e-01
1.604403257369995117e-01
5.909550189971923828e-01
1.166245341300964355e-01
1.002278447151184082e+00
4.291368126869201660e-01
2.328362166881561279e-01
5.921242833137512207e-01
1.672402620315551758e-01
5.831694602966308594e-01
1.090794280171394348e-01
9.638352394104003906e-01
3.652525842189788818e-01
2.342147380113601685e-01
5.835223197937011719e-01
1.675247251987457275e-01
5.730205774307250977e-01
1.129523143172264099e-01
9.304804205894470215e-01
3.280951678752899170e-01
2.303777933120727539e-01
5.954626798629760742e-01
1.620936393737792969e-01
5.786362290382385254e-01
1.091431081295013428e-01
9.144983887672424316e-01
2.875720560550689697e-01
2.413384169340133667e-01
6.058514118194580078e-01
1.662105321884155273e-01
5.856690406799316406e-01
1.082661971449851990e-01
8.996403217315673828e-01
2.544598281383514404e-01
2.439954578876495361e-01
6.086757183074951172e-01
1.615751087665557861e-01
5.896543264389038086e-01
1.103615537285804749e-01
8.972783684730529785e-01
2.325351834297180176e-01
2.412652075290679932e-01
5.990494489669799805e-01
1.641903221607208252e-01
5.789545178413391113e-01
1.079439297318458557e-01
9.082599878311157227e-01
2.558782100677490234e-01
2.375454604625701904e-01
6.010178327560424805e-01
1.605941951274871826e-01
5.842845439910888672e-01
1.057085543870925903e-01
8.644804954528808594e-01
3.132138252258300781e-01
2.371093928813934326e-01
6.058539152145385742e-01
1.641634702682495117e-01
5.840646028518676758e-01
1.076775491237640381e-01
8.944215178489685059e-01
3.027381002902984619e-01
2.317571938037872314e-01
6.017803549766540527e-01
1.626025140285491943e-01
5.808142423629760742e-01
1.100296974182128906e-01
8.337057232856750488e-01
2.752839624881744385e-01
2.223621308803558350e-01
5.928563475608825684e-01
1.638081669807434082e-01
5.786046981811523438e-01
1.092233210802078247e-01
8.176743388175964355e-01
2.801973521709442139e-01
2.238181382417678833e-01
6.307417750358581543e-01
1.621648520231246948e-01
6.152051091194152832e-01
1.157039701938629150e-01
8.931040763854980469e-01
2.871040999889373779e-01
2.281372845172882080e-01
6.617279052734375000e-01
1.619903445243835449e-01
6.550977826118469238e-01
1.081760302186012268e-01
8.630669116973876953e-01
2.885635793209075928e-01
2.224644720554351807e-01
6.580749750137329102e-01
1.580146551132202148e-01
6.606994867324829102e-01
1.057687699794769287e-01
8.350808024406433105e-01
3.080088198184967041e-01
2.158678621053695679e-01
6.792850494384765625e-01
1.612871140241622925e-01
6.760151386260986328e-01
1.057148650288581848e-01
8.378606438636779785e-01
2.934726476669311523e-01
2.090594917535781860e-01
7.100573778152465820e-01
1.624042391777038574e-01
7.185782194137573242e-01
1.081798672676086426e-01
7.631797790527343750e-01
3.183392286300659180e-01
2.145477682352066040e-01
7.244257926940917969e-01
1.638977080583572388e-01
7.361329197883605957e-01
1.122763156890869141e-01
7.780950665473937988e-01
3.477350771427154541e-01
2.042142301797866821e-01
7.408064603805541992e-01
1.649316102266311646e-01
7.550279498100280762e-01
1.168768256902694702e-01
7.796632647514343262e-01
3.302568793296813965e-01
2.062443792819976807e-01
7.374718785285949707e-01
1.632902473211288452e-01
7.480576038360595703e-01
1.137515380978584290e-01
7.611228227615356445e-01
2.802004218101501465e-01
1.951173543930053711e-01
7.438394427299499512e-01
1.641980707645416260e-01
7.598557472229003906e-01
1.173279434442520142e-01
8.123238086700439453e-01
2.684547901153564453e-01
1.608717590570449829e-01
7.580834627151489258e-01
1.627012193202972412e-01
7.765326499938964844e-01
1.150826513767242432e-01
7.934373021125793457e-01
3.095675110816955566e-01
1.710605174303054810e-01
7.577099800109863281e-01
1.590479612350463867e-01
7.771403193473815918e-01
1.132730990648269653e-01
7.774240374565124512e-01
2.958208620548248291e-01
1.682830601930618286e-01
7.677449584007263184e-01
1.644113361835479736e-01
7.769486308097839355e-01
1.164328679442405701e-01
8.074544072151184082e-01
2.937913239002227783e-01
1.682444959878921509e-01
7.723657488822937012e-01
1.672571897506713867e-01
7.818575501441955566e-01
1.161415427923202515e-01
8.083523511886596680e-01
2.694020867347717285e-01
1.832102090120315552e-01
7.628628015518188477e-01
1.647780835628509521e-01
7.673367857933044434e-01
1.161293089389801025e-01
8.244699835777282715e-01
2.492328137159347534e-01
1.852263212203979492e-01
7.676351666450500488e-01
1.792822182178497314e-01
7.703229188919067383e-01
1.165309548377990723e-01
8.425747156143188477e-01
2.102094441652297974e-01
1.931308507919311523e-01
7.684594392776489258e-01
1.788484454154968262e-01
7.758428454399108887e-01
1.238371953368186951e-01
8.679858446121215820e-01
1.913608163595199585e-01
1.977788656949996948e-01
7.724226117134094238e-01
1.734376102685928345e-01
7.793159484863281250e-01
1.213892996311187744e-01
9.073371887207031250e-01
1.823780834674835205e-01
1.976516395807266235e-01
7.841438055038452148e-01
1.763024628162384033e-01
7.903778553009033203e-01
1.248971521854400635e-01
9.329780340194702148e-01
1.676056683063507080e-01
1.998522430658340454e-01
7.834281921386718750e-01
1.776668727397918701e-01
7.933184504508972168e-01
1.244156956672668457e-01
9.691405296325683594e-01
1.681399345397949219e-01
1.884533464908599854e-01
7.774676084518432617e-01
1.797315627336502075e-01
7.844292521476745605e-01
1.224585697054862976e-01
9.146548509597778320e-01
1.761747747659683228e-01
1.928217709064483643e-01
7.825863361358642578e-01
1.742082387208938599e-01
7.917752265930175781e-01
1.200597658753395081e-01
8.638650774955749512e-01
2.017998993396759033e-01
1.843988299369812012e-01
7.628486156463623047e-01
1.750768274068832397e-01
7.708658576011657715e-01
1.249981597065925598e-01
8.682084679603576660e-01
2.101818919181823730e-01
1.824723780155181885e-01
7.644575834274291992e-01
1.812522262334823608e-01
7.877128124237060547e-01
1.234764829277992249e-01
7.989234924316406250e-01
2.217377871274948120e-01
1.864922195672988892e-01
7.768823504447937012e-01
1.859398186206817627e-01
7.922492027282714844e-01
1.256849914789199829e-01
7.847384214401245117e-01
2.581970095634460449e-01
1.854229867458343506e-01
7.999454736709594727e-01
1.812419444322586060e-01
8.096104860305786133e-01
1.304945051670074463e-01
7.964155077934265137e-01
2.404779195785522461e-01
1.977833807468414307e-01
8.322445154190063477e-01
1.786712557077407837e-01
8.398297429084777832e-01
1.314500868320465088e-01
8.004550933837890625e-01
2.831658720970153809e-01
2.038609236478805542e-01
8.579722046852111816e-01
1.799112707376480103e-01
8.763936161994934082e-01
1.290677785873413086e-01
7.628931403160095215e-01
2.646796703338623047e-01
2.087078839540481567e-01
8.941798210144042969e-01
1.815326511859893799e-01
9.045907855033874512e-01
1.327451467514038086e-01
7.886320948600769043e-01
2.690223157405853271e-01
2.138534784317016602e-01
1.053919315338134766e+00
1.762709319591522217e-01
1.047284126281738281e+00
1.239463910460472107e-01
7.551045417785644531e-01
2.741187512874603271e-01
2.085602432489395142e-01
1.124767065048217773e+00
1.780289858579635620e-01
1.114081978797912598e+00
1.259496361017227173e-01
7.528831958770751953e-01
2.939119338989257812e-01
2.091585397720336914e-01
1.153368711471557617e+00
1.797205656766891479e-01
1.143407583236694336e+00
1.315773874521255493e-01
7.826254963874816895e-01
3.102160692214965820e-01
2.153207659721374512e-01
1.035933732986450195e+00
1.934875100851058960e-01
1.019167423248291016e+00
1.417789310216903687e-01
7.834957838058471680e-01
2.273440062999725342e-01
2.093866616487503052e-01
9.729053974151611328e-01
1.983646154403686523e-01
9.631309509277343750e-01
1.400746703147888184e-01
7.945469617843627930e-01
2.350898534059524536e-01
2.177145332098007202e-01
9.723272919654846191e-01
1.973025500774383545e-01
9.787533879280090332e-01
1.316941082477569580e-01
7.849162817001342773e-01
2.249683141708374023e-01
2.202409058809280396e-01
9.805771708488464355e-01
1.868819296360015869e-01
9.852200746536254883e-01
1.361685544252395630e-01
7.565436363220214844e-01
2.348958402872085571e-01
2.203530520200729370e-01
9.881510138511657715e-01
1.925435960292816162e-01
9.853319525718688965e-01
1.420727521181106567e-01
7.848883867263793945e-01
2.388572990894317627e-01
2.281866818666458130e-01
1.007609724998474121e+00
2.096054404973983765e-01
1.010446667671203613e+00
1.761818081140518188e-01
7.456963658332824707e-01
2.507576346397399902e-01
2.243017852306365967e-01
9.905064702033996582e-01
1.964891552925109863e-01
9.978223443031311035e-01
1.473103612661361694e-01
7.498568892478942871e-01
2.470209896564483643e-01
2.165461927652359009e-01
9.997161626815795898e-01
2.039147764444351196e-01
1.003093719482421875e+00
1.515177786350250244e-01
7.717812061309814453e-01
2.277056425809860229e-01
2.238476574420928955e-01
1.001877784729003906e+00
2.169429957866668701e-01
1.002906322479248047e+00
1.527501493692398071e-01
7.824929356575012207e-01
2.310126125812530518e-01
2.248608767986297607e-01
1.009049415588378906e+00
2.094375044107437134e-01
1.002097725868225098e+00
1.453321725130081177e-01
8.254541754722595215e-01
2.155326455831527710e-01
2.257135510444641113e-01
1.009039521217346191e+00
2.091779708862304688e-01
9.955587983131408691e-01
1.414284408092498779e-01
8.336144685745239258e-01
2.007845938205718994e-01
2.225517779588699341e-01
9.964811205863952637e-01
2.057613581418991089e-01
9.874554872512817383e-01
1.443385779857635498e-01
8.315438032150268555e-01
1.831077635288238525e-01
2.080730497837066650e-01
9.803398847579956055e-01
2.086571007966995239e-01
9.772475361824035645e-01
1.388752609491348267e-01
8.454738855361938477e-01
1.862824112176895142e-01
2.241447269916534424e-01
9.937986731529235840e-01
2.091460525989532471e-01
9.879584312438964844e-01
1.352137625217437744e-01
8.362660408020019531e-01
1.875146180391311646e-01
1.979226768016815186e-01
9.924902319908142090e-01
2.048458158969879150e-01
9.868401885032653809e-01
1.414834558963775635e-01
8.360371589660644531e-01
1.892035752534866333e-01
1.760491132736206055e-01
9.793548583984375000e-01
2.135952562093734741e-01
9.756121635437011719e-01
1.442619562149047852e-01
7.889215350151062012e-01
1.911509782075881958e-01
1.731548011302947998e-01
9.954034686088562012e-01
2.045574635267257690e-01
9.947240948677062988e-01
1.393868476152420044e-01
7.401821017265319824e-01
2.217020690441131592e-01
1.873327940702438354e-01
1.000934123992919922e+00
2.005915641784667969e-01
9.920743107795715332e-01
1.399297565221786499e-01
8.115304112434387207e-01
1.980039030313491821e-01
1.710582822561264038e-01
1.021108269691467285e+00
1.954625695943832397e-01
1.021902680397033691e+00
1.393813788890838623e-01
7.502892613410949707e-01
2.235410809516906738e-01
1.698989123106002808e-01
1.037590861320495605e+00
1.935361623764038086e-01
1.027289032936096191e+00
1.308400183916091919e-01
7.435345649719238281e-01
2.224843651056289673e-01
1.727242767810821533e-01
1.042393207550048828e+00
2.102443128824234009e-01
1.047222137451171875e+00
1.425677388906478882e-01
7.533690333366394043e-01
2.255061417818069458e-01
1.698231101036071777e-01
1.047365903854370117e+00
2.002463787794113159e-01
1.063609004020690918e+00
1.312783509492874146e-01
7.275177240371704102e-01
2.161813229322433472e-01
1.705734729766845703e-01
1.052823543548583984e+00
1.909210085868835449e-01
1.057539463043212891e+00
1.269536763429641724e-01
7.413125038146972656e-01
2.128664255142211914e-01
1.695741862058639526e-01
1.064626455307006836e+00
2.008776962757110596e-01
1.078209519386291504e+00
1.356651186943054199e-01
7.308346629142761230e-01
2.390555441379547119e-01
1.595612466335296631e-01
1.071080565452575684e+00
2.068768888711929321e-01
1.083253264427185059e+00
1.362630575895309448e-01
7.053305506706237793e-01
2.352004945278167725e-01
1.559458673000335693e-01
1.064042091369628906e+00
2.011347711086273193e-01
1.088433027267456055e+00
1.352868378162384033e-01
6.848562359809875488e-01
2.366922497749328613e-01
1.590066105127334595e-01
1.083448886871337891e+00
1.998032182455062866e-01
1.104572653770446777e+00
1.332912147045135498e-01
6.806533336639404297e-01
2.370195388793945312e-01
1.340156793594360352e-01
1.096155405044555664e+00
1.950211971998214722e-01
1.119125962257385254e+00
1.316178441047668457e-01
6.620501279830932617e-01
2.424823194742202759e-01
1.387527585029602051e-01
1.088677406311035156e+00
1.944388896226882935e-01
1.106075644493103027e+00
1.365530192852020264e-01
6.617591381072998047e-01
2.225314080715179443e-01
1.333915889263153076e-01
1.090222597122192383e+00
1.903385668992996216e-01
1.103639006614685059e+00
1.315700560808181763e-01
6.503638625144958496e-01
2.371326237916946411e-01
1.205024346709251404e-01
1.069916129112243652e+00
1.954307258129119873e-01
1.084621071815490723e+00
1.298197358846664429e-01
6.418346166610717773e-01
2.670311331748962402e-01
1.272871792316436768e-01
1.074372291564941406e+00
2.027258574962615967e-01
1.091870427131652832e+00
1.296117603778839111e-01
6.211267113685607910e-01
2.372413426637649536e-01
1.243780031800270081e-01
1.075938701629638672e+00
2.027000188827514648e-01
1.088572740554809570e+00
1.332249641418457031e-01
5.884224772453308105e-01
2.755530774593353271e-01
1.124391555786132812e-01
1.090953469276428223e+00
2.047876566648483276e-01
1.102133631706237793e+00
1.293190568685531616e-01
6.201439499855041504e-01
2.670610249042510986e-01
1.086209192872047424e-01
1.092571496963500977e+00
2.092091292142868042e-01
1.105928897857666016e+00
1.277857571840286255e-01
6.072211265563964844e-01
2.677704095840454102e-01
1.154299676418304443e-01
1.098373055458068848e+00
1.956105977296829224e-01
1.118331193923950195e+00
1.298938989639282227e-01
5.963932275772094727e-01
2.893975973129272461e-01
1.023701578378677368e-01
1.093500018119812012e+00
1.964370906352996826e-01
1.114338278770446777e+00
1.303338408470153809e-01
5.820710062980651855e-01
2.848089635372161865e-01
1.067795604467391968e-01
1.094516634941101074e+00
1.994458585977554321e-01
1.112694621086120605e+00
1.281069964170455933e-01
5.704811215400695801e-01
2.665073275566101074e-01
8.892974257469177246e-02
1.069096207618713379e+00
1.966518610715866089e-01
1.095622062683105469e+00
1.299947053194046021e-01
5.603464245796203613e-01
2.632196843624114990e-01
8.709274232387542725e-02
1.078854799270629883e+00
2.028961181640625000e-01
1.096046924591064453e+00
1.360349506139755249e-01
5.414426922798156738e-01
2.649368643760681152e-01
7.594763487577438354e-02
1.078373670578002930e+00
1.961065977811813354e-01
1.089480400085449219e+00
1.288093328475952148e-01
5.362620949745178223e-01
2.388780862092971802e-01
7.154820859432220459e-02
1.081166386604309082e+00
1.984048783779144287e-01
1.093985080718994141e+00
1.282919943332672119e-01
5.647866129875183105e-01
2.316181063652038574e-01
5.400585010647773743e-02
1.090825438499450684e+00
1.968257725238800049e-01
1.108087778091430664e+00
1.280386149883270264e-01
5.758275389671325684e-01
2.184231430292129517e-01
6.175886467099189758e-02
1.139226675033569336e+00
1.965287923812866211e-01
1.138563513755798340e+00
1.267143338918685913e-01
5.626391172409057617e-01
2.341265678405761719e-01
6.327977776527404785e-02
1.161854028701782227e+00
2.017181217670440674e-01
1.168161749839782715e+00
1.264515817165374756e-01
5.697695016860961914e-01
2.237865775823593140e-01
6.269751489162445068e-02
1.188863277435302734e+00
2.004465758800506592e-01
1.193469405174255371e+00
1.305784434080123901e-01
5.463389158248901367e-01
2.709020078182220459e-01
6.209715083241462708e-02
1.166617393493652344e+00
1.977035850286483765e-01
1.181140184402465820e+00
1.240635365247726440e-01
5.279002785682678223e-01
2.266105413436889648e-01
6.051528453826904297e-02
1.177515029907226562e+00
2.043235898017883301e-01
1.185077786445617676e+00
1.302925050258636475e-01
5.509271025657653809e-01
3.133858144283294678e-01
5.216188728809356689e-02
1.169442415237426758e+00
2.263472825288772583e-01
1.180573463439941406e+00
1.310179233551025391e-01
5.575599670410156250e-01
2.740147411823272705e-01
4.628669098019599915e-02
1.168111562728881836e+00
2.057783007621765137e-01
1.170637369155883789e+00
1.309236139059066772e-01
5.684775114059448242e-01
2.653264701366424561e-01
4.834862053394317627e-02
1.188496589660644531e+00
2.067593187093734741e-01
1.202958583831787109e+00
1.313630342483520508e-01
5.631998181343078613e-01
2.551764547824859619e-01
4.668156430125236511e-02
1.217019200325012207e+00
2.032012641429901123e-01
1.224207282066345215e+00
1.272525489330291748e-01
5.445498228073120117e-01
2.691651582717895508e-01
4.895593598484992981e-02
1.210554242134094238e+00
1.978272050619125366e-01
1.203532934188842773e+00
1.308426558971405029e-01
5.658437609672546387e-01
2.576377391815185547e-01
4.216468334197998047e-02
1.221138477325439453e+00
1.940388977527618408e-01
1.222039937973022461e+00
1.449943780899047852e-01
5.605883598327636719e-01
2.705247402191162109e-01
3.813443332910537720e-02
1.198949217796325684e+00
2.041818946599960327e-01
1.210043191909790039e+00
1.288599520921707153e-01
5.626333355903625488e-01
3.007324337959289551e-01
3.825312107801437378e-02
1.203192591667175293e+00
2.198289632797241211e-01
1.209764719009399414e+00
1.312795281410217285e-01
5.585983991622924805e-01
2.804143130779266357e-01
4.362852498888969421e-02
1.196495652198791504e+00
2.206615209579467773e-01
1.190566539764404297e+00
1.294942796230316162e-01
6.486705541610717773e-01
3.126064538955688477e-01
4.340212419629096985e-02
1.182232260704040527e+00
2.222764343023300171e-01
1.182672023773193359e+00
1.317331492900848389e-01
6.825302839279174805e-01
3.324567377567291260e-01
4.136281460523605347e-02
1.206160902976989746e+00
2.097366452217102051e-01
1.216110467910766602e+00
1.304520815610885620e-01
6.971845030784606934e-01
3.145535886287689209e-01
4.118250682950019836e-02
1.214986801147460938e+00
2.109246551990509033e-01
1.214449524879455566e+00
1.336980611085891724e-01
7.563746571540832520e-01
3.267219662666320801e-01
4.174650460481643677e-02
1.204617857933044434e+00
2.187438309192657471e-01
1.194390058517456055e+00
1.379805803298950195e-01
7.777290344238281250e-01
3.378600478172302246e-01
4.215473681688308716e-02
1.210934638977050781e+00
2.248160988092422485e-01
1.203255653381347656e+00
1.357589066028594971e-01
8.030272126197814941e-01
3.451461493968963623e-01
4.309066757559776306e-02
1.205366253852844238e+00
2.092613428831100464e-01
1.207976341247558594e+00
1.324604302644729614e-01
8.000070452690124512e-01
3.658899366855621338e-01
4.192104190587997437e-02
1.220673561096191406e+00
2.202944755554199219e-01
1.207350730895996094e+00
1.380226612091064453e-01
8.347254991531372070e-01
3.350636065006256104e-01
4.251068830490112305e-02
1.228210568428039551e+00
2.183915972709655762e-01
1.215427517890930176e+00
1.416414529085159302e-01
7.617213129997253418e-01
3.035084307193756104e-01
4.283854365348815918e-02
1.228420853614807129e+00
2.181473225355148315e-01
1.221662878990173340e+00
1.365068107843399048e-01
7.863721251487731934e-01
2.948873937129974365e-01
4.363453388214111328e-02
1.276175260543823242e+00
2.125532478094100952e-01
1.277476906776428223e+00
1.391105204820632935e-01
8.268138170242309570e-01
2.930416762828826904e-01
4.823218658566474915e-02
1.363406896591186523e+00
2.116117924451828003e-01
1.341215610504150391e+00
1.387081444263458252e-01
8.474246263504028320e-01
2.580718398094177246e-01
4.513556882739067078e-02
1.401857972145080566e+00
2.203826904296875000e-01
1.374981164932250977e+00
1.372244507074356079e-01
8.466700315475463867e-01
2.466348856687545776e-01
4.784697666764259338e-02
1.445406556129455566e+00
2.181519567966461182e-01
1.405010461807250977e+00
1.382844150066375732e-01
8.562483787536621094e-01
2.498839944601058960e-01
5.064453929662704468e-02
1.426789283752441406e+00
2.106558084487915039e-01
1.400626063346862793e+00
1.357863247394561768e-01
8.540032505989074707e-01
2.463543713092803955e-01
5.088635161519050598e-02
1.436651825904846191e+00
2.186684310436248779e-01
1.406432628631591797e+00
1.417717039585113525e-01
8.544901609420776367e-01
2.854339182376861572e-01
5.454697087407112122e-02
1.436404943466186523e+00
2.542617321014404297e-01
1.399857640266418457e+00
1.492106765508651733e-01
8.631055951118469238e-01
2.649889588356018066e-01
5.481585860252380371e-02
1.418577790260314941e+00
2.330370396375656128e-01
1.382418990135192871e+00
1.458061039447784424e-01
8.686687946319580078e-01
2.582597434520721436e-01
5.490676686167716980e-02
1.430534124374389648e+00
2.296432703733444214e-01
1.407025456428527832e+00
1.475598663091659546e-01
9.046273231506347656e-01
2.620632946491241455e-01
5.887063220143318176e-02
1.455329656600952148e+00
2.337052077054977417e-01
1.433211445808410645e+00
1.461649835109710693e-01
8.587002754211425781e-01
2.129074484109878540e-01
5.746436119079589844e-02
1.448379755020141602e+00
2.405839264392852783e-01
1.388844609260559082e+00
1.517306715250015259e-01
8.765218853950500488e-01
1.988309025764465332e-01
5.772413685917854309e-02
1.444362998008728027e+00
2.199022173881530762e-01
1.407587289810180664e+00
1.417747735977172852e-01
8.258389234542846680e-01
1.917688995599746704e-01
5.415005981922149658e-02
1.376377701759338379e+00
2.211612015962600708e-01
1.363694190979003906e+00
1.400163918733596802e-01
7.728444337844848633e-01
1.803589314222335815e-01
5.391784384846687317e-02
1.383157849311828613e+00
2.274242639541625977e-01
1.363777756690979004e+00
1.444807350635528564e-01
7.421962022781372070e-01
1.845785528421401978e-01
5.297396704554557800e-02
1.361305475234985352e+00
2.315212935209274292e-01
1.345871925354003906e+00
1.440534144639968872e-01
6.470178961753845215e-01
1.440214365720748901e-01
5.638199672102928162e-02
1.354431986808776855e+00
2.242224365472793579e-01
1.351982712745666504e+00
1.443704962730407715e-01
6.330948472023010254e-01
1.395224928855895996e-01
5.727820098400115967e-02
1.385518789291381836e+00
2.160565704107284546e-01
1.389972925186157227e+00
1.443416774272918701e-01
5.724717378616333008e-01
1.172444671392440796e-01
6.205414980649948120e-02
1.390902519226074219e+00
2.195338755846023560e-01
1.405146121978759766e+00
1.439524888992309570e-01
5.598670244216918945e-01
1.141710653901100159e-01
6.384999305009841919e-02
1.353537917137145996e+00
2.116741836071014404e-01
1.366560459136962891e+00
1.465018093585968018e-01
5.482922792434692383e-01
1.107990592718124390e-01
6.368837505578994751e-02
1.372767448425292969e+00
2.114258259534835815e-01
1.390264272689819336e+00
1.459427177906036377e-01
5.818964838981628418e-01
1.241021603345870972e-01
6.674493849277496338e-02
1.346404314041137695e+00
2.087446451187133789e-01
1.358254432678222656e+00
1.475860476493835449e-01
6.067227721214294434e-01
1.351855993270874023e-01
6.492605805397033691e-02
1.369659185409545898e+00
2.141915261745452881e-01
1.399952292442321777e+00
1.512106060981750488e-01
5.829731822013854980e-01
1.146346032619476318e-01
6.596493721008300781e-02
1.415045022964477539e+00
2.209260165691375732e-01
1.438738703727722168e+00
1.549479216337203979e-01
5.958704948425292969e-01
1.187331303954124451e-01
6.616270542144775391e-02
1.488252282142639160e+00
2.164041846990585327e-01
1.542328238487243652e+00
1.566621661186218262e-01
6.048069000244140625e-01
1.126708090305328369e-01
6.727075576782226562e-02
1.581944227218627930e+00
2.210683375597000122e-01
1.592052698135375977e+00
1.610274016857147217e-01
6.036468744277954102e-01
1.158741414546966553e-01
6.358009576797485352e-02
1.600988984107971191e+00
2.213870435953140259e-01
1.719016790390014648e+00
1.617089509963989258e-01
6.341059803962707520e-01
1.125166565179824829e-01
6.895249336957931519e-02
1.590132951736450195e+00
2.208365201950073242e-01
1.665865182876586914e+00
1.532658189535140991e-01
6.043242216110229492e-01
1.103040352463722229e-01
7.009360194206237793e-02
1.680815339088439941e+00
2.192161381244659424e-01
1.737591385841369629e+00
1.497714221477508545e-01
6.397809386253356934e-01
1.200771331787109375e-01
6.589508056640625000e-02
1.749759435653686523e+00
2.099439501762390137e-01
1.855622053146362305e+00
1.494959592819213867e-01
6.258332133293151855e-01
1.136709973216056824e-01
7.572785019874572754e-02
1.831032514572143555e+00
2.184483706951141357e-01
1.932951807975769043e+00
1.542771011590957642e-01
6.407586336135864258e-01
1.348612606525421143e-01
7.856085151433944702e-02
1.858576655387878418e+00
2.313303649425506592e-01
1.972698569297790527e+00
1.675742864608764648e-01
6.354609727859497070e-01
1.235351786017417908e-01
7.834645360708236694e-02
1.888837933540344238e+00
2.252998799085617065e-01
2.001310348510742188e+00
1.593313068151473999e-01
6.823369860649108887e-01
1.455266624689102173e-01
8.074025809764862061e-02
1.922055721282958984e+00
2.271036654710769653e-01
2.015449047088623047e+00
1.664344519376754761e-01
6.907599568367004395e-01
1.215820759534835815e-01
7.911740988492965698e-02
1.911085724830627441e+00
2.284196615219116211e-01
2.016489744186401367e+00
1.644093692302703857e-01
6.543433666229248047e-01
9.610253572463989258e-02
7.720457017421722412e-02
1.940694332122802734e+00
2.263530492782592773e-01
2.018816232681274414e+00
1.713390499353408813e-01
6.923041343688964844e-01
9.828325361013412476e-02
7.865264266729354858e-02
1.964616298675537109e+00
2.050307393074035645e-01
2.033617496490478516e+00
1.542099565267562866e-01
7.109484672546386719e-01
1.274902075529098511e-01
8.349061012268066406e-02
1.935276627540588379e+00
2.036542892456054688e-01
2.017438650131225586e+00
1.400583088397979736e-01
6.559267640113830566e-01
1.240082010626792908e-01
8.441711962223052979e-02
1.904765844345092773e+00
2.052311450242996216e-01
1.996209144592285156e+00
1.370905488729476929e-01
6.182333827018737793e-01
1.139305979013442993e-01
8.733483403921127319e-02
1.893264174461364746e+00
2.056052833795547485e-01
2.003364324569702148e+00
1.450393348932266235e-01
5.402265191078186035e-01
8.897114545106887817e-02
8.974772691726684570e-02
1.907487750053405762e+00
2.057411372661590576e-01
2.015256404876708984e+00
1.411403864622116089e-01
5.327170491218566895e-01
9.741132706403732300e-02
9.100748598575592041e-02
1.914789795875549316e+00
2.098914980888366699e-01
2.027103185653686523e+00
1.479788571596145630e-01
4.696310460567474365e-01
8.990541845560073853e-02
9.893442690372467041e-02
1.914556741714477539e+00
2.072457820177078247e-01
2.050624370574951172e+00
1.444229781627655029e-01
4.500351846218109131e-01
7.750280946493148804e-02
1.013800278306007385e-01
1.931317806243896484e+00
2.029374390840530396e-01
2.043923854827880859e+00
1.413722932338714600e-01
4.808613955974578857e-01
5.864452198147773743e-02
1.033000051975250244e-01
1.946184396743774414e+00
2.028432637453079224e-01
2.030119419097900391e+00
1.412611156702041626e-01
4.911704361438751221e-01
7.852633297443389893e-02
1.099611222743988037e-01
1.911556482315063477e+00
2.021140158176422119e-01
2.038438796997070312e+00
1.449526995420455933e-01
5.224099159240722656e-01
9.985169768333435059e-02
1.143380552530288696e-01
1.919999122619628906e+00
2.026231586933135986e-01
2.039402246475219727e+00
1.443111449480056763e-01
5.583317279815673828e-01
1.013871133327484131e-01
1.182015389204025269e-01
1.961064100265502930e+00
2.056270837783813477e-01
2.063533306121826172e+00
1.475709676742553711e-01
5.726742744445800781e-01
9.756980836391448975e-02
1.242520436644554138e-01
1.966591238975524902e+00
2.093841433525085449e-01
2.070864677429199219e+00
1.516503989696502686e-01
5.975810289382934570e-01
9.839747846126556396e-02
1.395018398761749268e-01
2.008823394775390625e+00
2.103848755359649658e-01
2.114423036575317383e+00
1.528855562210083008e-01
6.061383485794067383e-01
8.898290991783142090e-02
1.407697349786758423e-01
2.062587022781372070e+00
2.099052220582962036e-01
2.131603002548217773e+00
1.574117839336395264e-01
6.589894890785217285e-01
9.727963805198669434e-02
1.473083794116973877e-01
2.107563495635986328e+00
2.044119089841842651e-01
2.180955886840820312e+00
1.467088460922241211e-01
6.522393822669982910e-01
9.162308275699615479e-02
1.544685512781143188e-01
2.135322570800781250e+00
2.047098875045776367e-01
2.225754976272583008e+00
1.458387523889541626e-01
6.650611162185668945e-01
9.628254920244216919e-02
1.641011536121368408e-01
2.198669910430908203e+00
2.058982551097869873e-01
2.235726118087768555e+00
1.502407640218734741e-01
6.509033441543579102e-01
9.848982095718383789e-02
1.882124692201614380e-01
2.211236238479614258e+00
2.128685563802719116e-01
2.265503406524658203e+00
1.561264544725418091e-01
7.122629284858703613e-01
9.695802628993988037e-02
1.939103752374649048e-01
2.233830451965332031e+00
2.175410091876983643e-01
2.278237819671630859e+00
1.567165255546569824e-01
7.057571411132812500e-01
1.034172847867012024e-01
1.805441528558731079e-01
2.200231075286865234e+00
2.028149813413619995e-01
2.253132343292236328e+00
1.559714525938034058e-01
7.265486717224121094e-01
7.664467394351959229e-02
1.754730939865112305e-01
2.198205232620239258e+00
2.067103683948516846e-01
2.254650354385375977e+00
1.520353704690933228e-01
7.344931364059448242e-01
8.260969072580337524e-02
1.782524287700653076e-01
2.201628446578979492e+00
2.101905047893524170e-01
2.254030227661132812e+00
1.496849358081817627e-01
7.196923494338989258e-01
8.550518751144409180e-02
1.796217709779739380e-01
2.205321550369262695e+00
2.023275941610336304e-01
2.266546726226806641e+00
1.436100304126739502e-01
6.956994533538818359e-01
8.734841644763946533e-02
1.773204058408737183e-01
2.205717325210571289e+00
2.187727242708206177e-01
2.275257349014282227e+00
1.625778079032897949e-01
7.620273828506469727e-01
8.902452886104583740e-02
1.802130043506622314e-01
2.227586507797241211e+00
2.168213576078414917e-01
2.273664712905883789e+00
1.554024368524551392e-01
7.062962055206298828e-01
9.785459190607070923e-02
1.894697695970535278e-01
2.215943574905395508e+00
2.228114306926727295e-01
2.271317243576049805e+00
1.600114107131958008e-01
6.832542419433593750e-01
8.897162228822708130e-02
1.901729255914688110e-01
2.170512199401855469e+00
2.179581969976425171e-01
2.239777565002441406e+00
1.603028029203414917e-01
5.604012608528137207e-01
8.579351752996444702e-02
1.908525675535202026e-01
2.141429185867309570e+00
2.227346748113632202e-01
2.237135648727416992e+00
1.602374315261840820e-01
5.303871631622314453e-01
7.453189045190811157e-02
1.938783526420593262e-01
2.154588937759399414e+00
2.311824858188629150e-01
2.243527889251708984e+00
1.670030802488327026e-01
4.894482791423797607e-01
6.760549545288085938e-02
1.977786570787429810e-01
2.159780979156494141e+00
2.358170449733734131e-01
2.227399826049804688e+00
1.771023571491241455e-01
4.595612585544586182e-01
6.721945852041244507e-02
2.009661495685577393e-01
2.190394878387451172e+00
2.502584457397460938e-01
2.212771892547607422e+00
1.839931309223175049e-01
4.430258572101593018e-01
6.153789162635803223e-02
2.033586502075195312e-01
2.185946226119995117e+00
2.368882447481155396e-01
2.260236024856567383e+00
1.730609238147735596e-01
4.088604450225830078e-01
6.252001225948333740e-02
1.994520872831344604e-01
2.160735368728637695e+00
2.437215596437454224e-01
2.251377582550048828e+00
1.778120994567871094e-01
3.907036185264587402e-01
6.207605823874473572e-02
2.115246653556823730e-01
2.149117469787597656e+00
2.455795407295227051e-01
2.252255201339721680e+00
1.734331697225570679e-01
3.951332569122314453e-01
6.331370770931243896e-02
2.143996506929397583e-01
2.178575754165649414e+00
2.419685423374176025e-01
2.255721330642700195e+00
1.744914054870605469e-01
4.241136908531188965e-01
6.304913759231567383e-02
2.134837359189987183e-01
2.179467439651489258e+00
2.400455474853515625e-01
2.273582458496093750e+00
1.699395030736923218e-01
4.277423620223999023e-01
6.639172881841659546e-02
2.217096984386444092e-01
2.240787506103515625e+00
2.397400587797164917e-01
2.323564767837524414e+00
1.723337322473526001e-01
4.185799062252044678e-01
6.597747653722763062e-02
2.265988588333129883e-01
2.324828863143920898e+00
2.429485768079757690e-01
2.394061326980590820e+00
1.720822900533676147e-01
4.530910253524780273e-01
6.715632975101470947e-02
2.253964692354202271e-01
2.347995758056640625e+00
2.456736564636230469e-01
2.422222375869750977e+00
1.761743128299713135e-01
4.469691216945648193e-01
6.455837190151214600e-02
2.261333018541336060e-01
2.446816205978393555e+00
2.432364076375961304e-01
2.512563467025756836e+00
1.762620657682418823e-01
4.637114703655242920e-01
6.430111825466156006e-02
2.206749618053436279e-01
2.529991149902343750e+00
2.430468350648880005e-01
2.586188077926635742e+00
1.756995916366577148e-01
4.705464541912078857e-01
6.538661569356918335e-02
2.348879426717758179e-01
2.563207626342773438e+00
2.549884319305419922e-01
2.613878965377807617e+00
1.831587105989456177e-01
4.934345483779907227e-01
6.652043014764785767e-02
2.409494519233703613e-01
2.595872879028320312e+00
2.703724801540374756e-01
2.641260862350463867e+00
1.981824189424514771e-01
4.921642541885375977e-01
6.664554029703140259e-02
2.277002036571502686e-01
2.591838598251342773e+00
2.625445723533630371e-01
2.633335351943969727e+00
2.003992646932601929e-01
4.827888906002044678e-01
6.793767958879470825e-02
2.188560664653778076e-01
2.584679126739501953e+00
2.745382785797119141e-01
2.640074729919433594e+00
2.094230204820632935e-01
4.963219463825225830e-01
6.930942833423614502e-02
2.146340310573577881e-01
2.586725473403930664e+00
2.716144025325775146e-01
2.640534162521362305e+00
2.079084217548370361e-01
5.078884959220886230e-01
7.315577566623687744e-02
2.152227908372879028e-01
2.593610763549804688e+00
2.828752398490905762e-01
2.650007486343383789e+00
2.043433189392089844e-01
4.894702136516571045e-01
7.208524644374847412e-02
2.221309095621109009e-01
2.594645738601684570e+00
2.767027914524078369e-01
2.657245159149169922e+00
1.848516762256622314e-01
5.075294971466064453e-01
6.588815152645111084e-02
2.204271256923675537e-01
2.594143629074096680e+00
2.753965258598327637e-01
2.647389173507690430e+00
1.826651543378829956e-01
5.132924914360046387e-01
6.820210814476013184e-02
2.210841923952102661e-01
2.585401296615600586e+00
2.568559646606445312e-01
2.657724142074584961e+00
1.775160580873489380e-01
4.683785736560821533e-01
6.746006011962890625e-02
2.216282337903976440e-01
2.550618171691894531e+00
2.743985652923583984e-01
2.653187990188598633e+00
1.857561767101287842e-01
4.553002715110778809e-01
6.811857223510742188e-02
2.212716788053512573e-01
2.589021444320678711e+00
2.733592391014099121e-01
2.648133516311645508e+00
1.800295710563659668e-01
4.222590029239654541e-01
7.114051282405853271e-02
2.112536132335662842e-01
2.598322868347167969e+00
2.918704450130462646e-01
2.637311220169067383e+00
1.919044256210327148e-01
4.237649142742156982e-01
7.284220308065414429e-02
2.054169923067092896e-01
2.606907129287719727e+00
2.822138071060180664e-01
2.678252458572387695e+00
1.902211755514144897e-01
4.089443683624267578e-01
7.544435560703277588e-02
1.960547715425491333e-01
2.600253105163574219e+00
2.892456054687500000e-01
2.657934665679931641e+00
2.010663300752639771e-01
4.089477062225341797e-01
7.699958235025405884e-02
1.959481984376907349e-01
2.594601154327392578e+00
2.973964810371398926e-01
2.667295455932617188e+00
1.959911584854125977e-01
3.941577672958374023e-01
7.988607138395309448e-02
1.904651075601577759e-01
2.555928945541381836e+00
3.389253020286560059e-01
2.631192922592163086e+00
2.211970388889312744e-01
3.949215710163116455e-01
8.450508117675781250e-02
1.858881860971450806e-01
2.556513547897338867e+00
3.128077089786529541e-01
2.636184215545654297e+00
2.100282013416290283e-01
3.826060593128204346e-01
8.127102255821228027e-02
1.883047372102737427e-01
2.610194921493530273e+00
3.062656819820404053e-01
2.687447547912597656e+00
2.015421241521835327e-01
3.933420777320861816e-01
7.997740060091018677e-02
1.837467402219772339e-01
2.618024110794067383e+00
3.333223462104797363e-01
2.674530029296875000e+00
2.017113417387008667e-01
4.160920679569244385e-01
8.148166537284851074e-02
1.736283600330352783e-01
2.649806261062622070e+00
3.208439052104949951e-01
2.723319530487060547e+00
2.074242979288101196e-01
3.950861096382141113e-01
8.484935760498046875e-02
1.790135055780410767e-01
2.766918659210205078e+00
3.086205422878265381e-01
2.812298059463500977e+00
2.022317498922348022e-01
4.224201738834381104e-01
8.087423443794250488e-02
1.756249219179153442e-01
2.751924514770507812e+00
3.150881528854370117e-01
2.849311828613281250e+00
2.003887742757797241e-01
4.145027399063110352e-01
8.313725143671035767e-02
1.762883365154266357e-01
2.785287380218505859e+00
3.354169130325317383e-01
2.854977846145629883e+00
2.092971354722976685e-01
4.148897826671600342e-01
7.974667847156524658e-02
1.640851646661758423e-01
2.830958127975463867e+00
3.200233280658721924e-01
2.875026226043701172e+00
2.034525126218795776e-01
4.130883812904357910e-01
7.960879802703857422e-02
1.629481017589569092e-01
2.848029613494873047e+00
3.231295943260192871e-01
2.926349878311157227e+00
2.138653695583343506e-01
4.083569049835205078e-01
7.924580574035644531e-02
1.584126502275466919e-01
2.859767913818359375e+00
3.251201212406158447e-01
2.910240888595581055e+00
2.111236751079559326e-01
4.196763634681701660e-01
7.983145117759704590e-02
1.530698835849761963e-01
2.859803438186645508e+00
3.284844756126403809e-01
2.920193433761596680e+00
2.172354310750961304e-01
4.003558456897735596e-01
7.979737967252731323e-02
1.421194523572921753e-01
2.837716817855834961e+00
3.366532027721405029e-01
2.891484022140502930e+00
2.266675382852554321e-01
4.154761731624603271e-01
7.966857403516769409e-02
1.428850144147872925e-01
2.827720642089843750e+00
3.312858939170837402e-01
2.894128322601318359e+00
2.208945453166961670e-01
4.273857772350311279e-01
8.040837198495864868e-02
1.377425938844680786e-01
2.853926420211791992e+00
3.243185579776763916e-01
2.909084796905517578e+00
2.193776369094848633e-01
4.359146356582641602e-01
7.932273298501968384e-02
1.331135630607604980e-01
2.862593412399291992e+00
3.174572587013244629e-01
2.939963102340698242e+00
2.039739042520523071e-01
4.479842483997344971e-01
8.165718615055084229e-02
1.304215043783187866e-01
2.860685586929321289e+00
3.090997934341430664e-01
2.942362308502197266e+00
1.967389285564422607e-01
4.568485021591186523e-01
8.192078024148941040e-02
1.307142078876495361e-01
2.829093933105468750e+00
2.916918396949768066e-01
2.938934326171875000e+00
1.984501779079437256e-01
3.988156616687774658e-01
8.271475136280059814e-02
1.254579573869705200e-01
2.840308666229248047e+00
2.910589575767517090e-01
2.918636083602905273e+00
1.891679316759109497e-01
4.002389311790466309e-01
8.199892193078994751e-02
1.222514510154724121e-01
2.829396486282348633e+00
2.984960973262786865e-01
2.909442901611328125e+00
1.827049404382705688e-01
3.962247967720031738e-01
8.490940183401107788e-02
1.200615242123603821e-01
2.850650548934936523e+00
2.973557114601135254e-01
2.924695968627929688e+00
1.697053015232086182e-01
4.220784902572631836e-01
9.134306013584136963e-02
1.182253211736679077e-01
2.868635892868041992e+00
2.934023439884185791e-01
2.930392503738403320e+00
1.748350411653518677e-01
4.325893819332122803e-01
8.754895627498626709e-02
1.201431304216384888e-01
2.890579700469970703e+00
2.795196175575256348e-01
2.968272686004638672e+00
1.692752540111541748e-01
4.247113168239593506e-01
8.640095591545104980e-02
1.170283481478691101e-01
2.931521415710449219e+00
2.816280722618103027e-01
3.000452041625976562e+00
1.622290015220642090e-01
4.278203845024108887e-01
8.804286271333694458e-02
1.177255511283874512e-01
2.879971742630004883e+00
2.878278195858001709e-01
2.982409954071044922e+00
1.732571423053741455e-01
4.184557497501373291e-01
9.077607840299606323e-02
1.161466315388679504e-01
2.893136501312255859e+00
2.708815336227416992e-01
2.986067533493041992e+00
1.679044514894485474e-01
4.048193097114562988e-01
9.128234535455703735e-02
1.130208969116210938e-01
2.961564302444458008e+00
2.640176117420196533e-01
3.009845972061157227e+00
1.636817604303359985e-01
4.074901938438415527e-01
8.668259531259536743e-02
1.098256483674049377e-01
2.858803510665893555e+00
2.845516204833984375e-01
2.923949718475341797e+00
1.700958907604217529e-01
4.290073812007904053e-01
8.236626535654067993e-02
1.051461249589920044e-01
2.840679168701171875e+00
2.787338793277740479e-01
2.839531660079956055e+00
1.715158224105834961e-01
4.094835817813873291e-01
8.116837590932846069e-02
9.859250485897064209e-02
2.719173669815063477e+00
2.986354529857635498e-01
2.681574821472167969e+00
1.680068522691726685e-01
4.275082051753997803e-01
8.106160163879394531e-02
1.008114814758300781e-01
2.402596712112426758e+00
2.847461104393005371e-01
2.511224031448364258e+00
1.725853532552719116e-01
4.181226193904876709e-01
8.045112341642379761e-02
9.785505384206771851e-02
2.379417419433593750e+00
2.928560674190521240e-01
2.202681303024291992e+00
1.656620800495147705e-01
4.278548061847686768e-01
7.682477682828903198e-02
9.380191564559936523e-02
2.418301105499267578e+00
2.860846519470214844e-01
2.159724473953247070e+00
1.722310632467269897e-01
4.302124679088592529e-01
8.013159781694412231e-02
8.929888159036636353e-02
2.256382465362548828e+00
2.931397259235382080e-01
2.256364345550537109e+00
1.779913902282714844e-01
4.268881976604461670e-01
8.235969394445419312e-02
9.409938752651214600e-02
2.423344135284423828e+00
3.074847757816314697e-01
2.353529930114746094e+00
1.908538937568664551e-01
4.394946396350860596e-01
7.991179078817367554e-02
8.725447207689285278e-02
2.372191190719604492e+00
3.038803040981292725e-01
2.363862991333007812e+00
1.930171400308609009e-01
4.210749566555023193e-01
7.708103209733963013e-02
9.369690716266632080e-02
2.398411989212036133e+00
2.910307049751281738e-01
2.373597383499145508e+00
1.922113746404647827e-01
4.310202896595001221e-01
7.416267693042755127e-02
9.610054641962051392e-02
2.434770345687866211e+00
2.663482129573822021e-01
2.401656389236450195e+00
1.747490316629409790e-01
4.485882222652435303e-01
7.404669374227523804e-02
1.003525406122207642e-01
2.457970857620239258e+00
2.709551453590393066e-01
2.396122694015502930e+00
1.666299104690551758e-01
4.565853774547576904e-01
7.192568480968475342e-02
9.608574956655502319e-02
2.481781244277954102e+00
3.031733632087707520e-01
2.377855300903320312e+00
1.952763050794601440e-01
4.794846475124359131e-01
7.281646132469177246e-02
9.487176686525344849e-02
2.404768466949462891e+00
2.657654285430908203e-01
2.317145347595214844e+00
1.907813698053359985e-01
4.867608249187469482e-01
7.395634055137634277e-02
9.288150817155838013e-02
2.358101129531860352e+00
2.591070532798767090e-01
2.265110731124877930e+00
1.683138161897659302e-01
4.307418167591094971e-01
8.028773218393325806e-02
9.142734855413436890e-02
2.303442001342773438e+00
2.554323077201843262e-01
2.220521450042724609e+00
1.634941399097442627e-01
4.315239489078521729e-01
8.028621226549148560e-02
9.728313982486724854e-02
2.322954893112182617e+00
2.512266933917999268e-01
2.257447242736816406e+00
1.626285463571548462e-01
4.398676156997680664e-01
7.993557304143905640e-02
1.002749726176261902e-01
2.386608600616455078e+00
2.451799064874649048e-01
2.309838056564331055e+00
1.603268980979919434e-01
4.527150988578796387e-01
7.951648533344268799e-02
1.019092872738838196e-01
2.465527534484863281e+00
2.394947558641433716e-01
2.364081621170043945e+00
1.543815433979034424e-01
4.628613889217376709e-01
7.959762215614318848e-02
1.051407083868980408e-01
2.512263298034667969e+00
2.398034334182739258e-01
2.388379335403442383e+00
1.541214883327484131e-01
4.723550379276275635e-01
8.011406660079956055e-02
1.042111068964004517e-01
2.538906097412109375e+00
2.413977682590484619e-01
2.423098564147949219e+00
1.584598571062088013e-01
4.677472710609436035e-01
8.109311014413833618e-02
1.059634089469909668e-01
2.535860300064086914e+00
2.363632321357727051e-01
2.415729045867919922e+00
1.561758965253829956e-01
4.605951905250549316e-01
8.344191312789916992e-02
1.018506363034248352e-01
2.513050556182861328e+00
2.385175079107284546e-01
2.408524751663208008e+00
1.541112214326858521e-01
4.319784641265869141e-01
8.833648264408111572e-02
9.858772903680801392e-02
2.491337776184082031e+00
2.416193783283233643e-01
2.417446613311767578e+00
1.559410393238067627e-01
4.163181781768798828e-01
9.160019457340240479e-02
9.888308495283126831e-02
2.469227313995361328e+00
2.388058453798294067e-01
2.452581405639648438e+00
1.536064296960830688e-01
4.320983886718750000e-01
9.460089355707168579e-02
1.064695417881011963e-01
2.631076335906982422e+00
2.428642511367797852e-01
2.654054641723632812e+00
1.545641273260116577e-01
3.899032473564147949e-01
9.310390800237655640e-02
1.045351475477218628e-01
2.770570755004882812e+00
2.453650236129760742e-01
2.787387609481811523e+00
1.560306549072265625e-01
3.841124475002288818e-01
9.635446965694427490e-02
9.868095815181732178e-02
2.869133710861206055e+00
2.449078857898712158e-01
2.891824960708618164e+00
1.556579619646072388e-01
3.891270160675048828e-01
9.838362783193588257e-02
9.501124918460845947e-02
2.886692523956298828e+00
2.482172399759292603e-01
2.890752553939819336e+00
1.545081436634063721e-01
3.927090167999267578e-01
1.026505306363105774e-01
9.348709136247634888e-02
2.842175006866455078e+00
2.554070055484771729e-01
2.867218971252441406e+00
1.576854884624481201e-01
3.904905319213867188e-01
1.069709211587905884e-01
9.378326684236526489e-02
2.805446147918701172e+00
2.546961307525634766e-01
2.827364206314086914e+00
1.586123406887054443e-01
3.825876116752624512e-01
1.115975156426429749e-01
9.289779514074325562e-02
2.744241714477539062e+00
2.490043342113494873e-01
2.812620878219604492e+00
1.560442298650741577e-01
3.856292068958282471e-01
1.140307113528251648e-01
9.300125390291213989e-02
2.699381589889526367e+00
2.495189458131790161e-01
2.760635614395141602e+00
1.536871790885925293e-01
3.987597823143005371e-01
1.184419989585876465e-01
9.277362376451492310e-02
2.727181196212768555e+00
2.514408528804779053e-01
2.827475309371948242e+00
1.568646132946014404e-01
4.338696002960205078e-01
1.187606528401374817e-01
9.324575215578079224e-02
2.781660556793212891e+00
2.503942847251892090e-01
2.889253616333007812e+00
1.562368273735046387e-01
4.587234258651733398e-01
1.264394968748092651e-01
9.371452778577804565e-02
2.811340808868408203e+00
2.495559751987457275e-01
2.893343210220336914e+00
1.548689752817153931e-01
4.770798385143280029e-01
1.210150718688964844e-01
9.400194883346557617e-02
2.783819913864135742e+00
2.495184242725372314e-01
2.867896080017089844e+00
1.576576828956604004e-01
4.699777364730834961e-01
1.215211227536201477e-01
9.331157803535461426e-02
2.746079683303833008e+00
2.497721463441848755e-01
2.835656642913818359e+00
1.610489189624786377e-01
4.581785798072814941e-01
1.192112863063812256e-01
9.561334550380706787e-02
2.780761241912841797e+00
2.561628818511962891e-01
2.826455354690551758e+00
1.602653712034225464e-01
4.354102611541748047e-01
1.192609891295433044e-01
9.732931852340698242e-02
2.807462215423583984e+00
2.666973173618316650e-01
2.887835979461669922e+00
1.647553592920303345e-01
4.274261891841888428e-01
9.496804326772689819e-02
9.418895095586776733e-02
2.813195705413818359e+00
2.783778905868530273e-01
2.913830995559692383e+00
1.626692563295364380e-01
4.327653646469116211e-01
9.446658194065093994e-02
9.137155115604400635e-02
2.827622890472412109e+00
2.802174091339111328e-01
2.945310592651367188e+00
1.831562668085098267e-01
4.283533096313476562e-01
8.869677782058715820e-02
8.899670094251632690e-02
2.851625442504882812e+00
2.836271524429321289e-01
2.962542057037353516e+00
1.868794262409210205e-01
4.347262680530548096e-01
8.840589970350265503e-02
8.081456273794174194e-02
2.880779266357421875e+00
2.869584262371063232e-01
2.936858654022216797e+00
1.834427267313003540e-01
4.502765536308288574e-01
8.393165469169616699e-02
8.174336701631546021e-02
2.766086101531982422e+00
2.711796164512634277e-01
2.840252161026000977e+00
1.692139357328414917e-01
4.607417285442352295e-01
9.033781290054321289e-02
8.161514252424240112e-02
2.751190900802612305e+00
2.799086570739746094e-01
2.813498973846435547e+00
1.829227507114410400e-01
4.619580209255218506e-01
8.824951201677322388e-02
8.289901167154312134e-02
2.822709083557128906e+00
2.928218245506286621e-01
2.838536977767944336e+00
1.844378262758255005e-01
4.463199079036712646e-01
8.660584688186645508e-02
8.543851226568222046e-02
2.860194683074951172e+00
3.093340694904327393e-01
2.874189376831054688e+00
1.952343285083770752e-01
4.439018666744232178e-01
8.000031113624572754e-02
8.367121964693069458e-02
2.319008588790893555e+00
2.905693948268890381e-01
2.412199735641479492e+00
1.727184504270553589e-01
4.481556713581085205e-01
7.693564146757125854e-02
7.576982676982879639e-02
1.471368193626403809e+00
3.029888272285461426e-01
1.498619318008422852e+00
1.885028481483459473e-01
4.413943588733673096e-01
6.777538359165191650e-02
7.030924409627914429e-02
2.346223115921020508e+00
3.003394603729248047e-01
2.251193046569824219e+00
1.885427683591842651e-01
4.365875124931335449e-01
6.554707139730453491e-02
6.175493076443672180e-02
1.316993355751037598e+00
3.148515224456787109e-01
1.240785002708435059e+00
1.953103691339492798e-01
4.495955109596252441e-01
6.322202831506729126e-02
5.612711608409881592e-02
1.936496973037719727e+00
3.090405166149139404e-01
1.919956207275390625e+00
1.982668489217758179e-01
4.508849680423736572e-01
5.759750679135322571e-02
5.739617347717285156e-02
1.429296016693115234e+00
3.041644692420959473e-01
1.337984681129455566e+00
1.937492042779922485e-01
4.373300969600677490e-01
5.674951896071434021e-02
4.627585411071777344e-02
1.736333608627319336e+00
2.962568700313568115e-01
1.711617231369018555e+00
1.867697536945343018e-01
4.441244006156921387e-01
5.658498406410217285e-02
5.334961414337158203e-02
1.710671901702880859e+00
2.821136713027954102e-01
1.612375140190124512e+00
1.854688078165054321e-01
4.534389078617095947e-01
5.724424496293067932e-02
5.290488526225090027e-02
1.588603734970092773e+00
2.938357293605804443e-01
1.562811493873596191e+00
1.864877492189407349e-01
4.308217763900756836e-01
5.852392688393592834e-02
5.416678264737129211e-02
1.728895306587219238e+00
2.951377332210540771e-01
1.731298565864562988e+00
1.875946819782257080e-01
4.330031871795654297e-01
5.722108483314514160e-02
4.741554707288742065e-02
1.650948643684387207e+00
3.024740517139434814e-01
1.635117173194885254e+00
1.999423205852508545e-01
4.270688593387603760e-01
6.135007739067077637e-02
5.209955200552940369e-02
1.729680180549621582e+00
3.031066656112670898e-01
1.713228344917297363e+00
2.040048390626907349e-01
4.236858487129211426e-01
6.062413379549980164e-02
4.908414185047149658e-02
1.539727687835693359e+00
2.895469367504119873e-01
1.476050496101379395e+00
1.894554346799850464e-01
4.495384991168975830e-01
6.029880791902542114e-02
4.633159935474395752e-02
1.679076194763183594e+00
3.055221438407897949e-01
1.658247470855712891e+00
2.040546685457229614e-01
4.470145702362060547e-01
5.776394531130790710e-02
4.360986500978469849e-02
1.508652567863464355e+00
3.193764388561248779e-01
1.445540547370910645e+00
1.967200338840484619e-01
4.432461261749267578e-01
5.872204154729843140e-02
4.321596026420593262e-02
1.658669590950012207e+00
3.106906712055206299e-01
1.619196176528930664e+00
1.981450915336608887e-01
4.387713074684143066e-01
5.838688090443611145e-02
4.247664660215377808e-02
1.544056177139282227e+00
2.989118993282318115e-01
1.510848999023437500e+00
1.854508966207504272e-01
4.193302392959594727e-01
5.956457927823066711e-02
3.874168545007705688e-02
1.694027304649353027e+00
3.098721802234649658e-01
1.678443551063537598e+00
2.129461020231246948e-01
4.184174239635467529e-01
5.963252857327461243e-02
3.907598927617073059e-02
1.666116595268249512e+00
3.325884938240051270e-01
1.617938756942749023e+00
2.171211242675781250e-01
4.203632771968841553e-01
5.935818329453468323e-02
3.782419115304946899e-02
1.759446144104003906e+00
3.330414295196533203e-01
1.716413259506225586e+00
2.166970074176788330e-01
4.502576291561126709e-01
6.098461896181106567e-02
3.592499718070030212e-02
1.568353891372680664e+00
3.380607962608337402e-01
1.547002553939819336e+00
2.221881151199340820e-01
4.658896923065185547e-01
6.373361498117446899e-02
3.942220285534858704e-02
1.744500160217285156e+00
3.318913280963897705e-01
1.670942425727844238e+00
2.154051512479782104e-01
4.803737103939056396e-01
6.877567619085311890e-02
3.972636908292770386e-02
1.689072370529174805e+00
3.485496640205383301e-01
1.606127262115478516e+00
2.309380322694778442e-01
5.030844807624816895e-01
6.866191327571868896e-02
3.723640367388725281e-02
1.767761945724487305e+00
3.742733001708984375e-01
1.716826438903808594e+00
2.382522821426391602e-01
5.091784596443176270e-01
6.899329274892807007e-02
3.435907512903213501e-02
1.369802951812744141e+00
3.389443755149841309e-01
1.353944659233093262e+00
2.089229077100753784e-01
4.884156584739685059e-01
6.894920766353607178e-02
3.467121720314025879e-02
1.158719420433044434e+00
3.226195871829986572e-01
1.136676669120788574e+00
2.095212936401367188e-01
4.777606725692749023e-01
6.876394897699356079e-02
3.490516543388366699e-02
1.209404945373535156e+00
3.516896367073059082e-01
1.097600817680358887e+00
2.412351816892623901e-01
4.739876389503479004e-01
6.650687754154205322e-02
3.366946429014205933e-02
1.062023520469665527e+00
3.342839777469635010e-01
1.033831954002380371e+00
2.284314930438995361e-01
4.695276916027069092e-01
6.685014069080352783e-02
3.442651778459548950e-02
1.300263762474060059e+00
3.402524292469024658e-01
1.184507131576538086e+00
2.386111766099929810e-01
4.899408221244812012e-01
6.736235320568084717e-02
3.485151007771492004e-02
1.284414887428283691e+00
3.411648273468017578e-01
1.289267778396606445e+00
2.312793284654617310e-01
4.526930749416351318e-01
6.667915731668472290e-02
3.557825833559036255e-02
1.232260346412658691e+00
3.440830111503601074e-01
1.196209311485290527e+00
2.211204469203948975e-01
4.637696444988250732e-01
7.038430124521255493e-02
3.282766416668891907e-02
1.253136038780212402e+00
3.338285982608795166e-01
1.209688425064086914e+00
2.080486416816711426e-01
4.841685593128204346e-01
7.778771966695785522e-02
3.704563155770301819e-02
1.232576847076416016e+00
3.268788754940032959e-01
1.188683986663818359e+00
2.117909938097000122e-01
4.506928622722625732e-01
7.209555059671401978e-02
3.444976732134819031e-02
1.271435379981994629e+00
3.391909003257751465e-01
1.241746664047241211e+00
2.133233845233917236e-01
4.660536348819732666e-01
7.836486399173736572e-02
4.139904305338859558e-02
1.253527522087097168e+00
3.369860351085662842e-01
1.237055659294128418e+00
2.084777504205703735e-01
4.571832120418548584e-01
7.740219682455062866e-02
3.977483138442039490e-02
1.248502254486083984e+00
3.403946161270141602e-01
1.221474170684814453e+00
2.197491973638534546e-01
4.675799906253814697e-01
7.151246070861816406e-02
3.728691861033439636e-02
1.181027889251708984e+00
3.498226404190063477e-01
1.164055466651916504e+00
2.373132407665252686e-01
4.722690582275390625e-01
6.303162872791290283e-02
3.682550787925720215e-02
1.207780361175537109e+00
3.595870435237884521e-01
1.160600423812866211e+00
2.440811395645141602e-01
4.563986361026763916e-01
6.515464186668395996e-02
3.788181766867637634e-02
1.168071508407592773e+00
3.829097747802734375e-01
1.137654304504394531e+00
2.468217164278030396e-01
4.483214020729064941e-01
6.440849602222442627e-02
3.896723315119743347e-02
1.207130670547485352e+00
3.906236290931701660e-01
1.210093379020690918e+00
2.550709247589111328e-01
4.451806247234344482e-01
6.677714735269546509e-02
3.977524489164352417e-02
1.214858651161193848e+00
3.994661867618560791e-01
1.193668723106384277e+00
2.471002340316772461e-01
4.411021173000335693e-01
6.861118972301483154e-02
4.226689040660858154e-02
1.260398268699645996e+00
4.022812247276306152e-01
1.236762046813964844e+00
2.576827108860015869e-01
4.299900531768798828e-01
6.284675002098083496e-02
4.515507817268371582e-02
1.280998945236206055e+00
4.113909900188446045e-01
1.250358581542968750e+00
2.532244324684143066e-01
4.314557611942291260e-01
6.332125514745712280e-02
4.414020106196403503e-02
1.280204057693481445e+00
4.151206314563751221e-01
1.251936793327331543e+00
2.742481827735900879e-01
4.467979967594146729e-01
6.223071366548538208e-02
4.689087346196174622e-02
1.265062928199768066e+00
4.346193671226501465e-01
1.227308154106140137e+00
2.669451236724853516e-01
4.797833859920501709e-01
6.982567161321640015e-02
5.412977188825607300e-02
1.315613031387329102e+00
4.391509592533111572e-01
1.260205268859863281e+00
2.590574622154235840e-01
5.078014135360717773e-01
7.373534142971038818e-02
6.109300255775451660e-02
1.366541504859924316e+00
4.578829705715179443e-01
1.278927564620971680e+00
2.858584225177764893e-01
5.319014787673950195e-01
7.228346914052963257e-02
5.411711335182189941e-02
1.441570878028869629e+00
4.748910367488861084e-01
1.351480960845947266e+00
2.825508117675781250e-01
5.221683979034423828e-01
7.497604936361312866e-02
5.808695033192634583e-02
1.294680237770080566e+00
4.998256564140319824e-01
1.180609703063964844e+00
2.901801466941833496e-01
5.171536803245544434e-01
7.460381835699081421e-02
5.500377342104911804e-02
1.103696346282958984e+00
5.158272981643676758e-01
1.086468696594238281e+00
3.170869350433349609e-01
5.006286501884460449e-01
7.512991875410079956e-02
5.729917809367179871e-02
1.066334009170532227e+00
5.189163088798522949e-01
9.960181117057800293e-01
3.258684575557708740e-01
4.977529942989349365e-01
7.257042080163955688e-02
4.738292098045349121e-02
1.152014255523681641e+00
5.119079351425170898e-01
1.096639871597290039e+00
3.430365025997161865e-01
5.012078285217285156e-01
7.062500715255737305e-02
5.102943256497383118e-02
1.381328701972961426e+00
4.879451990127563477e-01
1.316341042518615723e+00
3.021272122859954834e-01
5.104744434356689453e-01
7.432774454355239868e-02
5.029312893748283386e-02
1.348757147789001465e+00
5.115453004837036133e-01
1.310547947883605957e+00
3.069677054882049561e-01
5.112695097923278809e-01
7.879401743412017822e-02
4.525619000196456909e-02
1.376215815544128418e+00
4.883374571800231934e-01
1.305294275283813477e+00
2.751612067222595215e-01
5.286366343498229980e-01
8.764463663101196289e-02
4.444250836968421936e-02
1.374692678451538086e+00
5.387260913848876953e-01
1.299630999565124512e+00
3.137965798377990723e-01
5.576519966125488281e-01
8.798586577177047729e-02
4.262660071253776550e-02
1.389001369476318359e+00
5.544814467430114746e-01
1.316098332405090332e+00
3.292668759822845459e-01
5.379261970520019531e-01
9.361595660448074341e-02
4.676037654280662537e-02
1.446086883544921875e+00
5.979962348937988281e-01
1.381719350814819336e+00
3.489032387733459473e-01
5.429186820983886719e-01
9.872104227542877197e-02
4.664863273501396179e-02
1.431222438812255859e+00
5.971882343292236328e-01
1.378817200660705566e+00
3.573175072669982910e-01
5.379521250724792480e-01
9.810976684093475342e-02
5.128274485468864441e-02
1.444113850593566895e+00
6.171396970748901367e-01
1.384114265441894531e+00
3.873279094696044922e-01
5.424313545227050781e-01
8.604437857866287231e-02
4.899214580655097961e-02
1.373520135879516602e+00
5.884983539581298828e-01
1.307534575462341309e+00
3.677704930305480957e-01
5.373991727828979492e-01
7.953754067420959473e-02
5.053242668509483337e-02
1.380473732948303223e+00
5.941666960716247559e-01
1.320439815521240234e+00
3.864686191082000732e-01
5.292301177978515625e-01
7.802399247884750366e-02
4.867757484316825867e-02
1.355682849884033203e+00
5.915772318840026855e-01
1.273593544960021973e+00
3.835197091102600098e-01
5.163567066192626953e-01
7.763954252004623413e-02
5.417951568961143494e-02
1.357295393943786621e+00
6.041063666343688965e-01
1.302434682846069336e+00
3.698650896549224854e-01
5.051558613777160645e-01
7.553956657648086548e-02
5.083230510354042053e-02
1.354919314384460449e+00
5.919659137725830078e-01
1.306500911712646484e+00
3.653327524662017822e-01
4.681945145130157471e-01
6.825722008943557739e-02
5.183014273643493652e-02
1.346224546432495117e+00
5.760262608528137207e-01
1.296187400817871094e+00
3.448954224586486816e-01
4.727557003498077393e-01
7.094895094633102417e-02
5.021477490663528442e-02
1.385244965553283691e+00
6.068398356437683105e-01
1.317956686019897461e+00
3.705868422985076904e-01
4.734989702701568604e-01
7.145619392395019531e-02
4.981997981667518616e-02
1.330285429954528809e+00
5.840694308280944824e-01
1.252452492713928223e+00
3.655847907066345215e-01
4.868978857994079590e-01
7.441641390323638916e-02
4.824357852339744568e-02
1.284699440002441406e+00
5.615015625953674316e-01
1.211433768272399902e+00
3.654838502407073975e-01
4.841979742050170898e-01
7.738760858774185181e-02
4.621030017733573914e-02
1.307122230529785156e+00
5.027015805244445801e-01
1.222017049789428711e+00
3.261928558349609375e-01
4.918076992034912109e-01
7.398770749568939209e-02
5.100573226809501648e-02
1.312949538230895996e+00
5.734621882438659668e-01
1.225098609924316406e+00
3.271834552288055420e-01
5.082981586456298828e-01
7.623338699340820312e-02
5.192949622869491577e-02
1.497276067733764648e+00
5.866892337799072266e-01
1.333114385604858398e+00
3.271807432174682617e-01
5.382465124130249023e-01
8.663420379161834717e-02
5.011631920933723450e-02
1.242943525314331055e+00
5.378018617630004883e-01
1.162121415138244629e+00
3.492522537708282471e-01
5.357273817062377930e-01
8.449322730302810669e-02
5.066466331481933594e-02
1.143395423889160156e+00
5.759882926940917969e-01
1.070342779159545898e+00
3.641974925994873047e-01
5.254364013671875000e-01
8.748473227024078369e-02
4.385973885655403137e-02
1.167953729629516602e+00
5.663487315177917480e-01
1.076089024543762207e+00
3.740427494049072266e-01
5.380598902702331543e-01
8.622477203607559204e-02
4.092931747436523438e-02
1.150609374046325684e+00
5.448693037033081055e-01
1.105664491653442383e+00
3.624829351902008057e-01
5.434683561325073242e-01
8.945105969905853271e-02
4.308610036969184875e-02
1.060007929801940918e+00
6.687751412391662598e-01
1.018794775009155273e+00
4.462870657444000244e-01
5.475497245788574219e-01
9.257769584655761719e-02
4.109360650181770325e-02
1.037703752517700195e+00
6.015790104866027832e-01
1.002750635147094727e+00
4.150191843509674072e-01
5.257661938667297363e-01
9.422837197780609131e-02
3.815958648920059204e-02
1.030393719673156738e+00
5.354509949684143066e-01
9.943089485168457031e-01
3.509561121463775635e-01
5.197378396987915039e-01
1.111973896622657776e-01
3.838389739394187927e-02
9.998090863227844238e-01
5.228810310363769531e-01
9.525578022003173828e-01
3.343166112899780273e-01
5.492480397224426270e-01
1.171198487281799316e-01
3.547474741935729980e-02
9.887927770614624023e-01
5.424541234970092773e-01
9.512425661087036133e-01
3.392614722251892090e-01
5.304802656173706055e-01
1.210917383432388306e-01
3.441539406776428223e-02
9.913858771324157715e-01
5.303143858909606934e-01
9.536751508712768555e-01
3.310911953449249268e-01
5.561658740043640137e-01
1.424174159765243530e-01
3.789478912949562073e-02
9.987967610359191895e-01
5.412073135375976562e-01
9.591414928436279297e-01
3.462651669979095459e-01
5.730460286140441895e-01
1.376267820596694946e-01
3.793672472238540649e-02
1.003087043762207031e+00
5.545681715011596680e-01
9.616296887397766113e-01
3.486644625663757324e-01
6.294032335281372070e-01
1.495740562677383423e-01
3.423798829317092896e-02
1.011037707328796387e+00
5.713225007057189941e-01
9.660726189613342285e-01
3.524539172649383545e-01
6.439409255981445312e-01
1.534299105405807495e-01
3.110566549003124237e-02
1.010314702987670898e+00
5.609221458435058594e-01
9.695994257926940918e-01
3.630142509937286377e-01
6.380521059036254883e-01
1.522340476512908936e-01
2.959517575800418854e-02
1.037775635719299316e+00
6.058408021926879883e-01
9.806745648384094238e-01
4.161010086536407471e-01
6.353886723518371582e-01
1.490184068679809570e-01
2.908127009868621826e-02
1.016740202903747559e+00
6.228229403495788574e-01
9.645830988883972168e-01
3.925143778324127197e-01
5.955425500869750977e-01
1.481494605541229248e-01
2.817423641681671143e-02
1.002762556076049805e+00
6.087193489074707031e-01
9.704770445823669434e-01
4.143074452877044678e-01
5.536735057830810547e-01
1.312574148178100586e-01
2.838615328073501587e-02
1.015379428863525391e+00
5.840512514114379883e-01
9.629329442977905273e-01
3.803926110267639160e-01
5.858932733535766602e-01
1.597156524658203125e-01
2.877369895577430725e-02
9.970777630805969238e-01
5.408242344856262207e-01
9.471737742424011230e-01
3.599288761615753174e-01
5.839180350303649902e-01
1.587865650653839111e-01
2.691402286291122437e-02
1.009735465049743652e+00
5.642026066780090332e-01
9.575356841087341309e-01
3.662901520729064941e-01
6.054542064666748047e-01
1.838528364896774292e-01
2.884495630860328674e-02
1.004487395286560059e+00
5.646687746047973633e-01
9.658714532852172852e-01
3.829272091388702393e-01
5.676983594894409180e-01
1.570058166980743408e-01
2.845125272870063782e-02
1.046940565109252930e+00
5.965031385421752930e-01
1.006520271301269531e+00
3.778871297836303711e-01
5.950610637664794922e-01
1.516147255897521973e-01
2.890495769679546356e-02
1.077327013015747070e+00
6.041903495788574219e-01
1.024439215660095215e+00
3.968803882598876953e-01
6.469908356666564941e-01
1.352649927139282227e-01
2.775104343891143799e-02
1.121128916740417480e+00
6.001682281494140625e-01
1.060570478439331055e+00
3.623128533363342285e-01
6.754052042961120605e-01
1.754515320062637329e-01
2.933623455464839935e-02
1.040264487266540527e+00
6.032484173774719238e-01
9.871068596839904785e-01
3.885929584503173828e-01
6.313580274581909180e-01
1.728906482458114624e-01
3.014000505208969116e-02
9.923144578933715820e-01
6.038386225700378418e-01
9.882110357284545898e-01
3.550550937652587891e-01
6.164810657501220703e-01
1.858464628458023071e-01
2.641778625547885895e-02
1.004328727722167969e+00
6.443092823028564453e-01
9.929587841033935547e-01
3.976760208606719971e-01
6.380017399787902832e-01
1.965801864862442017e-01
2.882735989987850189e-02
1.068687558174133301e+00
6.367610096931457520e-01
1.037873029708862305e+00
3.764507174491882324e-01
6.047086715698242188e-01
1.836534887552261353e-01
2.788750827312469482e-02
1.070237159729003906e+00
6.825240254402160645e-01
1.081796407699584961e+00
4.094957709312438965e-01
6.397477984428405762e-01
1.872292309999465942e-01
2.781986258924007416e-02
1.082901477813720703e+00
6.472762823104858398e-01
1.094185233116149902e+00
3.682571947574615479e-01
6.031724810600280762e-01
1.916466653347015381e-01
2.751187421381473541e-02
1.082999587059020996e+00
6.212700605392456055e-01
1.088151216506958008e+00
3.649522960186004639e-01
5.910185575485229492e-01
1.895989030599594116e-01
2.816922031342983246e-02
1.080258131027221680e+00
6.422119736671447754e-01
1.103730320930480957e+00
3.660258352756500244e-01
6.040231585502624512e-01
1.886294633150100708e-01
2.842584624886512756e-02
1.069546222686767578e+00
6.448865532875061035e-01
1.065074682235717773e+00
3.811522126197814941e-01
5.945852398872375488e-01
2.098446786403656006e-01
2.691031992435455322e-02
1.064141392707824707e+00
6.271651983261108398e-01
1.057272553443908691e+00
3.410021364688873291e-01
5.990498065948486328e-01
2.189716845750808716e-01
2.796436287462711334e-02
1.042262077331542969e+00
6.446625590324401855e-01
1.004969120025634766e+00
3.788214027881622314e-01
6.097994446754455566e-01
2.112689763307571411e-01
2.701604925096035004e-02
1.035752534866333008e+00
6.641236543655395508e-01
1.028675794601440430e+00
3.850996792316436768e-01
6.472964286804199219e-01
2.347401827573776245e-01
2.730250731110572815e-02
1.118296623229980469e+00
6.145394444465637207e-01
1.074087977409362793e+00
3.293522000312805176e-01
6.567274928092956543e-01
2.299316674470901489e-01
2.669065818190574646e-02
1.105770111083984375e+00
6.953991651535034180e-01
1.110445976257324219e+00
4.172324240207672119e-01
6.603386402130126953e-01
2.232476621866226196e-01
2.692979574203491211e-02
1.146110296249389648e+00
7.137749791145324707e-01
1.152995824813842773e+00
4.392951726913452148e-01
6.500604152679443359e-01
2.159929573535919189e-01
2.738014236092567444e-02
1.136016607284545898e+00
7.265723347663879395e-01
1.130529642105102539e+00
4.367860257625579834e-01
6.030467748641967773e-01
2.103043049573898315e-01
2.730297669768333435e-02
1.129277467727661133e+00
7.103651762008666992e-01
1.142854213714599609e+00
4.990550577640533447e-01
5.913779735565185547e-01
1.939841210842132568e-01
2.746594883501529694e-02
1.133243322372436523e+00
7.369021773338317871e-01
1.128725528717041016e+00
4.527826309204101562e-01
5.522818565368652344e-01
1.786870807409286499e-01
2.828918956220149994e-02
1.108335733413696289e+00
7.208779454231262207e-01
1.120489120483398438e+00
4.358756244182586670e-01
5.357132554054260254e-01
1.716524511575698853e-01
2.805662155151367188e-02
1.103552699089050293e+00
7.002432942390441895e-01
1.155976653099060059e+00
4.244637191295623779e-01
5.461444854736328125e-01
1.708171963691711426e-01
2.795062772929668427e-02
1.146041035652160645e+00
6.518571972846984863e-01
1.135469555854797363e+00
4.061414301395416260e-01
5.461281538009643555e-01
1.658266186714172363e-01
2.782063744962215424e-02
1.205853581428527832e+00
6.433883905410766602e-01
1.253872871398925781e+00
4.041543602943420410e-01
5.564176440238952637e-01
1.421272307634353638e-01
2.903571538627147675e-02
1.204715728759765625e+00
7.248765230178833008e-01
1.219646453857421875e+00
4.187368750572204590e-01
6.020172834396362305e-01
1.330641955137252808e-01
3.305807709693908691e-02
1.106813669204711914e+00
7.103878259658813477e-01
1.222952365875244141e+00
4.285737872123718262e-01
6.255699992179870605e-01
1.539248228073120117e-01
3.548695892095565796e-02
1.152330636978149414e+00
6.767871975898742676e-01
1.151979446411132812e+00
4.102228283882141113e-01
6.162457466125488281e-01
1.777674108743667603e-01
4.022908955812454224e-02
1.103803396224975586e+00
6.523907780647277832e-01
1.100492119789123535e+00
4.132357239723205566e-01
5.737339854240417480e-01
1.692810058593750000e-01
3.771265968680381775e-02
1.135497689247131348e+00
7.087826728820800781e-01
1.152594089508056641e+00
4.410502016544342041e-01
6.016700863838195801e-01
1.889584809541702271e-01
3.935196250677108765e-02
1.219805479049682617e+00
6.798449158668518066e-01
1.238226056098937988e+00
4.142318964004516602e-01
6.185427904129028320e-01
1.565862447023391724e-01
3.846975788474082947e-02
1.209346652030944824e+00
6.820840835571289062e-01
1.255052447319030762e+00
4.218699038028717041e-01
6.090994477272033691e-01
1.744692474603652954e-01
3.633467853069305420e-02
1.273088455200195312e+00
5.897837281227111816e-01
1.289337515830993652e+00
3.670065402984619141e-01
5.883919000625610352e-01
1.555102020502090454e-01
3.358428925275802612e-02
1.246940255165100098e+00
6.536062955856323242e-01
1.274983406066894531e+00
3.715808391571044922e-01
5.708523988723754883e-01
1.540433168411254883e-01
3.529976308345794678e-02
1.223999857902526855e+00
5.296313762664794922e-01
1.232996344566345215e+00
3.596460819244384766e-01
5.884609818458557129e-01
1.544487625360488892e-01
3.839899227023124695e-02
1.245039224624633789e+00
6.513485908508300781e-01
1.259376764297485352e+00
3.535038530826568604e-01
5.878872871398925781e-01
1.593081206083297729e-01
3.956511616706848145e-02
1.240981578826904297e+00
6.598870158195495605e-01
1.236231684684753418e+00
3.692535758018493652e-01
5.837926864624023438e-01
1.493778377771377563e-01
4.054282233119010925e-02
1.217221260070800781e+00
7.148789763450622559e-01
1.186400294303894043e+00
4.427644610404968262e-01
5.992710590362548828e-01
1.397794038057327271e-01
4.316720366477966309e-02
1.176876306533813477e+00
7.031749486923217773e-01
1.214159727096557617e+00
4.440521001815795898e-01
6.104070544242858887e-01
1.282520294189453125e-01
4.202413931488990784e-02
1.295144796371459961e+00
6.202754378318786621e-01
1.258797407150268555e+00
3.507176637649536133e-01
6.276190280914306641e-01
1.382521241903305054e-01
4.150217399001121521e-02
1.272605538368225098e+00
7.286631464958190918e-01
1.302620410919189453e+00
4.252613186836242676e-01
6.213961243629455566e-01
1.330433934926986694e-01
4.134573042392730713e-02
1.372586011886596680e+00
7.466796636581420898e-01
1.392468094825744629e+00
4.381955862045288086e-01
6.235114336013793945e-01
1.374899148941040039e-01
4.224786907434463501e-02
