6.314845681190490723e-01
3.352045118808746338e-01
7.274425625801086426e-01
2.962643206119537354e-01
2.084173411130905151e-01
8.433232456445693970e-02
3.305275738239288330e-02
6.282009482383728027e-01
3.357737064361572266e-01
7.068293690681457520e-01
3.015072345733642578e-01
1.986273080110549927e-01
8.333342522382736206e-02
3.309774771332740784e-02
6.483000516891479492e-01
3.634496629238128662e-01
7.263088226318359375e-01
3.197027742862701416e-01
1.887162774801254272e-01
1.039286777377128601e-01
3.339390829205513000e-02
6.463041305541992188e-01
3.707787096500396729e-01
7.203004956245422363e-01
3.053726851940155029e-01
1.917098760604858398e-01
9.855830669403076172e-02
3.389963880181312561e-02
6.416371464729309082e-01
3.436104059219360352e-01
7.347005009651184082e-01
3.318265378475189209e-01
1.967274695634841919e-01
9.022038429975509644e-02
3.484616801142692566e-02
6.362625956535339355e-01
3.474308550357818604e-01
7.163520455360412598e-01
2.993180453777313232e-01
2.073682546615600586e-01
9.045881032943725586e-02
3.342355787754058838e-02
6.361328959465026855e-01
3.551316261291503906e-01
7.182024121284484863e-01
3.367877006530761719e-01
2.048081904649734497e-01
9.868379682302474976e-02
3.304573893547058105e-02
6.609327793121337891e-01
3.549817502498626709e-01
7.442933917045593262e-01
3.224501907825469971e-01
2.091686278581619263e-01
8.162385970354080200e-02
3.343805298209190369e-02
6.583198308944702148e-01
3.824260234832763672e-01
7.391161322593688965e-01
3.343190252780914307e-01
2.098906785249710083e-01
8.360824733972549438e-02
3.401449695229530334e-02
6.535484790802001953e-01
3.450242280960083008e-01
7.340951561927795410e-01
3.147502243518829346e-01
2.082100361585617065e-01
7.811795175075531006e-02
3.415098041296005249e-02
6.723825335502624512e-01
2.921367883682250977e-01
7.572091221809387207e-01
2.737480998039245605e-01
2.047060281038284302e-01
7.560914754867553711e-02
3.424656763672828674e-02
6.924156546592712402e-01
2.611251175403594971e-01
7.759991288185119629e-01
2.491228580474853516e-01
2.094958573579788208e-01
7.732557505369186401e-02
3.407235816121101379e-02
7.047927379608154297e-01
2.464252263307571411e-01
7.898769378662109375e-01
2.332010269165039062e-01
2.167196720838546753e-01
7.657122611999511719e-02
3.453699871897697449e-02
7.100501060485839844e-01
2.693867385387420654e-01
7.966244220733642578e-01
2.623026967048645020e-01
2.159600853919982910e-01
7.834164053201675415e-02
3.447006270289421082e-02
7.158468365669250488e-01
2.825814187526702881e-01
7.953145503997802734e-01
2.561312615871429443e-01
2.019862383604049683e-01
7.830376923084259033e-02
3.576095402240753174e-02
7.274939417839050293e-01
2.404649257659912109e-01
8.165835738182067871e-01
2.267145663499832153e-01
2.057102173566818237e-01
7.792055606842041016e-02
3.602050617337226868e-02
7.645013928413391113e-01
2.477701157331466675e-01
8.733997344970703125e-01
2.392903566360473633e-01
2.122218161821365356e-01
7.787792384624481201e-02
3.606008738279342651e-02
7.476813793182373047e-01
2.336774617433547974e-01
8.497366905212402344e-01
2.229475528001785278e-01
2.172208577394485474e-01
7.884301245212554932e-02
3.598635271191596985e-02
7.259962558746337891e-01
2.350558489561080933e-01
8.155775070190429688e-01
2.237034291028976440e-01
2.207278013229370117e-01
7.372344285249710083e-02
3.711103275418281555e-02
7.106602787971496582e-01
2.407382130622863770e-01
8.161907196044921875e-01
2.305917888879776001e-01
2.246365696191787720e-01
8.141324669122695923e-02
3.671545907855033875e-02
7.247694134712219238e-01
2.499970942735671997e-01
8.330466747283935547e-01
2.321044355630874634e-01
2.321771830320358276e-01
7.546943426132202148e-02
3.855568543076515198e-02
7.053217291831970215e-01
2.446137666702270508e-01
8.070981502532958984e-01
2.319939136505126953e-01
2.289153337478637695e-01
7.933948189020156860e-02
3.858649730682373047e-02
7.097558379173278809e-01
2.507106363773345947e-01
8.031104207038879395e-01
2.344647645950317383e-01
1.999091356992721558e-01
7.676435261964797974e-02
3.958816453814506531e-02
7.215217947959899902e-01
2.480950802564620972e-01
8.234572410583496094e-01
2.424454689025878906e-01
2.056983709335327148e-01
7.535274326801300049e-02
3.923140466213226318e-02
7.192971110343933105e-01
2.433752864599227905e-01
8.053780198097229004e-01
2.328259944915771484e-01
2.172287255525588989e-01
7.785876840353012085e-02
3.728646412491798401e-02
7.127096056938171387e-01
2.681603431701660156e-01
8.011426925659179688e-01
2.317459583282470703e-01
1.846649646759033203e-01
7.404417544603347778e-02
3.562325611710548401e-02
7.092526555061340332e-01
2.309979945421218872e-01
7.974418997764587402e-01
2.273644357919692993e-01
1.996588259935379028e-01
7.413232326507568359e-02
3.628796339035034180e-02
7.050773501396179199e-01
2.329772710800170898e-01
7.795693874359130859e-01
2.187173962593078613e-01
1.912384033203125000e-01
8.281933516263961792e-02
3.588643297553062439e-02
7.174161076545715332e-01
2.218954563140869141e-01
7.986183166503906250e-01
2.166453748941421509e-01
1.920232772827148438e-01
7.632892578840255737e-02
3.684911876916885376e-02
6.917576789855957031e-01
2.203726321458816528e-01
7.774486541748046875e-01
2.090993523597717285e-01
1.900110691785812378e-01
7.735352963209152222e-02
3.771823272109031677e-02
6.799610257148742676e-01
2.136501818895339966e-01
7.579489350318908691e-01
2.077305465936660767e-01
1.924595385789871216e-01
7.816492766141891479e-02
3.794457018375396729e-02
6.725994944572448730e-01
2.238909006118774414e-01
7.594666481018066406e-01
2.127606123685836792e-01
1.912356168031692505e-01
8.143988996744155884e-02
3.708097338676452637e-02
6.910262107849121094e-01
2.352005690336227417e-01
7.673574090003967285e-01
2.139641791582107544e-01
1.974671632051467896e-01
7.722091674804687500e-02
3.815272450447082520e-02
6.866209506988525391e-01
2.376082092523574829e-01
7.650802731513977051e-01
2.164199501276016235e-01
1.979319006204605103e-01
7.888105511665344238e-02
3.997920453548431396e-02
6.948885321617126465e-01
2.291406244039535522e-01
7.952054142951965332e-01
2.016424536705017090e-01
1.986424922943115234e-01
7.734748721122741699e-02
4.327538609504699707e-02
7.100305557250976562e-01
2.452037334442138672e-01
8.276989459991455078e-01
2.164490222930908203e-01
2.056729793548583984e-01
8.327616006135940552e-02
3.755049780011177063e-02
7.479030489921569824e-01
2.445397824048995972e-01
8.491950631141662598e-01
2.159084081649780273e-01
2.198064476251602173e-01
7.933340221643447876e-02
3.862791880965232849e-02
7.546486854553222656e-01
2.602472007274627686e-01
8.906367421150207520e-01
2.132882624864578247e-01
2.044258564710617065e-01
7.744505256414413452e-02
3.848141059279441833e-02
7.634623646736145020e-01
2.969459295272827148e-01
8.535221219062805176e-01
2.447215169668197632e-01
1.972772330045700073e-01
7.858823984861373901e-02
3.556451201438903809e-02
7.073103785514831543e-01
2.310461550951004028e-01
7.773928046226501465e-01
2.150072455406188965e-01
1.931589692831039429e-01
8.141096681356430054e-02
3.483653068542480469e-02
7.660726904869079590e-01
2.398455888032913208e-01
8.746674656867980957e-01
2.158962935209274292e-01
1.956037729978561401e-01
8.465725183486938477e-02
3.535067662596702576e-02
7.114582657814025879e-01
2.256473153829574585e-01
7.900575995445251465e-01
2.099781781435012817e-01
1.992524415254592896e-01
8.409871906042098999e-02
3.563705459237098694e-02
7.409998774528503418e-01
2.329705506563186646e-01
8.419756889343261719e-01
2.096071690320968628e-01
2.060073465108871460e-01
7.062439620494842529e-02
3.569414839148521423e-02
7.618352770805358887e-01
2.271111756563186646e-01
8.703495860099792480e-01
2.128343582153320312e-01
1.911288499832153320e-01
7.987729460000991821e-02
3.621944785118103027e-02
7.651994824409484863e-01
2.184035331010818481e-01
8.630715012550354004e-01
2.040034085512161255e-01
1.920289546251296997e-01
7.000825554132461548e-02
3.608978912234306335e-02
7.543132305145263672e-01
2.179973572492599487e-01
8.555412292480468750e-01
2.023416310548782349e-01
2.026878148317337036e-01
7.724245637655258179e-02
3.613160550594329834e-02
7.555017471313476562e-01
2.078059166669845581e-01
8.725718855857849121e-01
1.975239962339401245e-01
1.853983849287033081e-01
7.125347852706909180e-02
3.691991791129112244e-02
7.635515332221984863e-01
2.057828903198242188e-01
8.775954842567443848e-01
2.031136155128479004e-01
1.701051741838455200e-01
7.297065109014511108e-02
3.661393001675605774e-02
7.466616630554199219e-01
2.097823172807693481e-01
8.332905769348144531e-01
2.038816213607788086e-01
1.655797660350799561e-01
6.845825165510177612e-02
3.717179223895072937e-02
7.521899342536926270e-01
2.113992422819137573e-01
8.407508730888366699e-01
2.025584727525711060e-01
1.527312844991683960e-01
6.464283913373947144e-02
3.832846134901046753e-02
7.419477105140686035e-01
2.234181910753250122e-01
8.266723752021789551e-01
2.120819240808486938e-01
1.499767303466796875e-01
6.458678096532821655e-02
3.806551918387413025e-02
7.196921706199645996e-01
2.229655534029006958e-01
8.079108595848083496e-01
2.082167118787765503e-01
1.375226378440856934e-01
6.234171986579895020e-02
3.794438019394874573e-02
7.244951128959655762e-01
2.194412499666213989e-01
8.115374445915222168e-01
2.039110213518142700e-01
1.379874795675277710e-01
9.165072441101074219e-02
3.999112173914909363e-02
7.022118568420410156e-01
2.158941477537155151e-01
7.805988192558288574e-01
2.135957926511764526e-01
1.455145776271820068e-01
1.397150158882141113e-01
3.885860368609428406e-02
6.924359798431396484e-01
2.207793444395065308e-01
7.751121520996093750e-01
2.121549844741821289e-01
1.389048844575881958e-01
7.053266465663909912e-02
3.721977397799491882e-02
6.901919245719909668e-01
2.226289957761764526e-01
7.815005779266357422e-01
2.211315780878067017e-01
1.418457627296447754e-01
9.821712225675582886e-02
3.592372685670852661e-02
7.079631686210632324e-01
2.340872734785079956e-01
7.906777262687683105e-01
2.177766412496566772e-01
1.421982795000076294e-01
6.893160939216613770e-02
3.649870678782463074e-02
6.845343112945556641e-01
2.277118563652038574e-01
7.627043724060058594e-01
2.055924981832504272e-01
1.343531161546707153e-01
5.784417688846588135e-02
3.699315711855888367e-02
6.889911293983459473e-01
2.247154712677001953e-01
7.717784047126770020e-01
2.181621193885803223e-01
1.372685283422470093e-01
6.068426743149757385e-02
3.692252188920974731e-02
6.769473552703857422e-01
2.235957384109497070e-01
7.483143806457519531e-01
2.159488350152969360e-01
1.404595822095870972e-01
5.942832306027412415e-02
3.676355630159378052e-02
6.750409007072448730e-01
2.362965792417526245e-01
7.586968541145324707e-01
2.347195148468017578e-01
1.468255370855331421e-01
5.729608237743377686e-02
3.617516532540321350e-02
6.607056856155395508e-01
2.163023501634597778e-01
7.297714352607727051e-01
2.092629671096801758e-01
1.401985287666320801e-01
5.758446827530860901e-02
3.689616918563842773e-02
6.286535859107971191e-01
2.285904139280319214e-01
7.105658650398254395e-01
2.293222397565841675e-01
1.397383958101272583e-01
5.951983854174613953e-02
3.683875128626823425e-02
6.491643190383911133e-01
2.360781431198120117e-01
7.304491996765136719e-01
2.355236411094665527e-01
1.332948356866836548e-01
5.882471799850463867e-02
3.715182468295097351e-02
6.566813588142395020e-01
2.469695061445236206e-01
7.354266643524169922e-01
2.459474205970764160e-01
1.460885554552078247e-01
5.828362703323364258e-02
3.705127909779548645e-02
6.573277115821838379e-01
2.398893386125564575e-01
7.340579032897949219e-01
2.402910143136978149e-01
1.422932595014572144e-01
5.902555212378501892e-02
3.864729404449462891e-02
6.431884765625000000e-01
2.411519289016723633e-01
7.260338664054870605e-01
2.423561662435531616e-01
1.626819521188735962e-01
5.945512652397155762e-02
3.908397257328033447e-02
6.496949195861816406e-01
2.346883416175842285e-01
7.266275286674499512e-01
2.324132174253463745e-01
1.436204314231872559e-01
5.832660198211669922e-02
3.801376745104789734e-02
6.522495746612548828e-01
2.359862774610519409e-01
7.293841838836669922e-01
2.337407320737838745e-01
1.504863053560256958e-01
6.386787444353103638e-02
3.812971338629722595e-02
6.803574562072753906e-01
2.382133156061172485e-01
7.555108070373535156e-01
2.331299334764480591e-01
1.422077119350433350e-01
6.145914271473884583e-02
3.761596232652664185e-02
6.682796478271484375e-01
2.757244408130645752e-01
7.527310252189636230e-01
2.815643846988677979e-01
1.464608162641525269e-01
6.346252560615539551e-02
3.778489306569099426e-02
6.556228995323181152e-01
2.335066348314285278e-01
7.337471842765808105e-01
2.359910011291503906e-01
1.421223729848861694e-01
6.363216042518615723e-02
3.831676766276359558e-02
6.498553752899169922e-01
2.147758603096008301e-01
7.189865708351135254e-01
2.112770080566406250e-01
1.531029641628265381e-01
6.110196188092231750e-02
3.857446834444999695e-02
6.555104255676269531e-01
2.247284203767776489e-01
7.222497463226318359e-01
2.155788093805313110e-01
1.354118436574935913e-01
6.332989782094955444e-02
3.919473290443420410e-02
6.636386513710021973e-01
2.273987084627151489e-01
7.383214831352233887e-01
2.217443734407424927e-01
1.387306749820709229e-01
6.232248619198799133e-02
3.993784636259078979e-02
6.589199900627136230e-01
2.325649261474609375e-01
7.272183299064636230e-01
2.243950814008712769e-01
1.338166445493698120e-01
6.329195946455001831e-02
3.857246041297912598e-02
6.682786345481872559e-01
2.357130050659179688e-01
7.392458915710449219e-01
2.163609117269515991e-01
1.426119804382324219e-01
8.400002121925354004e-02
3.972136974334716797e-02
6.686675548553466797e-01
2.274493724107742310e-01
7.434714436531066895e-01
2.144405841827392578e-01
1.643816977739334106e-01
9.370318800210952759e-02
4.045466706156730652e-02
6.477289795875549316e-01
2.249227017164230347e-01
7.212848663330078125e-01
2.151274532079696655e-01
1.259632855653762817e-01
5.977854505181312561e-02
3.976101055741310120e-02
6.543992161750793457e-01
2.267090082168579102e-01
7.293022274971008301e-01
2.225153893232345581e-01
1.296293586492538452e-01
5.946854874491691589e-02
4.014023765921592712e-02
6.481080055236816406e-01
2.372542023658752441e-01
7.208893299102783203e-01
2.252656668424606323e-01
1.270353943109512329e-01
5.584906414151191711e-02
4.192139208316802979e-02
6.464411616325378418e-01
2.298278808593750000e-01
7.208991646766662598e-01
2.268515378236770630e-01
1.224811077117919922e-01
5.719005689024925232e-02
4.536991193890571594e-02
6.728956699371337891e-01
2.455080747604370117e-01
7.479035854339599609e-01
2.269800305366516113e-01
1.275010108947753906e-01
5.660672485828399658e-02
4.973154142498970032e-02
6.776844859123229980e-01
2.340210676193237305e-01
7.620477676391601562e-01
2.233759760856628418e-01
1.319686770439147949e-01
5.621350929141044617e-02
5.104023218154907227e-02
6.708582043647766113e-01
2.285970449447631836e-01
7.489647269248962402e-01
2.191139906644821167e-01
1.324388086795806885e-01
5.223702266812324524e-02
4.959863424301147461e-02
6.595055460929870605e-01
2.379245758056640625e-01
7.316710352897644043e-01
2.351410388946533203e-01
1.274362355470657349e-01
5.653114989399909973e-02
5.164293572306632996e-02
6.650078296661376953e-01
2.305489033460617065e-01
7.403351664543151855e-01
2.236384153366088867e-01
1.207472458481788635e-01
5.473278090357780457e-02
5.645591393113136292e-02
6.692976951599121094e-01
2.452680468559265137e-01
7.439103722572326660e-01
2.411172986030578613e-01
1.225606426596641541e-01
5.872455239295959473e-02
5.993244051933288574e-02
6.892051696777343750e-01
2.303583472967147827e-01
7.757995724678039551e-01
2.288078218698501587e-01
1.316676288843154907e-01
6.532267481088638306e-02
5.817161500453948975e-02
6.902639269828796387e-01
2.271801829338073730e-01
7.705897688865661621e-01
2.245848625898361206e-01
1.305002421140670776e-01
6.062744557857513428e-02
5.809189006686210632e-02
7.110980153083801270e-01
2.273263484239578247e-01
7.931647896766662598e-01
2.286018282175064087e-01
1.344906836748123169e-01
7.360053062438964844e-02
5.616601184010505676e-02
7.003323435783386230e-01
2.186482697725296021e-01
7.872159481048583984e-01
2.215626090764999390e-01
1.302836090326309204e-01
5.666768550872802734e-02
5.686471983790397644e-02
6.911296248435974121e-01
2.178260236978530884e-01
7.722547650337219238e-01
2.156729102134704590e-01
1.194482445716857910e-01
5.963391438126564026e-02
5.846690014004707336e-02
7.025110125541687012e-01
2.247900217771530151e-01
7.777358889579772949e-01
2.171637862920761108e-01
1.201573014259338379e-01
6.069515272974967957e-02
5.992075800895690918e-02
7.015311121940612793e-01
2.391918301582336426e-01
7.712813019752502441e-01
2.262142896652221680e-01
1.225885525345802307e-01
6.228726729750633240e-02
6.254177540540695190e-02
6.858467459678649902e-01
2.338960766792297363e-01
7.732271552085876465e-01
2.314234375953674316e-01
1.234866455197334290e-01
5.852018669247627258e-02
6.349581480026245117e-02
6.754841208457946777e-01
2.289258837699890137e-01
7.517933249473571777e-01
2.301928997039794922e-01
1.220411434769630432e-01
5.867306515574455261e-02
6.513123959302902222e-02
6.573825478553771973e-01
2.231673002243041992e-01
7.400580048561096191e-01
2.220929712057113647e-01
1.232335194945335388e-01
6.755948066711425781e-02
6.420803070068359375e-02
6.933720111846923828e-01
2.270954698324203491e-01
7.701383233070373535e-01
2.243610769510269165e-01
1.238748207688331604e-01
5.774308368563652039e-02
6.191970035433769226e-02
6.819688677787780762e-01
2.374446839094161987e-01
7.563288807868957520e-01
2.322620004415512085e-01
1.269084066152572632e-01
5.893476307392120361e-02
5.953557789325714111e-02
6.769552230834960938e-01
2.402696013450622559e-01
7.517189383506774902e-01
2.265028506517410278e-01
1.302983760833740234e-01
5.689274147152900696e-02
5.911777541041374207e-02
6.715609431266784668e-01
2.241727113723754883e-01
7.495811581611633301e-01
2.219413369894027710e-01
1.198624595999717712e-01
5.638549104332923889e-02
5.912040546536445618e-02
6.802437901496887207e-01
2.252047508955001831e-01
7.585473656654357910e-01
2.440773248672485352e-01
1.213961020112037659e-01
5.748427286744117737e-02
6.111190095543861389e-02
6.878139376640319824e-01
2.212657928466796875e-01
7.642507553100585938e-01
2.241323143243789673e-01
1.252436041831970215e-01
5.811819434165954590e-02
6.067632511258125305e-02
6.959411501884460449e-01
2.380755394697189331e-01
7.756185531616210938e-01
2.337485104799270630e-01
1.282659322023391724e-01
5.871766805648803711e-02
6.602887809276580811e-02
6.722757816314697266e-01
2.199710160493850708e-01
7.531583309173583984e-01
2.152601480484008789e-01
1.287098973989486694e-01
6.254255026578903198e-02
6.704556941986083984e-02
6.802304387092590332e-01
2.258682996034622192e-01
7.593377232551574707e-01
2.230412960052490234e-01
1.419520527124404907e-01
5.816962942481040955e-02
6.298734992742538452e-02
6.869711279869079590e-01
2.239336222410202026e-01
7.759180068969726562e-01
2.231891602277755737e-01
1.354096382856369019e-01
5.954996868968009949e-02
6.560789793729782104e-02
7.088465094566345215e-01
2.287561297416687012e-01
7.888824343681335449e-01
2.278281897306442261e-01
1.339764595031738281e-01
6.318763643503189087e-02
6.707075238227844238e-02
7.089292407035827637e-01
2.443411946296691895e-01
8.060374855995178223e-01
2.434246540069580078e-01
1.454370170831680298e-01
6.797731667757034302e-02
7.054892182350158691e-02
7.176244258880615234e-01
2.618620395660400391e-01
7.915651202201843262e-01
2.693925201892852783e-01
1.456202119588851929e-01
6.978543847799301147e-02
7.401206344366073608e-02
7.378838658332824707e-01
2.646942138671875000e-01
8.064911961555480957e-01
2.734566926956176758e-01
1.397926956415176392e-01
6.234885752201080322e-02
7.650741189718246460e-02
7.454079985618591309e-01
2.439307421445846558e-01
8.158351778984069824e-01
2.490009814500808716e-01
1.416876465082168579e-01
7.726907730102539062e-02
7.848118990659713745e-02
7.329638600349426270e-01
2.378255128860473633e-01
7.949011921882629395e-01
2.351562827825546265e-01
1.362711936235427856e-01
6.347301602363586426e-02
8.531876653432846069e-02
7.221415638923645020e-01
2.437315583229064941e-01
8.070788383483886719e-01
2.424058914184570312e-01
1.369263380765914917e-01
6.331317126750946045e-02
8.320587128400802612e-02
7.276627421379089355e-01
2.544174194335937500e-01
8.254490494728088379e-01
2.554200589656829834e-01
1.337763071060180664e-01
6.446933001279830933e-02
8.611778169870376587e-02
7.252995967864990234e-01
2.432477474212646484e-01
8.078311085700988770e-01
2.432020157575607300e-01
1.378722488880157471e-01
6.323858350515365601e-02
8.653891086578369141e-02
7.183324694633483887e-01
2.521152198314666748e-01
7.950668931007385254e-01
2.498935461044311523e-01
1.379289776086807251e-01
6.240414083003997803e-02
8.474925905466079712e-02
7.134430408477783203e-01
2.471585422754287720e-01
8.012393116950988770e-01
2.417335957288742065e-01
1.347910314798355103e-01
6.532861292362213135e-02
8.237766474485397339e-02
7.181196212768554688e-01
2.520073056221008301e-01
8.069598674774169922e-01
2.465372830629348755e-01
1.427414417266845703e-01
6.480973213911056519e-02
7.730975747108459473e-02
7.140119671821594238e-01
2.439294308423995972e-01
7.782118320465087891e-01
2.401052117347717285e-01
1.467658132314682007e-01
7.037355750799179077e-02
7.949679344892501831e-02
6.890659332275390625e-01
2.492095232009887695e-01
7.621591687202453613e-01
2.433332353830337524e-01
1.398899704217910767e-01
6.098833680152893066e-02
7.982181012630462646e-02
7.054715156555175781e-01
2.496726363897323608e-01
7.833325266838073730e-01
2.437833547592163086e-01
1.319865584373474121e-01
6.458701193332672119e-02
8.207775652408599854e-02
6.801611781120300293e-01
2.516743242740631104e-01
7.583031058311462402e-01
2.484008073806762695e-01
1.390948295593261719e-01
6.933361291885375977e-02
8.142086863517761230e-02
7.013131976127624512e-01
2.505247294902801514e-01
7.688844799995422363e-01
2.455558031797409058e-01
1.504419893026351929e-01
6.464169174432754517e-02
8.447057008743286133e-02
6.566092967987060547e-01
2.542578577995300293e-01
7.381889820098876953e-01
2.509116530418395996e-01
1.311563253402709961e-01
6.265538930892944336e-02
7.540535926818847656e-02
6.445440649986267090e-01
2.539724111557006836e-01
7.234188914299011230e-01
2.477171421051025391e-01
1.276730298995971680e-01
6.355762481689453125e-02
7.419701665639877319e-02
6.383490562438964844e-01
2.479532957077026367e-01
7.190648913383483887e-01
2.467112988233566284e-01
1.429747343063354492e-01
7.152359932661056519e-02
6.056693196296691895e-02
6.114661097526550293e-01
2.540053129196166992e-01
6.917693614959716797e-01
2.462781071662902832e-01
1.379020363092422485e-01
6.556645035743713379e-02
6.523689627647399902e-02
6.174904108047485352e-01
2.538292407989501953e-01
7.010162472724914551e-01
2.531205415725708008e-01
1.294474154710769653e-01
6.268600374460220337e-02
5.198355391621589661e-02
6.386231780052185059e-01
2.475625276565551758e-01
7.243360877037048340e-01
2.408165782690048218e-01
1.284399479627609253e-01
7.713437825441360474e-02
5.164597555994987488e-02
6.338043808937072754e-01
2.494155168533325195e-01
7.227002978324890137e-01
2.426494210958480835e-01
1.265134811401367188e-01
6.639356911182403564e-02
4.820512235164642334e-02
6.674465537071228027e-01
2.592767477035522461e-01
7.735748291015625000e-01
2.546160221099853516e-01
1.322932839393615723e-01
6.344033777713775635e-02
5.528378859162330627e-02
6.364474296569824219e-01
2.753429114818572998e-01
7.315621376037597656e-01
2.777846455574035645e-01
1.259985864162445068e-01
6.020630523562431335e-02
5.901101231575012207e-02
6.641312241554260254e-01
2.711256742477416992e-01
7.627174258232116699e-01
2.662686407566070557e-01
1.245903149247169495e-01
6.120797991752624512e-02
5.864191055297851562e-02
6.246367096900939941e-01
2.745872139930725098e-01
7.239446640014648438e-01
2.681876122951507568e-01
1.358622908592224121e-01
6.124685332179069519e-02
5.529337003827095032e-02
6.246969103813171387e-01
2.846004962921142578e-01
7.207848429679870605e-01
2.724344730377197266e-01
1.409666538238525391e-01
6.603249162435531616e-02
5.816715955734252930e-02
6.124902367591857910e-01
2.756547033786773682e-01
7.124909758567810059e-01
2.694425582885742188e-01
1.278516799211502075e-01
6.259623914957046509e-02
5.697692930698394775e-02
6.497197747230529785e-01
2.796753346920013428e-01
7.420856356620788574e-01
2.754922807216644287e-01
1.317986100912094116e-01
6.269916892051696777e-02
5.958618223667144775e-02
6.330186724662780762e-01
2.929054796695709229e-01
7.277433276176452637e-01
2.826422154903411865e-01
1.308404356241226196e-01
6.522309780120849609e-02
6.042741239070892334e-02
6.308336853981018066e-01
3.050368726253509521e-01
7.260699868202209473e-01
2.903642654418945312e-01
1.318396478891372681e-01
6.413323432207107544e-02
5.760223045945167542e-02
6.568073630332946777e-01
3.132537603378295898e-01
7.512590289115905762e-01
2.994954884052276611e-01
1.349968314170837402e-01
6.289788335561752319e-02
5.611826106905937195e-02
6.637994647026062012e-01
3.432461321353912354e-01
7.579627037048339844e-01
3.094637691974639893e-01
1.418620795011520386e-01
6.919785588979721069e-02
5.065879225730895996e-02
6.427316069602966309e-01
3.160819709300994873e-01
7.263600230216979980e-01
2.919822335243225098e-01
1.443577855825424194e-01
7.053720951080322266e-02
4.670194163918495178e-02
6.198778152465820312e-01
3.291531503200531006e-01
7.419934272766113281e-01
2.969104647636413574e-01
1.397119611501693726e-01
7.034473121166229248e-02
4.503673315048217773e-02
6.402081847190856934e-01
3.167876899242401123e-01
7.171227335929870605e-01
2.992692589759826660e-01
1.350068300962448120e-01
6.389662623405456543e-02
4.571630433201789856e-02
6.390457153320312500e-01
3.201975226402282715e-01
7.353475689888000488e-01
3.079947829246520996e-01
1.350323408842086792e-01
6.336349248886108398e-02
4.468261823058128357e-02
6.365002989768981934e-01
2.975222766399383545e-01
7.150321006774902344e-01
2.880121767520904541e-01
1.420319825410842896e-01
6.503723561763763428e-02
4.345849156379699707e-02
6.053039431571960449e-01
3.206306397914886475e-01
6.950511336326599121e-01
3.063115775585174561e-01
1.472925692796707153e-01
6.720163673162460327e-02
4.501184821128845215e-02
6.236453652381896973e-01
3.352707326412200928e-01
7.102295756340026855e-01
3.014160096645355225e-01
1.394852399826049805e-01
7.099152356386184692e-02
4.270322248339653015e-02
6.336684823036193848e-01
2.871612608432769775e-01
7.586370110511779785e-01
2.759279012680053711e-01
1.346567273139953613e-01
6.630384176969528198e-02
4.300380870699882507e-02
6.537362337112426758e-01
3.141128718852996826e-01
7.524392008781433105e-01
2.870483398437500000e-01
1.386057585477828979e-01
8.292115479707717896e-02
4.857008159160614014e-02
6.389842033386230469e-01
2.866481840610504150e-01
7.261867523193359375e-01
2.915726304054260254e-01
1.285689026117324829e-01
7.578140497207641602e-02
5.464013293385505676e-02
6.305165886878967285e-01
2.758635580539703369e-01
7.235491871833801270e-01
2.737980484962463379e-01
1.300524324178695679e-01
6.404343992471694946e-02
5.649005249142646790e-02
6.589642167091369629e-01
2.733886539936065674e-01
7.429946064949035645e-01
2.674584388732910156e-01
1.328021436929702759e-01
6.311671435832977295e-02
5.295090749859809875e-02
6.779099106788635254e-01
2.588881254196166992e-01
7.745621204376220703e-01
2.619410455226898193e-01
1.311166733503341675e-01
6.298609077930450439e-02
4.727165773510932922e-02
6.761920452117919922e-01
2.607244551181793213e-01
7.657545208930969238e-01
2.656456530094146729e-01
1.324812322854995728e-01
6.294260919094085693e-02
4.084928333759307861e-02
7.305941581726074219e-01
2.561934888362884521e-01
8.313643336296081543e-01
2.608947753906250000e-01
1.323014348745346069e-01
6.722857803106307983e-02
3.887199983000755310e-02
7.456939816474914551e-01
2.611845433712005615e-01
8.527417182922363281e-01
2.688539922237396240e-01
1.293345540761947632e-01
6.408093124628067017e-02
3.859188780188560486e-02
7.732923626899719238e-01
2.551470994949340820e-01
8.643295168876647949e-01
2.678016722202301025e-01
1.305955797433853149e-01
6.284264475107192993e-02
3.860394284129142761e-02
7.694018483161926270e-01
2.466100901365280151e-01
8.672935366630554199e-01
2.571779489517211914e-01
1.317559480667114258e-01
6.449970602989196777e-02
3.904231265187263489e-02
7.534899711608886719e-01
2.411828041076660156e-01
8.521279692649841309e-01
2.550531625747680664e-01
1.286970525979995728e-01
6.658472865819931030e-02
3.974329680204391479e-02
7.190290093421936035e-01
2.404658794403076172e-01
8.232574462890625000e-01
2.532729208469390869e-01
1.326520889997482300e-01
6.590958684682846069e-02
3.896624222397804260e-02
7.428683638572692871e-01
2.518521249294281006e-01
8.441359400749206543e-01
2.630454599857330322e-01
1.338776499032974243e-01
6.424497812986373901e-02
3.979533538222312927e-02
7.439401745796203613e-01
2.492135167121887207e-01
8.475040793418884277e-01
2.600029408931732178e-01
1.297808438539505005e-01
6.549212336540222168e-02
3.984232619404792786e-02
7.409470081329345703e-01
2.556312978267669678e-01
8.430004715919494629e-01
2.644836902618408203e-01
1.327749490737915039e-01
6.873289495706558228e-02
3.867945447564125061e-02
7.168596386909484863e-01
2.540684640407562256e-01
8.147856593132019043e-01
2.603771388530731201e-01
1.337754428386688232e-01
6.988715380430221558e-02
3.946152701973915100e-02
7.152590155601501465e-01
2.487085014581680298e-01
8.121131062507629395e-01
2.635890841484069824e-01
1.336744278669357300e-01
7.036276906728744507e-02
4.052032902836799622e-02
7.103959918022155762e-01
2.432684898376464844e-01
8.009615540504455566e-01
2.564913928508758545e-01
1.369862407445907593e-01
7.164286822080612183e-02
4.130278527736663818e-02
7.221406102180480957e-01
2.445479631423950195e-01
8.230021595954895020e-01
2.586797177791595459e-01
1.297654956579208374e-01
6.691929697990417480e-02
4.135255515575408936e-02
7.055785059928894043e-01
2.462487667798995972e-01
8.022332787513732910e-01
2.554067373275756836e-01
1.330594122409820557e-01
6.953547149896621704e-02
4.103553667664527893e-02
6.945562362670898438e-01
2.559696733951568604e-01
7.946727871894836426e-01
2.688547968864440918e-01
1.355014294385910034e-01
7.132457941770553589e-02
4.033263027667999268e-02
7.021415829658508301e-01
2.513693273067474365e-01
7.895836830139160156e-01
2.688242495059967041e-01
1.315791457891464233e-01
7.270900905132293701e-02
4.030217230319976807e-02
6.964104771614074707e-01
2.480641007423400879e-01
7.879342436790466309e-01
2.632504403591156006e-01
1.304293423891067505e-01
7.606801390647888184e-02
4.041669890284538269e-02
6.789218783378601074e-01
2.482025623321533203e-01
7.717730998992919922e-01
2.583854496479034424e-01
1.333900243043899536e-01
7.690467685461044312e-02
4.131635650992393494e-02
6.839780211448669434e-01
2.502487599849700928e-01
7.648901939392089844e-01
2.615260779857635498e-01
1.379671841859817505e-01
7.733877748250961304e-02
4.027901962399482727e-02
6.645669937133789062e-01
2.505921125411987305e-01
7.428758740425109863e-01
2.644711434841156006e-01
1.535281985998153687e-01
7.834338396787643433e-02
4.019940271973609924e-02
6.456823945045471191e-01
2.504279911518096924e-01
7.275003790855407715e-01
2.650610804557800293e-01
1.580711156129837036e-01
8.336020261049270630e-02
3.999500349164009094e-02
6.617182493209838867e-01
2.549595534801483154e-01
7.421595454216003418e-01
2.626117467880249023e-01
1.653113514184951782e-01
8.361033350229263306e-02
4.061820730566978455e-02
6.879470944404602051e-01
2.658562362194061279e-01
7.768322825431823730e-01
2.702167034149169922e-01
1.767088621854782104e-01
8.426132798194885254e-02
4.033647105097770691e-02
7.203069329261779785e-01
2.748196125030517578e-01
8.174327015876770020e-01
2.765442132949829102e-01
1.856403350830078125e-01
8.328893780708312988e-02
4.004190117120742798e-02
8.076469302177429199e-01
2.859639227390289307e-01
8.904878497123718262e-01
2.855764925479888916e-01
1.741707324981689453e-01
8.183274418115615845e-02
4.096936061978340149e-02
8.855453133583068848e-01
2.910319268703460693e-01
9.949046969413757324e-01
2.939666211605072021e-01
1.702616959810256958e-01
8.416960388422012329e-02
4.259461164474487305e-02
8.739836215972900391e-01
2.968444526195526123e-01
1.000001907348632812e+00
2.955187559127807617e-01
1.758463382720947266e-01
8.517508953809738159e-02
4.382864758372306824e-02
8.674228787422180176e-01
3.013361394405364990e-01
9.822977185249328613e-01
3.059021234512329102e-01
1.822868436574935913e-01
8.314733952283859253e-02
4.588295891880989075e-02
8.705890774726867676e-01
3.070585429668426514e-01
9.822280406951904297e-01
3.097546398639678955e-01
1.970117241144180298e-01
8.554730564355850220e-02
4.720164462924003601e-02
8.013876080513000488e-01
3.130396902561187744e-01
9.075962901115417480e-01
3.179164826869964600e-01
2.191559523344039917e-01
9.432456642389297485e-02
4.738070443272590637e-02
7.269204258918762207e-01
3.279206454753875732e-01
8.221859931945800781e-01
3.336404263973236084e-01
2.340653389692306519e-01
9.916441887617111206e-02
4.695343971252441406e-02
6.967383027076721191e-01
3.507610857486724854e-01
8.110260367393493652e-01
3.440471589565277100e-01
2.520017325878143311e-01
8.955517411231994629e-02
4.605171084403991699e-02
7.122362256050109863e-01
3.579630851745605469e-01
8.104959130287170410e-01
3.517778813838958740e-01
2.518766820430755615e-01
8.947046846151351929e-02
4.563839733600616455e-02
7.385501861572265625e-01
3.663685619831085205e-01
8.370359539985656738e-01
3.536783158779144287e-01
2.449750900268554688e-01
8.935650438070297241e-02
4.577329754829406738e-02
7.800483107566833496e-01
3.583484590053558350e-01
8.866530060768127441e-01
3.499887883663177490e-01
2.367280721664428711e-01
8.815643936395645142e-02
4.446398094296455383e-02
7.603840827941894531e-01
3.416585922241210938e-01
9.082743525505065918e-01
3.446207046508789062e-01
2.328101992607116699e-01
8.845061063766479492e-02
4.532720521092414856e-02
8.185014128684997559e-01
3.441637754440307617e-01
9.062083363533020020e-01
3.473809063434600830e-01
2.003124207258224487e-01
9.040123969316482544e-02
3.978741541504859924e-02
8.061966300010681152e-01
3.280463516712188721e-01
9.060357213020324707e-01
3.423046767711639404e-01
1.976676732301712036e-01
9.270232915878295898e-02
3.921858593821525574e-02
7.860715985298156738e-01
3.430328667163848877e-01
8.600032925605773926e-01
3.343855440616607666e-01
2.012059837579727173e-01
9.133869409561157227e-02
3.903895244002342224e-02
7.300183176994323730e-01
3.278018534183502197e-01
8.415434956550598145e-01
3.423665463924407959e-01
2.035436034202575684e-01
9.138687700033187866e-02
3.956304118037223816e-02
7.130460739135742188e-01
3.297632038593292236e-01
7.928197979927062988e-01
3.379142284393310547e-01
1.913676261901855469e-01
9.430233389139175415e-02
4.076494649052619934e-02
7.343946099281311035e-01
3.393166959285736084e-01
8.070098757743835449e-01
3.417799472808837891e-01
1.716345697641372681e-01
9.115737676620483398e-02
4.242187738418579102e-02
8.016798496246337891e-01
3.412092626094818115e-01
8.970667719841003418e-01
3.337551057338714600e-01
1.561806797981262207e-01
9.351035207509994507e-02
4.069589078426361084e-02
7.883840203285217285e-01
3.271787166595458984e-01
8.629334568977355957e-01
3.322639763355255127e-01
1.494252532720565796e-01
9.064421802759170532e-02
3.935162723064422607e-02
6.533034443855285645e-01
3.401800096035003662e-01
7.310426235198974609e-01
3.556977212429046631e-01
1.601081341505050659e-01
9.090181440114974976e-02
3.775860369205474854e-02
5.089743137359619141e-01
3.417259156703948975e-01
5.685213208198547363e-01
3.509813845157623291e-01
1.547548323869705200e-01
9.083601087331771851e-02
3.679513558745384216e-02
4.784188568592071533e-01
3.612518608570098877e-01
4.987562894821166992e-01
3.591091334819793701e-01
1.456799358129501343e-01
9.259226173162460327e-02
3.682391718029975891e-02
4.728217422962188721e-01
3.736908435821533203e-01
5.069914460182189941e-01
3.831038177013397217e-01
1.487572640180587769e-01
9.660184383392333984e-02
3.641013428568840027e-02
4.687911570072174072e-01
4.006992280483245850e-01
5.008218288421630859e-01
4.133810997009277344e-01
1.524084359407424927e-01
9.238321334123611450e-02
3.731534630060195923e-02
5.219704508781433105e-01
3.754056990146636963e-01
5.511383414268493652e-01
3.832240104675292969e-01
1.397761702537536621e-01
8.860609680414199829e-02
3.608922660350799561e-02
5.701090693473815918e-01
3.227552473545074463e-01
6.156738996505737305e-01
3.296250402927398682e-01
1.511652767658233643e-01
9.128484874963760376e-02
3.631912171840667725e-02
5.603873133659362793e-01
3.275254964828491211e-01
6.071555018424987793e-01
3.231000602245330811e-01
1.414754539728164673e-01
9.552308171987533569e-02
3.558126464486122131e-02
5.502080321311950684e-01
3.057056963443756104e-01
5.913439393043518066e-01
3.155250847339630127e-01
1.271716505289077759e-01
9.772939234972000122e-02
3.689006343483924866e-02
6.100988984107971191e-01
2.845792770385742188e-01
6.640131473541259766e-01
3.008778393268585205e-01
1.322952508926391602e-01
8.685737848281860352e-02
3.629190102219581604e-02
5.748365521430969238e-01
2.858582139015197754e-01
6.213522553443908691e-01
2.930397689342498779e-01
1.326039284467697144e-01
8.785396814346313477e-02
3.596192970871925354e-02
5.566592812538146973e-01
2.792470157146453857e-01
5.879315733909606934e-01
2.966845333576202393e-01
1.347348839044570923e-01
8.370813727378845215e-02
3.578381612896919250e-02
5.405247211456298828e-01
2.856904268264770508e-01
5.852853655815124512e-01
2.961988747119903564e-01
1.346043199300765991e-01
9.076342731714248657e-02
3.572570905089378357e-02
5.619597434997558594e-01
2.959997951984405518e-01
5.976361632347106934e-01
3.046147525310516357e-01
1.419339627027511597e-01
8.871536701917648315e-02
3.665735200047492981e-02
5.574779510498046875e-01
2.948841750621795654e-01
5.911018848419189453e-01
3.031846284866333008e-01
1.369353085756301880e-01
8.439628034830093384e-02
3.632506728172302246e-02
5.086893439292907715e-01
2.858462631702423096e-01
6.065653562545776367e-01
3.034779131412506104e-01
1.420670151710510254e-01
8.817801624536514282e-02
3.764523193240165710e-02
5.591062307357788086e-01
2.876580655574798584e-01
5.995207428932189941e-01
2.975104451179504395e-01
1.410546749830245972e-01
8.487083762884140015e-02
4.080331325531005859e-02
5.987941622734069824e-01
2.784758210182189941e-01
6.516957879066467285e-01
2.903867661952972412e-01
1.458879560232162476e-01
8.494528383016586304e-02
3.747191280126571655e-02
6.085004806518554688e-01
2.811997234821319580e-01
6.379550099372863770e-01
2.961586117744445801e-01
1.367162913084030151e-01
8.790444582700729370e-02
3.573033586144447327e-02
5.559661984443664551e-01
2.742172181606292725e-01
6.188763976097106934e-01
2.886438071727752686e-01
1.456378102302551270e-01
8.629766851663589478e-02
3.540380299091339111e-02
5.381279587745666504e-01
2.803946435451507568e-01
5.692126750946044922e-01
2.945803701877593994e-01
1.441315412521362305e-01
8.696679025888442993e-02
3.489330783486366272e-02
5.921792387962341309e-01
2.758896350860595703e-01
6.294384598731994629e-01
2.903964221477508545e-01
1.464559435844421387e-01
9.011027216911315918e-02
3.472134843468666077e-02
6.255386471748352051e-01
2.876747548580169678e-01
6.545972228050231934e-01
2.985664606094360352e-01
1.423321217298507690e-01
9.041587263345718384e-02
3.447824716567993164e-02
5.734620690345764160e-01
2.845819890499114990e-01
6.310340166091918945e-01
3.026741445064544678e-01
1.476491689682006836e-01
8.813204616308212280e-02
3.417967632412910461e-02
5.023755431175231934e-01
2.790117263793945312e-01
5.480042695999145508e-01
2.967638671398162842e-01
1.418384760618209839e-01
8.874115347862243652e-02
3.462137654423713684e-02
4.535311162471771240e-01
2.786580622196197510e-01
5.079278349876403809e-01
2.979930341243743896e-01
1.423216909170150757e-01
8.794341236352920532e-02
3.442775458097457886e-02
4.440933763980865479e-01
3.041827678680419922e-01
4.854413568973541260e-01
3.134126961231231689e-01
1.384001225233078003e-01
8.788007497787475586e-02
3.440187126398086548e-02
4.373066425323486328e-01
3.346364498138427734e-01
4.842153489589691162e-01
3.494169712066650391e-01
1.396700590848922729e-01
8.798261731863021851e-02
3.510803729295730591e-02
4.710402488708496094e-01
3.834011554718017578e-01
5.136880278587341309e-01
3.708104193210601807e-01
1.465564221143722534e-01
9.024385362863540649e-02
3.485761582851409912e-02
4.826298952102661133e-01
4.232322275638580322e-01
5.309758782386779785e-01
4.134073257446289062e-01
1.484534591436386108e-01
9.289541840553283691e-02
3.666900843381881714e-02
4.917021691799163818e-01
3.754411041736602783e-01
5.446392893791198730e-01
3.740110397338867188e-01
1.534549146890640259e-01
8.397507667541503906e-02
4.199841991066932678e-02
5.126377344131469727e-01
3.389040529727935791e-01
5.616249442100524902e-01
3.552559316158294678e-01
1.724651008844375610e-01
8.458461612462997437e-02
4.053280130028724670e-02
4.670774042606353760e-01
3.216170966625213623e-01
4.987648427486419678e-01
3.411132395267486572e-01
1.424849033355712891e-01
8.784210681915283203e-02
4.280254244804382324e-02
4.362887442111968994e-01
3.417011499404907227e-01
4.974526464939117432e-01
3.547740280628204346e-01
1.334664821624755859e-01
1.029444634914398193e-01
4.090122878551483154e-02
4.255673885345458984e-01
3.384860455989837646e-01
4.668527841567993164e-01
3.556765019893646240e-01
1.390575170516967773e-01
1.086637601256370544e-01
4.055023938417434692e-02
4.439059197902679443e-01
3.408959209918975830e-01
4.860973358154296875e-01
3.612947463989257812e-01
1.430767029523849487e-01
1.013971567153930664e-01
4.082264378666877747e-02
4.405260980129241943e-01
3.423253595829010010e-01
4.876469075679779053e-01
3.634987175464630127e-01
1.394322663545608521e-01
9.405482560396194458e-02
4.325881600379943848e-02
4.839784204959869385e-01
3.676050901412963867e-01
5.049553513526916504e-01
3.844456374645233154e-01
1.405227035284042358e-01
9.247133880853652954e-02
4.361535236239433289e-02
4.447048604488372803e-01
3.502111136913299561e-01
4.849448204040527344e-01
3.663486242294311523e-01
1.405075639486312866e-01
9.148386120796203613e-02
4.564116522669792175e-02
4.299143552780151367e-01
3.569189608097076416e-01
4.979554414749145508e-01
3.703511953353881836e-01
1.450372338294982910e-01
8.975267410278320312e-02
5.161349847912788391e-02
4.271327555179595947e-01
3.381299972534179688e-01
4.550197422504425049e-01
3.721185624599456787e-01
1.590417623519897461e-01
1.224804520606994629e-01
5.113164708018302917e-02
4.249965250492095947e-01
3.604293763637542725e-01
4.580143392086029053e-01
3.713395893573760986e-01
1.474549472332000732e-01
9.505763649940490723e-02
6.467023491859436035e-02
4.161799848079681396e-01
3.474810123443603516e-01
4.487827122211456299e-01
3.681471645832061768e-01
1.390646249055862427e-01
9.348434209823608398e-02
4.914893209934234619e-02
3.993220031261444092e-01
3.622078001499176025e-01
4.410424530506134033e-01
3.998068869113922119e-01
1.485788673162460327e-01
9.005379676818847656e-02
5.615545436739921570e-02
4.047372341156005859e-01
3.713301718235015869e-01
4.387136995792388916e-01
3.766959011554718018e-01
1.409533619880676270e-01
9.849422425031661987e-02
5.623837932944297791e-02
4.243247509002685547e-01
3.465074300765991211e-01
4.717917442321777344e-01
3.577496111392974854e-01
1.526964455842971802e-01
9.687051177024841309e-02
5.589900538325309753e-02
4.410661458969116211e-01
3.621844947338104248e-01
4.858789145946502686e-01
3.484911620616912842e-01
1.375529319047927856e-01
9.747767448425292969e-02
5.752725526690483093e-02
4.202054440975189209e-01
3.598947227001190186e-01
4.646148383617401123e-01
3.814257085323333740e-01
1.401194185018539429e-01
9.156865626573562622e-02
6.334165483713150024e-02
4.268102645874023438e-01
3.560152947902679443e-01
4.637669026851654053e-01
3.543900549411773682e-01
1.426148563623428345e-01
8.233536034822463989e-02
6.673002988100051880e-02
4.224789142608642578e-01
3.286103904247283936e-01
4.600147306919097900e-01
3.291065990924835205e-01
1.447456777095794678e-01
8.399823307991027832e-02
6.775233894586563110e-02
4.233381748199462891e-01
2.992506921291351318e-01
4.551988542079925537e-01
3.127992451190948486e-01
1.476193070411682129e-01
8.663767576217651367e-02
6.442020088434219360e-02
4.400121271610260010e-01
2.958142161369323730e-01
4.833378791809082031e-01
2.961379289627075195e-01
1.348783373832702637e-01
8.469598740339279175e-02
6.811942905187606812e-02
4.500298500061035156e-01
2.916277348995208740e-01
4.954436123371124268e-01
3.003213703632354736e-01
1.546863317489624023e-01
8.545535057783126831e-02
6.891808658838272095e-02
4.598346650600433350e-01
2.990633547306060791e-01
5.140161514282226562e-01
2.886933982372283936e-01
1.371846795082092285e-01
8.303650468587875366e-02
7.091742753982543945e-02
4.847885072231292725e-01
2.812252342700958252e-01
5.336476564407348633e-01
2.873153984546661377e-01
1.386443227529525757e-01
8.163202553987503052e-02
6.506744772195816040e-02
4.924014508724212646e-01
2.830165922641754150e-01
5.525211691856384277e-01
2.854801118373870850e-01
1.333052068948745728e-01
9.044113755226135254e-02
5.967009067535400391e-02
4.846959114074707031e-01
2.796279489994049072e-01
5.544317364692687988e-01
2.899388074874877930e-01
1.454217135906219482e-01
8.921634405851364136e-02
5.646036192774772644e-02
4.962793886661529541e-01
2.962769567966461182e-01
5.334733128547668457e-01
2.985990047454833984e-01
1.201063096523284912e-01
8.945725113153457642e-02
5.838316306471824646e-02
4.499037563800811768e-01
2.869471609592437744e-01
4.948091506958007812e-01
2.952690422534942627e-01
1.277895569801330566e-01
8.299071341753005981e-02
5.229523777961730957e-02
4.531713426113128662e-01
2.865576148033142090e-01
4.910691976547241211e-01
2.906607687473297119e-01
1.288921684026718140e-01
8.103994280099868774e-02
5.151858553290367126e-02
4.513215720653533936e-01
3.015058338642120361e-01
4.957246780395507812e-01
3.020181357860565186e-01
1.309775561094284058e-01
8.107610046863555908e-02
4.823175072669982910e-02
4.648812711238861084e-01
3.112252652645111084e-01
4.970359504222869873e-01
3.264935314655303955e-01
1.322130709886550903e-01
9.085226058959960938e-02
4.296851530671119690e-02
4.817796647548675537e-01
3.168763220310211182e-01
5.206550359725952148e-01
3.131094276905059814e-01
1.314609050750732422e-01
8.972477912902832031e-02
3.876833245158195496e-02
4.798365533351898193e-01
3.010872602462768555e-01
5.669538974761962891e-01
3.066330850124359131e-01
1.342769861221313477e-01
7.621210068464279175e-02
3.676433116197586060e-02
4.764366149902343750e-01
2.980194091796875000e-01
5.208135247230529785e-01
3.010503947734832764e-01
1.360845565795898438e-01
7.918855547904968262e-02
3.559313341975212097e-02
5.112615227699279785e-01
3.140345811843872070e-01
5.542339086532592773e-01
3.128433525562286377e-01
1.332265585660934448e-01
8.144082874059677124e-02
3.142929449677467346e-02
4.908346235752105713e-01
3.057329356670379639e-01
5.368993282318115234e-01
3.081313073635101318e-01
1.336973160505294800e-01
8.055251091718673706e-02
2.993874810636043549e-02
4.693246781826019287e-01
3.138857185840606689e-01
5.255054831504821777e-01
3.083047568798065186e-01
1.366356611251831055e-01
8.295973390340805054e-02
2.775566466152667999e-02
4.601503908634185791e-01
3.118877708911895752e-01
4.955235421657562256e-01
3.114859163761138916e-01
1.341943144798278809e-01
8.349602669477462769e-02
2.594266086816787720e-02
4.687035977840423584e-01
3.167205750942230225e-01
5.421093106269836426e-01
3.124676644802093506e-01
1.210220083594322205e-01
8.206333220005035400e-02
2.679502964019775391e-02
4.858603179454803467e-01
3.014872074127197266e-01
5.137760639190673828e-01
3.095423281192779541e-01
1.301352828741073608e-01
8.174260705709457397e-02
2.605156041681766510e-02
5.094744563102722168e-01
3.145873248577117920e-01
5.368663668632507324e-01
3.184281289577484131e-01
1.257961541414260864e-01
8.574322611093521118e-02
2.586098015308380127e-02
4.155236780643463135e-01
3.117460906505584717e-01
4.381173551082611084e-01
3.141608238220214844e-01
1.282768249511718750e-01
8.444198966026306152e-02
2.773997187614440918e-02
3.833023607730865479e-01
2.926930785179138184e-01
4.091627597808837891e-01
3.006114661693572998e-01
1.241885647177696228e-01
8.882304280996322632e-02
2.759760431945323944e-02
3.799085915088653564e-01
2.958886027336120605e-01
4.008125364780426025e-01
2.938485443592071533e-01
1.214684471487998962e-01
8.617646247148513794e-02
2.767294459044933319e-02
3.992054462432861328e-01
3.009411990642547607e-01
4.447920322418212891e-01
3.058211803436279297e-01
1.232444867491722107e-01
8.502274751663208008e-02
2.552806772291660309e-02
4.360265731811523438e-01
3.175344765186309814e-01
4.735133945941925049e-01
3.046478033065795898e-01
1.288129091262817383e-01
9.934338182210922241e-02
2.784274332225322723e-02
4.701765477657318115e-01
3.275270164012908936e-01
5.309310555458068848e-01
3.064122498035430908e-01
1.306758075952529907e-01
8.622790127992630005e-02
2.328261174261569977e-02
5.327948927879333496e-01
3.148375451564788818e-01
5.724952816963195801e-01
3.141774833202362061e-01
1.256036907434463501e-01
8.941137045621871948e-02
2.351967059075832367e-02
5.990582704544067383e-01
3.186369836330413818e-01
6.679937839508056641e-01
3.110885322093963623e-01
1.359606981277465820e-01
8.713733404874801636e-02
2.308864891529083252e-02
6.159341335296630859e-01
3.124109208583831787e-01
6.609498858451843262e-01
3.062699437141418457e-01
1.277952194213867188e-01
9.108751267194747925e-02
2.256260812282562256e-02
5.806497931480407715e-01
3.143537044525146484e-01
6.364316940307617188e-01
3.085173368453979492e-01
1.234459057450294495e-01
9.483271092176437378e-02
2.279039286077022552e-02
6.052999496459960938e-01
3.075868487358093262e-01
6.781597137451171875e-01
2.961614131927490234e-01
1.244614049792289734e-01
9.000162035226821899e-02
2.291920036077499390e-02
6.175655722618103027e-01
3.080991208553314209e-01
6.843543648719787598e-01
2.975316941738128662e-01
1.177860423922538757e-01
8.624928444623947144e-02
2.279518544673919678e-02
5.963500738143920898e-01
3.169465363025665283e-01
6.608684659004211426e-01
2.998794019222259521e-01
1.150721088051795959e-01
8.351269364356994629e-02
2.319522760808467865e-02
5.686121582984924316e-01
2.957942187786102295e-01
6.319203972816467285e-01
2.882167398929595947e-01
1.143113002181053162e-01
8.712893724441528320e-02
2.496528439223766327e-02
5.945580601692199707e-01
2.832603454589843750e-01
6.453394293785095215e-01
2.844516932964324951e-01
1.108136251568794250e-01
8.773693442344665527e-02
2.381481789052486420e-02
5.906807780265808105e-01
2.926819026470184326e-01
6.173595786094665527e-01
3.025155365467071533e-01
1.121782138943672180e-01
8.379416912794113159e-02
2.274208702147006989e-02
5.717465281486511230e-01
2.791424095630645752e-01
6.214312314987182617e-01
2.815947532653808594e-01
1.130855977535247803e-01
8.352422714233398438e-02
2.276836894452571869e-02
5.651621222496032715e-01
2.965836226940155029e-01
6.127060651779174805e-01
2.944842278957366943e-01
1.195155605673789978e-01
8.531392365694046021e-02
2.412166632711887360e-02
5.905621647834777832e-01
2.995788753032684326e-01
6.345312595367431641e-01
2.943659722805023193e-01
1.131436005234718323e-01
8.280978351831436157e-02
2.336929552257061005e-02
5.862829089164733887e-01
3.112657964229583740e-01
6.465457081794738770e-01
3.053315579891204834e-01
1.164187416434288025e-01
9.180649369955062866e-02
2.350875176489353180e-02
5.541989803314208984e-01
2.988857328891754150e-01
6.108567118644714355e-01
2.902662754058837891e-01
1.119865998625755310e-01
8.350867778062820435e-02
2.370215021073818207e-02
5.204585790634155273e-01
2.897599637508392334e-01
5.648776888847351074e-01
2.920879721641540527e-01
1.125653311610221863e-01
8.755880594253540039e-02
2.612315863370895386e-02
5.044500827789306641e-01
2.935449182987213135e-01
5.599744915962219238e-01
2.946811020374298096e-01
1.183644533157348633e-01
8.712465316057205200e-02
2.616577595472335815e-02
5.172615647315979004e-01
2.880837023258209229e-01
5.595389008522033691e-01
2.831304967403411865e-01
1.137263178825378418e-01
8.992274850606918335e-02
2.644766867160797119e-02
5.804755091667175293e-01
2.847688496112823486e-01
6.359578967094421387e-01
2.774352133274078369e-01
1.102998554706573486e-01
8.893441408872604370e-02
2.813090942800045013e-02
6.438419222831726074e-01
2.981250882148742676e-01
6.954211592674255371e-01
2.880145609378814697e-01
1.126216873526573181e-01
8.909633755683898926e-02
2.916859090328216553e-02
7.556801438331604004e-01
3.146649897098541260e-01
8.629929423332214355e-01
2.968343496322631836e-01
1.131204366683959961e-01
9.059991687536239624e-02
3.190536424517631531e-02
8.146135210990905762e-01
3.411937654018402100e-01
8.967154622077941895e-01
3.277911245822906494e-01
1.083074137568473816e-01
8.655884116888046265e-02
3.084934502840042114e-02
8.960124850273132324e-01
3.721268177032470703e-01
9.692718386650085449e-01
3.754694163799285889e-01
1.247323378920555115e-01
8.909941464662551880e-02
3.040216676890850067e-02
8.923990130424499512e-01
3.996066153049468994e-01
9.485885500907897949e-01
4.499291479587554932e-01
1.146768108010292053e-01
8.860561996698379517e-02
2.364872954785823822e-02
9.845025539398193359e-01
3.677660524845123291e-01
1.013074874877929688e+00
3.521370887756347656e-01
1.158791109919548035e-01
8.504307270050048828e-02
2.378709614276885986e-02
1.037853837013244629e+00
3.276632428169250488e-01
1.118429303169250488e+00
2.980485856533050537e-01
1.232602596282958984e-01
7.957575470209121704e-02
2.584574557840824127e-02
1.002011775970458984e+00
3.119497001171112061e-01
1.058332681655883789e+00
2.900260388851165771e-01
1.183000430464744568e-01
8.538506180047988892e-02
2.543630637228488922e-02
9.432875514030456543e-01
3.152936398983001709e-01
1.014705419540405273e+00
2.896206378936767578e-01
1.123731657862663269e-01
9.060567617416381836e-02
2.476954646408557892e-02
9.909363389015197754e-01
3.131229877471923828e-01
1.123082280158996582e+00
2.946831285953521729e-01
1.140411496162414551e-01
8.678079396486282349e-02
2.503460645675659180e-02
1.015926480293273926e+00
3.153894841670989990e-01
1.116412043571472168e+00
2.748861312866210938e-01
1.124741062521934509e-01
8.151004463434219360e-02
2.586639486253261566e-02
9.525271058082580566e-01
3.237131237983703613e-01
1.064081549644470215e+00
2.859955430030822754e-01
1.256136149168014526e-01
8.272381871938705444e-02
2.593507058918476105e-02
8.960299491882324219e-01
3.330425918102264404e-01
9.605925679206848145e-01
2.992345988750457764e-01
1.106992587447166443e-01
8.358582109212875366e-02
2.650434337556362152e-02
9.616187214851379395e-01
3.198817074298858643e-01
1.031272053718566895e+00
2.980678975582122803e-01
1.123453900218009949e-01
7.968433201313018799e-02
2.730516530573368073e-02
9.171848297119140625e-01
3.283711373805999756e-01
9.398126602172851562e-01
2.837044298648834229e-01
1.184765696525573730e-01
8.341131359338760376e-02
2.854220010340213776e-02
9.126020073890686035e-01
3.065281212329864502e-01
9.476615786552429199e-01
2.850989401340484619e-01
1.144836768507957458e-01
8.092484623193740845e-02
2.767778001725673676e-02
8.414341807365417480e-01
3.248493373394012451e-01
8.872360587120056152e-01
2.941863536834716797e-01
1.158465668559074402e-01
7.877594977617263794e-02
2.695373632013797760e-02
8.532514572143554688e-01
3.309029042720794678e-01
9.135453104972839355e-01
2.958107292652130127e-01
1.061559915542602539e-01
7.089263200759887695e-02
2.465057373046875000e-02
8.747865557670593262e-01
3.343976438045501709e-01
9.208843111991882324e-01
2.946812808513641357e-01
1.079189106822013855e-01
6.707445532083511353e-02
2.356780320405960083e-02
8.285288214683532715e-01
3.563136160373687744e-01
8.716936707496643066e-01
3.026313781738281250e-01
1.084580346941947937e-01
7.065167278051376343e-02
2.484373748302459717e-02
7.521789073944091797e-01
3.677332401275634766e-01
7.915436625480651855e-01
3.268417119979858398e-01
1.102831736207008362e-01
6.954393535852432251e-02
2.498834580183029175e-02
7.227355837821960449e-01
3.405910432338714600e-01
7.766510844230651855e-01
2.984150648117065430e-01
1.155548319220542908e-01
6.999740749597549438e-02
2.319459617137908936e-02
7.377076148986816406e-01
3.334695994853973389e-01
7.751019597053527832e-01
2.905436456203460693e-01
1.156492531299591064e-01
7.068983465433120728e-02
2.226558327674865723e-02
7.974675297737121582e-01
3.153725564479827881e-01
8.446529507637023926e-01
3.150712549686431885e-01
1.126272901892662048e-01
6.954582780599594116e-02
2.204119600355625153e-02
9.011721014976501465e-01
3.285769522190093994e-01
9.676125645637512207e-01
2.882674634456634521e-01
1.111631989479064941e-01
7.666761428117752075e-02
2.147030644118785858e-02
7.841342091560363770e-01
3.128468096256256104e-01
8.406278491020202637e-01
3.072236776351928711e-01
1.079923734068870544e-01
7.233667373657226562e-02
1.865950226783752441e-02
9.283375144004821777e-01
3.800590932369232178e-01
1.016168951988220215e+00
3.637000322341918945e-01
1.123623475432395935e-01
7.309555262327194214e-02
1.831001229584217072e-02
9.591413140296936035e-01
4.144334793090820312e-01
1.063470959663391113e+00
3.866885006427764893e-01
1.116279289126396179e-01
7.612245529890060425e-02
1.856546103954315186e-02
8.292493820190429688e-01
3.821549415588378906e-01
8.878028988838195801e-01
3.901866376399993896e-01
1.090551838278770447e-01
8.940005302429199219e-02
1.833209954202175140e-02
9.248979687690734863e-01
3.784337043762207031e-01
9.285460114479064941e-01
3.799980580806732178e-01
1.131235137581825256e-01
7.723642140626907349e-02
1.789714954793453217e-02
8.549327850341796875e-01
3.271344304084777832e-01
9.027321338653564453e-01
2.985916435718536377e-01
1.249637007713317871e-01
7.764897495508193970e-02
1.757734082639217377e-02
8.505196571350097656e-01
3.139118254184722900e-01
8.705042004585266113e-01
2.985947132110595703e-01
1.143825277686119080e-01
7.612330466508865356e-02
1.763710007071495056e-02
8.730565905570983887e-01
3.102400600910186768e-01
9.206532835960388184e-01
2.816319167613983154e-01
1.054939404129981995e-01
7.759995013475418091e-02
1.793863438069820404e-02
9.315621256828308105e-01
2.997713387012481689e-01
1.023912310600280762e+00
2.657521963119506836e-01
1.084798201918601990e-01
7.963215559720993042e-02
1.791580952703952789e-02
9.542772173881530762e-01
2.837860882282257080e-01
1.047715663909912109e+00
2.567443549633026123e-01
1.175581812858581543e-01
9.660276025533676147e-02
1.834815368056297302e-02
9.107114672660827637e-01
2.890116870403289795e-01
9.903497695922851562e-01
2.612379491329193115e-01
1.232990249991416931e-01
9.422713518142700195e-02
1.759696751832962036e-02
8.624642491340637207e-01
2.895667552947998047e-01
9.792605042457580566e-01
2.783357501029968262e-01
1.283397078514099121e-01
8.563104271888732910e-02
1.768931187689304352e-02
9.078941345214843750e-01
2.904330492019653320e-01
9.974268078804016113e-01
2.657804191112518311e-01
1.248651817440986633e-01
8.613094687461853027e-02
1.809537783265113831e-02
8.652010560035705566e-01
2.907079160213470459e-01
8.549411892890930176e-01
2.556708157062530518e-01
1.209129020571708679e-01
8.396977931261062622e-02
1.873434521257877350e-02
8.295095562934875488e-01
2.964322865009307861e-01
8.520141243934631348e-01
2.554886043071746826e-01
1.055783405900001526e-01
7.738569378852844238e-02
1.885131746530532837e-02
8.004958629608154297e-01
2.876439988613128662e-01
8.467347621917724609e-01
2.613400518894195557e-01
1.102600991725921631e-01
7.232061028480529785e-02
2.048917859792709351e-02
8.361296653747558594e-01
2.998569309711456299e-01
8.900435566902160645e-01
2.618601024150848389e-01
1.032409593462944031e-01
7.671040296554565430e-02
1.785590872168540955e-02
8.766830563545227051e-01
2.952270805835723877e-01
9.284696578979492188e-01
2.870403230190277100e-01
1.052102074027061462e-01
7.160510867834091187e-02
1.832932420074939728e-02
8.426167368888854980e-01
3.212015032768249512e-01
9.085356593132019043e-01
2.829775810241699219e-01
1.085306033492088318e-01
7.276142388582229614e-02
1.767542399466037750e-02
7.840003371238708496e-01
3.226634562015533447e-01
8.380761146545410156e-01
2.906609177589416504e-01
1.064377203583717346e-01
7.278863340616226196e-02
1.773617602884769440e-02
7.339105010032653809e-01
3.288379907608032227e-01
7.913444042205810547e-01
2.693074941635131836e-01
1.065946295857429504e-01
7.250717282295227051e-02
1.837506331503391266e-02
7.605484127998352051e-01
3.076584041118621826e-01
7.919423580169677734e-01
2.587357163429260254e-01
1.096918657422065735e-01
7.392343133687973022e-02
1.761404983699321747e-02
8.636822700500488281e-01
3.520307838916778564e-01
9.089684486389160156e-01
3.274518549442291260e-01
1.090751960873603821e-01
7.117500156164169312e-02
1.940096728503704071e-02
6.069011688232421875e-01
3.174984753131866455e-01
6.260432600975036621e-01
2.773294746875762939e-01
1.067735850811004639e-01
7.550600171089172363e-02
1.840387657284736633e-02
5.724059939384460449e-01
2.983817458152770996e-01
5.798627734184265137e-01
2.747130990028381348e-01
1.013707146048545837e-01
8.030181378126144409e-02
1.796250231564044952e-02
5.573199391365051270e-01
2.758339643478393555e-01
5.535595417022705078e-01
2.574211061000823975e-01
1.085269078612327576e-01
7.176377624273300171e-02
1.775187440216541290e-02
5.066592097282409668e-01
2.638315856456756592e-01
5.276240706443786621e-01
2.498997449874877930e-01
1.122381091117858887e-01
6.974077969789505005e-02
1.727733947336673737e-02
4.702567160129547119e-01
2.899277210235595703e-01
4.849344193935394287e-01
2.576190233230590820e-01
1.095799803733825684e-01
7.170022279024124146e-02
1.737428456544876099e-02
4.762479364871978760e-01
3.078632652759552002e-01
4.856472909450531006e-01
2.779497206211090088e-01
1.114034652709960938e-01
7.566549628973007202e-02
1.773944497108459473e-02
5.402050018310546875e-01
2.899954617023468018e-01
5.427011847496032715e-01
2.652437984943389893e-01
1.140121445059776306e-01
9.222373366355895996e-02
1.780522614717483521e-02
5.166993737220764160e-01
2.982152402400970459e-01
5.241162180900573730e-01
2.675597965717315674e-01
1.098305061459541321e-01
9.406574815511703491e-02
1.750905998051166534e-02
5.076124072074890137e-01
3.026172220706939697e-01
5.334628224372863770e-01
2.698288857936859131e-01
1.085757389664649963e-01
7.203451544046401978e-02
1.751901209354400635e-02
5.405352115631103516e-01
2.916938364505767822e-01
5.708811283111572266e-01
2.606733739376068115e-01
1.093008741736412048e-01
7.165342569351196289e-02
1.762015558779239655e-02
5.624942183494567871e-01
2.770702838897705078e-01
5.859685540199279785e-01
2.656969726085662842e-01
1.176161766052246094e-01
7.209619879722595215e-02
1.750631816685199738e-02
5.520753264427185059e-01
2.743812501430511475e-01
5.775389075279235840e-01
2.514358758926391602e-01
1.224932894110679626e-01
7.262281328439712524e-02
1.808148249983787537e-02
5.275093913078308105e-01
2.862191498279571533e-01
5.318514704704284668e-01
2.660844027996063232e-01
1.207321584224700928e-01
8.961703628301620483e-02
1.741867698729038239e-02
5.584876537322998047e-01
2.870813310146331787e-01
5.691714286804199219e-01
2.663117945194244385e-01
1.199676021933555603e-01
7.271885871887207031e-02
1.854462921619415283e-02
5.673820376396179199e-01
2.959303557872772217e-01
5.433785319328308105e-01
2.665565311908721924e-01
1.137046292424201965e-01
7.128731161355972290e-02
1.922811008989810944e-02
5.431594848632812500e-01
2.910497784614562988e-01
5.431954264640808105e-01
2.700047194957733154e-01
1.093233823776245117e-01
6.931430846452713013e-02
1.901481114327907562e-02
5.319486260414123535e-01
2.890443503856658936e-01
5.447713732719421387e-01
2.673422992229461670e-01
1.000572219491004944e-01
8.228955417871475220e-02
1.978197880089282990e-02
5.407636761665344238e-01
2.663957178592681885e-01
5.481925606727600098e-01
2.764152586460113525e-01
1.087033748626708984e-01
1.209002435207366943e-01
1.904831081628799438e-02
5.524590015411376953e-01
2.823748588562011719e-01
5.586898922920227051e-01
2.872668802738189697e-01
9.959544986486434937e-02
7.978694885969161987e-02
1.930150762200355530e-02
5.478173494338989258e-01
2.873538434505462646e-01
5.513221621513366699e-01
2.716195881366729736e-01
1.033205687999725342e-01
7.625552266836166382e-02
2.017747238278388977e-02
5.291001200675964355e-01
2.767901718616485596e-01
5.413312315940856934e-01
2.595853209495544434e-01
1.001284047961235046e-01
7.118232548236846924e-02
1.999019831418991089e-02
5.205954909324645996e-01
2.707505226135253906e-01
5.397947430610656738e-01
2.516106069087982178e-01
1.069978177547454834e-01
8.028859645128250122e-02
1.964693330228328705e-02
5.253188610076904297e-01
3.036595582962036133e-01
5.432483553886413574e-01
2.700800895690917969e-01
1.137059256434440613e-01
9.399846941232681274e-02
2.044167369604110718e-02
5.156846642494201660e-01
2.873885035514831543e-01
5.107610821723937988e-01
2.678469717502593994e-01
1.322684884071350098e-01
8.932515233755111694e-02
2.310445345938205719e-02
5.426613092422485352e-01
2.685961723327636719e-01
5.316662788391113281e-01
2.430029064416885376e-01
1.630266755819320679e-01
9.489705413579940796e-02
2.111636102199554443e-02
5.739590525627136230e-01
2.345495074987411499e-01
5.809396505355834961e-01
2.442104071378707886e-01
1.159306764602661133e-01
8.039929717779159546e-02
2.054003439843654633e-02
6.336233615875244141e-01
2.173686474561691284e-01
6.332194209098815918e-01
1.988571882247924805e-01
1.181094050407409668e-01
7.874602079391479492e-02
2.021873183548450470e-02
6.254127621650695801e-01
2.163877487182617188e-01
6.298613548278808594e-01
2.104793936014175415e-01
1.273035258054733276e-01
9.842959791421890259e-02
2.231522090733051300e-02
6.807672381401062012e-01
2.434653490781784058e-01
6.698994636535644531e-01
2.279261201620101929e-01
1.428358107805252075e-01
9.790220856666564941e-02
2.381416223943233490e-02
6.822680830955505371e-01
2.420481294393539429e-01
6.720265746116638184e-01
2.400271445512771606e-01
1.313356906175613403e-01
1.048495769500732422e-01
2.317935787141323090e-02
6.582855582237243652e-01
2.345183640718460083e-01
6.631960272789001465e-01
2.458562105894088745e-01
1.415579766035079956e-01
9.878242015838623047e-02
2.416715584695339203e-02
6.784169077873229980e-01
2.390110045671463013e-01
6.636068820953369141e-01
2.476996332406997681e-01
1.352148056030273438e-01
9.427436441183090210e-02
2.579130418598651886e-02
6.484816074371337891e-01
2.334549874067306519e-01
6.639439463615417480e-01
2.461930662393569946e-01
1.304240822792053223e-01
9.845366328954696655e-02
2.632035315036773682e-02
7.275710105895996094e-01
2.204241752624511719e-01
7.272483706474304199e-01
2.418583184480667114e-01
1.348161846399307251e-01
1.160191968083381653e-01
2.573421038687229156e-02
7.154798507690429688e-01
2.277172058820724487e-01
7.268702387809753418e-01
2.473029643297195435e-01
1.328842937946319580e-01
1.042854785919189453e-01
2.455750852823257446e-02
7.042455673217773438e-01
2.312505990266799927e-01
7.053706049919128418e-01
2.331830114126205444e-01
1.465870589017868042e-01
1.182017624378204346e-01
2.437753975391387939e-02
6.727879643440246582e-01
2.356282472610473633e-01
6.853058338165283203e-01
2.422670274972915649e-01
1.441713422536849976e-01
1.073846742510795593e-01
2.462502755224704742e-02
6.731300354003906250e-01
2.273875474929809570e-01
6.887241005897521973e-01
2.447709888219833374e-01
1.252334564924240112e-01
9.255737811326980591e-02
2.355523407459259033e-02
6.602962017059326172e-01
2.344321161508560181e-01
6.446233391761779785e-01
2.523307800292968750e-01
1.190536096692085266e-01
9.338390827178955078e-02
2.251826785504817963e-02
6.421294212341308594e-01
2.398814707994461060e-01
6.349859833717346191e-01
2.575992941856384277e-01
1.184926629066467285e-01
7.964729517698287964e-02
2.170875109732151031e-02
6.327972412109375000e-01
2.378494590520858765e-01
6.461713314056396484e-01
2.568070888519287109e-01
1.094711646437644958e-01
6.426618248224258423e-02
2.082649432122707367e-02
6.239371895790100098e-01
2.267563343048095703e-01
6.318844556808471680e-01
2.520300447940826416e-01
1.137714609503746033e-01
6.649137288331985474e-02
2.072096243500709534e-02
6.415052413940429688e-01
2.198580056428909302e-01
6.431069374084472656e-01
2.317330837249755859e-01
1.320264339447021484e-01
7.432638853788375854e-02
2.061230875551700592e-02
6.384999155998229980e-01
2.171536684036254883e-01
6.507093310356140137e-01
2.473555803298950195e-01
1.295199394226074219e-01
7.577631622552871704e-02
2.059259824454784393e-02
6.046912074089050293e-01
2.245334833860397339e-01
5.821474790573120117e-01
2.474928647279739380e-01
1.095887199044227600e-01
7.366321235895156860e-02
2.094673551619052887e-02
5.907565951347351074e-01
2.135761976242065430e-01
6.111752390861511230e-01
2.174610346555709839e-01
1.149806007742881775e-01
7.598984241485595703e-02
2.121463231742382050e-02
6.099671721458435059e-01
2.112389802932739258e-01
6.215829849243164062e-01
2.539382278919219971e-01
1.223526969552040100e-01
8.499991148710250854e-02
2.124714292585849762e-02
6.656029820442199707e-01
2.046239823102951050e-01
6.645677685737609863e-01
2.322183400392532349e-01
1.558924466371536255e-01
7.946147769689559937e-02
2.324817329645156860e-02
7.904341816902160645e-01
1.724407672882080078e-01
7.921202182769775391e-01
1.905766874551773071e-01
1.618905067443847656e-01
9.269513934850692749e-02
2.346070855855941772e-02
9.908202290534973145e-01
2.113882750272750854e-01
9.594910144805908203e-01
2.043038755655288696e-01
1.634973287582397461e-01
8.800113946199417114e-02
2.173135615885257721e-02
1.023770689964294434e+00
1.983451396226882935e-01
1.009760260581970215e+00
2.030998915433883667e-01
1.672198176383972168e-01
9.654314070940017700e-02
2.178503572940826416e-02
9.843730926513671875e-01
1.596150845289230347e-01
1.035416483879089355e+00
1.600721180438995361e-01
1.796723157167434692e-01
8.803493529558181763e-02
2.299823611974716187e-02
9.710018038749694824e-01
1.570503562688827515e-01
9.500668048858642578e-01
1.429378688335418701e-01
1.523769646883010864e-01
7.928058505058288574e-02
2.470738440752029419e-02
9.991987347602844238e-01
1.458765417337417603e-01
9.725044369697570801e-01
1.363025903701782227e-01
1.671005040407180786e-01
7.642140984535217285e-02
2.588258124887943268e-02
1.025140166282653809e+00
1.425166279077529907e-01
1.012821793556213379e+00
1.285838037729263306e-01
1.781608015298843384e-01
8.011157810688018799e-02
2.601894177496433258e-02
9.121755957603454590e-01
1.351081728935241699e-01
9.141039848327636719e-01
1.227555871009826660e-01
1.656448990106582642e-01
8.524105697870254517e-02
2.727106399834156036e-02
8.541836738586425781e-01
1.365476697683334351e-01
8.763970732688903809e-01
1.231223121285438538e-01
1.485631912946701050e-01
8.563937991857528687e-02
3.101783059537410736e-02
9.517326354980468750e-01
1.354489177465438843e-01
9.873847961425781250e-01
1.302409917116165161e-01
1.563809663057327271e-01
9.027662873268127441e-02
3.090388514101505280e-02
9.653763771057128906e-01
1.353410929441452026e-01
1.017574429512023926e+00
1.266209334135055542e-01
1.654395312070846558e-01
1.036251187324523926e-01
3.134548291563987732e-02
9.461330771446228027e-01
1.346770673990249634e-01
9.764506816864013672e-01
1.178343296051025391e-01
1.564158648252487183e-01
8.379705995321273804e-02
3.155774995684623718e-02
8.992307186126708984e-01
1.498177498579025269e-01
9.103896021842956543e-01
1.290788501501083374e-01
1.567923277616500854e-01
9.518846869468688965e-02
3.247793018817901611e-02
9.383695125579833984e-01
1.429026275873184204e-01
9.407329559326171875e-01
1.288138180971145630e-01
1.774625331163406372e-01
9.435793757438659668e-02
3.479184582829475403e-02
9.082341790199279785e-01
1.401559859514236450e-01
8.139716982841491699e-01
1.251898407936096191e-01
1.707087904214859009e-01
9.765086323022842407e-02
3.839537128806114197e-02
8.444482684135437012e-01
1.458774954080581665e-01
8.184916377067565918e-01
1.362866908311843872e-01
1.442810446023941040e-01
8.151159435510635376e-02
4.327112063765525818e-02
7.817844748497009277e-01
1.462854743003845215e-01
7.919054627418518066e-01
1.340267360210418701e-01
1.367365717887878418e-01
7.226257026195526123e-02
5.014955624938011169e-02
8.182203173637390137e-01
1.342898309230804443e-01
8.215870857238769531e-01
1.304479986429214478e-01
1.477567106485366821e-01
7.294174283742904663e-02
5.324719846248626709e-02
8.542943000793457031e-01
1.497229188680648804e-01
8.543400168418884277e-01
1.322745233774185181e-01
1.683049052953720093e-01
8.763393014669418335e-02
5.862061679363250732e-02
8.449274897575378418e-01
1.344663053750991821e-01
8.656523227691650391e-01
1.256062835454940796e-01
1.883419752120971680e-01
9.501755237579345703e-02
6.347078084945678711e-02
7.709693908691406250e-01
1.396843791007995605e-01
7.167828679084777832e-01
1.299145370721817017e-01
1.608739644289016724e-01
9.188846498727798462e-02
6.676653772592544556e-02
7.012476921081542969e-01
1.273513287305831909e-01
7.203354835510253906e-01
1.121429502964019775e-01
1.709703803062438965e-01
9.694217890501022339e-02
7.389979809522628784e-02
7.035866379737854004e-01
1.349208950996398926e-01
7.158365249633789062e-01
1.196996048092842102e-01
1.441098749637603760e-01
7.709113508462905884e-02
7.506672292947769165e-02
6.710744500160217285e-01
1.257287263870239258e-01
6.506063938140869141e-01
1.233435049653053284e-01
1.413410305976867676e-01
7.557129114866256714e-02
6.668671220541000366e-02
5.363287925720214844e-01
1.086591705679893494e-01
5.372996330261230469e-01
1.044711843132972717e-01
1.317991167306900024e-01
8.943133801221847534e-02
6.407524645328521729e-02
5.500033497810363770e-01
1.184808835387229919e-01
5.440035462379455566e-01
1.141194775700569153e-01
1.445264816284179688e-01
8.494987338781356812e-02
7.006195932626724243e-02
5.810965895652770996e-01
1.088593229651451111e-01
5.691239237785339355e-01
9.956735372543334961e-02
1.517735570669174194e-01
8.592420071363449097e-02
7.470309734344482422e-02
7.638919949531555176e-01
1.085903644561767578e-01
7.862340807914733887e-01
9.049105644226074219e-02
1.655169427394866943e-01
8.687710016965866089e-02
8.451560139656066895e-02
4.761917889118194580e-01
1.057496964931488037e-01
4.598596990108489990e-01
8.916103839874267578e-02
1.534244567155838013e-01
9.098552912473678589e-02
8.021755516529083252e-02
4.449123442173004150e-01
9.674751758575439453e-02
4.327386319637298584e-01
8.728563040494918823e-02
1.462303251028060913e-01
7.671633362770080566e-02
7.824653387069702148e-02
4.699526131153106689e-01
1.069672778248786926e-01
4.733757972717285156e-01
8.094116300344467163e-02
1.439537853002548218e-01
7.911685109138488770e-02
7.844267040491104126e-02
4.853764474391937256e-01
9.313223510980606079e-02
4.839830100536346436e-01
7.290125638246536255e-02
1.361610889434814453e-01
8.046624809503555298e-02
7.915154844522476196e-02
4.535940885543823242e-01
9.092362970113754272e-02
4.866468012332916260e-01
7.354522496461868286e-02
1.385857611894607544e-01
8.052890002727508545e-02
8.058504760265350342e-02
5.049467086791992188e-01
9.228888899087905884e-02
5.033726096153259277e-01
7.385995239019393921e-02
1.415521055459976196e-01
8.482217788696289062e-02
8.427701145410537720e-02
5.206403136253356934e-01
9.591158479452133179e-02
5.362053513526916504e-01
7.002597302198410034e-02
1.633920818567276001e-01
9.354341030120849609e-02
8.462128788232803345e-02
5.424591302871704102e-01
9.864231199026107788e-02
5.497497916221618652e-01
7.697227597236633301e-02
1.516123116016387939e-01
8.773779869079589844e-02
8.366459608078002930e-02
5.101421475410461426e-01
1.197429895401000977e-01
5.096507668495178223e-01
9.834323078393936157e-02
1.477811783552169800e-01
8.538959175348281860e-02
8.483501523733139038e-02
4.907187521457672119e-01
1.032459363341331482e-01
4.890415966510772705e-01
7.878895848989486694e-02
1.502067446708679199e-01
8.910838514566421509e-02
9.076848626136779785e-02
5.038818717002868652e-01
1.034709885716438293e-01
4.718758165836334229e-01
8.174815028905868530e-02
1.625740975141525269e-01
9.259893745183944702e-02
9.336347132921218872e-02
4.766319096088409424e-01
9.479578584432601929e-02
4.703017175197601318e-01
7.735905796289443970e-02
1.772855967283248901e-01
9.215942770242691040e-02
9.370435029268264771e-02
4.419687688350677490e-01
9.490381926298141479e-02
4.612995684146881104e-01
7.923945039510726929e-02
1.647745519876480103e-01
9.707716852426528931e-02
9.365233778953552246e-02
4.525629580020904541e-01
9.210217744112014771e-02
4.628590047359466553e-01
8.186721801757812500e-02
1.607517451047897339e-01
8.885606378316879272e-02
9.225409477949142456e-02
5.084407925605773926e-01
9.928139299154281616e-02
5.004106760025024414e-01
7.779975980520248413e-02
1.591949462890625000e-01
7.713988423347473145e-02
9.127768874168395996e-02
5.492294430732727051e-01
9.769745916128158569e-02
5.572485923767089844e-01
8.388001471757888794e-02
1.813060790300369263e-01
8.806195855140686035e-02
9.116220474243164062e-02
4.866201877593994141e-01
9.592875093221664429e-02
4.580265581607818604e-01
8.638183027505874634e-02
1.393391340970993042e-01
8.080810308456420898e-02
8.753853291273117065e-02
4.416147768497467041e-01
9.591326117515563965e-02
4.617477953433990479e-01
8.149536699056625366e-02
1.535573005676269531e-01
9.238427877426147461e-02
8.855870366096496582e-02
4.616237878799438477e-01
9.458150714635848999e-02
4.873084723949432373e-01
7.955852150917053223e-02
1.262550503015518188e-01
8.123978972434997559e-02
8.823528140783309937e-02
4.607914984226226807e-01
9.501447528600692749e-02
4.814301431179046631e-01
8.716777712106704712e-02
1.181772351264953613e-01
7.163353264331817627e-02
8.966987580060958862e-02
4.729290902614593506e-01
9.634695202112197876e-02
5.024865269660949707e-01
8.019606024026870728e-02
1.395018249750137329e-01
7.326024770736694336e-02
9.076750278472900391e-02
6.322173476219177246e-01
1.050695478916168213e-01
6.894451975822448730e-01
8.839123696088790894e-02
1.388860493898391724e-01
6.938654184341430664e-02
9.354966878890991211e-02
7.034335136413574219e-01
9.316834062337875366e-02
7.820916175842285156e-01
7.883938401937484741e-02
1.415045261383056641e-01
7.090882211923599243e-02
9.479121118783950806e-02
6.009122729301452637e-01
9.392201900482177734e-02
6.270171999931335449e-01
7.617037743330001831e-02
1.537729352712631226e-01
6.334280222654342651e-02
9.715349227190017700e-02
6.240991950035095215e-01
9.089321643114089966e-02
6.306059956550598145e-01
7.840826362371444702e-02
1.525642722845077515e-01
6.318850070238113403e-02
1.017063483595848083e-01
6.481818556785583496e-01
8.905973285436630249e-02
6.381521224975585938e-01
7.636467367410659790e-02
1.517811864614486694e-01
6.391545385122299194e-02
1.008542180061340332e-01
6.386195421218872070e-01
9.249440580606460571e-02
6.588538289070129395e-01
7.532735913991928101e-02
1.481373757123947144e-01
6.663490831851959229e-02
1.028814911842346191e-01
6.642582416534423828e-01
9.111124277114868164e-02
6.690292358398437500e-01
7.624081522226333618e-02
1.470754742622375488e-01
6.475988030433654785e-02
1.061070039868354797e-01
6.711738705635070801e-01
9.733112901449203491e-02
6.993715167045593262e-01
8.439221233129501343e-02
1.464083045721054077e-01
6.967327743768692017e-02
1.082680821418762207e-01
7.497723102569580078e-01
9.013474732637405396e-02
7.739899754524230957e-01
7.845134288072586060e-02
1.539293676614761353e-01
7.320740818977355957e-02
1.108042225241661072e-01
7.355276942253112793e-01
8.721826225519180298e-02
7.672140002250671387e-01
7.506285607814788818e-02
1.617162823677062988e-01
7.231764495372772217e-02
1.133759692311286926e-01
7.279346585273742676e-01
9.052339941263198853e-02
7.533356547355651855e-01
7.592705637216567993e-02
1.631572991609573364e-01
7.547838240861892700e-02
1.139045953750610352e-01
6.817433238029479980e-01
8.996706455945968628e-02
7.413695454597473145e-01
8.164362609386444092e-02
1.597516387701034546e-01
6.349948793649673462e-02
1.126635745167732239e-01
6.768899559974670410e-01
8.714117854833602905e-02
7.570435404777526855e-01
7.898896187543869019e-02
1.563695967197418213e-01
6.732720881700515747e-02
1.145230010151863098e-01
7.204859256744384766e-01
9.996054321527481079e-02
6.644306778907775879e-01
8.293679356575012207e-02
1.534850150346755981e-01
6.727983057498931885e-02
1.136589273810386658e-01
6.455404162406921387e-01
9.457459300756454468e-02
7.167704701423645020e-01
7.720768451690673828e-02
1.625405400991439819e-01
7.147959619760513306e-02
1.145797446370124817e-01
6.227932572364807129e-01
9.232089668512344360e-02
6.361851692199707031e-01
8.311605453491210938e-02
1.551104187965393066e-01
6.606018543243408203e-02
1.121703907847404480e-01
6.597042679786682129e-01
9.242057800292968750e-02
6.527176499366760254e-01
8.034506440162658691e-02
1.698155850172042847e-01
7.384079694747924805e-02
1.122549250721931458e-01
6.964244842529296875e-01
9.058894962072372437e-02
7.010810971260070801e-01
8.149205893278121948e-02
1.566232442855834961e-01
7.050203531980514526e-02
1.144996657967567444e-01
6.917545795440673828e-01
9.154287725687026978e-02
7.082301974296569824e-01
8.234846591949462891e-02
1.601709872484207153e-01
6.418351083993911743e-02
1.137812510132789612e-01
6.112356185913085938e-01
9.445985406637191772e-02
6.507073044776916504e-01
8.319081366062164307e-02
1.469344943761825562e-01
6.382939964532852173e-02
1.150690913200378418e-01
6.202290654182434082e-01
1.003786697983741760e-01
6.485285162925720215e-01
8.714739233255386353e-02
1.517923027276992798e-01
6.863182783126831055e-02
1.144717112183570862e-01
6.103039383888244629e-01
1.015472412109375000e-01
6.237742304801940918e-01
8.054681122303009033e-02
1.618354022502899170e-01
6.874852627515792847e-02
1.151631698012351990e-01
5.650523900985717773e-01
1.000585928559303284e-01
5.737829804420471191e-01
8.147746324539184570e-02
1.525249481201171875e-01
5.888995155692100525e-02
1.154399216175079346e-01
5.065123438835144043e-01
1.084976568818092346e-01
5.428044199943542480e-01
8.808609098196029663e-02
1.418127566576004028e-01
5.931559205055236816e-02
1.169794276356697083e-01
5.608357787132263184e-01
1.046771332621574402e-01
6.038694977760314941e-01
8.719965070486068726e-02
1.369381099939346313e-01
6.231364980340003967e-02
1.180534884333610535e-01
5.426372885704040527e-01
1.075714826583862305e-01
5.765995979309082031e-01
8.417352288961410522e-02
1.394003480672836304e-01
6.063491106033325195e-02
1.201846227049827576e-01
5.440729260444641113e-01
1.075971499085426331e-01
5.827370285987854004e-01
8.942218869924545288e-02
1.444950401782989502e-01
6.201895698904991150e-02
1.192622855305671692e-01
5.516851544380187988e-01
1.057683601975440979e-01
5.543308258056640625e-01
8.818278461694717407e-02
1.468827128410339355e-01
5.941238999366760254e-02
1.209740862250328064e-01
5.693905353546142578e-01
9.778658300638198853e-02
5.666262507438659668e-01
8.468651026487350464e-02
1.451950520277023315e-01
5.745282396674156189e-02
1.231547072529792786e-01
5.729468464851379395e-01
1.030354201793670654e-01
6.065810918807983398e-01
8.672675490379333496e-02
1.456346511840820312e-01
5.632907152175903320e-02
1.250141859054565430e-01
5.553306937217712402e-01
1.064827516674995422e-01
6.215440630912780762e-01
8.991657942533493042e-02
1.386675834655761719e-01
5.813464522361755371e-02
1.272691935300827026e-01
5.620870590209960938e-01
1.068145036697387695e-01
5.869314670562744141e-01
9.300652146339416504e-02
1.340263038873672485e-01
6.421843916177749634e-02
1.269514709711074829e-01
5.934062004089355469e-01
1.030457019805908203e-01
6.273475885391235352e-01
8.697713166475296021e-02
1.448079049587249756e-01
6.458710879087448120e-02
1.301821023225784302e-01
6.332195401191711426e-01
1.061263605952262878e-01
6.467252969741821289e-01
8.801419287919998169e-02
1.585123836994171143e-01
6.885976344347000122e-02
1.346158683300018311e-01
6.281146407127380371e-01
1.074935570359230042e-01
6.565040946006774902e-01
8.976706117391586304e-02
1.510270684957504272e-01
6.382906436920166016e-02
1.388796716928482056e-01
6.179817318916320801e-01
1.078344807028770447e-01
6.546512246131896973e-01
9.406563639640808105e-02
1.462716460227966309e-01
6.272011250257492065e-02
1.396089643239974976e-01
5.931501984596252441e-01
1.096752285957336426e-01
6.739024519920349121e-01
8.795851469039916992e-02
1.553515195846557617e-01
6.129227206110954285e-02
1.416839212179183960e-01
5.856797099113464355e-01
1.071068048477172852e-01
5.789325833320617676e-01
8.735562115907669067e-02
1.582876741886138916e-01
6.317408382892608643e-02
1.461808085441589355e-01
5.453007817268371582e-01
1.081868410110473633e-01
6.019619107246398926e-01
8.632745593786239624e-02
1.589794754981994629e-01
6.213695928454399109e-02
1.386155933141708374e-01
5.144715905189514160e-01
1.131908297538757324e-01
5.760589241981506348e-01
9.132334589958190918e-02
1.548316329717636108e-01
6.100444123148918152e-02
1.529514789581298828e-01
5.270430445671081543e-01
1.176429167389869690e-01
5.451889634132385254e-01
9.435701370239257812e-02
1.538230776786804199e-01
6.412217766046524048e-02
1.535055637359619141e-01
5.538327097892761230e-01
1.205748543143272400e-01
5.543577075004577637e-01
9.693185240030288696e-02
1.648251265287399292e-01
6.590711325407028198e-02
1.456412672996520996e-01
6.027341485023498535e-01
1.161038056015968323e-01
5.960174202919006348e-01
9.666236490011215210e-02
1.641127318143844604e-01
6.079253554344177246e-02
1.447553038597106934e-01
5.201742053031921387e-01
1.241519823670387268e-01
5.568087100982666016e-01
1.015408039093017578e-01
1.714196205139160156e-01
7.291153073310852051e-02
1.436955481767654419e-01
5.277633070945739746e-01
1.296178251504898071e-01
5.649251341819763184e-01
1.086311563849449158e-01
1.702549904584884644e-01
6.771398335695266724e-02
1.561234742403030396e-01
4.587000310420989990e-01
1.294744461774826050e-01
4.891700446605682373e-01
1.085668206214904785e-01
1.787800788879394531e-01
7.055667787790298462e-02
1.678316593170166016e-01
3.959564268589019775e-01
1.278382688760757446e-01
4.047714173793792725e-01
1.038862392306327820e-01
1.860962361097335815e-01
7.327678054571151733e-02
1.703274101018905640e-01
3.301738500595092773e-01
1.379462927579879761e-01
3.499402999877929688e-01
1.101078167557716370e-01
1.642238348722457886e-01
6.835409253835678101e-02
1.821439713239669800e-01
2.712014913558959961e-01
1.331695914268493652e-01
3.378336429595947266e-01
1.156629696488380432e-01
1.545111685991287231e-01
6.550987809896469116e-02
1.856273412704467773e-01
2.692824602127075195e-01
1.383717209100723267e-01
2.819741666316986084e-01
1.146105602383613586e-01
1.538853198289871216e-01
6.707150489091873169e-02
1.854115277528762817e-01
2.593092918395996094e-01
1.310380548238754272e-01
2.825698852539062500e-01
1.127067208290100098e-01
1.538567543029785156e-01
6.465556472539901733e-02
1.842427998781204224e-01
2.412342876195907593e-01
1.313611418008804321e-01
2.526809871196746826e-01
1.140228286385536194e-01
1.416764259338378906e-01
6.422773003578186035e-02
1.799720078706741333e-01
2.359333038330078125e-01
1.258832663297653198e-01
2.482885122299194336e-01
1.093276366591453552e-01
1.518506109714508057e-01
6.288304179906845093e-02
1.780305057764053345e-01
2.268143445253372192e-01
1.307679265737533569e-01
2.441288232803344727e-01
1.132393479347229004e-01
1.384217292070388794e-01
6.413412094116210938e-02
1.801746934652328491e-01
2.220399379730224609e-01
1.293512880802154541e-01
2.364449054002761841e-01
1.110353097319602966e-01
1.398301869630813599e-01
6.593828648328781128e-02
1.712486296892166138e-01
2.472996115684509277e-01
1.315362900495529175e-01
2.526470422744750977e-01
1.133837625384330750e-01
1.369690746068954468e-01
6.835652887821197510e-02
1.800449043512344360e-01
2.304493337869644165e-01
1.298253983259201050e-01
2.466296106576919556e-01
1.122964620590209961e-01
1.477095335721969604e-01
6.586104631423950195e-02
1.841139197349548340e-01
2.287001609802246094e-01
1.334362179040908813e-01
2.396723031997680664e-01
1.137309595942497253e-01
1.566597968339920044e-01
6.683650612831115723e-02
1.880069226026535034e-01
2.225261926651000977e-01
1.366064101457595825e-01
2.382714748382568359e-01
1.153136119246482849e-01
1.541521102190017700e-01
6.840977072715759277e-02
1.898042112588882446e-01
2.382562309503555298e-01
1.357971429824829102e-01
2.543472945690155029e-01
1.138510704040527344e-01
1.600479632616043091e-01
6.669101864099502563e-02
1.945087909698486328e-01
2.337903529405593872e-01
1.370330899953842163e-01
2.402909547090530396e-01
1.112692728638648987e-01
1.621436327695846558e-01
6.762927770614624023e-02
1.942527294158935547e-01
2.307478785514831543e-01
1.296788305044174194e-01
2.403094917535781860e-01
1.133837625384330750e-01
1.636014133691787720e-01
6.901255249977111816e-02
1.890209466218948364e-01
2.275410294532775879e-01
1.310485750436782837e-01
2.373736947774887085e-01
1.060271039605140686e-01
1.560050696134567261e-01
7.263746112585067749e-02
1.843041032552719116e-01
2.327520847320556641e-01
1.327223181724548340e-01
2.443146705627441406e-01
1.047262325882911682e-01
1.658193916082382202e-01
7.115086913108825684e-02
1.852797120809555054e-01
2.408774644136428833e-01
1.324104368686676025e-01
2.566800415515899658e-01
1.079623326659202576e-01
1.622982770204544067e-01
6.839411705732345581e-02
1.881355047225952148e-01
2.373924702405929565e-01
1.327586621046066284e-01
2.489264160394668579e-01
1.116520836949348450e-01
1.651880741119384766e-01
6.621655076742172241e-02
1.887663155794143677e-01
2.300847023725509644e-01
1.400564908981323242e-01
2.382760494947433472e-01
1.198428273200988770e-01
1.592992693185806274e-01
7.031225413084030151e-02
1.882082074880599976e-01
2.243093401193618774e-01
1.348435133695602417e-01
2.346619516611099243e-01
1.177937760949134827e-01
1.637127399444580078e-01
6.941852718591690063e-02
1.766204386949539185e-01
2.406101971864700317e-01
1.416495442390441895e-01
2.586423754692077637e-01
1.137531623244285583e-01
1.599749326705932617e-01
6.562892347574234009e-02
1.843621730804443359e-01
2.599930167198181152e-01
1.502790898084640503e-01
2.858854234218597412e-01
1.265547275543212891e-01
1.618063002824783325e-01
6.600427627563476562e-02
1.666733771562576294e-01
2.370318919420242310e-01
1.382180005311965942e-01
2.517208755016326904e-01
1.123777106404304504e-01
1.692346781492233276e-01
6.819436699151992798e-02
1.811658143997192383e-01
2.351112812757492065e-01
1.290423721075057983e-01
2.502172291278839111e-01
1.074429377913475037e-01
1.647868007421493530e-01
6.642996519804000854e-02
1.883048266172409058e-01
2.720540463924407959e-01
1.404906064271926880e-01
3.023065328598022461e-01
1.152056232094764709e-01
1.561870127916336060e-01
6.742614507675170898e-02
1.936799436807632446e-01
2.768055498600006104e-01
1.392072588205337524e-01
2.973487079143524170e-01
1.132920086383819580e-01
1.592489629983901978e-01
6.652582436800003052e-02
1.922937184572219849e-01
2.852577269077301025e-01
1.296665668487548828e-01
3.059714734554290771e-01
1.095142588019371033e-01
1.617326885461807251e-01
6.895647197961807251e-02
1.876875758171081543e-01
3.175003230571746826e-01
1.266851127147674561e-01
3.246972262859344482e-01
1.082366928458213806e-01
1.699296981096267700e-01
8.028478175401687622e-02
1.844358891248703003e-01
3.073106706142425537e-01
1.370633393526077271e-01
3.156914710998535156e-01
1.079257130622863770e-01
1.922648549079895020e-01
8.659847825765609741e-02
1.851506978273391724e-01
3.006971776485443115e-01
1.297513097524642944e-01
3.092744648456573486e-01
9.568074345588684082e-02
2.128252536058425903e-01
1.086399927735328674e-01
1.868982911109924316e-01
3.030710220336914062e-01
1.283108741044998169e-01
3.051109313964843750e-01
9.406749159097671509e-02
2.275820970535278320e-01
1.112821921706199646e-01
1.901716738939285278e-01
3.287439048290252686e-01
1.304132789373397827e-01
3.269939720630645752e-01
1.014629527926445007e-01
2.144996672868728638e-01
1.118239462375640869e-01
1.875629425048828125e-01
3.103756010532379150e-01
1.249694824218750000e-01
3.190058767795562744e-01
9.740636497735977173e-02
2.098588794469833374e-01
1.124860569834709167e-01
1.878896504640579224e-01
2.998251020908355713e-01
1.292672008275985718e-01
3.035014569759368896e-01
9.410843998193740845e-02
2.128424048423767090e-01
1.238044127821922302e-01
1.870992779731750488e-01
3.027331829071044922e-01
1.302623748779296875e-01
3.033082485198974609e-01
1.023502349853515625e-01
2.205730676651000977e-01
1.120058596134185791e-01
1.956202536821365356e-01
3.223413825035095215e-01
1.252570450305938721e-01
3.173490464687347412e-01
1.022049486637115479e-01
2.114908695220947266e-01
1.493564397096633911e-01
2.011829018592834473e-01
3.119715154170989990e-01
1.342170983552932739e-01
3.100051581859588623e-01
9.456219524145126343e-02
2.063879966735839844e-01
1.179945245385169983e-01
1.948930174112319946e-01
3.196668326854705811e-01
1.416177600622177124e-01
3.221088647842407227e-01
9.742213040590286255e-02
2.058858126401901245e-01
1.273391246795654297e-01
2.015070170164108276e-01
3.179167509078979492e-01
1.376121789216995239e-01
3.148401677608489990e-01
9.573387354612350464e-02
2.028111070394515991e-01
1.215435266494750977e-01
2.086759209632873535e-01
3.278837203979492188e-01
1.277928203344345093e-01
3.238566517829895020e-01
9.939268231391906738e-02
2.084705978631973267e-01
1.113343462347984314e-01
2.034803628921508789e-01
3.121035993099212646e-01
1.361005008220672607e-01
3.199983239173889160e-01
9.831503778696060181e-02
2.171813249588012695e-01
1.110529899597167969e-01
2.114087343215942383e-01
3.143298029899597168e-01
1.330359429121017456e-01
3.205664157867431641e-01
9.788587689399719238e-02
2.112095803022384644e-01
1.203505769371986389e-01
2.153006792068481445e-01
3.226501941680908203e-01
1.401708722114562988e-01
3.211356103420257568e-01
1.007870137691497803e-01
2.122595757246017456e-01
1.276861876249313354e-01
2.246644645929336548e-01
3.366990983486175537e-01
1.399018615484237671e-01
3.408861160278320312e-01
1.020536646246910095e-01
2.109680920839309692e-01
1.191337108612060547e-01
2.261717170476913452e-01
3.192630410194396973e-01
1.360959857702255249e-01
3.255952298641204834e-01
1.013191267848014832e-01
2.071165591478347778e-01
1.177773252129554749e-01
2.226437926292419434e-01
3.586373627185821533e-01
1.414570361375808716e-01
3.480145931243896484e-01
1.019938513636589050e-01
2.076389789581298828e-01
1.153101697564125061e-01
2.252248376607894897e-01
3.476446568965911865e-01
1.374841332435607910e-01
3.353660106658935547e-01
1.012459769845008850e-01
2.146866470575332642e-01
1.245978474617004395e-01
2.295739650726318359e-01
3.214581012725830078e-01
1.353154629468917847e-01
3.203679025173187256e-01
9.608445316553115845e-02
2.227749824523925781e-01
1.202861964702606201e-01
2.262448817491531372e-01
3.360586166381835938e-01
1.296270489692687988e-01
3.333917558193206787e-01
9.954708069562911987e-02
2.157541513442993164e-01
1.149801686406135559e-01
2.323534488677978516e-01
3.443113863468170166e-01
1.427341252565383911e-01
3.566775321960449219e-01
1.010096892714500427e-01
2.245220392942428589e-01
1.151011958718299866e-01
2.385602593421936035e-01
5.814519524574279785e-01
1.410408020019531250e-01
5.873695015907287598e-01
1.012174710631370544e-01
2.212605476379394531e-01
1.161091104149818420e-01
2.397788912057876587e-01
4.510442316532135010e-01
1.467002779245376587e-01
4.747755527496337891e-01
1.052491068840026855e-01
2.145669311285018921e-01
1.341614574193954468e-01
2.447032183408737183e-01
4.120886325836181641e-01
1.325617432594299316e-01
4.303742945194244385e-01
9.930730611085891724e-02
2.137013226747512817e-01
1.428822427988052368e-01
2.422602623701095581e-01
4.570638835430145264e-01
1.325905323028564453e-01
4.637843072414398193e-01
9.712666273117065430e-02
2.120268940925598145e-01
1.414224654436111450e-01
2.483092993497848511e-01
4.053899943828582764e-01
1.326682418584823608e-01
4.301890432834625244e-01
9.453308582305908203e-02
2.092748731374740601e-01
1.287821531295776367e-01
2.484952807426452637e-01
4.197365343570709229e-01
1.376942247152328491e-01
4.404755830764770508e-01
1.006011366844177246e-01
2.157263606786727905e-01
1.252312809228897095e-01
2.508744597434997559e-01
4.284681975841522217e-01
1.343586444854736328e-01
4.549166262149810791e-01
9.917279332876205444e-02
2.212472707033157349e-01
1.219392046332359314e-01
2.470269203186035156e-01
4.443832337856292725e-01
1.305727213621139526e-01
4.707924127578735352e-01
9.489872306585311890e-02
2.197389155626296997e-01
1.101151704788208008e-01
2.430114597082138062e-01
4.584405422210693359e-01
1.348348557949066162e-01
4.734848439693450928e-01
1.018349006772041321e-01
2.152560204267501831e-01
1.092045530676841736e-01
2.450219541788101196e-01
4.424692690372467041e-01
1.332594305276870728e-01
4.638340771198272705e-01
9.808561205863952637e-02
2.212059497833251953e-01
1.131135821342468262e-01
2.402744144201278687e-01
4.365310668945312500e-01
1.405541300773620605e-01
4.617105424404144287e-01
9.733667224645614624e-02
2.349979430437088013e-01
1.105170920491218567e-01
2.308781147003173828e-01
4.337251186370849609e-01
1.385660320520401001e-01
4.551366865634918213e-01
1.189239323139190674e-01
2.358663678169250488e-01
1.132998093962669373e-01
2.270864993333816528e-01
4.247433841228485107e-01
1.366365551948547363e-01
4.485378563404083252e-01
9.639962762594223022e-02
2.390444129705429077e-01
1.100546941161155701e-01
2.178643792867660522e-01
4.043138921260833740e-01
1.452618092298507690e-01
4.343833029270172119e-01
1.089991405606269836e-01
2.474509030580520630e-01
1.128126978874206543e-01
2.091482132673263550e-01
4.050751626491546631e-01
1.538555026054382324e-01
4.352281391620635986e-01
1.125416159629821777e-01
2.393643856048583984e-01
1.063857451081275940e-01
2.034189552068710327e-01
3.910329341888427734e-01
1.497703790664672852e-01
4.195129871368408203e-01
1.104397997260093689e-01
2.279803156852722168e-01
1.098922714591026306e-01
1.972814798355102539e-01
3.950258791446685791e-01
1.539298743009567261e-01
4.200336933135986328e-01
1.150839328765869141e-01
2.222700864076614380e-01
1.127331182360649109e-01
2.013999372720718384e-01
3.888491690158843994e-01
1.689298748970031738e-01
4.181151390075683594e-01
1.234052106738090515e-01
2.199913114309310913e-01
1.117097362875938416e-01
1.772028356790542603e-01
3.857556283473968506e-01
1.722669601440429688e-01
4.151708185672760010e-01
1.243099048733711243e-01
2.146775573492050171e-01
1.188144162297248840e-01
1.648994535207748413e-01
4.020506143569946289e-01
1.644824147224426270e-01
4.276001453399658203e-01
1.246219500899314880e-01
2.248606234788894653e-01
1.116243675351142883e-01
1.630287617444992065e-01
3.971444070339202881e-01
1.690766066312789917e-01
4.268283545970916748e-01
1.218127533793449402e-01
2.287478893995285034e-01
1.118161678314208984e-01
1.623977273702621460e-01
4.186821877956390381e-01
1.613389849662780762e-01
4.445291757583618164e-01
1.153048947453498840e-01
2.273859828710556030e-01
1.132517978549003601e-01
1.649511903524398804e-01
4.372054636478424072e-01
1.623344272375106812e-01
4.708671569824218750e-01
1.192788407206535339e-01
2.184045314788818359e-01
1.158672571182250977e-01
1.502562314271926880e-01
4.837084710597991943e-01
1.798697263002395630e-01
5.211896300315856934e-01
1.235217228531837463e-01
2.299835532903671265e-01
1.131504774093627930e-01
1.562333703041076660e-01
5.221940875053405762e-01
1.748678833246231079e-01
5.594231486320495605e-01
1.289649456739425659e-01
2.276626676321029663e-01
1.090049445629119873e-01
1.649154424667358398e-01
5.690000653266906738e-01
1.717427819967269897e-01
6.154362559318542480e-01
1.264040470123291016e-01
2.232899218797683716e-01
1.113436222076416016e-01
1.567975133657455444e-01
5.485649108886718750e-01
1.732080429792404175e-01
6.034154891967773438e-01
1.247146502137184143e-01
2.263773232698440552e-01
1.131820455193519592e-01
1.463260203599929810e-01
5.711824297904968262e-01
1.704622060060501099e-01
6.223146319389343262e-01
1.261039972305297852e-01
2.215602248907089233e-01
1.175620481371879578e-01
1.446535736322402954e-01
5.522573590278625488e-01
1.758796125650405884e-01
5.982295870780944824e-01
1.249173656105995178e-01
2.257401794195175171e-01
1.215689256787300110e-01
1.389041841030120850e-01
5.658035874366760254e-01
1.742571443319320679e-01
6.032885909080505371e-01
1.267067641019821167e-01
2.184726446866989136e-01
1.198333427309989929e-01
1.383245289325714111e-01
5.404293537139892578e-01
1.752538233995437622e-01
5.813590884208679199e-01
1.234538331627845764e-01
2.340851277112960815e-01
1.195114254951477051e-01
1.431270688772201538e-01
5.382655262947082520e-01
1.819420456886291504e-01
5.822108387947082520e-01
1.221933141350746155e-01
2.342255562543869019e-01
1.190989688038825989e-01
1.396767050027847290e-01
5.334702134132385254e-01
1.760906726121902466e-01
5.742204189300537109e-01
1.285897195339202881e-01
2.270924597978591919e-01
1.277664452791213989e-01
1.441259980201721191e-01
5.229800939559936523e-01
1.844500452280044556e-01
5.680106282234191895e-01
1.317879557609558105e-01
2.486015111207962036e-01
1.247847378253936768e-01
1.322732418775558472e-01
5.052992701530456543e-01
1.903754919767379761e-01
5.453168153762817383e-01
1.355926543474197388e-01
2.542573213577270508e-01
1.360167711973190308e-01
1.311244517564773560e-01
5.343134999275207520e-01
1.709987968206405640e-01
5.806581377983093262e-01
1.275019794702529907e-01
2.227071970701217651e-01
1.254933923482894897e-01
1.254732161760330200e-01
5.544337630271911621e-01
1.815617829561233521e-01
5.818473100662231445e-01
1.344842463731765747e-01
2.328850030899047852e-01
1.151461079716682434e-01
1.313665509223937988e-01
5.566415190696716309e-01
1.986853331327438354e-01
5.918549895286560059e-01
1.319216787815093994e-01
2.344951480627059937e-01
1.210273504257202148e-01
1.321341246366500854e-01
5.538380742073059082e-01
2.013081312179565430e-01
5.948020815849304199e-01
1.382975429296493530e-01
2.450248748064041138e-01
1.236812546849250793e-01
1.336873620748519897e-01
5.292626619338989258e-01
2.137251347303390503e-01
5.634174942970275879e-01
1.418034732341766357e-01
2.457356899976730347e-01
1.238938942551612854e-01
1.221325173974037170e-01
5.207905173301696777e-01
2.213892489671707153e-01
5.556502938270568848e-01
1.560301929712295532e-01
2.430753260850906372e-01
1.236593127250671387e-01
1.228844597935676575e-01
5.169193148612976074e-01
2.228662520647048950e-01
5.684064626693725586e-01
1.564515978097915649e-01
2.429552823305130005e-01
1.254218071699142456e-01
1.351271122694015503e-01
5.104139447212219238e-01
2.279403358697891235e-01
5.549152493476867676e-01
1.499550789594650269e-01
2.517367005348205566e-01
1.231816634535789490e-01
1.235841885209083557e-01
5.320733189582824707e-01
2.150284647941589355e-01
5.680474638938903809e-01
1.559963822364807129e-01
2.384608387947082520e-01
1.276620179414749146e-01
1.262990683317184448e-01
5.406160354614257812e-01
2.210576981306076050e-01
5.854757428169250488e-01
1.605115085840225220e-01
2.343763560056686401e-01
1.242197453975677490e-01
9.546337276697158813e-02
5.784770846366882324e-01
2.271775752305984497e-01
6.290658712387084961e-01
1.553863435983657837e-01
2.351313084363937378e-01
1.221743598580360413e-01
1.159031614661216736e-01
6.653441786766052246e-01
2.216678410768508911e-01
7.287687659263610840e-01
1.535287350416183472e-01
2.328303605318069458e-01
1.190577447414398193e-01
1.298782825469970703e-01
7.080220580101013184e-01
2.341795712709426880e-01
7.699885964393615723e-01
1.529337614774703979e-01
2.422484904527664185e-01
1.231782212853431702e-01
1.240082457661628723e-01
6.378092169761657715e-01
2.483686953783035278e-01
6.950665116310119629e-01
1.639144420623779297e-01
2.425486296415328979e-01
1.266099065542221069e-01
9.720823168754577637e-02
6.516615748405456543e-01
2.323427796363830566e-01
7.206497192382812500e-01
1.580548435449600220e-01
2.331006526947021484e-01
1.179761514067649841e-01
1.245059967041015625e-01
5.864458680152893066e-01
2.307450771331787109e-01
6.681621074676513672e-01
1.555331200361251831e-01
2.381890565156936646e-01
1.193584501743316650e-01
1.165501177310943604e-01
6.158719062805175781e-01
2.248607128858566284e-01
6.782533526420593262e-01
1.575616449117660522e-01
2.359663099050521851e-01
1.183248162269592285e-01
1.203784123063087463e-01
5.971850752830505371e-01
2.423546761274337769e-01
6.599436402320861816e-01
1.578352749347686768e-01
2.377309799194335938e-01
1.255933791399002075e-01
1.125953420996665955e-01
6.124946475028991699e-01
2.574461400508880615e-01
6.643671989440917969e-01
1.729783266782760620e-01
2.318896055221557617e-01
1.240094304084777832e-01
1.043592989444732666e-01
5.880900025367736816e-01
2.500917613506317139e-01
6.413316130638122559e-01
1.747191399335861206e-01
2.330854684114456177e-01
1.254595369100570679e-01
1.001783832907676697e-01
5.575850605964660645e-01
2.718203365802764893e-01
6.091398596763610840e-01
1.769454926252365112e-01
2.467126101255416870e-01
1.378968507051467896e-01
1.031460464000701904e-01
5.383364558219909668e-01
3.097889721393585205e-01
5.902248024940490723e-01
2.068626880645751953e-01
2.541356980800628662e-01
1.392784863710403442e-01
1.140125915408134460e-01
5.564735531806945801e-01
3.563760221004486084e-01
6.204808354377746582e-01
2.403547167778015137e-01
2.519661188125610352e-01
1.406385749578475952e-01
1.004502549767494202e-01
5.769639015197753906e-01
2.593630254268646240e-01
6.289826631546020508e-01
1.781237572431564331e-01
2.570954561233520508e-01
1.299840211868286133e-01
3.079031966626644135e-02
5.952212214469909668e-01
2.639626264572143555e-01
6.506623625755310059e-01
1.666093468666076660e-01
2.650401592254638672e-01
1.328783184289932251e-01
1.539081055670976639e-02
5.972910523414611816e-01
2.795148193836212158e-01
6.376461982727050781e-01
1.764086484909057617e-01
2.749420106410980225e-01
1.321603655815124512e-01
1.852197013795375824e-02
5.930019617080688477e-01
2.473075836896896362e-01
6.462439894676208496e-01
1.648238152265548706e-01
2.839644849300384521e-01
1.678877323865890503e-01
1.922109909355640411e-02
5.738985538482666016e-01
2.569142878055572510e-01
6.303836703300476074e-01
1.763638406991958618e-01
2.834592461585998535e-01
1.344307512044906616e-01
1.537488866597414017e-02
5.597723126411437988e-01
2.689258456230163574e-01
6.256851553916931152e-01
1.791567653417587280e-01
3.014155328273773193e-01
1.381828933954238892e-01
1.425203587859869003e-02
5.160413384437561035e-01
2.981287539005279541e-01
5.714700222015380859e-01
2.100204378366470337e-01
3.090550005435943604e-01
1.384771317243576050e-01
1.762785017490386963e-02
5.480483770370483398e-01
3.037104606628417969e-01
6.213402152061462402e-01
2.158861905336380005e-01
2.819227576255798340e-01
1.322939991950988770e-01
1.468856725841760635e-02
5.838171243667602539e-01
3.104161024093627930e-01
6.441801190376281738e-01
2.125733643770217896e-01
3.034794628620147705e-01
1.390717774629592896e-01
1.319859642535448074e-02
6.252972483634948730e-01
3.104594349861145020e-01
6.698319315910339355e-01
2.137054800987243652e-01
2.727535367012023926e-01
1.323709040880203247e-01
1.378430798649787903e-02
6.219769120216369629e-01
3.004833757877349854e-01
6.695273518562316895e-01
2.219579964876174927e-01
2.652903497219085693e-01
1.203143000602722168e-01
1.284859422594308853e-02
6.260451674461364746e-01
2.888531088829040527e-01
6.806333065032958984e-01
2.189768105745315552e-01
2.648921906948089600e-01
1.232260838150978088e-01
1.333760190755128860e-02
5.552536845207214355e-01
2.956188023090362549e-01
6.050286293029785156e-01
2.118448019027709961e-01
2.585258483886718750e-01
1.209431961178779602e-01
1.356762368232011795e-02
5.376589298248291016e-01
2.999645173549652100e-01
5.866112709045410156e-01
2.160482555627822876e-01
2.729136645793914795e-01
1.280969828367233276e-01
1.395715493708848953e-02
5.659812688827514648e-01
3.587642610073089600e-01
6.331743597984313965e-01
2.490330189466476440e-01
2.889504730701446533e-01
1.355522274971008301e-01
1.647030934691429138e-02
5.641015172004699707e-01
3.167417943477630615e-01
6.188213229179382324e-01
2.345753908157348633e-01
2.820709943771362305e-01
1.304690390825271606e-01
1.708832196891307831e-02
5.884912610054016113e-01
3.340471982955932617e-01
6.376669406890869141e-01
2.533123195171356201e-01
2.906992137432098389e-01
1.321161836385726929e-01
1.732584275305271149e-02
6.107388138771057129e-01
3.171744644641876221e-01
6.580737233161926270e-01
2.454348355531692505e-01
2.578156888484954834e-01
1.265984624624252319e-01
1.715298183262348175e-02
6.114968061447143555e-01
3.542256057262420654e-01
6.643140316009521484e-01
2.636119425296783447e-01
2.559756934642791748e-01
1.232326254248619080e-01
1.806755550205707550e-02
6.370102763175964355e-01
3.723692893981933594e-01
6.887691617012023926e-01
2.814538180828094482e-01
2.515473961830139160e-01
1.262909770011901855e-01
1.735422201454639435e-02
6.128106713294982910e-01
3.888447284698486328e-01
6.709618568420410156e-01
2.963620424270629883e-01
2.513213455677032471e-01
1.332397460937500000e-01
1.754436455667018890e-02
5.813272595405578613e-01
4.181292355060577393e-01
6.292797923088073730e-01
2.816838324069976807e-01
2.386413961648941040e-01
1.308228373527526855e-01
1.667926646769046783e-02
5.649322867393493652e-01
4.346813261508941650e-01
6.182636618614196777e-01
3.165141642093658447e-01
2.560361027717590332e-01
1.255313307046890259e-01
1.727798767387866974e-02
5.889518857002258301e-01
3.911491930484771729e-01
6.455094814300537109e-01
3.443277180194854736e-01
2.490460425615310669e-01
1.224407553672790527e-01
1.809283904731273651e-02
5.804184079170227051e-01
4.415472447872161865e-01
6.103909611701965332e-01
3.023775517940521240e-01
2.362265735864639282e-01
1.202013716101646423e-01
1.873563230037689209e-02
6.032594442367553711e-01
3.878356516361236572e-01
6.644120216369628906e-01
2.785888016223907471e-01
2.383253574371337891e-01
1.208545565605163574e-01
1.801335252821445465e-02
6.204112172126770020e-01
3.876133859157562256e-01
6.598832011222839355e-01
2.854386270046234131e-01
2.622014284133911133e-01
1.350543200969696045e-01
1.804141141474246979e-02
6.235229969024658203e-01
4.064323902130126953e-01
6.731746792793273926e-01
2.852859795093536377e-01
2.564941942691802979e-01
1.331039220094680786e-01
1.828323863446712494e-02
6.370626091957092285e-01
4.131469428539276123e-01
6.864693760871887207e-01
3.065629303455352783e-01
2.410765141248703003e-01
1.257550269365310669e-01
1.827958598732948303e-02
5.995166301727294922e-01
4.003092348575592041e-01
6.490507125854492188e-01
3.283851444721221924e-01
2.433445006608963013e-01
1.245018765330314636e-01
1.981791481375694275e-02
5.965921878814697266e-01
3.795280754566192627e-01
6.445310115814208984e-01
3.062684834003448486e-01
2.454933524131774902e-01
1.228849515318870544e-01
2.089975588023662567e-02
6.368703246116638184e-01
3.659481704235076904e-01
6.973343491554260254e-01
2.800526916980743408e-01
2.650706470012664795e-01
1.244797036051750183e-01
2.310398407280445099e-02
6.629458665847778320e-01
3.943650722503662109e-01
7.151417136192321777e-01
2.733744084835052490e-01
2.407651543617248535e-01
1.348030269145965576e-01
2.388645149767398834e-02
7.046971321105957031e-01
3.799297809600830078e-01
7.796085476875305176e-01
2.577849924564361572e-01
2.337847203016281128e-01
1.283406168222427368e-01
2.619407139718532562e-02
7.477927207946777344e-01
3.291593790054321289e-01
8.061692118644714355e-01
2.475144267082214355e-01
2.341347932815551758e-01
1.212982311844825745e-01
2.868036366999149323e-02
7.691543698310852051e-01
3.019551038742065430e-01
8.153840899467468262e-01
2.519074976444244385e-01
2.261619120836257935e-01
1.218222752213478088e-01
2.791639231145381927e-02
7.455709576606750488e-01
2.961311936378479004e-01
7.658817172050476074e-01
2.404010146856307983e-01
2.249242514371871948e-01
1.203349456191062927e-01
2.969939075410366058e-02
8.507508635520935059e-01
3.013387322425842285e-01
9.061658978462219238e-01
2.310517281293869019e-01
2.379704117774963379e-01
1.324902474880218506e-01
2.780920267105102539e-02
8.589177131652832031e-01
3.463629484176635742e-01
9.119434356689453125e-01
2.764285504817962646e-01
2.190463691949844360e-01
1.166996955871582031e-01
2.820000052452087402e-02
9.034139513969421387e-01
3.232048749923706055e-01
9.606899619102478027e-01
2.500737905502319336e-01
2.182057499885559082e-01
1.149229034781455994e-01
2.948251366615295410e-02
1.001114368438720703e+00
3.446562290191650391e-01
1.091382861137390137e+00
2.419966459274291992e-01
2.304513901472091675e-01
1.177911162376403809e-01
3.321829438209533691e-02
1.003791809082031250e+00
3.517789840698242188e-01
1.116665244102478027e+00
2.462781667709350586e-01
2.318471521139144897e-01
1.260847449302673340e-01
3.463643416762351990e-02
1.007214903831481934e+00
3.113911747932434082e-01
1.093537330627441406e+00
2.434469461441040039e-01
2.321532368659973145e-01
1.323400735855102539e-01
3.286396339535713196e-02
1.010507464408874512e+00
3.143015801906585693e-01
1.100897908210754395e+00
2.197012454271316528e-01
2.096760123968124390e-01
1.342507600784301758e-01
3.370020538568496704e-02
9.878910183906555176e-01
2.883336842060089111e-01
1.063495397567749023e+00
2.068255543708801270e-01
2.095782309770584106e-01
1.447041481733322144e-01
3.467039391398429871e-02
9.806699156761169434e-01
2.889986336231231689e-01
1.065014719963073730e+00
2.187448590993881226e-01
2.023480534553527832e-01
1.484401226043701172e-01
3.487100079655647278e-02
9.765141606330871582e-01
2.989763021469116211e-01
1.068819046020507812e+00
2.214588671922683716e-01
1.964102387428283691e-01
1.298195570707321167e-01
3.606641665101051331e-02
1.023418545722961426e+00
2.785458266735076904e-01
1.104901671409606934e+00
2.189815044403076172e-01
1.947862356901168823e-01
1.260575801134109497e-01
3.648959472775459290e-02
1.003445744514465332e+00
2.509432733058929443e-01
1.083478569984436035e+00
2.036921381950378418e-01
1.951153427362442017e-01
1.185920611023902893e-01
3.535373136401176453e-02
1.027447581291198730e+00
2.512781620025634766e-01
1.130556821823120117e+00
1.933414489030838013e-01
1.959944367408752441e-01
1.166657209396362305e-01
3.407728299498558044e-02
1.038172364234924316e+00
2.452613115310668945e-01
1.119818210601806641e+00
1.920102834701538086e-01
1.920987218618392944e-01
1.166927814483642578e-01
3.528917953372001648e-02
1.050891041755676270e+00
2.487075477838516235e-01
1.131807684898376465e+00
1.655170768499374390e-01
1.968082189559936523e-01
1.208482980728149414e-01
3.697593882679939270e-02
1.049766540527343750e+00
2.227001637220382690e-01
1.137308478355407715e+00
1.730540990829467773e-01
1.932065039873123169e-01
1.224833130836486816e-01
3.625630959868431091e-02
1.026755928993225098e+00
2.356144636869430542e-01
1.130579113960266113e+00
1.813655346632003784e-01
1.902851313352584839e-01
1.229871138930320740e-01
4.086833819746971130e-02
9.902674555778503418e-01
2.422155141830444336e-01
1.079939365386962891e+00
1.815249174833297729e-01
1.937566399574279785e-01
1.220522522926330566e-01
4.503837227821350098e-02
1.025880813598632812e+00
2.583124637603759766e-01
1.127119302749633789e+00
1.785845011472702026e-01
1.891011744737625122e-01
1.168215796351432800e-01
5.055524408817291260e-02
1.081754565238952637e+00
2.686787545680999756e-01
1.150870323181152344e+00
1.604591757059097290e-01
1.883789300918579102e-01
1.122581288218498230e-01
5.180435255169868469e-02
1.119335770606994629e+00
2.422087937593460083e-01
1.211483359336853027e+00
1.744724661111831665e-01
1.899061799049377441e-01
1.141806840896606445e-01
5.553615465760231018e-02
1.091506004333496094e+00
2.273247987031936646e-01
1.170360445976257324e+00
1.681830883026123047e-01
1.901686340570449829e-01
1.043730974197387695e-01
5.313143134117126465e-02
1.030942916870117188e+00
2.561552226543426514e-01
1.140694022178649902e+00
1.740296632051467896e-01
1.863410025835037231e-01
1.172005161643028259e-01
4.997985064983367920e-02
9.731974601745605469e-01
2.400203794240951538e-01
1.045969843864440918e+00
1.823443174362182617e-01
1.858788281679153442e-01
1.213737353682518005e-01
5.087033286690711975e-02
1.042316675186157227e+00
2.302161902189254761e-01
1.119518280029296875e+00
1.859255582094192505e-01
1.858507990837097168e-01
1.185445114970207214e-01
4.742730781435966492e-02
6.507916450500488281e-01
2.442847490310668945e-01
7.130754590034484863e-01
1.778444498777389526e-01
1.806940585374832153e-01
1.119150221347808838e-01
4.512686654925346375e-02
9.635729789733886719e-01
2.397610694169998169e-01
1.047487616539001465e+00
1.810104250907897949e-01
1.767742186784744263e-01
1.106440424919128418e-01
4.736558720469474792e-02
9.585267901420593262e-01
2.475852966308593750e-01
1.071548700332641602e+00
1.813604235649108887e-01
1.809093207120895386e-01
1.127860769629478455e-01
4.677687212824821472e-02
8.982784748077392578e-01
2.244423776865005493e-01
9.979351162910461426e-01
1.722902804613113403e-01
1.848307102918624878e-01
1.092813834547996521e-01
5.006435140967369080e-02
8.989419937133789062e-01
2.399050444364547729e-01
9.864016175270080566e-01
1.801334023475646973e-01
1.920060366392135620e-01
1.043754518032073975e-01
4.901997372508049011e-02
9.047695994377136230e-01
2.243679761886596680e-01
9.765319824218750000e-01
1.681323498487472534e-01
1.695599704980850220e-01
1.053181514143943787e-01
4.855044558644294739e-02
8.715854287147521973e-01
2.084624916315078735e-01
9.648099541664123535e-01
1.706243306398391724e-01
1.583510190248489380e-01
1.091017127037048340e-01
4.833148792386054993e-02
8.426380753517150879e-01
2.091605514287948608e-01
9.048432707786560059e-01
1.704967021942138672e-01
1.562939882278442383e-01
1.052865162491798401e-01
5.128408595919609070e-02
8.340876698493957520e-01
2.146181613206863403e-01
9.269766807556152344e-01
1.762057393789291382e-01
1.554843187332153320e-01
1.061699911952018738e-01
5.157461762428283691e-02
8.940601944923400879e-01
2.288520485162734985e-01
9.694656729698181152e-01
1.852832883596420288e-01
1.589307337999343872e-01
1.051103174686431885e-01
4.842459782958030701e-02
8.872482180595397949e-01
2.349974364042282104e-01
9.700076580047607422e-01
1.937314271926879883e-01
1.575771123170852661e-01
1.025478243827819824e-01
4.872961714863777161e-02
8.831104636192321777e-01
2.127699255943298340e-01
9.709104895591735840e-01
1.652069836854934692e-01
1.613861173391342163e-01
1.049345657229423523e-01
4.865488782525062561e-02
9.064890742301940918e-01
1.850384473800659180e-01
1.003887057304382324e+00
1.212923899292945862e-01
1.566350311040878296e-01
1.040788665413856506e-01
5.030616000294685364e-02
9.284299015998840332e-01
1.625709682703018188e-01
1.012507081031799316e+00
1.131941974163055420e-01
1.591067910194396973e-01
1.045268252491950989e-01
5.104355886578559875e-02
9.274983406066894531e-01
1.790832281112670898e-01
9.995654225349426270e-01
1.353560388088226318e-01
1.567181199789047241e-01
1.037115976214408875e-01
5.542704463005065918e-02
8.903204798698425293e-01
1.801118850708007812e-01
9.730328917503356934e-01
1.319680362939834595e-01
1.606050580739974976e-01
1.036965921521186829e-01
5.705077946186065674e-02
8.726460337638854980e-01
1.834045648574829102e-01
9.468833804130554199e-01
1.274342238903045654e-01
1.599759012460708618e-01
1.033695116639137268e-01
6.037290766835212708e-02
9.247428774833679199e-01
1.708819121122360229e-01
1.026800513267517090e+00
1.263092756271362305e-01
1.579508334398269653e-01
1.070840358734130859e-01
6.033540144562721252e-02
9.833047986030578613e-01
1.873140186071395874e-01
1.040428042411804199e+00
1.304513216018676758e-01
1.567513048648834229e-01
1.056640520691871643e-01
6.218329444527626038e-02
9.753310084342956543e-01
1.789507716894149780e-01
1.067771553993225098e+00
1.207119002938270569e-01
1.566945314407348633e-01
1.077673435211181641e-01
6.530719250440597534e-02
9.136781096458435059e-01
1.655323058366775513e-01
9.872568249702453613e-01
1.163663566112518311e-01
1.580019444227218628e-01
1.092535927891731262e-01
6.696444004774093628e-02
9.485123157501220703e-01
1.650582253932952881e-01
1.028574585914611816e+00
1.178145483136177063e-01
1.593790054321289062e-01
1.058276817202568054e-01
6.850882619619369507e-02
9.712035059928894043e-01
1.737457364797592163e-01
1.056036353111267090e+00
1.243078336119651794e-01
1.568820029497146606e-01
1.043247357010841370e-01
7.020747661590576172e-02
9.673112034797668457e-01
1.722946763038635254e-01
1.008952736854553223e+00
1.235021427273750305e-01
1.692276000976562500e-01
1.027416810393333435e-01
7.259813696146011353e-02
9.041511416435241699e-01
1.888452768325805664e-01
9.675624966621398926e-01
1.310024261474609375e-01
1.509823799133300781e-01
1.033951938152313232e-01
7.388381659984588623e-02
8.091692328453063965e-01
1.800861358642578125e-01
8.832418322563171387e-01
1.291709691286087036e-01
1.493325382471084595e-01
1.040578261017799377e-01
7.494080066680908203e-02
8.849968314170837402e-01
1.854993551969528198e-01
9.646976590156555176e-01
1.317864358425140381e-01
1.534246802330017090e-01
1.049901470541954041e-01
7.763026654720306396e-02
8.463055491447448730e-01
1.776148080825805664e-01
9.269803166389465332e-01
1.296007633209228516e-01
1.530947685241699219e-01
1.047763004899024963e-01
7.918962091207504272e-02
8.412664532661437988e-01
1.756888180971145630e-01
9.141688346862792969e-01
1.290550976991653442e-01
1.609594225883483887e-01
1.026663482189178467e-01
7.948676496744155884e-02
8.131732940673828125e-01
1.807191818952560425e-01
8.799334168434143066e-01
1.311168819665908813e-01
1.567553877830505371e-01
9.942755848169326782e-02
7.954935729503631592e-02
7.708692550659179688e-01
1.759041100740432739e-01
8.318962454795837402e-01
1.287644356489181519e-01
1.487462073564529419e-01
1.118569150567054749e-01
7.986279577016830444e-02
7.546948790550231934e-01
1.754889488220214844e-01
8.084715008735656738e-01
1.300596147775650024e-01
1.572470515966415405e-01
1.089703813195228577e-01
7.965239137411117554e-02
7.747268676757812500e-01
1.831978112459182739e-01
8.518376350402832031e-01
1.326251327991485596e-01
1.473281234502792358e-01
9.806329011917114258e-02
8.105384558439254761e-02
8.086178898811340332e-01
1.930953264236450195e-01
8.610649108886718750e-01
1.383168846368789673e-01
1.411565095186233521e-01
1.002551317214965820e-01
7.883817702531814575e-02
7.879669070243835449e-01
1.976078003644943237e-01
8.362765312194824219e-01
1.370778530836105347e-01
1.436225026845932007e-01
1.008972302079200745e-01
7.483074069023132324e-02
7.592737674713134766e-01
1.988996714353561401e-01
8.641471862792968750e-01
1.355978399515151978e-01
1.418166607618331909e-01
1.004953607916831970e-01
6.773895770311355591e-02
8.239331245422363281e-01
1.878060102462768555e-01
9.332084655761718750e-01
1.397383362054824829e-01
1.451472043991088867e-01
1.025611385703086853e-01
6.309386342763900757e-02
8.306556344032287598e-01
1.823374181985855103e-01
8.824208378791809082e-01
1.303882747888565063e-01
1.459152102470397949e-01
9.718214720487594604e-02
6.470973044633865356e-02
8.061547875404357910e-01
1.877270936965942383e-01
8.704755306243896484e-01
1.347708553075790405e-01
1.445447355508804321e-01
9.902404993772506714e-02
6.457684934139251709e-02
8.092612624168395996e-01
1.834770292043685913e-01
8.850308060646057129e-01
1.372298449277877808e-01
1.409820020198822021e-01
9.827972203493118286e-02
6.123201176524162292e-02
8.059301376342773438e-01
1.855414360761642456e-01
8.733529448509216309e-01
1.378919780254364014e-01
1.438613533973693848e-01
9.785407781600952148e-02
6.064915657043457031e-02
8.073065876960754395e-01
1.902018785476684570e-01
8.738095760345458984e-01
1.446493268013000488e-01
1.518107503652572632e-01
1.026554703712463379e-01
5.853131413459777832e-02
8.558915257453918457e-01
2.050972580909729004e-01
9.107792973518371582e-01
1.343964934349060059e-01
1.469189077615737915e-01
1.109127104282379150e-01
6.147190928459167480e-02
8.191897869110107422e-01
1.961711645126342773e-01
8.361104130744934082e-01
1.428861469030380249e-01
1.468127369880676270e-01
1.043104156851768494e-01
5.229425802826881409e-02
7.606702446937561035e-01
1.801731586456298828e-01
8.369901776313781738e-01
1.278399825096130371e-01
1.363576501607894897e-01
1.001629754900932312e-01
5.400846526026725769e-02
6.146026849746704102e-01
1.807354241609573364e-01
6.697645187377929688e-01
1.365488618612289429e-01
1.250182539224624634e-01
9.906698018312454224e-02
5.623987317085266113e-02
5.031971931457519531e-01
1.732599288225173950e-01
5.508105158805847168e-01
1.361372023820877075e-01
1.381126195192337036e-01
1.008789315819740295e-01
5.017348006367683411e-02
5.338258743286132812e-01
1.890613436698913574e-01
5.792295336723327637e-01
1.383494287729263306e-01
1.413325220346450806e-01
9.964194148778915405e-02
5.396593734622001648e-02
5.537752509117126465e-01
1.938747912645339966e-01
6.119031310081481934e-01
1.366728544235229492e-01
1.284711807966232300e-01
9.535805135965347290e-02
5.641197785735130310e-02
6.080698966979980469e-01
1.843584328889846802e-01
6.338126063346862793e-01
1.449403166770935059e-01
1.780362278223037720e-01
2.663425505161285400e-01
4.677577689290046692e-02
5.904086232185363770e-01
1.976865530014038086e-01
6.807267665863037109e-01
1.456760466098785400e-01
1.793295145034790039e-01
3.686780035495758057e-01
4.923423752188682556e-02
5.788450837135314941e-01
2.168145030736923218e-01
6.524466276168823242e-01
1.434875875711441040e-01
6.305829882621765137e-01
1.243634581565856934e+00
4.810379818081855774e-02
5.510275959968566895e-01
2.444947957992553711e-01
6.240519285202026367e-01
1.563117802143096924e-01
2.900266647338867188e-01
5.546398162841796875e-01
4.796098545193672180e-02
5.544337034225463867e-01
2.387827634811401367e-01
6.131091713905334473e-01
1.628992855548858643e-01
1.145064011216163635e-01
3.843568265438079834e-01
4.820320382714271545e-02
5.413512587547302246e-01
2.395676225423812866e-01
6.088418364524841309e-01
1.650177836418151855e-01
1.117024645209312439e-01
1.807457208633422852e-01
4.550290107727050781e-02
5.431481003761291504e-01
2.515496313571929932e-01
6.034467220306396484e-01
1.688495129346847534e-01
1.222650632262229919e-01
1.424913555383682251e-01
4.670742154121398926e-02
5.212973952293395996e-01
2.312388569116592407e-01
5.964327454566955566e-01
1.716879457235336304e-01
1.236231923103332520e-01
1.280659884214401245e-01
4.808122292160987854e-02
5.456774234771728516e-01
2.683678567409515381e-01
6.131507754325866699e-01
1.837890297174453735e-01
1.215845271944999695e-01
1.221849024295806885e-01
4.634298011660575867e-02
5.585799813270568848e-01
2.065529823303222656e-01
6.228539347648620605e-01
1.604546457529067993e-01
1.078296080231666565e-01
1.228010579943656921e-01
4.407249763607978821e-02
5.339838266372680664e-01
2.172929048538208008e-01
6.207459568977355957e-01
1.610841751098632812e-01
1.132954359054565430e-01
1.259009391069412231e-01
4.575541988015174866e-02
5.589068531990051270e-01
1.995190978050231934e-01
6.239997744560241699e-01
1.525132507085800171e-01
1.138320341706275940e-01
1.385050863027572632e-01
4.510340094566345215e-02
5.613900423049926758e-01
1.916776299476623535e-01
6.481626629829406738e-01
1.512472629547119141e-01
1.127051934599876404e-01
1.554550677537918091e-01
4.609875008463859558e-02
5.532073378562927246e-01
1.897242814302444458e-01
6.207378506660461426e-01
1.468968391418457031e-01
1.127780377864837646e-01
1.689915210008621216e-01
4.442248865962028503e-02
5.632614493370056152e-01
2.014954686164855957e-01
6.468382477760314941e-01
1.504324376583099365e-01
1.177204847335815430e-01
1.504252701997756958e-01
4.702115431427955627e-02
5.173192024230957031e-01
1.997807472944259644e-01
5.962374210357666016e-01
1.385533660650253296e-01
1.286803930997848511e-01
1.565899699926376343e-01
4.696514084935188293e-02
5.240427851676940918e-01
2.074505090713500977e-01
6.096965074539184570e-01
1.460634917020797729e-01
1.206467971205711365e-01
1.286477148532867432e-01
4.598478600382804871e-02
5.564205050468444824e-01
2.038673311471939087e-01
6.144390106201171875e-01
1.538766175508499146e-01
1.141518726944923401e-01
1.288391351699829102e-01
4.799821600317955017e-02
5.574762821197509766e-01
2.141761034727096558e-01
6.335099339485168457e-01
1.494711041450500488e-01
1.194163337349891663e-01
1.188938990235328674e-01
4.722569510340690613e-02
5.614914298057556152e-01
1.912225335836410522e-01
6.449156403541564941e-01
1.441870927810668945e-01
1.183493956923484802e-01
1.166902855038642883e-01
4.643318057060241699e-02
5.178565979003906250e-01
2.202131301164627075e-01
5.882015824317932129e-01
1.507285535335540771e-01
1.250913143157958984e-01
1.134819760918617249e-01
4.746374115347862244e-02
5.508255362510681152e-01
1.710239499807357788e-01
6.108717322349548340e-01
1.351467370986938477e-01
1.315821856260299683e-01
1.118212565779685974e-01
4.649206995964050293e-02
5.883281826972961426e-01
1.570859998464584351e-01
6.964509487152099609e-01
1.226547360420227051e-01
1.259924918413162231e-01
1.085381284356117249e-01
4.423871636390686035e-02
6.700954437255859375e-01
1.621776968240737915e-01
7.639978528022766113e-01
1.336874067783355713e-01
1.285558342933654785e-01
1.036805510520935059e-01
4.541103541851043701e-02
6.268786787986755371e-01
1.618000864982604980e-01
7.008512616157531738e-01
1.351956874132156372e-01
1.236907765269279480e-01
9.628754854202270508e-02
4.206558689475059509e-02
6.371626853942871094e-01
1.485488116741180420e-01
6.866919398307800293e-01
1.249269619584083557e-01
1.294519752264022827e-01
1.020112410187721252e-01
4.031923040747642517e-02
6.467794775962829590e-01
1.537836343050003052e-01
7.250812649726867676e-01
1.324097663164138794e-01
1.350383758544921875e-01
1.070705875754356384e-01
4.084958508610725403e-02
5.341705083847045898e-01
1.684012860059738159e-01
5.882518887519836426e-01
1.386675685644149780e-01
1.349346041679382324e-01
1.142064258456230164e-01
4.034327343106269836e-02
5.542955994606018066e-01
1.776132136583328247e-01
5.965471267700195312e-01
1.439096778631210327e-01
1.326774954795837402e-01
9.958844631910324097e-02
3.929387405514717102e-02
5.749573707580566406e-01
1.676225662231445312e-01
6.311985850334167480e-01
1.342706829309463501e-01
1.257490068674087524e-01
1.056738495826721191e-01
3.939433395862579346e-02
6.209295988082885742e-01
1.700720638036727905e-01
6.777479648590087891e-01
1.307263970375061035e-01
1.338835209608078003e-01
1.092050299048423767e-01
3.985193744301795959e-02
6.140890121459960938e-01
1.672112494707107544e-01
6.691353321075439453e-01
1.348315924406051636e-01
1.413769274950027466e-01
1.028816103935241699e-01
3.974628821015357971e-02
6.111198067665100098e-01
2.420644015073776245e-01
6.813662648200988770e-01
1.736031323671340942e-01
1.304258406162261963e-01
1.015708446502685547e-01
3.940474241971969604e-02
6.147456765174865723e-01
1.555214077234268188e-01
6.917057633399963379e-01
1.167024001479148865e-01
1.221787407994270325e-01
9.649135917425155640e-02
3.953666985034942627e-02
6.109306216239929199e-01
1.516457349061965942e-01
6.658811569213867188e-01
1.143678054213523865e-01
1.313338726758956909e-01
1.123568043112754822e-01
3.908607363700866699e-02
5.921624898910522461e-01
1.403334736824035645e-01
6.432918906211853027e-01
1.211475655436515808e-01
1.352954506874084473e-01
9.764108806848526001e-02
3.929032757878303528e-02
5.661041736602783203e-01
1.313826888799667358e-01
6.290811300277709961e-01
9.802976250648498535e-02
1.313890665769577026e-01
1.049088537693023682e-01
4.015896841883659363e-02
5.775660276412963867e-01
1.454799771308898926e-01
6.391713023185729980e-01
1.152825728058815002e-01
1.339186429977416992e-01
1.132522597908973694e-01
3.882351145148277283e-02
5.832104086875915527e-01
1.450154781341552734e-01
6.517997384071350098e-01
1.143872365355491638e-01
1.415150910615921021e-01
1.252158433198928833e-01
3.992300853133201599e-02
5.744726657867431641e-01
1.492683738470077515e-01
6.421782374382019043e-01
1.150584891438484192e-01
1.474482417106628418e-01
1.122605130076408386e-01
4.046198353171348572e-02
5.546317696571350098e-01
1.510502845048904419e-01
6.141048073768615723e-01
1.167219281196594238e-01
1.482320874929428101e-01
1.155190244317054749e-01
4.129639640450477600e-02
5.528029799461364746e-01
1.515921205282211304e-01
6.136348843574523926e-01
1.153426766395568848e-01
1.397742927074432373e-01
1.028270348906517029e-01
4.142332449555397034e-02
5.763682126998901367e-01
1.566113829612731934e-01
6.262528300285339355e-01
1.133492067456245422e-01
1.500945985317230225e-01
1.107370182871818542e-01
3.933430090546607971e-02
5.743175148963928223e-01
1.471914649009704590e-01
6.306646466255187988e-01
1.117030978202819824e-01
1.441587209701538086e-01
1.114325895905494690e-01
3.955045714974403381e-02
6.241564750671386719e-01
1.534283012151718140e-01
7.009299397468566895e-01
1.116816624999046326e-01
1.475254744291305542e-01
1.213498711585998535e-01
4.026982188224792480e-02
7.131982445716857910e-01
1.559246331453323364e-01
8.067315220832824707e-01
1.150804981589317322e-01
1.502213180065155029e-01
1.276398152112960815e-01
3.983629867434501648e-02
7.814064025878906250e-01
1.611417084932327271e-01
8.536491990089416504e-01
1.175965443253517151e-01
1.439703255891799927e-01
1.132012903690338135e-01
3.990831598639488220e-02
7.363373637199401855e-01
1.517329812049865723e-01
8.062861561775207520e-01
1.185654774308204651e-01
1.530372351408004761e-01
1.204061880707740784e-01
3.894425928592681885e-02
7.807154655456542969e-01
1.616490781307220459e-01
8.547117114067077637e-01
1.313918977975845337e-01
1.512995213270187378e-01
1.234319433569908142e-01
3.820252791047096252e-02
7.521273493766784668e-01
1.630357950925827026e-01
8.203263282775878906e-01
1.407134085893630981e-01
1.402716785669326782e-01
1.501914709806442261e-01
3.792016580700874329e-02
7.652935981750488281e-01
1.797979325056076050e-01
8.558192849159240723e-01
1.531419008970260620e-01
1.502497345209121704e-01
1.273224949836730957e-01
3.776455298066139221e-02
7.409874796867370605e-01
1.721861809492111206e-01
8.237628936767578125e-01
1.457588523626327515e-01
1.507153809070587158e-01
2.015166431665420532e-01
3.833858296275138855e-02
7.663968205451965332e-01
1.753424257040023804e-01
8.385810852050781250e-01
1.493712812662124634e-01
1.545350551605224609e-01
1.057058498263359070e-01
3.811158984899520874e-02
8.364488482475280762e-01
1.722679883241653442e-01
9.233866333961486816e-01
1.575591564178466797e-01
1.452527940273284912e-01
9.615246206521987915e-02
3.822714090347290039e-02
8.274337649345397949e-01
1.733331829309463501e-01
9.063554406166076660e-01
1.516413837671279907e-01
1.521829515695571899e-01
9.893187880516052246e-02
3.898447751998901367e-02
8.213694691658020020e-01
1.762381047010421753e-01
9.004204869270324707e-01
1.613797545433044434e-01
1.755605340003967285e-01
9.203308820724487305e-02
3.926430642604827881e-02
7.714163661003112793e-01
1.765008419752120972e-01
8.333454132080078125e-01
1.645424216985702515e-01
1.569984704256057739e-01
8.939436823129653931e-02
3.919630870223045349e-02
7.896542549133300781e-01
1.708065122365951538e-01
8.743519186973571777e-01
1.442361623048782349e-01
1.339287161827087402e-01
9.058237820863723755e-02
3.942739591002464294e-02
7.388000488281250000e-01
1.663793772459030151e-01
7.745876312255859375e-01
1.405244320631027222e-01
1.545964628458023071e-01
1.169684901833534241e-01
3.987539932131767273e-02
7.123803496360778809e-01
1.778150349855422974e-01
7.952602505683898926e-01
1.315079778432846069e-01
1.547251492738723755e-01
1.599413007497787476e-01
4.072551056742668152e-02
6.880972385406494141e-01
1.570947766304016113e-01
7.621969580650329590e-01
1.356198936700820923e-01
1.513731479644775391e-01
1.445777863264083862e-01
4.105718061327934265e-02
7.518529891967773438e-01
1.612539291381835938e-01
8.092474341392517090e-01
1.369733959436416626e-01
1.563750654458999634e-01
1.541034132242202759e-01
4.142631590366363525e-02
7.489218711853027344e-01
1.626815050840377808e-01
8.312904238700866699e-01
1.426900476217269897e-01
1.580632776021957397e-01
1.297902613878250122e-01
4.139271005988121033e-02
7.457072734832763672e-01
1.658845245838165283e-01
8.142547607421875000e-01
1.434736102819442749e-01
1.719577461481094360e-01
1.178402677178382874e-01
4.189434647560119629e-02
6.921386718750000000e-01
1.670205742120742798e-01
7.542765736579895020e-01
1.450826674699783325e-01
1.784130483865737915e-01
1.187319085001945496e-01
4.163612797856330872e-02
6.774588227272033691e-01
1.576817482709884644e-01
7.936015725135803223e-01
1.422678828239440918e-01
1.749405413866043091e-01
1.317530125379562378e-01
4.124611243605613708e-02
7.185621261596679688e-01
1.652038544416427612e-01
7.797658443450927734e-01
1.400570124387741089e-01
1.874359697103500366e-01
1.167387962341308594e-01
4.178845882415771484e-02
6.822533607482910156e-01
1.616636961698532104e-01
7.388544082641601562e-01
1.323087364435195923e-01
1.822060942649841309e-01
1.127645149827003479e-01
4.348641633987426758e-02
7.087612748146057129e-01
1.638240516185760498e-01
8.007685542106628418e-01
1.395459324121475220e-01
1.768869161605834961e-01
1.223757341504096985e-01
4.441373422741889954e-02
7.563326954841613770e-01
1.567164808511734009e-01
8.225752711296081543e-01
1.397075206041336060e-01
1.788818091154098511e-01
1.106514558196067810e-01
4.406082630157470703e-02
8.377296924591064453e-01
1.636403053998947144e-01
9.239411354064941406e-01
1.406444758176803589e-01
1.862933635711669922e-01
1.006810665130615234e-01
4.458792135119438171e-02
8.211320042610168457e-01
1.650861948728561401e-01
9.053192138671875000e-01
1.394440084695816040e-01
1.838207244873046875e-01
1.010171398520469666e-01
4.456995800137519836e-02
7.606365084648132324e-01
1.561882644891738892e-01
8.381479382514953613e-01
1.365115195512771606e-01
1.934629827737808228e-01
1.142270565032958984e-01
4.475104808807373047e-02
9.067685008049011230e-01
1.485856324434280396e-01
9.654614329338073730e-01
1.357845216989517212e-01
1.810326129198074341e-01
1.243274882435798645e-01
4.443563520908355713e-02
8.776715397834777832e-01
1.549239307641983032e-01
9.635117650032043457e-01
1.425590962171554565e-01
1.887132376432418823e-01
1.296805739402770996e-01
4.603274539113044739e-02
8.687617778778076172e-01
1.524092257022857666e-01
9.597308635711669922e-01
1.411379426717758179e-01
1.897413581609725952e-01
1.249908506870269775e-01
4.687334597110748291e-02
9.083886146545410156e-01
1.557986289262771606e-01
9.934089183807373047e-01
1.406725794076919556e-01
1.755253076553344727e-01
1.029042974114418030e-01
4.734788462519645691e-02
1.019082427024841309e+00
1.491017937660217285e-01
1.111162304878234863e+00
1.400261521339416504e-01
1.662072241306304932e-01
9.896177798509597778e-02
4.892691969871520996e-02
9.811844825744628906e-01
1.569349169731140137e-01
1.065418481826782227e+00
1.425173729658126831e-01
1.869117468595504761e-01
9.216773509979248047e-02
4.914243146777153015e-02
9.850808978080749512e-01
1.567636281251907349e-01
1.060747265815734863e+00
1.479923874139785767e-01
1.857615262269973755e-01
9.462813287973403931e-02
5.136883258819580078e-02
9.136067032814025879e-01
1.535524278879165649e-01
1.016627669334411621e+00
1.442738175392150879e-01
1.839045733213424683e-01
8.285700529813766479e-02
5.101297423243522644e-02
9.910587668418884277e-01
1.604185700416564941e-01
1.089942932128906250e+00
1.433796137571334839e-01
1.794768124818801880e-01
9.575849771499633789e-02
5.243305489420890808e-02
9.281541705131530762e-01
1.595534533262252808e-01
9.332883954048156738e-01
1.437406539916992188e-01
1.746582239866256714e-01
8.932655304670333862e-02
5.322390422224998474e-02
8.900287747383117676e-01
1.631346940994262695e-01
9.991062283515930176e-01
1.438064426183700562e-01
1.785209178924560547e-01
1.150882765650749207e-01
5.557871982455253601e-02
8.764331936836242676e-01
1.668422073125839233e-01
9.473609924316406250e-01
1.463732868432998657e-01
1.632174402475357056e-01
9.491906315088272095e-02
5.493751540780067444e-02
9.530575871467590332e-01
1.649648845195770264e-01
1.007929444313049316e+00
1.503574103116989136e-01
1.716984510421752930e-01
1.176142320036888123e-01
5.851287767291069031e-02
9.662907719612121582e-01
1.639051288366317749e-01
1.042952775955200195e+00
1.466846466064453125e-01
1.791178435087203979e-01
1.159548088908195496e-01
5.268706008791923523e-02
9.353599548339843750e-01
1.701000332832336426e-01
1.025363326072692871e+00
1.540966331958770752e-01
1.872309595346450806e-01
1.080826148390769958e-01
5.866746976971626282e-02
8.221423029899597168e-01
1.682989597320556641e-01
9.128398299217224121e-01
1.527374982833862305e-01
1.846021413803100586e-01
1.184142231941223145e-01
5.581993237137794495e-02
8.249588012695312500e-01
1.639192551374435425e-01
9.071154594421386719e-01
1.472788006067276001e-01
1.828611642122268677e-01
1.128843054175376892e-01
5.493752285838127136e-02
8.755227923393249512e-01
1.644047945737838745e-01
9.239847660064697266e-01
1.455972641706466675e-01
1.705023050308227539e-01
1.162312999367713928e-01
5.549311637878417969e-02
8.045182824134826660e-01
1.698112040758132935e-01
8.678843379020690918e-01
1.419711560010910034e-01
1.656505465507507324e-01
1.156437322497367859e-01
5.780607461929321289e-02
9.222231507301330566e-01
1.606700271368026733e-01
9.989076256752014160e-01
1.421646922826766968e-01
1.743163615465164185e-01
1.062342822551727295e-01
5.759133771061897278e-02
9.893083572387695312e-01
1.711045950651168823e-01
1.052321434020996094e+00
1.479152590036392212e-01
1.707712411880493164e-01
1.090627312660217285e-01
6.204096972942352295e-02
1.045519351959228516e+00
1.675199717283248901e-01
1.138061404228210449e+00
1.493947952985763550e-01
1.690471619367599487e-01
9.579887241125106812e-02
5.839401856064796448e-02
1.141532540321350098e+00
1.696401238441467285e-01
1.236189723014831543e+00
1.460825204849243164e-01
1.779770106077194214e-01
8.507237583398818970e-02
6.067406013607978821e-02
1.002435326576232910e+00
1.647958904504776001e-01
1.074846267700195312e+00
1.482121497392654419e-01
1.694561243057250977e-01
8.613940328359603882e-02
6.740674376487731934e-02
1.127017736434936523e+00
1.595460623502731323e-01
1.159842491149902344e+00
1.361620277166366577e-01
1.582176834344863892e-01
9.199845790863037109e-02
7.014688104391098022e-02
1.195589065551757812e+00
1.549670845270156860e-01
1.307001233100891113e+00
1.393357962369918823e-01
1.614642292261123657e-01
1.044116839766502380e-01
6.955800205469131470e-02
1.087779283523559570e+00
1.547109335660934448e-01
1.210165262222290039e+00
1.366215497255325317e-01
1.574081331491470337e-01
9.829682856798171997e-02
6.983127444982528687e-02
1.108885407447814941e+00
1.629595607519149780e-01
1.262822031974792480e+00
1.443959027528762817e-01
1.536446064710617065e-01
1.036560311913490295e-01
6.792785972356796265e-02
1.286923766136169434e+00
1.546225994825363159e-01
1.397034645080566406e+00
1.377053856849670410e-01
1.412946134805679321e-01
8.910840749740600586e-02
6.307344138622283936e-02
1.220619559288024902e+00
1.585699468851089478e-01
1.358217716217041016e+00
1.416989564895629883e-01
1.338625848293304443e-01
7.691840827465057373e-02
5.901212990283966064e-02
1.223975300788879395e+00
1.527760624885559082e-01
1.355095863342285156e+00
1.392553448677062988e-01
1.407930999994277954e-01
7.812232524156570435e-02
5.596712231636047363e-02
1.114400267601013184e+00
1.730536073446273804e-01
1.305196166038513184e+00
1.553279012441635132e-01
1.289914995431900024e-01
8.313418179750442505e-02
5.523103103041648865e-02
1.231169342994689941e+00
1.551176011562347412e-01
1.376851081848144531e+00
1.366412788629531860e-01
1.366158872842788696e-01
9.333964437246322632e-02
5.300690606236457825e-02
1.156661391258239746e+00
1.664995998144149780e-01
1.244637846946716309e+00
1.380694508552551270e-01
1.474802345037460327e-01
9.283012151718139648e-02
5.081695318222045898e-02
1.143103241920471191e+00
1.599519401788711548e-01
1.285404682159423828e+00
1.370726674795150757e-01
1.370823234319686890e-01
8.537250757217407227e-02
4.495012760162353516e-02
1.087712764739990234e+00
1.574497371912002563e-01
1.164726614952087402e+00
1.382565945386886597e-01
1.377472728490829468e-01
9.605570882558822632e-02
4.516588523983955383e-02
1.177440524101257324e+00
1.598514169454574585e-01
1.264917969703674316e+00
1.493809074163436890e-01
1.383013278245925903e-01
8.477372676134109497e-02
4.327341541647911072e-02
1.137727379798889160e+00
1.612432301044464111e-01
1.245768427848815918e+00
1.408953666687011719e-01
1.337501853704452515e-01
9.056624025106430054e-02
3.917352482676506042e-02
1.110006690025329590e+00
1.617059260606765747e-01
1.222102046012878418e+00
1.423278898000717163e-01
1.407270133495330811e-01
8.391463011503219604e-02
3.786424919962882996e-02
1.025617957115173340e+00
1.639478206634521484e-01
1.114421844482421875e+00
1.482428759336471558e-01
1.492249965667724609e-01
8.142761141061782837e-02
3.792097792029380798e-02
9.599120020866394043e-01
1.640319079160690308e-01
1.087268710136413574e+00
1.409779191017150879e-01
1.406158208847045898e-01
8.471330255270004272e-02
3.840558603405952454e-02
1.027722477912902832e+00
1.645986586809158325e-01
1.107978582382202148e+00
1.418191045522689819e-01
1.374886482954025269e-01
8.688241988420486450e-02
3.813526034355163574e-02
9.803983569145202637e-01
1.643258184194564819e-01
1.062400698661804199e+00
1.374646574258804321e-01
1.381199508905410767e-01
1.001380160450935364e-01
3.788527101278305054e-02
1.028953433036804199e+00
1.648931503295898438e-01
1.139393210411071777e+00
1.386407613754272461e-01
1.381147801876068115e-01
1.073946133255958557e-01
3.809968754649162292e-02
1.087566614151000977e+00
1.686976999044418335e-01
1.229690551757812500e+00
1.446173340082168579e-01
1.391016393899917603e-01
1.085019409656524658e-01
3.854170069098472595e-02
1.103108048439025879e+00
1.667202562093734741e-01
1.214419245719909668e+00
1.413389593362808228e-01
1.396562755107879639e-01
1.208338961005210876e-01
4.004903510212898254e-02
1.120496630668640137e+00
2.441247552633285522e-01
1.271549582481384277e+00
1.825342327356338501e-01
1.398816853761672974e-01
1.033991947770118713e-01
3.974433615803718567e-02
1.001496434211730957e+00
1.627018600702285767e-01
1.152346730232238770e+00
1.300700455904006958e-01
1.373388618230819702e-01
1.088485121726989746e-01
4.324489459395408630e-02
1.110035419464111328e+00
1.632292121648788452e-01
1.167728066444396973e+00
1.201868131756782532e-01
1.358942836523056030e-01
1.041547656059265137e-01
4.324682056903839111e-02
1.118332386016845703e+00
1.491117328405380249e-01
1.247361660003662109e+00
1.211881265044212341e-01
1.378298997879028320e-01
1.118032336235046387e-01
4.356193542480468750e-02
1.046297907829284668e+00
1.492906212806701660e-01
1.167645692825317383e+00
1.200839281082153320e-01
1.472352594137191772e-01
1.062524318695068359e-01
4.446069523692131042e-02
1.188122630119323730e+00
1.501511484384536743e-01
1.192554354667663574e+00
1.259390115737915039e-01
1.483726054430007935e-01
1.127117648720741272e-01
4.841816052794456482e-02
1.241895079612731934e+00
1.422741711139678955e-01
1.348741531372070312e+00
1.223066449165344238e-01
1.397805958986282349e-01
1.130709871649742126e-01
4.953118786215782166e-02
1.176787734031677246e+00
1.334943771362304688e-01
1.311911225318908691e+00
1.221263483166694641e-01
1.412215381860733032e-01
1.161631867289543152e-01
5.084484443068504333e-02
1.183875203132629395e+00
1.405364871025085449e-01
1.286734700202941895e+00
1.254003643989562988e-01
1.446407437324523926e-01
1.147224828600883484e-01
5.077798292040824890e-02
1.048100352287292480e+00
1.451867371797561646e-01
1.236617207527160645e+00
1.282127648591995239e-01
1.385296583175659180e-01
1.145233586430549622e-01
5.322675034403800964e-02
1.206414580345153809e+00
1.415311992168426514e-01
1.305252671241760254e+00
1.210523024201393127e-01
1.403332501649856567e-01
1.027735173702239990e-01
5.471624806523323059e-02
1.120065331459045410e+00
1.482715755701065063e-01
1.139723181724548340e+00
1.184524223208427429e-01
1.402682214975357056e-01
9.942299127578735352e-02
5.437524616718292236e-02
1.083444118499755859e+00
1.526592522859573364e-01
1.148952603340148926e+00
1.224663928151130676e-01
1.367608904838562012e-01
8.405040949583053589e-02
5.792531371116638184e-02
1.011502146720886230e+00
1.411910206079483032e-01
1.086794853210449219e+00
1.220187917351722717e-01
1.344277411699295044e-01
8.141047507524490356e-02
6.219072267413139343e-02
1.068059802055358887e+00
1.480782032012939453e-01
1.144597530364990234e+00
1.264207065105438232e-01
1.373966187238693237e-01
8.389133960008621216e-02
6.557807326316833496e-02
1.097727894783020020e+00
1.397428959608078003e-01
1.202793002128601074e+00
1.264007687568664551e-01
1.388492733240127563e-01
9.495237469673156738e-02
6.915666908025741577e-02
1.043125867843627930e+00
1.458079963922500610e-01
1.156029701232910156e+00
1.295546293258666992e-01
1.377533078193664551e-01
1.002812907099723816e-01
7.140124589204788208e-02
9.339397549629211426e-01
1.545857638120651245e-01
1.067998766899108887e+00
1.316661983728408813e-01
1.346978396177291870e-01
9.343591332435607910e-02
7.185804098844528198e-02
8.843418955802917480e-01
1.514122039079666138e-01
1.002360463142395020e+00
1.260985881090164185e-01
1.337776929140090942e-01
9.079509973526000977e-02
7.474384456872940063e-02
8.968878388404846191e-01
1.530352234840393066e-01
9.814381599426269531e-01
1.242248490452766418e-01
1.330408453941345215e-01
9.343856573104858398e-02
7.928457111120223999e-02
7.996093630790710449e-01
1.519407182931900024e-01
8.810032010078430176e-01
1.217257976531982422e-01
1.428195089101791382e-01
9.457638114690780640e-02
8.043485134840011597e-02
6.572329401969909668e-01
1.392420083284378052e-01
7.155572772026062012e-01
1.200818046927452087e-01
1.371554881334304810e-01
9.885532408952713013e-02
7.808095961809158325e-02
5.809437036514282227e-01
1.476452350616455078e-01
6.089790463447570801e-01
1.237859353423118591e-01
1.323669701814651489e-01
1.049762591719627380e-01
8.091767877340316772e-02
5.601034164428710938e-01
1.353342980146408081e-01
5.928804278373718262e-01
1.219192147254943848e-01
1.363065987825393677e-01
1.117309331893920898e-01
8.685684204101562500e-02
5.394988656044006348e-01
1.399186104536056519e-01
5.891836285591125488e-01
1.276255249977111816e-01
1.376559436321258545e-01
1.111337244510650635e-01
8.665765076875686646e-02
4.737664163112640381e-01
1.486211717128753662e-01
5.192648768424987793e-01
1.250979751348495483e-01
1.345327347517013550e-01
9.812387079000473022e-02
8.208335936069488525e-02
5.330401062965393066e-01
1.424284279346466064e-01
5.609974265098571777e-01
1.204533576965332031e-01
1.316566467285156250e-01
1.072260141372680664e-01
8.306419849395751953e-02
5.648107528686523438e-01
1.464725285768508911e-01
6.088240742683410645e-01
1.242653504014015198e-01
1.413503438234329224e-01
1.046339645981788635e-01
8.704790472984313965e-02
5.679021477699279785e-01
1.380019485950469971e-01
6.113908290863037109e-01
1.206313148140907288e-01
1.452439725399017334e-01
1.085392162203788757e-01
9.472191333770751953e-02
5.833775401115417480e-01
1.476382017135620117e-01
6.234760284423828125e-01
1.336502283811569214e-01
1.389953643083572388e-01
9.512393921613693237e-02
1.020316481590270996e-01
6.220623850822448730e-01
1.546174436807632446e-01
6.606876254081726074e-01
1.325175017118453979e-01
1.494873613119125366e-01
8.482088893651962280e-02
1.000570282340049744e-01
6.047949790954589844e-01
1.540331244468688965e-01
6.809855103492736816e-01
1.383918374776840210e-01
1.509517878293991089e-01
8.483180403709411621e-02
1.035580858588218689e-01
6.237381100654602051e-01
1.689494997262954712e-01
6.799270510673522949e-01
1.395895034074783325e-01
1.618492156267166138e-01
8.247321844100952148e-02
1.071270704269409180e-01
5.441002845764160156e-01
1.657613068819046021e-01
6.119427680969238281e-01
1.475570350885391235e-01
1.663830429315567017e-01
8.574014157056808472e-02
1.079056486487388611e-01
5.600342154502868652e-01
1.434723138809204102e-01
6.085194945335388184e-01
1.382502168416976929e-01
1.663984656333923340e-01
9.657869488000869751e-02
1.029572412371635437e-01
5.600507855415344238e-01
1.518542617559432983e-01
6.245898008346557617e-01
1.351714730262756348e-01
1.720828264951705933e-01
1.001190617680549622e-01
1.123404502868652344e-01
5.613212585449218750e-01
1.562083214521408081e-01
5.961268544197082520e-01
1.329068541526794434e-01
1.636347621679306030e-01
9.270653128623962402e-02
1.284846663475036621e-01
5.349624752998352051e-01
1.525372415781021118e-01
5.919403433799743652e-01
1.393545269966125488e-01
1.758325546979904175e-01
1.080731973052024841e-01
1.204710677266120911e-01
5.526544451713562012e-01
1.526903063058853149e-01
6.076096892356872559e-01
1.323533058166503906e-01
1.695948392152786255e-01
9.950476139783859253e-02
1.259779185056686401e-01
5.839133858680725098e-01
1.539152115583419800e-01
6.286643147468566895e-01
1.391012072563171387e-01
1.781747341156005859e-01
1.050355359911918640e-01
1.273952573537826538e-01
5.972523689270019531e-01
1.633682101964950562e-01
6.485619544982910156e-01
1.422810405492782593e-01
1.759191006422042847e-01
1.099113225936889648e-01
9.212764352560043335e-02
5.567762255668640137e-01
1.584709286689758301e-01
5.975659489631652832e-01
1.470270007848739624e-01
1.787163019180297852e-01
1.047901585698127747e-01
9.113755077123641968e-02
5.215730667114257812e-01
1.556434184312820435e-01
5.624931454658508301e-01
1.367380470037460327e-01
1.738788634538650513e-01
9.578273445367813110e-02
8.171740919351577759e-02
5.184252262115478516e-01
1.579511016607284546e-01
5.625774264335632324e-01
1.337232589721679688e-01
1.762210875749588013e-01
9.155887365341186523e-02
8.168181031942367554e-02
4.948737323284149170e-01
1.615846157073974609e-01
5.397737622261047363e-01
1.385401040315628052e-01
1.620712429285049438e-01
9.743895381689071655e-02
7.756794244050979614e-02
4.267959892749786377e-01
1.609051376581192017e-01
4.628834426403045654e-01
1.360892802476882935e-01
1.722027063369750977e-01
9.572760015726089478e-02
7.462242990732192993e-02
4.361215829849243164e-01
1.544364243745803833e-01
4.764771163463592529e-01
1.320773512125015259e-01
1.637773960828781128e-01
9.288045018911361694e-02
7.226885110139846802e-02
4.489433765411376953e-01
1.483363807201385498e-01
4.911976754665374756e-01
1.293554455041885376e-01
1.617593616247177124e-01
1.006555631756782532e-01
6.619507074356079102e-02
4.759743511676788330e-01
1.693691164255142212e-01
5.240996479988098145e-01
1.455124169588088989e-01
1.698046773672103882e-01
1.013576686382293701e-01
6.449096649885177612e-02
4.928461313247680664e-01
1.640402227640151978e-01
5.411210656166076660e-01
1.440797448158264160e-01
1.668536663055419922e-01
1.038126572966575623e-01
5.550646781921386719e-02
4.969896972179412842e-01
1.614863872528076172e-01
5.365522503852844238e-01
1.374143511056900024e-01
1.728349328041076660e-01
9.633765369653701782e-02
5.439718440175056458e-02
4.957468211650848389e-01
1.596526652574539185e-01
5.480482578277587891e-01
1.356554776430130005e-01
1.791789680719375610e-01
9.685936570167541504e-02
4.781007394194602966e-02
5.235757231712341309e-01
1.582182645797729492e-01
5.594629645347595215e-01
1.334446668624877930e-01
1.657830476760864258e-01
1.006304398179054260e-01
4.623995721340179443e-02
5.081909298896789551e-01
1.569634228944778442e-01
5.576508641242980957e-01
1.345870643854141235e-01
1.655796766281127930e-01
1.002111062407493591e-01
4.018704965710639954e-02
5.321093797683715820e-01
1.691336631774902344e-01
5.945271849632263184e-01
1.424133032560348511e-01
1.675798147916793823e-01
1.015450283885002136e-01
3.763974830508232117e-02
5.300106406211853027e-01
1.589574068784713745e-01
5.866087675094604492e-01
1.373564749956130981e-01
1.628671735525131226e-01
1.015375852584838867e-01
3.664910793304443359e-02
5.482954382896423340e-01
1.708260327577590942e-01
5.896084904670715332e-01
1.486289799213409424e-01
1.597605794668197632e-01
1.074427142739295959e-01
3.581462055444717407e-02
5.137124061584472656e-01
2.074963599443435669e-01
5.732036232948303223e-01
1.690267175436019897e-01
1.654846817255020142e-01
1.060630157589912415e-01
3.704101964831352234e-02
5.258650183677673340e-01
1.617361307144165039e-01
5.701588392257690430e-01
1.361516267061233521e-01
1.733037680387496948e-01
1.135392785072326660e-01
3.293780609965324402e-02
5.253461003303527832e-01
1.526171416044235229e-01
5.608395934104919434e-01
1.279589235782623291e-01
1.701242774724960327e-01
1.087247356772422791e-01
2.759215235710144043e-02
5.215700268745422363e-01
1.578616350889205933e-01
5.558850169181823730e-01
1.280603259801864624e-01
1.670309305191040039e-01
1.166649088263511658e-01
2.163185365498065948e-02
5.057313442230224609e-01
1.465864032506942749e-01
5.533345341682434082e-01
1.229474544525146484e-01
1.776623278856277466e-01
1.144352480769157410e-01
2.425653673708438873e-02
5.059608817100524902e-01
1.590354442596435547e-01
5.456671118736267090e-01
1.286707073450088501e-01
1.703317165374755859e-01
1.117187142372131348e-01
2.115902490913867950e-02
5.205951333045959473e-01
1.506876349449157715e-01
5.614450573921203613e-01
1.244977340102195740e-01
1.756501197814941406e-01
1.040004491806030273e-01
1.502903830260038376e-02
5.268905758857727051e-01
1.596938222646713257e-01
5.682108998298645020e-01
1.304256170988082886e-01
1.877663582563400269e-01
1.000247299671173096e-01
1.297993212938308716e-02
5.226761698722839355e-01
1.586590260267257690e-01
5.290121436119079590e-01
1.336095184087753296e-01
2.000259310007095337e-01
9.850859642028808594e-02
1.529179979115724564e-02
5.156748890876770020e-01
1.638760715723037720e-01
5.475006103515625000e-01
1.404046416282653809e-01
1.900417059659957886e-01
9.832363575696945190e-02
1.706121675670146942e-02
5.066260695457458496e-01
1.642843037843704224e-01
5.333090424537658691e-01
1.352664679288864136e-01
1.797384768724441528e-01
9.686660766601562500e-02
1.594924181699752808e-02
4.593343734741210938e-01
1.500494033098220825e-01
4.920957088470458984e-01
1.297810226678848267e-01
1.923993229866027832e-01
9.523419290781021118e-02
1.470284815877676010e-02
4.747931063175201416e-01
1.544477939605712891e-01
5.027531981468200684e-01
1.243915632367134094e-01
1.890867799520492554e-01
9.516832977533340454e-02
1.806146837770938873e-02
4.483184814453125000e-01
1.484670639038085938e-01
4.695380628108978271e-01
1.241698786616325378e-01
1.737903207540512085e-01
9.587603807449340820e-02
1.527199149131774902e-02
4.361516237258911133e-01
1.456392407417297363e-01
4.710663259029388428e-01
1.235237121582031250e-01
1.688359975814819336e-01
1.005229577422142029e-01
1.585958711802959442e-02
4.450028240680694580e-01
1.732278466224670410e-01
4.797784090042114258e-01
1.432977318763732910e-01
1.729229241609573364e-01
1.023049578070640564e-01
1.598048023879528046e-02
4.791691601276397705e-01
1.607109159231185913e-01
5.200753808021545410e-01
1.341842263936996460e-01
1.728275865316390991e-01
1.102595105767250061e-01
1.523442566394805908e-02
5.030079483985900879e-01
1.531407386064529419e-01
5.531740784645080566e-01
1.433886587619781494e-01
2.139319032430648804e-01
1.008409261703491211e-01
1.548665296286344528e-02
5.007998943328857422e-01
1.602062135934829712e-01
5.483756661415100098e-01
1.428337693214416504e-01
2.477169483900070190e-01
9.680988639593124390e-02
1.516449917107820511e-02
5.090889334678649902e-01
1.526971161365509033e-01
5.557503700256347656e-01
1.324187964200973511e-01
2.667590081691741943e-01
1.047908440232276917e-01
1.613634824752807617e-02
5.028192400932312012e-01
1.436361819505691528e-01
5.425507426261901855e-01
1.211981475353240967e-01
2.472279071807861328e-01
1.102982386946678162e-01
1.644716225564479828e-02
4.900796115398406982e-01
1.442794799804687500e-01
5.277117490768432617e-01
1.241427883505821228e-01
2.541638314723968506e-01
1.109289899468421936e-01
1.631796173751354218e-02
4.830440282821655273e-01
1.433674842119216919e-01
5.273973345756530762e-01
1.205020770430564880e-01
2.486369460821151733e-01
1.152670383453369141e-01
1.725031249225139618e-02
4.842558205127716064e-01
1.415238529443740845e-01
5.261757969856262207e-01
1.252094060182571411e-01
2.453384548425674438e-01
1.221139207482337952e-01
1.704531908035278320e-02
4.896647930145263672e-01
1.396830976009368896e-01
5.282734036445617676e-01
1.228571832180023193e-01
2.680883109569549561e-01
1.085845902562141418e-01
1.689697243273258209e-02
4.903439283370971680e-01
1.540621519088745117e-01
5.293217301368713379e-01
1.315659880638122559e-01
2.526975870132446289e-01
1.170043423771858215e-01
1.647450588643550873e-02
4.892399311065673828e-01
1.441939324140548706e-01
5.239512920379638672e-01
1.248633041977882385e-01
2.527801096439361572e-01
1.169292703270912170e-01
1.626622490584850311e-02
4.898705482482910156e-01
1.489160805940628052e-01
5.306370258331298828e-01
1.302179098129272461e-01
2.976601719856262207e-01
1.149524077773094177e-01
1.722007989883422852e-02
5.049366354942321777e-01
1.429638862609863281e-01
5.448892712593078613e-01
1.211867257952690125e-01
3.481105566024780273e-01
1.125895157456398010e-01
1.797846704721450806e-02
5.158586502075195312e-01
1.416210830211639404e-01
5.613260269165039062e-01
1.258272975683212280e-01
3.892275393009185791e-01
1.155242100358009338e-01
1.764636300504207611e-02
4.892354011535644531e-01
1.488903015851974487e-01
5.419982075691223145e-01
1.286320835351943970e-01
4.187016785144805908e-01
1.231820210814476013e-01
1.952803693711757660e-02
4.608813822269439697e-01
1.379018127918243408e-01
5.083686709403991699e-01
1.268506348133087158e-01
4.818422794342041016e-01
1.227059140801429749e-01
1.894633658230304718e-02
4.690374433994293213e-01
1.418440490961074829e-01
5.136472582817077637e-01
1.308297663927078247e-01
4.847805500030517578e-01
1.251545399427413940e-01
1.814212463796138763e-02
4.920814037322998047e-01
1.488150507211685181e-01
5.327529311180114746e-01
1.322017014026641846e-01
5.467839837074279785e-01
1.187919750809669495e-01
1.789341308176517487e-02
5.314298272132873535e-01
1.387913078069686890e-01
5.544885993003845215e-01
1.287934780120849609e-01
5.630348324775695801e-01
1.315104812383651733e-01
1.871436834335327148e-02
5.587141513824462891e-01
1.360648423433303833e-01
5.811042189598083496e-01
1.233462020754814148e-01
5.602224469184875488e-01
1.302036195993423462e-01
1.918358542025089264e-02
5.832192897796630859e-01
1.414529681205749512e-01
5.932508111000061035e-01
1.283520162105560303e-01
5.715193152427673340e-01
1.704524159431457520e-01
2.097013592720031738e-02
5.865840315818786621e-01
1.478840559720993042e-01
5.919703841209411621e-01
1.291528344154357910e-01
6.872470974922180176e-01
1.162571087479591370e-01
2.101717703044414520e-02
6.527513861656188965e-01
1.374242305755615234e-01
6.946692466735839844e-01
1.245210766792297363e-01
6.296826004981994629e-01
1.173613667488098145e-01
2.095313929021358490e-02
9.210453033447265625e-01
1.393947154283523560e-01
8.863397240638732910e-01
1.292504817247390747e-01
5.804417729377746582e-01
1.151605471968650818e-01
2.006766945123672485e-02
6.512556076049804688e-01
1.375229060649871826e-01
6.790929436683654785e-01
1.315468102693557739e-01
5.710008740425109863e-01
1.128768399357795715e-01
1.970693282783031464e-02
6.896681189537048340e-01
1.430419981479644775e-01
7.403772473335266113e-01
1.207050904631614685e-01
5.684108138084411621e-01
1.160500422120094299e-01
1.991300471127033234e-02
6.979429125785827637e-01
1.343820244073867798e-01
7.460103034973144531e-01
1.285333782434463501e-01
5.535761713981628418e-01
1.178140267729759216e-01
2.039278484880924225e-02
6.190087199211120605e-01
1.255756020545959473e-01
6.906221508979797363e-01
1.159724220633506775e-01
5.238831639289855957e-01
1.226655542850494385e-01
2.038440667092800140e-02
6.099375486373901367e-01
1.296883374452590942e-01
6.945405006408691406e-01
1.152394041419029236e-01
5.261085629463195801e-01
1.171901747584342957e-01
1.975259743630886078e-02
6.163545250892639160e-01
1.284618973731994629e-01
6.910589337348937988e-01
1.188525557518005371e-01
5.428966879844665527e-01
1.161288544535636902e-01
1.956658065319061279e-02
5.903590321540832520e-01
1.228679791092872620e-01
6.629102826118469238e-01
1.146631464362144470e-01
5.395671129226684570e-01
1.118381023406982422e-01
1.994287036359310150e-02
5.914708971977233887e-01
1.207796931266784668e-01
6.592110395431518555e-01
1.148137226700782776e-01
5.312930941581726074e-01
1.140890046954154968e-01
2.061043120920658112e-02
6.297106146812438965e-01
1.327135562896728516e-01
6.898303627967834473e-01
1.371111422777175903e-01
5.355485081672668457e-01
1.153671219944953918e-01
1.997103914618492126e-02
6.348395943641662598e-01
1.244778931140899658e-01
7.119402885437011719e-01
1.178058758378028870e-01
5.464794635772705078e-01
1.131258010864257812e-01
1.976779475808143616e-02
6.134673953056335449e-01
1.246761605143547058e-01
6.955547332763671875e-01
1.157228127121925354e-01
5.434489250183105469e-01
1.177131906151771545e-01
2.021544985473155975e-02
6.297889351844787598e-01
1.384393572807312012e-01
7.368649840354919434e-01
1.130757108330726624e-01
5.558201670646667480e-01
1.226061582565307617e-01
2.003410272300243378e-02
6.770245432853698730e-01
1.826215982437133789e-01
7.465142607688903809e-01
1.687434166669845581e-01
5.549747943878173828e-01
1.285171061754226685e-01
1.955197751522064209e-02
6.874225735664367676e-01
1.793829649686813354e-01
7.760734558105468750e-01
1.367146819829940796e-01
5.614382028579711914e-01
1.394692510366439819e-01
1.930334605276584625e-02
6.480440497398376465e-01
1.408400535583496094e-01
7.562456727027893066e-01
1.232568025588989258e-01
5.608791708946228027e-01
1.410175859928131104e-01
1.952534355223178864e-02
6.619904041290283203e-01
1.369970589876174927e-01
7.427214980125427246e-01
1.162288188934326172e-01
5.605772733688354492e-01
1.403042376041412354e-01
1.926753669977188110e-02
7.067880630493164062e-01
1.438865959644317627e-01
8.096324801445007324e-01
1.160928606986999512e-01
5.354571342468261719e-01
1.447332352399826050e-01
1.905116625130176544e-02
7.345859408378601074e-01
1.235755085945129395e-01
8.396455645561218262e-01
1.124250665307044983e-01
5.301882624626159668e-01
1.589108407497406006e-01
1.821519993245601654e-02
7.447826266288757324e-01
1.340551674365997314e-01
8.273064494132995605e-01
1.100212857127189636e-01
5.335961580276489258e-01
1.427884250879287720e-01
1.765139028429985046e-02
7.743840217590332031e-01
1.405617445707321167e-01
8.740326762199401855e-01
1.091710105538368225e-01
5.349256396293640137e-01
1.542805433273315430e-01
1.831406354904174805e-02
8.452577590942382812e-01
1.640520095825195312e-01
9.581642150878906250e-01
1.137987151741981506e-01
5.354939103126525879e-01
1.596826761960983276e-01
1.785279065370559692e-02
8.480173945426940918e-01
1.523219943046569824e-01
9.506740570068359375e-01
1.196815744042396545e-01
5.361341834068298340e-01
1.439845412969589233e-01
1.722244359552860260e-02
8.190898895263671875e-01
1.634678691625595093e-01
9.668337702751159668e-01
1.359382569789886475e-01
5.373830199241638184e-01
1.380810737609863281e-01
1.629742793738842010e-02
8.040521740913391113e-01
1.326831281185150146e-01
9.598429799079895020e-01
1.175808981060981750e-01
5.541080832481384277e-01
1.299015879631042480e-01
1.613217964768409729e-02
8.515738844871520996e-01
1.760342121124267578e-01
9.956793785095214844e-01
1.485586911439895630e-01
5.475974678993225098e-01
1.254050582647323608e-01
1.604853384196758270e-02
7.520092129707336426e-01
1.968779116868972778e-01
8.955984115600585938e-01
1.633902192115783691e-01
5.561627149581909180e-01
1.307374387979507446e-01
1.652897708117961884e-02
7.453910708427429199e-01
1.807593107223510742e-01
8.867881894111633301e-01
1.509933918714523315e-01
5.628921389579772949e-01
1.230123266577720642e-01
1.654764451086521149e-02
8.445747494697570801e-01
1.510782390832901001e-01
9.946617484092712402e-01
1.200417503714561462e-01
5.463967919349670410e-01
1.292712539434432983e-01
1.645287685096263885e-02
8.974819183349609375e-01
1.560444980859756470e-01
1.032070279121398926e+00
1.062104478478431702e-01
5.483029484748840332e-01
1.175056323409080505e-01
1.617064513266086578e-02
7.815586924552917480e-01
1.316025704145431519e-01
8.928235173225402832e-01
9.907773882150650024e-02
5.374557375907897949e-01
1.247690245509147644e-01
1.550032664090394974e-02
7.699999809265136719e-01
1.347315907478332520e-01
8.689023852348327637e-01
9.631375223398208618e-02
5.227247476577758789e-01
1.454939693212509155e-01
1.537646446377038956e-02
7.536947131156921387e-01
1.118603423237800598e-01
8.662561774253845215e-01
9.335837513208389282e-02
5.234420299530029297e-01
1.407426148653030396e-01
1.518370956182479858e-02
7.975661158561706543e-01
8.662376552820205688e-02
9.055433273315429688e-01
8.140455186367034912e-02
5.138227343559265137e-01
1.407305151224136353e-01
1.530372630804777145e-02
7.686436772346496582e-01
1.217859983444213867e-01
8.970816731452941895e-01
1.053406000137329102e-01
5.068514943122863770e-01
1.133485212922096252e-01
1.535034552216529846e-02
7.372884750366210938e-01
1.288353204727172852e-01
8.651602268218994141e-01
1.025130152702331543e-01
5.346198678016662598e-01
1.035791039466857910e-01
1.504159066826105118e-02
7.889627814292907715e-01
1.295744925737380981e-01
9.061592221260070801e-01
9.583663195371627808e-02
5.706338286399841309e-01
1.066098809242248535e-01
1.453540567308664322e-02
8.242473006248474121e-01
1.205911114811897278e-01
9.376652240753173828e-01
9.070637077093124390e-02
6.034823060035705566e-01
1.098319217562675476e-01
1.490700151771306992e-02
8.146159052848815918e-01
1.436265558004379272e-01
9.202587604522705078e-01
9.633725881576538086e-02
6.782037615776062012e-01
1.230593100190162659e-01
1.450501382350921631e-02
7.747530937194824219e-01
1.307387948036193848e-01
8.778407573699951172e-01
9.283471852540969849e-02
7.163360714912414551e-01
1.149875894188880920e-01
1.401078794151544571e-02
7.402493357658386230e-01
1.252767890691757202e-01
8.533312678337097168e-01
9.295332431793212891e-02
7.432381510734558105e-01
1.109699085354804993e-01
1.380591187626123428e-02
7.717309594154357910e-01
1.320617347955703735e-01
9.128370285034179688e-01
9.567513316869735718e-02
7.552761435508728027e-01
1.105083525180816650e-01
1.381035428494215012e-02
8.093575835227966309e-01
1.511190384626388550e-01
9.439517855644226074e-01
9.741834551095962524e-02
8.328104019165039062e-01
1.132061854004859924e-01
1.355897914618253708e-02
8.230068683624267578e-01
1.546679288148880005e-01
9.395509362220764160e-01
1.116164401173591614e-01
8.663247227668762207e-01
1.194198727607727051e-01
1.311804074794054031e-02
8.371493220329284668e-01
1.613266319036483765e-01
9.477881789207458496e-01
1.127530112862586975e-01
8.577905297279357910e-01
1.158734783530235291e-01
1.322606205940246582e-02
8.170488476753234863e-01
1.340701133012771606e-01
9.142381548881530762e-01
8.936399221420288086e-02
8.616787791252136230e-01
1.163363829255104065e-01
1.358729973435401917e-02
7.611276507377624512e-01
1.422142982482910156e-01
8.445027470588684082e-01
9.259712696075439453e-02
8.676800131797790527e-01
1.144076958298683167e-01
1.338079292327165604e-02
5.004930496215820312e-01
1.514745205640792847e-01
5.523798465728759766e-01
9.989845752716064453e-02
8.219125866889953613e-01
1.181071028113365173e-01
1.389937102794647217e-02
5.015843510627746582e-01
1.323218494653701782e-01
5.663838386535644531e-01
8.856669813394546509e-02
8.519572615623474121e-01
1.306890398263931274e-01
1.516879629343748093e-02
6.953132748603820801e-01
1.286571174860000610e-01
7.987987995147705078e-01
8.684591203927993774e-02
8.855387568473815918e-01
1.115575656294822693e-01
1.489457860589027405e-02
8.105115890502929688e-01
1.274698972702026367e-01
9.269871711730957031e-01
9.005584567785263062e-02
8.530318140983581543e-01
1.187949851155281067e-01
1.525278855115175247e-02
7.387872338294982910e-01
1.215673387050628662e-01
8.115636706352233887e-01
8.957419544458389282e-02
8.650630116462707520e-01
1.236314699053764343e-01
1.532757934182882309e-02
6.255589127540588379e-01
1.221341267228126526e-01
7.169165611267089844e-01
8.594661206007003784e-02
8.585145473480224609e-01
1.100471019744873047e-01
1.581666432321071625e-02
7.110401988029479980e-01
1.290298551321029663e-01
7.686343789100646973e-01
9.083241969347000122e-02
8.661513328552246094e-01
1.242580786347389221e-01
1.611187309026718140e-02
6.659622788429260254e-01
1.317705363035202026e-01
7.315815091133117676e-01
9.314999729394912720e-02
8.541429638862609863e-01
1.250962316989898682e-01
1.565327122807502747e-02
6.546944379806518555e-01
1.256434768438339233e-01
7.034195065498352051e-01
8.990094065666198730e-02
8.139135241508483887e-01
1.316004097461700439e-01
1.576739549636840820e-02
6.224272847175598145e-01
1.314617991447448730e-01
6.656241416931152344e-01
9.591257572174072266e-02
8.082774281501770020e-01
1.387354731559753418e-01
1.619434915482997894e-02
6.781479716300964355e-01
1.406830549240112305e-01
7.271806597709655762e-01
1.098017320036888123e-01
8.148062229156494141e-01
1.324510127305984497e-01
1.727939583361148834e-02
7.071059346199035645e-01
1.328504234552383423e-01
8.039069771766662598e-01
9.216620773077011108e-02
8.253247737884521484e-01
1.388218104839324951e-01
1.797713898122310638e-02
6.999079585075378418e-01
1.380282491445541382e-01
8.018757700920104980e-01
9.393948316574096680e-02
8.676849007606506348e-01
1.343081146478652954e-01
1.649373583495616913e-02
7.194077372550964355e-01
1.319895386695861816e-01
7.647061944007873535e-01
9.019425511360168457e-02
8.839435577392578125e-01
1.427640169858932495e-01
1.632278226315975189e-02
7.433601021766662598e-01
1.270209401845932007e-01
8.277203440666198730e-01
8.898147195577621460e-02
9.069647192955017090e-01
1.331479400396347046e-01
1.682497374713420868e-02
7.132819294929504395e-01
1.283391267061233521e-01
7.741267085075378418e-01
9.009977430105209351e-02
9.371638894081115723e-01
1.338771134614944458e-01
1.737434789538383484e-02
6.991431713104248047e-01
1.326190978288650513e-01
7.504987120628356934e-01
8.752032369375228882e-02
9.640926718711853027e-01
1.400990337133407593e-01
1.854896731674671173e-02
6.482234001159667969e-01
1.322010010480880737e-01
7.236647009849548340e-01
8.882632106542587280e-02
9.433953762054443359e-01
1.371971964836120605e-01
1.963768340647220612e-02
7.276194691658020020e-01
1.327565312385559082e-01
7.968657612800598145e-01
9.017855674028396606e-02
9.685228466987609863e-01
1.367840766906738281e-01
2.118744701147079468e-02
7.256653308868408203e-01
1.342254877090454102e-01
7.816355824470520020e-01
9.103185683488845825e-02
9.931911826133728027e-01
1.311523914337158203e-01
2.538249827921390533e-02
7.586874365806579590e-01
1.428147107362747192e-01
8.502491116523742676e-01
1.017072126269340515e-01
1.049929380416870117e+00
1.333312541246414185e-01
2.272540517151355743e-02
7.713599205017089844e-01
1.519358009099960327e-01
8.736892342567443848e-01
1.132406666874885559e-01
1.006699562072753906e+00
1.384960860013961792e-01
2.126525342464447021e-02
6.715489029884338379e-01
1.565909534692764282e-01
7.843982577323913574e-01
1.120534613728523254e-01
1.028494000434875488e+00
1.589127182960510254e-01
2.057221718132495880e-02
5.898802876472473145e-01
1.444599330425262451e-01
6.626496911048889160e-01
9.830477088689804077e-02
1.005491375923156738e+00
1.542164534330368042e-01
2.114749141037464142e-02
7.027666568756103516e-01
1.475201547145843506e-01
8.302867412567138672e-01
9.411419183015823364e-02
9.937484860420227051e-01
1.522031873464584351e-01
2.163563109934329987e-02
7.148230671882629395e-01
1.365217566490173340e-01
7.732188105583190918e-01
8.900188654661178589e-02
1.020959019660949707e+00
1.347355991601943970e-01
2.206700481474399567e-02
6.583707332611083984e-01
1.317924857139587402e-01
7.339183688163757324e-01
9.802395105361938477e-02
1.030941843986511230e+00
1.283804178237915039e-01
2.271497808396816254e-02
6.333295702934265137e-01
1.316865235567092896e-01
6.910767555236816406e-01
9.189533442258834839e-02
1.051111817359924316e+00
1.300849467515945435e-01
2.293896116316318512e-02
6.008954048156738281e-01
1.312582641839981079e-01
6.609113812446594238e-01
9.222060441970825195e-02
1.059906721115112305e+00
1.375077217817306519e-01
2.355053089559078217e-02
5.842627882957458496e-01
1.279989928007125854e-01
6.534831523895263672e-01
9.068360179662704468e-02
9.979679584503173828e-01
1.473510861396789551e-01
2.294855006039142609e-02
6.302415728569030762e-01
1.308171302080154419e-01
6.479651331901550293e-01
8.869469165802001953e-02
1.022755980491638184e+00
1.557114720344543457e-01
2.325603924691677094e-02
5.878994464874267578e-01
1.436586230993270874e-01
6.184204220771789551e-01
9.557265043258666992e-02
1.003975033760070801e+00
1.379984766244888306e-01
2.267504483461380005e-02
6.053712964057922363e-01
1.360214203596115112e-01
6.315603852272033691e-01
9.448373317718505859e-02
9.758217930793762207e-01
1.370994597673416138e-01
2.243953943252563477e-02
6.132858991622924805e-01
1.398032307624816895e-01
6.405654549598693848e-01
9.167189151048660278e-02
1.012032628059387207e+00
1.465286910533905029e-01
2.492991648614406586e-02
6.440504789352416992e-01
1.281838566064834595e-01
6.704611182212829590e-01
9.106660634279251099e-02
1.025971770286560059e+00
1.256177872419357300e-01
2.133605815470218658e-02
5.880108475685119629e-01
1.391861289739608765e-01
6.482409834861755371e-01
9.857533127069473267e-02
1.064239978790283203e+00
1.242629885673522949e-01
2.039927802979946136e-02
5.957084894180297852e-01
1.376399397850036621e-01
6.258793473243713379e-01
9.362620115280151367e-02
1.045801639556884766e+00
1.274909973144531250e-01
1.936481706798076630e-02
6.218928098678588867e-01
1.253437846899032593e-01
6.538650393486022949e-01
9.543546289205551147e-02
9.842393994331359863e-01
1.325327306985855103e-01
1.892665959894657135e-02
6.428371071815490723e-01
1.260582059621810913e-01
7.053462862968444824e-01
9.398353844881057739e-02
1.011986374855041504e+00
1.330638378858566284e-01
1.989137381315231323e-02
6.300014257431030273e-01
1.307506412267684937e-01
6.699129939079284668e-01
9.266842156648635864e-02
1.009052395820617676e+00
1.306691318750381470e-01
2.036446891725063324e-02
6.241129636764526367e-01
1.334142237901687622e-01
6.594186425209045410e-01
9.642472118139266968e-02
1.009346127510070801e+00
1.284012794494628906e-01
2.146034501492977142e-02
6.331200003623962402e-01
1.334084868431091309e-01
6.828017234802246094e-01
9.642279893159866333e-02
9.893245697021484375e-01
1.315386444330215454e-01
2.107382752001285553e-02
6.634118556976318359e-01
1.376191526651382446e-01
7.051790356636047363e-01
9.897433966398239136e-02
9.767401218414306641e-01
1.333134770393371582e-01
2.108472026884555817e-02
6.338567733764648438e-01
1.360360682010650635e-01
6.678267121315002441e-01
9.975691884756088257e-02
9.711659550666809082e-01
1.404853910207748413e-01
2.146429568529129028e-02
6.373988986015319824e-01
1.409773081541061401e-01
6.913394927978515625e-01
1.046256497502326965e-01
9.607353210449218750e-01
1.379972249269485474e-01
2.171764709055423737e-02
6.729882359504699707e-01
1.344392150640487671e-01
7.287929654121398926e-01
1.017828956246376038e-01
9.840660691261291504e-01
1.402253061532974243e-01
2.221851050853729248e-02
5.376516580581665039e-01
1.349820494651794434e-01
5.464218258857727051e-01
1.019701659679412842e-01
1.018176555633544922e+00
1.475054174661636353e-01
2.251751162111759186e-02
5.098157525062561035e-01
1.440584510564804077e-01
4.948344230651855469e-01
1.071647778153419495e-01
1.002835750579833984e+00
1.495388001203536987e-01
2.270036190748214722e-02
5.329212546348571777e-01
1.427017003297805786e-01
5.522221922874450684e-01
1.134219765663146973e-01
9.845034480094909668e-01
1.347405761480331421e-01
2.377612888813018799e-02
5.222700238227844238e-01
1.332238167524337769e-01
5.455090403556823730e-01
1.135781779885292053e-01
1.020058751106262207e+00
1.447692066431045532e-01
2.377492375671863556e-02
5.291278958320617676e-01
1.354813724756240845e-01
5.424442887306213379e-01
1.098883971571922302e-01
1.008211612701416016e+00
1.406568437814712524e-01
2.470554411411285400e-02
5.389402508735656738e-01
1.315547674894332886e-01
5.590065717697143555e-01
1.027857959270477295e-01
1.047157406806945801e+00
1.318632215261459351e-01
2.569482661783695221e-02
5.682085156440734863e-01
1.353072524070739746e-01
5.720204710960388184e-01
1.080828234553337097e-01
1.060792803764343262e+00
1.278400272130966187e-01
2.663411013782024384e-02
5.103067755699157715e-01
1.339962035417556763e-01
5.451714396476745605e-01
1.063396930694580078e-01
1.062328457832336426e+00
1.262658983469009399e-01
2.768222801387310028e-02
5.621122121810913086e-01
1.314672380685806274e-01
5.557094216346740723e-01
1.054952517151832581e-01
1.025097250938415527e+00
1.274152845144271851e-01
2.731389366090297699e-02
5.364057421684265137e-01
1.337080001831054688e-01
5.445711612701416016e-01
1.044495478272438049e-01
1.019446492195129395e+00
1.337951272726058960e-01
2.830400504171848297e-02
5.222687125205993652e-01
1.320578306913375854e-01
5.248825550079345703e-01
1.024318635463714600e-01
1.002892494201660156e+00
1.268841028213500977e-01
2.887781523168087006e-02
5.173719525337219238e-01
1.432323604822158813e-01
5.307182669639587402e-01
1.043220758438110352e-01
1.003495573997497559e+00
1.265509277582168579e-01
2.933815121650695801e-02
5.398207306861877441e-01
1.415809690952301025e-01
5.381949543952941895e-01
1.127153933048248291e-01
9.932510256767272949e-01
1.238239631056785583e-01
2.912904322147369385e-02
5.265418887138366699e-01
1.380911618471145630e-01
5.459180474281311035e-01
1.047587022185325623e-01
9.884469509124755859e-01
1.319922208786010742e-01
2.988356351852416992e-02
5.283134579658508301e-01
1.435953527688980103e-01
5.378798842430114746e-01
1.073355451226234436e-01
1.003678202629089355e+00
1.296160072088241577e-01
3.051008842885494232e-02
5.376607179641723633e-01
1.392561197280883789e-01
5.365407466888427734e-01
1.083955392241477966e-01
1.021312355995178223e+00
1.295555830001831055e-01
3.129920363426208496e-02
5.202173590660095215e-01
1.385075002908706665e-01
5.436056852340698242e-01
1.084700822830200195e-01
1.034156441688537598e+00
1.269716620445251465e-01
3.253444656729698181e-02
5.227451920509338379e-01
1.384744048118591309e-01
5.335193276405334473e-01
1.068471670150756836e-01
1.040102124214172363e+00
1.272983849048614502e-01
3.488762304186820984e-02
5.213524103164672852e-01
1.450735479593276978e-01
5.376098752021789551e-01
1.079692542552947998e-01
1.085704088211059570e+00
1.298698037862777710e-01
3.572290018200874329e-02
5.221608281135559082e-01
1.483740806579589844e-01
5.385238528251647949e-01
1.164473518729209900e-01
1.061086297035217285e+00
1.271175295114517212e-01
3.683899343013763428e-02
5.333107113838195801e-01
1.536514163017272949e-01
5.523549318313598633e-01
1.151580289006233215e-01
1.036266207695007324e+00
1.269458532333374023e-01
3.823645785450935364e-02
5.388581752777099609e-01
1.527687758207321167e-01
5.577344298362731934e-01
1.120518818497657776e-01
1.063780188560485840e+00
1.331266015768051147e-01
3.849435597658157349e-02
5.414950251579284668e-01
1.573998183012008667e-01
5.587932467460632324e-01
1.152730807662010193e-01
1.076238632202148438e+00
1.341912746429443359e-01
3.909585624933242798e-02
5.497933030128479004e-01
1.471857875585556030e-01
5.779690146446228027e-01
1.172967478632926941e-01
1.121417641639709473e+00
1.352565735578536987e-01
4.029518738389015198e-02
5.619735121726989746e-01
1.495871245861053467e-01
5.699396133422851562e-01
1.013664975762367249e-01
1.166999220848083496e+00
1.340924650430679321e-01
4.127888381481170654e-02
6.408436894416809082e-01
1.532710045576095581e-01
6.255919337272644043e-01
1.054423525929450989e-01
1.182075977325439453e+00
1.374972313642501831e-01
4.181171953678131104e-02
6.397059559822082520e-01
1.518646627664566040e-01
6.536005139350891113e-01
1.040863990783691406e-01
1.133962154388427734e+00
1.378645151853561401e-01
4.332438111305236816e-02
6.711847186088562012e-01
1.540928930044174194e-01
7.079607844352722168e-01
9.962076693773269653e-02
1.174791216850280762e+00
1.474980264902114868e-01
4.372801259160041809e-02
6.770833134651184082e-01
1.469870060682296753e-01
6.942823529243469238e-01
9.989001601934432983e-02
1.090873479843139648e+00
1.321001201868057251e-01
4.500035569071769714e-02
7.029730677604675293e-01
1.498195528984069824e-01
6.993536949157714844e-01
1.018787026405334473e-01
1.105902671813964844e+00
1.338132768869400024e-01
4.676886275410652161e-02
7.065032124519348145e-01
1.561927050352096558e-01
7.098625302314758301e-01
1.091714277863502502e-01
1.135789513587951660e+00
1.304251402616500854e-01
4.816928505897521973e-02
7.043604254722595215e-01
1.574375182390213013e-01
7.006249427795410156e-01
1.028122305870056152e-01
1.100433468818664551e+00
1.332816034555435181e-01
4.993169382214546204e-02
6.945031285285949707e-01
1.594435423612594604e-01
6.826745867729187012e-01
1.041367053985595703e-01
1.089305520057678223e+00
1.302803754806518555e-01
5.221433565020561218e-02
6.939353942871093750e-01
1.508789062500000000e-01
6.993134617805480957e-01
1.022719517350196838e-01
1.076022505760192871e+00
1.287909299135208130e-01
5.299751088023185730e-02
6.872519850730895996e-01
1.614623516798019409e-01
6.856887936592102051e-01
1.081012114882469177e-01
1.074656605720520020e+00
1.344590634107589722e-01
5.372741818428039551e-02
6.922705769538879395e-01
1.810427308082580566e-01
6.837499141693115234e-01
1.148988232016563416e-01
1.099161744117736816e+00
1.446768194437026978e-01
5.394503101706504822e-02
6.803787350654602051e-01
1.638422459363937378e-01
6.802287101745605469e-01
1.050788089632987976e-01
1.063529133796691895e+00
1.376611739397048950e-01
5.553236603736877441e-02
6.976828575134277344e-01
1.609012335538864136e-01
6.960318684577941895e-01
1.032490506768226624e-01
1.056265115737915039e+00
1.412255614995956421e-01
5.685249343514442444e-02
6.949214935302734375e-01
1.601356118917465210e-01
6.903941631317138672e-01
1.046561524271965027e-01
1.107659816741943359e+00
1.520322114229202271e-01
5.838742852210998535e-02
6.912224888801574707e-01
1.682158559560775757e-01
6.966800689697265625e-01
1.047865748405456543e-01
1.120784044265747070e+00
1.459956169128417969e-01
6.028823927044868469e-02
7.094264626502990723e-01
1.965852528810501099e-01
7.124834060668945312e-01
1.199059262871742249e-01
1.121942996978759766e+00
1.487351357936859131e-01
6.086103245615959167e-02
7.066475749015808105e-01
1.797161102294921875e-01
7.058094143867492676e-01
1.085716709494590759e-01
1.160350441932678223e+00
1.910301446914672852e-01
6.145404651761054993e-02
6.931924223899841309e-01
1.751778721809387207e-01
6.974832415580749512e-01
1.099672690033912659e-01
1.096289157867431641e+00
1.551622599363327026e-01
5.945991352200508118e-02
6.709526181221008301e-01
1.686549931764602661e-01
6.816973090171813965e-01
1.085630878806114197e-01
1.177311539649963379e+00
1.715045422315597534e-01
5.993096902966499329e-02
6.599954366683959961e-01
1.681395322084426880e-01
6.620984077453613281e-01
1.046443507075309753e-01
1.096942067146301270e+00
1.485034972429275513e-01
5.883894488215446472e-02
6.532428860664367676e-01
1.757762879133224487e-01
6.635454297065734863e-01
1.023357138037681580e-01
1.099277019500732422e+00
1.565327793359756470e-01
6.007928028702735901e-02
6.508395671844482422e-01
1.774653196334838867e-01
6.682591438293457031e-01
1.027377769351005554e-01
1.056243062019348145e+00
1.580559909343719482e-01
6.165262684226036072e-02
6.237031817436218262e-01
1.595410853624343872e-01
6.541427969932556152e-01
1.083056926727294922e-01
1.075698375701904297e+00
1.503399461507797241e-01
6.248774006962776184e-02
6.312618255615234375e-01
1.663844138383865356e-01
6.594962477684020996e-01
9.993588179349899292e-02
1.083284497261047363e+00
1.483036875724792480e-01
6.680957973003387451e-02
6.642044186592102051e-01
1.667578816413879395e-01
6.802013516426086426e-01
1.041167154908180237e-01
1.052122116088867188e+00
1.377862840890884399e-01
6.838298588991165161e-02
6.822021603584289551e-01
1.758138686418533325e-01
7.358043193817138672e-01
1.041917204856872559e-01
1.078337430953979492e+00
1.476135998964309692e-01
6.534682214260101318e-02
6.990063786506652832e-01
1.853218078613281250e-01
7.566806674003601074e-01
1.106493771076202393e-01
1.076540589332580566e+00
1.543461233377456665e-01
6.433951854705810547e-02
7.150080204010009766e-01
1.697912663221359253e-01
7.810599207878112793e-01
1.079808101058006287e-01
1.039887428283691406e+00
1.453227400779724121e-01
6.294941902160644531e-02
7.119466662406921387e-01
1.627142429351806641e-01
7.658321261405944824e-01
1.034073010087013245e-01
1.031453609466552734e+00
1.381742209196090698e-01
6.274040043354034424e-02
6.899786591529846191e-01
1.648990958929061890e-01
7.197989821434020996e-01
1.043541431427001953e-01
1.080189704895019531e+00
1.510236412286758423e-01
6.247247755527496338e-02
6.941263079643249512e-01
1.664538532495498657e-01
7.281791567802429199e-01
1.035601124167442322e-01
1.054020524024963379e+00
1.461185812950134277e-01
6.266222894191741943e-02
6.813995242118835449e-01
1.788182705640792847e-01
7.047071456909179688e-01
1.126895919442176819e-01
1.036250591278076172e+00
1.440993845462799072e-01
6.314837187528610229e-02
6.678957939147949219e-01
1.681197136640548706e-01
6.938638091087341309e-01
1.041634455323219299e-01
1.064727067947387695e+00
1.400630176067352295e-01
6.342251598834991455e-02
6.872729659080505371e-01
1.698216348886489868e-01
7.015240788459777832e-01
1.068448200821876526e-01
1.072715163230895996e+00
1.477247625589370728e-01
6.319307535886764526e-02
6.763218045234680176e-01
1.822500377893447876e-01
7.001512646675109863e-01
1.126858815550804138e-01
1.035184264183044434e+00
1.428632587194442749e-01
6.249004602432250977e-02
6.600204706192016602e-01
1.884392052888870239e-01
6.837585568428039551e-01
1.220642030239105225e-01
1.053490519523620605e+00
1.538009047508239746e-01
6.516627222299575806e-02
6.631726622581481934e-01
1.910195201635360718e-01
7.009864449501037598e-01
1.201987490057945251e-01
1.092496395111083984e+00
1.528348773717880249e-01
6.219551339745521545e-02
6.847555041313171387e-01
1.781639456748962402e-01
7.209064960479736328e-01
1.220965459942817688e-01
1.109514951705932617e+00
1.669030934572219849e-01
6.344776600599288940e-02
6.845510005950927734e-01
1.740236282348632812e-01
7.105252742767333984e-01
1.179699972271919250e-01
1.060412645339965820e+00
1.577824801206588745e-01
6.070160865783691406e-02
6.784098744392395020e-01
1.664289832115173340e-01
7.139540314674377441e-01
1.130773648619651794e-01
1.034278988838195801e+00
1.559415608644485474e-01
6.112454831600189209e-02
6.861571669578552246e-01
1.856772303581237793e-01
7.080156803131103516e-01
1.169996485114097595e-01
1.094005227088928223e+00
1.614461243152618408e-01
5.786918103694915771e-02
6.869020462036132812e-01
1.881305724382400513e-01
7.111368179321289062e-01
1.190032735466957092e-01
1.100846886634826660e+00
1.602768003940582275e-01
5.160816386342048645e-02
6.738915443420410156e-01
1.798930019140243530e-01
6.961485743522644043e-01
1.186786293983459473e-01
1.074682474136352539e+00
1.612395346164703369e-01
4.494050145149230957e-02
6.635806560516357422e-01
1.910584717988967896e-01
6.913003921508789062e-01
1.177817359566688538e-01
1.105748414993286133e+00
1.863956004381179810e-01
4.210497811436653137e-02
6.720118522644042969e-01
1.922998428344726562e-01
6.990794539451599121e-01
1.173055395483970642e-01
1.054389595985412598e+00
1.611991673707962036e-01
4.108615964651107788e-02
6.992999911308288574e-01
2.015106230974197388e-01
7.322700619697570801e-01
1.150812134146690369e-01
1.003721594810485840e+00
1.596468538045883179e-01
4.015373066067695618e-02
7.002751231193542480e-01
1.910660117864608765e-01
7.298793196678161621e-01
1.197986826300621033e-01
9.939271807670593262e-01
1.513536274433135986e-01
4.034329578280448914e-02
7.206068038940429688e-01
2.120107412338256836e-01
7.211503386497497559e-01
1.247750818729400635e-01
1.022948741912841797e+00
1.488129198551177979e-01
3.940618038177490234e-02
9.569980502128601074e-01
2.036068886518478394e-01
9.746887683868408203e-01
1.301371604204177856e-01
1.029456973075866699e+00
1.348461955785751343e-01
4.010189697146415710e-02
1.009264469146728516e+00
2.101845741271972656e-01
1.000395178794860840e+00
1.261418610811233521e-01
1.059885621070861816e+00
1.727479845285415649e-01
3.987510874867439270e-02
9.122139811515808105e-01
2.122973650693893433e-01
8.914079666137695312e-01
1.382743716239929199e-01
1.042995929718017578e+00
1.476564854383468628e-01
3.854127600789070129e-02
8.839746117591857910e-01
2.231708914041519165e-01
8.702084422111511230e-01
1.344530582427978516e-01
1.062938332557678223e+00
1.479495167732238770e-01
4.060452058911323547e-02
9.020143151283264160e-01
1.993289738893508911e-01
8.753859400749206543e-01
1.312684267759323120e-01
9.144783020019531250e-01
1.329726576805114746e-01
3.885155916213989258e-02
8.643050789833068848e-01
2.050468921661376953e-01
8.783566951751708984e-01
1.260875314474105835e-01
8.593566417694091797e-01
1.388039886951446533e-01
3.831134736537933350e-02
8.237139582633972168e-01
1.997381448745727539e-01
8.401322364807128906e-01
1.265309602022171021e-01
8.713145852088928223e-01
1.371606141328811646e-01
3.852178528904914856e-02
8.623476624488830566e-01
2.174950838088989258e-01
8.663444519042968750e-01
1.363553255796432495e-01
9.252848029136657715e-01
1.634732037782669067e-01
3.889204561710357666e-02
8.861407637596130371e-01
2.147109955549240112e-01
8.946487903594970703e-01
1.309166997671127319e-01
9.142897725105285645e-01
1.584927886724472046e-01
3.850444033741950989e-02
9.005374908447265625e-01
2.155055254697799683e-01
8.922426700592041016e-01
1.304449588060379028e-01
8.930242657661437988e-01
1.602493077516555786e-01
3.871226683259010315e-02
9.000940918922424316e-01
2.191865891218185425e-01
9.006240963935852051e-01
1.359844654798507690e-01
9.021621346473693848e-01
1.418446004390716553e-01
3.862671181559562683e-02
9.203911423683166504e-01
2.779133617877960205e-01
9.143431186676025391e-01
1.583158820867538452e-01
8.526329994201660156e-01
1.191138252615928650e-01
3.826392069458961487e-02
9.012012481689453125e-01
2.385322600603103638e-01
8.790299296379089355e-01
1.387464851140975952e-01
8.129474520683288574e-01
1.143312677741050720e-01
3.838945552706718445e-02
8.740389943122863770e-01
2.251193523406982422e-01
8.572306036949157715e-01
1.295950710773468018e-01
8.296937346458435059e-01
1.122330352663993835e-01
3.837148472666740417e-02
8.115870356559753418e-01
2.054413110017776489e-01
8.671376109123229980e-01
1.341558843851089478e-01
6.596361994743347168e-01
9.523179382085800171e-02
3.862762451171875000e-02
7.855469584465026855e-01
1.885260939598083496e-01
8.200941085815429688e-01
1.336691975593566895e-01
6.474182605743408203e-01
1.029259562492370605e-01
3.874464705586433411e-02
8.121149539947509766e-01
1.879142075777053833e-01
8.510562777519226074e-01
1.245953217148780823e-01
6.382474303245544434e-01
9.939747303724288940e-02
3.876975923776626587e-02
8.052835464477539062e-01
1.924360841512680054e-01
8.582814335823059082e-01
1.368891298770904541e-01
6.458967328071594238e-01
1.038625240325927734e-01
3.856728225946426392e-02
8.036071658134460449e-01
1.834910660982131958e-01
8.329498171806335449e-01
1.422238200902938843e-01
6.621113419532775879e-01
1.097869947552680969e-01
3.852781653404235840e-02
7.614684104919433594e-01
1.992530822753906250e-01
8.039595484733581543e-01
1.519775539636611938e-01
6.414844989776611328e-01
1.018278896808624268e-01
3.827203065156936646e-02
7.948713302612304688e-01
2.047849446535110474e-01
8.544009327888488770e-01
1.574285775423049927e-01
6.575888991355895996e-01
1.047411635518074036e-01
3.896494954824447632e-02
7.766163945198059082e-01
1.869820356369018555e-01
8.216285705566406250e-01
1.354016065597534180e-01
8.275452256202697754e-01
1.055886521935462952e-01
3.869777917861938477e-02
7.867308259010314941e-01
1.739827990531921387e-01
8.253860473632812500e-01
1.238948702812194824e-01
6.668803691864013672e-01
1.024939641356468201e-01
3.870726749300956726e-02
8.066695332527160645e-01
1.905558854341506958e-01
8.462280631065368652e-01
1.328626275062561035e-01
6.605013012886047363e-01
1.051404848694801331e-01
3.886928036808967590e-02
8.537311553955078125e-01
1.860591918230056763e-01
9.103571772575378418e-01
1.306961774826049805e-01
6.678850650787353516e-01
1.101529300212860107e-01
3.915986418724060059e-02
9.987196922302246094e-01
1.739090681076049805e-01
1.106713771820068359e+00
1.336156874895095825e-01
6.652000546455383301e-01
1.115184202790260315e-01
3.983217850327491760e-02
8.370423316955566406e-01
1.958486586809158325e-01
8.725115656852722168e-01
1.385836452245712280e-01
6.512786746025085449e-01
1.126486063003540039e-01
4.029024764895439148e-02
9.899507164955139160e-01
1.818557977676391602e-01
1.080541491508483887e+00
1.320527195930480957e-01
6.510959267616271973e-01
1.095394417643547058e-01
4.070573300123214722e-02
9.906733632087707520e-01
1.819429993629455566e-01
1.039317011833190918e+00
1.344095468521118164e-01
6.496276855468750000e-01
1.105360165238380432e-01
4.267741739749908447e-02
9.939968585968017578e-01
1.898238509893417358e-01
1.036875367164611816e+00
1.348080188035964966e-01
6.513918638229370117e-01
1.076176166534423828e-01
4.178023338317871094e-02
8.484798073768615723e-01
1.765995472669601440e-01
8.866444230079650879e-01
1.334880143404006958e-01
6.481700539588928223e-01
1.060334071516990662e-01
4.228811338543891907e-02
8.554719090461730957e-01
1.838541775941848755e-01
8.886501789093017578e-01
1.381846517324447632e-01
6.594709157943725586e-01
1.184857711195945740e-01
4.428743198513984680e-02
8.962239623069763184e-01
1.856145411729812622e-01
9.450426101684570312e-01
1.424364000558853149e-01
6.629585623741149902e-01
1.063036844134330750e-01
4.453028365969657898e-02
9.159550666809082031e-01
1.867981702089309692e-01
9.657348990440368652e-01
1.392809748649597168e-01
6.611702442169189453e-01
1.142264232039451599e-01
4.481130465865135193e-02
8.821991086006164551e-01
1.996195316314697266e-01
9.299270510673522949e-01
1.482207328081130981e-01
6.609782576560974121e-01
1.136507615447044373e-01
4.511114954948425293e-02
9.177947640419006348e-01
2.137464731931686401e-01
9.855728745460510254e-01
1.660118848085403442e-01
6.507642865180969238e-01
1.165009737014770508e-01
4.776446893811225891e-02
9.612433314323425293e-01
2.154570072889328003e-01
9.910019040107727051e-01
1.513195782899856567e-01
6.587530970573425293e-01
1.109501719474792480e-01
4.860555008053779602e-02
9.112455844879150391e-01
1.912716031074523926e-01
9.300702214241027832e-01
1.489724367856979370e-01
6.528722643852233887e-01
1.097493767738342285e-01
4.898693040013313293e-02
8.777112364768981934e-01
1.821318864822387695e-01
9.098825454711914062e-01
1.322589963674545288e-01
6.889212727546691895e-01
1.212688684463500977e-01
4.934366419911384583e-02
8.494479060173034668e-01
1.745059341192245483e-01
8.812577128410339355e-01
1.233157515525817871e-01
6.923857331275939941e-01
1.108180060982704163e-01
5.063344910740852356e-02
8.520088195800781250e-01
1.832570582628250122e-01
8.706542849540710449e-01
1.385791152715682983e-01
7.025437355041503906e-01
1.102707013487815857e-01
4.871027544140815735e-02
8.538162708282470703e-01
1.728293895721435547e-01
8.869819641113281250e-01
1.363439708948135376e-01
7.031660079956054688e-01
1.118707731366157532e-01
4.826422035694122314e-02
8.489031791687011719e-01
1.874770373106002808e-01
8.894164562225341797e-01
1.450598984956741333e-01
6.847844123840332031e-01
1.203676536679267883e-01
4.856679961085319519e-02
8.138272762298583984e-01
1.840516775846481323e-01
8.488006591796875000e-01
1.323226094245910645e-01
6.901435852050781250e-01
1.085191965103149414e-01
4.815633222460746765e-02
8.232564926147460938e-01
1.937076896429061890e-01
8.526119589805603027e-01
1.321806907653808594e-01
7.005317807197570801e-01
1.146229580044746399e-01
4.938132688403129578e-02
8.209401965141296387e-01
2.082130163908004761e-01
8.606365323066711426e-01
1.479573845863342285e-01
6.935090422630310059e-01
1.149689480662345886e-01
4.652366042137145996e-02
8.150219917297363281e-01
2.071077376604080200e-01
8.543317914009094238e-01
1.439577192068099976e-01
6.998516917228698730e-01
1.150213852524757385e-01
5.040456727147102356e-02
8.675317764282226562e-01
1.869142651557922363e-01
9.103572964668273926e-01
1.377081125974655151e-01
6.906192898750305176e-01
1.140885129570960999e-01
5.293709039688110352e-02
8.084637522697448730e-01
2.035353332757949829e-01
8.241974711418151855e-01
1.384899169206619263e-01
6.905686259269714355e-01
1.132633388042449951e-01
5.262117460370063782e-02
8.520321249961853027e-01
2.088529318571090698e-01
8.908097147941589355e-01
1.394011229276657104e-01
6.935439109802246094e-01
1.098216399550437927e-01
5.234231427311897278e-02
9.431461691856384277e-01
2.078385353088378906e-01
9.916243553161621094e-01
1.485346406698226929e-01
7.015516161918640137e-01
1.161818131804466248e-01
5.405247583985328674e-02
9.469229578971862793e-01
1.912633180618286133e-01
1.008784413337707520e+00
1.408642083406448364e-01
7.034237384796142578e-01
1.096104606986045837e-01
5.633413419127464294e-02
9.458207488059997559e-01
1.924238950014114380e-01
9.654765129089355469e-01
1.401989310979843140e-01
6.912695765495300293e-01
1.156535521149635315e-01
5.479930713772773743e-02
9.900494217872619629e-01
1.932275742292404175e-01
1.017096042633056641e+00
1.485444605350494385e-01
7.038469910621643066e-01
1.155759617686271667e-01
5.191925168037414551e-02
9.436590075492858887e-01
1.938561946153640747e-01
9.810227751731872559e-01
1.443149745464324951e-01
6.985316872596740723e-01
1.184645518660545349e-01
5.213492736220359802e-02
9.702889919281005859e-01
1.967107206583023071e-01
9.922128319740295410e-01
1.460351496934890747e-01
6.970448493957519531e-01
1.132061108946800232e-01
5.425481498241424561e-02
9.728603959083557129e-01
2.049284726381301880e-01
1.030416369438171387e+00
1.463695615530014038e-01
6.864678859710693359e-01
1.100911498069763184e-01
5.655184388160705566e-02
9.846790432929992676e-01
2.015366554260253906e-01
1.043857693672180176e+00
1.468762010335922241e-01
7.001219391822814941e-01
1.100529208779335022e-01
5.693994089961051941e-02
9.861571192741394043e-01
2.122005075216293335e-01
1.045526385307312012e+00
1.558981090784072876e-01
6.805471777915954590e-01
1.131098791956901550e-01
5.604895949363708496e-02
9.864554405212402344e-01
2.555713057518005371e-01
1.052505373954772949e+00
1.858465522527694702e-01
6.839089393615722656e-01
1.128878965973854065e-01
5.556792020797729492e-02
9.734477400779724121e-01
1.973903179168701172e-01
1.045099139213562012e+00
1.457017809152603149e-01
6.866259574890136719e-01
1.137540042400360107e-01
5.639947578310966492e-02
9.253079891204833984e-01
1.816330105066299438e-01
9.748459458351135254e-01
1.364926099777221680e-01
6.870719790458679199e-01
1.102925166487693787e-01
5.571795627474784851e-02
8.745756149291992188e-01
1.128435358405113220e-01
9.288298487663269043e-01
1.119616404175758362e-01
6.700184941291809082e-01
1.119427084922790527e-01
5.815307423472404480e-02
8.736782073974609375e-01
1.070806011557579041e-01
9.426376223564147949e-01
9.798145294189453125e-02
6.675600409507751465e-01
1.142356023192405701e-01
5.894793942570686340e-02
8.799430727958679199e-01
1.284968703985214233e-01
9.431715011596679688e-01
1.168534755706787109e-01
6.815574765205383301e-01
1.298017352819442749e-01
5.642028525471687317e-02
8.778079152107238770e-01
1.127162799239158630e-01
9.545974731445312500e-01
1.060578599572181702e-01
6.937023997306823730e-01
1.279455870389938354e-01
5.733839794993400574e-02
8.631706833839416504e-01
1.162132397294044495e-01
9.525055885314941406e-01
1.118731424212455750e-01
7.560042738914489746e-01
1.430200785398483276e-01
5.988056957721710205e-02
8.219086527824401855e-01
1.220200657844543457e-01
9.079689383506774902e-01
1.062156185507774353e-01
7.455387115478515625e-01
1.258793026208877563e-01
6.309351325035095215e-02
7.868585586547851562e-01
1.310807913541793823e-01
8.735006451606750488e-01
1.138234511017799377e-01
7.820447087287902832e-01
1.445572823286056519e-01
5.885635688900947571e-02
8.062693476676940918e-01
1.311801075935363770e-01
8.785627484321594238e-01
1.219256445765495300e-01
8.838130831718444824e-01
1.544747203588485718e-01
5.851772055029869080e-02
7.998825907707214355e-01
1.428555995225906372e-01
8.683322072029113770e-01
1.258816719055175781e-01
7.434352040290832520e-01
1.327434778213500977e-01
6.257334351539611816e-02
8.342440724372863770e-01
1.248612627387046814e-01
9.392232298851013184e-01
1.171918809413909912e-01
7.120340466499328613e-01
1.410334110260009766e-01
6.557210534811019897e-02
8.646504878997802734e-01
1.285356134176254272e-01
9.645994305610656738e-01
1.203010380268096924e-01
7.308635115623474121e-01
1.426694840192794800e-01
6.592014431953430176e-02
9.016197323799133301e-01
1.208068355917930603e-01
9.796256422996520996e-01
1.273395866155624390e-01
7.639381289482116699e-01
1.315088272094726562e-01
6.669963151216506958e-02
9.659409523010253906e-01
1.243908032774925232e-01
1.073627352714538574e+00
1.202708110213279724e-01
6.839175224304199219e-01
1.292487531900405884e-01
6.567887216806411743e-02
9.365963935852050781e-01
1.300965249538421631e-01
1.067282438278198242e+00
1.197805777192115784e-01
6.880607604980468750e-01
1.297606527805328369e-01
7.054726779460906982e-02
1.067457795143127441e+00
1.186753138899803162e-01
1.145470619201660156e+00
1.222559884190559387e-01
6.831286549568176270e-01
1.339203119277954102e-01
7.269681990146636963e-02
1.109469294548034668e+00
1.195051893591880798e-01
1.206048130989074707e+00
1.238130927085876465e-01
6.734370589256286621e-01
1.218846440315246582e-01
7.168664783239364624e-02
1.132011413574218750e+00
1.170485690236091614e-01
1.207521200180053711e+00
1.247061267495155334e-01
6.976780295372009277e-01
1.123294606804847717e-01
7.207109779119491577e-02
1.125171065330505371e+00
1.281585246324539185e-01
1.280779242515563965e+00
1.376270651817321777e-01
7.183564305305480957e-01
1.131938770413398743e-01
7.326330989599227905e-02
1.240159153938293457e+00
1.327264457941055298e-01
1.352100729942321777e+00
1.365346014499664307e-01
7.114564776420593262e-01
1.159574985504150391e-01
6.895575672388076782e-02
1.227467656135559082e+00
1.355401277542114258e-01
1.351997256278991699e+00
1.367973536252975464e-01
7.004653811454772949e-01
1.029068455100059509e-01
7.136128842830657959e-02
1.235090136528015137e+00
1.218016371130943298e-01
1.347513794898986816e+00
1.317823678255081177e-01
6.595836281776428223e-01
1.130157187581062317e-01
7.006051391363143921e-02
1.184415102005004883e+00
1.217637881636619568e-01
1.291104197502136230e+00
1.224700435996055603e-01
6.462311148643493652e-01
1.022643819451332092e-01
7.059240341186523438e-02
1.186189055442810059e+00
1.189642921090126038e-01
1.321874499320983887e+00
1.166275367140769958e-01
6.411394476890563965e-01
1.139280796051025391e-01
6.853797286748886108e-02
1.152873396873474121e+00
1.220370829105377197e-01
1.233001708984375000e+00
1.222190037369728088e-01
6.456406712532043457e-01
1.256198137998580933e-01
6.915652006864547729e-02
1.103681683540344238e+00
1.222741007804870605e-01
1.229297280311584473e+00
1.279112696647644043e-01
7.125286459922790527e-01
1.139053925871849060e-01
6.637074798345565796e-02
1.077108740806579590e+00
1.314830183982849121e-01
1.211302876472473145e+00
1.365119367837905884e-01
7.308487296104431152e-01
1.063823327422142029e-01
6.023993715643882751e-02
1.130371570587158203e+00
1.294663548469543457e-01
1.253579974174499512e+00
1.313184201717376709e-01
7.205436825752258301e-01
1.113928854465484619e-01
4.682414233684539795e-02
1.149265766143798828e+00
1.368221789598464966e-01
1.277113437652587891e+00
1.400205641984939575e-01
7.432100176811218262e-01
1.030605658888816833e-01
3.703657165169715881e-02
1.127419352531433105e+00
1.324236392974853516e-01
1.269129753112792969e+00
1.389186531305313110e-01
7.658879756927490234e-01
1.155397966504096985e-01
3.371563926339149475e-02
1.078413844108581543e+00
1.344822049140930176e-01
1.217673301696777344e+00
1.364773660898208618e-01
8.263659477233886719e-01
1.087380871176719666e-01
3.031512163579463959e-02
1.043105244636535645e+00
1.430038958787918091e-01
1.185777783393859863e+00
1.468874961137771606e-01
8.716697692871093750e-01
1.145241037011146545e-01
3.364113345742225647e-02
9.181012511253356934e-01
1.297791004180908203e-01
1.015673518180847168e+00
1.332401484251022339e-01
9.626435637474060059e-01
1.172129511833190918e-01
3.054404072463512421e-02
8.636761307716369629e-01
1.222216412425041199e-01
9.498153328895568848e-01
1.135472878813743591e-01
8.493985533714294434e-01
1.058052480220794678e-01
2.421665936708450317e-02
8.855564594268798828e-01
1.178909167647361755e-01
9.741580486297607422e-01
1.154741272330284119e-01
8.212420344352722168e-01
1.205160245299339294e-01
2.463747560977935791e-02
9.258677363395690918e-01
1.140728220343589783e-01
1.015377640724182129e+00
1.168480291962623596e-01
8.031363487243652344e-01
1.170709952712059021e-01
2.524968422949314117e-02
9.080770611763000488e-01
1.165623068809509277e-01
9.820089340209960938e-01
1.200206801295280457e-01
8.658747673034667969e-01
1.091723442077636719e-01
2.529119141399860382e-02
9.441412091255187988e-01
1.153318509459495544e-01
1.069885611534118652e+00
1.237601414322853088e-01
8.444488644599914551e-01
1.243838071823120117e-01
2.442948520183563232e-02
8.938462138175964355e-01
1.140919551253318787e-01
9.998035430908203125e-01
1.191185489296913147e-01
7.999011874198913574e-01
1.196637749671936035e-01
2.919683605432510376e-02
8.636760711669921875e-01
1.136550679802894592e-01
9.122441411018371582e-01
1.154033839702606201e-01
8.204994201660156250e-01
1.234520599246025085e-01
2.794858999550342560e-02
9.007194638252258301e-01
1.139245405793190002e-01
9.652840495109558105e-01
1.156996190547943115e-01
8.478780388832092285e-01
1.249294057488441467e-01
2.610600739717483521e-02
9.209634661674499512e-01
1.175582185387611389e-01
9.724647402763366699e-01
1.153663396835327148e-01
8.236269950866699219e-01
1.277764141559600830e-01
2.461873926222324371e-02
9.074962735176086426e-01
1.170994266867637634e-01
9.755019545555114746e-01
1.155246868729591370e-01
8.466497063636779785e-01
1.343152374029159546e-01
2.511108480393886566e-02
9.908546805381774902e-01
1.246717572212219238e-01
1.024453520774841309e+00
1.173934042453765869e-01
8.400648236274719238e-01
1.396676898002624512e-01
2.456045895814895630e-02
9.818100929260253906e-01
1.253436803817749023e-01
1.029770016670227051e+00
1.250353306531906128e-01
9.101654887199401855e-01
1.381277292966842651e-01
2.413556165993213654e-02
9.851225018501281738e-01
1.394356638193130493e-01
1.057877659797668457e+00
1.307219713926315308e-01
7.960486412048339844e-01
1.249111592769622803e-01
2.122349105775356293e-02
9.384821057319641113e-01
1.332644671201705933e-01
9.988649487495422363e-01
1.137232556939125061e-01
7.684573531150817871e-01
1.186510995030403137e-01
1.971782743930816650e-02
9.522526860237121582e-01
1.089387014508247375e-01
1.067048907279968262e+00
1.111984327435493469e-01
7.164099812507629395e-01
1.466386169195175171e-01
2.103461883962154388e-02
9.538180232048034668e-01
1.077548488974571228e-01
9.607811570167541504e-01
1.063512042164802551e-01
6.903095245361328125e-01
1.237978413701057434e-01
2.009074203670024872e-02
8.906461596488952637e-01
1.091362014412879944e-01
9.359013438224792480e-01
9.855049848556518555e-02
6.571778655052185059e-01
1.134183108806610107e-01
1.810949482023715973e-02
8.879038691520690918e-01
1.129459962248802185e-01
9.167792201042175293e-01
1.080354154109954834e-01
6.368523240089416504e-01
1.124379038810729980e-01
1.953434757888317108e-02
9.328424930572509766e-01
1.171148791909217834e-01
9.617669582366943359e-01
1.093038916587829590e-01
6.399446129798889160e-01
1.140821948647499084e-01
1.950640790164470673e-02
9.349945187568664551e-01
1.084383204579353333e-01
9.510481953620910645e-01
1.084555909037590027e-01
6.768446564674377441e-01
1.236979365348815918e-01
1.839939691126346588e-02
9.678227901458740234e-01
1.115764603018760681e-01
9.643292427062988281e-01
1.102521121501922607e-01
7.072508931159973145e-01
1.359429806470870972e-01
1.857215911149978638e-02
9.421308636665344238e-01
1.136211976408958435e-01
9.567089080810546875e-01
1.094915345311164856e-01
7.148256301879882812e-01
1.130364537239074707e-01
1.798321865499019623e-02
8.931112289428710938e-01
1.138754710555076599e-01
9.103908538818359375e-01
1.075606569647789001e-01
6.849789619445800781e-01
1.169906631112098694e-01
1.787771470844745636e-02
8.823604583740234375e-01
1.198908984661102295e-01
9.013485908508300781e-01
1.075566932559013367e-01
6.644986271858215332e-01
1.145746931433677673e-01
1.836773008108139038e-02
8.440446853637695312e-01
1.201996430754661560e-01
8.769664764404296875e-01
1.095037981867790222e-01
6.580663323402404785e-01
1.091282889246940613e-01
1.746177859604358673e-02
7.916210293769836426e-01
1.256884783506393433e-01
8.237379193305969238e-01
1.114399433135986328e-01
6.156175136566162109e-01
1.378369480371475220e-01
1.733925938606262207e-02
7.409736514091491699e-01
1.313727051019668579e-01
7.849483489990234375e-01
1.092598140239715576e-01
6.032414436340332031e-01
1.190710291266441345e-01
1.637972146272659302e-02
7.488660812377929688e-01
1.250132322311401367e-01
7.844083905220031738e-01
1.141201034188270569e-01
5.977855324745178223e-01
1.164343655109405518e-01
1.712215691804885864e-02
7.433757781982421875e-01
1.082353293895721436e-01
7.840196490287780762e-01
1.052523031830787659e-01
6.181147694587707520e-01
1.121173575520515442e-01
1.698295772075653076e-02
7.673142552375793457e-01
1.211786344647407532e-01
8.126936554908752441e-01
1.132294908165931702e-01
6.085074543952941895e-01
1.128199920058250427e-01
1.740379072725772858e-02
7.707271575927734375e-01
1.114468947052955627e-01
8.140633106231689453e-01
1.035472974181175232e-01
6.016051769256591797e-01
1.128486171364784241e-01
1.880737207829952240e-02
7.755835652351379395e-01
1.099882945418357849e-01
8.168571591377258301e-01
1.066290736198425293e-01
6.075553894042968750e-01
1.203691735863685608e-01
1.933152228593826294e-02
7.657490372657775879e-01
1.099265441298484802e-01
8.061149716377258301e-01
1.065968871116638184e-01
6.104237437248229980e-01
1.065815314650535583e-01
2.078092657029628754e-02
7.929717898368835449e-01
1.074533686041831970e-01
8.288494944572448730e-01
1.010977998375892639e-01
6.005003452301025391e-01
1.135721877217292786e-01
2.141279540956020355e-02
7.860259413719177246e-01
1.144452914595603943e-01
8.159286379814147949e-01
1.064124926924705505e-01
5.848085880279541016e-01
1.090157404541969299e-01
2.123092673718929291e-02
7.671692967414855957e-01
1.140271425247192383e-01
8.049142956733703613e-01
1.047674193978309631e-01
5.955393910408020020e-01
1.162000820040702820e-01
2.132119424641132355e-02
7.653596997261047363e-01
1.158873215317726135e-01
8.000893592834472656e-01
1.055912598967552185e-01
6.036627292633056641e-01
1.150799691677093506e-01
2.143930085003376007e-02
7.651844024658203125e-01
1.162430420517921448e-01
8.054046630859375000e-01
1.081237792968750000e-01
6.206061244010925293e-01
1.091646477580070496e-01
2.210365794599056244e-02
7.683824896812438965e-01
1.122877374291419983e-01
8.126029968261718750e-01
1.064246222376823425e-01
6.216410994529724121e-01
1.036349907517433167e-01
2.810597606003284454e-02
7.829375863075256348e-01
1.184220314025878906e-01
8.153190016746520996e-01
1.129158511757850647e-01
6.401440501213073730e-01
1.023970842361450195e-01
3.468766063451766968e-02
7.754731178283691406e-01
1.181370839476585388e-01
8.170258998870849609e-01
1.054773554205894470e-01
5.942817330360412598e-01
1.069357693195343018e-01
3.362705186009407043e-02
7.837026715278625488e-01
1.170552745461463928e-01
8.217862248420715332e-01
1.073127910494804382e-01
5.982180237770080566e-01
1.089457497000694275e-01
4.266174510121345520e-02
7.765766978263854980e-01
1.154367700219154358e-01
8.148159384727478027e-01
1.081865727901458740e-01
5.928795337677001953e-01
1.198793724179267883e-01
3.078653477132320404e-02
7.612687945365905762e-01
1.134829819202423096e-01
8.026094436645507812e-01
1.037998199462890625e-01
6.286129355430603027e-01
1.390294134616851807e-01
3.308836743235588074e-02
7.606479525566101074e-01
1.161520704627037048e-01
7.931942939758300781e-01
1.103850975632667542e-01
6.237433552742004395e-01
1.229321137070655823e-01
4.077062383294105530e-02
7.730976939201354980e-01
1.185897812247276306e-01
7.954444885253906250e-01
1.107108220458030701e-01
6.577560901641845703e-01
1.257935315370559692e-01
4.287673160433769226e-02
7.834189534187316895e-01
1.134366393089294434e-01
8.181664347648620605e-01
1.126846000552177429e-01
6.627586483955383301e-01
1.306452751159667969e-01
3.978849574923515320e-02
7.560254931449890137e-01
1.161316707730293274e-01
7.898893356323242188e-01
1.071233749389648438e-01
7.198186516761779785e-01
1.462922394275665283e-01
4.831055179238319397e-02
7.671868205070495605e-01
1.217324808239936829e-01
7.934810519218444824e-01
1.083711907267570496e-01
6.474525332450866699e-01
1.141615584492683411e-01
4.354782775044441223e-02
8.010451793670654297e-01
1.292660087347030640e-01
8.302586674690246582e-01
1.163949742913246155e-01
6.608940958976745605e-01
1.266257315874099731e-01
4.253378137946128845e-02
8.555159568786621094e-01
1.294242888689041138e-01
8.799555897712707520e-01
1.162957251071929932e-01
6.754297614097595215e-01
1.279844343662261963e-01
4.927636682987213135e-02
8.807587623596191406e-01
1.359485834836959839e-01
9.382542967796325684e-01
1.193901970982551575e-01
7.176418900489807129e-01
1.263616085052490234e-01
4.456013813614845276e-02
9.709749817848205566e-01
1.282876878976821899e-01
1.007191181182861328e+00
1.227216348052024841e-01
6.714289784431457520e-01
1.093732491135597229e-01
4.722906276583671570e-02
1.070910096168518066e+00
1.394064724445343018e-01
1.125030994415283203e+00
1.276986747980117798e-01
7.047886848449707031e-01
1.154523193836212158e-01
4.818234220147132874e-02
1.082833647727966309e+00
1.379992812871932983e-01
1.134947776794433594e+00
1.254430562257766724e-01
6.807134747505187988e-01
1.134259030222892761e-01
5.211979523301124573e-02
1.094277977943420410e+00
1.373386383056640625e-01
1.124088168144226074e+00
1.218461170792579651e-01
7.189866900444030762e-01
1.240252852439880371e-01
5.590879917144775391e-02
1.057322144508361816e+00
1.434473842382431030e-01
1.089906573295593262e+00
1.315659433603286743e-01
7.383844852447509766e-01
1.313451975584030151e-01
6.092054769396781921e-02
1.094622135162353516e+00
1.482291370630264282e-01
1.119814038276672363e+00
1.279772520065307617e-01
7.396733164787292480e-01
1.164954677224159241e-01
5.821840837597846985e-02
1.033810853958129883e+00
1.372186392545700073e-01
1.071195483207702637e+00
1.208633184432983398e-01
6.969108581542968750e-01
1.097446084022521973e-01
5.424772575497627258e-02
9.810695648193359375e-01
1.367108076810836792e-01
1.017142415046691895e+00
1.179810762405395508e-01
6.978060603141784668e-01
1.026220992207527161e-01
5.705080553889274597e-02
1.000503897666931152e+00
1.356103420257568359e-01
1.020897746086120605e+00
1.213133558630943298e-01
6.874421238899230957e-01
9.937879443168640137e-02
5.067269504070281982e-02
1.030933737754821777e+00
1.621181964874267578e-01
1.062873959541320801e+00
1.348109394311904907e-01
6.569343805313110352e-01
1.004847511649131775e-01
4.836243391036987305e-02
1.037468433380126953e+00
1.287559866905212402e-01
1.072913765907287598e+00
1.208641529083251953e-01
6.488514542579650879e-01
1.021074131131172180e-01
4.417539015412330627e-02
1.063698053359985352e+00
1.368252485990524292e-01
1.102265000343322754e+00
1.225649490952491760e-01
6.125963330268859863e-01
1.001106426119804382e-01
4.732248187065124512e-02
1.050868511199951172e+00
1.385650187730789185e-01
1.084304809570312500e+00
1.269411295652389526e-01
6.158565878868103027e-01
9.973915666341781616e-02
4.478818178176879883e-02
1.060058951377868652e+00
1.430994421243667603e-01
1.122686982154846191e+00
1.312402635812759399e-01
6.181331276893615723e-01
9.792825579643249512e-02
4.459356144070625305e-02
1.059636712074279785e+00
1.498938798904418945e-01
1.120221972465515137e+00
1.353451460599899292e-01
5.932293534278869629e-01
9.772462397813796997e-02
4.067583382129669189e-02
1.033184409141540527e+00
1.567551195621490479e-01
1.103311896324157715e+00
1.301321834325790405e-01
6.060629487037658691e-01
9.937705844640731812e-02
4.235498607158660889e-02
9.928280711174011230e-01
1.642866134643554688e-01
1.061969399452209473e+00
1.390419602394104004e-01
6.209681034088134766e-01
1.040398105978965759e-01
4.142496362328529358e-02
1.047776341438293457e+00
1.622919291257858276e-01
1.118711829185485840e+00
1.389869451522827148e-01
6.117699146270751953e-01
9.846688061952590942e-02
4.646165668964385986e-02
1.066030383110046387e+00
1.605379134416580200e-01
1.148331165313720703e+00
1.410134583711624146e-01
6.215668320655822754e-01
1.012267470359802246e-01
4.528616368770599365e-02
1.071297883987426758e+00
1.567634344100952148e-01
1.131045460700988770e+00
1.335356086492538452e-01
6.402787566184997559e-01
1.024219095706939697e-01
3.933722153306007385e-02
1.124887108802795410e+00
1.538931131362915039e-01
1.207853555679321289e+00
1.337524503469467163e-01
6.116617918014526367e-01
1.021416783332824707e-01
3.875597566366195679e-02
1.212099790573120117e+00
1.540499776601791382e-01
1.273647904396057129e+00
1.341741681098937988e-01
6.167613863945007324e-01
1.098090037703514099e-01
4.135091230273246765e-02
1.259579300880432129e+00
1.563354283571243286e-01
1.334682106971740723e+00
1.399579942226409912e-01
6.018399596214294434e-01
1.028736308217048645e-01
4.265044629573822021e-02
1.325932145118713379e+00
1.575893908739089966e-01
1.462732672691345215e+00
1.364673823118209839e-01
6.117079854011535645e-01
1.083946228027343750e-01
4.580461978912353516e-02
1.429367899894714355e+00
1.528753936290740967e-01
1.512705445289611816e+00
1.353452354669570923e-01
6.014344096183776855e-01
1.013590693473815918e-01
5.178958550095558167e-02
1.559130668640136719e+00
1.614055633544921875e-01
1.655026793479919434e+00
1.423927098512649536e-01
5.950391888618469238e-01
1.021659970283508301e-01
5.724005773663520813e-02
1.541077256202697754e+00
1.581193059682846069e-01
1.664102077484130859e+00
1.430119276046752930e-01
6.127068400382995605e-01
1.014980897307395935e-01
6.151331588625907898e-02
1.557186722755432129e+00
1.589367240667343140e-01
1.651741623878479004e+00
1.377163529396057129e-01
6.200273633003234863e-01
1.006188467144966125e-01
6.664244830608367920e-02
1.552690505981445312e+00
1.620416045188903809e-01
1.657705903053283691e+00
1.388349831104278564e-01
6.269251704216003418e-01
9.996265172958374023e-02
6.672624498605728149e-02
1.609915375709533691e+00
1.600890904664993286e-01
1.702011108398437500e+00
1.411244273185729980e-01
6.303690671920776367e-01
9.996116161346435547e-02
7.363366335630416870e-02
1.596687197685241699e+00
1.614413410425186157e-01
1.686076164245605469e+00
1.393219977617263794e-01
6.014869809150695801e-01
9.904199838638305664e-02
7.282380014657974243e-02
1.533722281455993652e+00
1.745496541261672974e-01
1.630699634552001953e+00
1.402775794267654419e-01
6.204624176025390625e-01
1.086190417408943176e-01
7.314421981573104858e-02
1.451998353004455566e+00
1.728924363851547241e-01
1.558186888694763184e+00
1.420387476682662964e-01
6.141845583915710449e-01
1.061526760458946228e-01
7.849627733230590820e-02
1.558690667152404785e+00
2.182879000902175903e-01
1.658830046653747559e+00
1.663869619369506836e-01
6.125733852386474609e-01
1.071171686053276062e-01
7.927317172288894653e-02
1.516942977905273438e+00
1.635891050100326538e-01
1.584914803504943848e+00
1.438455730676651001e-01
6.069127321243286133e-01
1.065560504794120789e-01
8.055142313241958618e-02
1.559027671813964844e+00
1.618520915508270264e-01
1.663187861442565918e+00
1.429433971643447876e-01
5.981353521347045898e-01
1.050010398030281067e-01
8.199388533830642700e-02
1.591991901397705078e+00
1.693071275949478149e-01
1.701563477516174316e+00
1.439047604799270630e-01
6.126207709312438965e-01
1.104856953024864197e-01
8.133414387702941895e-02
1.570339202880859375e+00
1.706317216157913208e-01
1.681713700294494629e+00
1.421149522066116333e-01
6.268710494041442871e-01
1.157598271965980530e-01
8.435532450675964355e-02
1.599067091941833496e+00
1.702516824007034302e-01
1.728489875793457031e+00
1.465063095092773438e-01
6.268463134765625000e-01
1.113061308860778809e-01
7.495639473199844360e-02
1.548974394798278809e+00
1.722010821104049683e-01
1.678638577461242676e+00
1.374190896749496460e-01
6.646189093589782715e-01
1.150866374373435974e-01
7.903358340263366699e-02
1.544997215270996094e+00
1.625266969203948975e-01
1.658316016197204590e+00
1.372651457786560059e-01
6.573960185050964355e-01
1.154531911015510559e-01
7.717590779066085815e-02
1.665041089057922363e+00
1.662848293781280518e-01
1.794165134429931641e+00
1.410720497369766235e-01
6.732799410820007324e-01
1.140967234969139099e-01
7.720499485731124878e-02
1.686932206153869629e+00
1.645528674125671387e-01
1.810703158378601074e+00
1.364641189575195312e-01
6.712916493415832520e-01
1.071434840559959412e-01
6.291926652193069458e-02
1.666763901710510254e+00
1.695634573698043823e-01
1.852300286293029785e+00
1.487746089696884155e-01
6.788604259490966797e-01
1.083746552467346191e-01
7.484191656112670898e-02
1.765266418457031250e+00
1.682953387498855591e-01
1.858274817466735840e+00
1.533505320549011230e-01
6.519229412078857422e-01
9.818550944328308105e-02
7.142619043588638306e-02
1.778652548789978027e+00
1.644250750541687012e-01
1.869764924049377441e+00
1.399493068456649780e-01
6.503480076789855957e-01
1.001507639884948730e-01
7.132225483655929565e-02
1.845740914344787598e+00
1.691712141036987305e-01
1.940616011619567871e+00
1.424650549888610840e-01
6.412308812141418457e-01
9.833234548568725586e-02
7.376366108655929565e-02
1.932170867919921875e+00
1.658024638891220093e-01
2.041208267211914062e+00
1.398386806249618530e-01
6.554399132728576660e-01
1.019066199660301208e-01
6.781188398599624634e-02
1.989779114723205566e+00
1.622809618711471558e-01
2.134358167648315430e+00
1.416970938444137573e-01
6.561031937599182129e-01
1.076429262757301331e-01
6.844752281904220581e-02
2.053313016891479492e+00
1.808668822050094604e-01
2.188136339187622070e+00
1.403852552175521851e-01
6.316199898719787598e-01
1.070913448929786682e-01
6.905362010002136230e-02
2.338338136672973633e+00
1.618212014436721802e-01
2.481198072433471680e+00
1.386484205722808838e-01
6.665115952491760254e-01
1.028102710843086243e-01
7.177188247442245483e-02
2.382366180419921875e+00
1.680225729942321777e-01
2.561353445053100586e+00
1.413131058216094971e-01
6.638085842132568359e-01
1.049727499485015869e-01
6.934272497892379761e-02
2.394266128540039062e+00
1.670216470956802368e-01
2.516207933425903320e+00
1.392919570207595825e-01
6.530811786651611328e-01
9.789323806762695312e-02
6.932082027196884155e-02
2.346246957778930664e+00
1.590686589479446411e-01
2.479939222335815430e+00
1.361084431409835815e-01
6.394082903861999512e-01
1.189823523163795471e-01
6.777776032686233521e-02
2.316342353820800781e+00
1.659977883100509644e-01
2.466605663299560547e+00
1.410371214151382446e-01
6.325352787971496582e-01
1.079777181148529053e-01
6.937718391418457031e-02
2.322159528732299805e+00
1.707937866449356079e-01
2.441848516464233398e+00
1.450494974851608276e-01
6.171042323112487793e-01
1.218543052673339844e-01
7.106565684080123901e-02
2.293746232986450195e+00
1.669427752494812012e-01
2.429191589355468750e+00
1.388096809387207031e-01
6.125166416168212891e-01
1.034826114773750305e-01
6.900174170732498169e-02
2.320907354354858398e+00
1.688615232706069946e-01
2.446270942687988281e+00
1.413054615259170532e-01
6.057877540588378906e-01
1.052665486931800842e-01
6.737735867500305176e-02
2.356917381286621094e+00
1.722011119127273560e-01
2.495338201522827148e+00
1.465868502855300903e-01
6.172358393669128418e-01
1.056617423892021179e-01
6.985824555158615112e-02
2.319293737411499023e+00
1.719682961702346802e-01
2.453593730926513672e+00
1.411827057600021362e-01
6.172179579734802246e-01
1.052195206284523010e-01
6.989815086126327515e-02
2.417699098587036133e+00
1.812114864587783813e-01
2.486915826797485352e+00
1.459697037935256958e-01
5.757769942283630371e-01
9.743112325668334961e-02
7.500353455543518066e-02
2.371805191040039062e+00
1.859632134437561035e-01
2.423144578933715820e+00
1.415813714265823364e-01
6.071195006370544434e-01
9.920394420623779297e-02
7.264227420091629028e-02
2.348134279251098633e+00
1.855086088180541992e-01
2.436918497085571289e+00
1.439064592123031616e-01
6.268742680549621582e-01
1.057137623429298401e-01
7.851312309503555298e-02
2.379739522933959961e+00
1.814025193452835083e-01
2.401239395141601562e+00
1.385195702314376831e-01
6.568698883056640625e-01
1.047412529587745667e-01
7.315365225076675415e-02
2.372812271118164062e+00
1.798544377088546753e-01
2.445543050765991211e+00
1.417334824800491333e-01
6.755330562591552734e-01
1.057772710919380188e-01
7.774157077074050903e-02
2.374225854873657227e+00
1.821018904447555542e-01
2.435568571090698242e+00
1.409103721380233765e-01
7.079172730445861816e-01
1.073414906859397888e-01
7.794856280088424683e-02
2.452801942825317383e+00
1.844583004713058472e-01
2.504226922988891602e+00
1.414520293474197388e-01
7.450307011604309082e-01
1.103186681866645813e-01
7.840869575738906860e-02
2.495433092117309570e+00
1.829928159713745117e-01
2.528408288955688477e+00
1.373403519392013550e-01
9.297442436218261719e-01
1.278504580259323120e-01
8.140031248331069946e-02
2.378559827804565430e+00
1.832277327775955200e-01
2.370673656463623047e+00
1.385457217693328857e-01
6.989411711692810059e-01
1.115493401885032654e-01
8.430882543325424194e-02
1.196350932121276855e+00
1.817377358675003052e-01
1.186015963554382324e+00
1.356716156005859375e-01
7.291538119316101074e-01
1.191577911376953125e-01
8.568356186151504517e-02
8.342182040214538574e-01
1.818297058343887329e-01
8.346120715141296387e-01
1.452371776103973389e-01
6.954061388969421387e-01
1.412546187639236450e-01
8.040136843919754028e-02
7.356867194175720215e-01
1.856819391250610352e-01
8.102321624755859375e-01
1.431715488433837891e-01
7.034111022949218750e-01
1.179885491728782654e-01
6.880871951580047607e-02
8.889160752296447754e-01
1.861749440431594849e-01
1.001178741455078125e+00
1.435328125953674316e-01
6.967150568962097168e-01
1.133216619491577148e-01
7.372025400400161743e-02
8.714396357536315918e-01
1.925243139266967773e-01
9.162080883979797363e-01
1.457966864109039307e-01
7.015711665153503418e-01
1.065626963973045349e-01
6.123405694961547852e-02
8.966320157051086426e-01
1.860726922750473022e-01
9.620435833930969238e-01
1.479546427726745605e-01
7.017549872398376465e-01
1.100952103734016418e-01
5.717922374606132507e-02
9.105288982391357422e-01
1.839549094438552856e-01
9.368217587471008301e-01
1.436162143945693970e-01
6.896185874938964844e-01
1.077193692326545715e-01
5.793352052569389343e-02
8.374440073966979980e-01
1.881436854600906372e-01
8.316421508789062500e-01
1.482337713241577148e-01
6.994462013244628906e-01
1.056588366627693176e-01
5.981748178601264954e-02
8.682267069816589355e-01
1.896060705184936523e-01
8.414257168769836426e-01
1.488534361124038696e-01
7.209544181823730469e-01
1.047058403491973877e-01
6.215601041913032532e-02
7.892565727233886719e-01
1.929347664117813110e-01
7.729198932647705078e-01
1.500348001718521118e-01
7.045472264289855957e-01
1.050987169146537781e-01
6.410851329565048218e-02
7.134256362915039062e-01
1.887583881616592407e-01
7.250350117683410645e-01
1.457858681678771973e-01
7.109720110893249512e-01
1.136738136410713196e-01
6.508243083953857422e-02
7.034218907356262207e-01
1.928084492683410645e-01
6.983801722526550293e-01
1.482710987329483032e-01
7.112948298454284668e-01
1.078053340315818787e-01
6.573248654603958130e-02
7.418541908264160156e-01
2.007794380187988281e-01
7.431650757789611816e-01
1.639234572649002075e-01
7.129004597663879395e-01
1.019927635788917542e-01
6.690911948680877686e-02
7.424471974372863770e-01
1.896965354681015015e-01
7.117802500724792480e-01
1.443750858306884766e-01
7.098813652992248535e-01
1.080530509352684021e-01
6.407832354307174683e-02
7.868898510932922363e-01
1.898429989814758301e-01
7.742601037025451660e-01
1.427231580018997192e-01
6.956767439842224121e-01
1.111800894141197205e-01
6.251550465822219849e-02
8.970963358879089355e-01
1.968737244606018066e-01
8.715631365776062012e-01
1.576249599456787109e-01
6.614732146263122559e-01
1.058385372161865234e-01
6.213508173823356628e-02
8.746108412742614746e-01
1.951580792665481567e-01
8.732473850250244141e-01
1.499792337417602539e-01
6.568142771720886230e-01
1.072137057781219482e-01
6.357213109731674194e-02
8.505346179008483887e-01
2.034927010536193848e-01
8.093468546867370605e-01
1.552326679229736328e-01
6.407827734947204590e-01
1.076192259788513184e-01
6.633076816797256470e-02
7.546524405479431152e-01
1.878919601440429688e-01
7.575609087944030762e-01
1.426148265600204468e-01
6.572634577751159668e-01
1.052890047430992126e-01
6.610629707574844360e-02
7.289221882820129395e-01
1.822349280118942261e-01
7.172408103942871094e-01
1.355205178260803223e-01
6.378944516181945801e-01
1.150878667831420898e-01
6.149845197796821594e-02
8.205350041389465332e-01
1.854211241006851196e-01
8.153266310691833496e-01
1.441420912742614746e-01
6.332659721374511719e-01
1.059245839715003967e-01
6.391368061304092407e-02
7.958660125732421875e-01
1.798182576894760132e-01
7.891504168510437012e-01
1.312518715858459473e-01
6.366510987281799316e-01
1.084866002202033997e-01
5.682023242115974426e-02
9.718412756919860840e-01
1.887809485197067261e-01
1.001150608062744141e+00
1.501272767782211304e-01
6.334215998649597168e-01
1.023483797907829285e-01
5.610428377985954285e-02
1.105126857757568359e+00
2.076761722564697266e-01
1.148844838142395020e+00
1.636351644992828369e-01
6.381564736366271973e-01
9.909275174140930176e-02
5.434158816933631897e-02
6.927132606506347656e-01
1.895683556795120239e-01
6.841011643409729004e-01
1.599512547254562378e-01
6.163676977157592773e-01
1.008735522627830505e-01
5.538763478398323059e-02
5.140466690063476562e-01
1.983391046524047852e-01
4.889940917491912842e-01
1.512162685394287109e-01
6.161100864410400391e-01
1.068540289998054504e-01
5.647483840584754944e-02
4.849696159362792969e-01
2.247868031263351440e-01
4.710706770420074463e-01
1.763340979814529419e-01
6.440706849098205566e-01
1.110071539878845215e-01
5.021639168262481689e-02
4.608359038829803467e-01
2.045269459486007690e-01
4.479442536830902100e-01
1.462921500205993652e-01
6.255351901054382324e-01
1.054774895310401917e-01
5.553032830357551575e-02
4.527800083160400391e-01
2.175100594758987427e-01
4.378007352352142334e-01
1.370718330144882202e-01
6.208593249320983887e-01
1.080527231097221375e-01
4.970626160502433777e-02
4.832609593868255615e-01
1.852468103170394897e-01
4.764780104160308838e-01
1.328807026147842407e-01
6.208810210227966309e-01
1.069327592849731445e-01
4.100157693028450012e-02
4.765649735927581787e-01
1.897870749235153198e-01
4.676568806171417236e-01
1.350489109754562378e-01
6.310505867004394531e-01
1.087145879864692688e-01
3.932654112577438354e-02
4.359171390533447266e-01
1.905796080827713013e-01
4.258234500885009766e-01
1.367770880460739136e-01
6.258779764175415039e-01
1.093676090240478516e-01
3.748619928956031799e-02
4.405450522899627686e-01
1.863765269517898560e-01
4.201129376888275146e-01
1.328509449958801270e-01
6.153587698936462402e-01
1.103591397404670715e-01
3.535148128867149353e-02
4.192655384540557861e-01
1.903336048126220703e-01
3.940652310848236084e-01
1.366296261548995972e-01
6.034324765205383301e-01
1.091676354408264160e-01
3.604476526379585266e-02
4.179567396640777588e-01
1.852014809846878052e-01
3.901615142822265625e-01
1.379284858703613281e-01
6.233007311820983887e-01
1.076892018318176270e-01
3.322979807853698730e-02
4.246781170368194580e-01
1.959471702575683594e-01
3.991699218750000000e-01
1.356454640626907349e-01
6.323032379150390625e-01
1.135972663760185242e-01
3.255640342831611633e-02
4.708065092563629150e-01
1.991431117057800293e-01
4.415504038333892822e-01
1.453261375427246094e-01
6.190490126609802246e-01
1.090524718165397644e-01
2.916605211794376373e-02
4.709836542606353760e-01
2.063546627759933472e-01
4.386148452758789062e-01
1.422629803419113159e-01
6.434124112129211426e-01
1.119492426514625549e-01
2.983760088682174683e-02
4.726351797580718994e-01
2.074937820434570312e-01
4.465147256851196289e-01
1.441425532102584839e-01
6.331403851509094238e-01
1.094251945614814758e-01
2.907888032495975494e-02
5.086122155189514160e-01
2.104531526565551758e-01
4.674714505672454834e-01
1.461400538682937622e-01
6.400591731071472168e-01
1.066756471991539001e-01
2.840033173561096191e-02
5.274460911750793457e-01
2.039900273084640503e-01
4.881008565425872803e-01
1.485806256532669067e-01
6.294955015182495117e-01
1.088513359427452087e-01
2.757310867309570312e-02
5.105007290840148926e-01
2.180179208517074585e-01
4.758480489253997803e-01
1.530939191579818726e-01
6.447162032127380371e-01
1.140101924538612366e-01
2.920880727469921112e-02
5.082395076751708984e-01
2.257017344236373901e-01
4.867290258407592773e-01
1.630281209945678711e-01
6.500614285469055176e-01
1.076765656471252441e-01
2.702689170837402344e-02
4.718662798404693604e-01
2.278130799531936646e-01
4.536826610565185547e-01
1.553836762905120850e-01
6.812974810600280762e-01
1.088096275925636292e-01
2.692934684455394745e-02
4.797985553741455078e-01
2.283947914838790894e-01
4.940877854824066162e-01
1.609817296266555786e-01
6.809656620025634766e-01
1.096838191151618958e-01
3.048209659755229950e-02
5.657076239585876465e-01
2.420658022165298462e-01
5.510104298591613770e-01
1.825956851243972778e-01
6.874070167541503906e-01
1.122552528977394104e-01
3.410165384411811829e-02
6.240765452384948730e-01
2.597735226154327393e-01
6.188758015632629395e-01
2.089108377695083618e-01
6.918957829475402832e-01
1.262685209512710571e-01
3.045471943914890289e-02
6.533723473548889160e-01
2.476081401109695435e-01
6.440436840057373047e-01
1.779799312353134155e-01
7.452470660209655762e-01
1.133222952485084534e-01
3.039073944091796875e-02
5.073004961013793945e-01
2.154202014207839966e-01
4.847114086151123047e-01
1.520390212535858154e-01
7.296605110168457031e-01
1.148418784141540527e-01
2.830179594457149506e-02
4.352460801601409912e-01
2.445241808891296387e-01
4.158278405666351318e-01
1.866040080785751343e-01
7.211191654205322266e-01
1.272128671407699585e-01
3.202923387289047241e-02
4.554972648620605469e-01
2.511441707611083984e-01
4.188431799411773682e-01
1.991300731897354126e-01
7.403264641761779785e-01
1.158653870224952698e-01
3.156387433409690857e-02
4.164508879184722900e-01
2.203788012266159058e-01
3.873956203460693359e-01
1.493830233812332153e-01
7.383405566215515137e-01
1.133024021983146667e-01
3.362851589918136597e-02
3.781280219554901123e-01
2.243752479553222656e-01
3.514411151409149170e-01
1.582250595092773438e-01
7.259373664855957031e-01
1.137831136584281921e-01
3.120232932269573212e-02
3.621059358119964600e-01
1.878929883241653442e-01
3.475385606288909912e-01
1.354702115058898926e-01
7.189518809318542480e-01
1.138046607375144958e-01
3.132933378219604492e-02
3.463661372661590576e-01
1.931354403495788574e-01
3.138582408428192139e-01
1.333993673324584961e-01
7.145304679870605469e-01
1.104363724589347839e-01
2.971334010362625122e-02
3.313442468643188477e-01
1.775379627943038940e-01
3.107680380344390869e-01
1.237761005759239197e-01
7.098240852355957031e-01
1.222887337207794189e-01
2.746416628360748291e-02
3.301208019256591797e-01
1.928294897079467773e-01
3.025166094303131104e-01
1.341476589441299438e-01
7.263479232788085938e-01
1.166425645351409912e-01
2.533785998821258545e-02
3.169326484203338623e-01
2.070947885513305664e-01
2.812236547470092773e-01
1.338294446468353271e-01
7.165305018424987793e-01
1.185182929039001465e-01
2.617855370044708252e-02
3.171145021915435791e-01
1.986418366432189941e-01
2.868008017539978027e-01
1.410394757986068726e-01
7.061057090759277344e-01
1.224145516753196716e-01
2.671575546264648438e-02
3.244783282279968262e-01
1.814592331647872925e-01
2.924519181251525879e-01
1.288004070520401001e-01
7.180632948875427246e-01
1.181748434901237488e-01
2.625529281795024872e-02
3.167642056941986084e-01
1.807654350996017456e-01
2.770728170871734619e-01
1.325327455997467041e-01
7.093777656555175781e-01
1.159730553627014160e-01
2.511660195887088776e-02
3.203741908073425293e-01
2.176308184862136841e-01
2.940805852413177490e-01
1.367614418268203735e-01
7.288295626640319824e-01
1.289372444152832031e-01
2.498348243534564972e-02
3.173406422138214111e-01
1.921553015708923340e-01
2.843244373798370361e-01
1.393947005271911621e-01
7.155764698982238770e-01
1.219056770205497742e-01
2.300234697759151459e-02
3.460422456264495850e-01
2.131752371788024902e-01
3.076735138893127441e-01
1.339731812477111816e-01
7.633078694343566895e-01
1.299292445182800293e-01
2.416793070733547211e-02
3.714474737644195557e-01
2.145243734121322632e-01
3.198248445987701416e-01
1.411843299865722656e-01
8.151194453239440918e-01
1.396151930093765259e-01
2.400263585150241852e-02
3.655751049518585205e-01
2.180816680192947388e-01
3.086214363574981689e-01
1.339671909809112549e-01
8.626872897148132324e-01
1.400803476572036743e-01
2.373758517205715179e-02
3.654139339923858643e-01
2.368438392877578735e-01
3.197796046733856201e-01
1.385962516069412231e-01
8.785012364387512207e-01
1.465729326009750366e-01
2.591114677488803864e-02
3.572682440280914307e-01
2.309367656707763672e-01
2.954749763011932373e-01
1.437260210514068604e-01
9.440915584564208984e-01
1.577875912189483643e-01
2.471801079809665680e-02
3.873974978923797607e-01
2.590536475181579590e-01
3.325636088848114014e-01
1.551141887903213501e-01
1.010940670967102051e+00
1.722394675016403198e-01
2.309060096740722656e-02
4.068630635738372803e-01
2.452238351106643677e-01
3.333164155483245850e-01
1.394173055887222290e-01
1.056797385215759277e+00
1.919748336076736450e-01
2.471407316625118256e-02
4.692384302616119385e-01
2.342080920934677124e-01
3.685036599636077881e-01
1.348030120134353638e-01
1.193505525588989258e+00
1.952808648347854614e-01
2.399917691946029663e-02
4.564663469791412354e-01
2.020006626844406128e-01
3.792933523654937744e-01
1.296484321355819702e-01
9.252996444702148438e-01
1.552869528532028198e-01
2.164516597986221313e-02
3.658113181591033936e-01
2.275260686874389648e-01
3.195886611938476562e-01
1.323184221982955933e-01
9.131796360015869141e-01
1.526048928499221802e-01
2.364099025726318359e-02
3.963562548160552979e-01
2.499002367258071899e-01
3.465863168239593506e-01
1.450162380933761597e-01
8.654358983039855957e-01
1.458368152379989624e-01
2.486087940633296967e-02
4.704841673374176025e-01
2.353910654783248901e-01
4.263365268707275391e-01
1.480689495801925659e-01
9.122934341430664062e-01
1.312817782163619995e-01
2.452323772013187408e-02
5.389584898948669434e-01
2.199919372797012329e-01
5.207293629646301270e-01
1.445801854133605957e-01
7.906247973442077637e-01
1.125817000865936279e-01
2.635942399501800537e-02
5.253829360008239746e-01
2.736487686634063721e-01
4.885834157466888428e-01
1.750115603208541870e-01
7.737355828285217285e-01
1.175734400749206543e-01
2.487695775926113129e-02
6.179456114768981934e-01
1.997091323137283325e-01
5.642316341400146484e-01
1.406291723251342773e-01
6.730074882507324219e-01
1.197364106774330139e-01
2.383836358785629272e-02
6.438927650451660156e-01
1.651292294263839722e-01
6.355776786804199219e-01
1.223874464631080627e-01
7.232779860496520996e-01
1.104783713817596436e-01
2.575248479843139648e-02
6.960156559944152832e-01
1.519832164049148560e-01
6.499349474906921387e-01
1.158900633454322815e-01
6.291244626045227051e-01
1.434243321418762207e-01
2.413098327815532684e-02
5.978143811225891113e-01
1.889828443527221680e-01
5.967090725898742676e-01
1.400093585252761841e-01
6.725635528564453125e-01
1.564973145723342896e-01
2.225886285305023193e-02
7.288387417793273926e-01
1.606764346361160278e-01
6.846907734870910645e-01
1.244749501347541809e-01
6.612108349800109863e-01
1.472111493349075317e-01
2.239408157765865326e-02
7.276361584663391113e-01
1.631343811750411987e-01
7.100973725318908691e-01
1.265730857849121094e-01
7.315413355827331543e-01
1.175237521529197693e-01
2.157113887369632721e-02
7.016563415527343750e-01
1.610741019248962402e-01
6.840994358062744141e-01
1.171599254012107849e-01
7.274325489997863770e-01
1.166453734040260315e-01
2.178747765719890594e-02
6.204342842102050781e-01
1.431531161069869995e-01
6.099053025245666504e-01
1.068943664431571960e-01
6.810145378112792969e-01
1.156635284423828125e-01
2.267818339169025421e-02
6.764734387397766113e-01
1.355711817741394043e-01
6.706485748291015625e-01
1.105844154953956604e-01
7.016658186912536621e-01
1.147345528006553650e-01
2.202866785228252411e-02
7.131674885749816895e-01
1.492696553468704224e-01
6.646696329116821289e-01
1.126152873039245605e-01
6.792757511138916016e-01
1.202963590621948242e-01
2.205199003219604492e-02
5.974064469337463379e-01
1.521903872489929199e-01
6.112195849418640137e-01
1.072776839137077332e-01
6.647704839706420898e-01
1.231947541236877441e-01
2.272018045186996460e-02
6.091232895851135254e-01
1.438831537961959839e-01
5.701022148132324219e-01
1.075319349765777588e-01
6.656349301338195801e-01
1.210465058684349060e-01
2.182529307901859283e-02
6.439701914787292480e-01
1.600008159875869751e-01
6.612162590026855469e-01
1.090978085994720459e-01
6.743361353874206543e-01
1.168610379099845886e-01
2.162661403417587280e-02
6.787939667701721191e-01
1.448655575513839722e-01
6.790191531181335449e-01
1.094925105571746826e-01
6.375833749771118164e-01
1.194095835089683533e-01
2.194059081375598907e-02
6.824575066566467285e-01
1.479570865631103516e-01
6.678749918937683105e-01
1.088248267769813538e-01
6.374735236167907715e-01
1.309085190296173096e-01
2.272340655326843262e-02
6.416628956794738770e-01
1.575451046228408813e-01
5.673059821128845215e-01
1.188507378101348877e-01
6.258870363235473633e-01
1.632069200277328491e-01
2.251816354691982269e-02
5.881078243255615234e-01
1.398898363113403320e-01
5.600229501724243164e-01
1.057372316718101501e-01
6.315360665321350098e-01
1.315522193908691406e-01
2.497217990458011627e-02
6.405740380287170410e-01
1.514617353677749634e-01
6.030767560005187988e-01
1.120698228478431702e-01
6.241996288299560547e-01
1.320492923259735107e-01
2.487679757177829742e-02
6.039394736289978027e-01
1.516371220350265503e-01
5.834128260612487793e-01
1.094844937324523926e-01
6.056262850761413574e-01
1.191572248935699463e-01
2.594057470560073853e-02
6.165218949317932129e-01
1.677495837211608887e-01
6.015812754631042480e-01
1.126742064952850342e-01
6.185887455940246582e-01
1.228034496307373047e-01
2.475078962743282318e-02
6.935238838195800781e-01
1.721913069486618042e-01
7.108110785484313965e-01
1.197467818856239319e-01
6.041193008422851562e-01
1.182107254862785339e-01
2.365913242101669312e-02
7.515822052955627441e-01
1.877198368310928345e-01
7.552850246429443359e-01
1.335351467132568359e-01
6.232557892799377441e-01
1.235690191388130188e-01
2.259305678308010101e-02
8.119112849235534668e-01
1.744238883256912231e-01
8.229473233222961426e-01
1.227065920829772949e-01
6.126484870910644531e-01
1.288739591836929321e-01
2.428193576633930206e-02
7.805566787719726562e-01
1.857023090124130249e-01
7.666996121406555176e-01
1.275185048580169678e-01
6.018919944763183594e-01
1.288105398416519165e-01
2.105261944234371185e-02
8.378192782402038574e-01
1.507942378520965576e-01
7.961540222167968750e-01
1.127558052539825439e-01
6.183859705924987793e-01
1.185712590813636780e-01
2.272746898233890533e-02
8.627133369445800781e-01
1.472990363836288452e-01
8.327267765998840332e-01
1.089954599738121033e-01
6.177936196327209473e-01
1.202298700809478760e-01
2.163361944258213043e-02
8.596994876861572266e-01
1.490580588579177856e-01
8.295433521270751953e-01
1.110016331076622009e-01
6.374443173408508301e-01
1.335112452507019043e-01
2.160479687154293060e-02
8.179624676704406738e-01
1.622574180364608765e-01
7.948063015937805176e-01
1.161764189600944519e-01
6.382124423980712891e-01
1.461664587259292603e-01
2.186377905309200287e-02
9.058974385261535645e-01
1.588612198829650879e-01
8.947436809539794922e-01
1.153566539287567139e-01
6.184238791465759277e-01
1.344477087259292603e-01
2.203723229467868805e-02
9.480399489402770996e-01
1.523697376251220703e-01
9.177677035331726074e-01
1.088515743613243103e-01
6.347857117652893066e-01
1.350479722023010254e-01
2.300047874450683594e-02
8.996635079383850098e-01
1.574357599020004272e-01
8.851894736289978027e-01
1.111197769641876221e-01
6.563201546669006348e-01
1.297858357429504395e-01
2.308312617242336273e-02
8.301436901092529297e-01
1.554498225450515747e-01
7.977405190467834473e-01
1.168138608336448669e-01
6.025586724281311035e-01
1.248226389288902283e-01
2.328139729797840118e-02
8.474271893501281738e-01
1.652606576681137085e-01
8.653264045715332031e-01
1.152162179350852966e-01
5.935745835304260254e-01
1.260874122381210327e-01
2.324267663061618805e-02
9.314541220664978027e-01
1.897339075803756714e-01
8.541564941406250000e-01
1.233114302158355713e-01
6.067420244216918945e-01
1.267570704221725464e-01
2.417710982263088226e-02
8.101246356964111328e-01
1.808481663465499878e-01
8.657824397087097168e-01
1.232583820819854736e-01
5.772077441215515137e-01
1.265991479158401489e-01
2.373440749943256378e-02
7.781197428703308105e-01
1.715136021375656128e-01
7.486130595207214355e-01
1.251781582832336426e-01
5.931896567344665527e-01
1.353989839553833008e-01
2.470076084136962891e-02
8.331000208854675293e-01
1.542944312095642090e-01
8.458452224731445312e-01
1.168970093131065369e-01
5.956048369407653809e-01
1.357570737600326538e-01
2.463715523481369019e-02
8.680687546730041504e-01
1.692029386758804321e-01
8.593654632568359375e-01
1.214447394013404846e-01
6.122857928276062012e-01
1.382599323987960815e-01
2.460971474647521973e-02
8.770053386688232422e-01
1.669071912765502930e-01
8.646029829978942871e-01
1.307752430438995361e-01
6.300591230392456055e-01
1.426296383142471313e-01
2.443403936922550201e-02
8.316666483879089355e-01
1.597216874361038208e-01
7.474029660224914551e-01
1.205884814262390137e-01
6.127477884292602539e-01
1.388185173273086548e-01
2.456784807145595551e-02
7.603809237480163574e-01
1.557563990354537964e-01
7.233843803405761719e-01
1.128937825560569763e-01
6.174842715263366699e-01
1.464670300483703613e-01
2.460170350968837738e-02
8.043336272239685059e-01
1.785282939672470093e-01
7.704920768737792969e-01
1.123316809535026550e-01
6.286660432815551758e-01
1.396152526140213013e-01
2.456360496580600739e-02
7.972450256347656250e-01
1.615998893976211548e-01
7.799081802368164062e-01
1.136001348495483398e-01
6.151304244995117188e-01
1.492687612771987915e-01
2.442938834428787231e-02
8.366175293922424316e-01
1.477696597576141357e-01
8.075945973396301270e-01
1.181914433836936951e-01
6.308014988899230957e-01
1.511843800544738770e-01
2.467817626893520355e-02
9.653969407081604004e-01
1.501407772302627563e-01
9.798560142517089844e-01
1.133117750287055969e-01
6.220377683639526367e-01
1.453323811292648315e-01
2.440623380243778229e-02
1.059876084327697754e+00
1.477341800928115845e-01
1.068313479423522949e+00
1.127774491906166077e-01
6.350513696670532227e-01
1.494994014501571655e-01
2.393870055675506592e-02
1.148610353469848633e+00
1.593101173639297485e-01
1.162646651268005371e+00
1.122295483946800232e-01
6.394416093826293945e-01
1.590638905763626099e-01
2.467079646885395050e-02
1.078453421592712402e+00
1.778014451265335083e-01
1.079777359962463379e+00
1.242891177535057068e-01
6.357871890068054199e-01
1.561022549867630005e-01
3.130783513188362122e-02
1.201478123664855957e+00
1.460730284452438354e-01
1.123968005180358887e+00
1.140142455697059631e-01
6.373547911643981934e-01
1.482709348201751709e-01
3.349401429295539856e-02
1.200353026390075684e+00
1.456044912338256836e-01
1.181457877159118652e+00
1.139283552765846252e-01
6.383513808250427246e-01
1.639018803834915161e-01
2.840981632471084595e-02
1.155074238777160645e+00
1.422466635704040527e-01
1.129262447357177734e+00
1.129367873072624207e-01
6.346067786216735840e-01
1.629786491394042969e-01
2.936649881303310394e-02
1.101989150047302246e+00
1.565556675195693970e-01
1.068975567817687988e+00
1.183773875236511230e-01
6.450774669647216797e-01
1.601463556289672852e-01
2.940260805189609528e-02
1.274155378341674805e+00
1.449215710163116455e-01
1.227108955383300781e+00
1.120755299925804138e-01
6.149785518646240234e-01
1.514335125684738159e-01
2.862786687910556793e-02
1.321161389350891113e+00
1.392463296651840210e-01
1.298557758331298828e+00
1.099790334701538086e-01
6.214135289192199707e-01
1.526647955179214478e-01
2.902602963149547577e-02
1.253630757331848145e+00
1.381355673074722290e-01
1.242232203483581543e+00
1.128312945365905762e-01
6.340115666389465332e-01
1.445794552564620972e-01
3.034663386642932892e-02
1.130237221717834473e+00
1.526893824338912964e-01
1.114246964454650879e+00
1.271957308053970337e-01
6.222217082977294922e-01
1.481904685497283936e-01
3.029218874871730804e-02
1.200101971626281738e+00
1.432845741510391235e-01
1.207396149635314941e+00
1.156906187534332275e-01
6.143936514854431152e-01
1.501025259494781494e-01
2.933230064809322357e-02
1.300651788711547852e+00
1.490453481674194336e-01
1.193944811820983887e+00
1.165766045451164246e-01
6.377707123756408691e-01
1.499412804841995239e-01
2.894674241542816162e-02
1.156426787376403809e+00
1.512720733880996704e-01
1.143682956695556641e+00
1.289230436086654663e-01
6.373957991600036621e-01
1.507332921028137207e-01
2.846782095730304718e-02
1.109880328178405762e+00
1.668778061866760254e-01
1.079394340515136719e+00
1.294776946306228638e-01
6.431056261062622070e-01
1.527177840471267700e-01
2.775236405432224274e-02
1.171766281127929688e+00
1.671465188264846802e-01
1.197465300559997559e+00
1.342615187168121338e-01
6.499152779579162598e-01
1.466280966997146606e-01
2.993019483983516693e-02
1.261802792549133301e+00
1.725691556930541992e-01
1.217398762702941895e+00
1.361389458179473877e-01
6.734040379524230957e-01
1.504913717508316040e-01
2.737542428076267242e-02
1.247019648551940918e+00
1.726985126733779907e-01
1.211444497108459473e+00
1.359379887580871582e-01
6.918978095054626465e-01
1.566687822341918945e-01
2.839004062116146088e-02
1.185477733612060547e+00
1.668471246957778931e-01
1.090661644935607910e+00
1.588442772626876831e-01
7.019665837287902832e-01
1.595938056707382202e-01
2.978747524321079254e-02
1.093833804130554199e+00
1.728545427322387695e-01
1.051392078399658203e+00
1.639425307512283325e-01
7.061974406242370605e-01
1.512378007173538208e-01
2.972222305834293365e-02
1.129713654518127441e+00
1.879525631666183472e-01
1.088644862174987793e+00
1.636393517255783081e-01
6.925508379936218262e-01
1.702209860086441040e-01
2.865731902420520782e-02
9.737581610679626465e-01
1.615048497915267944e-01
9.506876468658447266e-01
1.482256650924682617e-01
6.607376933097839355e-01
1.556528061628341675e-01
2.871259115636348724e-02
8.620913624763488770e-01
1.632565259933471680e-01
8.350069522857666016e-01
1.498893350362777710e-01
6.888117790222167969e-01
1.607581824064254761e-01
3.107977099716663361e-02
9.709553122520446777e-01
1.660042554140090942e-01
8.695712089538574219e-01
1.557068377733230591e-01
6.723208427429199219e-01
1.593202948570251465e-01
3.220416605472564697e-02
8.989090323448181152e-01
1.679646521806716919e-01
8.745734691619873047e-01
1.669441014528274536e-01
6.713030934333801270e-01
1.632014662027359009e-01
3.370955586433410645e-02
9.381342530250549316e-01
1.992964893579483032e-01
9.155134558677673340e-01
1.872449517250061035e-01
6.910325884819030762e-01
1.555576473474502563e-01
3.579115867614746094e-02
9.318392276763916016e-01
1.791048049926757812e-01
8.907024264335632324e-01
1.822506040334701538e-01
7.024566531181335449e-01
1.669929474592208862e-01
3.630029782652854919e-02
9.929197430610656738e-01
1.764219552278518677e-01
9.214555621147155762e-01
1.786362379789352417e-01
7.192745208740234375e-01
1.976233124732971191e-01
3.742380812764167786e-02
1.042283177375793457e+00
1.872166991233825684e-01
9.722347259521484375e-01
1.806445568799972534e-01
7.386351227760314941e-01
1.626269072294235229e-01
3.483432158827781677e-02
1.088613867759704590e+00
1.845714896917343140e-01
1.016142725944519043e+00
1.693224161863327026e-01
7.289333343505859375e-01
1.575636118650436401e-01
3.442294150590896606e-02
1.012480378150939941e+00
1.760964244604110718e-01
9.609273076057434082e-01
1.711963862180709839e-01
7.629844546318054199e-01
1.628743559122085571e-01
3.581352904438972473e-02
1.110950946807861328e+00
1.761506050825119019e-01
1.044503569602966309e+00
1.665616631507873535e-01
7.425058484077453613e-01
1.559238582849502563e-01
3.544728085398674011e-02
1.168039441108703613e+00
1.925830394029617310e-01
1.109822154045104980e+00
1.788576692342758179e-01
7.633600234985351562e-01
1.548329591751098633e-01
3.715655580163002014e-02
1.176401853561401367e+00
1.939685344696044922e-01
1.105469584465026855e+00
1.827048063278198242e-01
7.749528884887695312e-01
1.383299678564071655e-01
3.817155584692955017e-02
1.089188337326049805e+00
2.303731441497802734e-01
1.034437775611877441e+00
2.188841849565505981e-01
7.628361582756042480e-01
1.411986798048019409e-01
3.489381447434425354e-02
1.085834622383117676e+00
2.204627245664596558e-01
1.081207394599914551e+00
2.160980701446533203e-01
7.687656283378601074e-01
1.382539719343185425e-01
3.106533922255039215e-02
1.154424786567687988e+00
2.367238849401473999e-01
1.017930984497070312e+00
2.161548137664794922e-01
7.868602871894836426e-01
1.452512592077255249e-01
2.939544059336185455e-02
1.069595694541931152e+00
2.201558202505111694e-01
1.029720306396484375e+00
1.995336264371871948e-01
8.032793998718261719e-01
1.408156305551528931e-01
2.769639529287815094e-02
1.054982781410217285e+00
2.056237906217575073e-01
9.658537507057189941e-01
1.933204680681228638e-01
8.460687994956970215e-01
1.432974338531494141e-01
2.634119056165218353e-02
1.074238657951354980e+00
2.066064327955245972e-01
1.022045373916625977e+00
1.851880550384521484e-01
8.775127530097961426e-01
1.377193182706832886e-01
2.917619980871677399e-02
1.141908884048461914e+00
2.415600270032882690e-01
1.070274949073791504e+00
1.957825422286987305e-01
9.017434120178222656e-01
1.382923126220703125e-01
2.780169807374477386e-02
1.180505752563476562e+00
2.465363144874572754e-01
1.084478139877319336e+00
2.072547227144241333e-01
9.547594189643859863e-01
1.421987861394882202e-01
2.944290079176425934e-02
1.168194055557250977e+00
2.402160316705703735e-01
1.029353976249694824e+00
2.136747837066650391e-01
9.879994392395019531e-01
1.402025371789932251e-01
2.461103908717632294e-02
1.103851795196533203e+00
2.479056715965270996e-01
1.006277918815612793e+00
2.155007272958755493e-01
1.025915384292602539e+00
1.484898924827575684e-01
2.486039139330387115e-02
1.164393186569213867e+00
2.726700603961944580e-01
1.053412795066833496e+00
2.091135233640670776e-01
1.128822922706604004e+00
1.732869297266006470e-01
2.653218060731887817e-02
1.148739457130432129e+00
2.451339215040206909e-01
1.048458456993103027e+00
2.023472189903259277e-01
1.083036303520202637e+00
1.509723216295242310e-01
2.490589767694473267e-02
1.163017392158508301e+00
2.434291392564773560e-01
1.056918621063232422e+00
1.985436230897903442e-01
1.101953148841857910e+00
1.604009121656417847e-01
2.729846723377704620e-02
1.320798277854919434e+00
2.293075323104858398e-01
1.179888486862182617e+00
2.016232609748840332e-01
1.012876629829406738e+00
1.271721571683883667e-01
2.490195631980895996e-02
1.209194064140319824e+00
2.329217046499252319e-01
1.141476869583129883e+00
2.073294967412948608e-01
9.438827633857727051e-01
1.304705739021301270e-01
2.412190474569797516e-02
1.136572480201721191e+00
2.614458501338958740e-01
1.082407116889953613e+00
2.162282019853591919e-01
9.532008171081542969e-01
1.152092441916465759e-01
2.434328198432922363e-02
1.153457403182983398e+00
2.436911314725875854e-01
1.085682511329650879e+00
2.038937062025070190e-01
9.639942049980163574e-01
1.283136159181594849e-01
2.404795773327350616e-02
1.162810683250427246e+00
2.452561110258102417e-01
1.077819466590881348e+00
2.090863585472106934e-01
9.974815249443054199e-01
1.216388568282127380e-01
2.483107335865497589e-02
1.208284974098205566e+00
2.572479546070098877e-01
1.120016932487487793e+00
2.157217264175415039e-01
9.774727821350097656e-01
1.225010529160499573e-01
2.638104557991027832e-02
1.124295711517333984e+00
2.634977698326110840e-01
1.077258229255676270e+00
2.307506203651428223e-01
9.577957987785339355e-01
1.303582489490509033e-01
2.618794143199920654e-02
1.104513764381408691e+00
2.515169680118560791e-01
1.046722412109375000e+00
2.268726676702499390e-01
9.139117598533630371e-01
1.368387639522552490e-01
2.566587924957275391e-02
1.167969584465026855e+00
2.403301149606704712e-01
1.116864681243896484e+00
2.145556211471557617e-01
9.146893620491027832e-01
1.349079161882400513e-01
2.507325820624828339e-02
1.217902302742004395e+00
2.658873796463012695e-01
1.171182751655578613e+00
2.190237045288085938e-01
9.170103669166564941e-01
1.421939432621002197e-01
2.429848723113536835e-02
1.207016468048095703e+00
2.647641599178314209e-01
1.154917478561401367e+00
2.220686525106430054e-01
9.303351044654846191e-01
1.218968555331230164e-01
2.500922419130802155e-02
1.200816512107849121e+00
3.647024333477020264e-01
1.115985751152038574e+00
2.998550534248352051e-01
9.699752926826477051e-01
1.338828653097152710e-01
2.474203892052173615e-02
1.158314347267150879e+00
2.197972983121871948e-01
1.131495118141174316e+00
2.003264576196670532e-01
9.375907778739929199e-01
1.236947178840637207e-01
2.488123811781406403e-02
1.126698613166809082e+00
1.886058598756790161e-01
1.042487502098083496e+00
1.780833005905151367e-01
9.321131706237792969e-01
1.212652847170829773e-01
2.542541921138763428e-02
1.054281353950500488e+00
1.690980195999145508e-01
1.038510680198669434e+00
1.578289121389389038e-01
7.264330983161926270e-01
1.133441552519798279e-01
2.487964928150177002e-02
9.873315691947937012e-01
1.491146236658096313e-01
9.753293991088867188e-01
1.519499868154525757e-01
6.939528584480285645e-01
1.235697790980339050e-01
2.450718171894550323e-02
1.005986571311950684e+00
1.556308418512344360e-01
9.901830554008483887e-01
1.463533192873001099e-01
6.790941357612609863e-01
1.333015114068984985e-01
2.512736432254314423e-02
1.039240241050720215e+00
1.942815184593200684e-01
1.031743884086608887e+00
1.658572107553482056e-01
6.700116991996765137e-01
1.519435942173004150e-01
2.571231685578823090e-02
1.018383502960205078e+00
1.826052218675613403e-01
1.026967048645019531e+00
1.568018347024917603e-01
6.864690780639648438e-01
1.665531396865844727e-01
2.657298184931278229e-02
9.967794418334960938e-01
1.884495764970779419e-01
9.422433972358703613e-01
1.449602693319320679e-01
6.838338971138000488e-01
1.662293821573257446e-01
2.636547945439815521e-02
9.239397644996643066e-01
1.907073408365249634e-01
9.033851027488708496e-01
1.491103023290634155e-01
6.964200139045715332e-01
1.840016096830368042e-01
2.612855471670627594e-02
9.359240531921386719e-01
1.910069733858108521e-01
9.161130785942077637e-01
1.425185650587081909e-01
8.128104209899902344e-01
1.967704296112060547e-01
2.651245892047882080e-02
9.702029228210449219e-01
1.823175549507141113e-01
9.396607279777526855e-01
1.396195739507675171e-01
7.126114964485168457e-01
1.961675882339477539e-01
2.815243601799011230e-02
1.077120780944824219e+00
1.819426268339157104e-01
1.078954100608825684e+00
1.434924751520156860e-01
7.011613249778747559e-01
1.881527900695800781e-01
2.712312899529933929e-02
1.220778584480285645e+00
1.741536855697631836e-01
1.232479929924011230e+00
1.362946033477783203e-01
7.112204432487487793e-01
1.839323788881301880e-01
2.708431519567966461e-02
1.313653469085693359e+00
1.771641522645950317e-01
1.286437392234802246e+00
1.445309519767761230e-01
7.252976894378662109e-01
1.868133097887039185e-01
2.809490263462066650e-02
1.364481568336486816e+00
1.902277469635009766e-01
1.432777404785156250e+00
1.431657522916793823e-01
6.748469471931457520e-01
1.855794191360473633e-01
2.774924598634243011e-02
1.227117657661437988e+00
1.872506886720657349e-01
1.276524424552917480e+00
1.435206532478332520e-01
6.704105734825134277e-01
1.933155506849288940e-01
3.023780696094036102e-02
1.254353642463684082e+00
1.777585297822952271e-01
1.229482293128967285e+00
1.448781490325927734e-01
6.704733967781066895e-01
1.974770575761795044e-01
3.132642805576324463e-02
1.332141757011413574e+00
1.745994091033935547e-01
1.341151237487792969e+00
1.439635902643203735e-01
6.767991185188293457e-01
2.042140215635299683e-01
3.060538135468959808e-02
1.306551814079284668e+00
1.809332370758056641e-01
1.282678723335266113e+00
1.514189094305038452e-01
6.498368978500366211e-01
2.343598604202270508e-01
3.043291531503200531e-02
1.209448218345642090e+00
1.993460804224014282e-01
1.216885447502136230e+00
1.611289829015731812e-01
6.891564726829528809e-01
2.020854949951171875e-01
3.035139106214046478e-02
1.390300750732421875e+00
1.995309740304946899e-01
1.380273818969726562e+00
1.701323539018630981e-01
6.730539202690124512e-01
1.877674311399459839e-01
2.839171886444091797e-02
1.449058890342712402e+00
2.021641880273818970e-01
1.454994320869445801e+00
1.746868342161178589e-01
6.818358302116394043e-01
1.924530416727066040e-01
2.712707780301570892e-02
1.421015739440917969e+00
2.162097692489624023e-01
1.436106324195861816e+00
1.842971593141555786e-01
6.829244494438171387e-01
1.892378777265548706e-01
2.722277678549289703e-02
1.308529496192932129e+00
1.923551559448242188e-01
1.330981612205505371e+00
1.629194468259811401e-01
6.808248162269592285e-01
1.779396384954452515e-01
2.836865931749343872e-02
1.379903674125671387e+00
1.800177246332168579e-01
1.375266075134277344e+00
1.389710456132888794e-01
6.972891688346862793e-01
1.757823377847671509e-01
2.938867546617984772e-02
1.363476276397705078e+00
1.908484846353530884e-01
1.269359827041625977e+00
1.350954771041870117e-01
7.049290537834167480e-01
1.767038106918334961e-01
2.997033856809139252e-02
1.256889224052429199e+00
1.770174950361251831e-01
1.249838709831237793e+00
1.398843377828598022e-01
7.196063399314880371e-01
1.833541840314865112e-01
2.907042764127254486e-02
1.208433270454406738e+00
1.736133098602294922e-01
1.164732575416564941e+00
1.475819349288940430e-01
7.868013381958007812e-01
1.839219331741333008e-01
3.128153085708618164e-02
1.246584296226501465e+00
1.777294427156448364e-01
1.248512864112854004e+00
1.405151784420013428e-01
8.156914114952087402e-01
1.874208897352218628e-01
3.163563087582588196e-02
1.282259464263916016e+00
1.759493499994277954e-01
1.257914423942565918e+00
1.424987912178039551e-01
7.831347584724426270e-01
1.960687637329101562e-01
2.895258367061614990e-02
1.254090309143066406e+00
1.822482496500015259e-01
1.253443002700805664e+00
1.389929205179214478e-01
7.966628670692443848e-01
1.957082599401473999e-01
2.939996123313903809e-02
1.147759675979614258e+00
1.774272173643112183e-01
1.109349608421325684e+00
1.333405226469039917e-01
7.978553175926208496e-01
2.052697390317916870e-01
3.084162063896656036e-02
1.077461123466491699e+00
1.823386698961257935e-01
1.034864425659179688e+00
1.274871975183486938e-01
7.732713222503662109e-01
2.076615691184997559e-01
2.961248345673084259e-02
1.135584354400634766e+00
1.914856284856796265e-01
1.126919150352478027e+00
1.343906521797180176e-01
7.799242138862609863e-01
2.041701078414916992e-01
3.102794289588928223e-02
1.049959778785705566e+00
1.692119091749191284e-01
1.013448119163513184e+00
1.251361519098281860e-01
7.531296610832214355e-01
2.241999357938766479e-01
3.344862163066864014e-02
1.087073326110839844e+00
1.703003197908401489e-01
1.047494530677795410e+00
1.235409975051879883e-01
7.897388339042663574e-01
2.194642573595046997e-01
3.626008704304695129e-02
1.153653502464294434e+00
1.717474609613418579e-01
1.153250694274902344e+00
1.300813555717468262e-01
7.856438755989074707e-01
2.244398593902587891e-01
3.352801501750946045e-02
1.185121178627014160e+00
1.743713766336441040e-01
1.130559921264648438e+00
1.310489326715469360e-01
7.782155871391296387e-01
2.388195544481277466e-01
3.573584929108619690e-02
1.266287446022033691e+00
1.805593371391296387e-01
1.258177161216735840e+00
1.263809651136398315e-01
8.427260518074035645e-01
2.113084048032760620e-01
3.826210275292396545e-02
1.238093137741088867e+00
1.806416958570480347e-01
1.206447601318359375e+00
1.304348558187484741e-01
8.167623877525329590e-01
2.196731716394424438e-01
4.012209549546241760e-02
1.208609104156494141e+00
1.764814406633377075e-01
1.149145007133483887e+00
1.299710720777511597e-01
7.777898907661437988e-01
2.168755680322647095e-01
4.116525501012802124e-02
1.211531639099121094e+00
1.802496761083602905e-01
1.162990689277648926e+00
1.325429528951644897e-01
7.721555829048156738e-01
2.285075634717941284e-01
4.419639706611633301e-02
1.222225785255432129e+00
1.737091541290283203e-01
1.161926984786987305e+00
1.303024888038635254e-01
7.290387153625488281e-01
2.375216484069824219e-01
4.906437918543815613e-02
1.130153298377990723e+00
1.755295246839523315e-01
1.110622644424438477e+00
1.238523423671722412e-01
7.264797091484069824e-01
2.345222979784011841e-01
5.269963666796684265e-02
1.257293343544006348e+00
1.712875366210937500e-01
1.251747488975524902e+00
1.237105354666709900e-01
7.317363619804382324e-01
2.406889200210571289e-01
5.515837669372558594e-02
1.320486783981323242e+00
1.636255681514739990e-01
1.291489243507385254e+00
1.221173405647277832e-01
7.524726390838623047e-01
2.268504500389099121e-01
5.778122320771217346e-02
1.303694367408752441e+00
1.732517629861831665e-01
1.262036442756652832e+00
1.250981241464614868e-01
7.535004615783691406e-01
2.235366255044937134e-01
5.910621210932731628e-02
1.216275930404663086e+00
2.003824263811111450e-01
1.210403442382812500e+00
1.685705184936523438e-01
7.634909749031066895e-01
2.238511294126510620e-01
6.075092032551765442e-02
1.271716117858886719e+00
1.825238019227981567e-01
1.249345183372497559e+00
1.329097151756286621e-01
7.732632160186767578e-01
2.288498282432556152e-01
6.161111220717430115e-02
1.304823040962219238e+00
1.740023940801620483e-01
1.219524979591369629e+00
1.342675536870956421e-01
8.021700978279113770e-01
2.205450683832168579e-01
6.486446410417556763e-02
1.115692257881164551e+00
1.731073856353759766e-01
1.083599209785461426e+00
1.290177851915359497e-01
6.579583883285522461e-01
2.514885663986206055e-01
6.607788056135177612e-02
1.091115832328796387e+00
1.708588749170303345e-01
1.107288241386413574e+00
1.282008737325668335e-01
6.404204964637756348e-01
2.590617835521697998e-01
6.727055460214614868e-02
1.129027247428894043e+00
1.618841886520385742e-01
1.137155532836914062e+00
1.249943375587463379e-01
6.260277628898620605e-01
2.737645804882049561e-01
6.790222972631454468e-02
1.188452839851379395e+00
1.647174507379531860e-01
1.197317123413085938e+00
1.251738518476486206e-01
6.553065180778503418e-01
2.694197893142700195e-01
6.907358020544052124e-02
1.196954369544982910e+00
1.681547611951828003e-01
1.255559444427490234e+00
1.279741674661636353e-01
6.761123538017272949e-01
2.842583060264587402e-01
7.282330840826034546e-02
1.073302149772644043e+00
1.682053804397583008e-01
1.085416913032531738e+00
1.332882642745971680e-01
6.935460567474365234e-01
3.065493106842041016e-01
7.374089211225509644e-02
1.035889625549316406e+00
1.736022979021072388e-01
1.020581603050231934e+00
1.348315626382827759e-01
7.082865834236145020e-01
2.889085710048675537e-01
7.530771940946578979e-02
1.064897537231445312e+00
1.751039177179336548e-01
1.069342136383056641e+00
1.260938197374343872e-01
7.376999855041503906e-01
3.007795512676239014e-01
7.794439047574996948e-02
1.025133490562438965e+00
1.814517229795455933e-01
1.090689182281494141e+00
1.309081465005874634e-01
8.357830047607421875e-01
3.749871253967285156e-01
8.043277263641357422e-02
1.047900557518005371e+00
1.806133240461349487e-01
1.063509702682495117e+00
1.351428180932998657e-01
7.162823677062988281e-01
3.469974994659423828e-01
8.287916332483291626e-02
1.062031865119934082e+00
1.999437808990478516e-01
1.070021510124206543e+00
1.483456939458847046e-01
7.122325897216796875e-01
3.322166800498962402e-01
8.474409580230712891e-02
1.123046755790710449e+00
1.841628104448318481e-01
1.123333811759948730e+00
1.303967088460922241e-01
7.351037859916687012e-01
3.245644271373748779e-01
8.678335696458816528e-02
1.123348474502563477e+00
1.599588245153427124e-01
1.200223803520202637e+00
1.343519538640975952e-01
7.071238160133361816e-01
2.960348427295684814e-01
8.823917061090469360e-02
1.113572835922241211e+00
1.625540852546691895e-01
1.118118524551391602e+00
1.294025927782058716e-01
7.013514637947082520e-01
3.082766532897949219e-01
8.971979469060897827e-02
1.194710373878479004e+00
1.664350032806396484e-01
1.161316394805908203e+00
1.206787899136543274e-01
6.892836093902587891e-01
3.018326163291931152e-01
9.282260388135910034e-02
1.265235662460327148e+00
1.664986759424209595e-01
1.293447136878967285e+00
1.187119260430335999e-01
7.073385119438171387e-01
3.074302971363067627e-01
9.533119946718215942e-02
1.325854420661926270e+00
1.664261817932128906e-01
1.391380667686462402e+00
1.210242137312889099e-01
7.727149128913879395e-01
3.535313308238983154e-01
9.793105721473693848e-02
1.283782482147216797e+00
1.633862704038619995e-01
1.302094936370849609e+00
1.133862361311912537e-01
7.495765686035156250e-01
3.532595336437225342e-01
1.002567186951637268e-01
1.425285935401916504e+00
1.740172356367111206e-01
1.454011321067810059e+00
1.166316643357276917e-01
7.308702468872070312e-01
3.316843211650848389e-01
1.034469604492187500e-01
1.501474738121032715e+00
1.606715023517608643e-01
1.507311224937438965e+00
1.087013110518455505e-01
7.500885128974914551e-01
3.004232347011566162e-01
1.053001880645751953e-01
1.463029503822326660e+00
1.566174626350402832e-01
1.525616288185119629e+00
1.115582957863807678e-01
7.191187739372253418e-01
2.992421090602874756e-01
1.066291257739067078e-01
1.299125075340270996e+00
1.633193641901016235e-01
1.372778296470642090e+00
1.131719350814819336e-01
6.895884871482849121e-01
2.764990329742431641e-01
1.071868017315864563e-01
1.336664557456970215e+00
1.573069542646408081e-01
1.393188595771789551e+00
1.212232112884521484e-01
6.731869578361511230e-01
2.308571487665176392e-01
1.087155863642692566e-01
1.413561940193176270e+00
1.607722491025924683e-01
1.321291804313659668e+00
1.203738451004028320e-01
6.716477274894714355e-01
2.499049901962280273e-01
1.098072901368141174e-01
1.282927870750427246e+00
1.836102008819580078e-01
1.405204772949218750e+00
1.222513914108276367e-01
6.404520869255065918e-01
2.340943068265914917e-01
1.113373115658760071e-01
1.291834473609924316e+00
1.699333339929580688e-01
1.254201889038085938e+00
1.161421462893486023e-01
6.539716124534606934e-01
2.191148549318313599e-01
1.128427684307098389e-01
1.338614821434020996e+00
1.768735647201538086e-01
1.357748389244079590e+00
1.292762011289596558e-01
6.433826684951782227e-01
2.258928865194320679e-01
1.145097985863685608e-01
1.433952689170837402e+00
1.697737127542495728e-01
1.406222343444824219e+00
1.128732785582542419e-01
6.774094104766845703e-01
2.383603453636169434e-01
1.158978715538978577e-01
1.445280194282531738e+00
1.768869161605834961e-01
1.471298575401306152e+00
1.139014065265655518e-01
6.873579621315002441e-01
2.548898160457611084e-01
1.166712939739227295e-01
1.447478890419006348e+00
1.571661084890365601e-01
1.340373396873474121e+00
1.041481718420982361e-01
6.913935542106628418e-01
2.621254920959472656e-01
1.190859675407409668e-01
1.333677768707275391e+00
1.659850627183914185e-01
1.267372131347656250e+00
1.150191798806190491e-01
7.048870921134948730e-01
2.399261593818664551e-01
1.201643049716949463e-01
1.357475876808166504e+00
1.728525906801223755e-01
1.328413844108581543e+00
1.171894297003746033e-01
7.377074360847473145e-01
2.685969769954681396e-01
1.249316111207008362e-01
1.214485526084899902e+00
1.969630718231201172e-01
1.205766201019287109e+00
1.212995052337646484e-01
6.970743536949157715e-01
2.939718365669250488e-01
1.216570958495140076e-01
1.031702041625976562e+00
2.030411213636398315e-01
1.042605876922607422e+00
1.232268437743186951e-01
6.976618170738220215e-01
3.248755037784576416e-01
1.264460086822509766e-01
9.296157360076904297e-01
1.754709631204605103e-01
9.347205758094787598e-01
1.113521158695220947e-01
6.951773762702941895e-01
3.434036672115325928e-01
1.250986009836196899e-01
9.077191352844238281e-01
1.744012832641601562e-01
8.831980228424072266e-01
1.122879385948181152e-01
7.124087214469909668e-01
3.865249454975128174e-01
1.285489499568939209e-01
9.409199357032775879e-01
1.749506741762161255e-01
9.162990450859069824e-01
1.250470727682113647e-01
6.829060912132263184e-01
3.262839615345001221e-01
1.294911652803421021e-01
8.755415081977844238e-01
1.827861070632934570e-01
8.700996041297912598e-01
1.159297153353691101e-01
6.911455988883972168e-01
3.861336708068847656e-01
1.311588436365127563e-01
9.217250943183898926e-01
1.882294416427612305e-01
8.760979175567626953e-01
1.162172779440879822e-01
6.993443369865417480e-01
3.387870788574218750e-01
1.316933780908584595e-01
9.051258563995361328e-01
1.775301247835159302e-01
8.833703994750976562e-01
1.142285093665122986e-01
7.022094726562500000e-01
3.315329253673553467e-01
1.371637433767318726e-01
9.480642676353454590e-01
1.765891313552856445e-01
9.355461597442626953e-01
1.172342672944068909e-01
6.939554214477539062e-01
3.291310369968414307e-01
1.420972943305969238e-01
8.788000941276550293e-01
1.795367449522018433e-01
8.226197361946105957e-01
1.120650172233581543e-01
7.300081253051757812e-01
3.397115767002105713e-01
1.442015320062637329e-01
9.814279675483703613e-01
1.833828240633010864e-01
8.926553726196289062e-01
1.148012056946754456e-01
7.273671030998229980e-01
3.507618010044097900e-01
1.421595364809036255e-01
9.733464121818542480e-01
1.795898228883743286e-01
9.462679028511047363e-01
1.120321452617645264e-01
7.323107719421386719e-01
3.722800314426422119e-01
1.433538049459457397e-01
9.798447489738464355e-01
1.625176072120666504e-01
9.774425029754638672e-01
1.130098626017570496e-01
7.163775563240051270e-01
3.577469587326049805e-01
1.465467810630798340e-01
9.204923510551452637e-01
1.654990762472152710e-01
9.044694900512695312e-01
1.158664301037788391e-01
7.044300436973571777e-01
3.448691666126251221e-01
1.462571322917938232e-01
9.191352725028991699e-01
1.646716147661209106e-01
9.093057513236999512e-01
1.164177730679512024e-01
7.052800059318542480e-01
3.352210521697998047e-01
1.517034322023391724e-01
9.271607398986816406e-01
1.619842946529388428e-01
8.813955187797546387e-01
1.150714457035064697e-01
6.799805760383605957e-01
3.331682980060577393e-01
1.546569913625717163e-01
9.097690582275390625e-01
1.703007221221923828e-01
9.026206135749816895e-01
1.139631867408752441e-01
6.536038517951965332e-01
3.156974315643310547e-01
1.576577425003051758e-01
8.683097958564758301e-01
1.698981374502182007e-01
8.667707443237304688e-01
1.202588453888893127e-01
6.350307464599609375e-01
2.906264662742614746e-01
1.628354042768478394e-01
8.971571922302246094e-01
1.549489647150039673e-01
8.770699501037597656e-01
1.183885559439659119e-01
6.512849926948547363e-01
2.763794362545013428e-01
1.689690351486206055e-01
9.348805546760559082e-01
1.589033752679824829e-01
8.919790387153625488e-01
1.152980402112007141e-01
6.682006716728210449e-01
2.693403661251068115e-01
1.696033924818038940e-01
9.577676653861999512e-01
1.569264531135559082e-01
9.305008053779602051e-01
1.182986199855804443e-01
6.820613741874694824e-01
2.613034248352050781e-01
1.681304425001144409e-01
9.100666046142578125e-01
1.557348370552062988e-01
8.306419253349304199e-01
1.134325489401817322e-01
6.861634254455566406e-01
2.690857946872711182e-01
1.903956532478332520e-01
8.129059672355651855e-01
1.604194790124893188e-01
7.930476665496826172e-01
1.226352080702781677e-01
6.855978965759277344e-01
2.524892687797546387e-01
1.987781077623367310e-01
8.079669475555419922e-01
1.534501463174819946e-01
7.560380101203918457e-01
1.242653504014015198e-01
6.444398760795593262e-01
2.666917741298675537e-01
1.853971481323242188e-01
7.122917771339416504e-01
1.576303690671920776e-01
6.645547747611999512e-01
1.147037819027900696e-01
6.348202228546142578e-01
2.788265645503997803e-01
2.297484278678894043e-01
6.810073852539062500e-01
1.569173187017440796e-01
6.369097828865051270e-01
1.193631365895271301e-01
6.321157813072204590e-01
2.528775930404663086e-01
2.244641631841659546e-01
6.823757290840148926e-01
1.534200459718704224e-01
5.965816378593444824e-01
1.138670071959495544e-01
6.237104535102844238e-01
3.125954568386077881e-01
2.393438816070556641e-01
5.508773922920227051e-01
1.593500971794128418e-01
5.181257128715515137e-01
1.129847764968872070e-01
6.197227835655212402e-01
2.804143428802490234e-01
2.122056335210800171e-01
5.483515858650207520e-01
1.553419679403305054e-01
4.963442087173461914e-01
1.185701414942741394e-01
6.257624626159667969e-01
2.822586596012115479e-01
1.976482123136520386e-01
5.349912643432617188e-01
1.549357771873474121e-01
5.039517283439636230e-01
1.190997436642646790e-01
6.296655535697937012e-01
2.932635247707366943e-01
1.969300508499145508e-01
5.691905617713928223e-01
1.605026870965957642e-01
5.120014548301696777e-01
1.156536415219306946e-01
6.371121406555175781e-01
2.821374833583831787e-01
2.073747515678405762e-01
5.524672865867614746e-01
1.596952378749847412e-01
4.983985424041748047e-01
1.202222108840942383e-01
6.645759940147399902e-01
2.716524302959442139e-01
2.166625410318374634e-01
5.616654753684997559e-01
1.593196988105773926e-01
5.056917667388916016e-01
1.244151368737220764e-01
6.655954718589782715e-01
2.770030498504638672e-01
2.252072542905807495e-01
5.400370955467224121e-01
1.643870919942855835e-01
4.846374690532684326e-01
1.263844519853591919e-01
6.437649130821228027e-01
2.600401341915130615e-01
2.336590439081192017e-01
5.679488182067871094e-01
1.696107387542724609e-01
5.106054544448852539e-01
1.365591883659362793e-01
6.371756792068481445e-01
3.000933825969696045e-01
2.263079881668090820e-01
6.039355397224426270e-01
1.724161654710769653e-01
5.473650693893432617e-01
1.235854253172874451e-01
6.563639044761657715e-01
2.712420225143432617e-01
2.440821379423141479e-01
6.475079655647277832e-01
1.624381691217422485e-01
5.920233130455017090e-01
1.294370740652084351e-01
6.564328670501708984e-01
2.537510693073272705e-01
2.546713650226593018e-01
6.182149052619934082e-01
2.111573815345764160e-01
5.609326362609863281e-01
1.750298738479614258e-01
6.548925042152404785e-01
2.595883905887603760e-01
2.380983829498291016e-01
6.050179004669189453e-01
1.602175235748291016e-01
5.556815266609191895e-01
1.389895081520080566e-01
6.528635621070861816e-01
2.748686373233795166e-01
2.233423739671707153e-01
5.843561291694641113e-01
1.592734605073928833e-01
5.327381491661071777e-01
1.213299259543418884e-01
6.756064891815185547e-01
2.596662938594818115e-01
2.286573499441146851e-01
5.688745975494384766e-01
1.613336056470870972e-01
5.138182044029235840e-01
1.196194514632225037e-01
7.104560732841491699e-01
2.244201898574829102e-01
2.449914067983627319e-01
5.624394416809082031e-01
1.604497283697128296e-01
4.994293153285980225e-01
1.234959140419960022e-01
7.452028393745422363e-01
2.178457379341125488e-01
2.713107168674468994e-01
5.719173550605773926e-01
1.618460565805435181e-01
5.082562565803527832e-01
1.204830631613731384e-01
7.272229194641113281e-01
2.220471352338790894e-01
2.450321167707443237e-01
5.708689689636230469e-01
1.542507708072662354e-01
5.075772404670715332e-01
1.178732737898826599e-01
7.292461991310119629e-01
2.156458497047424316e-01
2.193567752838134766e-01
5.812661051750183105e-01
1.539417356252670288e-01
5.101140737533569336e-01
1.138820722699165344e-01
7.529458999633789062e-01
2.145669907331466675e-01
2.076317518949508667e-01
5.594295263290405273e-01
1.593145728111267090e-01
4.972985982894897461e-01
1.158803924918174744e-01
7.064170837402343750e-01
2.385942190885543823e-01
1.818208247423171997e-01
5.133180618286132812e-01
1.566105335950851440e-01
4.479898214340209961e-01
1.214635148644447327e-01
7.468484044075012207e-01
2.164062112569808960e-01
1.787282228469848633e-01
5.209040641784667969e-01
1.527617126703262329e-01
4.520843923091888428e-01
1.241815984249114990e-01
7.581431269645690918e-01
2.125868350267410278e-01
1.868714094161987305e-01
4.569483697414398193e-01
1.525944918394088745e-01
4.106098413467407227e-01
1.160525456070899963e-01
6.900417208671569824e-01
2.508634030818939209e-01
1.875902861356735229e-01
4.634547531604766846e-01
1.571254730224609375e-01
4.117629528045654297e-01
1.287849843502044678e-01
7.130494117736816406e-01
2.364545613527297974e-01
1.746093034744262695e-01
4.520741999149322510e-01
1.532331556081771851e-01
4.027414023876190186e-01
1.197446212172508240e-01
7.217624783515930176e-01
2.310498207807540894e-01
1.705273985862731934e-01
4.377000331878662109e-01
1.522129923105239868e-01
3.811882734298706055e-01
1.192705631256103516e-01
6.813623309135437012e-01
2.481757849454879761e-01
1.826342195272445679e-01
4.517101347446441650e-01
1.682870835065841675e-01
3.944646418094635010e-01
1.228736415505409241e-01
7.155501246452331543e-01
1.985440254211425781e-01
1.527762860059738159e-01
4.108916819095611572e-01
1.632934659719467163e-01
3.620620071887969971e-01
1.197906509041786194e-01
6.952766776084899902e-01
2.150806188583374023e-01
1.497597545385360718e-01
4.043882787227630615e-01
1.585128456354141235e-01
3.567932546138763428e-01
1.195578798651695251e-01
7.036419510841369629e-01
2.216933518648147583e-01
1.647800058126449585e-01
3.997336924076080322e-01
1.710510253906250000e-01
3.537940979003906250e-01
1.371766179800033569e-01
7.245377898216247559e-01
2.203397303819656372e-01
1.435632705688476562e-01
3.987369239330291748e-01
1.582478433847427368e-01
3.560622036457061768e-01
1.211030259728431702e-01
7.195207476615905762e-01
2.133484333753585815e-01
1.496536731719970703e-01
4.009325504302978516e-01
1.576237231492996216e-01
3.498621284961700439e-01
1.251734942197799683e-01
6.925330162048339844e-01
2.264819294214248657e-01
1.571270376443862915e-01
4.084642231464385986e-01
1.679394990205764771e-01
3.620927035808563232e-01
1.269988566637039185e-01
6.989657878875732422e-01
2.140811234712600708e-01
1.664968878030776978e-01
4.056989252567291260e-01
1.620440334081649780e-01
3.658798038959503174e-01
1.252671331167221069e-01
6.874749064445495605e-01
2.246628254652023315e-01
1.594793945550918579e-01
4.143669903278350830e-01
1.625059843063354492e-01
3.702641427516937256e-01
1.275715976953506470e-01
6.932023167610168457e-01
2.074139714241027832e-01
1.579700112342834473e-01
4.160524606704711914e-01
2.290546745061874390e-01
3.680809438228607178e-01
1.846096664667129517e-01
7.107465863227844238e-01
2.058194279670715332e-01
1.547240465879440308e-01
4.128813445568084717e-01
1.599312424659729004e-01
3.752740919589996338e-01
1.332947164773941040e-01
7.235707640647888184e-01
2.084541320800781250e-01
1.579334735870361328e-01
4.105400741100311279e-01
1.526132076978683472e-01
3.681666851043701172e-01
1.156419888138771057e-01
7.266445755958557129e-01
2.088430076837539673e-01
1.571739166975021362e-01
4.060711860656738281e-01
1.551361083984375000e-01
3.679397106170654297e-01
1.154514327645301819e-01
6.011035442352294922e-01
2.176471501588821411e-01
1.551944762468338013e-01
3.914385735988616943e-01
1.571816802024841309e-01
3.509438931941986084e-01
1.220992207527160645e-01
5.800700783729553223e-01
2.174797207117080688e-01
1.560770273208618164e-01
3.931896686553955078e-01
1.570038944482803345e-01
3.552250862121582031e-01
1.199619397521018982e-01
5.840022563934326172e-01
2.171023041009902954e-01
1.589131206274032593e-01
3.861021995544433594e-01
1.511300951242446899e-01
3.486491441726684570e-01
1.146522983908653259e-01
5.823232531547546387e-01
2.170120328664779663e-01
1.598955243825912476e-01
3.816432058811187744e-01
1.501056700944900513e-01
3.517924845218658447e-01
1.176362261176109314e-01
5.850663781166076660e-01
2.120097130537033081e-01
1.619354933500289917e-01
3.693494498729705811e-01
1.540377140045166016e-01
3.370884656906127930e-01
1.099721193313598633e-01
5.851762890815734863e-01
2.102055400609970093e-01
1.622521430253982544e-01
3.660495281219482422e-01
1.492853462696075439e-01
3.352684974670410156e-01
1.100851073861122131e-01
5.878263115882873535e-01
2.106818407773971558e-01
1.667221337556838989e-01
3.709381520748138428e-01
1.466986984014511108e-01
3.380618989467620850e-01
1.115696206688880920e-01
5.839219689369201660e-01
2.061608582735061646e-01
1.673579216003417969e-01
3.670862615108489990e-01
1.494844704866409302e-01
3.378813266754150391e-01
1.074830815196037292e-01
5.476570129394531250e-01
1.955009102821350098e-01
1.682156473398208618e-01
3.561603128910064697e-01
1.490684896707534790e-01
3.301696479320526123e-01
1.094818636775016785e-01
5.495252013206481934e-01
1.900516897439956665e-01
1.713510602712631226e-01
3.630534112453460693e-01
1.413360387086868286e-01
3.323611319065093994e-01
9.919033199548721313e-02
5.394160747528076172e-01
1.933699697256088257e-01
1.754085272550582886e-01
3.762177228927612305e-01
1.407424807548522949e-01
3.500618040561676025e-01
9.622032195329666138e-02
5.309305787086486816e-01
1.958509832620620728e-01
1.680198162794113159e-01
4.287133514881134033e-01
1.383468806743621826e-01
4.150338470935821533e-01
9.968946129083633423e-02
5.345949530601501465e-01
1.888521909713745117e-01
1.677109003067016602e-01
5.037446022033691406e-01
1.460061818361282349e-01
4.903557002544403076e-01
1.019298210740089417e-01
5.406346321105957031e-01
1.921747177839279175e-01
1.830582171678543091e-01
5.805473923683166504e-01
1.469529420137405396e-01
5.748645663261413574e-01
1.024483069777488708e-01
5.405097603797912598e-01
1.919505000114440918e-01
1.854356974363327026e-01
6.128751635551452637e-01
1.437389403581619263e-01
5.997328162193298340e-01
1.019615307450294495e-01
5.384846925735473633e-01
1.959196180105209351e-01
1.849802732467651367e-01
6.249419450759887695e-01
1.478425711393356323e-01
6.119769215583801270e-01
1.048245728015899658e-01
5.326010584831237793e-01
1.943239420652389526e-01
1.881148964166641235e-01
6.269204616546630859e-01
1.541453003883361816e-01
6.166709065437316895e-01
1.142296567559242249e-01
5.426630377769470215e-01
1.963915973901748657e-01
1.875032186508178711e-01
6.357205510139465332e-01
1.594312638044357300e-01
6.219637393951416016e-01
1.207361593842506409e-01
5.526363849639892578e-01
2.036200314760208130e-01
1.935549527406692505e-01
6.311979889869689941e-01
1.697947233915328979e-01
6.159790158271789551e-01
1.295573711395263672e-01
5.742902159690856934e-01
2.048348337411880493e-01
1.947340518236160278e-01
6.397621035575866699e-01
1.706805676221847534e-01
6.213760972023010254e-01
1.334329396486282349e-01
5.952312350273132324e-01
2.020698785781860352e-01
1.992194205522537231e-01
6.513991951942443848e-01
1.835170984268188477e-01
6.328157186508178711e-01
1.442709714174270630e-01
6.033394336700439453e-01
2.056279778480529785e-01
2.017939835786819458e-01
6.654139757156372070e-01
1.781076192855834961e-01
6.423080563545227051e-01
1.422794312238693237e-01
6.383974552154541016e-01
2.082976847887039185e-01
2.039959430694580078e-01
6.557962298393249512e-01
1.670783758163452148e-01
6.282213926315307617e-01
1.214631572365760803e-01
6.624636054039001465e-01
2.115095406770706177e-01
2.064333707094192505e-01
6.573702692985534668e-01
1.478533744812011719e-01
6.211150288581848145e-01
9.761264175176620483e-02
6.827011108398437500e-01
2.111271172761917114e-01
2.192485481500625610e-01
6.715605258941650391e-01
1.676341295242309570e-01
6.319274902343750000e-01
1.163294315338134766e-01
7.250425815582275391e-01
2.164705544710159302e-01
2.150575965642929077e-01
6.706790924072265625e-01
1.627006530761718750e-01
6.402155160903930664e-01
1.069530472159385681e-01
7.796187400817871094e-01
2.217376232147216797e-01
2.254128009080886841e-01
6.641845107078552246e-01
1.698801964521408081e-01
6.273568272590637207e-01
1.131670251488685608e-01
8.130826950073242188e-01
2.197805792093276978e-01
2.222056388854980469e-01
6.475793719291687012e-01
1.643334627151489258e-01
6.227210164070129395e-01
1.043782159686088562e-01
8.388635516166687012e-01
2.202244400978088379e-01
2.234640866518020630e-01
6.549784541130065918e-01
1.573845297098159790e-01
6.179708838462829590e-01
1.025848165154457092e-01
9.325985312461853027e-01
2.287751883268356323e-01
2.242531329393386841e-01
6.326581835746765137e-01
1.363134682178497314e-01
6.348383426666259766e-01
1.002759560942649841e-01
7.160165905952453613e-01
2.064056396484375000e-01
2.234137654304504395e-01
6.408511400222778320e-01
1.393973380327224731e-01
6.294772028923034668e-01
1.009711250662803650e-01
7.635787129402160645e-01
2.090253382921218872e-01
2.139769196510314941e-01
6.154723763465881348e-01
1.385189741849899292e-01
5.808905959129333496e-01
9.441387653350830078e-02
8.085379600524902344e-01
2.182143926620483398e-01
2.103414088487625122e-01
4.707154333591461182e-01
1.352856457233428955e-01
4.482759535312652588e-01
8.425235003232955933e-02
8.011478781700134277e-01
2.178987860679626465e-01
2.099059671163558960e-01
5.984475612640380859e-01
1.536227315664291382e-01
7.039401531219482422e-01
1.047052219510078430e-01
7.565112113952636719e-01
2.197235822677612305e-01
2.051313519477844238e-01
7.778277397155761719e-01
1.914799958467483521e-01
1.027338504791259766e+00
1.434911638498306274e-01
7.767021059989929199e-01
2.319834232330322266e-01
2.256186008453369141e-01
9.547870755195617676e-01
2.166142463684082031e-01
1.039412260055541992e+00
1.737210005521774292e-01
7.460732460021972656e-01
2.183020263910293579e-01
2.208173424005508423e-01
1.273864984512329102e+00
2.610587179660797119e-01
1.300009608268737793e+00
2.137510180473327637e-01
7.464153170585632324e-01
2.263195067644119263e-01
2.271743863821029663e-01
1.062776803970336914e+00
2.820281386375427246e-01
1.078451752662658691e+00
2.293205112218856812e-01
7.367349267005920410e-01
2.209417372941970825e-01
2.348838448524475098e-01
1.051911234855651855e+00
2.977102994918823242e-01
1.051116824150085449e+00
2.400257140398025513e-01
7.534555792808532715e-01
2.271876335144042969e-01
2.221279889345169067e-01
7.429943084716796875e-01
2.915199100971221924e-01
7.443411946296691895e-01
2.336573451757431030e-01
7.355960011482238770e-01
2.211258858442306519e-01
2.211759090423583984e-01
7.173706889152526855e-01
2.906671762466430664e-01
7.010727524757385254e-01
2.323130816221237183e-01
7.733407020568847656e-01
2.148988097906112671e-01
2.138641625642776489e-01
7.614510655403137207e-01
3.049543201923370361e-01
7.650095820426940918e-01
2.439796477556228638e-01
7.622638344764709473e-01
2.233758717775344849e-01
2.078001499176025391e-01
8.151615262031555176e-01
3.075926601886749268e-01
8.280007839202880859e-01
2.386615276336669922e-01
7.604048252105712891e-01
2.119002491235733032e-01
2.056147456169128418e-01
8.707766532897949219e-01
3.127455711364746094e-01
8.624088764190673828e-01
2.440714091062545776e-01
7.588234543800354004e-01
2.110480219125747681e-01
2.024839669466018677e-01
8.250088691711425781e-01
2.965335547924041748e-01
8.136761784553527832e-01
2.404308915138244629e-01
7.550215721130371094e-01
2.111832946538925171e-01
1.987003833055496216e-01
8.630426526069641113e-01
2.960808873176574707e-01
8.574118614196777344e-01
2.336034774780273438e-01
7.646870613098144531e-01
2.104796320199966431e-01
1.924107819795608521e-01
7.956387400627136230e-01
2.858965098857879639e-01
7.883329987525939941e-01
2.305080145597457886e-01
7.828696370124816895e-01
2.191632241010665894e-01
1.874379664659500122e-01
7.379725575447082520e-01
2.853435575962066650e-01
7.382507324218750000e-01
2.314292341470718384e-01
7.964107990264892578e-01
1.995860338211059570e-01
1.794717311859130859e-01
7.068357467651367188e-01
2.852085232734680176e-01
6.971057057380676270e-01
2.377948313951492310e-01
8.068061470985412598e-01
2.306817770004272461e-01
1.862887144088745117e-01
7.101504206657409668e-01
2.926187217235565186e-01
6.950637698173522949e-01
2.306018322706222534e-01
8.154926300048828125e-01
3.024284839630126953e-01
1.901189535856246948e-01
7.337459921836853027e-01
3.064543306827545166e-01
7.184928059577941895e-01
2.323739975690841675e-01
8.523521423339843750e-01
3.162796199321746826e-01
1.913083940744400024e-01
7.707435488700866699e-01
2.947820127010345459e-01
7.538102269172668457e-01
2.333537936210632324e-01
8.968426585197448730e-01
3.310832679271697998e-01
1.956589967012405396e-01
7.270112633705139160e-01
3.016413748264312744e-01
7.041472792625427246e-01
2.349200844764709473e-01
9.457526206970214844e-01
3.671291768550872803e-01
1.964620798826217651e-01
6.951447129249572754e-01
3.021340072154998779e-01
6.847861409187316895e-01
2.380503416061401367e-01
9.590789675712585449e-01
4.744292795658111572e-01
2.027152329683303833e-01
6.916674971580505371e-01
3.096024394035339355e-01
6.781201362609863281e-01
2.371516674757003784e-01
1.041827082633972168e+00
6.021369695663452148e-01
2.047251611948013306e-01
6.949856281280517578e-01
2.880018651485443115e-01
6.623168587684631348e-01
2.294241636991500854e-01
9.215967059135437012e-01
3.084900975227355957e-01
1.998917311429977417e-01
6.997558474540710449e-01
2.960940003395080566e-01
6.624738574028015137e-01
2.367858439683914185e-01
8.973126411437988281e-01
3.024859130382537842e-01
2.018303722143173218e-01
7.407808899879455566e-01
3.204668462276458740e-01
7.075418829917907715e-01
2.624859809875488281e-01
9.147163033485412598e-01
3.479661941528320312e-01
2.030166238546371460e-01
7.993504405021667480e-01
3.476407527923583984e-01
7.626563906669616699e-01
2.809239029884338379e-01
9.432254433631896973e-01
3.245134055614471436e-01
2.063344568014144897e-01
8.568559288978576660e-01
3.749909400939941406e-01
8.084594607353210449e-01
3.290140926837921143e-01
9.118096828460693359e-01
2.660065889358520508e-01
2.104039639234542847e-01
8.804988861083984375e-01
3.792997896671295166e-01
8.589432835578918457e-01
3.125339448451995850e-01
8.990764021873474121e-01
3.068421185016632080e-01
2.077765464782714844e-01
9.309775233268737793e-01
3.860689401626586914e-01
8.976283669471740723e-01
3.224361240863800049e-01
8.955618739128112793e-01
2.865430116653442383e-01
2.108696103096008301e-01
9.344816207885742188e-01
3.894793987274169922e-01
9.238779544830322266e-01
3.232236802577972412e-01
9.051949381828308105e-01
2.741962075233459473e-01
2.197643369436264038e-01
9.335127472877502441e-01
3.770577013492584229e-01
9.229428768157958984e-01
3.170149326324462891e-01
9.065785408020019531e-01
2.717811465263366699e-01
2.165826112031936646e-01
9.500663876533508301e-01
3.652572631835937500e-01
9.361279010772705078e-01
3.145799338817596436e-01
9.142379760742187500e-01
2.630924284458160400e-01
2.208611369132995605e-01
9.742207527160644531e-01
3.991768658161163330e-01
9.608113765716552734e-01
3.284808397293090820e-01
9.077302813529968262e-01
2.179166525602340698e-01
2.057781666517257690e-01
1.008233308792114258e+00
3.929761350154876709e-01
9.883821010589599609e-01
3.256098330020904541e-01
9.577412605285644531e-01
2.295002490282058716e-01
1.992950886487960815e-01
1.027701020240783691e+00
3.772200047969818115e-01
9.981970191001892090e-01
3.244891166687011719e-01
9.495628476142883301e-01
1.979835778474807739e-01
1.939208507537841797e-01
9.856474399566650391e-01
3.900294303894042969e-01
9.540917277336120605e-01
3.312503099441528320e-01
8.986288905143737793e-01
1.631215661764144897e-01
1.894807815551757812e-01
9.504306912422180176e-01
3.798993825912475586e-01
9.286724925041198730e-01
3.281656503677368164e-01
9.083643555641174316e-01
1.403238028287887573e-01
1.936337798833847046e-01
9.223055243492126465e-01
3.707698881626129150e-01
9.095557332038879395e-01
3.204338252544403076e-01
9.260907173156738281e-01
1.920299082994461060e-01
1.761473417282104492e-01
9.198155403137207031e-01
3.756357133388519287e-01
9.144387245178222656e-01
3.213904201984405518e-01
9.015387892723083496e-01
1.628109216690063477e-01
1.717552691698074341e-01
9.256402850151062012e-01
3.811571300029754639e-01
9.291073679924011230e-01
3.246259093284606934e-01
9.295808672904968262e-01
1.683757901191711426e-01
1.580996662378311157e-01
9.437382221221923828e-01
3.796310424804687500e-01
9.440973401069641113e-01
3.309327065944671631e-01
9.782258868217468262e-01
1.568785756826400757e-01
1.285322159528732300e-01
9.740675091743469238e-01
3.808701932430267334e-01
9.773901104927062988e-01
3.300154805183410645e-01
1.006279110908508301e+00
1.645342260599136353e-01
1.307134032249450684e-01
1.001357674598693848e+00
3.828332424163818359e-01
9.854068160057067871e-01
3.309049308300018311e-01
1.233225345611572266e+00
1.515407115221023560e-01
8.544882386922836304e-02
9.758784174919128418e-01
3.778055012226104736e-01
9.597814679145812988e-01
3.266865015029907227e-01
1.167299866676330566e+00
1.569580584764480591e-01
1.049378886818885803e-01
9.540913701057434082e-01
3.830817043781280518e-01
9.447684288024902344e-01
3.308895230293273926e-01
1.128986835479736328e+00
2.108389884233474731e-01
1.144449114799499512e-01
9.370517730712890625e-01
3.868685662746429443e-01
9.197267889976501465e-01
3.315559327602386475e-01
1.062167882919311523e+00
1.879848092794418335e-01
1.114964187145233154e-01
9.278922080993652344e-01
3.759144842624664307e-01
9.240779876708984375e-01
3.263995647430419922e-01
9.652302861213684082e-01
1.641325503587722778e-01
7.466044276952743530e-02
9.595195651054382324e-01
4.027470052242279053e-01
9.689035415649414062e-01
3.333708345890045166e-01
9.761098027229309082e-01
1.790159791707992554e-01
5.778707191348075867e-02
1.043282389640808105e+00
4.134177267551422119e-01
1.057942390441894531e+00
3.388323485851287842e-01
9.439551234245300293e-01
1.806083470582962036e-01
8.847800642251968384e-02
1.089252829551696777e+00
4.507514238357543945e-01
1.128305554389953613e+00
3.732538521289825439e-01
9.418073296546936035e-01
1.928671002388000488e-01
5.064832046627998352e-02
1.128120303153991699e+00
4.772579371929168701e-01
1.153578281402587891e+00
4.066865146160125732e-01
9.528042674064636230e-01
2.010578662157058716e-01
4.665899276733398438e-02
1.143018126487731934e+00
4.958855211734771729e-01
1.189469933509826660e+00
4.126389026641845703e-01
9.427598118782043457e-01
1.914964169263839722e-01
3.765935823321342468e-02
1.176536798477172852e+00
5.302782058715820312e-01
1.212261557579040527e+00
4.487915933132171631e-01
9.250647425651550293e-01
1.826549768447875977e-01
4.764849320054054260e-02
1.169515132904052734e+00
5.400829315185546875e-01
1.200963139533996582e+00
4.515224397182464600e-01
8.878909945487976074e-01
1.811346262693405151e-01
3.039888478815555573e-02
1.172613024711608887e+00
5.248035192489624023e-01
1.213606238365173340e+00
4.457488358020782471e-01
8.681483268737792969e-01
2.015272527933120728e-01
2.759969979524612427e-02
1.209518790245056152e+00
5.377848744392395020e-01
1.249657154083251953e+00
4.568749666213989258e-01
8.685948848724365234e-01
1.912505626678466797e-01
3.062889538705348969e-02
1.233613371849060059e+00
5.575309395790100098e-01
1.268322467803955078e+00
4.613294899463653564e-01
8.602001070976257324e-01
1.908294111490249634e-01
3.298923000693321228e-02
1.222941160202026367e+00
5.679714083671569824e-01
1.243769288063049316e+00
4.624159038066864014e-01
8.857503533363342285e-01
2.033610343933105469e-01
2.885163575410842896e-02
1.183217883110046387e+00
5.531679391860961914e-01
1.192957520484924316e+00
4.685713350772857666e-01
8.725361824035644531e-01
1.832895874977111816e-01
3.285759314894676208e-02
1.191500544548034668e+00
5.577211380004882812e-01
1.214237332344055176e+00
4.572348594665527344e-01
8.932707905769348145e-01
1.871975213289260864e-01
2.971604652702808380e-02
1.191369533538818359e+00
5.523698925971984863e-01
1.210802435874938965e+00
4.604803621768951416e-01
8.715286254882812500e-01
1.694602966308593750e-01
3.072769008576869965e-02
1.204177975654602051e+00
5.382266640663146973e-01
1.229007720947265625e+00
4.458614289760589600e-01
8.685527443885803223e-01
1.818332076072692871e-01
3.142204880714416504e-02
1.192290663719177246e+00
5.422948002815246582e-01
1.222314357757568359e+00
4.611072540283203125e-01
8.636702895164489746e-01
1.913201808929443359e-01
3.027821332216262817e-02
1.194169640541076660e+00
5.342770814895629883e-01
1.244320750236511230e+00
4.557222127914428711e-01
8.953102231025695801e-01
2.009431868791580200e-01
3.601579368114471436e-02
1.173517346382141113e+00
5.437997579574584961e-01
1.212624907493591309e+00
4.467150270938873291e-01
8.976028561592102051e-01
2.006788700819015503e-01
3.700814768671989441e-02
1.142826914787292480e+00
5.510018467903137207e-01
1.175717949867248535e+00
4.550038874149322510e-01
9.570155143737792969e-01
2.224761694669723511e-01
4.268826916813850403e-02
1.123031973838806152e+00
5.370234251022338867e-01
1.150385499000549316e+00
4.438693225383758545e-01
9.419894814491271973e-01
1.831486821174621582e-01
4.536376520991325378e-02
1.137907028198242188e+00
5.365732908248901367e-01
1.174737334251403809e+00
4.426302015781402588e-01
9.600027203559875488e-01
2.060484439134597778e-01
4.245251789689064026e-02
1.158458590507507324e+00
5.577993988990783691e-01
1.199990153312683105e+00
4.577445685863494873e-01
9.537699818611145020e-01
2.944160401821136475e-01
4.024351760745048523e-02
1.168222069740295410e+00
5.537123084068298340e-01
1.215151309967041016e+00
4.577035009860992432e-01
9.315546154975891113e-01
2.147653102874755859e-01
4.788091778755187988e-02
1.219909071922302246e+00
5.335260033607482910e-01
1.266615509986877441e+00
4.473850429058074951e-01
8.446961045265197754e-01
2.147556394338607788e-01
4.552662372589111328e-02
1.278324842453002930e+00
5.141274333000183105e-01
1.353870987892150879e+00
4.443606436252593994e-01
8.512938022613525391e-01
2.050464600324630737e-01
5.116528645157814026e-02
1.341916680335998535e+00
5.238949060440063477e-01
1.411693096160888672e+00
4.485130608081817627e-01
8.122079968452453613e-01
1.944707632064819336e-01
5.014697089791297913e-02
1.419823050498962402e+00
5.406967401504516602e-01
1.508105874061584473e+00
4.671830832958221436e-01
8.176925182342529297e-01
2.008171528577804565e-01
5.210743471980094910e-02
1.404194235801696777e+00
5.507621765136718750e-01
1.470774292945861816e+00
4.792536199092864990e-01
8.552827239036560059e-01
2.039981633424758911e-01
5.211465433239936829e-02
1.425614833831787109e+00
5.523068308830261230e-01
1.517951011657714844e+00
4.657142162322998047e-01
8.161273598670959473e-01
1.932806968688964844e-01
5.667882040143013000e-02
1.419524073600769043e+00
5.396405458450317383e-01
1.518829464912414551e+00
4.685150682926177979e-01
8.261828422546386719e-01
1.872230321168899536e-01
5.847713723778724670e-02
1.441075682640075684e+00
5.628365278244018555e-01
1.508087277412414551e+00
4.815762042999267578e-01
8.207516670227050781e-01
1.866512298583984375e-01
6.015318632125854492e-02
1.434554934501647949e+00
5.471265316009521484e-01
1.510431885719299316e+00
4.697273969650268555e-01
8.007206916809082031e-01
1.756187677383422852e-01
6.269494444131851196e-02
1.458588719367980957e+00
5.666195154190063477e-01
1.532865405082702637e+00
4.916755259037017822e-01
8.761132359504699707e-01
1.889230161905288696e-01
7.170113921165466309e-02
1.439324259757995605e+00
5.699868798255920410e-01
1.504575371742248535e+00
4.919765889644622803e-01
9.261117577552795410e-01
2.222003489732742310e-01
6.672094017267227173e-02
1.371877551078796387e+00
5.867603421211242676e-01
1.411610722541809082e+00
5.074830651283264160e-01
9.263795018196105957e-01
1.956425309181213379e-01
5.909614637494087219e-02
1.299377918243408203e+00
5.888215899467468262e-01
1.334434509277343750e+00
5.140353441238403320e-01
9.389051795005798340e-01
1.901063323020935059e-01
6.843558698892593384e-02
1.328842163085937500e+00
6.333723664283752441e-01
1.360671162605285645e+00
5.300018787384033203e-01
9.344037175178527832e-01
1.913726776838302612e-01
7.282894104719161987e-02
1.311310768127441406e+00
6.103375554084777832e-01
1.331697106361389160e+00
5.157231092453002930e-01
9.407708048820495605e-01
1.816793084144592285e-01
6.738342344760894775e-02
1.324666857719421387e+00
6.352248787879943848e-01
1.375814795494079590e+00
5.255364179611206055e-01
9.641702771186828613e-01
2.229762524366378784e-01
5.739307031035423279e-02
1.363388657569885254e+00
6.159763932228088379e-01
1.417863368988037109e+00
5.363988280296325684e-01
9.649308323860168457e-01
2.017296999692916870e-01
5.855562165379524231e-02
1.396145224571228027e+00
6.204149127006530762e-01
1.459804177284240723e+00
5.197469592094421387e-01
9.970285892486572266e-01
2.042350023984909058e-01
5.637079104781150818e-02
1.397200703620910645e+00
6.326014399528503418e-01
1.476156711578369141e+00
5.216680169105529785e-01
1.009835362434387207e+00
2.036307305097579956e-01
5.282030627131462097e-02
1.385368347167968750e+00
6.459566354751586914e-01
1.453989028930664062e+00
5.253518223762512207e-01
1.038033366203308105e+00
2.122457027435302734e-01
4.858596622943878174e-02
1.303929686546325684e+00
6.462546586990356445e-01
1.373264193534851074e+00
5.547233223915100098e-01
1.113630771636962891e+00
2.202440500259399414e-01
4.892860725522041321e-02
1.324593186378479004e+00
6.879243254661560059e-01
1.403513789176940918e+00
5.455932617187500000e-01
1.105773329734802246e+00
2.220183759927749634e-01
4.955793917179107666e-02
1.396475911140441895e+00
7.135685086250305176e-01
1.436348557472229004e+00
5.693337917327880859e-01
1.127452731132507324e+00
2.195748537778854370e-01
5.068954825401306152e-02
1.412861466407775879e+00
6.958470344543457031e-01
1.466130256652832031e+00
5.831112265586853027e-01
1.117235898971557617e+00
2.242016047239303589e-01
5.246391892433166504e-02
1.514728188514709473e+00
6.190884709358215332e-01
1.559093117713928223e+00
5.428653359413146973e-01
1.018723726272583008e+00
2.017594575881958008e-01
4.985032603144645691e-02
1.600711703300476074e+00
6.059187650680541992e-01
1.660934925079345703e+00
5.502765774726867676e-01
1.008592247962951660e+00
1.869338303804397583e-01
4.217683151364326477e-02
1.696862816810607910e+00
5.867936015129089355e-01
1.778922080993652344e+00
5.030153393745422363e-01
1.015156149864196777e+00
2.064560204744338989e-01
3.951052948832511902e-02
1.779466629028320312e+00
5.722711682319641113e-01
1.834823250770568848e+00
5.164751410484313965e-01
9.922826886177062988e-01
2.021837681531906128e-01
3.883707895874977112e-02
1.857574939727783203e+00
6.110031604766845703e-01
1.935240864753723145e+00
5.410116910934448242e-01
9.740864634513854980e-01
1.924865990877151489e-01
3.388701379299163818e-02
1.958586215972900391e+00
5.913519263267517090e-01
2.060965776443481445e+00
5.295262336730957031e-01
9.639574885368347168e-01
1.924619078636169434e-01
3.070405684411525726e-02
2.087218046188354492e+00
5.767782330513000488e-01
2.225817918777465820e+00
5.197762846946716309e-01
9.573743939399719238e-01
1.768601983785629272e-01
2.832960151135921478e-02
2.169543027877807617e+00
6.087916493415832520e-01
2.291353464126586914e+00
5.419467091560363770e-01
9.584496021270751953e-01
2.019180804491043091e-01
2.736387588083744049e-02
2.206374645233154297e+00
5.757868289947509766e-01
2.316065549850463867e+00
5.193312764167785645e-01
9.437720179557800293e-01
2.090230137109756470e-01
2.720063365995883942e-02
2.218387842178344727e+00
5.826529264450073242e-01
2.307301759719848633e+00
5.167077183723449707e-01
9.321071505546569824e-01
1.829968243837356567e-01
2.532297186553478241e-02
2.161976099014282227e+00
5.643090605735778809e-01
2.318979978561401367e+00
5.132676959037780762e-01
9.218788146972656250e-01
1.801171749830245972e-01
2.452205121517181396e-02
2.123728036880493164e+00
5.879138112068176270e-01
2.315308809280395508e+00
5.190266370773315430e-01
9.394218325614929199e-01
1.853095740079879761e-01
2.371812798082828522e-02
2.200736045837402344e+00
5.877839922904968262e-01
2.314738273620605469e+00
5.179019570350646973e-01
9.256634712219238281e-01
1.812721490859985352e-01
2.359524928033351898e-02
2.173127889633178711e+00
7.355985641479492188e-01
2.345577001571655273e+00
6.685813069343566895e-01
9.299349188804626465e-01
1.662402898073196411e-01
2.404321171343326569e-02
2.210311651229858398e+00
5.877070426940917969e-01
2.383287668228149414e+00
5.162995457649230957e-01
9.263835549354553223e-01
1.710665971040725708e-01
2.343473397195339203e-02
2.238422870635986328e+00
5.642473101615905762e-01
2.331840038299560547e+00
5.049401521682739258e-01
9.214224815368652344e-01
1.804922968149185181e-01
2.282913960516452789e-02
2.229642629623413086e+00
5.571107268333435059e-01
2.351283311843872070e+00
4.975237846374511719e-01
9.800272583961486816e-01
1.795789003372192383e-01
2.268618904054164886e-02
2.228761434555053711e+00
6.015077233314514160e-01
2.366134405136108398e+00
6.129427552223205566e-01
1.028214812278747559e+00
1.954433172941207886e-01
2.259911783039569855e-02
2.261516571044921875e+00
5.905818939208984375e-01
2.379054307937622070e+00
5.156070590019226074e-01
1.096616268157958984e+00
1.918755769729614258e-01
2.236468344926834106e-02
2.274592876434326172e+00
5.783894658088684082e-01
2.371825933456420898e+00
5.182946920394897461e-01
1.148960113525390625e+00
2.012107819318771362e-01
2.311397530138492584e-02
2.239269018173217773e+00
5.901694893836975098e-01
2.360527992248535156e+00
5.073409676551818848e-01
1.223011255264282227e+00
2.166948765516281128e-01
2.283346094191074371e-02
2.251207828521728516e+00
6.139740347862243652e-01
2.362599611282348633e+00
5.098166465759277344e-01
1.262685894966125488e+00
2.338165193796157837e-01
2.378860861063003540e-02
2.275801658630371094e+00
6.153118610382080078e-01
2.427371263504028320e+00
5.025889873504638672e-01
1.397663474082946777e+00
2.464949339628219604e-01
2.431739121675491333e-02
2.244080781936645508e+00
6.608585715293884277e-01
2.383625268936157227e+00
5.102846026420593262e-01
1.483325362205505371e+00
2.582835257053375244e-01
2.509883604943752289e-02
2.264757871627807617e+00
6.177245378494262695e-01
2.348027467727661133e+00
4.960851669311523438e-01
1.436838984489440918e+00
2.646784782409667969e-01
2.484922669827938080e-02
2.031718254089355469e+00
6.131094098091125488e-01
1.851475119590759277e+00
4.880682528018951416e-01
1.442457795143127441e+00
2.532218992710113525e-01
2.547102235257625580e-02
1.722009301185607910e+00
5.986405014991760254e-01
1.531257271766662598e+00
4.779596030712127686e-01
1.460150599479675293e+00
2.554632425308227539e-01
2.743402309715747833e-02
2.100058317184448242e+00
6.020505428314208984e-01
2.141526460647583008e+00
4.792400598526000977e-01
1.409518718719482422e+00
2.301807254552841187e-01
2.797179855406284332e-02
1.891151905059814453e+00
5.892394781112670898e-01
1.782337188720703125e+00
4.762707650661468506e-01
1.417443871498107910e+00
2.459992170333862305e-01
2.991670928895473480e-02
2.184282541275024414e+00
5.630490779876708984e-01
2.193967103958129883e+00
4.729420244693756104e-01
1.347223281860351562e+00
2.388009577989578247e-01
3.166764974594116211e-02
2.261144638061523438e+00
5.657153129577636719e-01
2.320898771286010742e+00
4.678635299205780029e-01
1.353814125061035156e+00
2.147433757781982422e-01
3.373671695590019226e-02
2.266459226608276367e+00
6.160359382629394531e-01
2.311598062515258789e+00
4.998632371425628662e-01
1.331505894660949707e+00
2.281724810600280762e-01
3.846006840467453003e-02
2.272586584091186523e+00
5.743109583854675293e-01
2.325778007507324219e+00
4.680102765560150146e-01
1.297203898429870605e+00
2.279694527387619019e-01
4.364903643727302551e-02
2.234015703201293945e+00
5.597822666168212891e-01
2.278035402297973633e+00
4.715520143508911133e-01
1.289762854576110840e+00
2.465369254350662231e-01
5.412204191088676453e-02
2.280027627944946289e+00
5.591703653335571289e-01
2.290198326110839844e+00
4.627004861831665039e-01
1.282884240150451660e+00
2.427647858858108521e-01
6.067588552832603455e-02
2.325111389160156250e+00
5.627183318138122559e-01
2.305047273635864258e+00
4.698921144008636475e-01
1.301541924476623535e+00
2.731803357601165771e-01
6.144890561699867249e-02
2.307504415512084961e+00
5.544901490211486816e-01
2.349997043609619141e+00
4.689121246337890625e-01
1.308222293853759766e+00
2.583694756031036377e-01
6.753695756196975708e-02
2.224604845046997070e+00
6.290965080261230469e-01
2.243999719619750977e+00
4.930924475193023682e-01
1.300596356391906738e+00
2.512485980987548828e-01
7.165151089429855347e-02
2.290303230285644531e+00
5.928421616554260254e-01
2.304907560348510742e+00
5.012555122375488281e-01
1.326029658317565918e+00
2.641531527042388916e-01
7.502818107604980469e-02
2.327453374862670898e+00
5.856673121452331543e-01
2.329852581024169922e+00
4.924665689468383789e-01
1.285100579261779785e+00
2.686752378940582275e-01
7.623336464166641235e-02
2.359349966049194336e+00
5.926413536071777344e-01
2.399591684341430664e+00
4.963959753513336182e-01
1.315598130226135254e+00
2.733645141124725342e-01
7.859846204519271851e-02
2.303472518920898438e+00
5.562455058097839355e-01
2.318845510482788086e+00
4.725371897220611572e-01
1.314092397689819336e+00
2.697592079639434814e-01
8.068379759788513184e-02
2.330875396728515625e+00
5.467762947082519531e-01
2.352640390396118164e+00
4.700465500354766846e-01
1.331304907798767090e+00
2.681144177913665771e-01
8.310098201036453247e-02
2.350193738937377930e+00
5.430456995964050293e-01
2.366437911987304688e+00
4.596077501773834229e-01
1.361373543739318848e+00
2.821814715862274170e-01
8.600776642560958862e-02
2.316341161727905273e+00
5.557671189308166504e-01
2.372036695480346680e+00
4.624496400356292725e-01
1.368278861045837402e+00
2.860337793827056885e-01
8.535066246986389160e-02
2.267320394515991211e+00
5.503750443458557129e-01
2.331594944000244141e+00
4.743817746639251709e-01
1.310804009437561035e+00
2.741422653198242188e-01
8.387512713670730591e-02
2.336786270141601562e+00
5.717428326606750488e-01
2.374670505523681641e+00
4.823938310146331787e-01
1.318626642227172852e+00
2.629788815975189209e-01
8.343821018934249878e-02
2.325126647949218750e+00
5.671412944793701172e-01
2.373102188110351562e+00
4.975294172763824463e-01
1.329461455345153809e+00
2.463893741369247437e-01
9.690988808870315552e-02
2.375523328781127930e+00
5.811572670936584473e-01
2.463826894760131836e+00
5.036755204200744629e-01
1.260811686515808105e+00
2.651351392269134521e-01
9.650362282991409302e-02
2.399740934371948242e+00
5.555496811866760254e-01
2.456054449081420898e+00
4.895399808883666992e-01
1.297659397125244141e+00
2.466984987258911133e-01
1.004959121346473694e-01
2.459548711776733398e+00
5.530209541320800781e-01
2.491161823272705078e+00
4.655086994171142578e-01
1.266804456710815430e+00
2.549376487731933594e-01
1.198731660842895508e-01
2.579940557479858398e+00
5.393528342247009277e-01
2.598502397537231445e+00
4.661253988742828369e-01
1.259238004684448242e+00
2.412921935319900513e-01
1.229961514472961426e-01
2.599910974502563477e+00
6.055996417999267578e-01
2.653188943862915039e+00
5.086915493011474609e-01
1.286093354225158691e+00
2.418398112058639526e-01
1.177217587828636169e-01
2.602091073989868164e+00
5.797702670097351074e-01
2.642895936965942383e+00
4.886609613895416260e-01
1.220993280410766602e+00
2.180513888597488403e-01
1.219342276453971863e-01
2.747819900512695312e+00
5.382968783378601074e-01
2.792170286178588867e+00
4.613612592220306396e-01
1.230804324150085449e+00
2.166964411735534668e-01
1.263590753078460693e-01
2.805227041244506836e+00
5.666349530220031738e-01
2.804508924484252930e+00
4.991489946842193604e-01
1.235582828521728516e+00
2.159241288900375366e-01
1.307864189147949219e-01
2.846559762954711914e+00
5.724024772644042969e-01
2.897142410278320312e+00
5.027961134910583496e-01
1.252825379371643066e+00
2.269904613494873047e-01
1.291732192039489746e-01
2.788898706436157227e+00
5.587513446807861328e-01
2.676661252975463867e+00
4.970403909683227539e-01
1.249253630638122559e+00
2.255189418792724609e-01
1.359535455703735352e-01
2.826010465621948242e+00
5.546736121177673340e-01
2.809820413589477539e+00
4.918757379055023193e-01
1.247707486152648926e+00
2.341588735580444336e-01
1.385848820209503174e-01
2.861566305160522461e+00
5.565832257270812988e-01
2.836826324462890625e+00
4.959389865398406982e-01
1.274357318878173828e+00
2.349919080734252930e-01
1.312131285667419434e-01
2.870235443115234375e+00
5.630450248718261719e-01
2.881630659103393555e+00
4.976601898670196533e-01
1.261771082878112793e+00
2.215202599763870239e-01
1.354930549860000610e-01
2.835431814193725586e+00
5.705282688140869141e-01
2.820263862609863281e+00
4.901700913906097412e-01
1.245053887367248535e+00
2.310740947723388672e-01
1.398457139730453491e-01
2.868124246597290039e+00
5.365372300148010254e-01
2.861163377761840820e+00
4.786012172698974609e-01
1.268706202507019043e+00
2.327257841825485229e-01
1.517992317676544189e-01
2.877779960632324219e+00
5.680536627769470215e-01
2.879413366317749023e+00
4.895303249359130859e-01
1.253109097480773926e+00
2.348314374685287476e-01
1.517614424228668213e-01
2.895463228225708008e+00
5.524992346763610840e-01
2.917966842651367188e+00
4.897878170013427734e-01
1.291736483573913574e+00
2.532743513584136963e-01
1.547484099864959717e-01
2.846067667007446289e+00
5.804906487464904785e-01
2.854806900024414062e+00
4.789446890354156494e-01
1.270485281944274902e+00
2.463852614164352417e-01
1.511500924825668335e-01
2.856687784194946289e+00
5.646426081657409668e-01
2.877805948257446289e+00
4.833855628967285156e-01
1.310145020484924316e+00
2.539437115192413330e-01
1.514486819505691528e-01
2.891305923461914062e+00
5.545898079872131348e-01
2.890283584594726562e+00
4.886748492717742920e-01
1.336743950843811035e+00
2.645623683929443359e-01
1.442174464464187622e-01
2.886424303054809570e+00
5.394183397293090820e-01
2.932276487350463867e+00
4.800936877727508545e-01
1.361276268959045410e+00
2.675515115261077881e-01
1.481552571058273315e-01
2.878495216369628906e+00
5.410122275352478027e-01
2.878268003463745117e+00
4.721387922763824463e-01
1.340422749519348145e+00
2.783409655094146729e-01
1.525964289903640747e-01
2.862443208694458008e+00
5.371361374855041504e-01
2.950690507888793945e+00
4.745744466781616211e-01
1.321722388267517090e+00
2.791008055210113525e-01
1.521861851215362549e-01
2.941030740737915039e+00
5.430583357810974121e-01
2.969279050827026367e+00
4.726124703884124756e-01
1.305413126945495605e+00
2.849176526069641113e-01
1.563083976507186890e-01
2.919219970703125000e+00
5.414680838584899902e-01
2.988176107406616211e+00
4.671634137630462646e-01
1.291518449783325195e+00
2.744127810001373291e-01
1.398034393787384033e-01
2.574640989303588867e+00
6.171551346778869629e-01
2.610239028930664062e+00
5.227078199386596680e-01
1.320388793945312500e+00
2.599966228008270264e-01
1.479174345731735229e-01
2.404008626937866211e+00
6.286293864250183105e-01
2.367374658584594727e+00
5.248885750770568848e-01
1.317974328994750977e+00
2.907387316226959229e-01
1.423671245574951172e-01
1.819705963134765625e+00
5.787504911422729492e-01
1.690961837768554688e+00
5.027158856391906738e-01
1.330274105072021484e+00
2.632777392864227295e-01
1.384086161851882935e-01
1.372117519378662109e+00
5.682409405708312988e-01
1.082305788993835449e+00
4.928967058658599854e-01
1.348388314247131348e+00
2.511900365352630615e-01
1.435038298368453979e-01
1.291110754013061523e+00
5.492827296257019043e-01
1.087468028068542480e+00
4.815831482410430908e-01
1.296947479248046875e+00
2.122629880905151367e-01
1.460148245096206665e-01
1.427312254905700684e+00
5.710628628730773926e-01
1.258282661437988281e+00
4.972583353519439697e-01
1.287847995758056641e+00
2.229970246553421021e-01
1.416104882955551147e-01
1.249701142311096191e+00
5.700426697731018066e-01
1.117509722709655762e+00
5.130763649940490723e-01
1.282452940940856934e+00
2.094882279634475708e-01
1.462229639291763306e-01
1.209114193916320801e+00
6.010162234306335449e-01
1.131417870521545410e+00
5.367649197578430176e-01
1.285538554191589355e+00
2.271646708250045776e-01
1.464034467935562134e-01
1.244098663330078125e+00
5.970501303672790527e-01
1.168671488761901855e+00
5.333945751190185547e-01
1.276429772377014160e+00
2.419447451829910278e-01
1.419451683759689331e-01
1.227388501167297363e+00
6.386209130287170410e-01
1.178792953491210938e+00
5.499988198280334473e-01
1.253306269645690918e+00
2.489693909883499146e-01
1.389460116624832153e-01
1.096909999847412109e+00
6.084308028221130371e-01
1.040000915527343750e+00
5.492245554924011230e-01
1.213230609893798828e+00
2.446880340576171875e-01
1.501754373311996460e-01
1.042702555656433105e+00
5.962398648262023926e-01
9.904308319091796875e-01
5.451934933662414551e-01
1.220417976379394531e+00
2.480553537607192993e-01
1.557238250970840454e-01
1.105350971221923828e+00
5.742688775062561035e-01
1.006500363349914551e+00
4.898972511291503906e-01
1.225995182991027832e+00
2.487932443618774414e-01
1.480252742767333984e-01
1.139435648918151855e+00
5.577275156974792480e-01
1.039643645286560059e+00
4.729020893573760986e-01
1.217267155647277832e+00
2.565104663372039795e-01
1.413557678461074829e-01
1.100483536720275879e+00
5.296665430068969727e-01
9.930362105369567871e-01
4.656374156475067139e-01
1.214339137077331543e+00
2.711997926235198975e-01
1.467225253582000732e-01
1.155770182609558105e+00
5.063720345497131348e-01
1.097344398498535156e+00
4.546186029911041260e-01
1.087858080863952637e+00
2.138273268938064575e-01
1.433584839105606079e-01
1.225009560585021973e+00
5.214967131614685059e-01
1.163759946823120117e+00
4.540818035602569580e-01
1.059603691101074219e+00
2.059828490018844604e-01
1.333330273628234863e-01
1.265358209609985352e+00
5.226260423660278320e-01
1.193121552467346191e+00
4.600912332534790039e-01
1.107823491096496582e+00
1.981610655784606934e-01
1.227396056056022644e-01
1.151270747184753418e+00
5.107933282852172852e-01
1.101644039154052734e+00
4.756681919097900391e-01
1.134808063507080078e+00
2.035726755857467651e-01
1.215539202094078064e-01
1.077468991279602051e+00
5.053040981292724609e-01
1.008565783500671387e+00
4.671059548854827881e-01
1.203534603118896484e+00
1.981771737337112427e-01
1.197602376341819763e-01
1.213845252990722656e+00
4.640252292156219482e-01
1.123967170715332031e+00
4.222079217433929443e-01
1.176946997642517090e+00
1.899592429399490356e-01
1.159150004386901855e-01
1.276501059532165527e+00
4.277262687683105469e-01
1.184728384017944336e+00
4.217576682567596436e-01
1.199598908424377441e+00
1.979839801788330078e-01
1.118178367614746094e-01
1.326624274253845215e+00
4.412737190723419189e-01
1.193362236022949219e+00
4.398071765899658203e-01
1.333364129066467285e+00
1.923888474702835083e-01
1.075852513313293457e-01
1.423394680023193359e+00
4.469456672668457031e-01
1.290931463241577148e+00
4.373918473720550537e-01
1.380089163780212402e+00
1.865682750940322876e-01
1.017358899116516113e-01
9.319320321083068848e-01
4.045520722866058350e-01
8.721928000450134277e-01
3.765420019626617432e-01
1.021214604377746582e+00
1.879234462976455688e-01
1.023923531174659729e-01
6.695265769958496094e-01
3.318861722946166992e-01
6.887897849082946777e-01
2.978430688381195068e-01
9.886716008186340332e-01
1.942828148603439331e-01
1.007348671555519104e-01
7.033343315124511719e-01
3.340511023998260498e-01
7.136806845664978027e-01
3.101319670677185059e-01
1.004547476768493652e+00
1.959254741668701172e-01
1.000286862254142761e-01
6.973478794097900391e-01
3.416906595230102539e-01
7.766154408454895020e-01
3.996312618255615234e-01
9.682009220123291016e-01
2.008966952562332153e-01
1.030187010765075684e-01
6.854189038276672363e-01
4.776531755924224854e-01
7.259796261787414551e-01
5.005314350128173828e-01
9.557787775993347168e-01
1.873507946729660034e-01
9.337588399648666382e-02
6.812517046928405762e-01
3.576345741748809814e-01
7.261481881141662598e-01
3.412893712520599365e-01
9.367122054100036621e-01
1.947870254516601562e-01
8.626975864171981812e-02
6.898956298828125000e-01
3.168142139911651611e-01
7.237806320190429688e-01
2.833625972270965576e-01
9.127569198608398438e-01
1.922810226678848267e-01
9.150669723749160767e-02
6.123628616333007812e-01
2.853980958461761475e-01
6.352284550666809082e-01
2.591886222362518311e-01
9.060900211334228516e-01
1.943544298410415649e-01
8.563259243965148926e-02
6.001880764961242676e-01
2.826760113239288330e-01
6.350066661834716797e-01
2.587549388408660889e-01
9.148001670837402344e-01
1.950883120298385620e-01
7.566668838262557983e-02
5.703602433204650879e-01
2.814267575740814209e-01
5.936461687088012695e-01
2.547670304775238037e-01
9.176604151725769043e-01
2.045217603445053101e-01
8.150724321603775024e-02
5.501999855041503906e-01
2.699841856956481934e-01
5.806551575660705566e-01
2.502914667129516602e-01
9.266796708106994629e-01
1.987656801939010620e-01
8.241048455238342285e-02
5.702688694000244141e-01
2.793865501880645752e-01
6.002766489982604980e-01
2.587155401706695557e-01
9.279621243476867676e-01
2.019671201705932617e-01
7.722686976194381714e-02
5.834710001945495605e-01
2.915860414505004883e-01
6.176897883415222168e-01
2.672360539436340332e-01
9.113504290580749512e-01
2.074382454156875610e-01
8.468278497457504272e-02
5.928773880004882812e-01
2.833287715911865234e-01
6.254056096076965332e-01
2.642513811588287354e-01
9.294303059577941895e-01
2.111031264066696167e-01
8.830948919057846069e-02
5.772743225097656250e-01
2.776972353458404541e-01
6.012263298034667969e-01
2.545258104801177979e-01
9.068660736083984375e-01
2.337136268615722656e-01
8.999791741371154785e-02
5.890713334083557129e-01
2.790913283824920654e-01
6.379507184028625488e-01
2.601125538349151611e-01
9.433534741401672363e-01
2.449852079153060913e-01
9.139069914817810059e-02
6.104078888893127441e-01
2.824215590953826904e-01
6.443745493888854980e-01
2.594578862190246582e-01
9.332054257392883301e-01
2.498070597648620605e-01
9.594503790140151978e-02
5.917288661003112793e-01
2.792142629623413086e-01
6.207423806190490723e-01
2.534561157226562500e-01
9.359646439552307129e-01
2.535301148891448975e-01
9.906036406755447388e-02
5.902937650680541992e-01
2.842569351196289062e-01
6.214182972908020020e-01
2.616870701313018799e-01
9.666711688041687012e-01
2.568898200988769531e-01
1.020862385630607605e-01
5.914952754974365234e-01
2.767224609851837158e-01
6.181337237358093262e-01
2.533496618270874023e-01
9.706382751464843750e-01
2.605780363082885742e-01
1.054027900099754333e-01
5.941147804260253906e-01
2.695946693420410156e-01
6.187730431556701660e-01
2.534168958663940430e-01
9.461851716041564941e-01
2.463675290346145630e-01
1.023263931274414062e-01
5.955052375793457031e-01
2.808198928833007812e-01
6.332300305366516113e-01
2.546857297420501709e-01
9.328145980834960938e-01
2.515294253826141357e-01
9.934639930725097656e-02
6.360566020011901855e-01
2.789393067359924316e-01
6.630094647407531738e-01
2.597144842147827148e-01
9.202697277069091797e-01
2.600239217281341553e-01
9.610142558813095093e-02
6.717106699943542480e-01
2.811135053634643555e-01
6.973592638969421387e-01
2.628220021724700928e-01
9.165516495704650879e-01
2.368138581514358521e-01
1.019550040364265442e-01
5.196506381034851074e-01
2.786452174186706543e-01
5.526627302169799805e-01
2.644093930721282959e-01
9.132079482078552246e-01
2.184889316558837891e-01
1.015232801437377930e-01
5.067556500434875488e-01
2.992546856403350830e-01
5.465186238288879395e-01
3.022123575210571289e-01
8.926709294319152832e-01
2.164977639913558960e-01
9.373795241117477417e-02
5.708208084106445312e-01
3.216946423053741455e-01
6.133182644844055176e-01
3.242618143558502197e-01
9.194350242614746094e-01
2.060472816228866577e-01
8.794480562210083008e-02
6.193663477897644043e-01
3.646998107433319092e-01
6.930620670318603516e-01
3.976615667343139648e-01
9.248793125152587891e-01
2.203699797391891479e-01
9.294456243515014648e-02
6.051387786865234375e-01
2.977730333805084229e-01
6.673610806465148926e-01
2.743281126022338867e-01
8.964505195617675781e-01
2.109618186950683594e-01
9.336519241333007812e-02
6.499629616737365723e-01
2.825913429260253906e-01
6.782730221748352051e-01
2.584907710552215576e-01
8.926684260368347168e-01
2.007897943258285522e-01
9.192279726266860962e-02
6.754712462425231934e-01
2.800861895084381104e-01
7.025519013404846191e-01
2.646165490150451660e-01
8.930420875549316406e-01
2.329335659742355347e-01
7.958585768938064575e-02
5.958110690116882324e-01
2.847758531570434570e-01
6.392499804496765137e-01
2.617612183094024658e-01
8.865880370140075684e-01
2.237652093172073364e-01
9.035540372133255005e-02
5.932075381278991699e-01
2.828946411609649658e-01
6.356180906295776367e-01
2.595477104187011719e-01
8.734657168388366699e-01
2.176872640848159790e-01
9.456314891576766968e-02
6.149931550025939941e-01
2.788245379924774170e-01
6.579072475433349609e-01
2.574225366115570068e-01
8.711592555046081543e-01
2.108491212129592896e-01
8.936878293752670288e-02
6.382331252098083496e-01
2.670272886753082275e-01
6.971923708915710449e-01
2.526726722717285156e-01
8.662481307983398438e-01
2.200832962989807129e-01
8.696365356445312500e-02
6.477810144424438477e-01
2.752783000469207764e-01
7.031750082969665527e-01
2.558929622173309326e-01
8.538160324096679688e-01
2.247552722692489624e-01
8.502826839685440063e-02
6.146689057350158691e-01
2.803348004817962646e-01
6.540129780769348145e-01
2.540365159511566162e-01
8.619098067283630371e-01
2.006056308746337891e-01
8.186740428209304810e-02
6.314494609832763672e-01
2.707755863666534424e-01
6.832811236381530762e-01
2.452277094125747681e-01
8.790912032127380371e-01
2.031390517950057983e-01
7.801196724176406860e-02
6.477274894714355469e-01
2.813715636730194092e-01
6.271407008171081543e-01
2.522373497486114502e-01
9.106175899505615234e-01
2.246364802122116089e-01
7.392198592424392700e-02
5.806276202201843262e-01
2.709769904613494873e-01
6.326221227645874023e-01
2.459490746259689331e-01
8.645985722541809082e-01
1.966504901647567749e-01
7.697217166423797607e-02
5.736300945281982422e-01
2.823837101459503174e-01
6.098819375038146973e-01
2.546816170215606689e-01
8.624891638755798340e-01
1.947956085205078125e-01
7.707265764474868774e-02
5.765946507453918457e-01
2.828750610351562500e-01
6.168220639228820801e-01
2.627896964550018311e-01
8.988841176033020020e-01
2.046943902969360352e-01
8.330414444208145142e-02
6.068363785743713379e-01
2.920167446136474609e-01
6.520904898643493652e-01
2.824551761150360107e-01
9.115818142890930176e-01
1.925104409456253052e-01
7.874994724988937378e-02
6.068711876869201660e-01
3.010855019092559814e-01
6.706964373588562012e-01
2.773721516132354736e-01
9.482671618461608887e-01
1.927499026060104370e-01
8.167316764593124390e-02
5.689148306846618652e-01
3.154377043247222900e-01
6.180915236473083496e-01
2.737509310245513916e-01
9.876241683959960938e-01
1.854206770658493042e-01
8.383039385080337524e-02
5.568320155143737793e-01
3.117275536060333252e-01
5.906663537025451660e-01
2.636400461196899414e-01
1.054458975791931152e+00
1.812775731086730957e-01
8.201576024293899536e-02
6.097943186759948730e-01
3.001965582370758057e-01
6.285919547080993652e-01
2.737756371498107910e-01
1.147034406661987305e+00
1.844982355833053589e-01
8.347913622856140137e-02
6.400004625320434570e-01
2.984278202056884766e-01
6.655018925666809082e-01
2.758213579654693604e-01
9.429885745048522949e-01
1.820173859596252441e-01
7.806867361068725586e-02
6.216359734535217285e-01
2.816723883152008057e-01
6.454876065254211426e-01
2.598745524883270264e-01
9.589646458625793457e-01
1.845728009939193726e-01
8.047145605087280273e-02
7.084326744079589844e-01
2.970203459262847900e-01
7.566511034965515137e-01
2.810514867305755615e-01
9.797040820121765137e-01
1.857673972845077515e-01
7.235515862703323364e-02
7.317168712615966797e-01
3.298738300800323486e-01
8.362107276916503906e-01
3.342197835445404053e-01
1.003785252571105957e+00
1.897309273481369019e-01
6.744871288537979126e-02
8.955430984497070312e-01
3.915458619594573975e-01
1.027064085006713867e+00
3.777494430541992188e-01
9.777173399925231934e-01
1.884580403566360474e-01
7.405727356672286987e-02
8.902799487113952637e-01
4.887731075286865234e-01
9.753696322441101074e-01
4.265688955783843994e-01
9.732335209846496582e-01
1.975419968366622925e-01
7.378312200307846069e-02
1.026740550994873047e+00
5.018090605735778809e-01
1.076199531555175781e+00
4.810488224029541016e-01
9.435641169548034668e-01
1.926373988389968872e-01
7.225196808576583862e-02
1.135123133659362793e+00
4.900098741054534912e-01
1.219063878059387207e+00
4.867525100708007812e-01
9.215911030769348145e-01
1.867255419492721558e-01
7.354377955198287964e-02
1.067555785179138184e+00
4.666333496570587158e-01
1.169947028160095215e+00
4.466279447078704834e-01
9.100726246833801270e-01
1.813953667879104614e-01
6.622543185949325562e-02
1.164821028709411621e+00
4.942670762538909912e-01
1.216459274291992188e+00
4.494697749614715576e-01
9.406881332397460938e-01
1.819569617509841919e-01
7.499595731496810913e-02
1.232959270477294922e+00
4.906729757785797119e-01
1.303496360778808594e+00
4.732819497585296631e-01
9.373450279235839844e-01
1.797518730163574219e-01
7.395441085100173950e-02
1.295642852783203125e+00
4.964164793491363525e-01
1.365739822387695312e+00
4.661265313625335693e-01
9.502947330474853516e-01
1.785203218460083008e-01
7.916636019945144653e-02
1.247752666473388672e+00
5.030534267425537109e-01
1.333978176116943359e+00
4.692347049713134766e-01
9.508090615272521973e-01
1.837978214025497437e-01
7.862234860658645630e-02
1.102697849273681641e+00
4.906958639621734619e-01
1.177009105682373047e+00
4.376424551010131836e-01
1.000618457794189453e+00
2.040014863014221191e-01
8.159326761960983276e-02
1.155932068824768066e+00
5.031729340553283691e-01
1.311203837394714355e+00
4.646307528018951416e-01
9.521527290344238281e-01
1.852428764104843140e-01
8.598065376281738281e-02
1.248726367950439453e+00
4.902486801147460938e-01
1.255258321762084961e+00
4.431557655334472656e-01
9.563346505165100098e-01
1.846922039985656738e-01
8.453300595283508301e-02
1.080525398254394531e+00
5.246112346649169922e-01
1.153806090354919434e+00
4.898048937320709229e-01
9.029436707496643066e-01
1.849141120910644531e-01
8.133689314126968384e-02
1.093955039978027344e+00
4.703784883022308350e-01
1.126328468322753906e+00
4.503771066665649414e-01
8.742687106132507324e-01
1.875952035188674927e-01
8.025541901588439941e-02
1.132414221763610840e+00
4.418681561946868896e-01
1.203992009162902832e+00
4.417982399463653564e-01
8.673169016838073730e-01
1.891928166151046753e-01
8.395136147737503052e-02
1.262713789939880371e+00
4.809678792953491211e-01
1.318948388099670410e+00
4.699014127254486084e-01
8.428459167480468750e-01
1.977531462907791138e-01
8.274441957473754883e-02
1.235807180404663086e+00
4.663056433200836182e-01
1.337736725807189941e+00
4.816194474697113037e-01
8.550243377685546875e-01
2.043453305959701538e-01
8.635407686233520508e-02
1.145419955253601074e+00
5.297716259956359863e-01
1.120004773139953613e+00
4.923340380191802979e-01
8.464285731315612793e-01
1.960278302431106567e-01
8.705300092697143555e-02
1.041321158409118652e+00
4.782293736934661865e-01
1.113233208656311035e+00
4.633323252201080322e-01
8.693363070487976074e-01
1.983332484960556030e-01
8.862867951393127441e-02
1.105257034301757812e+00
4.895048141479492188e-01
1.151360988616943359e+00
4.744241237640380859e-01
8.761056065559387207e-01
2.007064372301101685e-01
8.943686634302139282e-02
1.094100832939147949e+00
4.317796528339385986e-01
1.153813958168029785e+00
4.100046157836914062e-01
8.846297264099121094e-01
1.928748339414596558e-01
8.658239245414733887e-02
1.150451302528381348e+00
3.623958528041839600e-01
1.236719012260437012e+00
3.503334224224090576e-01
8.921511769294738770e-01
1.894992589950561523e-01
8.843672275543212891e-02
1.331339240074157715e+00
4.068605899810791016e-01
1.486592292785644531e+00
3.986728191375732422e-01
8.741754889488220215e-01
1.864550113677978516e-01
8.932664245367050171e-02
1.361075282096862793e+00
3.743386566638946533e-01
1.491761803627014160e+00
3.618944585323333740e-01
8.845311999320983887e-01
1.843374818563461304e-01
7.798845320940017700e-02
1.496955871582031250e+00
3.656361997127532959e-01
1.727852821350097656e+00
3.259392082691192627e-01
8.609107136726379395e-01
1.874849796295166016e-01
7.773206382989883423e-02
1.416824817657470703e+00
4.375029504299163818e-01
1.582571148872375488e+00
4.150091707706451416e-01
8.626241087913513184e-01
1.850025802850723267e-01
7.780769467353820801e-02
1.588085532188415527e+00
4.514742791652679443e-01
1.661490321159362793e+00
4.375274479389190674e-01
8.257725834846496582e-01
1.910813599824905396e-01
7.221267372369766235e-02
1.638072967529296875e+00
4.677882194519042969e-01
1.760047912597656250e+00
4.545548856258392334e-01
8.484805226325988770e-01
1.905153244733810425e-01
7.425836473703384399e-02
1.501662135124206543e+00
4.400233030319213867e-01
1.672996401786804199e+00
4.292490482330322266e-01
8.644249439239501953e-01
1.941195279359817505e-01
6.749550253152847290e-02
1.512597084045410156e+00
4.268749952316284180e-01
1.650431156158447266e+00
4.693616330623626709e-01
1.376042366027832031e+00
5.327609777450561523e-01
6.920296698808670044e-02
1.789029955863952637e+00
4.476882517337799072e-01
1.974793791770935059e+00
4.865370094776153564e-01
1.288264274597167969e+00
3.911742269992828369e-01
6.936937570571899414e-02
1.858586430549621582e+00
4.212852418422698975e-01
2.013981342315673828e+00
4.943658411502838135e-01
8.804847598075866699e-01
6.297541260719299316e-01
6.726764142513275146e-02
1.802951693534851074e+00
4.324214458465576172e-01
1.891359686851501465e+00
4.702332317829132080e-01
7.755949497222900391e-01
3.113083243370056152e-01
6.717457622289657593e-02
1.650745391845703125e+00
3.700672090053558350e-01
1.731226563453674316e+00
4.216554164886474609e-01
8.165841102600097656e-01
3.037991821765899658e-01
7.150671631097793579e-02
1.688823342323303223e+00
4.101656973361968994e-01
1.872971177101135254e+00
4.510718584060668945e-01
8.156843781471252441e-01
2.976570427417755127e-01
7.070395350456237793e-02
1.883275389671325684e+00
4.486053884029388428e-01
1.804554343223571777e+00
4.772889614105224609e-01
8.179338574409484863e-01
3.064471781253814697e-01
6.443616747856140137e-02
1.530814170837402344e+00
4.484328925609588623e-01
1.672455191612243652e+00
4.685867726802825928e-01
8.229640126228332520e-01
2.876636087894439697e-01
6.492102891206741333e-02
1.478906035423278809e+00
4.108563661575317383e-01
1.616549611091613770e+00
4.331620633602142334e-01
9.039647579193115234e-01
2.969963252544403076e-01
6.806544214487075806e-02
1.624104499816894531e+00
3.771182596683502197e-01
1.732970833778381348e+00
4.346679151058197021e-01
9.840686917304992676e-01
2.904263436794281006e-01
6.837571412324905396e-02
1.704457402229309082e+00
3.884984552860260010e-01
1.849820613861083984e+00
4.412201941013336182e-01
1.052605628967285156e+00
2.953045666217803955e-01
6.995699554681777954e-02
1.726232171058654785e+00
3.649004995822906494e-01
1.820659995079040527e+00
4.168594777584075928e-01
1.000925540924072266e+00
3.171169459819793701e-01
7.686915248632431030e-02
1.614804863929748535e+00
4.090917110443115234e-01
1.574587464332580566e+00
4.695792198181152344e-01
1.076033115386962891e+00
3.438750803470611572e-01
7.141331583261489868e-02
1.473110675811767578e+00
3.839296400547027588e-01
1.514798164367675781e+00
4.370408952236175537e-01
1.072607874870300293e+00
3.328916132450103760e-01
7.377070933580398560e-02
1.557522773742675781e+00
4.219622611999511719e-01
1.581052422523498535e+00
4.715472161769866943e-01
1.030863761901855469e+00
4.775319099426269531e-01
7.669319957494735718e-02
1.415530323982238770e+00
3.705607950687408447e-01
1.519626617431640625e+00
4.470964372158050537e-01
9.666495323181152344e-01
3.200997412204742432e-01
8.420004695653915405e-02
1.252985119819641113e+00
2.950481176376342773e-01
1.353323459625244141e+00
3.296999633312225342e-01
9.916737675666809082e-01
3.134188652038574219e-01
8.178345113992691040e-02
1.501580595970153809e+00
2.436092495918273926e-01
1.440728664398193359e+00
2.809422016143798828e-01
9.858005642890930176e-01
2.064383178949356079e-01
8.730240911245346069e-02
1.234725356101989746e+00
1.982915401458740234e-01
1.329328417778015137e+00
2.032848596572875977e-01
9.229883551597595215e-01
3.481951653957366943e-01
8.695558458566665649e-02
1.270517230033874512e+00
1.781646460294723511e-01
1.354677796363830566e+00
1.878761500120162964e-01
9.590384364128112793e-01
3.614000976085662842e-01
8.678971976041793823e-02
1.154843211174011230e+00
1.891602277755737305e-01
1.268512368202209473e+00
1.815823912620544434e-01
8.968576788902282715e-01
2.681926786899566650e-01
8.746710419654846191e-02
1.226893067359924316e+00
1.716071516275405884e-01
1.291140079498291016e+00
1.538989394903182983e-01
8.962156176567077637e-01
2.433654814958572388e-01
8.440541476011276245e-02
1.206049919128417969e+00
1.451953947544097900e-01
1.308017611503601074e+00
1.478420644998550415e-01
8.923116326332092285e-01
2.954565584659576416e-01
8.391857892274856567e-02
1.177029132843017578e+00
1.464571356773376465e-01
1.337791800498962402e+00
1.484248191118240356e-01
8.356385827064514160e-01
2.135253101587295532e-01
8.633884042501449585e-02
1.144285321235656738e+00
1.461278051137924194e-01
1.291422605514526367e+00
1.424976587295532227e-01
7.982599735260009766e-01
2.233436256647109985e-01
8.464201539754867554e-02
1.308419823646545410e+00
1.450960785150527954e-01
1.457831025123596191e+00
1.686813831329345703e-01
7.699961662292480469e-01
1.716847270727157593e-01
8.591993898153305054e-02
1.339058279991149902e+00
1.302227824926376343e-01
1.521336913108825684e+00
1.488350182771682739e-01
7.861892580986022949e-01
1.792001873254776001e-01
8.679825067520141602e-02
1.361132502555847168e+00
1.300609558820724487e-01
1.456934928894042969e+00
1.398201435804367065e-01
7.802436947822570801e-01
1.604972183704376221e-01
8.562204241752624512e-02
1.200214982032775879e+00
1.578499525785446167e-01
1.406168818473815918e+00
1.430320143699645996e-01
7.965151667594909668e-01
1.895902603864669800e-01
8.789510279893875122e-02
1.281866073608398438e+00
1.412744075059890747e-01
1.385782361030578613e+00
1.467669010162353516e-01
8.016391396522521973e-01
1.754663735628128052e-01
8.662769198417663574e-02
1.379581928253173828e+00
1.552298516035079956e-01
1.345965027809143066e+00
1.588215231895446777e-01
8.344034552574157715e-01
1.983139514923095703e-01
8.907704800367355347e-02
1.127327322959899902e+00
1.503927707672119141e-01
1.314484238624572754e+00
1.655520200729370117e-01
6.661677360534667969e-01
1.372581571340560913e-01
9.411594271659851074e-02
1.127990722656250000e+00
1.537414342164993286e-01
1.230502367019653320e+00
1.623760610818862915e-01
6.586059331893920898e-01
1.370307356119155884e-01
8.324863016605377197e-02
1.206077218055725098e+00
1.593595296144485474e-01
1.330223441123962402e+00
1.731747537851333618e-01
6.463106274604797363e-01
1.153815686702728271e-01
8.727601915597915649e-02
1.279176235198974609e+00
1.526844650506973267e-01
1.434897780418395996e+00
1.646889001131057739e-01
6.860103607177734375e-01
1.121561750769615173e-01
8.268583565950393677e-02
1.285810708999633789e+00
1.592837274074554443e-01
1.418800711631774902e+00
1.548097282648086548e-01
6.967983841896057129e-01
1.154406368732452393e-01
8.245711773633956909e-02
1.247041344642639160e+00
1.520421952009201050e-01
1.285979032516479492e+00
1.408118158578872681e-01
7.373065948486328125e-01
1.085193529725074768e-01
8.225697278976440430e-02
1.138369560241699219e+00
1.369766443967819214e-01
1.262895107269287109e+00
1.272617727518081665e-01
7.640824317932128906e-01
1.125959679484367371e-01
8.042011409997940063e-02
1.173587918281555176e+00
1.470301002264022827e-01
1.317312955856323242e+00
1.417441517114639282e-01
7.674806714057922363e-01
1.104047894477844238e-01
8.041536808013916016e-02
1.114670753479003906e+00
1.777134388685226440e-01
1.213294148445129395e+00
1.754257678985595703e-01
6.909902691841125488e-01
1.119374036788940430e-01
7.680670917034149170e-02
1.032142758369445801e+00
1.601258367300033569e-01
1.117767930030822754e+00
1.440609097480773926e-01
7.101555466651916504e-01
1.156138777732849121e-01
7.740414142608642578e-02
1.117280840873718262e+00
1.605788022279739380e-01
1.059983015060424805e+00
1.468295603990554810e-01
7.226051688194274902e-01
1.151390373706817627e-01
6.884694844484329224e-02
1.014283657073974609e+00
1.333841681480407715e-01
1.078896403312683105e+00
1.251203268766403198e-01
7.552015185356140137e-01
1.157361268997192383e-01
6.442280858755111694e-02
1.001446127891540527e+00
1.093696355819702148e-01
1.086861610412597656e+00
1.039201319217681885e-01
7.346414923667907715e-01
1.186884418129920959e-01
6.222784891724586487e-02
9.194872975349426270e-01
1.287028342485427856e-01
1.001567125320434570e+00
1.134289130568504333e-01
7.433462142944335938e-01
1.243028417229652405e-01
5.924363061785697937e-02
9.629755616188049316e-01
1.226356104016304016e-01
9.924953579902648926e-01
1.078655719757080078e-01
7.399887442588806152e-01
1.206851005554199219e-01
5.034974217414855957e-02
9.558078646659851074e-01
1.275274008512496948e-01
1.030548095703125000e+00
1.229133605957031250e-01
7.012233734130859375e-01
1.270652562379837036e-01
4.356194660067558289e-02
9.092928767204284668e-01
1.393845975399017334e-01
1.021438121795654297e+00
1.355414390563964844e-01
7.357383370399475098e-01
1.166751161217689514e-01
3.851386904716491699e-02
9.100003838539123535e-01
1.447978466749191284e-01
1.008988499641418457e+00
1.307976990938186646e-01
7.729213237762451172e-01
1.139895990490913391e-01
2.749383263289928436e-02
9.652595520019531250e-01
1.591987460851669312e-01
1.047410845756530762e+00
1.398765891790390015e-01
8.291623592376708984e-01
1.223604157567024231e-01
3.512357175350189209e-02
1.025894045829772949e+00
1.720000058412551880e-01
1.124371051788330078e+00
1.509527564048767090e-01
8.458981513977050781e-01
1.260633319616317749e-01
2.886758930981159210e-02
1.021353125572204590e+00
1.776444166898727417e-01
1.106320858001708984e+00
1.481953561305999756e-01
7.672774195671081543e-01
1.274361759424209595e-01
3.418380394577980042e-02
9.229791164398193359e-01
1.538184434175491333e-01
1.053640723228454590e+00
1.328101307153701782e-01
7.189542651176452637e-01
1.274922043085098267e-01
3.015970252454280853e-02
9.053053855895996094e-01
1.663020700216293335e-01
1.072673439979553223e+00
1.524792909622192383e-01
6.763553619384765625e-01
1.192838177084922791e-01
2.705394290387630463e-02
9.929707646369934082e-01
1.693197935819625854e-01
9.921838641166687012e-01
1.572762727737426758e-01
6.616948246955871582e-01
1.276225596666336060e-01
2.694278955459594727e-02
9.112195968627929688e-01
1.697786897420883179e-01
1.026454925537109375e+00
1.552577018737792969e-01
6.382142901420593262e-01
1.251072734594345093e-01
2.582458965480327606e-02
9.316115975379943848e-01
1.591982841491699219e-01
9.800109863281250000e-01
1.488012820482254028e-01
6.332595944404602051e-01
1.218098998069763184e-01
2.259890176355838776e-02
9.060159325599670410e-01
1.678965091705322266e-01
9.816584587097167969e-01
1.493165940046310425e-01
6.352389454841613770e-01
1.229274868965148926e-01
2.276663482189178467e-02
9.859228134155273438e-01
1.791616678237915039e-01
1.072295069694519043e+00
1.724915504455566406e-01
6.189419627189636230e-01
1.245374679565429688e-01
2.021953836083412170e-02
9.650278091430664062e-01
1.667358279228210449e-01
1.040971398353576660e+00
1.599750369787216187e-01
6.121949553489685059e-01
1.291710138320922852e-01
1.939001865684986115e-02
9.190502762794494629e-01
1.743966341018676758e-01
9.442558288574218750e-01
1.547341197729110718e-01
6.142008900642395020e-01
1.262405067682266235e-01
1.953698135912418365e-02
8.538283705711364746e-01
1.660463064908981323e-01
9.317814707756042480e-01
1.543565839529037476e-01
6.124234795570373535e-01
1.249724850058555603e-01
2.161795832216739655e-02
9.192483425140380859e-01
1.542734354734420776e-01
9.801257252693176270e-01
1.470292806625366211e-01
6.269759535789489746e-01
1.273924559354782104e-01
2.581347711384296417e-02
8.707156777381896973e-01
1.642596721649169922e-01
9.509015679359436035e-01
1.597640961408615112e-01
6.364881992340087891e-01
1.277376413345336914e-01
2.467854879796504974e-02
1.025236129760742188e+00
1.787944287061691284e-01
1.074375510215759277e+00
1.761961132287979126e-01
6.272686123847961426e-01
1.243652328848838806e-01
2.663750946521759033e-02
1.283467888832092285e+00
1.766608953475952148e-01
1.278855919837951660e+00
1.678711175918579102e-01
6.478692889213562012e-01
1.349808722734451294e-01
2.469805814325809479e-02
1.217086791992187500e+00
1.819564104080200195e-01
1.322682499885559082e+00
1.231480613350868225e-01
6.508076190948486328e-01
1.582118272781372070e-01
2.203841507434844971e-02
1.369207024574279785e+00
1.578374356031417847e-01
1.551374077796936035e+00
1.167252287268638611e-01
6.466570496559143066e-01
1.281836777925491333e-01
2.291721850633621216e-02
1.343645691871643066e+00
1.470215171575546265e-01
1.472384810447692871e+00
1.233202442526817322e-01
6.476454138755798340e-01
1.311409920454025269e-01
2.158263884484767914e-02
1.299250483512878418e+00
1.283277124166488647e-01
1.431178092956542969e+00
9.791174530982971191e-02
6.425805687904357910e-01
1.345876306295394897e-01
2.076744846999645233e-02
1.486704468727111816e+00
1.095845922827720642e-01
1.453967571258544922e+00
8.582668751478195190e-02
6.563919186592102051e-01
1.243400648236274719e-01
2.352452278137207031e-02
1.310207366943359375e+00
1.030028685927391052e-01
1.401661396026611328e+00
8.280833810567855835e-02
6.819574236869812012e-01
1.382767409086227417e-01
2.410841546952724457e-02
1.318951725959777832e+00
1.060262843966484070e-01
1.372894287109375000e+00
8.767934888601303101e-02
6.360388398170471191e-01
1.230651140213012695e-01
2.401932328939437866e-02
1.387228012084960938e+00
1.093959286808967590e-01
1.487603306770324707e+00
8.922085911035537720e-02
6.816948056221008301e-01
1.219155192375183105e-01
2.347553335130214691e-02
1.455157756805419922e+00
1.088491752743721008e-01
1.582545280456542969e+00
8.804816007614135742e-02
7.027514576911926270e-01
1.235502585768699646e-01
2.200195193290710449e-02
1.422789454460144043e+00
1.126089692115783691e-01
1.572115421295166016e+00
8.987089246511459351e-02
7.064833641052246094e-01
1.190234050154685974e-01
2.255301922559738159e-02
1.339478135108947754e+00
1.115100011229515076e-01
1.511906981468200684e+00
1.020210981369018555e-01
7.245893478393554688e-01
1.268978565931320190e-01
2.278065122663974762e-02
1.334240317344665527e+00
1.045369878411293030e-01
1.506034493446350098e+00
8.472323417663574219e-02
7.281379103660583496e-01
1.282073110342025757e-01
2.135193906724452972e-02
1.416621208190917969e+00
1.032985970377922058e-01
1.391502261161804199e+00
8.851498365402221680e-02
7.536034584045410156e-01
1.287803947925567627e-01
2.330800890922546387e-02
1.273129224777221680e+00
1.018154621124267578e-01
1.296037793159484863e+00
8.580579608678817749e-02
8.239345550537109375e-01
1.372917741537094116e-01
2.145224623382091522e-02
1.211034655570983887e+00
1.004301384091377258e-01
1.277129292488098145e+00
8.305215090513229370e-02
8.687307238578796387e-01
1.239692643284797668e-01
2.302891202270984650e-02
1.244946002960205078e+00
9.872019290924072266e-02
1.291438460350036621e+00
8.529996871948242188e-02
8.917861580848693848e-01
1.288309246301651001e-01
3.111939132213592529e-02
1.277007102966308594e+00
1.025463938713073730e-01
1.279019951820373535e+00
8.930049091577529907e-02
9.364401698112487793e-01
1.263724416494369507e-01
2.574773132801055908e-02
1.227731704711914062e+00
1.044821962714195251e-01
1.318912267684936523e+00
9.483406692743301392e-02
1.000783920288085938e+00
1.310167163610458374e-01
3.322106227278709412e-02
1.215996265411376953e+00
1.059849262237548828e-01
1.173647761344909668e+00
9.813319891691207886e-02
1.032554745674133301e+00
1.289914697408676147e-01
4.436441138386726379e-02
1.048911452293395996e+00
1.092554926872253418e-01
1.097857475280761719e+00
9.259883314371109009e-02
1.005849242210388184e+00
1.298552304506301880e-01
3.256755694746971130e-02
1.122185111045837402e+00
1.039576232433319092e-01
1.134315848350524902e+00
9.801580756902694702e-02
1.052921772003173828e+00
1.277469396591186523e-01
2.868536114692687988e-02
9.714531898498535156e-01
1.026435866951942444e-01
1.007240295410156250e+00
9.372413158416748047e-02
9.548427462577819824e-01
1.229885146021842957e-01
3.436800837516784668e-02
9.109988212585449219e-01
9.551644325256347656e-02
9.281726479530334473e-01
8.669082075357437134e-02
9.955084919929504395e-01
1.259899884462356567e-01
2.878428995609283447e-02
8.215640187263488770e-01
1.001001894474029541e-01
7.681086659431457520e-01
9.102130681276321411e-02
9.611023068428039551e-01
1.298237442970275879e-01
2.834608592092990875e-02
6.854017376899719238e-01
9.772944450378417969e-02
6.913983821868896484e-01
9.507853537797927856e-02
9.273831248283386230e-01
1.434649378061294556e-01
3.120991401374340057e-02
7.023887634277343750e-01
9.513396024703979492e-02
7.340825200080871582e-01
8.029249310493469238e-02
9.921668171882629395e-01
1.278590559959411621e-01
3.107479400932788849e-02
6.377199292182922363e-01
1.030269488692283630e-01
6.834554672241210938e-01
9.662109613418579102e-02
9.818558692932128906e-01
1.234465017914772034e-01
2.942620217800140381e-02
6.571900248527526855e-01
9.629827737808227539e-02
7.002708315849304199e-01
8.675272017717361450e-02
9.392947554588317871e-01
1.352672427892684937e-01
3.097626380622386932e-02
6.793872714042663574e-01
9.547876566648483276e-02
7.266343235969543457e-01
7.736068964004516602e-02
9.455046653747558594e-01
1.320795416831970215e-01
3.243353590369224548e-02
6.766539216041564941e-01
9.495362639427185059e-02
7.249221205711364746e-01
7.495927065610885620e-02
9.630374312400817871e-01
1.411667466163635254e-01
3.443075716495513916e-02
7.448604106903076172e-01
9.872871637344360352e-02
6.889637112617492676e-01
8.057899028062820435e-02
8.912766575813293457e-01
1.296048313379287720e-01
3.686933964490890503e-02
6.657316684722900391e-01
1.020134910941123962e-01
6.759522557258605957e-01
7.871738076210021973e-02
9.027766585350036621e-01
1.311040520668029785e-01
3.828795626759529114e-02
7.134858965873718262e-01
9.808077663183212280e-02
7.551860809326171875e-01
7.552871853113174438e-02
8.651955723762512207e-01
1.258026361465454102e-01
3.861472010612487793e-02
8.140201568603515625e-01
9.554580599069595337e-02
8.437889218330383301e-01
7.311266660690307617e-02
8.686838746070861816e-01
1.233924552798271179e-01
4.089891910552978516e-02
7.473764419555664062e-01
1.000873446464538574e-01
7.814179062843322754e-01
7.916597276926040649e-02
8.933315873146057129e-01
1.268844008445739746e-01
4.338091611862182617e-02
7.378472685813903809e-01
9.696751832962036133e-02
7.659994959831237793e-01
7.629155367612838745e-02
8.988928794860839844e-01
1.318070292472839355e-01
4.589267447590827942e-02
6.838018298149108887e-01
9.851963073015213013e-02
7.246680259704589844e-01
7.863691449165344238e-02
8.904420733451843262e-01
1.285963952541351318e-01
4.763874784111976624e-02
6.510742306709289551e-01
9.850207716226577759e-02
6.790235638618469238e-01
7.417037338018417358e-02
7.319874167442321777e-01
1.287957429885864258e-01
5.003651976585388184e-02
6.199086308479309082e-01
9.939707070589065552e-02
6.448866724967956543e-01
7.885380834341049194e-02
7.194303870201110840e-01
1.344928294420242310e-01
5.204471945762634277e-02
5.952882170677185059e-01
9.894431382417678833e-02
6.288747787475585938e-01
7.810583710670471191e-02
7.293303608894348145e-01
1.356694698333740234e-01
5.450206622481346130e-02
6.676730513572692871e-01
9.867294877767562866e-02
7.023196220397949219e-01
7.891760021448135376e-02
7.265906929969787598e-01
1.334886997938156128e-01
5.656168237328529358e-02
7.524314522743225098e-01
1.030030250549316406e-01
8.296793103218078613e-01
8.170011639595031738e-02
7.243556976318359375e-01
1.374854445457458496e-01
5.946936085820198059e-02
7.162287831306457520e-01
1.021729335188865662e-01
7.779600620269775391e-01
8.530630916357040405e-02
7.127658724784851074e-01
1.511292308568954468e-01
6.160940602421760559e-02
6.215735077857971191e-01
1.027114614844322205e-01
6.719713807106018066e-01
8.041074126958847046e-02
7.247345447540283203e-01
1.533931791782379150e-01
6.703089177608489990e-02
6.400251388549804688e-01
1.055991426110267639e-01
6.878744959831237793e-01
8.134310692548751831e-02
7.451882362365722656e-01
1.670448780059814453e-01
7.080932706594467163e-02
6.193483471870422363e-01
1.012371405959129333e-01
6.565733551979064941e-01
7.940686494112014771e-02
7.174994945526123047e-01
1.586646586656570435e-01
7.345173507928848267e-02
6.031569838523864746e-01
1.082145869731903076e-01
5.975174307823181152e-01
8.228715509176254272e-02
7.310504317283630371e-01
1.499591618776321411e-01
7.676061987876892090e-02
5.635203719139099121e-01
1.095422729849815369e-01
5.721101760864257812e-01
8.426737785339355469e-02
7.327604889869689941e-01
1.609144061803817749e-01
8.276509493589401245e-02
6.096814870834350586e-01
1.152825951576232910e-01
6.081427931785583496e-01
8.812008053064346313e-02
7.364850640296936035e-01
1.534907370805740356e-01
8.886868506669998169e-02
7.714616656303405762e-01
1.042053326964378357e-01
7.667552828788757324e-01
8.892137557268142700e-02
7.369567751884460449e-01
1.610450297594070435e-01
9.064491838216781616e-02
7.364365458488464355e-01
9.774286299943923950e-02
7.459128499031066895e-01
7.809492200613021851e-02
7.550312876701354980e-01
1.568266004323959351e-01
9.446135908365249634e-02
7.484342455863952637e-01
9.235810488462448120e-02
7.247455716133117676e-01
7.554446905851364136e-02
7.567884922027587891e-01
1.673482060432434082e-01
9.734947234392166138e-02
7.496014237403869629e-01
9.057726711034774780e-02
7.606361508369445801e-01
7.264860719442367554e-02
7.611032128334045410e-01
1.603648066520690918e-01
1.052137538790702820e-01
7.799112200736999512e-01
8.817530423402786255e-02
7.983325123786926270e-01
7.456146925687789917e-02
7.304244041442871094e-01
1.853259801864624023e-01
1.135942414402961731e-01
8.148110508918762207e-01
1.071048155426979065e-01
7.746258378028869629e-01
8.011993020772933960e-02
7.665967941284179688e-01
1.828862279653549194e-01
1.190413609147071838e-01
7.350640892982482910e-01
9.466785192489624023e-02
7.287354469299316406e-01
7.328487187623977661e-02
7.903974652290344238e-01
1.569238305091857910e-01
1.195007488131523132e-01
8.086518645286560059e-01
8.872108906507492065e-02
8.159425854682922363e-01
7.140611857175827026e-02
7.976401448249816895e-01
1.499340087175369263e-01
1.236503794789314270e-01
9.030036926269531250e-01
8.806302398443222046e-02
8.742411732673645020e-01
7.134603708982467651e-02
7.852131724357604980e-01
1.567943990230560303e-01
1.289782226085662842e-01
7.958537936210632324e-01
1.005500629544258118e-01
7.896222472190856934e-01
9.487503767013549805e-02
7.764956951141357422e-01
1.496787965297698975e-01
1.326489299535751343e-01
7.775779366493225098e-01
9.240237623453140259e-02
7.936721444129943848e-01
7.266766577959060669e-02
7.757472991943359375e-01
1.699972748756408691e-01
1.344766169786453247e-01
7.830185890197753906e-01
9.745641797780990601e-02
7.574235796928405762e-01
6.923366338014602661e-02
7.683911919593811035e-01
1.722785234451293945e-01
1.386241614818572998e-01
7.845115065574645996e-01
9.284178167581558228e-02
7.921919822692871094e-01
7.483702898025512695e-02
7.864888310432434082e-01
1.639864891767501831e-01
1.413901746273040771e-01
7.786657810211181641e-01
9.230241179466247559e-02
7.253468632698059082e-01
7.414063066244125366e-02
8.488368988037109375e-01
1.508242338895797729e-01
1.457960456609725952e-01
7.471213340759277344e-01
9.702816605567932129e-02
7.218088507652282715e-01
7.224210351705551147e-02
9.071044921875000000e-01
1.520370543003082275e-01
1.480232179164886475e-01
8.243106007575988770e-01
9.554066509008407593e-02
7.999522089958190918e-01
7.424450665712356567e-02
9.308611750602722168e-01
1.483812332153320312e-01
1.483094692230224609e-01
9.270693659782409668e-01
1.062023863196372986e-01
9.225469231605529785e-01
7.606553286314010620e-02
1.001195073127746582e+00
1.501157879829406738e-01
1.484514027833938599e-01
8.998162150382995605e-01
1.083733215928077698e-01
8.640170097351074219e-01
8.038953691720962524e-02
9.733907580375671387e-01
1.496212482452392578e-01
1.543034166097640991e-01
8.274393081665039062e-01
1.227569356560707092e-01
7.838079333305358887e-01
9.148275852203369141e-02
1.047965884208679199e+00
1.509111374616622925e-01
1.557225584983825684e-01
8.180287480354309082e-01
1.209668219089508057e-01
7.875866293907165527e-01
8.247828483581542969e-02
1.076732039451599121e+00
1.563884168863296509e-01
1.619537323713302612e-01
7.998222708702087402e-01
1.105783805251121521e-01
7.769887447357177734e-01
8.143246173858642578e-02
1.004191517829895020e+00
1.575448811054229736e-01
1.661672890186309814e-01
7.624408602714538574e-01
1.187984943389892578e-01
7.283018231391906738e-01
8.207748085260391235e-02
1.068127751350402832e+00
1.625215113162994385e-01
1.703965067863464355e-01
7.694913744926452637e-01
1.170078590512275696e-01
7.034921646118164062e-01
8.822661638259887695e-02
1.087175369262695312e+00
1.584070622920989990e-01
1.718920618295669556e-01
7.159579396247863770e-01
1.251808255910873413e-01
7.068150639533996582e-01
8.875060826539993286e-02
1.016447186470031738e+00
1.748293787240982056e-01
1.727701425552368164e-01
8.563153147697448730e-01
1.195626035332679749e-01
8.444159626960754395e-01
8.394178003072738647e-02
1.037998795509338379e+00
1.777516156435012817e-01
1.722766607999801636e-01
9.332163929939270020e-01
1.227366328239440918e-01
9.135624766349792480e-01
8.468357473611831665e-02
1.010407328605651855e+00
2.190300673246383667e-01
1.771770566701889038e-01
8.828001022338867188e-01
1.187394857406616211e-01
8.403511047363281250e-01
8.355448395013809204e-02
1.061058998107910156e+00
1.933047026395797729e-01
1.819021254777908325e-01
8.604562282562255859e-01
1.181110218167304993e-01
8.211054205894470215e-01
8.196644484996795654e-02
1.018592715263366699e+00
1.786760240793228149e-01
1.808391362428665161e-01
8.676473498344421387e-01
1.155969873070716858e-01
8.614532351493835449e-01
8.264777809381484985e-02
1.010452151298522949e+00
1.683361977338790894e-01
1.813340038061141968e-01
8.110000491142272949e-01
1.218931898474693298e-01
7.654985785484313965e-01
8.514764159917831421e-02
1.038821935653686523e+00
1.598235219717025757e-01
1.810567378997802734e-01
8.032795786857604980e-01
1.202723011374473572e-01
7.719109654426574707e-01
8.597088605165481567e-02
1.045554161071777344e+00
1.799766868352890015e-01
1.830118298530578613e-01
9.196567535400390625e-01
1.162065491080284119e-01
9.368740916252136230e-01
8.288192003965377808e-02
1.054888129234313965e+00
1.685755103826522827e-01
1.723066121339797974e-01
1.057693004608154297e+00
1.236323043704032898e-01
1.040163278579711914e+00
8.567962795495986938e-02
1.071160435676574707e+00
1.654794663190841675e-01
1.711145639419555664e-01
9.979283213615417480e-01
1.313578337430953979e-01
9.658046364784240723e-01
8.655371516942977905e-02
1.094020247459411621e+00
1.637082248926162720e-01
1.728035062551498413e-01
1.023419380187988281e+00
1.182624474167823792e-01
9.844142794609069824e-01
8.578646183013916016e-02
1.154177069664001465e+00
1.646491140127182007e-01
1.772643923759460449e-01
9.549215435981750488e-01
1.284933984279632568e-01
9.276776909828186035e-01
8.557953685522079468e-02
9.416578412055969238e-01
1.771532148122787476e-01
1.807828098535537720e-01
9.399304389953613281e-01
1.278821080923080444e-01
9.186936020851135254e-01
8.464922755956649780e-02
9.200623631477355957e-01
1.778501421213150024e-01
1.878561526536941528e-01
8.703439831733703613e-01
1.265983581542968750e-01
8.088153004646301270e-01
9.018062800168991089e-02
9.439194798469543457e-01
1.801473647356033325e-01
1.866608113050460815e-01
8.439073562622070312e-01
1.285154074430465698e-01
8.107047677040100098e-01
9.090572595596313477e-02
9.155411720275878906e-01
2.108728438615798950e-01
1.879755854606628418e-01
9.286777377128601074e-01
1.321097165346145630e-01
9.251913428306579590e-01
8.807215839624404907e-02
9.034071564674377441e-01
2.073075920343399048e-01
1.849079877138137817e-01
9.577654004096984863e-01
1.325979083776473999e-01
9.332076907157897949e-01
8.750349283218383789e-02
9.283203482627868652e-01
2.085437327623367310e-01
1.879933625459671021e-01
8.767609000205993652e-01
1.353821158409118652e-01
8.134911060333251953e-01
9.458553791046142578e-02
9.040850996971130371e-01
2.125793695449829102e-01
1.895720511674880981e-01
7.362165451049804688e-01
1.425298005342483521e-01
7.084507942199707031e-01
9.662503749132156372e-02
9.027128219604492188e-01
2.174497395753860474e-01
1.963775753974914551e-01
6.643763780593872070e-01
1.439348459243774414e-01
6.264964938163757324e-01
9.489110857248306274e-02
8.875092864036560059e-01
2.389907240867614746e-01
2.035087198019027710e-01
5.889000892639160156e-01
1.551504880189895630e-01
5.696093440055847168e-01
1.008554026484489441e-01
8.955987095832824707e-01
2.553671300411224365e-01
2.115214914083480835e-01
5.368109345436096191e-01
1.559509783983230591e-01
4.511863291263580322e-01
1.024204567074775696e-01
8.943310379981994629e-01
2.560343444347381592e-01
2.160744220018386841e-01
4.303493499755859375e-01
1.602489501237869263e-01
4.304200112819671631e-01
1.010862067341804504e-01
9.021611213684082031e-01
2.491691559553146362e-01
2.248589843511581421e-01
4.313839375972747803e-01
1.391831040382385254e-01
4.060484170913696289e-01
8.896619081497192383e-02
9.286697506904602051e-01
2.501237392425537109e-01
2.274204939603805542e-01
3.840602338314056396e-01
1.395932883024215698e-01
3.168266713619232178e-01
9.981977194547653198e-02
9.494630694389343262e-01
2.280883789062500000e-01
2.435365915298461914e-01
3.351341187953948975e-01
1.439317613840103149e-01
2.747043073177337646e-01
9.391396492719650269e-02
9.070686697959899902e-01
2.512815296649932861e-01
2.456864565610885620e-01
3.353416025638580322e-01
1.394761353731155396e-01
2.732643187046051025e-01
9.090826660394668579e-02
9.122653603553771973e-01
2.494291663169860840e-01
2.527980506420135498e-01
3.173074126243591309e-01
1.356446295976638794e-01
2.543236911296844482e-01
8.834519982337951660e-02
9.234316349029541016e-01
2.624479234218597412e-01
2.535304129123687744e-01
3.064287006855010986e-01
1.310516595840454102e-01
2.545116245746612549e-01
8.958036452531814575e-02
8.864983916282653809e-01
2.476919144392013550e-01
2.693084180355072021e-01
3.144646584987640381e-01
1.452021449804306030e-01
2.546749413013458252e-01
9.514708071947097778e-02
9.174399375915527344e-01
2.649091184139251709e-01
2.768423557281494141e-01
3.149272501468658447e-01
1.356335282325744629e-01
2.558633983135223389e-01
8.689594268798828125e-02
9.273352026939392090e-01
2.465634346008300781e-01
2.643643319606781006e-01
3.393313586711883545e-01
1.302009820938110352e-01
2.690731287002563477e-01
8.569645881652832031e-02
9.380159378051757812e-01
2.489486187696456909e-01
2.723645269870758057e-01
3.325632214546203613e-01
1.290768831968307495e-01
2.676031291484832764e-01
8.646172285079956055e-02
9.563962817192077637e-01
2.266627550125122070e-01
2.668662071228027344e-01
3.237460851669311523e-01
1.498939245939254761e-01
2.631525695323944092e-01
9.672385454177856445e-02
9.604741930961608887e-01
2.205076217651367188e-01
2.679367065429687500e-01
3.103058636188507080e-01
1.283676028251647949e-01
2.526074051856994629e-01
8.726587146520614624e-02
9.378641247749328613e-01
2.660034596920013428e-01
2.669567167758941650e-01
3.332532644271850586e-01
1.322888731956481934e-01
2.639910876750946045e-01
8.807969838380813599e-02
9.903628230094909668e-01
2.422357797622680664e-01
2.787483632564544678e-01
3.181852102279663086e-01
1.346282362937927246e-01
2.540631592273712158e-01
8.883164077997207642e-02
9.404968619346618652e-01
2.735619843006134033e-01
2.776961624622344971e-01
3.278619647026062012e-01
1.433572918176651001e-01
2.638719379901885986e-01
9.155011922121047974e-02
9.698873162269592285e-01
3.016272783279418945e-01
2.857548892498016357e-01
3.175959289073944092e-01
1.419723331928253174e-01
2.559143304824829102e-01
9.597220271825790405e-02
9.702231287956237793e-01
2.929975688457489014e-01
2.836220562458038330e-01
3.244331181049346924e-01
1.496883481740951538e-01
2.599095106124877930e-01
9.266033023595809937e-02
9.986894726753234863e-01
3.179869353771209717e-01
2.821720540523529053e-01
3.321727812290191650e-01
1.553125381469726562e-01
2.654492855072021484e-01
9.540236741304397583e-02
1.034419536590576172e+00
3.187427222728729248e-01
2.767598330974578857e-01
3.331965208053588867e-01
1.660773158073425293e-01
2.693942487239837646e-01
1.000755056738853455e-01
1.083958506584167480e+00
3.474247455596923828e-01
2.907758951187133789e-01
3.223770558834075928e-01
1.529560238122940063e-01
2.593240737915039062e-01
9.924379736185073853e-02
1.114255785942077637e+00
3.451310396194458008e-01
2.791395485401153564e-01
3.390808999538421631e-01
1.544670611619949341e-01
2.718638777732849121e-01
9.686297178268432617e-02
1.208785891532897949e+00
3.704926073551177979e-01
2.801310718059539795e-01
3.325552344322204590e-01
1.631846129894256592e-01
2.670764923095703125e-01
9.694894403219223022e-02
1.139953136444091797e+00
3.626885712146759033e-01
2.791136801242828369e-01
3.540961742401123047e-01
1.606162935495376587e-01
2.811541855335235596e-01
1.029375419020652771e-01
1.135753154754638672e+00
3.588313162326812744e-01
2.819705009460449219e-01
3.810073435306549072e-01
1.566387861967086792e-01
3.113567531108856201e-01
9.625264257192611694e-02
1.143712878227233887e+00
3.504993617534637451e-01
2.812830209732055664e-01
3.908337652683258057e-01
1.538966447114944458e-01
3.323540389537811279e-01
9.485686570405960083e-02
1.180183887481689453e+00
3.788165152072906494e-01
2.774840593338012695e-01
3.561042249202728271e-01
1.618691235780715942e-01
2.818629443645477295e-01
9.841107577085494995e-02
1.158899307250976562e+00
3.537472784519195557e-01
2.812774479389190674e-01
3.409261703491210938e-01
1.635938137769699097e-01
2.814869582653045654e-01
9.535232931375503540e-02
1.149513602256774902e+00
3.471868932247161865e-01
2.836411297321319580e-01
3.557995855808258057e-01
1.586722731590270996e-01
2.960155606269836426e-01
9.585202485322952271e-02
1.150541782379150391e+00
3.480705916881561279e-01
2.907665371894836426e-01
4.110550582408905029e-01
1.586200445890426636e-01
3.213711082935333252e-01
9.387588500976562500e-02
1.195783615112304688e+00
3.491190969944000244e-01
2.909737825393676758e-01
3.829681575298309326e-01
1.564750522375106812e-01
3.111570179462432861e-01
9.701726585626602173e-02
1.164314866065979004e+00
3.915189206600189209e-01
2.949565351009368896e-01
3.974327743053436279e-01
1.543675363063812256e-01
3.196364939212799072e-01
9.724039584398269653e-02
1.191996812820434570e+00
4.412438571453094482e-01
2.971248924732208252e-01
3.977703750133514404e-01
1.564543396234512329e-01
3.227794468402862549e-01
9.511607885360717773e-02
1.193855285644531250e+00
3.887724876403808594e-01
3.038506805896759033e-01
4.314838945865631104e-01
1.540205925703048706e-01
3.447616100311279297e-01
9.461007267236709595e-02
1.239390015602111816e+00
4.531910121440887451e-01
3.089897930622100830e-01
4.289161860942840576e-01
1.596375554800033569e-01
3.417264521121978760e-01
9.867006540298461914e-02
1.255503535270690918e+00
3.898187577724456787e-01
3.173302412033081055e-01
3.964470922946929932e-01
1.550226360559463501e-01
3.203000128269195557e-01
9.973993152379989624e-02
1.197478294372558594e+00
4.132864773273468018e-01
3.245697319507598877e-01
3.961463868618011475e-01
1.502754241228103638e-01
3.349571526050567627e-01
9.624996036291122437e-02
1.149755358695983887e+00
3.769227564334869385e-01
3.240256011486053467e-01
4.068156182765960693e-01
1.650268733501434326e-01
3.119982779026031494e-01
9.520220756530761719e-02
1.077553153038024902e+00
3.308324515819549561e-01
3.213008344173431396e-01
3.928722441196441650e-01
1.784064024686813354e-01
3.040334284305572510e-01
9.858245402574539185e-02
1.017906546592712402e+00
2.929624915122985840e-01
3.256590664386749268e-01
3.920538127422332764e-01
1.715881973505020142e-01
3.127627670764923096e-01
1.018502041697502136e-01
1.037787199020385742e+00
2.669272720813751221e-01
3.289960324764251709e-01
4.004651010036468506e-01
1.777099370956420898e-01
3.076378703117370605e-01
1.021123155951499939e-01
1.061585068702697754e+00
2.570935189723968506e-01
3.322075307369232178e-01
4.087730944156646729e-01
1.707727909088134766e-01
3.130239248275756836e-01
1.027985140681266785e-01
1.092734694480895996e+00
2.528076767921447754e-01
3.365280628204345703e-01
4.056058824062347412e-01
1.787024140357971191e-01
3.080286085605621338e-01
1.095936894416809082e-01
1.147845625877380371e+00
2.549803256988525391e-01
3.327682316303253174e-01
3.958087861537933350e-01
1.878724247217178345e-01
3.020758330821990967e-01
1.068523004651069641e-01
1.092888236045837402e+00
2.860354781150817871e-01
3.280802369117736816e-01
3.992676734924316406e-01
1.724693328142166138e-01
3.042717874050140381e-01
1.032962426543235779e-01
1.087011694908142090e+00
2.805648148059844971e-01
3.235227167606353760e-01
3.956843316555023193e-01
1.725058555603027344e-01
3.094085156917572021e-01
9.876210242509841919e-02
1.052261590957641602e+00
2.628922462463378906e-01
3.129585981369018555e-01
3.891856968402862549e-01
1.831353902816772461e-01
2.924749553203582764e-01
1.065870299935340881e-01
9.973103404045104980e-01
2.725856304168701172e-01
3.133094310760498047e-01
4.237354695796966553e-01
1.894704699516296387e-01
3.304216265678405762e-01
1.046105846762657166e-01
1.060222744941711426e+00
2.791809737682342529e-01
3.205289542675018311e-01
4.200218617916107178e-01
1.749155074357986450e-01
3.340831696987152100e-01
9.456228464841842651e-02
9.828464388847351074e-01
2.723188698291778564e-01
3.145315945148468018e-01
3.890145123004913330e-01
1.760221272706985474e-01
3.092052936553955078e-01
9.429532289505004883e-02
9.816694855690002441e-01
3.069628775119781494e-01
3.096081018447875977e-01
3.861208856105804443e-01
1.789726614952087402e-01
2.975745201110839844e-01
9.876885265111923218e-02
1.001099228858947754e+00
2.870043218135833740e-01
3.036133646965026855e-01
3.365269601345062256e-01
1.878356933593750000e-01
2.703337967395782471e-01
1.011986359953880310e-01
9.390347599983215332e-01
3.147096931934356689e-01
3.122177422046661377e-01
3.418604433536529541e-01
1.841236948966979980e-01
2.678782641887664795e-01
9.784695506095886230e-02
9.434990882873535156e-01
3.391007184982299805e-01
2.904376685619354248e-01
3.504155576229095459e-01
1.772876530885696411e-01
2.766789495944976807e-01
9.301758557558059692e-02
9.345307350158691406e-01
3.221743106842041016e-01
2.844845056533813477e-01
3.383046090602874756e-01
1.786119937896728516e-01
2.699940204620361328e-01
9.279211610555648804e-02
9.124352335929870605e-01
2.896885871887207031e-01
2.679938077926635742e-01
3.478668630123138428e-01
1.700614690780639648e-01
2.759384214878082275e-01
9.169701486825942993e-02
9.211406707763671875e-01
2.836652100086212158e-01
2.084150761365890503e-01
3.578676283359527588e-01
1.837672740221023560e-01
2.865745127201080322e-01
9.437590837478637695e-02
9.122877120971679688e-01
3.324407637119293213e-01
2.266018390655517578e-01
3.640551567077636719e-01
1.759048253297805786e-01
2.903844118118286133e-01
9.236747026443481445e-02
9.286603927612304688e-01
2.956229150295257568e-01
2.337397187948226929e-01
3.749507963657379150e-01
1.727479249238967896e-01
2.975831925868988037e-01
9.486474841833114624e-02
9.355520606040954590e-01
2.966208755970001221e-01
2.409241944551467896e-01
3.492762744426727295e-01
1.596842855215072632e-01
2.819409370422363281e-01
9.236355870962142944e-02
9.488566517829895020e-01
2.705076336860656738e-01
2.741142511367797852e-01
3.684790432453155518e-01
1.611443012952804565e-01
2.904382646083831787e-01
9.397665411233901978e-02
9.495522379875183105e-01
2.452349662780761719e-01
2.753400802612304688e-01
3.729698657989501953e-01
1.693175584077835083e-01
2.780481874942779541e-01
9.990695118904113770e-02
9.614495635032653809e-01
2.297735363245010376e-01
2.809977829456329346e-01
3.611227571964263916e-01
1.722908169031143188e-01
2.769159972667694092e-01
1.029634475708007812e-01
9.810113906860351562e-01
2.107932716608047485e-01
2.845278978347778320e-01
3.598117530345916748e-01
1.657080650329589844e-01
2.803163230419158936e-01
1.040822640061378479e-01
1.043144941329956055e+00
1.914350837469100952e-01
2.881438732147216797e-01
3.609664440155029297e-01
1.646783798933029175e-01
2.787665426731109619e-01
1.008160188794136047e-01
1.032645583152770996e+00
1.988127678632736206e-01
2.872055470943450928e-01
3.653050959110260010e-01
1.725274473428726196e-01
2.794843912124633789e-01
9.823115915060043335e-02
1.105669379234313965e+00
2.033357620239257812e-01
2.762389481067657471e-01
3.749112188816070557e-01
1.755016446113586426e-01
2.897387444972991943e-01
1.041788458824157715e-01
1.169451117515563965e+00
2.109702825546264648e-01
2.804559171199798584e-01
3.464010953903198242e-01
1.664266884326934814e-01
2.706796228885650635e-01
1.033780202269554138e-01
1.096882224082946777e+00
2.163016647100448608e-01
2.876021564006805420e-01
3.398088514804840088e-01
1.812523603439331055e-01
2.659586668014526367e-01
1.117087900638580322e-01
1.059540152549743652e+00
2.256137728691101074e-01
2.712552845478057861e-01
3.419509232044219971e-01
1.901037096977233887e-01
2.723517417907714844e-01
1.072038710117340088e-01
9.734660983085632324e-01
2.326729744672775269e-01
2.723406255245208740e-01
3.415945470333099365e-01
1.993425637483596802e-01
2.769267261028289795e-01
1.135313734412193298e-01
9.056257605552673340e-01
2.725712954998016357e-01
2.765971720218658447e-01
3.889301121234893799e-01
1.875140517950057983e-01
3.086813688278198242e-01
1.058917343616485596e-01
9.156937003135681152e-01
2.946704328060150146e-01
3.023821115493774414e-01
3.879900872707366943e-01
1.967658996582031250e-01
3.339470922946929932e-01
1.037030816078186035e-01
8.925079703330993652e-01
3.631371557712554932e-01
3.046535551548004150e-01
3.535371720790863037e-01
1.928539127111434937e-01
2.901741862297058105e-01
1.029753983020782471e-01
8.456904888153076172e-01
3.041725456714630127e-01
3.116234242916107178e-01
3.814070224761962891e-01
1.873751133680343628e-01
3.212369382381439209e-01
1.033968329429626465e-01
9.024193286895751953e-01
3.142791092395782471e-01
3.254264295101165771e-01
8.867748379707336426e-01
1.806795597076416016e-01
8.692350387573242188e-01
1.018054559826850891e-01
8.884532451629638672e-01
3.163797557353973389e-01
3.116849362850189209e-01
1.116140723228454590e+00
1.971079111099243164e-01
1.157453775405883789e+00
1.090914383530616760e-01
9.093766212463378906e-01
3.467445373535156250e-01
3.138750195503234863e-01
9.791057705879211426e-01
1.836744099855422974e-01
9.095310568809509277e-01
9.937598556280136108e-02
9.298684000968933105e-01
3.454482257366180420e-01
3.194397687911987305e-01
7.162952423095703125e-01
1.766471117734909058e-01
5.973383188247680664e-01
9.858445078134536743e-02
9.204913973808288574e-01
2.630132734775543213e-01
3.191106915473937988e-01
5.570208430290222168e-01
1.742068529129028320e-01
4.829301536083221436e-01
1.024887934327125549e-01
9.018791317939758301e-01
2.687350809574127197e-01
3.280146420001983643e-01
5.371215939521789551e-01
1.869568824768066406e-01
4.793534278869628906e-01
1.041244640946388245e-01
8.981501460075378418e-01
2.647366225719451904e-01
3.298159539699554443e-01
5.426971316337585449e-01
1.751739829778671265e-01
4.793357849121093750e-01
9.855341911315917969e-02
8.918898105621337891e-01
2.716448009014129639e-01
3.326022326946258545e-01
6.004630923271179199e-01
1.720024496316909790e-01
5.430326461791992188e-01
9.869944304227828979e-02
9.106033444404602051e-01
2.696627378463745117e-01
3.374558985233306885e-01
6.096454262733459473e-01
1.965358257293701172e-01
5.690590739250183105e-01
1.236538887023925781e-01
8.802124857902526855e-01
2.623178660869598389e-01
3.299566507339477539e-01
6.024506092071533203e-01
1.744766831398010254e-01
5.624901652336120605e-01
1.036934554576873779e-01
8.697959780693054199e-01
2.673403918743133545e-01
3.260567486286163330e-01
6.072879433631896973e-01
1.700223088264465332e-01
5.620040893554687500e-01
1.005596816539764404e-01
8.960390090942382812e-01
2.506754398345947266e-01
3.279892802238464355e-01
6.338500976562500000e-01
1.761059761047363281e-01
5.905042290687561035e-01
9.644612669944763184e-02
8.991839289665222168e-01
2.621678411960601807e-01
3.304810523986816406e-01
6.178918480873107910e-01
1.804081052541732788e-01
5.529789328575134277e-01
1.045241355895996094e-01
9.463058114051818848e-01
2.487322539091110229e-01
3.282644748687744141e-01
5.801745057106018066e-01
1.885264366865158081e-01
5.058473944664001465e-01
1.030307635664939880e-01
9.826785922050476074e-01
2.385498136281967163e-01
3.255437314510345459e-01
5.430688858032226562e-01
1.724761575460433960e-01
4.769010543823242188e-01
1.009072661399841309e-01
9.804815649986267090e-01
2.293888330459594727e-01
3.013726472854614258e-01
5.710361599922180176e-01
1.772341281175613403e-01
5.079219341278076172e-01
1.055642664432525635e-01
9.803126454353332520e-01
2.283482551574707031e-01
3.285660445690155029e-01
5.976291298866271973e-01
1.783335655927658081e-01
5.258342027664184570e-01
1.052335202693939209e-01
1.010769248008728027e+00
2.284734845161437988e-01
2.624432146549224854e-01
5.664920806884765625e-01
1.735554337501525879e-01
4.827472269535064697e-01
1.081835031509399414e-01
1.036589503288269043e+00
2.300795763731002808e-01
2.150190919637680054e-01
5.234741568565368652e-01
1.744926571846008301e-01
4.617168903350830078e-01
1.076815649867057800e-01
1.011261582374572754e+00
2.353944629430770874e-01
2.438827008008956909e-01
5.237227082252502441e-01
1.823074221611022949e-01
4.735715389251708984e-01
1.093426942825317383e-01
9.235330224037170410e-01
2.745666503906250000e-01
2.831009626388549805e-01
5.132450461387634277e-01
1.902627348899841309e-01
4.529431760311126709e-01
1.128709316253662109e-01
9.674577116966247559e-01
2.468606829643249512e-01
2.570602595806121826e-01
4.793464243412017822e-01
1.882385164499282837e-01
4.399390518665313721e-01
1.192741319537162781e-01
8.583683967590332031e-01
3.196105062961578369e-01
2.637226283550262451e-01
4.839646518230438232e-01
1.881808787584304810e-01
4.391750395298004150e-01
1.162325516343116760e-01
8.674156069755554199e-01
3.107196688652038574e-01
2.632407844066619873e-01
5.532713532447814941e-01
1.900977492332458496e-01
4.989037513732910156e-01
1.113796457648277283e-01
8.757715225219726562e-01
3.236466944217681885e-01
2.608325481414794922e-01
4.773934781551361084e-01
1.993588954210281372e-01
4.462809562683105469e-01
1.148751750588417053e-01
8.799411654472351074e-01
3.023568093776702881e-01
2.589049637317657471e-01
4.750827848911285400e-01
1.935690194368362427e-01
4.577514231204986572e-01
1.169429793953895569e-01
9.252629280090332031e-01
3.075154721736907959e-01
2.456661015748977661e-01
4.720597565174102783e-01
1.966143697500228882e-01
4.360621869564056396e-01
1.176369190216064453e-01
8.899273872375488281e-01
3.143819272518157959e-01
2.330672293901443481e-01
4.750027656555175781e-01
1.994867324829101562e-01
4.709371626377105713e-01
1.188992485404014587e-01
8.393368124961853027e-01
3.150797784328460693e-01
2.279447466135025024e-01
4.626197814941406250e-01
2.118829339742660522e-01
4.710848033428192139e-01
1.319078207015991211e-01
8.055704236030578613e-01
3.319146931171417236e-01
2.109818458557128906e-01
4.803624153137207031e-01
2.232620716094970703e-01
4.852467775344848633e-01
1.373737007379531860e-01
8.136627674102783203e-01
3.469207584857940674e-01
2.044761329889297485e-01
4.821247756481170654e-01
2.121595889329910278e-01
4.871886670589447021e-01
1.221658065915107727e-01
7.897785305976867676e-01
3.774984776973724365e-01
1.889840364456176758e-01
5.184853672981262207e-01
2.110600322484970093e-01
5.266932845115661621e-01
1.243179067969322205e-01
7.972434163093566895e-01
3.446882069110870361e-01
2.110933065414428711e-01
5.158984661102294922e-01
1.991131901741027832e-01
5.224484801292419434e-01
1.325057744979858398e-01
7.983591556549072266e-01
3.443872034549713135e-01
1.869415193796157837e-01
5.107636451721191406e-01
2.063041776418685913e-01
5.120070576667785645e-01
1.201433166861534119e-01
8.094239830970764160e-01
3.373136520385742188e-01
1.930436640977859497e-01
5.011305809020996094e-01
2.130814045667648315e-01
5.041518807411193848e-01
1.252481937408447266e-01
7.814936637878417969e-01
3.530596196651458740e-01
1.803755760192871094e-01
4.888605177402496338e-01
2.002397775650024414e-01
5.122807621955871582e-01
1.128977164626121521e-01
7.274736762046813965e-01
3.777023255825042725e-01
1.637577712535858154e-01
4.720461666584014893e-01
2.162850648164749146e-01
4.963352978229522705e-01
1.173575893044471741e-01
7.238752841949462891e-01
3.944444954395294189e-01
1.509739905595779419e-01
4.692417681217193604e-01
2.225389033555984497e-01
4.889903962612152100e-01
1.160317286849021912e-01
7.278156280517578125e-01
4.147896766662597656e-01
1.372538357973098755e-01
4.411707222461700439e-01
2.014237642288208008e-01
4.750215113162994385e-01
1.139560118317604065e-01
7.175108790397644043e-01
4.158221185207366943e-01
1.259742528200149536e-01
4.879481792449951172e-01
1.889073848724365234e-01
5.305621027946472168e-01
1.179240271449089050e-01
7.093593478202819824e-01
3.984199464321136475e-01
1.215344592928886414e-01
5.080447196960449219e-01
2.040583640336990356e-01
5.547707676887512207e-01
1.142220869660377502e-01
6.961035728454589844e-01
3.673268556594848633e-01
1.309023648500442505e-01
4.993595778942108154e-01
1.863801032304763794e-01
5.357944965362548828e-01
1.150009706616401672e-01
6.787530779838562012e-01
3.539268076419830322e-01
1.147174760699272156e-01
4.611663818359375000e-01
1.901800632476806641e-01
5.383437275886535645e-01
1.155432239174842834e-01
7.031259536743164062e-01
3.868242502212524414e-01
1.070989593863487244e-01
4.775453507900238037e-01
1.843535900115966797e-01
5.023966431617736816e-01
1.135476753115653992e-01
6.304437518119812012e-01
3.517120182514190674e-01
7.953938841819763184e-02
4.386543929576873779e-01
2.052444219589233398e-01
4.652816057205200195e-01
1.228748336434364319e-01
6.511776447296142578e-01
3.432182371616363525e-01
8.480011671781539917e-02
4.530278146266937256e-01
2.033977955579757690e-01
4.512891471385955811e-01
1.259259134531021118e-01
6.678497195243835449e-01
3.194664716720581055e-01
7.720547914505004883e-02
3.892545700073242188e-01
2.073647230863571167e-01
3.876396119594573975e-01
1.243411377072334290e-01
6.405529379844665527e-01
3.638840913772583008e-01
6.041156873106956482e-02
4.453147947788238525e-01
2.063525468111038208e-01
4.419298171997070312e-01
1.285539865493774414e-01
6.517385244369506836e-01
3.490461111068725586e-01
6.954348087310791016e-02
4.367697536945343018e-01
2.160574197769165039e-01
4.417588710784912109e-01
1.323719024658203125e-01
6.539371609687805176e-01
4.224574863910675049e-01
6.836888939142227173e-02
4.487141668796539307e-01
2.118752747774124146e-01
4.457445144653320312e-01
1.251619607210159302e-01
6.583634018898010254e-01
3.645087480545043945e-01
6.599485874176025391e-02
4.445693194866180420e-01
2.121599912643432617e-01
4.345427453517913818e-01
1.254329681396484375e-01
6.500312685966491699e-01
4.374732077121734619e-01
4.214238002896308899e-02
4.501272737979888916e-01
2.178653478622436523e-01
4.540473520755767822e-01
1.269512921571731567e-01
6.482368111610412598e-01
3.722968101501464844e-01
4.135331138968467712e-02
4.565361440181732178e-01
2.218132168054580688e-01
4.597844779491424561e-01
1.293139010667800903e-01
6.408762335777282715e-01
3.852868080139160156e-01
4.276544973254203796e-02
4.520151913166046143e-01
2.235898226499557495e-01
4.648251235485076904e-01
1.294007301330566406e-01
6.560426354408264160e-01
3.741025924682617188e-01
4.472151771187782288e-02
4.555212259292602539e-01
2.371885776519775391e-01
4.631629884243011475e-01
1.310260593891143799e-01
6.971028447151184082e-01
3.994587361812591553e-01
5.306283757090568542e-02
4.836666882038116455e-01
2.353674173355102539e-01
4.994746446609497070e-01
1.320904642343521118e-01
7.208512425422668457e-01
3.947951793670654297e-01
4.350900650024414062e-02
4.863564968109130859e-01
2.011098861694335938e-01
4.944942891597747803e-01
1.220170557498931885e-01
7.097272872924804688e-01
4.114133417606353760e-01
3.268693014979362488e-02
4.699999392032623291e-01
2.273646444082260132e-01
4.877085983753204346e-01
1.295942217111587524e-01
7.162860035896301270e-01
4.511639177799224854e-01
2.814676612615585327e-02
4.749346673488616943e-01
2.510814666748046875e-01
4.763261377811431885e-01
1.421934515237808228e-01
6.995391845703125000e-01
3.781925737857818604e-01
3.156119957566261292e-02
4.743289053440093994e-01
2.330410033464431763e-01
4.717198312282562256e-01
1.249096170067787170e-01
8.035878539085388184e-01
4.523606300354003906e-01
2.846830897033214569e-02
4.615451991558074951e-01
2.386717647314071655e-01
4.623674154281616211e-01
1.268878728151321411e-01
8.750661015510559082e-01
4.909894466400146484e-01
2.835596166551113129e-02
4.661336839199066162e-01
2.143777608871459961e-01
4.737323820590972900e-01
1.242888271808624268e-01
8.842882513999938965e-01
4.361720383167266846e-01
2.717173658311367035e-02
4.530305564403533936e-01
2.285888344049453735e-01
4.573637247085571289e-01
1.275717169046401978e-01
9.280125498771667480e-01
4.525393247604370117e-01
2.818668819963932037e-02
4.758425056934356689e-01
2.448019236326217651e-01
4.791656434535980225e-01
1.475673466920852661e-01
9.828664660453796387e-01
4.576818645000457764e-01
2.888575196266174316e-02
4.924156963825225830e-01
2.417142242193222046e-01
4.968531131744384766e-01
1.292610764503479004e-01
1.022242426872253418e+00
4.655040204524993896e-01
3.038675151765346527e-02
4.854759275913238525e-01
2.041623592376708984e-01
4.868471324443817139e-01
1.153801158070564270e-01
1.050344944000244141e+00
4.811080694198608398e-01
3.034416399896144867e-02
4.653100073337554932e-01
2.181380838155746460e-01
4.628002643585205078e-01
1.269539743661880493e-01
1.052628278732299805e+00
4.412120878696441650e-01
3.065766952931880951e-02
4.736631810665130615e-01
2.071999311447143555e-01
4.557289779186248779e-01
1.338564455509185791e-01
9.736588597297668457e-01
4.085141718387603760e-01
3.126734122633934021e-02
4.965871870517730713e-01
2.192107588052749634e-01
4.668729305267333984e-01
1.227091923356056213e-01
1.012094497680664062e+00
4.084055721759796143e-01
3.253664076328277588e-02
5.375275611877441406e-01
2.194704413414001465e-01
5.117304325103759766e-01
1.224768161773681641e-01
1.033369421958923340e+00
4.271541535854339600e-01
3.247622773051261902e-02
5.707418918609619141e-01
2.195602655410766602e-01
5.364393591880798340e-01
1.295724064111709595e-01
1.057755351066589355e+00
3.665337860584259033e-01
3.497604653239250183e-02
6.440421938896179199e-01
2.263118624687194824e-01
5.953854918479919434e-01
1.237492933869361877e-01
1.085156440734863281e+00
3.330876231193542480e-01
3.786188364028930664e-02
6.896169781684875488e-01
2.362329512834548950e-01
6.274997591972351074e-01
1.260164827108383179e-01
1.097326278686523438e+00
3.580394685268402100e-01
3.975737467408180237e-02
6.799322962760925293e-01
2.183004170656204224e-01
6.334342360496520996e-01
1.248690485954284668e-01
1.075735211372375488e+00
3.705178499221801758e-01
3.671423718333244324e-02
6.979621052742004395e-01
2.244945615530014038e-01
6.530046463012695312e-01
1.272066086530685425e-01
1.073358535766601562e+00
3.882940709590911865e-01
4.007248207926750183e-02
7.124684453010559082e-01
2.430079728364944458e-01
6.610192060470581055e-01
1.355319768190383911e-01
1.070124983787536621e+00
3.621647357940673828e-01
4.756759479641914368e-02
7.151455879211425781e-01
2.394932359457015991e-01
6.571144461631774902e-01
1.274276971817016602e-01
1.081803798675537109e+00
3.521839678287506104e-01
4.224235936999320984e-02
6.851498484611511230e-01
2.367566227912902832e-01
6.461889743804931641e-01
1.265353113412857056e-01
1.116773247718811035e+00
3.552642762660980225e-01
5.095857009291648865e-02
6.872112154960632324e-01
2.481386214494705200e-01
6.527594923973083496e-01
1.413732022047042847e-01
1.070668220520019531e+00
2.862270176410675049e-01
5.050263181328773499e-02
6.910911202430725098e-01
2.388079166412353516e-01
6.510704159736633301e-01
1.404881924390792847e-01
1.085043072700500488e+00
2.467030137777328491e-01
5.195617675781250000e-02
6.887207031250000000e-01
2.083125561475753784e-01
6.534274816513061523e-01
1.199058890342712402e-01
1.014695167541503906e+00
2.435211986303329468e-01
4.375922679901123047e-02
6.586220860481262207e-01
1.795104295015335083e-01
6.359565258026123047e-01
1.137337312102317810e-01
9.274324774742126465e-01
2.111461758613586426e-01
4.189653322100639343e-02
6.663404703140258789e-01
2.030663937330245972e-01
6.404111385345458984e-01
1.220851540565490723e-01
8.531948924064636230e-01
2.056562155485153198e-01
4.120951518416404724e-02
6.600794196128845215e-01
1.993755549192428589e-01
6.445576548576354980e-01
1.232093796133995056e-01
6.939175724983215332e-01
1.957140117883682251e-01
4.219074547290802002e-02
6.426250934600830078e-01
1.869189292192459106e-01
6.384803652763366699e-01
1.188484653830528259e-01
6.411570310592651367e-01
1.711099147796630859e-01
4.352402687072753906e-02
6.491710543632507324e-01
1.706188917160034180e-01
6.523904204368591309e-01
1.202558577060699463e-01
5.733547806739807129e-01
1.581455171108245850e-01
4.859292134642601013e-02
6.527318358421325684e-01
1.804882287979125977e-01
6.532170772552490234e-01
1.219664588570594788e-01
5.541884303092956543e-01
1.628782600164413452e-01
4.871328175067901611e-02
6.259680390357971191e-01
1.668663769960403442e-01
6.323724389076232910e-01
1.218357086181640625e-01
5.456060171127319336e-01
1.397735029458999634e-01
5.184151604771614075e-02
6.199643015861511230e-01
1.571350991725921631e-01
6.214794516563415527e-01
1.132125779986381531e-01
5.515764355659484863e-01
1.605700999498367310e-01
5.076660215854644775e-02
6.112177968025207520e-01
1.564362049102783203e-01
6.225650310516357422e-01
1.166563555598258972e-01
5.415926575660705566e-01
1.565504670143127441e-01
4.657812789082527161e-02
6.035119295120239258e-01
1.836108565330505371e-01
6.260414123535156250e-01
1.232833191752433777e-01
5.349946022033691406e-01
1.207628548145294189e-01
4.601342603564262390e-02
6.036924719810485840e-01
1.692697554826736450e-01
6.266351342201232910e-01
1.252748072147369385e-01
5.603269934654235840e-01
1.276246756315231323e-01
4.495124146342277527e-02
6.281611323356628418e-01
1.641467958688735962e-01
6.563782095909118652e-01
1.269303560256958008e-01
5.842592716217041016e-01
1.304193586111068726e-01
4.442623257637023926e-02
6.813543438911437988e-01
1.719491481781005859e-01
7.185890078544616699e-01
1.335260719060897827e-01
5.728097558021545410e-01
1.137428283691406250e-01
4.290671274065971375e-02
7.303233742713928223e-01
1.678927987813949585e-01
7.756199836730957031e-01
1.314429640769958496e-01
5.884764194488525391e-01
9.791574627161026001e-02
4.880193993449211121e-02
7.785082459449768066e-01
1.655043512582778931e-01
8.149626851081848145e-01
1.281293630599975586e-01
5.900419354438781738e-01
7.499901205301284790e-02
4.749357327818870544e-02
8.174441456794738770e-01
1.648432165384292603e-01
8.649396896362304688e-01
1.297366768121719360e-01
5.983360409736633301e-01
9.576594829559326172e-02
4.653370380401611328e-02
8.848802447319030762e-01
1.683837920427322388e-01
9.471403956413269043e-01
1.318816989660263062e-01
5.951787829399108887e-01
9.960121661424636841e-02
4.693866148591041565e-02
9.371182918548583984e-01
1.719490736722946167e-01
9.855160117149353027e-01
1.328767836093902588e-01
5.963645577430725098e-01
1.304592043161392212e-01
4.767489060759544373e-02
9.608939290046691895e-01
1.804288178682327271e-01
1.020502567291259766e+00
1.383953839540481567e-01
5.837605595588684082e-01
1.108100041747093201e-01
4.852535203099250793e-02
9.639753699302673340e-01
1.705357581377029419e-01
1.022035241127014160e+00
1.323163807392120361e-01
6.278705596923828125e-01
1.576448082923889160e-01
4.957641288638114929e-02
9.656046032905578613e-01
1.681102514266967773e-01
1.021383881568908691e+00
1.359520256519317627e-01
6.107029318809509277e-01
1.348422020673751831e-01
4.962966963648796082e-02
9.642837643623352051e-01
1.687591075897216797e-01
1.011629939079284668e+00
1.351844519376754761e-01
6.493841409683227539e-01
1.367889791727066040e-01
5.031410977244377136e-02
9.772710800170898438e-01
1.784617453813552856e-01
1.022248268127441406e+00
1.454728692770004272e-01
6.937230229377746582e-01
1.383692771196365356e-01
5.100082233548164368e-02
1.002663731575012207e+00
1.619768440723419189e-01
1.039407968521118164e+00
1.315733939409255981e-01
7.060934901237487793e-01
1.326385587453842163e-01
5.234132707118988037e-02
1.006948709487915039e+00
1.599373966455459595e-01
1.046948671340942383e+00
1.246581971645355225e-01
6.520237922668457031e-01
1.042826101183891296e-01
5.378815159201622009e-02
9.810290336608886719e-01
1.682169884443283081e-01
1.028198003768920898e+00
1.235568821430206299e-01
5.841083526611328125e-01
9.984784573316574097e-02
5.468600988388061523e-02
9.797890186309814453e-01
1.644678562879562378e-01
1.033078789710998535e+00
1.304166913032531738e-01
4.915659725666046143e-01
7.429886609315872192e-02
5.624062940478324890e-02
9.779412150382995605e-01
1.630348861217498779e-01
1.040856480598449707e+00
1.252270489931106567e-01
4.189446866512298584e-01
9.689982980489730835e-02
5.877498909831047058e-02
9.720339775085449219e-01
1.718580722808837891e-01
1.038526058197021484e+00
1.303746104240417480e-01
4.114065170288085938e-01
7.664875686168670654e-02
5.862840637564659119e-02
9.623032212257385254e-01
1.635975986719131470e-01
1.039102673530578613e+00
1.281770914793014526e-01
4.416052103042602539e-01
7.166854292154312134e-02
6.162098050117492676e-02
9.618182778358459473e-01
1.590307205915451050e-01
1.038320302963256836e+00
1.277820616960525513e-01
4.163415133953094482e-01
5.974355340003967285e-02
6.165164709091186523e-02
9.651280045509338379e-01
1.596724390983581543e-01
1.045117855072021484e+00
1.256953030824661255e-01
4.456825554370880127e-01
5.477735400199890137e-02
6.509836763143539429e-02
9.788619875907897949e-01
1.680858880281448364e-01
1.049619197845458984e+00
1.327776461839675903e-01
4.466429650783538818e-01
8.280225843191146851e-02
6.882411986589431763e-02
9.716823697090148926e-01
1.649171113967895508e-01
1.052781462669372559e+00
1.308452337980270386e-01
4.768912792205810547e-01
7.961434125900268555e-02
7.169341295957565308e-02
9.996413588523864746e-01
1.638987660408020020e-01
1.060926675796508789e+00
1.316994279623031616e-01
4.674693644046783447e-01
8.141896128654479980e-02
8.155608177185058594e-02
1.033887743949890137e+00
1.674631685018539429e-01
1.110343098640441895e+00
1.341305673122406006e-01
4.826497137546539307e-01
6.397131830453872681e-02
1.011949405074119568e-01
1.101443648338317871e+00
1.655202358961105347e-01
1.181211233139038086e+00
1.340190917253494263e-01
4.871635437011718750e-01
6.649363040924072266e-02
1.010261997580528259e-01
1.190972685813903809e+00
1.679498106241226196e-01
1.263444423675537109e+00
1.426881998777389526e-01
5.273719429969787598e-01
6.336299329996109009e-02
1.041977703571319580e-01
1.298068642616271973e+00
1.645084321498870850e-01
1.369753479957580566e+00
1.356955617666244507e-01
5.251289606094360352e-01
6.562046706676483154e-02
1.110937595367431641e-01
1.430243611335754395e+00
1.687556952238082886e-01
1.515607476234436035e+00
1.396374702453613281e-01
5.510943531990051270e-01
6.242492794990539551e-02
1.191034391522407532e-01
1.552937626838684082e+00
1.704150438308715820e-01
1.619127631187438965e+00
1.467055976390838623e-01
5.324009060859680176e-01
5.914764106273651123e-02
1.214081346988677979e-01
1.569506525993347168e+00
1.782496422529220581e-01
1.642356753349304199e+00
1.559909731149673462e-01
5.691627264022827148e-01
6.370157748460769653e-02
1.187621131539344788e-01
1.603277683258056641e+00
1.751175671815872192e-01
1.659039139747619629e+00
1.512787491083145142e-01
5.642687678337097168e-01
6.393777579069137573e-02
1.265101283788681030e-01
1.602994322776794434e+00
1.703630685806274414e-01
1.657740235328674316e+00
1.484082937240600586e-01
5.845808982849121094e-01
5.938599631190299988e-02
1.224713325500488281e-01
1.598468422889709473e+00
1.675993204116821289e-01
1.658650875091552734e+00
1.456362605094909668e-01
5.864449739456176758e-01
6.533631682395935059e-02
1.262926161289215088e-01
1.594180107116699219e+00
1.710882931947708130e-01
1.650601744651794434e+00
1.447234898805618286e-01
6.388061642646789551e-01
7.179534435272216797e-02
1.203979030251502991e-01
1.596500515937805176e+00
1.745271831750869751e-01
1.650579094886779785e+00
1.429766118526458740e-01
6.853544712066650391e-01
7.308957725763320923e-02
1.210848316550254822e-01
1.599099040031433105e+00
1.836611032485961914e-01
1.650041699409484863e+00
1.653556078672409058e-01
6.397548317909240723e-01
7.131753116846084595e-02
1.240585520863533020e-01
1.614195466041564941e+00
1.855206489562988281e-01
1.665592670440673828e+00
1.506488323211669922e-01
5.824093818664550781e-01
7.049856334924697876e-02
1.272149235010147095e-01
1.607520937919616699e+00
2.068585902452468872e-01
1.662749767303466797e+00
1.683738380670547485e-01
5.148556828498840332e-01
6.713895499706268311e-02
1.288568824529647827e-01
1.577909111976623535e+00
2.037068009376525879e-01
1.651960015296936035e+00
1.745147854089736938e-01
4.398826062679290771e-01
6.609102338552474976e-02
1.302461773157119751e-01
1.567660927772521973e+00
2.094801217317581177e-01
1.656402230262756348e+00
1.741240024566650391e-01
4.031063616275787354e-01
5.781311914324760437e-02
1.393618136644363403e-01
1.573648929595947266e+00
2.169735878705978394e-01
1.658638119697570801e+00
1.829438954591751099e-01
3.953994512557983398e-01
5.495296791195869446e-02
1.404691189527511597e-01
1.572285175323486328e+00
2.286321669816970825e-01
1.644505977630615234e+00
1.985220462083816528e-01
3.739820718765258789e-01
6.197163462638854980e-02
1.405338495969772339e-01
1.568793296813964844e+00
2.820477783679962158e-01
1.652489781379699707e+00
2.215046286582946777e-01
3.502835333347320557e-01
5.894933268427848816e-02
1.401587277650833130e-01
1.580760836601257324e+00
2.523666322231292725e-01
1.659547805786132812e+00
2.020017653703689575e-01
3.440442085266113281e-01
5.750791728496551514e-02
1.479529142379760742e-01
1.547508716583251953e+00
2.666679322719573975e-01
1.645097136497497559e+00
2.164727002382278442e-01
3.292492330074310303e-01
5.895775929093360901e-02
1.492624431848526001e-01
1.560897946357727051e+00
2.690171897411346436e-01
1.654331207275390625e+00
2.078948020935058594e-01
3.259325921535491943e-01
5.984498187899589539e-02
1.499803513288497925e-01
1.593201994895935059e+00
2.619962990283966064e-01
1.668641090393066406e+00
2.062451988458633423e-01
3.365577757358551025e-01
6.078347563743591309e-02
1.502604633569717407e-01
1.615506529808044434e+00
2.444342374801635742e-01
1.705669999122619629e+00
1.929357200860977173e-01
3.334894478321075439e-01
5.912777781486511230e-02
1.573339104652404785e-01
1.710336208343505859e+00
2.358961254358291626e-01
1.797100067138671875e+00
1.933035850524902344e-01
3.378300666809082031e-01
5.997944250702857971e-02
1.603903323411941528e-01
1.819169521331787109e+00
2.441186904907226562e-01
1.927523016929626465e+00
1.946836113929748535e-01
3.606432974338531494e-01
6.217430531978607178e-02
1.577646732330322266e-01
1.922081589698791504e+00
2.573184967041015625e-01
2.026871442794799805e+00
2.101835459470748901e-01
3.749016225337982178e-01
6.123636662960052490e-02
1.647666543722152710e-01
2.069771051406860352e+00
2.513084411621093750e-01
2.176781892776489258e+00
2.137735337018966675e-01
3.805843889713287354e-01
7.099815458059310913e-02
1.591185033321380615e-01
2.199773550033569336e+00
2.548157274723052979e-01
2.325714349746704102e+00
2.145704776048660278e-01
3.878210484981536865e-01
6.519361585378646851e-02
1.734055727720260620e-01
2.274308204650878906e+00
2.596972286701202393e-01
2.371548891067504883e+00
2.184310108423233032e-01
3.862946033477783203e-01
6.907439976930618286e-02
1.746157854795455933e-01
2.320288658142089844e+00
2.807420194149017334e-01
2.421724081039428711e+00
2.310879975557327271e-01
3.761111199855804443e-01
7.176394760608673096e-02
1.695571392774581909e-01
2.310903549194335938e+00
2.745145559310913086e-01
2.416699647903442383e+00
2.306912988424301147e-01
3.785236179828643799e-01
7.288440316915512085e-02
1.657048910856246948e-01
2.324084281921386719e+00
2.732414901256561279e-01
2.417593955993652344e+00
2.389867305755615234e-01
3.853644430637359619e-01
7.162300497293472290e-02
1.654990464448928833e-01
2.313834190368652344e+00
2.720623314380645752e-01
2.414063692092895508e+00
2.412942051887512207e-01
4.056064188480377197e-01
7.212237268686294556e-02
1.681087017059326172e-01
2.319849729537963867e+00
2.798263728618621826e-01
2.433088779449462891e+00
2.465781420469284058e-01
4.364981353282928467e-01
7.309494912624359131e-02
1.747922897338867188e-01
2.326214551925659180e+00
2.917917072772979736e-01
2.428277015686035156e+00
2.237627506256103516e-01
4.375394284725189209e-01
7.503706216812133789e-02
1.765139847993850708e-01
2.374998807907104492e+00
2.925580143928527832e-01
2.448723077774047852e+00
2.213770598173141479e-01
4.171055853366851807e-01
7.942545413970947266e-02
1.757283359766006470e-01
2.358440876007080078e+00
2.782421112060546875e-01
2.453631162643432617e+00
2.161719352006912231e-01
3.794927895069122314e-01
7.923453301191329956e-02
1.749178618192672729e-01
2.339763641357421875e+00
3.181678354740142822e-01
2.449797868728637695e+00
2.309362441301345825e-01
3.595143854618072510e-01
8.520729094743728638e-02
1.752977967262268066e-01
2.352107048034667969e+00
3.158867955207824707e-01
2.471823453903198242e+00
2.253208160400390625e-01
3.713051378726959229e-01
9.542865306138992310e-02
1.681340336799621582e-01
2.335322618484497070e+00
3.436768949031829834e-01
2.442579984664916992e+00
2.422526627779006958e-01
3.744852244853973389e-01
1.030304506421089172e-01
1.649484634399414062e-01
2.359442710876464844e+00
3.228911757469177246e-01
2.475837945938110352e+00
2.485630065202713013e-01
3.860504627227783203e-01
1.085167527198791504e-01
1.526275724172592163e-01
2.368247747421264648e+00
3.443515002727508545e-01
2.467060089111328125e+00
2.760412395000457764e-01
3.980379402637481689e-01
1.117624342441558838e-01
1.539760380983352661e-01
2.372934579849243164e+00
3.566136658191680908e-01
2.464783430099487305e+00
2.658731937408447266e-01
3.965514898300170898e-01
1.086746230721473694e-01
1.491643637418746948e-01
2.335571527481079102e+00
4.075114428997039795e-01
2.448458433151245117e+00
3.068803250789642334e-01
4.010490477085113525e-01
1.137594953179359436e-01
1.443420797586441040e-01
2.371348619461059570e+00
4.018501341342926025e-01
2.451061487197875977e+00
2.891569435596466064e-01
4.021373689174652100e-01
1.123806312680244446e-01
1.464115977287292480e-01
2.403369665145874023e+00
3.890897035598754883e-01
2.494087934494018555e+00
2.720286846160888672e-01
4.102120101451873779e-01
1.109147667884826660e-01
1.316525787115097046e-01
2.383176803588867188e+00
4.299470484256744385e-01
2.475877046585083008e+00
2.673387229442596436e-01
3.950367867946624756e-01
1.164291277527809143e-01
1.316388398408889771e-01
2.413428544998168945e+00
3.984822332859039307e-01
2.533719301223754883e+00
2.811437547206878662e-01
4.160145521163940430e-01
1.255462020635604858e-01
1.297198086977005005e-01
2.519110918045043945e+00
3.806627690792083740e-01
2.634986877441406250e+00
2.785869240760803223e-01
4.264600276947021484e-01
1.155807003378868103e-01
1.296721547842025757e-01
2.553342819213867188e+00
4.007523059844970703e-01
2.676968574523925781e+00
2.738129198551177979e-01
4.306323528289794922e-01
1.166172027587890625e-01
1.122522354125976562e-01
2.574245929718017578e+00
4.463727474212646484e-01
2.652382135391235352e+00
2.924671471118927002e-01
4.262434542179107666e-01
1.099450811743736267e-01
1.116930842399597168e-01
2.643633127212524414e+00
4.098672866821289062e-01
2.736606597900390625e+00
2.836759686470031738e-01
4.109183251857757568e-01
1.090315803885459900e-01
1.183988824486732483e-01
2.664656877517700195e+00
4.220553934574127197e-01
2.783344030380249023e+00
2.949180901050567627e-01
4.198811054229736328e-01
1.061052903532981873e-01
1.104442775249481201e-01
2.675472974777221680e+00
4.213326871395111084e-01
2.772147178649902344e+00
2.840414941310882568e-01
4.051995277404785156e-01
1.045225039124488831e-01
1.026342734694480896e-01
2.660150289535522461e+00
4.232316315174102783e-01
2.771476507186889648e+00
2.927941679954528809e-01
3.978555500507354736e-01
1.070859059691429138e-01
9.962248802185058594e-02
2.670766830444335938e+00
4.270548820495605469e-01
2.766469240188598633e+00
3.003501296043395996e-01
4.039860665798187256e-01
1.135731339454650879e-01
9.170708805322647095e-02
2.666638135910034180e+00
4.163587093353271484e-01
2.768676519393920898e+00
3.020786941051483154e-01
4.175379574298858643e-01
1.166589632630348206e-01
1.063787639141082764e-01
2.646554231643676758e+00
4.100328385829925537e-01
2.767291307449340820e+00
3.065479099750518799e-01
4.074561595916748047e-01
1.107187047600746155e-01
1.052723154425621033e-01
2.642410278320312500e+00
4.064818620681762695e-01
2.778719663619995117e+00
2.838090360164642334e-01
4.202299416065216064e-01
1.159615293145179749e-01
9.943389892578125000e-02
2.626267910003662109e+00
3.995155394077301025e-01
2.790472269058227539e+00
2.777496576309204102e-01
4.053169786930084229e-01
1.130864620208740234e-01
9.320843219757080078e-02
2.586116552352905273e+00
3.846954107284545898e-01
2.766513109207153320e+00
2.816749513149261475e-01
3.990063667297363281e-01
1.276818066835403442e-01
8.882325142621994019e-02
2.660274267196655273e+00
3.818096220493316650e-01
2.782408475875854492e+00
2.619256079196929932e-01
4.031760990619659424e-01
1.121936067938804626e-01
8.710262924432754517e-02
2.658632993698120117e+00
3.918681442737579346e-01
2.787098646163940430e+00
2.507905066013336182e-01
4.149435460567474365e-01
1.261987239122390747e-01
9.006158262491226196e-02
2.680340528488159180e+00
3.851822316646575928e-01
2.800901651382446289e+00
2.263789921998977661e-01
4.152207076549530029e-01
1.396848112344741821e-01
8.497485518455505371e-02
2.692749023437500000e+00
3.805669248104095459e-01
2.831989288330078125e+00
2.391583919525146484e-01
4.401675462722778320e-01
1.329815238714218140e-01
8.636813610792160034e-02
2.712839841842651367e+00
3.566423356533050537e-01
2.837806463241577148e+00
2.240116000175476074e-01
4.440451860427856445e-01
1.244902089238166809e-01
8.304715901613235474e-02
2.709127187728881836e+00
3.552537262439727783e-01
2.838827133178710938e+00
2.076093405485153198e-01
4.437808990478515625e-01
1.261262595653533936e-01
8.112121373414993286e-02
2.661390066146850586e+00
3.683141469955444336e-01
2.800590753555297852e+00
2.315286993980407715e-01
4.235983788967132568e-01
1.304528266191482544e-01
8.313838392496109009e-02
2.709364652633666992e+00
3.332600295543670654e-01
2.821781873703002930e+00
2.219759225845336914e-01
4.093270301818847656e-01
1.285700649023056030e-01
7.983042299747467041e-02
2.745218992233276367e+00
3.020742833614349365e-01
2.895485639572143555e+00
2.039127796888351440e-01
4.291358888149261475e-01
1.243830323219299316e-01
7.870664447546005249e-02
2.605447530746459961e+00
3.590869009494781494e-01
2.736774444580078125e+00
2.151656001806259155e-01
4.021159112453460693e-01
1.227027401328086853e-01
7.275540381669998169e-02
2.548041820526123047e+00
3.501721918582916260e-01
2.643026590347290039e+00
2.292724698781967163e-01
4.160059988498687744e-01
1.231800541281700134e-01
5.979220196604728699e-02
2.459006071090698242e+00
3.891080617904663086e-01
2.505038499832153320e+00
2.296580821275711060e-01
4.299731254577636719e-01
1.216114461421966553e-01
5.265386402606964111e-02
2.251639842987060547e+00
3.639651834964752197e-01
2.254081010818481445e+00
2.328964024782180786e-01
4.196557700634002686e-01
1.183310970664024353e-01
4.787849262356758118e-02
2.123344659805297852e+00
3.703975677490234375e-01
1.904866337776184082e+00
2.154922038316726685e-01
4.470379650592803955e-01
1.075876653194427490e-01
5.391964316368103027e-02
2.221734046936035156e+00
3.628605902194976807e-01
2.016577005386352539e+00
2.340548783540725708e-01
4.270994663238525391e-01
1.102334856986999512e-01
4.723804071545600891e-02
2.175443649291992188e+00
3.835528194904327393e-01
2.077370882034301758e+00
2.489667087793350220e-01
4.282876253128051758e-01
1.165052875876426697e-01
5.461782217025756836e-02
2.115899324417114258e+00
4.071905314922332764e-01
2.121125459671020508e+00
2.556716203689575195e-01
3.993037045001983643e-01
1.076820269227027893e-01
4.750735685229301453e-02
2.122230768203735352e+00
3.922892510890960693e-01
2.140909671783447266e+00
2.582289874553680420e-01
3.864024579524993896e-01
9.875038266181945801e-02
6.233979389071464539e-02
2.118438482284545898e+00
3.710746765136718750e-01
2.139646768569946289e+00
2.579743266105651855e-01
3.808995485305786133e-01
9.468861669301986694e-02
6.451839208602905273e-02
2.097221136093139648e+00
3.222010433673858643e-01
2.145738363265991211e+00
2.272696644067764282e-01
3.724115192890167236e-01
9.873244911432266235e-02
6.263268738985061646e-02
2.061213016510009766e+00
3.271475732326507568e-01
2.045047044754028320e+00
2.164915949106216431e-01
3.732382953166961670e-01
9.131238609552383423e-02
5.993028357625007629e-02
2.007156610488891602e+00
3.880342543125152588e-01
2.016047239303588867e+00
2.884543836116790771e-01
3.816833496093750000e-01
9.975966066122055054e-02
5.899275466799736023e-02
2.009512901306152344e+00
3.161081969738006592e-01
1.995586514472961426e+00
2.717357575893402100e-01
3.672500550746917725e-01
1.109126433730125427e-01
5.642971396446228027e-02
2.104477405548095703e+00
2.948620021343231201e-01
2.031325101852416992e+00
2.207668274641036987e-01
3.505228459835052490e-01
1.187475696206092834e-01
5.762767791748046875e-02
2.100944519042968750e+00
2.813961803913116455e-01
2.041747808456420898e+00
2.072898596525192261e-01
3.563666343688964844e-01
1.150979101657867432e-01
6.246757134795188904e-02
2.088582038879394531e+00
2.776446938514709473e-01
2.098677873611450195e+00
2.093477994203567505e-01
3.724206984043121338e-01
1.146713271737098694e-01
6.340482831001281738e-02
2.133233308792114258e+00
2.522826790809631348e-01
2.156450986862182617e+00
2.031037807464599609e-01
3.703373372554779053e-01
1.141582056879997253e-01
6.578540802001953125e-02
2.174651384353637695e+00
2.428845614194869995e-01
2.191130876541137695e+00
1.884707957506179810e-01
3.827767372131347656e-01
1.171109899878501892e-01
6.435877084732055664e-02
2.140527486801147461e+00
2.377226352691650391e-01
2.093584775924682617e+00
1.767971068620681763e-01
3.738870620727539062e-01
1.124085783958435059e-01
6.049006059765815735e-02
2.081276893615722656e+00
2.213822156190872192e-01
2.019377708435058594e+00
1.793728321790695190e-01
3.708337545394897461e-01
1.161700487136840820e-01
7.044710963964462280e-02
2.066905736923217773e+00
2.126508951187133789e-01
2.115931749343872070e+00
1.704055666923522949e-01
3.467816412448883057e-01
1.185067296028137207e-01
6.133261322975158691e-02
2.127006530761718750e+00
2.121539264917373657e-01
2.104821920394897461e+00
1.692646294832229614e-01
3.256075084209442139e-01
1.248313784599304199e-01
6.209893152117729187e-02
2.108477354049682617e+00
2.188928574323654175e-01
2.151133298873901367e+00
1.646910905838012695e-01
3.324258625507354736e-01
1.334439665079116821e-01
5.951174721121788025e-02
2.138889312744140625e+00
2.012798786163330078e-01
2.251751899719238281e+00
1.551193743944168091e-01
3.185033500194549561e-01
1.429610401391983032e-01
6.008631363511085510e-02
2.312361478805541992e+00
2.024702280759811401e-01
2.420616388320922852e+00
1.561312824487686157e-01
3.302870988845825195e-01
1.440311223268508911e-01
6.552935391664505005e-02
2.447323560714721680e+00
2.052737027406692505e-01
2.597365617752075195e+00
1.553885787725448608e-01
3.400504589080810547e-01
1.498502790927886963e-01
6.302656233310699463e-02
2.530547380447387695e+00
1.926259547472000122e-01
2.681250333786010742e+00
1.450908184051513672e-01
3.451613485813140869e-01
1.572876721620559692e-01
6.139295175671577454e-02
2.620517015457153320e+00
1.817426681518554688e-01
2.791245222091674805e+00
1.396670490503311157e-01
3.372950851917266846e-01
1.797662228345870972e-01
6.023577973246574402e-02
2.747637033462524414e+00
1.862563639879226685e-01
2.930560111999511719e+00
1.394999772310256958e-01
3.457880914211273193e-01
2.020385265350341797e-01
5.830134078860282898e-02
2.750350952148437500e+00
1.834427863359451294e-01
2.917043924331665039e+00
1.366648524999618530e-01
3.621246814727783203e-01
2.112773209810256958e-01
5.702346563339233398e-02
2.692298889160156250e+00
1.826696544885635376e-01
2.882908582687377930e+00
1.329055577516555786e-01
3.892435729503631592e-01
2.097016125917434692e-01
5.500214174389839172e-02
2.582094907760620117e+00
1.767905503511428833e-01
2.827885627746582031e+00
1.222409382462501526e-01
4.393827021121978760e-01
2.187322229146957397e-01
5.536646768450737000e-02
2.624990463256835938e+00
1.766589134931564331e-01
2.836022615432739258e+00
1.248330101370811462e-01
4.959548413753509521e-01
2.100464552640914917e-01
5.473027005791664124e-02
2.629596471786499023e+00
1.677825897932052612e-01
2.848296165466308594e+00
1.203334927558898926e-01
5.365899205207824707e-01
1.993024200201034546e-01
5.396901443600654602e-02
2.563684701919555664e+00
1.817403882741928101e-01
2.755788803100585938e+00
1.179427132010459900e-01
5.481545925140380859e-01
1.912063807249069214e-01
5.380030348896980286e-02
2.525828123092651367e+00
1.684870123863220215e-01
2.712396383285522461e+00
1.164046525955200195e-01
5.125905871391296387e-01
1.859217137098312378e-01
5.255198478698730469e-02
2.586955070495605469e+00
1.715679764747619629e-01
2.799924135208129883e+00
1.210508048534393311e-01
4.776526391506195068e-01
1.746913045644760132e-01
5.304849147796630859e-02
2.639710187911987305e+00
1.742156147956848145e-01
2.826120376586914062e+00
1.248614192008972168e-01
4.648377001285552979e-01
1.890378743410110474e-01
5.329553410410881042e-02
2.713624238967895508e+00
1.642965823411941528e-01
2.892686843872070312e+00
1.094845309853553772e-01
4.039521217346191406e-01
1.452638804912567139e-01
4.647796973586082458e-02
2.708403825759887695e+00
1.668636947870254517e-01
2.940438985824584961e+00
1.113110110163688660e-01
3.904736042022705078e-01
1.409182548522949219e-01
4.459249600768089294e-02
2.714091539382934570e+00
1.753111630678176880e-01
2.947664022445678711e+00
1.208208426833152771e-01
3.799494802951812744e-01
1.264066696166992188e-01
4.360566660761833191e-02
2.712134599685668945e+00
1.740075796842575073e-01
2.973456621170043945e+00
1.219204664230346680e-01
3.886454105377197266e-01
1.327716261148452759e-01
3.781093657016754150e-02
2.638590574264526367e+00
1.738186329603195190e-01
2.817520856857299805e+00
1.099401339888572693e-01
4.057188034057617188e-01
1.233264803886413574e-01
3.955991193652153015e-02
2.461267471313476562e+00
1.714329719543457031e-01
2.658883810043334961e+00
1.106101274490356445e-01
4.099873602390289307e-01
1.353396028280258179e-01
3.835524991154670715e-02
2.509772062301635742e+00
1.675157397985458374e-01
2.757144927978515625e+00
1.118970736861228943e-01
3.657479286193847656e-01
1.314723640680313110e-01
4.286481067538261414e-02
2.620877027511596680e+00
1.726839989423751831e-01
2.748405218124389648e+00
1.144979819655418396e-01
3.315951228141784668e-01
1.306562423706054688e-01
4.208674654364585876e-02
2.616730690002441406e+00
1.856495887041091919e-01
2.772776842117309570e+00
1.178171560168266296e-01
3.115682601928710938e-01
1.176036000251770020e-01
3.720728680491447449e-02
2.078337669372558594e+00
1.734754890203475952e-01
2.208832502365112305e+00
1.200966909527778625e-01
3.315126597881317139e-01
1.118591427803039551e-01
3.663926944136619568e-02
1.292837142944335938e+00
1.739291548728942871e-01
1.327153086662292480e+00
1.139509677886962891e-01
3.307267129421234131e-01
9.511595219373703003e-02
3.020083904266357422e-02
2.052862405776977539e+00
1.730191260576248169e-01
2.160993337631225586e+00
1.144737526774406433e-01
3.196199834346771240e-01
9.011402726173400879e-02
2.491838485002517700e-02
9.272581934928894043e-01
1.728881597518920898e-01
9.095900654792785645e-01
1.123312711715698242e-01
3.340395987033843994e-01
8.506840467453002930e-02
2.616298757493495941e-02
1.501273989677429199e+00
1.792210787534713745e-01
1.556812286376953125e+00
1.168147325515747070e-01
3.154233396053314209e-01
7.148483395576477051e-02
2.591195516288280487e-02
1.174635648727416992e+00
1.809334009885787964e-01
1.269983530044555664e+00
1.162211373448371887e-01
3.498208224773406982e-01
6.579370796680450439e-02
1.926396973431110382e-02
1.438045620918273926e+00
1.754402071237564087e-01
1.541308403015136719e+00
1.169362068176269531e-01
3.275364637374877930e-01
6.309396028518676758e-02
2.514567226171493530e-02
1.440850138664245605e+00
1.836634427309036255e-01
1.483127474784851074e+00
1.205652132630348206e-01
3.227163553237915039e-01
6.688327342271804810e-02
2.395905368030071259e-02
1.321325540542602539e+00
1.764395684003829956e-01
1.375947356224060059e+00
1.167505756020545959e-01
2.983878552913665771e-01
7.613896578550338745e-02
2.536513656377792358e-02
1.479228973388671875e+00
1.837610453367233276e-01
1.516984581947326660e+00
1.223444715142250061e-01
2.757610380649566650e-01
6.704083830118179321e-02
2.423380874097347260e-02
1.332573771476745605e+00
1.698374003171920776e-01
1.424249649047851562e+00
1.194344758987426758e-01
2.547550201416015625e-01
6.675418466329574585e-02
2.465943805873394012e-02
1.312329292297363281e+00
1.702215224504470825e-01
1.393097519874572754e+00
1.183098927140235901e-01
2.754554748535156250e-01
6.443507224321365356e-02
2.488089539110660553e-02
1.197926521301269531e+00
1.797449141740798950e-01
1.257939696311950684e+00
1.253577321767807007e-01
2.635642588138580322e-01
6.053264066576957703e-02
2.549188397824764252e-02
1.397687077522277832e+00
1.703503578901290894e-01
1.452641487121582031e+00
1.198840141296386719e-01
2.598032057285308838e-01
6.575166434049606323e-02
2.073162049055099487e-02
1.252211093902587891e+00
1.747654825448989868e-01
1.243090391159057617e+00
1.233920678496360779e-01
2.523320913314819336e-01
6.695880740880966187e-02
2.200832776725292206e-02
1.403332829475402832e+00
1.697779148817062378e-01
1.487199902534484863e+00
1.200156435370445251e-01
2.501943111419677734e-01
5.224325880408287048e-02
2.161183208227157593e-02
1.338632106781005859e+00
1.696795672178268433e-01
1.372391700744628906e+00
1.213813796639442444e-01
2.566494047641754150e-01
6.860706955194473267e-02
2.467167191207408905e-02
1.493334770202636719e+00
1.768616288900375366e-01
1.597095131874084473e+00
1.280663311481475830e-01
2.710401415824890137e-01
6.873168796300888062e-02
2.269153855741024017e-02
1.460842609405517578e+00
1.837117671966552734e-01
1.484566569328308105e+00
1.256595104932785034e-01
2.630040049552917480e-01
6.657410413026809692e-02
2.292875386774539948e-02
1.402306199073791504e+00
1.797591298818588257e-01
1.476634383201599121e+00
1.265050172805786133e-01
2.837522327899932861e-01
5.672443285584449768e-02
2.352533489465713501e-02
1.228449702262878418e+00
1.791724413633346558e-01
1.306556463241577148e+00
1.260434240102767944e-01
2.825801074504852295e-01
6.122645735740661621e-02
2.415804378688335419e-02
1.518444418907165527e+00
1.787119507789611816e-01
1.595805764198303223e+00
1.240529194474220276e-01
2.779702842235565186e-01
6.329694390296936035e-02
2.525801770389080048e-02
1.353289604187011719e+00
1.821335107088088989e-01
1.367334365844726562e+00
1.316213160753250122e-01
2.701898515224456787e-01
6.260765343904495239e-02
2.499394118785858154e-02
1.488092303276062012e+00
1.924587935209274292e-01
1.528212428092956543e+00
1.356432884931564331e-01
2.769252359867095947e-01
5.871002748608589172e-02
2.545451559126377106e-02
1.025436997413635254e+00
1.842386275529861450e-01
1.085291504859924316e+00
1.357970535755157471e-01
2.800183892250061035e-01
5.868011713027954102e-02
2.459817193448543549e-02
8.404200673103332520e-01
1.837348937988281250e-01
8.768795132637023926e-01
1.339477151632308960e-01
2.638221979141235352e-01
5.809680745005607605e-02
2.344339899718761444e-02
8.014032244682312012e-01
1.763403415679931641e-01
8.549992442131042480e-01
1.346812397241592407e-01
2.774564027786254883e-01
5.953158810734748840e-02
2.395137585699558258e-02
6.939342617988586426e-01
1.727014929056167603e-01
7.356464266777038574e-01
1.219173446297645569e-01
2.891685664653778076e-01
5.742703750729560852e-02
2.317266725003719330e-02
8.631160259246826172e-01
1.804162412881851196e-01
8.729316592216491699e-01
1.275521665811538696e-01
2.786841690540313721e-01
7.069355994462966919e-02
2.311663329601287842e-02
9.141857624053955078e-01
1.849451065063476562e-01
9.439484477043151855e-01
1.282488554716110229e-01
3.107277452945709229e-01
6.077897548675537109e-02
2.329291962087154388e-02
8.417649269104003906e-01
1.745893955230712891e-01
9.155796170234680176e-01
1.270021349191665649e-01
3.037613332271575928e-01
7.185012102127075195e-02
2.388864755630493164e-02
8.734673857688903809e-01
1.926693320274353027e-01
9.089760184288024902e-01
1.366893947124481201e-01
2.793580889701843262e-01
7.704926282167434692e-02
2.251478470861911774e-02
8.486433625221252441e-01
1.955682784318923950e-01
9.079053997993469238e-01
1.367164254188537598e-01
2.557915449142456055e-01
6.748806685209274292e-02
2.284260652959346771e-02
8.148099780082702637e-01
1.862687468528747559e-01
8.460542559623718262e-01
1.378851383924484253e-01
2.502009570598602295e-01
7.177904993295669556e-02
2.251572720706462860e-02
7.611195445060729980e-01
1.779275685548782349e-01
7.847650051116943359e-01
1.342675834894180298e-01
2.514340877532958984e-01
5.506553128361701965e-02
2.251055091619491577e-02
7.569687366485595703e-01
1.874001771211624146e-01
7.926014065742492676e-01
1.367590278387069702e-01
2.737149894237518311e-01
5.363461002707481384e-02
2.331183850765228271e-02
7.976306080818176270e-01
1.857233494520187378e-01
8.102615475654602051e-01
1.330361664295196533e-01
2.812043726444244385e-01
6.133641675114631653e-02
2.261273004114627838e-02
8.126183152198791504e-01
1.839299649000167847e-01
8.322598934173583984e-01
1.275353580713272095e-01
2.837178409099578857e-01
5.757294595241546631e-02
2.394142746925354004e-02
7.987802028656005859e-01
1.789408922195434570e-01
8.713240027427673340e-01
1.270176917314529419e-01
2.716439366340637207e-01
5.808675289154052734e-02
2.351855300366878510e-02
8.612272143363952637e-01
1.856918781995773315e-01
9.241927266120910645e-01
1.349788010120391846e-01
2.518909871578216553e-01
5.693311616778373718e-02
2.401796914637088776e-02
8.630220293998718262e-01
1.928407102823257446e-01
8.994848728179931641e-01
1.346221119165420532e-01
2.636673748493194580e-01
5.777511000633239746e-02
2.652446366846561432e-02
8.820193409919738770e-01
1.999921202659606934e-01
9.094188213348388672e-01
1.353451609611511230e-01
2.885102331638336182e-01
6.068271026015281677e-02
2.931572310626506805e-02
8.456446528434753418e-01
2.026669383049011230e-01
9.172887802124023438e-01
1.366791129112243652e-01
2.902644574642181396e-01
6.399162113666534424e-02
2.972845174372196198e-02
8.273382186889648438e-01
2.051253318786621094e-01
8.593564033508300781e-01
1.428854912519454956e-01
2.911636531352996826e-01
6.380336731672286987e-02
2.837536670267581940e-02
8.452835083007812500e-01
2.162383794784545898e-01
9.085616469383239746e-01
1.431909054517745972e-01
2.832170724868774414e-01
5.493992567062377930e-02
3.091966174542903900e-02
9.551690220832824707e-01
2.254688739776611328e-01
1.012873411178588867e+00
1.503319740295410156e-01
2.966024577617645264e-01
5.459694564342498779e-02
3.406831249594688416e-02
9.336206912994384766e-01
2.319658398628234863e-01
9.912722706794738770e-01
1.509335786104202271e-01
2.954880297183990479e-01
5.641071125864982605e-02
4.041183367371559143e-02
9.947261810302734375e-01
2.400891333818435669e-01
1.042816281318664551e+00
1.535882800817489624e-01
2.972167432308197021e-01
5.590683221817016602e-02
3.933458030223846436e-02
8.373774886131286621e-01
2.508669793605804443e-01
8.543376922607421875e-01
1.612922400236129761e-01
2.896538972854614258e-01
5.673769488930702209e-02
3.949662670493125916e-02
6.438183188438415527e-01
2.500616610050201416e-01
7.040724754333496094e-01
1.768841594457626343e-01
2.850756347179412842e-01
6.151829659938812256e-02
3.483888134360313416e-02
6.145033240318298340e-01
2.403527498245239258e-01
6.393055319786071777e-01
1.697671413421630859e-01
2.955432832241058350e-01
5.445473268628120422e-02
3.146356716752052307e-02
6.815626025199890137e-01
2.452508658170700073e-01
7.123076319694519043e-01
1.662728041410446167e-01
2.908118069171905518e-01
5.583061277866363525e-02
3.557866439223289490e-02
8.085918426513671875e-01
2.444468885660171509e-01
8.468940854072570801e-01
1.560336798429489136e-01
3.098371326923370361e-01
6.526695936918258667e-02
3.327901288866996765e-02
8.705579638481140137e-01
2.579101324081420898e-01
8.729515075683593750e-01
1.579234749078750610e-01
3.516947925090789795e-01
6.975217908620834351e-02
2.803307771682739258e-02
8.285923004150390625e-01
2.339412569999694824e-01
8.440189361572265625e-01
1.580486446619033813e-01
3.509275913238525391e-01
7.351452857255935669e-02
2.743414230644702911e-02
9.055966734886169434e-01
2.685472667217254639e-01
8.854772448539733887e-01
1.746582984924316406e-01
3.478854596614837646e-01
7.526562362909317017e-02
2.543921209871768951e-02
8.887658119201660156e-01
2.956347763538360596e-01
9.473752379417419434e-01
1.773196458816528320e-01
3.337495028972625732e-01
8.045729249715805054e-02
2.613089978694915771e-02
8.725738525390625000e-01
3.073489964008331299e-01
8.653035163879394531e-01
1.942938119173049927e-01
3.392148911952972412e-01
6.839033216238021851e-02
2.749939449131488800e-02
8.155735135078430176e-01
2.992616891860961914e-01
8.113002777099609375e-01
2.007817775011062622e-01
3.305772840976715088e-01
6.431063264608383179e-02
2.749989368021488190e-02
8.567793965339660645e-01
3.198696076869964600e-01
8.420460224151611328e-01
2.103241831064224243e-01
3.444081544876098633e-01
6.576638668775558472e-02
2.988307736814022064e-02
8.919531702995300293e-01
2.941541373729705811e-01
8.584623336791992188e-01
1.882218569517135620e-01
3.509040176868438721e-01
6.210319325327873230e-02
3.328359872102737427e-02
8.791728019714355469e-01
2.974843680858612061e-01
8.900578618049621582e-01
1.993498206138610840e-01
3.508140742778778076e-01
6.057997420430183411e-02
2.990219183266162872e-02
8.360890746116638184e-01
2.876167297363281250e-01
9.064127802848815918e-01
1.962934285402297974e-01
3.193761408329010010e-01
6.047654151916503906e-02
3.818253800272941589e-02
9.470324516296386719e-01
2.917052507400512695e-01
9.625495076179504395e-01
1.893775463104248047e-01
3.015083074569702148e-01
6.049457192420959473e-02
3.156624361872673035e-02
9.186848998069763184e-01
3.029061257839202881e-01
9.332806468009948730e-01
1.994900703430175781e-01
3.007594943046569824e-01
5.827964469790458679e-02
3.215387836098670959e-02
8.753390908241271973e-01
2.978245615959167480e-01
8.871870040893554688e-01
1.909811943769454956e-01
3.116427361965179443e-01
6.099634245038032532e-02
3.033679537475109100e-02
8.899868130683898926e-01
3.200383186340332031e-01
8.901907801628112793e-01
2.074198573827743530e-01
3.273040950298309326e-01
6.316535919904708862e-02
3.100970387458801270e-02
8.393592834472656250e-01
3.131587803363800049e-01
8.509924411773681641e-01
2.087346911430358887e-01
3.204089701175689697e-01
6.315755844116210938e-02
3.220860660076141357e-02
8.782693743705749512e-01
3.128869235515594482e-01
8.980383276939392090e-01
2.098162621259689331e-01
3.239570856094360352e-01
6.404308229684829712e-02
2.816947735846042633e-02
9.248153567314147949e-01
2.762821316719055176e-01
9.154068827629089355e-01
1.819029003381729126e-01
3.177348673343658447e-01
6.575199961662292480e-02
3.078575432300567627e-02
9.195329546928405762e-01
3.094085454940795898e-01
9.010612368583679199e-01
1.935129165649414062e-01
3.248693645000457764e-01
6.478766351938247681e-02
3.242842480540275574e-02
9.968221187591552734e-01
3.147674798965454102e-01
9.752666354179382324e-01
1.947392672300338745e-01
3.457017242908477783e-01
6.690070778131484985e-02
3.203063085675239563e-02
7.679613232612609863e-01
2.967944443225860596e-01
7.743638157844543457e-01
2.069026827812194824e-01
3.377463817596435547e-01
6.624367088079452515e-02
2.905671298503875732e-02
6.580025553703308105e-01
3.099786639213562012e-01
6.612553000450134277e-01
2.112241238355636597e-01
3.390396535396575928e-01
7.177305966615676880e-02
2.729928493499755859e-02
6.976259350776672363e-01
2.998057901859283447e-01
7.124197483062744141e-01
2.042698860168457031e-01
3.402334153652191162e-01
6.938517838716506958e-02
2.466741390526294708e-02
6.782731413841247559e-01
2.868989109992980957e-01
6.996121406555175781e-01
1.987730711698532104e-01
3.352071344852447510e-01
7.667639851570129395e-02
2.603035606443881989e-02
6.332941055297851562e-01
3.690792620182037354e-01
6.286681294441223145e-01
2.657876312732696533e-01
3.534069061279296875e-01
7.590091228485107422e-02
2.465312741696834564e-02
7.037058472633361816e-01
3.316489458084106445e-01
6.813845634460449219e-01
2.392614632844924927e-01
3.750740587711334229e-01
7.392844557762145996e-02
2.212749607861042023e-02
6.625247597694396973e-01
2.828944623470306396e-01
6.707434654235839844e-01
1.948534697294235229e-01
3.566255569458007812e-01
8.526909351348876953e-02
2.240270934998989105e-02
6.557162404060363770e-01
2.844452261924743652e-01
6.533802151679992676e-01
1.952446103096008301e-01
3.573483526706695557e-01
8.604534715414047241e-02
2.120009064674377441e-02
6.592554450035095215e-01
2.914181053638458252e-01
6.728699207305908203e-01
1.991006880998611450e-01
3.465202748775482178e-01
8.407769352197647095e-02
1.975500024855136871e-02
6.628702878952026367e-01
2.803842723369598389e-01
6.430483460426330566e-01
1.902934759855270386e-01
3.431917130947113037e-01
9.780975431203842163e-02
2.019671164453029633e-02
6.243062019348144531e-01
2.902515828609466553e-01
6.248068213462829590e-01
1.945493966341018677e-01
3.664146661758422852e-01
1.014267280697822571e-01
1.975816302001476288e-02
6.337960362434387207e-01
3.012161552906036377e-01
6.256272196769714355e-01
1.939279586076736450e-01
4.233624935150146484e-01
1.234508752822875977e-01
2.035896666347980499e-02
6.760818362236022949e-01
3.170146048069000244e-01
6.591932177543640137e-01
2.031496316194534302e-01
4.420203864574432373e-01
1.167466565966606140e-01
1.776734739542007446e-02
6.864365935325622559e-01
3.140754997730255127e-01
6.807482242584228516e-01
2.086252421140670776e-01
4.527481794357299805e-01
1.108847558498382568e-01
1.622554473578929901e-02
6.755746006965637207e-01
3.267922699451446533e-01
6.608785986900329590e-01
2.309403866529464722e-01
4.305925667285919189e-01
1.056799292564392090e-01
1.643170975148677826e-02
7.078688740730285645e-01
3.515568971633911133e-01
6.895408034324645996e-01
2.269362956285476685e-01
3.927303850650787354e-01
1.080017462372779846e-01
1.613165251910686493e-02
7.251214385032653809e-01
3.601917326450347900e-01
7.103424072265625000e-01
2.503309845924377441e-01
3.789923191070556641e-01
9.545674175024032593e-02
1.636182330548763275e-02
7.219162583351135254e-01
3.276700377464294434e-01
6.957033276557922363e-01
2.312049865722656250e-01
4.058961868286132812e-01
1.070718541741371155e-01
1.673806644976139069e-02
7.011669278144836426e-01
3.086368739604949951e-01
6.721339225769042969e-01
2.137473970651626587e-01
3.987788856029510498e-01
1.129690706729888916e-01
1.623888872563838959e-02
7.042713165283203125e-01
3.497920930385589600e-01
6.822252869606018066e-01
2.255180478096008301e-01
4.339353740215301514e-01
1.309753507375717163e-01
1.685352437198162079e-02
7.109559178352355957e-01
3.620451390743255615e-01
6.778529286384582520e-01
2.477678060531616211e-01
3.948082029819488525e-01
1.095422729849815369e-01
1.610945351421833038e-02
7.910277843475341797e-01
3.886587619781494141e-01
7.577629089355468750e-01
2.470659464597702026e-01
4.067974388599395752e-01
1.075614914298057556e-01
1.616916991770267487e-02
8.113080859184265137e-01
3.734331130981445312e-01
7.760860919952392578e-01
2.705908417701721191e-01
4.217447042465209961e-01
9.960520267486572266e-02
1.582990959286689758e-02
8.315088152885437012e-01
3.785531520843505859e-01
7.911593317985534668e-01
2.412337660789489746e-01
4.573818147182464600e-01
1.316971778869628906e-01
1.630077697336673737e-02
6.949426531791687012e-01
3.773476779460906982e-01
6.697291731834411621e-01
2.558272182941436768e-01
3.999626636505126953e-01
1.156123653054237366e-01
1.652922295033931732e-02
6.697986721992492676e-01
3.717637360095977783e-01
6.157932877540588379e-01
2.116421461105346680e-01
4.148071706295013428e-01
1.367704421281814575e-01
1.601986773312091827e-02
6.235487461090087891e-01
3.919933140277862549e-01
5.965585112571716309e-01
2.349721193313598633e-01
4.679492413997650146e-01
1.942441016435623169e-01
1.637665368616580963e-02
6.220236420631408691e-01
4.006548821926116943e-01
6.146267056465148926e-01
2.278343439102172852e-01
4.147681295871734619e-01
1.509240120649337769e-01
1.679935306310653687e-02
6.008704304695129395e-01
4.396753311157226562e-01
5.797393321990966797e-01
2.554369866847991943e-01
4.817706048488616943e-01
1.583596915006637573e-01
1.670729182660579681e-02
6.540535092353820801e-01
4.003020524978637695e-01
6.302774548530578613e-01
2.306089401245117188e-01
4.933973252773284912e-01
1.754826307296752930e-01
1.660453155636787415e-02
6.761425137519836426e-01
3.863664865493774414e-01
6.591255068778991699e-01
2.291291505098342896e-01
4.617573320865631104e-01
1.835061907768249512e-01
1.776084303855895996e-02
6.804448962211608887e-01
4.074002504348754883e-01
6.586492657661437988e-01
2.370739430189132690e-01
4.614136219024658203e-01
1.550778597593307495e-01
1.786858774721622467e-02
6.821246743202209473e-01
3.938095569610595703e-01
6.472566723823547363e-01
2.461186051368713379e-01
4.756200611591339111e-01
1.390911489725112915e-01
1.761447452008724213e-02
7.205512523651123047e-01
3.846811354160308838e-01
6.816484332084655762e-01
2.131489515304565430e-01
4.959743022918701172e-01
1.688674688339233398e-01
1.780079118907451630e-02
6.768401265144348145e-01
3.958868086338043213e-01
6.674864888191223145e-01
2.313482314348220825e-01
5.207321047782897949e-01
1.658270061016082764e-01
1.789326965808868408e-02
6.773543357849121094e-01
4.235096275806427002e-01
6.636953353881835938e-01
2.361541241407394409e-01
5.889192223548889160e-01
1.959718614816665649e-01
1.830513589084148407e-02
6.990839838981628418e-01
3.890740871429443359e-01
6.694168448448181152e-01
2.015922516584396362e-01
6.016076207160949707e-01
1.838444918394088745e-01
1.863670162856578827e-02
7.384788393974304199e-01
4.711937010288238525e-01
7.014492154121398926e-01
2.617477178573608398e-01
5.979046821594238281e-01
1.815568953752517700e-01
1.925098709762096405e-02
7.052686810493469238e-01
4.684629738330841064e-01
6.563429832458496094e-01
2.910594344139099121e-01
5.601978898048400879e-01
1.713060736656188965e-01
2.153658866882324219e-02
6.749601364135742188e-01
4.938900172710418701e-01
6.405283808708190918e-01
2.847698926925659180e-01
5.241857171058654785e-01
1.591954976320266724e-01
2.095805853605270386e-02
7.212164402008056641e-01
4.836874902248382568e-01
6.841149330139160156e-01
3.284412920475006104e-01
5.030663609504699707e-01
1.472563892602920532e-01
2.123434282839298248e-02
7.334518432617187500e-01
5.081904530525207520e-01
6.788308620452880859e-01
3.182812035083770752e-01
4.626664221286773682e-01
1.279156208038330078e-01
2.240219712257385254e-02
7.174715995788574219e-01
5.034442543983459473e-01
6.843345761299133301e-01
3.055668175220489502e-01
4.698220193386077881e-01
1.268593519926071167e-01
2.301104366779327393e-02
7.374727725982666016e-01
5.123774409294128418e-01
7.024726867675781250e-01
2.952632308006286621e-01
4.742406308650970459e-01
1.260460466146469116e-01
2.312468923628330231e-02
7.276338934898376465e-01
4.743939340114593506e-01
6.700903773307800293e-01
2.806640267372131348e-01
4.975180625915527344e-01
1.267623454332351685e-01
2.415587007999420166e-02
7.782300114631652832e-01
4.768696129322052002e-01
7.230386734008789062e-01
2.948196232318878174e-01
5.042569637298583984e-01
1.161762252449989319e-01
2.521298266947269440e-02
8.076484203338623047e-01
5.564067959785461426e-01
7.419335842132568359e-01
3.205215632915496826e-01
5.051104426383972168e-01
1.056621894240379333e-01
2.635142207145690918e-02
8.304734230041503906e-01
5.315638184547424316e-01
7.600823044776916504e-01
3.329439759254455566e-01
5.358960032463073730e-01
1.155424937605857849e-01
2.886609733104705811e-02
7.748332023620605469e-01
4.650271832942962646e-01
7.349023818969726562e-01
2.996690571308135986e-01
5.150938034057617188e-01
1.443222314119338989e-01
3.208234906196594238e-02
7.989826202392578125e-01
4.444866180419921875e-01
7.206513881683349609e-01
2.690021693706512451e-01
4.997433125972747803e-01
1.381796747446060181e-01
3.320019692182540894e-02
7.457735538482666016e-01
5.182917714118957520e-01
6.981239318847656250e-01
3.013167381286621094e-01
5.568249821662902832e-01
1.859210133552551270e-01
3.520545735955238342e-02
7.332007884979248047e-01
4.928721487522125244e-01
7.113396525382995605e-01
2.897432148456573486e-01
5.633621215820312500e-01
1.216118559241294861e-01
3.655423969030380249e-02
7.022498250007629395e-01
5.001062750816345215e-01
6.695094704627990723e-01
3.050516247749328613e-01
5.553869605064392090e-01
1.445370614528656006e-01
3.714860603213310242e-02
7.270073890686035156e-01
4.407450854778289795e-01
7.121307253837585449e-01
2.707931697368621826e-01
5.761763453483581543e-01
1.284378170967102051e-01
3.471632674336433411e-02
7.351689338684082031e-01
4.863265454769134521e-01
7.094707489013671875e-01
2.789945900440216064e-01
5.318355560302734375e-01
1.229124069213867188e-01
3.710077702999114990e-02
7.326102256774902344e-01
3.828298747539520264e-01
7.005882263183593750e-01
2.729354500770568848e-01
5.353090763092041016e-01
1.184258460998535156e-01
4.109918698668479919e-02
7.248666286468505859e-01
4.342952966690063477e-01
7.252226471900939941e-01
2.742812037467956543e-01
5.622628331184387207e-01
1.132974028587341309e-01
4.339910671114921570e-02
7.878620028495788574e-01
4.504571855068206787e-01
7.865557670593261719e-01
2.718084454536437988e-01
5.547628998756408691e-01
1.119227036833763123e-01
4.447154700756072998e-02
7.567529678344726562e-01
5.138546824455261230e-01
7.708837389945983887e-01
3.146764934062957764e-01
5.589017868041992188e-01
1.027696803212165833e-01
4.591886326670646667e-02
7.456116676330566406e-01
5.170094370841979980e-01
7.365953326225280762e-01
3.198035359382629395e-01
6.157339811325073242e-01
1.034535542130470276e-01
4.754222556948661804e-02
7.280479073524475098e-01
4.473289549350738525e-01
7.135459780693054199e-01
2.435444742441177368e-01
6.261281371116638184e-01
1.222758516669273376e-01
4.822340607643127441e-02
7.942347526550292969e-01
5.719792246818542480e-01
7.791492342948913574e-01
3.194245994091033936e-01
6.446452736854553223e-01
1.136203035712242126e-01
4.822675883769989014e-02
8.224735260009765625e-01
6.065111756324768066e-01
7.676830291748046875e-01
3.343588411808013916e-01
6.255505681037902832e-01
1.112885996699333191e-01
5.362996459007263184e-02
7.582819461822509766e-01
5.644670724868774414e-01
7.087737917900085449e-01
3.468722403049468994e-01
5.560119152069091797e-01
8.678245544433593750e-02
5.874504521489143372e-02
7.575410008430480957e-01
5.563090443611145020e-01
7.453815937042236328e-01
3.255193531513214111e-01
5.739485621452331543e-01
9.068819135427474976e-02
5.716751143336296082e-02
7.860147356986999512e-01
5.985467433929443359e-01
7.467977404594421387e-01
3.489221632480621338e-01
5.816438794136047363e-01
8.552169054746627808e-02
5.993217229843139648e-02
8.035071492195129395e-01
5.380663871765136719e-01
7.511777877807617188e-01
3.754495382308959961e-01
5.675885081291198730e-01
7.898300141096115112e-02
5.570527911186218262e-02
8.312061429023742676e-01
5.657498240470886230e-01
7.969848513603210449e-01
3.701063692569732666e-01
6.035214662551879883e-01
8.126679807901382446e-02
5.720219016075134277e-02
8.542216420173645020e-01
5.437597632408142090e-01
8.002302646636962891e-01
3.416934013366699219e-01
6.383468508720397949e-01
8.414142578840255737e-02
5.653151869773864746e-02
8.457848429679870605e-01
5.724172592163085938e-01
7.846431732177734375e-01
3.543487489223480225e-01
6.543254256248474121e-01
8.587849885225296021e-02
5.503835901618003845e-02
8.553721904754638672e-01
5.702927708625793457e-01
7.953389286994934082e-01
3.351624906063079834e-01
7.061440348625183105e-01
8.825725317001342773e-02
5.202402174472808838e-02
8.648025393486022949e-01
5.694026947021484375e-01
7.931234836578369141e-01
3.379772603511810303e-01
6.940193176269531250e-01
1.152800619602203369e-01
5.001397058367729187e-02
8.364265561103820801e-01
4.808563888072967529e-01
7.883389592170715332e-01
3.197934329509735107e-01
6.423315405845642090e-01
1.107039824128150940e-01
4.674873128533363342e-02
1.031869769096374512e+00
5.513681769371032715e-01
8.737721443176269531e-01
3.158548176288604736e-01
6.600382924079895020e-01
9.533265978097915649e-02
4.319736734032630920e-02
9.315245151519775391e-01
4.921975135803222656e-01
8.823032975196838379e-01
2.940256595611572266e-01
6.738462448120117188e-01
1.133353710174560547e-01
4.076422378420829773e-02
9.811304211616516113e-01
4.926911294460296631e-01
1.023581266403198242e+00
3.222289383411407471e-01
6.600591540336608887e-01
1.202128902077674866e-01
4.047649726271629333e-02
1.048620581626892090e+00
5.191490054130554199e-01
1.022812962532043457e+00
3.050707876682281494e-01
6.512545943260192871e-01
1.212466433644294739e-01
4.029873758554458618e-02
1.115820527076721191e+00
4.368097484111785889e-01
1.102780699729919434e+00
2.977280914783477783e-01
6.702546477317810059e-01
1.185445263981819153e-01
4.007222875952720642e-02
1.176869511604309082e+00
4.665268957614898682e-01
1.128238797187805176e+00
3.055289983749389648e-01
6.439211964607238770e-01
9.536495059728622437e-02
3.931109979748725891e-02
1.143739223480224609e+00
4.298556745052337646e-01
1.110993504524230957e+00
2.902705669403076172e-01
6.547239422798156738e-01
8.895827084779739380e-02
3.826287761330604553e-02
1.082807183265686035e+00
4.491409361362457275e-01
1.054587483406066895e+00
2.861098349094390869e-01
6.209640502929687500e-01
8.758541941642761230e-02
3.657449036836624146e-02
1.118102192878723145e+00
4.292369782924652100e-01
1.113379716873168945e+00
2.864721715450286865e-01
5.991992950439453125e-01
8.958675712347030640e-02
3.556420281529426575e-02
1.087245941162109375e+00
4.492708742618560791e-01
1.116851925849914551e+00
2.838748991489410400e-01
6.137841343879699707e-01
7.787705212831497192e-02
3.323712944984436035e-02
1.125387191772460938e+00
4.521000087261199951e-01
1.106357812881469727e+00
2.959465682506561279e-01
6.312636137008666992e-01
7.637103646993637085e-02
3.179613128304481506e-02
1.068842768669128418e+00
3.881088793277740479e-01
1.052057147026062012e+00
2.217994481325149536e-01
6.756626963615417480e-01
8.849749714136123657e-02
3.196595236659049988e-02
1.100521683692932129e+00
5.176703333854675293e-01
1.141855120658874512e+00
3.239296376705169678e-01
6.574955582618713379e-01
8.874931186437606812e-02
3.209912404417991638e-02
1.116777300834655762e+00
4.275468289852142334e-01
1.055551648139953613e+00
2.536061108112335205e-01
6.065140366554260254e-01
8.070120960474014282e-02
3.266358003020286560e-02
1.058928370475769043e+00
4.286867678165435791e-01
9.849009513854980469e-01
2.633696496486663818e-01
5.513268113136291504e-01
7.120967656373977661e-02
3.635784611105918884e-02
1.026601314544677734e+00
4.225374460220336914e-01
1.020893931388854980e+00
2.342111021280288696e-01
5.438230633735656738e-01
5.895131826400756836e-02
3.665387257933616638e-02
1.083479046821594238e+00
3.844763338565826416e-01
1.088351845741271973e+00
2.513674199581146240e-01
5.173047184944152832e-01
6.777882575988769531e-02
3.141063824295997620e-02
1.116146802902221680e+00
3.181405067443847656e-01
1.082005620002746582e+00
2.529858946800231934e-01
5.071297287940979004e-01
6.194127723574638367e-02
2.976179309189319611e-02
1.136008620262145996e+00
3.763791620731353760e-01
1.161326527595520020e+00
2.716791629791259766e-01
4.931868016719818115e-01
6.084172055125236511e-02
2.967953495681285858e-02
1.132170081138610840e+00
3.776083290576934814e-01
1.078579068183898926e+00
2.449050992727279663e-01
4.904549419879913330e-01
6.918311119079589844e-02
3.061167337000370026e-02
1.090937972068786621e+00
3.866158723831176758e-01
1.042759060859680176e+00
2.502764463424682617e-01
5.143390297889709473e-01
7.270777970552444458e-02
3.080923855304718018e-02
1.098971009254455566e+00
4.391620457172393799e-01
1.077229857444763184e+00
2.559075653553009033e-01
5.407279729843139648e-01
6.136922165751457214e-02
3.092902339994907379e-02
1.132910847663879395e+00
4.949585199356079102e-01
1.089554667472839355e+00
3.281486332416534424e-01
5.620459318161010742e-01
9.106978774070739746e-02
2.986161969602108002e-02
1.079947948455810547e+00
4.304350912570953369e-01
1.062773346900939941e+00
2.817772030830383301e-01
5.091035962104797363e-01
6.232464313507080078e-02
3.188394382596015930e-02
1.253905773162841797e+00
4.038923978805541992e-01
1.134025454521179199e+00
2.299940139055252075e-01
4.659794867038726807e-01
7.276766747236251831e-02
3.113937377929687500e-02
1.149072170257568359e+00
4.097425639629364014e-01
1.166772961616516113e+00
2.592579126358032227e-01
5.215243697166442871e-01
7.491054385900497437e-02
3.041820973157882690e-02
1.223609805107116699e+00
4.417482614517211914e-01
1.276177763938903809e+00
2.811040580272674561e-01
4.974348545074462891e-01
7.719317823648452759e-02
2.996062673628330231e-02
1.248011589050292969e+00
4.274779260158538818e-01
1.277270317077636719e+00
2.789906561374664307e-01
4.731594622135162354e-01
9.035357087850570679e-02
3.170461580157279968e-02
1.265194892883300781e+00
4.689705371856689453e-01
1.317089796066284180e+00
2.590408623218536377e-01
4.701049327850341797e-01
6.881233304738998413e-02
3.104062192142009735e-02
1.362805724143981934e+00
4.019809663295745850e-01
1.334814906120300293e+00
2.251371294260025024e-01
4.775174558162689209e-01
7.626216858625411987e-02
3.170492500066757202e-02
1.275736927986145020e+00
3.643996715545654297e-01
1.316045999526977539e+00
2.090486288070678711e-01
4.525178372859954834e-01
6.686649471521377563e-02
3.174786642193794250e-02
1.237742424011230469e+00
3.689803183078765869e-01
1.208622574806213379e+00
2.127507328987121582e-01
4.834882318973541260e-01
5.823061987757682800e-02
3.210919722914695740e-02
1.257887482643127441e+00
3.821046650409698486e-01
1.329965114593505859e+00
2.248025089502334595e-01
4.549224376678466797e-01
5.064927414059638977e-02
3.316186740994453430e-02
1.270770788192749023e+00
4.038995802402496338e-01
1.380191206932067871e+00
2.431759685277938843e-01
4.548104107379913330e-01
5.398634076118469238e-02
3.347656875848770142e-02
1.322770237922668457e+00
5.756030678749084473e-01
1.364484429359436035e+00
2.858715355396270752e-01
4.742175042629241943e-01
5.396386981010437012e-02
3.290618211030960083e-02
1.208858489990234375e+00
4.321453571319580078e-01
1.280771374702453613e+00
2.396400421857833862e-01
4.900621473789215088e-01
5.607479810714721680e-02
3.334792330861091614e-02
1.316118359565734863e+00
4.654054939746856689e-01
1.378797054290771484e+00
2.436870783567428589e-01
5.220801830291748047e-01
6.175846979022026062e-02
3.392470628023147583e-02
1.309448122978210449e+00
3.538314402103424072e-01
1.289650559425354004e+00
2.604750096797943115e-01
4.619455039501190186e-01
5.929088965058326721e-02
3.436402603983879089e-02
1.308780193328857422e+00
3.652660846710205078e-01
1.202380299568176270e+00
2.245766371488571167e-01
4.410082399845123291e-01
4.267368838191032410e-02
3.383616358041763306e-02
1.180506348609924316e+00
3.430244624614715576e-01
1.202250123023986816e+00
2.222990989685058594e-01
4.085947275161743164e-01
4.551112651824951172e-02
3.533599525690078735e-02
1.241693854331970215e+00
2.851797640323638916e-01
1.278258442878723145e+00
1.952169388532638550e-01
3.856503963470458984e-01
4.410547018051147461e-02
3.476695716381072998e-02
1.246765255928039551e+00
3.396931886672973633e-01
1.299419045448303223e+00
2.127457410097122192e-01
3.517373502254486084e-01
4.305907711386680603e-02
3.582357242703437805e-02
1.285100340843200684e+00
3.476990461349487305e-01
1.349181771278381348e+00
1.918365508317947388e-01
3.487857878208160400e-01
4.081090912222862244e-02
3.391961753368377686e-02
1.250526547431945801e+00
3.479231894016265869e-01
1.245947241783142090e+00
1.855374574661254883e-01
3.434567451477050781e-01
4.175281897187232971e-02
3.568711504340171814e-02
1.163560152053833008e+00
2.722299396991729736e-01
1.178492069244384766e+00
1.636926531791687012e-01
3.609743118286132812e-01
4.297072812914848328e-02
3.550163656473159790e-02
1.183359622955322266e+00
3.271849453449249268e-01
1.210463881492614746e+00
1.813889890909194946e-01
3.921172320842742920e-01
4.058317840099334717e-02
3.475010395050048828e-02
1.136253476142883301e+00
3.353163897991180420e-01
1.139817833900451660e+00
1.990294456481933594e-01
3.936239182949066162e-01
4.128586500883102417e-02
3.415591642260551453e-02
1.087342739105224609e+00
3.301924467086791992e-01
1.075149893760681152e+00
2.104399204254150391e-01
3.747879564762115479e-01
4.792842268943786621e-02
3.360423073172569275e-02
1.117899775505065918e+00
2.914650142192840576e-01
1.259185194969177246e+00
2.206986993551254272e-01
3.601834475994110107e-01
4.683521389961242676e-02
3.336603194475173950e-02
1.114988207817077637e+00
3.038870394229888916e-01
1.076463818550109863e+00
1.818177700042724609e-01
3.956896364688873291e-01
4.601569101214408875e-02
3.138770163059234619e-02
1.161671996116638184e+00
2.922069132328033447e-01
1.095522403717041016e+00
1.767714172601699829e-01
3.797709941864013672e-01
3.994494676589965820e-02
2.924075163900852203e-02
1.126695513725280762e+00
2.546413242816925049e-01
1.084155440330505371e+00
1.715664118528366089e-01
3.681087493896484375e-01
4.024096950888633728e-02
2.910508215427398682e-02
1.126986503601074219e+00
2.747722566127777100e-01
1.082263588905334473e+00
1.712818890810012817e-01
4.012857973575592041e-01
4.016010090708732605e-02
2.916251122951507568e-02
1.176961302757263184e+00
2.587985694408416748e-01
1.118679523468017578e+00
1.523528546094894409e-01
4.031088352203369141e-01
5.777169391512870789e-02
2.962433546781539917e-02
1.204187631607055664e+00
2.601337134838104248e-01
1.137842297554016113e+00
1.484061479568481445e-01
4.028054773807525635e-01
5.033224448561668396e-02
2.881288714706897736e-02
1.168656229972839355e+00
3.072886168956756592e-01
1.092549324035644531e+00
1.951460838317871094e-01
4.240014851093292236e-01
4.809756577014923096e-02
2.880766987800598145e-02
1.139515757560729980e+00
3.088978826999664307e-01
1.091234564781188965e+00
1.778923720121383667e-01
4.215392172336578369e-01
5.051311850547790527e-02
2.890415303409099579e-02
1.152611851692199707e+00
3.055852353572845459e-01
1.107556223869323730e+00
1.733378171920776367e-01
4.487248957157135010e-01
5.660154297947883606e-02
2.880372107028961182e-02
1.191696763038635254e+00
3.005941212177276611e-01
1.135140299797058105e+00
1.708523035049438477e-01
4.483524262905120850e-01
5.189709737896919250e-02
2.771293185651302338e-02
1.161669373512268066e+00
2.555546462535858154e-01
1.135067343711853027e+00
1.397836208343505859e-01
4.396221637725830078e-01
4.729877784848213196e-02
2.750059030950069427e-02
1.200292706489562988e+00
3.038503229618072510e-01
1.155841231346130371e+00
1.877054423093795776e-01
4.162456691265106201e-01
4.145422205328941345e-02
2.753863297402858734e-02
1.189042448997497559e+00
3.015966713428497314e-01
1.166342735290527344e+00
1.748919039964675903e-01
3.913237154483795166e-01
4.784299060702323914e-02
2.766775526106357574e-02
1.186458230018615723e+00
2.891980707645416260e-01
1.133031487464904785e+00
1.703112125396728516e-01
3.521225452423095703e-01
4.288100823760032654e-02
2.689964324235916138e-02
1.173907399177551270e+00
2.928539812564849854e-01
1.135935664176940918e+00
1.706651896238327026e-01
3.334916532039642334e-01
4.381237924098968506e-02
2.902367897331714630e-02
1.150302052497863770e+00
2.901175618171691895e-01
1.100676655769348145e+00
1.516376137733459473e-01
3.522156178951263428e-01
4.814245179295539856e-02
3.019548021256923676e-02
1.148791909217834473e+00
3.049039542675018311e-01
1.109828352928161621e+00
1.686658710241317749e-01
3.183006644248962402e-01
5.111836269497871399e-02
2.829463593661785126e-02
1.162332653999328613e+00
2.956152260303497314e-01
1.122270941734313965e+00
1.600867062807083130e-01
3.172768056392669678e-01
5.103228986263275146e-02
2.787625230848789215e-02
1.146244168281555176e+00
2.753293812274932861e-01
1.097094178199768066e+00
1.617746204137802124e-01
3.381971418857574463e-01
4.930736124515533447e-02
2.803180925548076630e-02
1.131196141242980957e+00
2.859080433845520020e-01
1.081317067146301270e+00
1.506617665290832520e-01
3.287701308727264404e-01
4.455943405628204346e-02
2.757423184812068939e-02
1.131999850273132324e+00
3.043521344661712646e-01
1.084011435508728027e+00
1.738239973783493042e-01
3.625057041645050049e-01
5.334180220961570740e-02
2.711517922580242157e-02
1.155940175056457520e+00
3.231625258922576904e-01
1.101054191589355469e+00
1.878323704004287720e-01
3.452965319156646729e-01
4.617306590080261230e-02
2.714087627828121185e-02
1.156727194786071777e+00
2.942364513874053955e-01
1.101374506950378418e+00
1.712181717157363892e-01
3.383288085460662842e-01
5.221477523446083069e-02
2.730986475944519043e-02
1.255464673042297363e+00
3.053920567035675049e-01
1.209869503974914551e+00
1.703545004129409790e-01
3.396235704421997070e-01
5.309556052088737488e-02
2.811550535261631012e-02
1.388932824134826660e+00
2.706461250782012939e-01
1.294092059135437012e+00
1.627237051725387573e-01
3.837589025497436523e-01
5.439109727740287781e-02
2.800763584673404694e-02
1.415036320686340332e+00
2.788134515285491943e-01
1.371705412864685059e+00
1.589583903551101685e-01
3.647543489933013916e-01
5.011590197682380676e-02
2.729822136461734772e-02
1.433236002922058105e+00
2.966695725917816162e-01
1.393844604492187500e+00
1.644968241453170776e-01
3.657716810703277588e-01
5.495022237300872803e-02
2.755247801542282104e-02
1.435176491737365723e+00
2.803308665752410889e-01
1.391204833984375000e+00
1.432119905948638916e-01
3.903040587902069092e-01
5.773425102233886719e-02
2.795109711587429047e-02
1.444178581237792969e+00
2.419652789831161499e-01
1.400518059730529785e+00
1.322600394487380981e-01
3.817789852619171143e-01
6.231744587421417236e-02
2.840588428080081940e-02
1.418779373168945312e+00
2.617411315441131592e-01
1.381037235260009766e+00
1.557553857564926147e-01
3.673714399337768555e-01
5.456501245498657227e-02
2.775472588837146759e-02
1.470342993736267090e+00
3.081728219985961914e-01
1.390573859214782715e+00
1.671334505081176758e-01
3.845643103122711182e-01
4.675656557083129883e-02
2.804326266050338745e-02
1.396423697471618652e+00
2.862279117107391357e-01
1.324917912483215332e+00
1.687293499708175659e-01
3.802545070648193359e-01
4.780653119087219238e-02
2.856148779392242432e-02
1.428302407264709473e+00
2.855238318443298340e-01
1.378264069557189941e+00
1.578889936208724976e-01
3.812999427318572998e-01
4.968164488673210144e-02
2.849896065890789032e-02
1.457028388977050781e+00
2.883337438106536865e-01
1.401076316833496094e+00
1.584984064102172852e-01
4.057654142379760742e-01
5.851517245173454285e-02
2.840167470276355743e-02
1.536955237388610840e+00
3.747334480285644531e-01
1.473197102546691895e+00
2.421645373106002808e-01
4.505247771739959717e-01
5.362405255436897278e-02
2.832921408116817474e-02
1.504630923271179199e+00
3.707459867000579834e-01
1.463125586509704590e+00
2.065992355346679688e-01
4.473394155502319336e-01
5.329771339893341064e-02
2.903242968022823334e-02
1.503096580505371094e+00
3.092020750045776367e-01
1.473630309104919434e+00
1.709612756967544556e-01
4.091277122497558594e-01
5.378920212388038635e-02
3.320335596799850464e-02
1.481240272521972656e+00
2.681584060192108154e-01
1.404675841331481934e+00
1.658467799425125122e-01
4.021010398864746094e-01
5.549821257591247559e-02
3.024680912494659424e-02
1.478696227073669434e+00
2.988073825836181641e-01
1.400399804115295410e+00
1.880087405443191528e-01
3.840316236019134521e-01
5.887842550873756409e-02
2.937035262584686279e-02
1.441617488861083984e+00
2.636467218399047852e-01
1.383520722389221191e+00
1.575907319784164429e-01
3.786830008029937744e-01
5.246828868985176086e-02
2.860401757061481476e-02
1.444526672363281250e+00
2.494662553071975708e-01
1.389660477638244629e+00
1.386723965406417847e-01
3.396403789520263672e-01
5.229217931628227234e-02
2.822075784206390381e-02
1.414354801177978516e+00
2.371731251478195190e-01
1.354669570922851562e+00
1.319520324468612671e-01
3.404197692871093750e-01
5.703948065638542175e-02
2.805126272141933441e-02
1.409149527549743652e+00
2.511918544769287109e-01
1.368461132049560547e+00
1.384368091821670532e-01
3.643795251846313477e-01
5.359948053956031799e-02
2.837201021611690521e-02
1.374370932579040527e+00
2.353608459234237671e-01
1.316831231117248535e+00
1.111636236310005188e-01
3.726445734500885010e-01
5.901934206485748291e-02
2.926940657198429108e-02
1.460393309593200684e+00
2.479368001222610474e-01
1.401346564292907715e+00
1.221154704689979553e-01
4.053906500339508057e-01
5.693414807319641113e-02
2.902553416788578033e-02
1.407800078392028809e+00
2.186994999647140503e-01
1.367863297462463379e+00
1.272181868553161621e-01
3.575381338596343994e-01
4.357019066810607910e-02
2.910987287759780884e-02
1.202219605445861816e+00
2.291936427354812622e-01
1.182873606681823730e+00
1.321807950735092163e-01
3.100010454654693604e-01
4.452215135097503662e-02
2.939414046704769135e-02
1.080360293388366699e+00
2.329910248517990112e-01
1.075331330299377441e+00
1.120530590415000916e-01
2.903153896331787109e-01
5.704501271247863770e-02
2.995671890676021576e-02
1.102495670318603516e+00
2.281732112169265747e-01
1.096946716308593750e+00
1.166165247559547424e-01
2.901816964149475098e-01
5.074548721313476562e-02
3.022699058055877686e-02
1.139404535293579102e+00
2.018198817968368530e-01
1.155824422836303711e+00
1.303275376558303833e-01
2.903976440429687500e-01
3.199608251452445984e-02
3.020997345447540283e-02
1.135759472846984863e+00
2.292640060186386108e-01
1.177714228630065918e+00
1.094921007752418518e-01
2.947832047939300537e-01
3.102522157132625580e-02
3.083251602947711945e-02
1.173823714256286621e+00
2.101272940635681152e-01
1.177263379096984863e+00
1.113381013274192810e-01
3.061446249485015869e-01
3.293529525399208069e-02
3.058343194425106049e-02
1.189817309379577637e+00
1.933207511901855469e-01
1.184650301933288574e+00
9.371995925903320312e-02
3.135091662406921387e-01
3.108584880828857422e-02
3.090356104075908661e-02
1.178770422935485840e+00
1.372397691011428833e-01
1.186965823173522949e+00
8.277336508035659790e-02
2.919819653034210205e-01
3.059422411024570465e-02
3.087021596729755402e-02
1.199757456779479980e+00
1.487779170274734497e-01
1.198616147041320801e+00
7.750602811574935913e-02
2.853444218635559082e-01
2.496249414980411530e-02
3.219537064433097839e-02
1.171021461486816406e+00
1.403919905424118042e-01
1.175867199897766113e+00
7.410055398941040039e-02
2.951717674732208252e-01
2.490192838013172150e-02
3.419030830264091492e-02
1.189535975456237793e+00
1.623817533254623413e-01
1.192425251007080078e+00
8.015472441911697388e-02
3.001396358013153076e-01
2.318958006799221039e-02
3.157431259751319885e-02
1.233145236968994141e+00
1.683789938688278198e-01
1.226434111595153809e+00
9.162712097167968750e-02
3.100849390029907227e-01
2.390520460903644562e-02
3.493157029151916504e-02
1.232408523559570312e+00
1.651095747947692871e-01
1.244248747825622559e+00
8.517091721296310425e-02
3.320128023624420166e-01
2.195725776255130768e-02
3.378622233867645264e-02
1.225963592529296875e+00
1.648008227348327637e-01
1.241894841194152832e+00
8.872419595718383789e-02
3.553377687931060791e-01
2.111130952835083008e-02
3.206903114914894104e-02
1.215071558952331543e+00
1.603251248598098755e-01
1.212996721267700195e+00
8.985955268144607544e-02
3.339938819408416748e-01
1.553560141474008560e-02
3.208670020103454590e-02
1.193740129470825195e+00
1.584255546331405640e-01
1.168900012969970703e+00
8.508364111185073853e-02
3.283471167087554932e-01
1.346408668905496597e-02
3.220074996352195740e-02
1.173478603363037109e+00
1.576186418533325195e-01
1.158808350563049316e+00
8.785978704690933228e-02
3.128646612167358398e-01
1.456534769386053085e-02
3.236447274684906006e-02
1.178419589996337891e+00
1.447724848985671997e-01
1.168651819229125977e+00
7.699608057737350464e-02
3.077057898044586182e-01
1.577048934996128082e-02
3.385992720723152161e-02
1.214640498161315918e+00
1.272659450769424438e-01
1.213601946830749512e+00
7.095554471015930176e-02
2.929397523403167725e-01
1.367949601262807846e-02
3.400455042719841003e-02
1.229634881019592285e+00
1.180695295333862305e-01
1.232351899147033691e+00
7.716477662324905396e-02
2.841054797172546387e-01
1.401114463806152344e-02
3.426553681492805481e-02
1.232732176780700684e+00
1.296028047800064087e-01
1.235884308815002441e+00
8.080849796533584595e-02
3.063739240169525146e-01
1.317508984357118607e-02
3.374700248241424561e-02
1.226024866104125977e+00
1.396661996841430664e-01
1.207399487495422363e+00
7.071974873542785645e-02
2.960742413997650146e-01
1.272613834589719772e-02
3.420519456267356873e-02
1.244900584220886230e+00
1.470419764518737793e-01
1.243608593940734863e+00
9.018640965223312378e-02
3.212228119373321533e-01
1.380761340260505676e-02
3.430200740694999695e-02
1.196734309196472168e+00
1.243408694863319397e-01
1.187363624572753906e+00
7.904645055532455444e-02
2.967141568660736084e-01
1.550632715225219727e-02
3.896481916308403015e-02
1.174935936927795410e+00
1.333457678556442261e-01
1.158126711845397949e+00
7.011239975690841675e-02
2.900521457195281982e-01
1.405628304928541183e-02
3.984996303915977478e-02
1.291797518730163574e+00
1.461943835020065308e-01
1.405335426330566406e+00
8.562769740819931030e-02
2.970308363437652588e-01
1.536603178828954697e-02
4.763683676719665527e-02
1.495517134666442871e+00
1.531797498464584351e-01
1.477372050285339355e+00
8.957940340042114258e-02
2.998648583889007568e-01
2.162323333323001862e-02
4.699190333485603333e-02
1.666560649871826172e+00
1.771548986434936523e-01
1.645685553550720215e+00
9.793081134557723999e-02
3.157865703105926514e-01
1.993896812200546265e-02
5.111223831772804260e-02
1.507433772087097168e+00
1.969970911741256714e-01
1.558488249778747559e+00
1.071323454380035400e-01
3.298352658748626709e-01
2.010898478329181671e-02
4.299208149313926697e-02
1.598159670829772949e+00
1.889460235834121704e-01
1.644404053688049316e+00
1.069998145103454590e-01
3.568914830684661865e-01
1.713731884956359863e-02
3.970226272940635681e-02
1.659960150718688965e+00
1.630792468786239624e-01
1.527863502502441406e+00
1.009145602583885193e-01
3.668324053287506104e-01
1.933518610894680023e-02
4.201546683907508850e-02
1.619151592254638672e+00
1.387766748666763306e-01
1.606074929237365723e+00
8.982288837432861328e-02
3.463433682918548584e-01
1.890452578663825989e-02
4.353038594126701355e-02
1.452332973480224609e+00
1.314400136470794678e-01
1.447515845298767090e+00
8.236993849277496338e-02
3.373806774616241455e-01
1.398282963782548904e-02
4.681626334786415100e-02
1.392276167869567871e+00
1.361932307481765747e-01
1.414276599884033203e+00
8.217141032218933105e-02
3.488587439060211182e-01
1.426814775913953781e-02
4.640341922640800476e-02
1.448558449745178223e+00
1.418332308530807495e-01
1.510265231132507324e+00
8.543750643730163574e-02
3.489440977573394775e-01
1.833453960716724396e-02
4.378482699394226074e-02
1.583237648010253906e+00
1.476340144872665405e-01
1.630114197731018066e+00
8.511801809072494507e-02
3.573831617832183838e-01
2.087155915796756744e-02
4.304228723049163818e-02
1.494817256927490234e+00
1.552725732326507568e-01
1.576923370361328125e+00
9.036593884229660034e-02
3.591581881046295166e-01
1.971142180263996124e-02
4.171586036682128906e-02
1.554062962532043457e+00
1.387717872858047485e-01
1.600707173347473145e+00
8.308509737253189087e-02
3.996371030807495117e-01
1.807510294020175934e-02
4.057930782437324524e-02
1.492696404457092285e+00
1.288933902978897095e-01
1.477029323577880859e+00
7.189179211854934692e-02
3.883325159549713135e-01
1.960535906255245209e-02
3.830466791987419128e-02
