1.113055467605590820e+00
3.829725384712219238e-01
4.945354461669921875e-01
2.446779459714889526e-01
6.850594878196716309e-01
2.784890234470367432e-01
2.223190963268280029e-01
2.412437200546264648e-01
2.355432510375976562e-01
2.374273687601089478e-01
7.021948695182800293e-01
6.127448868937790394e-04
4.295398592948913574e-01
2.016208469867706299e-01
2.368686348199844360e-02
8.617931604385375977e-01
5.160512402653694153e-02
4.761784151196479797e-02
4.740476235747337341e-02
1.846116781234741211e-01
3.694091865327209234e-04
1.139690995216369629e+00
3.502951562404632568e-01
4.364121854305267334e-01
2.977450788021087646e-01
2.776577174663543701e-01
2.615594267845153809e-01
2.779021859169006348e-01
1.882958710193634033e-01
2.933189272880554199e-01
2.943756580352783203e-01
7.138581871986389160e-01
8.916879887692630291e-04
6.120144128799438477e-01
2.049301713705062866e-01
2.368720434606075287e-02
8.499925732612609863e-01
5.518049374222755432e-02
4.832127690315246582e-02
4.875082150101661682e-02
1.835052073001861572e-01
2.815848856698721647e-04
1.146481394767761230e+00
4.375352263450622559e-01
5.614705681800842285e-01
3.505207300186157227e-01
6.769005656242370605e-01
3.158331215381622314e-01
2.709154784679412842e-01
2.846555113792419434e-01
2.841734290122985840e-01
2.915405035018920898e-01
9.351376891136169434e-01
9.024933679029345512e-04
6.358903050422668457e-01
2.245482206344604492e-01
2.368664927780628204e-02
8.494718670845031738e-01
5.945366993546485901e-02
5.119546130299568176e-02
4.635608196258544922e-02
1.847786158323287964e-01
4.477315233089029789e-04
1.080554366111755371e+00
5.041242837905883789e-01
6.074783205986022949e-01
3.786732852458953857e-01
5.721732378005981445e-01
3.391132950782775879e-01
3.275910913944244385e-01
3.138218522071838379e-01
3.254517614841461182e-01
3.260778188705444336e-01
9.623518586158752441e-01
1.041932613588869572e-03
7.416742444038391113e-01
1.816337704658508301e-01
2.368792146444320679e-02
8.551279902458190918e-01
6.181329861283302307e-02
5.489961430430412292e-02
4.562386125326156616e-02
2.383301854133605957e-01
4.310508666094392538e-04
9.465777277946472168e-01
5.206082463264465332e-01
6.003258228302001953e-01
4.043847918510437012e-01
8.025892972946166992e-01
4.142490029335021973e-01
3.471464514732360840e-01
2.892334461212158203e-01
4.039507806301116943e-01
4.058487415313720703e-01
1.035550117492675781e+00
1.137878512963652611e-03
7.730203270912170410e-01
2.315755188465118408e-01
2.368724904954433441e-02
8.493983745574951172e-01
5.135771259665489197e-02
4.657315462827682495e-02
4.452891647815704346e-02
3.102099895477294922e-01
4.483580123633146286e-04
8.819153308868408203e-01
7.799655199050903320e-01
7.388978004455566406e-01
5.230566859245300293e-01
1.386483788490295410e+00
4.421319961547851562e-01
5.008698701858520508e-01
3.111445903778076172e-01
4.684853255748748779e-01
4.695398211479187012e-01
1.119393467903137207e+00
9.099771268665790558e-04
7.655211091041564941e-01
3.427318036556243896e-01
2.368768118321895599e-02
8.502541780471801758e-01
5.621956661343574524e-02
5.289985984563827515e-02
4.704125598073005676e-02
3.814229071140289307e-01
2.537542313802987337e-04
7.598973512649536133e-01
8.771225810050964355e-01
8.050606846809387207e-01
4.416784644126892090e-01
1.116388082504272461e+00
5.182904601097106934e-01
4.118665158748626709e-01
3.572197258472442627e-01
4.597087502479553223e-01
4.568054080009460449e-01
1.044094085693359375e+00
1.068968558683991432e-03
8.364141583442687988e-01
2.173435539007186890e-01
2.368883229792118073e-02
8.672967553138732910e-01
5.243682861328125000e-02
4.918269440531730652e-02
5.039940401911735535e-02
4.083460867404937744e-01
1.240538666024804115e-03
8.371923565864562988e-01
7.439047694206237793e-01
8.658093810081481934e-01
5.770838856697082520e-01
5.284379124641418457e-01
5.083750486373901367e-01
4.916954040527343750e-01
4.996675848960876465e-01
5.042586326599121094e-01
5.145882368087768555e-01
1.114488840103149414e+00
9.024769533425569534e-04
7.748740315437316895e-01
1.684603393077850342e-01
2.368908748030662537e-02
8.673059344291687012e-01
5.992197990417480469e-02
5.537232756614685059e-02
4.692419245839118958e-02
4.109989404678344727e-01
3.288113221060484648e-04
9.116336107254028320e-01
7.791323065757751465e-01
8.976891040802001953e-01
6.171767115592956543e-01
4.087763428688049316e-01
4.726861417293548584e-01
4.831359088420867920e-01
2.058607786893844604e-01
5.261937379837036133e-01
4.950715005397796631e-01
9.829923510551452637e-01
9.108076919801533222e-04
6.389483213424682617e-01
7.888180762529373169e-02
2.368752658367156982e-02
8.673027753829956055e-01
8.077310770750045776e-02
7.441204786300659180e-02
6.279610097408294678e-02
4.099071919918060303e-01
3.218690399080514908e-04
5.150665640830993652e-01
7.895833253860473633e-01
8.621748089790344238e-01
7.733000516891479492e-01
3.450744450092315674e-01
5.002681612968444824e-01
6.815568208694458008e-01
1.904929280281066895e-01
6.919720768928527832e-01
6.768742203712463379e-01
1.121175289154052734e+00
8.411659509874880314e-04
5.091633200645446777e-01
9.835442900657653809e-02
2.368758060038089752e-02
8.673029541969299316e-01
7.747185230255126953e-02
7.196797430515289307e-02
5.756257846951484680e-02
4.959674477577209473e-01
6.113650160841643810e-04
4.587693512439727783e-01
8.571711778640747070e-01
9.353348016738891602e-01
8.992298841476440430e-01
3.669222295284271240e-01
5.444830656051635742e-01
7.621847987174987793e-01
2.142429798841476440e-01
7.125977873802185059e-01
7.141436338424682617e-01
1.097138643264770508e+00
1.103057409636676311e-03
7.458885908126831055e-01
1.235582455992698669e-01
2.368786558508872986e-02
8.673088550567626953e-01
7.743701338768005371e-02
6.957845389842987061e-02
6.039208546280860901e-02
5.356160402297973633e-01
4.739170544780790806e-04
3.972024321556091309e-01
8.742257356643676758e-01
1.003727555274963379e+00
1.051364183425903320e+00
3.515743315219879150e-01
5.925394296646118164e-01
8.370512127876281738e-01
2.395694851875305176e-01
8.561269640922546387e-01
8.550208806991577148e-01
1.138841390609741211e+00
7.789144874550402164e-04
6.580635905265808105e-01
1.000935211777687073e-01
2.368893846869468689e-02
8.673093914985656738e-01
1.560315191745758057e-01
1.372661292552947998e-01
1.281295418739318848e-01
6.628518700599670410e-01
4.023270157631486654e-04
3.330288827419281006e-01
1.039001584053039551e+00
1.128380775451660156e+00
8.440201878547668457e-01
4.270612597465515137e-01
6.831994652748107910e-01
7.697762846946716309e-01
3.415666818618774414e-01
7.774236798286437988e-01
7.799126505851745605e-01
1.128368377685546875e+00
7.375603890977799892e-04
5.570777654647827148e-01
7.849963754415512085e-02
2.368927933275699615e-02
8.673101067543029785e-01
1.602053344249725342e-01
1.605776399374008179e-01
1.319389790296554565e-01
6.923241615295410156e-01
5.169510841369628906e-04
5.528309941291809082e-01
1.052815437316894531e+00
1.213577628135681152e+00
7.755700945854187012e-01
5.208690762519836426e-01
7.382148504257202148e-01
7.118517756462097168e-01
4.264794886112213135e-01
7.234835028648376465e-01
7.212134003639221191e-01
1.179119706153869629e+00
1.036621397361159325e-03
7.249910235404968262e-01
1.821071654558181763e-01
2.368850447237491608e-02
8.673073649406433105e-01
1.259574145078659058e-01
1.205350309610366821e-01
1.179701611399650574e-01
7.002823948860168457e-01
1.063700183294713497e-03
2.997024655342102051e-01
9.271916747093200684e-01
1.069298744201660156e+00
6.084901094436645508e-01
6.363030672073364258e-01
7.345378994941711426e-01
5.983428955078125000e-01
4.480117261409759521e-01
6.157922744750976562e-01
6.171178817749023438e-01
1.126198649406433105e+00
9.090202511288225651e-04
6.611517667770385742e-01
1.958495527505874634e-01
2.368845418095588684e-02
8.673071265220642090e-01
1.027801632881164551e-01
9.278760850429534912e-02
6.961219012737274170e-02
6.538168191909790039e-01
5.456302897073328495e-04
5.885522961616516113e-01
9.265503883361816406e-01
9.122328758239746094e-01
4.967894852161407471e-01
9.343917369842529297e-01
7.060704231262207031e-01
5.379709601402282715e-01
5.220343470573425293e-01
5.370913147926330566e-01
5.376617908477783203e-01
9.332513213157653809e-01
8.988564950414001942e-04
6.367640495300292969e-01
1.383153647184371948e-01
2.368833124637603760e-02
8.673099279403686523e-01
8.389545977115631104e-02
8.274544775485992432e-02
5.888199061155319214e-02
7.245776057243347168e-01
4.429460968822240829e-04
4.266203939914703369e-01
5.664833784103393555e-01
8.168896436691284180e-01
4.257286489009857178e-01
4.513359069824218750e-01
5.540610551834106445e-01
4.842498302459716797e-01
4.371909201145172119e-01
4.893662631511688232e-01
4.910390079021453857e-01
5.981553196907043457e-01
8.536819368600845337e-04
6.131034493446350098e-01
1.253386884927749634e-01
2.368777059018611908e-02
8.673116564750671387e-01
9.055323898792266846e-02
9.160305559635162354e-02
6.577502936124801636e-02
7.751086950302124023e-01
3.337898233439773321e-04
3.540897369384765625e-01
6.791765093803405762e-01
7.302693724632263184e-01
4.214644730091094971e-01
3.062748610973358154e-01
5.210039615631103516e-01
4.770829379558563232e-01
3.306798338890075684e-01
4.847512841224670410e-01
4.807868301868438721e-01
5.957630872726440430e-01
8.499416289851069450e-04
6.115208864212036133e-01
2.220521718263626099e-01
2.368694171309471130e-02
8.673170804977416992e-01
1.324040591716766357e-01
1.398333460092544556e-01
1.393853873014450073e-01
6.842613220214843750e-01
2.219726593466475606e-04
1.732432544231414795e-01
6.782835721969604492e-01
6.688660383224487305e-01
5.110544562339782715e-01
2.035638242959976196e-01
4.373039603233337402e-01
5.833416581153869629e-01
1.797887086868286133e-01
5.812962651252746582e-01
5.816994905471801758e-01
6.494104266166687012e-01
7.672783685848116875e-04
6.112642884254455566e-01
2.902494668960571289e-01
2.368715964257717133e-02
8.673270940780639648e-01
1.757235378026962280e-01
1.558456867933273315e-01
1.582843214273452759e-01
4.878082871437072754e-01
2.668937668204307556e-04
6.449782103300094604e-02
5.993670821189880371e-01
5.990834832191467285e-01
5.286493301391601562e-01
2.093575298786163330e-01
3.888145089149475098e-01
5.874049663543701172e-01
1.584270149469375610e-01
5.811141133308410645e-01
5.818940401077270508e-01
6.952379941940307617e-01
8.399703074246644974e-04
6.687939167022705078e-01
2.299008667469024658e-01
2.368765138089656830e-02
8.673371076583862305e-01
1.307891607284545898e-01
1.331418305635452271e-01
1.188173741102218628e-01
4.048046767711639404e-01
2.193813706981018186e-04
2.703194618225097656e-01
7.571391463279724121e-01
7.287263274192810059e-01
4.980911612510681152e-01
2.382615804672241211e-01
4.877223074436187744e-01
5.744862556457519531e-01
1.827806979417800903e-01
5.471222996711730957e-01
5.535126328468322754e-01
8.542191386222839355e-01
7.958398200571537018e-04
5.347092151641845703e-01
1.663697957992553711e-01
2.368781529366970062e-02
8.673502802848815918e-01
8.327823132276535034e-02
8.154893666505813599e-02
1.007659062743186951e-01
5.275987982749938965e-01
6.708269356749951839e-04
9.523992240428924561e-02
9.171589612960815430e-01
9.000533223152160645e-01
3.910940289497375488e-01
3.309257626533508301e-01
5.923705101013183594e-01
4.720633327960968018e-01
2.529685497283935547e-01
3.800724148750305176e-01
3.819111287593841553e-01
9.112837910652160645e-01
9.428989142179489136e-04
5.661043524742126465e-01
9.444521367549896240e-02
2.368927933275699615e-02
8.673641681671142578e-01
7.242795079946517944e-02
6.474234908819198608e-02
5.778774619102478027e-02
6.239651441574096680e-01
2.739568590186536312e-04
1.504506170749664307e-01
9.482369422912597656e-01
8.728518486022949219e-01
2.947423458099365234e-01
4.408907294273376465e-01
6.796227097511291504e-01
3.895366191864013672e-01
3.482154905796051025e-01
3.772836029529571533e-01
3.397457003593444824e-01
9.762533903121948242e-01
7.542027742601931095e-04
5.354223847389221191e-01
8.900939673185348511e-02
2.369180880486965179e-02
8.673801422119140625e-01
7.144187390804290771e-02
6.440485268831253052e-02
5.220786854624748230e-02
7.569805383682250977e-01
2.323378867004066706e-04
2.525399327278137207e-01
9.308860301971435547e-01
9.700884819030761719e-01
2.965091168880462646e-01
4.328003823757171631e-01
6.928890943527221680e-01
3.691091239452362061e-01
3.004095554351806641e-01
3.440399765968322754e-01
3.436184525489807129e-01
9.853083491325378418e-01
8.731058915145695210e-04
5.463887453079223633e-01
7.004026323556900024e-02
2.369225397706031799e-02
6.355407834053039551e-01
9.859615564346313477e-02
8.138881623744964600e-02
7.553026825189590454e-02
7.854980230331420898e-01
1.534984912723302841e-04
1.823759973049163818e-01
9.392935633659362793e-01
1.080370783805847168e+00
2.233906984329223633e-01
2.549668848514556885e-01
6.651480793952941895e-01
3.641722202301025391e-01
3.930269777774810791e-01
3.918286263942718506e-01
3.143572211265563965e-01
9.358124732971191406e-01
7.389900274574756622e-04
3.515845239162445068e-01
7.343052327632904053e-02
2.369149960577487946e-02
6.189623475074768066e-01
8.182766288518905640e-02
6.570801883935928345e-02
5.855968967080116272e-02
6.895037889480590820e-01
1.632792700547724962e-04
1.406182348728179932e-01
9.762288928031921387e-01
1.023960709571838379e+00
4.146097302436828613e-01
5.544105768203735352e-01
7.290328145027160645e-01
4.309081435203552246e-01
3.774426281452178955e-01
3.412498831748962402e-01
3.239053189754486084e-01
9.345883727073669434e-01
5.353623419068753719e-04
3.127546310424804688e-01
7.937309890985488892e-02
1.000513602048158646e-02
2.699650824069976807e-01
7.332173734903335571e-02
6.670953333377838135e-02
4.638732224702835083e-02
7.960917949676513672e-01
2.064459695247933269e-04
1.058322340250015259e-01
1.013871312141418457e+00
1.110202550888061523e+00
3.436056673526763916e-01
6.570618748664855957e-01
7.849117517471313477e-01
4.784817993640899658e-01
3.682173192501068115e-01
3.911224901676177979e-01
3.904446065425872803e-01
8.195587396621704102e-01
4.429022956173866987e-04
2.875082790851593018e-01
7.869943976402282715e-02
2.096303505823016167e-03
1.612722128629684448e-01
7.405088841915130615e-02
6.530865281820297241e-02
5.858078971505165100e-02
8.651851415634155273e-01
1.901502109831199050e-04
5.993461608886718750e-02
9.358988404273986816e-01
1.035183191299438477e+00
5.636639595031738281e-01
8.566473126411437988e-01
6.820099949836730957e-01
6.444041132926940918e-01
3.678184747695922852e-01
6.316196918487548828e-01
7.346571683883666992e-01
7.167659997940063477e-01
4.281279980204999447e-04
2.902424335479736328e-01
8.143037557601928711e-02
1.382984570227563381e-03
1.328285187482833862e-01
8.757895231246948242e-02
7.825887948274612427e-02
5.767858773469924927e-02
1.222694158554077148e+00
1.801657199393957853e-04
5.556892231106758118e-02
8.773424029350280762e-01
9.247399568557739258e-01
6.737698316574096680e-01
6.614454984664916992e-01
6.320220828056335449e-01
6.575512886047363281e-01
2.941013574600219727e-01
5.752786397933959961e-01
5.632985830307006836e-01
6.048521399497985840e-01
4.395414725877344608e-04
2.916019558906555176e-01
8.889596909284591675e-02
7.112438906915485859e-04
1.045748367905616760e-01
8.521847426891326904e-02
7.624840736389160156e-02
5.537481606006622314e-02
1.052551269531250000e+00
1.433021679986268282e-04
3.655130043625831604e-02
8.619629740715026855e-01
8.863011598587036133e-01
7.016989588737487793e-01
4.621118009090423584e-01
7.115358710289001465e-01
7.293565869331359863e-01
3.080071806907653809e-01
7.053002715110778809e-01
7.043851017951965332e-01
5.731455087661743164e-01
4.474358283914625645e-04
3.045454621315002441e-01
9.158052504062652588e-02
8.547222823835909367e-04
1.250047981739044189e-01
1.390302777290344238e-01
1.244368553161621094e-01
8.273349702358245850e-02
7.959952354431152344e-01
2.299864281667396426e-04
4.394613578915596008e-02
5.208814144134521484e-01
5.350731611251831055e-01
4.351276755332946777e-01
2.516391277313232422e-01
4.847115576267242432e-01
4.840146899223327637e-01
2.937054038047790527e-01
4.758465290069580078e-01
4.625312387943267822e-01
3.708105385303497314e-01
4.646179440896958113e-04
3.223972916603088379e-01
8.131495118141174316e-02
2.457858994603157043e-03
1.472678929567337036e-01
1.584957689046859741e-01
1.457549780607223511e-01
1.353566497564315796e-01
5.302160978317260742e-01
4.734866961371153593e-04
3.850604221224784851e-02
4.614621102809906006e-01
4.660673737525939941e-01
2.666836380958557129e-01
2.837310433387756348e-01
4.115095734596252441e-01
4.118971228599548340e-01
2.780175507068634033e-01
4.101264476776123047e-01
4.106023013591766357e-01
3.066003918647766113e-01
4.725069447886198759e-04
3.335958719253540039e-01
7.930707186460494995e-02
9.012861992232501507e-04
1.519279032945632935e-01
3.902818560600280762e-01
3.319025635719299316e-01
2.200318723917007446e-01
4.725127518177032471e-01
4.726090992335230112e-04
5.476790294051170349e-02
3.782456517219543457e-01
4.155500829219818115e-01
3.106641769409179688e-01
2.970650196075439453e-01
3.636664748191833496e-01
4.189480841159820557e-01
2.618554532527923584e-01
4.550358951091766357e-01
4.637797772884368896e-01
1.892898827791213989e-01
4.898636252619326115e-04
3.412674963474273682e-01
8.289691805839538574e-02
1.366653596051037312e-03
1.825925558805465698e-01
2.820007801055908203e-01
1.804164946079254150e-01
1.671122312545776367e-01
4.059714376926422119e-01
5.700296023860573769e-04
6.032001972198486328e-02
3.070141077041625977e-01
2.853528559207916260e-01
3.763883113861083984e-01
3.336523175239562988e-01
3.129340410232543945e-01
5.669456124305725098e-01
2.113491892814636230e-01
5.770040750503540039e-01
5.145196914672851562e-01
1.856452375650405884e-01
5.941540002822875977e-04
4.058734476566314697e-01
8.188509196043014526e-02
9.447422926314175129e-04
1.743507683277130127e-01
2.426187247037887573e-01
2.357404381036758423e-01
1.486425548791885376e-01
3.574590682983398438e-01
7.102475501596927643e-04
5.490031093358993530e-02
3.045089244842529297e-01
3.073748052120208740e-01
4.964535534381866455e-01
4.323441684246063232e-01
3.017311692237854004e-01
6.505056619644165039e-01
2.351429760456085205e-01
6.386585235595703125e-01
6.386756896972656250e-01
2.030297219753265381e-01
5.594998947344720364e-04
3.606499135494232178e-01
8.066428452730178833e-02
2.691778820008039474e-03
1.469099223613739014e-01
7.945654541254043579e-02
7.709459215402603149e-02
5.539241805672645569e-02
2.730857431888580322e-01
7.575626368634402752e-04
7.637841999530792236e-02
3.862163126468658447e-01
3.466776013374328613e-01
5.980543494224548340e-01
4.168108999729156494e-01
3.363235294818878174e-01
6.375941038131713867e-01
2.758138179779052734e-01
5.888041257858276367e-01
6.318677067756652832e-01
2.038601040840148926e-01
5.706379888579249382e-04
3.772113919258117676e-01
8.293761312961578369e-02
1.095621148124337196e-03
1.079798638820648193e-01
1.312939524650573730e-01
1.185313388705253601e-01
1.076306849718093872e-01
3.079606592655181885e-01
9.110736427828669548e-04
7.606629282236099243e-02
4.160527288913726807e-01
3.635454773902893066e-01
5.507410168647766113e-01
3.850726485252380371e-01
3.738666772842407227e-01
6.983062624931335449e-01
2.777273058891296387e-01
6.626558899879455566e-01
6.615416407585144043e-01
2.217359989881515503e-01
5.899072857573628426e-04
4.844722747802734375e-01
8.173236995935440063e-02
1.062078285031020641e-03
1.207295060157775879e-01
1.701035797595977783e-01
1.687613874673843384e-01
1.228971481323242188e-01
3.443608582019805908e-01
1.020514289848506451e-03
7.108393311500549316e-02
3.559612035751342773e-01
3.107668459415435791e-01
5.908768773078918457e-01
3.698850274085998535e-01
3.694385290145874023e-01
7.596288323402404785e-01
2.613514959812164307e-01
7.658503651618957520e-01
7.658537626266479492e-01
2.208648473024368286e-01
5.440068198367953300e-04
4.736854434013366699e-01
8.148167282342910767e-02
7.895336602814495564e-04
1.508356928825378418e-01
1.400961130857467651e-01
1.278041601181030273e-01
9.782477468252182007e-02
3.668181002140045166e-01
9.344274876639246941e-04
6.285835802555084229e-02
3.062381148338317871e-01
2.792404592037200928e-01
6.765385866165161133e-01
3.697447180747985840e-01
3.542209863662719727e-01
7.819276452064514160e-01
2.280763387680053711e-01
7.678701281547546387e-01
7.696347236633300781e-01
1.895279437303543091e-01
6.413219380192458630e-04
4.369640946388244629e-01
8.256309479475021362e-02
2.064552390947937965e-03
2.538734972476959229e-01
9.894929826259613037e-02
9.674410521984100342e-02
7.016102224588394165e-02
3.367993831634521484e-01
3.111957921646535397e-04
6.321210414171218872e-02
3.607133328914642334e-01
3.240435123443603516e-01
3.959218561649322510e-01
3.707943856716156006e-01
3.752228319644927979e-01
5.375482439994812012e-01
2.766153216361999512e-01
6.260626316070556641e-01
5.336435437202453613e-01
1.789062321186065674e-01
5.558074917644262314e-04
4.062635898590087891e-01
9.345973283052444458e-02
1.185469562187790871e-03
1.603802889585494995e-01
1.068718284368515015e-01
1.049424782395362854e-01
7.707611471414566040e-02
3.680754899978637695e-01
3.649718419183045626e-04
6.904787570238113403e-02
1.836033463478088379e-01
2.201409339904785156e-01
4.038909673690795898e-01
3.518360555171966553e-01
2.627633512020111084e-01
6.440044641494750977e-01
2.503790259361267090e-01
6.349918842315673828e-01
6.353823542594909668e-01
1.067036315798759460e-01
5.065225996077060699e-04
3.985929489135742188e-01
1.274688839912414551e-01
2.289226045832037926e-03
2.393497675657272339e-01
9.826285392045974731e-02
9.851340949535369873e-02
7.348825037479400635e-02
3.559157550334930420e-01
2.986290201079100370e-04
9.628895670175552368e-02
1.009915694594383240e-01
1.142418980598449707e-01
3.375448882579803467e-01
3.381316661834716797e-01
1.867412179708480835e-01
5.038184523582458496e-01
1.763561815023422241e-01
4.949119091033935547e-01
4.946836829185485840e-01
2.134727314114570618e-02
5.226599168963730335e-04
4.544145464897155762e-01
1.385422199964523315e-01
3.397860797122120857e-03
2.135351002216339111e-01
9.422393888235092163e-02
9.549526870250701904e-02
7.604795694351196289e-02
1.907393634319305420e-01
2.620348241180181503e-04
9.076867252588272095e-02
1.248385459184646606e-01
8.791180700063705444e-02
3.246464729309082031e-01
3.269898295402526855e-01
1.281830072402954102e-01
4.935403466224670410e-01
1.673344224691390991e-01
4.846518933773040771e-01
4.840805828571319580e-01
3.180875629186630249e-02
6.401311256922781467e-04
5.978814959526062012e-01
1.555355936288833618e-01
1.973493956029415131e-03
1.704150885343551636e-01
8.818043023347854614e-02
8.961340039968490601e-02
6.344024837017059326e-02
1.513668447732925415e-01
2.043446729658171535e-04
1.106572821736335754e-01
5.291165784001350403e-02
3.974739834666252136e-02
3.530462682247161865e-01
6.816151738166809082e-01
7.673145085573196411e-02
5.326989293098449707e-01
1.281622201204299927e-01
5.224595665931701660e-01
5.225651264190673828e-01
1.639055460691452026e-01
5.546121974475681782e-04
5.199971795082092285e-01
1.301853954792022705e-01
1.973509555682539940e-03
1.701759546995162964e-01
9.971774369478225708e-02
1.039931625127792358e-01
6.203590705990791321e-02
1.129361763596534729e-01
4.738756397273391485e-04
1.611569076776504517e-01
6.100031360983848572e-02
4.304676502943038940e-02
3.194137513637542725e-01
8.871829509735107422e-01
7.201342284679412842e-02
4.756130576133728027e-01
1.617552787065505981e-01
4.651515483856201172e-01
4.635721743106842041e-01
2.749431133270263672e-02
5.414777551777660847e-04
4.580208063125610352e-01
1.474932730197906494e-01
1.973719568923115730e-03
1.701695472002029419e-01
9.850727766752243042e-02
9.810534864664077759e-02
7.370508462190628052e-02
8.698264509439468384e-02
2.410058805253356695e-04
1.427887231111526489e-01
8.424314111471176147e-02
6.432291120290756226e-02
3.954069018363952637e-01
4.705067276954650879e-01
7.903748750686645508e-02
5.850790143013000488e-01
1.360435187816619873e-01
5.746043920516967773e-01
5.749554634094238281e-01
4.099981486797332764e-02
6.382071296684443951e-04
5.159143805503845215e-01
1.851414740085601807e-01
1.973863225430250168e-03
1.707774996757507324e-01
9.176701307296752930e-02
8.795181661844253540e-02
6.941282749176025391e-02
1.038213148713111877e-01
4.650316550396382809e-04
1.247591078281402588e-01
1.147259101271629333e-01
7.967974990606307983e-02
4.885141849517822266e-01
5.242532491683959961e-01
1.090059876441955566e-01
6.632394194602966309e-01
1.354343742132186890e-01
6.731252074241638184e-01
6.695815324783325195e-01
5.608388409018516541e-02
5.698875174857676029e-04
4.945461750030517578e-01
1.910089105367660522e-01
1.974015962332487106e-03
1.709533929824829102e-01
8.162247389554977417e-02
7.802063971757888794e-02
5.849625542759895325e-02
1.679565161466598511e-01
4.470454878173768520e-04
1.147070378065109253e-01
1.542830765247344971e-01
1.160326898097991943e-01
4.324519336223602295e-01
4.940641522407531738e-01
1.343626230955123901e-01
6.264606714248657227e-01
1.790249198675155640e-01
6.157746315002441406e-01
6.131514906883239746e-01
8.594189584255218506e-02
6.194518064148724079e-04
4.847403168678283691e-01
2.271820753812789917e-01
1.974010374397039413e-03
1.709608733654022217e-01
8.139569312334060669e-02
7.953895628452301025e-02
5.364789441227912903e-02
2.295574843883514404e-01
3.544361097738146782e-04
9.915930777788162231e-02
9.932336211204528809e-02
8.311548829078674316e-02
3.669411242008209229e-01
5.569943189620971680e-01
1.090962216258049011e-01
5.612501502037048340e-01
1.550188064575195312e-01
5.506207346916198730e-01
5.490214824676513672e-01
3.868047520518302917e-02
6.120771868154406548e-04
4.601810574531555176e-01
2.383537292480468750e-01
1.973879989236593246e-03
1.705542206764221191e-01
8.566012233495712280e-02
8.085769414901733398e-02
5.596369877457618713e-02
1.747335642576217651e-01
3.881553420796990395e-04
1.017879545688629150e-01
1.765828877687454224e-01
1.309362202882766724e-01
3.893620073795318604e-01
4.981100857257843018e-01
1.802559345960617065e-01
5.479232072830200195e-01
1.845579892396926880e-01
5.411282777786254883e-01
5.399296879768371582e-01
1.007630452513694763e-01
6.648205453529953957e-04
4.822730123996734619e-01
2.496656179428100586e-01
1.973851583898067474e-03
1.714404821395874023e-01
8.168718218803405762e-02
7.704400271177291870e-02
5.690400302410125732e-02
1.993784159421920776e-01
2.053090865956619382e-04
7.374126464128494263e-02
1.254644542932510376e-01
9.045518934726715088e-02
3.664529621601104736e-01
5.550959706306457520e-01
1.316852122545242310e-01
5.491984486579895020e-01
1.618264168500900269e-01
5.280588865280151367e-01
5.396671295166015625e-01
7.944785803556442261e-02
6.463638273999094963e-04
4.777290821075439453e-01
2.477851659059524536e-01
1.974018756300210953e-03
1.711337715387344360e-01
8.324271440505981445e-02
7.936327904462814331e-02
5.463060736656188965e-02
1.941542923450469971e-01
2.366066619288176298e-04
6.642016023397445679e-02
8.240033686161041260e-02
7.538110017776489258e-02
3.186141848564147949e-01
6.024905443191528320e-01
1.108156591653823853e-01
5.294250249862670898e-01
1.543994545936584473e-01
5.175691246986389160e-01
5.138451457023620605e-01
3.938062861561775208e-02
6.451763911172747612e-04
4.792525768280029297e-01
2.256404161453247070e-01
1.974166370928287506e-03
1.707946658134460449e-01
8.829230070114135742e-02
8.505251258611679077e-02
5.638413131237030029e-02
2.086010873317718506e-01
2.601279120426625013e-04
4.543758183717727661e-02
8.886571973562240601e-02
7.992123067378997803e-02
4.040412008762359619e-01
5.698332190513610840e-01
9.425774961709976196e-02
6.236030459403991699e-01
1.810293644666671753e-01
5.798704028129577637e-01
6.022075414657592773e-01
3.858078271150588989e-02
6.599641055800020695e-04
5.207538604736328125e-01
2.257226556539535522e-01
1.974077662453055382e-03
1.726036518812179565e-01
8.288008719682693481e-02
8.070703595876693726e-02
5.446571856737136841e-02
1.976373344659805298e-01
3.233790921512991190e-04
3.811850026249885559e-02
6.790639460086822510e-02
5.964645370841026306e-02
4.455426037311553955e-01
1.269321084022521973e+00
7.355344295501708984e-02
6.402476429939270020e-01
2.407692223787307739e-01
6.670147776603698730e-01
6.684237718582153320e-01
3.306465968489646912e-02
6.885087932460010052e-04
5.122881531715393066e-01
2.414529472589492798e-01
1.974272076040506363e-03
1.726045757532119751e-01
8.455061912536621094e-02
8.333233743906021118e-02
5.511160567402839661e-02
1.654991954565048218e-01
4.829606623388826847e-04
5.059710144996643066e-02
6.485237181186676025e-02
5.819891765713691711e-02
4.868835806846618652e-01
1.180905580520629883e+00
7.418547570705413818e-02
6.496223211288452148e-01
2.579893767833709717e-01
7.389815449714660645e-01
7.427441477775573730e-01
3.881302848458290100e-02
7.071583531796932220e-04
5.971038937568664551e-01
2.319338619709014893e-01
1.974060432985424995e-03
1.726021766662597656e-01
8.810203522443771362e-02
9.106910973787307739e-02
6.942569464445114136e-02
1.536339819431304932e-01
8.324973750859498978e-04
4.749596491456031799e-02
8.238474279642105103e-02
6.405755132436752319e-02
3.366057872772216797e-01
8.590485453605651855e-01
8.186036348342895508e-02
5.062079429626464844e-01
2.477659434080123901e-01
5.390385389328002930e-01
5.208707451820373535e-01
3.955838829278945923e-02
7.152222096920013428e-04
5.507981777191162109e-01
2.320377677679061890e-01
1.973972190171480179e-03
1.726034879684448242e-01
9.230175614356994629e-02
8.887833356857299805e-02
5.630097910761833191e-02
1.705077141523361206e-01
8.501625852659344673e-04
1.248153150081634521e-01
7.047931104898452759e-02
6.298146396875381470e-02
2.984492778778076172e-01
1.126731038093566895e+00
7.385968416929244995e-02
4.484606385231018066e-01
2.473874837160110474e-01
4.629659056663513184e-01
4.193406403064727783e-01
6.724289804697036743e-02
7.270511705428361893e-04
5.832793712615966797e-01
2.234750688076019287e-01
1.973837148398160934e-03
1.726011931896209717e-01
9.573797881603240967e-02
9.288264811038970947e-02
6.534541398286819458e-02
1.616228371858596802e-01
8.366446709260344505e-04
8.902180939912796021e-02
6.783812493085861206e-02
6.303607672452926636e-02
2.891691029071807861e-01
1.399954915046691895e+00
7.801619917154312134e-02
4.195417761802673340e-01
4.139343500137329102e-01
4.142815172672271729e-01
4.201546311378479004e-01
8.907351642847061157e-02
1.072010141797363758e-03
7.503077983856201172e-01
2.212991267442703247e-01
1.973974285647273064e-03
1.726016700267791748e-01
1.197540163993835449e-01
1.203272715210914612e-01
9.170928597450256348e-02
1.068811565637588501e-01
9.411995415575802326e-04
2.594526670873165131e-02
8.489663898944854736e-02
7.465241849422454834e-02
2.516973316669464111e-01
1.016701698303222656e+00
8.366794884204864502e-02
3.886564373970031738e-01
3.159838318824768066e-01
3.933944702148437500e-01
3.928487002849578857e-01
7.220287621021270752e-02
8.538233232684433460e-04
7.138711214065551758e-01
2.246269881725311279e-01
1.973840408027172089e-03
1.726029515266418457e-01
1.324351578950881958e-01
1.255245506763458252e-01
9.150173515081405640e-02
9.073326736688613892e-02
8.762098150327801704e-04
3.540854901075363159e-02
1.007920131087303162e-01
9.343649446964263916e-02
2.295732498168945312e-01
1.083931207656860352e+00
9.917996823787689209e-02
3.606910109519958496e-01
3.392473757266998291e-01
3.572583496570587158e-01
3.632219731807708740e-01
1.089788973331451416e-01
9.567487286403775215e-04
7.677654027938842773e-01
2.226824462413787842e-01
1.973856706172227859e-03
1.726027578115463257e-01
1.368818879127502441e-01
1.269240826368331909e-01
1.047847643494606018e-01
1.052829846739768982e-01
8.609825163148343563e-04
6.081958115100860596e-02
1.101107597351074219e-01
1.059535667300224304e-01
1.915484815835952759e-01
1.005336761474609375e+00
1.053519099950790405e-01
3.190408647060394287e-01
3.222734332084655762e-01
3.167960643768310547e-01
3.151457309722900391e-01
1.004449650645256042e-01
9.667602134868502617e-04
7.806634306907653809e-01
2.227964401245117188e-01
1.973976613953709602e-03
1.726058721542358398e-01
1.982654333114624023e-01
1.882032305002212524e-01
1.565996110439300537e-01
1.548392176628112793e-01
9.166912059299647808e-04
1.197566315531730652e-01
8.477798104286193848e-02
8.209432661533355713e-02
1.647311896085739136e-01
9.716289043426513672e-01
9.113512933254241943e-02
2.927903532981872559e-01
3.192564249038696289e-01
2.930819094181060791e-01
2.926782071590423584e-01
7.196253538131713867e-02
1.036013127304613590e-03
8.372297883033752441e-01
2.240601032972335815e-01
1.974012469872832298e-03
1.726026833057403564e-01
1.299906075000762939e-01
1.270844638347625732e-01
1.094754785299301147e-01
1.161296814680099487e-01
6.693743052892386913e-04
1.198504567146301270e-01
7.878350466489791870e-02
7.362496107816696167e-02
2.086036056280136108e-01
1.115632057189941406e+00
8.355224877595901489e-02
3.325476944446563721e-01
3.446186184883117676e-01
3.229360580444335938e-01
2.971197962760925293e-01
6.341075897216796875e-02
1.106301438994705677e-03
6.607524156570434570e-01
2.252809405326843262e-01
1.973583130165934563e-03
1.726002395153045654e-01
9.486602246761322021e-02
9.202484041452407837e-02
6.697162240743637085e-02
9.736724942922592163e-02
6.520720198750495911e-04
1.291904896497726440e-01
8.833307027816772461e-02
9.435125440359115601e-02
9.607058763504028320e-02
1.630352377891540527e+00
9.070094674825668335e-02
1.553804129362106323e-01
3.541072309017181396e-01
1.617601662874221802e-01
1.556989997625350952e-01
7.072087377309799194e-02
1.086733071133494377e-03
8.694695830345153809e-01
2.283047437667846680e-01
1.973951235413551331e-03
1.726045161485671997e-01
1.092009991407394409e-01
1.044451147317886353e-01
7.133468240499496460e-02
7.736523449420928955e-02
6.201793439686298370e-04
6.129532679915428162e-02
1.528012305498123169e-01
1.289302259683609009e-01
9.076790511608123779e-02
1.265712976455688477e+00
1.431957930326461792e-01
1.505130976438522339e-01
4.695301949977874756e-01
1.659899652004241943e-01
1.602656245231628418e-01
1.532524377107620239e-01
1.153963617980480194e-03
7.407997846603393555e-01
2.216047495603561401e-01
1.973767066374421120e-03
1.726001054048538208e-01
2.249168455600738525e-01
1.871766597032546997e-01
1.146231740713119507e-01
4.440575093030929565e-02
7.800323073752224445e-04
2.767315879464149475e-02
1.425230801105499268e-01
1.390632390975952148e-01
7.805091887712478638e-02
1.086357712745666504e+00
1.068858876824378967e-01
1.410850286483764648e-01
3.523223698139190674e-01
1.405771076679229736e-01
1.396570503711700439e-01
6.921869516372680664e-02
1.216508797369897366e-03
7.185946106910705566e-01
2.245640456676483154e-01
1.973363803699612617e-03
1.725987344980239868e-01
1.358679533004760742e-01
1.322544813156127930e-01
9.387878328561782837e-02
4.918479174375534058e-02
7.321242010220885277e-04
4.021744430065155029e-02
1.387106925249099731e-01
1.466699391603469849e-01
8.042651414871215820e-02
1.230341196060180664e+00
1.370308250188827515e-01
1.526245027780532837e-01
4.178817272186279297e-01
1.479463279247283936e-01
1.482518911361694336e-01
9.592632949352264404e-02
1.221096958033740520e-03
6.645812392234802246e-01
2.229760736227035522e-01
1.973436679691076279e-03
1.725961267948150635e-01
1.176340952515602112e-01
1.050408929586410522e-01
1.031322106719017029e-01
4.767873138189315796e-02
7.508339476771652699e-04
6.061713397502899170e-02
2.246284782886505127e-01
2.180989980697631836e-01
7.590091973543167114e-02
1.353486299514770508e+00
2.589154541492462158e-01
1.412260830402374268e-01
5.884318351745605469e-01
1.392835527658462524e-01
1.391822248697280884e-01
1.705837249755859375e-01
1.572941779159009457e-03
8.525896668434143066e-01
2.296124398708343506e-01
1.973414095118641853e-03
1.726015806198120117e-01
1.328646838665008545e-01
1.313643157482147217e-01
8.283389359712600708e-02
5.366474017500877380e-02
7.158390362747013569e-04
3.110766969621181488e-02
1.955237686634063721e-01
2.256361246109008789e-01
7.242432236671447754e-02
1.308815956115722656e+00
2.266598492860794067e-01
1.229667514562606812e-01
6.873822212219238281e-01
1.293556839227676392e-01
1.288768500089645386e-01
1.407056301832199097e-01
1.166365458630025387e-03
7.010096311569213867e-01
2.270681262016296387e-01
1.973354490473866463e-03
1.725997924804687500e-01
1.066576167941093445e-01
1.031291261315345764e-01
8.369717001914978027e-02
1.383003890514373779e-01
8.598818094469606876e-04
2.993988431990146637e-02
1.378414928913116455e-01
1.334345042705535889e-01
6.708035618066787720e-02
1.129652261734008789e+00
1.488005667924880981e-01
1.187710538506507874e-01
4.870937764644622803e-01
1.243240684270858765e-01
1.160089820623397827e-01
1.003429740667343140e-01
1.242973608896136284e-03
6.520261168479919434e-01
2.280214428901672363e-01
1.973633887246251106e-03
1.725945174694061279e-01
9.504190832376480103e-02
8.680704981088638306e-02
6.348902732133865356e-02
1.134558394551277161e-01
7.698683184571564198e-04
2.770192548632621765e-02
1.059093102812767029e-01
1.068800389766693115e-01
6.257933378219604492e-02
8.184394836425781250e-01
1.151149421930313110e-01
1.342102289199829102e-01
3.492575287818908691e-01
1.261439919471740723e-01
1.253207325935363770e-01
8.230380713939666748e-02
1.382940099574625492e-03
6.428568959236145020e-01
2.334982156753540039e-01
1.973790349438786507e-03
1.726024746894836426e-01
1.005943194031715393e-01
8.978865295648574829e-02
6.439305096864700317e-02
6.943880021572113037e-02
8.115597884170711040e-04
2.691011503338813782e-02
9.610053151845932007e-02
1.112452149391174316e-01
6.720086187124252319e-02
5.796943306922912598e-01
1.028362587094306946e-01
1.015170216560363770e-01
3.071081340312957764e-01
1.090993434190750122e-01
1.081788986921310425e-01
7.760774344205856323e-02
1.221592072397470474e-03
9.178501367568969727e-01
2.384933680295944214e-01
1.973794773221015930e-03
1.726015955209732056e-01
1.143479943275451660e-01
9.943579137325286865e-02
6.839231401681900024e-02
6.466030329465866089e-02
6.206524558365345001e-04
2.731853350996971130e-02
1.264580339193344116e-01
1.101666986942291260e-01
5.274999886751174927e-02
5.697355866432189941e-01
1.125483959913253784e-01
9.318669885396957397e-02
1.880902349948883057e-01
9.520475566387176514e-02
9.346640855073928833e-02
7.351218909025192261e-02
1.269832253456115723e-03
1.105193138122558594e+00
2.391396313905715942e-01
1.973781501874327660e-03
1.726006716489791870e-01
1.008666381239891052e-01
9.213441610336303711e-02
6.540760397911071777e-02
7.555820792913436890e-02
5.581882433034479618e-04
2.573074586689472198e-02
1.347318142652511597e-01
1.239899471402168274e-01
5.597636103630065918e-02
7.296735644340515137e-01
1.370841860771179199e-01
9.365448355674743652e-02
2.864804863929748535e-01
9.360650926828384399e-02
9.564976394176483154e-02
8.419227600097656250e-02
1.035569468513131142e-03
6.224398612976074219e-01
2.400384396314620972e-01
1.973712351173162460e-03
1.725994795560836792e-01
9.218605607748031616e-02
9.101662039756774902e-02
6.691074371337890625e-02
7.403490692377090454e-02
5.915779620409011841e-04
2.649187669157981873e-02
1.601115912199020386e-01
1.584288775920867920e-01
6.025087088346481323e-02
7.185956239700317383e-01
1.574794054031372070e-01
1.055865138769149780e-01
2.995349168777465820e-01
1.038076281547546387e-01
1.013091057538986206e-01
9.541972726583480835e-02
1.127192284911870956e-03
5.508323311805725098e-01
2.390873730182647705e-01
1.973964273929595947e-03
1.725991070270538330e-01
1.047014966607093811e-01
8.859644830226898193e-02
7.264558225870132446e-02
8.199752122163772583e-02
6.386156310327351093e-04
2.785185351967811584e-02
1.755362749099731445e-01
1.612231582403182983e-01
5.462989956140518188e-02
7.593619823455810547e-01
1.675692945718765259e-01
9.141702204942703247e-02
3.085936307907104492e-01
9.508013725280761719e-02
9.476632624864578247e-02
1.223379969596862793e-01
9.662110824137926102e-04
4.562981128692626953e-01
2.157549113035202026e-01
1.973634585738182068e-03
1.725990027189254761e-01
1.121512055397033691e-01
1.014843657612800598e-01
7.918707281351089478e-02
7.481291145086288452e-02
7.171827019192278385e-04
3.440255299210548401e-02
1.254472434520721436e-01
1.176226735115051270e-01
5.364234000444412231e-02
5.913324356079101562e-01
1.082608252763748169e-01
9.476985037326812744e-02
2.492763400077819824e-01
8.461274206638336182e-02
7.968686521053314209e-02
1.141787394881248474e-01
7.129221339710056782e-04
5.829102993011474609e-01
2.247325330972671509e-01
1.973857404664158821e-03
1.726006120443344116e-01
1.017270237207412720e-01
9.727244079113006592e-02
7.013426721096038818e-02
6.555847823619842529e-02
7.864952785894274712e-04
4.490682110190391541e-02
1.621822118759155273e-01
1.523800790309906006e-01
6.042986735701560974e-02
6.282575726509094238e-01
1.495256125926971436e-01
8.939582854509353638e-02
2.948886156082153320e-01
8.586149662733078003e-02
8.662442117929458618e-02
1.242784634232521057e-01
1.049854443408548832e-03
7.608832120895385742e-01
2.168260365724563599e-01
1.973978942260146141e-03
1.726025640964508057e-01
1.574055403470993042e-01
1.536073386669158936e-01
8.040419220924377441e-02
9.108131378889083862e-02
7.625638972967863083e-04
4.137037694454193115e-02
1.741919219493865967e-01
1.630457043647766113e-01
6.694393604993820190e-02
6.837506294250488281e-01
1.975620537996292114e-01
1.088344901800155640e-01
2.761713564395904541e-01
1.042786687612533569e-01
1.096165627241134644e-01
1.409976780414581299e-01
1.228749169968068600e-03
8.511919975280761719e-01
2.269789874553680420e-01
1.973959384486079216e-03
1.726042181253433228e-01
1.609528958797454834e-01
1.466844975948333740e-01
9.319867938756942749e-02
1.228340491652488708e-01
7.296717958524823189e-04
4.538246616721153259e-02
3.247748017311096191e-01
3.088566064834594727e-01
8.939760178327560425e-02
8.201408386230468750e-01
3.487761616706848145e-01
1.373733729124069214e-01
4.107111394405364990e-01
1.425437033176422119e-01
1.347353309392929077e-01
1.875549703836441040e-01
1.284164842218160629e-03
6.770485043525695801e-01
2.111238986253738403e-01
1.973829930648207664e-03
1.725997328758239746e-01
1.806820482015609741e-01
1.588828712701797485e-01
1.234995499253273010e-01
1.478271186351776123e-01
9.883546736091375351e-04
5.994115397334098816e-02
2.096298933029174805e-01
1.951803863048553467e-01
1.067363172769546509e-01
5.892979502677917480e-01
2.320864945650100708e-01
1.589459478855133057e-01
2.507243454456329346e-01
1.570077240467071533e-01
1.566766947507858276e-01
1.642261445522308350e-01
8.948922622948884964e-04
6.864559650421142578e-01
2.255794256925582886e-01
1.973926555365324020e-03
1.726028174161911011e-01
1.287958174943923950e-01
1.085754334926605225e-01
8.833728730678558350e-02
2.716024816036224365e-01
9.494864498265087605e-04
5.677621811628341675e-02
1.741731762886047363e-01
1.732537150382995605e-01
1.224266141653060913e-01
5.205470919609069824e-01
1.751780509948730469e-01
1.785793602466583252e-01
1.825934350490570068e-01
1.784077882766723633e-01
1.778098046779632568e-01
1.529344171285629272e-01
8.975659729912877083e-04
6.725766658782958984e-01
2.222463041543960571e-01
1.973838778212666512e-03
1.726042628288269043e-01
9.921322762966156006e-02
9.015222638845443726e-02
7.441368699073791504e-02
2.396823763847351074e-01
8.002311806194484234e-04
5.885963141918182373e-02
1.821996569633483887e-01
1.721294522285461426e-01
1.236010640859603882e-01
2.338116914033889771e-01
1.936382055282592773e-01
1.864062249660491943e-01
1.848683953285217285e-01
1.912509649991989136e-01
1.903782784938812256e-01
1.255622357130050659e-01
9.271786548197269440e-04
7.122464776039123535e-01
2.190677374601364136e-01
1.974138198420405388e-03
1.726039499044418335e-01
9.957309067249298096e-02
8.794181793928146362e-02
6.230407208204269409e-02
2.598607242107391357e-01
8.108598412945866585e-04
6.332749128341674805e-02
2.094898968935012817e-01
1.944688111543655396e-01
1.449478864669799805e-01
3.683103322982788086e-01
2.213698327541351318e-01
1.894737929105758667e-01
1.759166419506072998e-01
1.926304996013641357e-01
2.132125645875930786e-01
2.018397003412246704e-01
1.230928115546703339e-03
7.871333360671997070e-01
2.086188048124313354e-01
1.974074402824044228e-03
1.726055443286895752e-01
8.019115775823593140e-02
7.042221724987030029e-02
7.149402052164077759e-02
2.424923330545425415e-01
7.553647155873477459e-04
7.799811661243438721e-02
1.396156251430511475e-01
1.310659199953079224e-01
1.561209708452224731e-01
2.554119825363159180e-01
1.385874003171920776e-01
2.353479117155075073e-01
9.313776344060897827e-02
2.350368201732635498e-01
2.341619431972503662e-01
1.448770314455032349e-01
1.271169050596654415e-03
1.163439750671386719e+00
2.257521450519561768e-01
1.973997335880994797e-03
1.726030409336090088e-01
2.232966721057891846e-01
1.993223428726196289e-01
1.580751687288284302e-01
2.010433971881866455e-01
8.552563376724720001e-04
9.361122548580169678e-02
1.250792890787124634e-01
1.201731562614440918e-01
1.932615488767623901e-01
3.124698102474212646e-01
1.719381064176559448e-01
2.901975512504577637e-01
1.331659108400344849e-01
2.881334722042083740e-01
2.872323393821716309e-01
1.295575350522994995e-01
1.303414115682244301e-03
1.435658216476440430e+00
2.125275880098342896e-01
1.974111655727028847e-03
1.726046502590179443e-01
2.570776343345642090e-01
2.354098558425903320e-01
1.887573748826980591e-01
1.756061762571334839e-01
7.415133295580744743e-04
1.025447845458984375e-01
1.499124765396118164e-01
1.442664265632629395e-01
2.591404318809509277e-01
3.324523568153381348e-01
1.370136439800262451e-01
3.937733173370361328e-01
1.280173063278198242e-01
3.989912569522857666e-01
3.989615142345428467e-01
1.229871585965156555e-01
1.331437379121780396e-03
1.329673409461975098e+00
2.132840454578399658e-01
1.973899314180016518e-03
1.726042926311492920e-01
1.697332710027694702e-01
1.489293277263641357e-01
1.127399727702140808e-01
1.665772199630737305e-01
1.370894606225192547e-03
1.154693737626075745e-01
1.658367067575454712e-01
1.545173078775405884e-01
3.090585172176361084e-01
4.004137814044952393e-01
1.467191427946090698e-01
4.449352622032165527e-01
1.446246206760406494e-01
4.416609406471252441e-01
4.414033293724060059e-01
1.064897030591964722e-01
1.293696230277419090e-03
1.110570073127746582e+00
2.259517610073089600e-01
1.973783597350120544e-03
1.726038902997970581e-01
1.946818083524703979e-01
1.653682440519332886e-01
1.391449421644210815e-01
1.668307185173034668e-01
9.145378135144710541e-04
1.174292191863059998e-01
1.600555926561355591e-01
1.414723098278045654e-01
2.539761364459991455e-01
4.403018057346343994e-01
1.493726670742034912e-01
4.056526720523834229e-01
1.729189604520797729e-01
4.022704958915710449e-01
4.019120931625366211e-01
1.121134310960769653e-01
1.210524584166705608e-03
8.741921186447143555e-01
2.218571454286575317e-01
1.973732840269804001e-03
1.726049333810806274e-01
1.823206394910812378e-01
1.624385565519332886e-01
1.406615376472473145e-01
1.710296124219894409e-01
9.208497940562665462e-04
1.207321286201477051e-01
1.591254025697708130e-01
1.474942862987518311e-01
2.281242161989212036e-01
4.730894565582275391e-01
1.377609372138977051e-01
3.890199065208435059e-01
1.740214377641677856e-01
3.702479302883148193e-01
3.646427690982818604e-01
1.406455188989639282e-01
8.838843787088990211e-04
7.864899635314941406e-01
1.997928321361541748e-01
1.973927486687898636e-03
1.726074963808059692e-01
1.806011497974395752e-01
1.635114103555679321e-01
9.961213171482086182e-02
1.633005142211914062e-01
9.502023458480834961e-04
1.257277280092239380e-01
1.902309209108352661e-01
1.760533004999160767e-01
2.219900339841842651e-01
4.261628687381744385e-01
1.708205938339233398e-01
2.680400609970092773e-01
1.652763485908508301e-01
3.786082565784454346e-01
3.694159090518951416e-01
1.279786229133605957e-01
1.133466023020446301e-03
9.122330546379089355e-01
2.165965586900711060e-01
1.973876496776938438e-03
1.726109087467193604e-01
1.554698050022125244e-01
1.383816897869110107e-01
1.030874699354171753e-01
1.694647520780563354e-01
6.918964209035038948e-04
1.346120536327362061e-01
1.806265860795974731e-01
1.630224883556365967e-01
2.730270028114318848e-01
3.886603415012359619e-01
1.694452166557312012e-01
4.382449686527252197e-01
1.444502174854278564e-01
4.400742053985595703e-01
4.408041238784790039e-01
1.284246444702148438e-01
9.761418914422392845e-04
9.514229297637939453e-01
2.015737593173980713e-01
1.973885111510753632e-03
1.726133227348327637e-01
1.635820418596267700e-01
1.399706155061721802e-01
1.086709648370742798e-01
1.841719448566436768e-01
6.547906668856739998e-04
1.421232521533966064e-01
1.674585342407226562e-01
1.517688632011413574e-01
2.865020632743835449e-01
3.443666994571685791e-01
1.525019407272338867e-01
4.654591083526611328e-01
1.320292204618453979e-01
4.749217331409454346e-01
4.142385721206665039e-01
1.271327733993530273e-01
1.175969839096069336e-03
1.125118851661682129e+00
1.921931505203247070e-01
1.974048791453242302e-03
1.726190149784088135e-01
1.592679321765899658e-01
1.439768373966217041e-01
1.171293705701828003e-01
1.668169498443603516e-01
6.272142636589705944e-04
1.646902561187744141e-01
1.412154585123062134e-01
1.297574788331985474e-01
3.023699820041656494e-01
3.619702160358428955e-01
1.255984008312225342e-01
4.735615551471710205e-01
1.222746744751930237e-01
4.942476153373718262e-01
5.069762468338012695e-01
1.118993535637855530e-01
9.319870732724666595e-04
7.583989500999450684e-01
1.896232217550277710e-01
1.974361250177025795e-03
1.726240217685699463e-01
1.577022224664688110e-01
1.413265466690063477e-01
1.011410653591156006e-01
1.596259176731109619e-01
5.766174290329217911e-04
1.787316650152206421e-01
1.260382384061813354e-01
1.242887154221534729e-01
2.454139888286590576e-01
3.710067272186279297e-01
1.155630499124526978e-01
4.005999267101287842e-01
1.313675493001937866e-01
4.021400809288024902e-01
3.974882364273071289e-01
1.074193567037582397e-01
1.059391186572611332e-03
8.390721082687377930e-01
1.940438598394393921e-01
1.974493730813264847e-03
1.726246178150177002e-01
1.511460542678833008e-01
1.348492801189422607e-01
9.920834004878997803e-02
1.608645319938659668e-01
6.191497668623924255e-04
1.886404603719711304e-01
1.197421103715896606e-01
1.075175702571868896e-01
2.856585979461669922e-01
3.718470931053161621e-01
1.035075187683105469e-01
4.215742349624633789e-01
1.278445124626159668e-01
3.967020809650421143e-01
3.895228803157806396e-01
9.835136681795120239e-02
1.020685071125626564e-03
7.786135077476501465e-01
1.899411380290985107e-01
1.974434358999133110e-03
1.689359843730926514e-01
1.694568097591400146e-01
1.439543664455413818e-01
1.098245233297348022e-01
1.505494564771652222e-01
6.032435339875519276e-04
2.196377366781234741e-01
1.075450703501701355e-01
9.699372202157974243e-02
3.410241007804870605e-01
5.619147419929504395e-01
8.665450662374496460e-02
5.516638755798339844e-01
1.311264336109161377e-01
5.477257966995239258e-01
5.503205060958862305e-01
7.539096474647521973e-02
9.037764393724501133e-04
8.104602098464965820e-01
2.310129851102828979e-01
1.974112121388316154e-03
7.681339234113693237e-02
1.576028615236282349e-01
1.419409513473510742e-01
1.050301864743232727e-01
1.360811740159988403e-01
6.072433316148817539e-04
2.408697456121444702e-01
1.091902107000350952e-01
9.508360922336578369e-02
3.526945114135742188e-01
4.385008215904235840e-01
8.735565096139907837e-02
5.780047178268432617e-01
9.976373612880706787e-02
5.854803919792175293e-01
5.804483890533447266e-01
7.466541975736618042e-02
1.049922662787139416e-03
6.246261000633239746e-01
1.951651126146316528e-01
2.681131081772036850e-05
1.221031229943037033e-02
1.580546498298645020e-01
1.362242251634597778e-01
1.019614413380622864e-01
1.378986686468124390e-01
6.416077376343309879e-04
2.676995694637298584e-01
1.091286092996597290e-01
9.255566447973251343e-02
3.362933695316314697e-01
3.316876888275146484e-01
8.198414742946624756e-02
5.448309183120727539e-01
1.078471690416336060e-01
5.325490832328796387e-01
5.299555659294128418e-01
7.007388025522232056e-02
1.022435491904616356e-03
6.983929872512817383e-01
2.102419734001159668e-01
1.009061816148459911e-05
1.312701776623725891e-02
1.629827171564102173e-01
1.478786766529083252e-01
1.100762337446212769e-01
1.349049359560012817e-01
1.155612524598836899e-03
2.644519805908203125e-01
9.575072675943374634e-02
9.088940918445587158e-02
2.987158298492431641e-01
5.497820973396301270e-01
7.423494756221771240e-02
4.993520379066467285e-01
1.049245297908782959e-01
4.963573813438415527e-01
4.907024502754211426e-01
6.925457715988159180e-02
1.006383099593222141e-03
8.114017248153686523e-01
2.232378274202346802e-01
1.562898233532905579e-02
2.370749264955520630e-01
1.733809858560562134e-01
1.506219208240509033e-01
1.170577406883239746e-01
1.152440458536148071e-01
1.315921661444008350e-03
3.264925777912139893e-01
7.578696310520172119e-02
6.540169566869735718e-02
2.799249291419982910e-01
5.152693390846252441e-01
5.120005086064338684e-02
4.261694550514221191e-01
1.082065328955650330e-01
4.213579297065734863e-01
4.157790243625640869e-01
5.318237468600273132e-02
1.088597578927874565e-03
9.197852015495300293e-01
2.595944106578826904e-01
1.759125851094722748e-02
2.963545620441436768e-01
1.583588868379592896e-01
1.379281878471374512e-01
1.191304102540016174e-01
9.007692337036132812e-02
1.155390054918825626e-03
3.731883466243743896e-01
8.145743608474731445e-02
6.766822189092636108e-02
3.106010556221008301e-01
3.993090689182281494e-01
6.113175675272941589e-02
5.068600773811340332e-01
1.188855171203613281e-01
4.993999600410461426e-01
4.974479079246520996e-01
6.644105911254882812e-02
1.103371614590287209e-03
7.637410759925842285e-01
1.914998292922973633e-01
1.754230633378028870e-02
2.957097291946411133e-01
1.492779850959777832e-01
1.341473162174224854e-01
1.069884523749351501e-01
7.220927625894546509e-02
1.183996559120714664e-03
3.760039806365966797e-01
1.040597558021545410e-01
8.992293477058410645e-02
2.760318815708160400e-01
4.450234770774841309e-01
8.769658952951431274e-02
4.905025362968444824e-01
1.204943805932998657e-01
4.763042926788330078e-01
4.755940735340118408e-01
6.370498239994049072e-02
1.065830234438180923e-03
7.146344184875488281e-01
1.598151475191116333e-01
1.751146838068962097e-02
3.000500202178955078e-01
1.567627191543579102e-01
1.398887038230895996e-01
1.089982166886329651e-01
7.682663202285766602e-02
1.431128359399735928e-03
4.378275275230407715e-01
9.673196077346801758e-02
7.774882018566131592e-02
2.050466239452362061e-01
4.314827620983123779e-01
7.702306658029556274e-02
3.953363299369812012e-01
1.623388230800628662e-01
3.937096297740936279e-01
3.934264779090881348e-01
6.560283899307250977e-02
1.146957976743578911e-03
9.666052460670471191e-01
1.397154182195663452e-01
2.336112037301063538e-02
5.305677652359008789e-01
1.531473547220230103e-01
1.397393792867660522e-01
1.109383702278137207e-01
7.334247976541519165e-02
1.433834433555603027e-03
5.057525634765625000e-01
7.132550328969955444e-02
4.745641350746154785e-02
1.756986230611801147e-01
4.334003925323486328e-01
6.073637679219245911e-02
2.779467403888702393e-01
1.191988438367843628e-01
2.508431077003479004e-01
2.494848817586898804e-01
4.279342293739318848e-02
9.497595601715147495e-04
8.177505731582641602e-01
1.782752424478530884e-01
2.348584122955799103e-02
7.166795134544372559e-01
1.694066822528839111e-01
1.544411033391952515e-01
1.128376349806785583e-01
5.584254115819931030e-02
2.148752333596348763e-03
4.535030126571655273e-01
5.275098606944084167e-02
3.543831035494804382e-02
1.189695298671722412e-01
5.705487132072448730e-01
4.211620613932609558e-02
1.604205965995788574e-01
1.622590124607086182e-01
1.501614898443222046e-01
1.653787940740585327e-01
2.477165870368480682e-02
9.680642397142946720e-04
7.855873107910156250e-01
2.339819967746734619e-01
2.537876367568969727e-02
8.680900335311889648e-01
1.785315722227096558e-01
1.564079970121383667e-01
1.129479184746742249e-01
4.514095559716224670e-02
2.177439164370298386e-03
5.842536091804504395e-01
7.341138273477554321e-02
4.792993888258934021e-02
7.521763443946838379e-02
5.913017988204956055e-01
4.093034565448760986e-02
1.036322116851806641e-01
2.103988081216812134e-01
1.017511487007141113e-01
9.710057824850082397e-02
3.806707262992858887e-02
1.027989550493657589e-03
7.918134331703186035e-01
2.143181860446929932e-01
5.115504935383796692e-02
1.380594849586486816e+00
2.526405751705169678e-01
2.249054610729217529e-01
1.743694096803665161e-01
4.551841691136360168e-02
1.984713599085807800e-03
7.244299054145812988e-01
3.413378894329071045e-01
3.241388201713562012e-01
2.630532346665859222e-02
6.761859655380249023e-01
2.652677297592163086e-01
3.230910748243331909e-02
2.336767762899398804e-01
3.736140206456184387e-02
3.740948438644409180e-02
5.381177663803100586e-01
1.336069544777274132e-03
9.270409345626831055e-01
1.746439933776855469e-01
5.510980263352394104e-02
1.685839653015136719e+00
2.917905449867248535e-01
2.750869095325469971e-01
2.174094021320343018e-01
5.484171211719512939e-02
1.952527207322418690e-03
7.563832998275756836e-01
4.436681270599365234e-01
3.359751403331756592e-01
1.934502273797988892e-02
8.240438103675842285e-01
4.115254580974578857e-01
2.165558934211730957e-02
2.177319824695587158e-01
3.017625026404857635e-02
3.024631366133689880e-02
1.770449280738830566e-01
1.391225610859692097e-03
9.849239587783813477e-01
1.977629363536834717e-01
5.503296107053756714e-02
1.717332243919372559e+00
2.757408022880554199e-01
2.510004937648773193e-01
1.988154798746109009e-01
8.006390929222106934e-02
2.422303659841418266e-03
1.039771437644958496e+00
4.990877956151962280e-02
4.470511525869369507e-02
6.087282672524452209e-02
7.486670613288879395e-01
4.816408455371856689e-02
6.960700452327728271e-02
2.074423730373382568e-01
6.953505426645278931e-02
6.886044144630432129e-02
5.149603635072708130e-02
1.738399616442620754e-03
1.367189168930053711e+00
1.904077827930450439e-01
5.506313964724540710e-02
1.703836917877197266e+00
1.023491248488426208e-01
8.853967487812042236e-02
7.849002629518508911e-02
5.015890300273895264e-02
1.822493970394134521e-03
9.657141566276550293e-01
3.807177394628524780e-02
3.331187367439270020e-02
1.173517256975173950e-01
6.194505691528320312e-01
4.589487984776496887e-02
1.303116530179977417e-01
1.552194803953170776e-01
1.220595985651016235e-01
1.211261972784996033e-01
4.219989106059074402e-02
1.955619081854820251e-03
1.479150176048278809e+00
2.104378640651702881e-01
5.512249469757080078e-02
1.698922276496887207e+00
1.474347263574600220e-01
1.309020072221755981e-01
6.056326255202293396e-02
7.350031286478042603e-02
1.688918913714587688e-03
8.723784089088439941e-01
1.169205978512763977e-01
1.117289289832115173e-01
5.513174086809158325e-02
3.217800259590148926e-01
8.730205148458480835e-02
7.584238052368164062e-02
8.968909829854965210e-02
6.726604700088500977e-02
6.768844276666641235e-02
3.768216818571090698e-02
1.056962646543979645e-03
8.674115538597106934e-01
1.917157471179962158e-01
5.480282753705978394e-02
1.685876011848449707e+00
2.132626473903656006e-01
1.973852664232254028e-01
8.576351404190063477e-02
1.118835806846618652e-01
1.774019212462007999e-03
7.237573266029357910e-01
1.579151749610900879e-01
1.203893274068832397e-01
2.364070154726505280e-02
4.105525314807891846e-01
1.051031202077865601e-01
3.262222930788993835e-02
8.936695009469985962e-02
3.083502687513828278e-02
3.135992959141731262e-02
4.154254868626594543e-02
8.747326792217791080e-04
7.485324144363403320e-01
2.070739418268203735e-01
5.479832366108894348e-02
1.738255143165588379e+00
2.332737296819686890e-01
2.177604287862777710e-01
1.383465230464935303e-01
1.113351881504058838e-01
1.260789693333208561e-03
6.414735913276672363e-01
1.364735811948776245e-01
1.104880049824714661e-01
4.132831841707229614e-02
3.290001153945922852e-01
1.093369871377944946e-01
4.187012836337089539e-02
8.674385398626327515e-02
3.584545105695724487e-02
3.694348782300949097e-02
4.699555039405822754e-02
8.940114639699459076e-04
7.898443341255187988e-01
2.021095901727676392e-01
5.527336895465850830e-02
1.785318970680236816e+00
2.246586084365844727e-01
2.068709433078765869e-01
1.685361117124557495e-01
1.094815284013748169e-01
1.417389605194330215e-03
6.291989088058471680e-01
1.443255096673965454e-01
1.237672269344329834e-01
1.631193421781063080e-02
3.653964400291442871e-01
1.058591082692146301e-01
1.986468955874443054e-02
8.940936625003814697e-02
1.903261058032512665e-02
1.930159889161586761e-02
5.201763287186622620e-02
8.630889933556318283e-04
7.767452001571655273e-01
1.946870684623718262e-01
5.527340620756149292e-02
1.785309910774230957e+00
2.070693224668502808e-01
1.798502355813980103e-01
1.466342508792877197e-01
1.286271363496780396e-01
1.270071952603757381e-03
6.785893440246582031e-01
2.051194906234741211e-01
1.637450754642486572e-01
2.010250277817249298e-02
4.616413116455078125e-01
1.428419053554534912e-01
2.391633018851280212e-02
1.149095594882965088e-01
2.589174173772335052e-02
2.552040666341781616e-02
8.119598031044006348e-02
7.217238307930529118e-04
7.983565330505371094e-01
1.872223168611526489e-01
5.527357757091522217e-02
1.785312891006469727e+00
1.595047712326049805e-01
1.513819694519042969e-01
1.139539554715156555e-01
1.453196257352828979e-01
1.272392924875020981e-03
6.898637413978576660e-01
1.707787811756134033e-01
1.264806091785430908e-01
3.414686396718025208e-02
4.092025756835937500e-01
1.457590162754058838e-01
3.564492985606193542e-02
1.255034059286117554e-01
3.408173099160194397e-02
3.321648761630058289e-02
7.886730134487152100e-02
8.181418525055050850e-04
9.352919459342956543e-01
1.898949891328811646e-01
5.527340248227119446e-02
1.785316109657287598e+00
1.443819403648376465e-01
1.360874921083450317e-01
1.258274465799331665e-01
2.019240111112594604e-01
1.189989736303687096e-03
6.323725581169128418e-01
1.115949973464012146e-01
9.096060693264007568e-02
3.791197016835212708e-02
3.805290162563323975e-01
9.319404512643814087e-02
5.103828758001327515e-02
1.070729568600654602e-01
4.692735150456428528e-02
4.715374112129211426e-02
5.229229480028152466e-02
7.926099933683872223e-04
8.718405365943908691e-01
2.013802975416183472e-01
5.527359619736671448e-02
1.785312414169311523e+00
1.250621974468231201e-01
1.131772100925445557e-01
7.922279089689254761e-02
1.482781022787094116e-01
1.191174611449241638e-03
6.838944554328918457e-01
1.058737635612487793e-01
7.801102846860885620e-02
4.352089390158653259e-02
3.525848090648651123e-01
8.460589498281478882e-02
4.415769129991531372e-02
9.404218196868896484e-02
4.272785782814025879e-02
4.330941662192344666e-02
4.843780025839805603e-02
7.956679910421371460e-04
6.889185905456542969e-01
2.208555340766906738e-01
5.527529120445251465e-02
1.785320878028869629e+00
1.154260411858558655e-01
1.012521013617515564e-01
6.841208785772323608e-02
8.169739693403244019e-02
1.317958696745336056e-03
7.292059659957885742e-01
6.892222166061401367e-02
5.676850676536560059e-02
4.198663309216499329e-02
4.447000622749328613e-01
5.241638049483299255e-02
4.906548932194709778e-02
1.195494756102561951e-01
5.016591399908065796e-02
4.959788173437118530e-02
7.406967878341674805e-02
7.925951504148542881e-04
7.871137261390686035e-01
2.198121249675750732e-01
5.527487397193908691e-02
1.785319685935974121e+00
1.251071989536285400e-01
1.035014465451240540e-01
7.177795469760894775e-02
6.002977862954139709e-02
1.391440164297819138e-03
8.126201629638671875e-01
6.683117896318435669e-02
5.221494659781455994e-02
5.679971724748611450e-02
3.955405056476593018e-01
6.204465404152870178e-02
6.595558673143386841e-02
1.035461649298667908e-01
6.054440140724182129e-02
6.180677935481071472e-02
6.306314468383789062e-02
9.989688405767083168e-04
8.664458394050598145e-01
2.121487110853195190e-01
5.527188628911972046e-02
1.785308122634887695e+00
1.140349060297012329e-01
1.000370532274246216e-01
7.413841784000396729e-02
5.487949401140213013e-02
1.557760988362133503e-03
7.625778913497924805e-01
5.826990306377410889e-02
4.066316410899162292e-02
6.597407907247543335e-02
3.524733781814575195e-01
4.097725823521614075e-02
8.083540946245193481e-02
8.418694138526916504e-02
7.774281501770019531e-02
7.753564417362213135e-02
4.627363011240959167e-02
1.197935431264340878e-03
8.238127827644348145e-01
2.035294920206069946e-01
5.527239292860031128e-02
1.785306692123413086e+00
1.412808150053024292e-01
1.177141070365905762e-01
6.488005071878433228e-02
6.283208727836608887e-02
1.460651517845690250e-03
7.843057513236999512e-01
4.279503971338272095e-02
3.603516891598701477e-02
6.165738403797149658e-02
3.502206206321716309e-01
3.324236348271369934e-02
7.483350485563278198e-02
9.226749092340469360e-02
7.081671804189682007e-02
6.849946081638336182e-02
4.614746570587158203e-02
9.903168538585305214e-04
8.321879506111145020e-01
1.974268704652786255e-01
5.527194216847419739e-02
1.785313248634338379e+00
1.251179426908493042e-01
1.111467331647872925e-01
6.880774348974227905e-02
3.931115195155143738e-02
1.648368081077933311e-03
8.311337828636169434e-01
4.366805031895637512e-02
4.064407199621200562e-02
4.231661185622215271e-02
3.979886472225189209e-01
3.666100651025772095e-02
6.373935192823410034e-02
8.768770098686218262e-02
5.990525707602500916e-02
6.028256937861442566e-02
5.174528434872627258e-02
9.088731021620333195e-04
7.658963799476623535e-01
1.963589340448379517e-01
5.526912957429885864e-02
1.785307526588439941e+00
1.180618181824684143e-01
1.042596697807312012e-01
7.562469691038131714e-02
4.466629773378372192e-02
1.559751690365374088e-03
7.608758807182312012e-01
5.482614785432815552e-02
5.863858386874198914e-02
3.453398495912551880e-02
4.275402426719665527e-01
4.165416583418846130e-02
4.016637057065963745e-02
9.712430089712142944e-02
3.960927203297615051e-02
3.971686959266662598e-02
7.656719535589218140e-02
9.062831522896885872e-04
5.894005894660949707e-01
1.960937678813934326e-01
5.526928231120109558e-02
1.785305261611938477e+00
1.240431219339370728e-01
1.073362231254577637e-01
7.478111982345581055e-02
4.363178089261054993e-02
1.971949823200702667e-03
5.684915184974670410e-01
5.586817115545272827e-02
5.108668655157089233e-02
5.244924500584602356e-02
4.100153446197509766e-01
4.993056133389472961e-02
6.287270784378051758e-02
1.070621386170387268e-01
6.157901138067245483e-02
6.030969321727752686e-02
5.341096222400665283e-02
7.605825667269527912e-04
6.932988762855529785e-01
1.929453462362289429e-01
5.526819825172424316e-02
1.785306811332702637e+00
1.600596308708190918e-01
1.524440497159957886e-01
6.715364009141921997e-02
5.534438788890838623e-02
1.636767177842557430e-03
5.648985505104064941e-01
9.740706533193588257e-02
6.901424378156661987e-02
6.766118854284286499e-02
4.343729019165039062e-01
7.315251976251602173e-02
7.792116701602935791e-02
1.129749193787574768e-01
7.506686449050903320e-02
7.388581335544586182e-02
5.522816628217697144e-02
1.238045399077236652e-03
9.481383562088012695e-01
1.896447390317916870e-01
5.527013167738914490e-02
1.785317897796630859e+00
2.433096319437026978e-01
1.974247246980667114e-01
1.031770110130310059e-01
8.724660426378250122e-02
1.640797243453562260e-03
5.447918772697448730e-01
2.099957764148712158e-01
1.457666754722595215e-01
6.419576704502105713e-02
5.842903852462768555e-01
1.553764194250106812e-01
6.953171640634536743e-02
1.884767115116119385e-01
6.924191862344741821e-02
6.956987828016281128e-02
6.892725080251693726e-02
1.307631144300103188e-03
8.854835033416748047e-01
1.923163235187530518e-01
5.526756122708320618e-02
1.785300254821777344e+00
1.688015758991241455e-01
1.364914178848266602e-01
1.232391744852066040e-01
1.329521834850311279e-01
2.416888251900672913e-03
4.032273888587951660e-01
1.361361294984817505e-01
9.975940734148025513e-02
6.804475188255310059e-02
5.089271664619445801e-01
9.848612546920776367e-02
7.878931611776351929e-02
1.501086950302124023e-01
7.362805306911468506e-02
7.364926487207412720e-02
6.896190345287322998e-02
1.096225343644618988e-03
8.885484337806701660e-01
1.892180144786834717e-01
5.526776984333992004e-02
1.785300254821777344e+00
1.658906340599060059e-01
1.561522334814071655e-01
1.482686400413513184e-01
1.408162415027618408e-01
2.344881650060415268e-03
3.449302911758422852e-01
9.261151403188705444e-02
7.575421035289764404e-02
6.336053460836410522e-02
3.973513245582580566e-01
7.494609802961349487e-02
7.757566124200820923e-02
1.154085546731948853e-01
7.526785135269165039e-02
7.444623857736587524e-02
6.413945555686950684e-02
1.070444355718791485e-03
8.677557706832885742e-01
1.936533302068710327e-01
5.526755005121231079e-02
1.785303354263305664e+00
1.205856800079345703e-01
1.049707382917404175e-01
1.392412781715393066e-01
1.034073606133460999e-01
2.279898850247263908e-03
4.337450563907623291e-01
6.849201768636703491e-02
7.706438004970550537e-02
6.215992569923400879e-02
4.219661355018615723e-01
7.286175340414047241e-02
7.147917151451110840e-02
1.293984949588775635e-01
6.510625034570693970e-02
6.618203222751617432e-02
6.663825362920761108e-02
1.006789272651076317e-03
8.841752409934997559e-01
2.243366241455078125e-01
5.526673048734664917e-02
1.785295963287353516e+00
1.137621775269508362e-01
1.037223562598228455e-01
9.529975801706314087e-02
7.184252142906188965e-02
2.108874730765819550e-03
4.250367879867553711e-01
9.029105305671691895e-02
9.524437040090560913e-02
6.497813761234283447e-02
4.994696974754333496e-01
7.560877501964569092e-02
7.238014787435531616e-02
1.289197802543640137e-01
7.464834302663803101e-02
7.464186847209930420e-02
7.869845628738403320e-02
9.988425299525260925e-04
8.584164381027221680e-01
1.983705759048461914e-01
5.526666343212127686e-02
1.785288453102111816e+00
1.158383935689926147e-01
1.018920540809631348e-01
8.501175791025161743e-02
6.307721138000488281e-02
2.017450751736760139e-03
5.408082008361816406e-01
1.070002466440200806e-01
9.283529222011566162e-02
6.654383242130279541e-02
4.178797304630279541e-01
8.116603642702102661e-02
7.013593614101409912e-02
1.147189363837242126e-01
7.189332693815231323e-02
7.206460088491439819e-02
7.835827767848968506e-02
1.128680421970784664e-03
8.456107378005981445e-01
1.984370350837707520e-01
5.526546016335487366e-02
1.785285711288452148e+00
1.394596993923187256e-01
1.258497983217239380e-01
1.286180764436721802e-01
6.601127982139587402e-02
1.844410900957882404e-03
4.482820034027099609e-01
1.085202842950820923e-01
7.950671762228012085e-02
7.550540566444396973e-02
3.846882283687591553e-01
8.192308992147445679e-02
8.438581973314285278e-02
1.076967567205429077e-01
8.166663348674774170e-02
8.254648000001907349e-02
6.413662433624267578e-02
9.276265627704560757e-04
7.811344861984252930e-01
2.074412852525711060e-01
5.526611953973770142e-02
1.785290360450744629e+00
1.073536202311515808e-01
9.230929613113403320e-02
9.557283669710159302e-02
6.066142767667770386e-02
1.829623943194746971e-03
1.601381301879882812e-01
1.272123008966445923e-01
9.467791020870208740e-02
8.400605618953704834e-02
3.795787394046783447e-01
7.886639982461929321e-02
9.637597948312759399e-02
1.068236976861953735e-01
8.847519010305404663e-02
8.890288323163986206e-02
6.190969794988632202e-02
1.002419041469693184e-03
9.845002293586730957e-01
2.073330432176589966e-01
5.526632815599441528e-02
1.785289049148559570e+00
1.558522880077362061e-01
1.321867555379867554e-01
8.146734535694122314e-02
5.582200363278388977e-02
1.954099163413047791e-03
3.680899739265441895e-01
1.755651831626892090e-01
1.405677497386932373e-01
7.928052544593811035e-02
4.552175104618072510e-01
9.535814821720123291e-02
9.003932029008865356e-02
1.661842614412307739e-01
8.530960977077484131e-02
8.667591959238052368e-02
5.798347666859626770e-02
1.271118759177625179e-03
1.719523072242736816e+00
1.990908235311508179e-01
5.526940524578094482e-02
1.785298824310302734e+00
2.211698293685913086e-01
1.871051043272018433e-01
9.129029512405395508e-02
7.654601335525512695e-02
2.205464057624340057e-03
1.743882745504379272e-01
2.149940729141235352e-01
1.819121092557907104e-01
6.880266219377517700e-02
6.709950566291809082e-01
1.498694717884063721e-01
7.969474792480468750e-02
2.066574096679687500e-01
8.087404817342758179e-02
8.094368875026702881e-02
1.577571183443069458e-01
1.290935440920293331e-03
1.228391766548156738e+00
1.988795846700668335e-01
5.526998639106750488e-02
1.785302519798278809e+00
3.323569595813751221e-01
3.007731139659881592e-01
1.329027712345123291e-01
8.459542691707611084e-02
2.008970361202955246e-03
1.742054224014282227e-01
2.020125687122344971e-01
1.603681892156600952e-01
9.387902915477752686e-02
6.628336906433105469e-01
1.330667287111282349e-01
1.026224195957183838e-01
1.999993324279785156e-01
1.035722866654396057e-01
1.035715863108634949e-01
1.071172133088111877e-01
9.354809881187975407e-04
7.947998046875000000e-01
1.956222355365753174e-01
5.527129024267196655e-02
1.785306692123413086e+00
1.476736813783645630e-01
1.249685436487197876e-01
1.044739112257957458e-01
1.139394864439964294e-01
2.227419987320899963e-03
9.558261185884475708e-02
2.243850529193878174e-01
2.178600132465362549e-01
8.951489627361297607e-02
8.725100159645080566e-01
1.639371216297149658e-01
9.331635385751724243e-02
2.513202726840972900e-01
9.657529741525650024e-02
9.670306742191314697e-02
1.677343100309371948e-01
9.826123714447021484e-04
8.284877538681030273e-01
1.978454142808914185e-01
5.526996403932571411e-02
1.785293221473693848e+00
1.723512858152389526e-01
1.451114714145660400e-01
1.109596639871597290e-01
1.196118518710136414e-01
2.245029667392373085e-03
5.030102282762527466e-02
2.606212198734283447e-01
2.542257905006408691e-01
7.902327924966812134e-02
8.432322740554809570e-01
1.988150328397750854e-01
8.920363336801528931e-02
2.679658532142639160e-01
8.994217216968536377e-02
9.004317969083786011e-02
1.689870953559875488e-01
9.548832895234227180e-04
8.250496387481689453e-01
2.130744606256484985e-01
5.527104064822196960e-02
1.785297989845275879e+00
1.503866314888000488e-01
1.331169009208679199e-01
9.263118356466293335e-02
2.101169079542160034e-01
2.201254479587078094e-03
4.472897574305534363e-02
1.831074208021163940e-01
1.464670449495315552e-01
7.925269752740859985e-02
5.221985578536987305e-01
1.419942975044250488e-01
8.697132021188735962e-02
1.948411166667938232e-01
9.161108732223510742e-02
9.187369793653488159e-02
1.154792979359626770e-01
9.641454089432954788e-04
8.351429700851440430e-01
2.133008390665054321e-01
5.527252331376075745e-02
1.785305619239807129e+00
9.691581130027770996e-02
8.179739862680435181e-02
7.314601540565490723e-02
1.851777583360671997e-01
2.442976227030158043e-03
5.792253464460372925e-02
1.548331528902053833e-01
1.296785473823547363e-01
8.266202360391616821e-02
4.869096875190734863e-01
9.865232557058334351e-02
9.402049332857131958e-02
1.482727676630020142e-01
9.677220880985260010e-02
9.681808203458786011e-02
1.256670504808425903e-01
9.903123136609792709e-04
8.319554328918457031e-01
2.103848159313201904e-01
5.527288094162940979e-02
1.785307049751281738e+00
9.506064653396606445e-02
8.447256684303283691e-02
6.884533911943435669e-02
9.965393692255020142e-02
2.281505148857831955e-03
1.033416464924812317e-01
1.586969345808029175e-01
1.469908505678176880e-01
1.008583679795265198e-01
4.802726209163665771e-01
1.021154969930648804e-01
1.122535765171051025e-01
1.333113908767700195e-01
1.118489876389503479e-01
1.122172325849533081e-01
1.259042471647262573e-01
9.883278980851173401e-04
8.051589131355285645e-01
1.997497230768203735e-01
5.527285858988761902e-02
1.785306692123413086e+00
1.023017913103103638e-01
8.540649712085723877e-02
7.008752226829528809e-02
8.469221740961074829e-02
2.221426693722605705e-03
6.846003234386444092e-02
1.408803761005401611e-01
1.435575783252716064e-01
1.388591974973678589e-01
4.780744910240173340e-01
1.033411622047424316e-01
1.460822671651840210e-01
1.292783915996551514e-01
1.499445140361785889e-01
1.500338315963745117e-01
1.194684356451034546e-01
1.103625050745904446e-03
9.027537107467651367e-01
1.932411938905715942e-01
5.527333542704582214e-02
1.785314321517944336e+00
9.795177727937698364e-02
8.900351822376251221e-02
7.127369195222854614e-02
6.607758253812789917e-02
2.136562718078494072e-03
6.898921728134155273e-02
1.213533729314804077e-01
1.275466084480285645e-01
1.641546487808227539e-01
5.081170201301574707e-01
8.165376633405685425e-02
1.772613823413848877e-01
1.348697394132614136e-01
1.781854927539825439e-01
1.790525615215301514e-01
1.060599461197853088e-01
1.018875278532505035e-03
8.629593849182128906e-01
1.898841261863708496e-01
5.527289211750030518e-02
1.785318493843078613e+00
9.548635780811309814e-02
8.071886003017425537e-02
7.523427158594131470e-02
8.305991441011428833e-02
1.940003829076886177e-03
7.325714081525802612e-02
1.151460930705070496e-01
1.074338108301162720e-01
1.524019986391067505e-01
5.743111371994018555e-01
9.397696703672409058e-02
1.667146980762481689e-01
1.788475364446640015e-01
1.553621441125869751e-01
1.556646972894668579e-01
1.150169223546981812e-01
1.009020023047924042e-03
8.755335211753845215e-01
1.934328824281692505e-01
5.527291446924209595e-02
1.785318970680236816e+00
9.340906143188476562e-02
8.295594155788421631e-02
7.563191652297973633e-02
7.450132817029953003e-02
2.056075958535075188e-03
8.172381669282913208e-02
1.250180155038833618e-01
1.114650592207908630e-01
1.387958228588104248e-01
6.957203149795532227e-01
9.829495847225189209e-02
1.401260197162628174e-01
1.440630257129669189e-01
1.446003019809722900e-01
1.448032259941101074e-01
1.568446159362792969e-01
9.739373927004635334e-04
8.654448390007019043e-01
1.882748603820800781e-01
5.527141690254211426e-02
1.785317897796630859e+00
1.065751835703849792e-01
8.778638392686843872e-02
8.328657597303390503e-02
6.561752408742904663e-02
2.027150709182024002e-03
7.373070716857910156e-02
1.572182476520538330e-01
1.425355970859527588e-01
1.202283129096031189e-01
6.571125388145446777e-01
1.174048036336898804e-01
1.313906013965606689e-01
1.701222360134124756e-01
1.221423000097274780e-01
1.328078061342239380e-01
1.880093365907669067e-01
1.497290097177028656e-03
9.845608472824096680e-01
1.884118765592575073e-01
5.527156218886375427e-02
1.830828189849853516e+00
1.135525330901145935e-01
9.801914542913436890e-02
8.466917276382446289e-02
9.327652305364608765e-02
2.053011208772659302e-03
7.787863165140151978e-02
1.402450799942016602e-01
1.185245737433433533e-01
1.197881475090980530e-01
7.077537178993225098e-01
9.592124074697494507e-02
1.295353174209594727e-01
1.556767523288726807e-01
1.222357079386711121e-01
1.227563321590423584e-01
1.594058126211166382e-01
1.443046494387090206e-03
1.249885797500610352e+00
1.883275806903839111e-01
5.527294427156448364e-02
1.830838322639465332e+00
1.057997122406959534e-01
9.455416351556777954e-02
7.799199968576431274e-02
4.970079287886619568e-02
1.602692413143813610e-03
9.455174207687377930e-02
1.628184765577316284e-01
1.579950153827667236e-01
1.540070772171020508e-01
6.722279787063598633e-01
1.098765432834625244e-01
1.673601418733596802e-01
1.637665182352066040e-01
1.563271731138229370e-01
1.636622548103332520e-01
1.755121052265167236e-01
1.292761531658470631e-03
1.114170670509338379e+00
1.819234043359756470e-01
5.527208000421524048e-02
1.830839395523071289e+00
1.561169773340225220e-01
1.323575824499130249e-01
9.743358194828033447e-02
9.274120628833770752e-02
1.947550219483673573e-03
1.397774964570999146e-01
2.084878981113433838e-01
2.183671295642852783e-01
1.424515545368194580e-01
7.221134901046752930e-01
1.405379623174667358e-01
1.355221569538116455e-01
1.443520635366439819e-01
1.412600576877593994e-01
1.416184306144714355e-01
2.052319794893264771e-01
1.112980535253882408e-03
9.309983253479003906e-01
1.823854446411132812e-01
5.527215451002120972e-02
1.830843448638916016e+00
2.481622695922851562e-01
2.059588134288787842e-01
1.449737846851348877e-01
1.531529873609542847e-01
2.073337556794285774e-03
1.409369558095932007e-01
1.605988293886184692e-01
1.953468322753906250e-01
1.332934200763702393e-01
7.553158998489379883e-01
1.353537887334823608e-01
1.472117006778717041e-01
2.029314488172531128e-01
1.586092114448547363e-01
1.578959077596664429e-01
2.226049602031707764e-01
1.022266107611358166e-03
7.837747931480407715e-01
1.803381294012069702e-01
5.724874138832092285e-02
1.860055804252624512e+00
2.213517427444458008e-01
1.658287793397903442e-01
1.425841152667999268e-01
2.238330394029617310e-01
1.885638688690960407e-03
1.956895142793655396e-01
1.989060789346694946e-01
2.235256135463714600e-01
1.126021444797515869e-01
6.444461345672607422e-01
1.573215872049331665e-01
1.099745631217956543e-01
2.067617624998092651e-01
1.268430501222610474e-01
1.285563409328460693e-01
2.644011676311492920e-01
8.630732190795242786e-04
6.760575175285339355e-01
1.834501922130584717e-01
5.724816769361495972e-02
1.860067248344421387e+00
1.260488331317901611e-01
1.119366064667701721e-01
9.911517798900604248e-02
2.274667471647262573e-01
1.678033731877803802e-03
1.891038119792938232e-01
1.658250242471694946e-01
2.005581855773925781e-01
9.316118806600570679e-02
3.038401007652282715e-01
1.216270327568054199e-01
9.842881560325622559e-02
1.639499217271804810e-01
1.047694459557533264e-01
1.079631671309471130e-01
2.372233271598815918e-01
9.373299544677138329e-04
7.241352200508117676e-01
1.828434020280838013e-01
5.724821239709854126e-02
1.860075473785400391e+00
1.488692611455917358e-01
1.315608471632003784e-01
9.520085901021957397e-02
2.307657450437545776e-01
1.728064962662756443e-03
1.812879592180252075e-01
1.767435222864151001e-01
1.915198266506195068e-01
9.087786078453063965e-02
4.557343423366546631e-01
1.326318085193634033e-01
1.012359559535980225e-01
1.429434716701507568e-01
1.172636225819587708e-01
1.075633838772773743e-01
2.196327000856399536e-01
1.207847846671938896e-03
1.012081503868103027e+00
1.838629990816116333e-01
5.724630877375602722e-02
1.860088944435119629e+00
1.135126501321792603e-01
9.499998390674591064e-02
8.145631849765777588e-02
2.162672281265258789e-01
1.686192117631435394e-03
2.369735538959503174e-01
7.380343973636627197e-02
1.013430878520011902e-01
1.512974798679351807e-01
2.257096916437149048e-01
5.555373802781105042e-02
1.557643115520477295e-01
8.531790971755981445e-02
1.709145307540893555e-01
1.694366335868835449e-01
2.270985096693038940e-01
1.431802869774401188e-03
1.004309654235839844e+00
1.479104310274124146e-01
3.868932276964187622e-02
1.314962148666381836e+00
1.143322214484214783e-01
1.030006036162376404e-01
1.212338954210281372e-01
1.697430312633514404e-01
2.254081191495060921e-03
4.246637225151062012e-01
4.787177592515945435e-02
3.552776947617530823e-02
1.441690772771835327e-01
2.450535148382186890e-01
3.908859565854072571e-02
1.511855125427246094e-01
4.489988833665847778e-02
1.550181657075881958e-01
1.478509902954101562e-01
1.756985485553741455e-01
1.336188055574893951e-03
1.200137615203857422e+00
1.174889057874679565e-01
3.658428788185119629e-02
1.411561131477355957e+00
1.792286783456802368e-01
1.703288257122039795e-01
1.835614144802093506e-01
1.071801781654357910e-01
3.249753732234239578e-03
5.447074174880981445e-01
9.357140958309173584e-02
1.030338630080223083e-01
1.694907397031784058e-01
2.088643312454223633e-01
5.644709616899490356e-02
1.729395091533660889e-01
4.102082923054695129e-02
1.926920115947723389e-01
1.929565668106079102e-01
1.679335385560989380e-01
1.398928696289658546e-03
1.370090842247009277e+00
1.131147295236587524e-01
8.523231744766235352e-02
1.689875245094299316e+00
1.717671602964401245e-01
1.670687645673751831e-01
1.765392124652862549e-01
9.279366582632064819e-02
4.633090924471616745e-03
2.395810782909393311e-01
8.591166138648986816e-02
1.044644862413406372e-01
1.845743954181671143e-01
1.630046963691711426e-01
5.805459991097450256e-02
2.048769295215606689e-01
5.029825866222381592e-02
2.125393599271774292e-01
2.063571363687515259e-01
1.408851295709609985e-01
1.443876884877681732e-03
1.212553143501281738e+00
1.109270378947257996e-01
8.537188172340393066e-02
1.661496996879577637e+00
1.670886129140853882e-01
1.601150184869766235e-01
1.901158392429351807e-01
9.441674500703811646e-02
5.645076278597116470e-03
3.336698114871978760e-01
9.636992216110229492e-02
1.133008375763893127e-01
2.324033975601196289e-01
2.996390163898468018e-01
6.448841840028762817e-02
2.523496448993682861e-01
5.643307045102119446e-02
2.739068567752838135e-01
2.603841423988342285e-01
1.767942160367965698e-01
1.520812511444091797e-03
1.224863052368164062e+00
1.187521368265151978e-01
7.971403747797012329e-02
1.096208095550537109e+00
1.501629650592803955e-01
1.413072645664215088e-01
1.601268053054809570e-01
1.025377213954925537e-01
3.266111714765429497e-03
4.277749359607696533e-01
1.215656176209449768e-01
1.437805145978927612e-01
2.921278476715087891e-01
3.513218760490417480e-01
7.411734759807586670e-02
3.138077259063720703e-01
6.418193131685256958e-02
3.327752649784088135e-01
3.333304226398468018e-01
1.804596185684204102e-01
1.634795800782740116e-03
1.452970027923583984e+00
1.424180865287780762e-01
8.135951310396194458e-02
1.192537069320678711e+00
1.346932351589202881e-01
1.231984645128250122e-01
1.365211755037307739e-01
1.042237505316734314e-01
3.881328273564577103e-03
4.138176441192626953e-01
9.193767607212066650e-02
1.113704815506935120e-01
3.126145005226135254e-01
3.279628753662109375e-01
5.843779072165489197e-02
3.264042437076568604e-01
6.856468319892883301e-02
3.411329686641693115e-01
3.427226245403289795e-01
1.614050716161727905e-01
1.838868716731667519e-03
1.397683501243591309e+00
1.632372140884399414e-01
7.381960749626159668e-02
8.968983888626098633e-01
1.396535784006118774e-01
1.310950964689254761e-01
1.369260251522064209e-01
1.163672134280204773e-01
3.767518792301416397e-03
5.185065269470214844e-01
1.040111035108566284e-01
1.294772028923034668e-01
2.475259900093078613e-01
3.321897685527801514e-01
6.722079962491989136e-02
2.788081467151641846e-01
6.247492134571075439e-02
2.954844534397125244e-01
2.953637838363647461e-01
1.872622221708297729e-01
1.964516472071409225e-03
1.388612985610961914e+00
1.261971741914749146e-01
5.623726546764373779e-02
6.610375046730041504e-01
1.433503776788711548e-01
1.369098424911499023e-01
1.451441943645477295e-01
1.239633113145828247e-01
3.974870312958955765e-03
3.416140079498291016e-01
8.137098699808120728e-02
9.881087392568588257e-02
2.079539000988006592e-01
3.150574862957000732e-01
5.081327632069587708e-02
2.332924604415893555e-01
6.882517784833908081e-02
2.335958480834960938e-01
2.338053435087203979e-01
1.736034601926803589e-01
2.047284273430705070e-03
1.556728959083557129e+00
8.221474289894104004e-02
5.271933600306510925e-02
7.104763984680175781e-01
1.428260058164596558e-01
1.355519443750381470e-01
1.373165398836135864e-01
1.141456887125968933e-01
3.003596561029553413e-03
3.535303771495819092e-01
7.490395009517669678e-02
9.197086095809936523e-02
2.008604705333709717e-01
3.634592294692993164e-01
4.754592850804328918e-02
2.219845652580261230e-01
6.596552580595016479e-02
2.420850098133087158e-01
2.324247807264328003e-01
1.537691354751586914e-01
2.462505828589200974e-03
1.859985351562500000e+00
4.420870169997215271e-02
5.300384014844894409e-02
3.841941952705383301e-01
1.442516446113586426e-01
1.394387930631637573e-01
1.461430490016937256e-01
1.056416034698486328e-01
3.066824749112129211e-03
3.473574817180633545e-01
2.826904878020286560e-02
3.781929984688758850e-02
2.147537916898727417e-01
4.137314856052398682e-01
1.837832666933536530e-02
2.201202511787414551e-01
8.289315551519393921e-02
2.422479391098022461e-01
2.341543585062026978e-01
1.061550751328468323e-01
2.437888644635677338e-03
1.794622898101806641e+00
3.381094336509704590e-02
5.201707035303115845e-02
4.504069685935974121e-01
1.455325335264205933e-01
1.385716050863265991e-01
1.480673700571060181e-01
1.058410704135894775e-01
3.028752515092492104e-03
3.908202648162841797e-01
2.535877004265785217e-02
2.659800834953784943e-02
1.888325661420822144e-01
4.943445324897766113e-01
1.571758091449737549e-02
2.024668306112289429e-01
9.385571628808975220e-02
2.160095423460006714e-01
2.106306850910186768e-01
8.766256272792816162e-02
2.466098638251423836e-03
1.750503182411193848e+00
3.184518590569496155e-02
5.151230469346046448e-02
4.325700402259826660e-01
1.475334465503692627e-01
1.383327692747116089e-01
1.492411047220230103e-01
6.708332151174545288e-02
3.073155879974365234e-03
2.515539824962615967e-01
2.501844242215156555e-02
3.017377294600009918e-02
1.628296077251434326e-01
4.395680725574493408e-01
1.612425595521926880e-02
1.549905836582183838e-01
8.747597783803939819e-02
1.559258848428726196e-01
1.563903242349624634e-01
6.256958097219467163e-02
2.330522751435637474e-03
1.846171379089355469e+00
3.349458426237106323e-02
5.152760818600654602e-02
4.811867177486419678e-01
1.374646574258804321e-01
1.301183402538299561e-01
1.374403387308120728e-01
5.219492316246032715e-02
3.262348007410764694e-03
2.568331956863403320e-01
2.086198702454566956e-02
2.471797727048397064e-02
1.596730649471282959e-01
3.851471841335296631e-01
1.288414746522903442e-02
1.631649285554885864e-01
8.289501816034317017e-02
1.520410031080245972e-01
1.523508727550506592e-01
4.775791615247726440e-02
2.386142732575535774e-03
1.915478348731994629e+00
3.533012419939041138e-02
5.179759487509727478e-02
4.562806487083435059e-01
1.487749516963958740e-01
1.374863535165786743e-01
1.476044356822967529e-01
5.811544135212898254e-02
3.000890137627720833e-03
3.241694867610931396e-01
1.672892272472381592e-02
2.037831395864486694e-02
1.019915193319320679e-01
4.466095864772796631e-01
1.123465970158576965e-02
1.057094633579254150e-01
8.369966596364974976e-02
1.102224662899971008e-01
1.097381263971328735e-01
4.951097443699836731e-02
2.521243412047624588e-03
2.022544384002685547e+00
4.126714915037155151e-02
5.174996331334114075e-02
5.293208360671997070e-01
1.474251896142959595e-01
1.392115205526351929e-01
1.531379967927932739e-01
4.155620932579040527e-02
2.378065604716539383e-03
2.022158950567245483e-01
2.123194932937622070e-02
2.124149724841117859e-02
3.029147721827030182e-02
3.528372347354888916e-01
1.334577985107898712e-02
3.670271113514900208e-02
7.421711832284927368e-02
3.910018876194953918e-02
3.938581794500350952e-02
4.805715382099151611e-02
2.530113561078906059e-03
2.075684785842895508e+00
3.782895207405090332e-02
5.323687568306922913e-02
5.130558013916015625e-01
1.532576680183410645e-01
1.469239443540573120e-01
1.504576355218887329e-01
3.380532562732696533e-02
2.034719800576567650e-03
2.013449370861053467e-01
2.449098601937294006e-02
2.245559357106685638e-02
3.534758836030960083e-02
3.411117196083068848e-01
1.593917794525623322e-02
5.158678814768791199e-02
8.414135873317718506e-02
4.825193434953689575e-02
4.832314327359199524e-02
3.649478778243064880e-02
2.128975000232458115e-03
1.845402479171752930e+00
4.270697757601737976e-02
5.411092936992645264e-02
5.896601676940917969e-01
1.477550417184829712e-01
1.363023072481155396e-01
1.534615308046340942e-01
2.715258300304412842e-02
2.482894808053970337e-03
2.578118741512298584e-01
2.215053699910640717e-02
1.989675685763359070e-02
2.812785282731056213e-02
3.495048582553863525e-01
1.418113429099321365e-02
4.007318988442420959e-02
8.497080206871032715e-02
3.806188330054283142e-02
3.814880549907684326e-02
3.109606727957725525e-02
2.204057062044739723e-03
1.836153268814086914e+00
4.155307635664939880e-02
5.356089770793914795e-02
4.870285689830780029e-01
1.488218009471893311e-01
1.407231539487838745e-01
1.514911353588104248e-01
2.407927811145782471e-02
2.462864387780427933e-03
2.982854843139648438e-01
2.534463256597518921e-02
1.981210522353649139e-02
3.834836930036544800e-02
3.497664034366607666e-01
1.534238271415233612e-02
3.374673053622245789e-02
9.408511221408843994e-02
3.845708817243576050e-02
3.844996169209480286e-02
3.044504486024379730e-02
2.032202435657382011e-03
1.881990671157836914e+00
3.713924437761306763e-02
6.128730252385139465e-02
6.228642463684082031e-01
1.504574716091156006e-01
1.391630321741104126e-01
1.562488675117492676e-01
1.959143020212650299e-02
2.791829872876405716e-03
2.082896679639816284e-01
2.538157068192958832e-02
2.128100395202636719e-02
3.702619671821594238e-02
4.615004360675811768e-01
1.667210645973682404e-02
3.813746571540832520e-02
1.087381467223167419e-01
3.984936699271202087e-02
3.985218703746795654e-02
3.267794102430343628e-02
2.357754856348037720e-03
1.918077230453491211e+00
7.179651409387588501e-02
1.195905357599258423e-01
9.275572896003723145e-01
1.528044044971466064e-01
1.438397020101547241e-01
1.527557820081710815e-01
1.800638623535633087e-02
2.079986967146396637e-03
3.127018809318542480e-01
2.426659502089023590e-02
2.366838417947292328e-02
3.333431109786033630e-02
3.638935685157775879e-01
1.558458991348743439e-02
4.410626366734504700e-02
8.843668550252914429e-02
5.161667615175247192e-02
5.161688476800918579e-02
4.024220630526542664e-02
2.078460063785314560e-03
1.455812692642211914e+00
6.446113437414169312e-02
1.211691126227378845e-01
9.354260563850402832e-01
1.476743519306182861e-01
1.372285634279251099e-01
1.573524922132492065e-01
1.743081212043762207e-02
1.557292649522423744e-03
3.146238923072814941e-01
2.582888677716255188e-02
2.081595361232757568e-02
3.304575756192207336e-02
4.095580279827117920e-01
1.625665277242660522e-02
3.763591498136520386e-02
8.613170683383941650e-02
3.334670141339302063e-02
3.343606740236282349e-02
3.172807022929191589e-02
1.880000927485525608e-03
1.478620290756225586e+00
7.441643625497817993e-02
1.229970455169677734e-01
9.032775163650512695e-01
1.881611049175262451e-01
1.749091893434524536e-01
1.751402169466018677e-01
1.716941595077514648e-02
1.367404125630855560e-03
2.318950593471527100e-01
2.909455448389053345e-02
2.266239561140537262e-02
3.529660031199455261e-02
4.089147150516510010e-01
1.832459121942520142e-02
5.322388187050819397e-02
8.678296208381652832e-02
4.667435213923454285e-02
4.716966301202774048e-02
2.813086844980716705e-02
1.424639835022389889e-03
1.839325189590454102e+00
8.096849918365478516e-02
1.394715309143066406e-01
8.939800262451171875e-01
1.941898465156555176e-01
1.874683499336242676e-01
1.931465715169906616e-01
1.806564629077911377e-02
1.484101871028542519e-03
2.091336250305175781e-01
4.578642174601554871e-02
3.530345857143402100e-02
3.612896427512168884e-02
3.718844950199127197e-01
2.700021676719188690e-02
3.388094902038574219e-02
8.550589531660079956e-02
3.418015688657760620e-02
3.408158570528030396e-02
2.380852773785591125e-02
1.467726193368434906e-03
1.686860203742980957e+00
7.205379754304885864e-02
1.391287147998809814e-01
8.292858600616455078e-01
2.483141720294952393e-01
2.410742491483688354e-01
2.539843916893005371e-01
1.862556114792823792e-02
8.778183837421238422e-04
2.285366952419281006e-01
9.702303260564804077e-02
7.274058461189270020e-02
4.873447865247726440e-02
4.813385903835296631e-01
6.454461067914962769e-02
3.935645893216133118e-02
7.516328245401382446e-02
3.854797780513763428e-02
3.883087635040283203e-02
2.914807572960853577e-02
1.774752046912908554e-03
1.678385734558105469e+00
8.576209098100662231e-02
1.401563733816146851e-01
8.632129430770874023e-01
2.513030469417572021e-01
2.312823981046676636e-01
2.686094045639038086e-01
2.524786815047264099e-02
4.043008666485548019e-04
1.324528306722640991e-01
6.250225007534027100e-02
4.604380950331687927e-02
4.431643337011337280e-02
3.803125023841857910e-01
3.583523631095886230e-02
4.063295572996139526e-02
7.639630883932113647e-02
3.920493274927139282e-02
4.306510463356971741e-02
2.525728382170200348e-02
1.512403483502566814e-03
1.402711272239685059e+00
8.722828328609466553e-02
1.401589214801788330e-01
8.632214665412902832e-01
2.547650635242462158e-01
2.290997952222824097e-01
2.571565806865692139e-01
5.289742350578308105e-02
2.817129425238817930e-04
1.460707783699035645e-01
6.819786131381988525e-02
4.584812372922897339e-02
4.328460246324539185e-02
1.715500950813293457e-01
3.222343698143959045e-02
4.132661968469619751e-02
8.743784576654434204e-02
4.357668384909629822e-02
4.368979483842849731e-02
2.536265924572944641e-02
1.195716205984354019e-03
1.024890661239624023e+00
9.117504209280014038e-02
1.401549130678176880e-01
8.632066845893859863e-01
1.174084991216659546e-01
1.020734459161758423e-01
1.174597740173339844e-01
4.455427452921867371e-02
2.850693126674741507e-04
2.121712416410446167e-01
4.528322815895080566e-02
3.468433395028114319e-02
4.179197177290916443e-02
2.767402827739715576e-01
3.184102848172187805e-02
4.406867176294326782e-02
7.126899808645248413e-02
4.269837588071823120e-02
4.080699011683464050e-02
2.866599708795547485e-02
1.030377461574971676e-03
8.404787778854370117e-01
9.145151823759078979e-02
1.401552408933639526e-01
8.632110357284545898e-01
7.886408269405364990e-02
7.198201119899749756e-02
7.175161689519882202e-02
3.873851522803306580e-02
2.519644913263618946e-04
1.668097674846649170e-01
3.148223087191581726e-02
2.817039564251899719e-02
4.477432370185852051e-02
1.770051568746566772e-01
1.888979971408843994e-02
4.543639346957206726e-02
4.917495697736740112e-02
4.572218284010887146e-02
4.578826949000358582e-02
3.270971029996871948e-02
8.582325535826385021e-04
5.854037404060363770e-01
9.034338593482971191e-02
1.401550471782684326e-01
8.632063269615173340e-01
2.273424714803695679e-01
1.585380733013153076e-01
9.285688400268554688e-02
2.921453490853309631e-02
2.182272874051705003e-04
1.769294738769531250e-01
3.324623033404350281e-02
3.134753182530403137e-02
5.112967640161514282e-02
1.492146253585815430e-01
1.986510679125785828e-02
5.234001204371452332e-02
4.503301903605461121e-02
5.209924653172492981e-02
5.343354493379592896e-02
3.492724150419235229e-02
7.823022897355258465e-04
5.040119290351867676e-01
9.154438227415084839e-02
1.401584148406982422e-01
8.632130622863769531e-01
1.845669448375701904e-01
1.535230427980422974e-01
1.072267815470695496e-01
2.531966753304004669e-02
1.464623201172798872e-04
2.215630263090133667e-01
3.657184913754463196e-02
3.413153812289237976e-02
6.281997263431549072e-02
1.542125046253204346e-01
2.414598874747753143e-02
6.163438037037849426e-02
3.572391718626022339e-02
5.688849091529846191e-02
6.083385646343231201e-02
3.651880100369453430e-02
7.714899838902056217e-04
5.415402650833129883e-01
9.127630293369293213e-02
1.401578634977340698e-01
8.632108569145202637e-01
2.229569703340530396e-01
2.488639503717422485e-01
2.585322856903076172e-01
2.744008600711822510e-02
1.579105155542492867e-04
2.244911640882492065e-01
3.572624549269676208e-02
3.293954208493232727e-02
5.652255192399024963e-02
1.575037837028503418e-01
2.295402437448501587e-02
6.064186245203018188e-02
2.930901199579238892e-02
6.024113669991493225e-02
6.000499427318572998e-02
3.873920813202857971e-02
1.040528994053602219e-03
7.537233233451843262e-01
9.496425092220306396e-02
1.401586830615997314e-01
8.632135987281799316e-01
1.654642671346664429e-01
1.355704218149185181e-01
1.642085164785385132e-01
2.680365741252899170e-02
1.336210116278380156e-04
2.299284189939498901e-01
3.380865603685379028e-02
3.895731642842292786e-02
6.718490272760391235e-02
2.069455832242965698e-01
2.200058288872241974e-02
6.685799360275268555e-02
3.997639194130897522e-02
6.899136304855346680e-02
6.867717206478118896e-02
4.989817738533020020e-02
1.026931568048894405e-03
7.083120942115783691e-01
9.862490743398666382e-02
1.401594728231430054e-01
1.116822004318237305e+00
1.383535563945770264e-01
1.215704083442687988e-01
1.857177019119262695e-01
3.096605464816093445e-02
1.042877702275291085e-04
2.643893957138061523e-01
4.269106686115264893e-02
4.764417931437492371e-02
7.815055549144744873e-02
3.110244572162628174e-01
2.490823902189731598e-02
7.863615453243255615e-02
5.347924679517745972e-02
8.433315157890319824e-02
8.237691968679428101e-02
6.906065344810485840e-02
9.171101264655590057e-04
6.553360819816589355e-01
9.543820470571517944e-02
1.500267237424850464e-01
1.696022272109985352e+00
1.130736246705055237e-01
9.730039536952972412e-02
8.731291443109512329e-02
3.819321841001510620e-02
1.330122177023440599e-04
3.300935626029968262e-01
3.453144431114196777e-02
3.808792307972908020e-02
7.794936001300811768e-02
2.587850093841552734e-01
2.082809433341026306e-02
7.739504426717758179e-02
4.115976765751838684e-02
7.522333413362503052e-02
7.538329064846038818e-02
6.041954830288887024e-02
1.002504257485270500e-03
7.169993519783020020e-01
9.716805815696716309e-02
1.579202711582183838e-01
2.275215625762939453e+00
1.041000708937644958e-01
8.442030847072601318e-02
8.684059977531433105e-02
3.758533298969268799e-02
1.158376544481143355e-04
2.932449281215667725e-01
3.672740235924720764e-02
3.596636280417442322e-02
7.167869806289672852e-02
1.995680928230285645e-01
2.199164405465126038e-02
7.267166674137115479e-02
3.165501728653907776e-02
7.116474211215972900e-02
7.127175480127334595e-02
4.554158076643943787e-02
9.945472702383995056e-04
6.584058403968811035e-01
1.024465933442115784e-01
1.677872836589813232e-01
2.776172161102294922e+00
8.444933593273162842e-02
7.269982993602752686e-02
6.335233151912689209e-02
2.206497266888618469e-02
1.110673329094424844e-04
3.492620885372161865e-01
4.720094054937362671e-02
4.197465628385543823e-02
7.163955271244049072e-02
2.127097696065902710e-01
2.824137359857559204e-02
7.006406784057617188e-02
3.558285906910896301e-02
6.934108585119247437e-02
6.783853471279144287e-02
4.918192699551582336e-02
9.042407036758959293e-04
6.465643644332885742e-01
1.003306582570075989e-01
2.112107574939727783e-01
3.323213815689086914e+00
9.402803331613540649e-02
9.481293708086013794e-02
9.862700104713439941e-02
2.510372176766395569e-02
1.146781360148452222e-04
3.442206978797912598e-01
5.265378952026367188e-02
4.648533463478088379e-02
7.011241465806961060e-02
2.639918029308319092e-01
3.176805004477500916e-02
7.212625443935394287e-02
4.580814391374588013e-02
7.116544991731643677e-02
7.264620065689086914e-02
5.178174003958702087e-02
1.019493094645440578e-03
7.588611841201782227e-01
1.031876206398010254e-01
2.566115856170654297e-01
3.902433156967163086e+00
9.684310853481292725e-02
7.890757173299789429e-02
7.612900435924530029e-02
2.614862099289894104e-02
1.709756324999034405e-04
3.368000388145446777e-01
4.219838604331016541e-02
4.098100587725639343e-02
7.357026636600494385e-02
2.571919858455657959e-01
2.503041364252567291e-02
7.451837509870529175e-02
3.893212974071502686e-02
7.202357053756713867e-02
7.255972176790237427e-02
4.797138646245002747e-02
1.101888017728924751e-03
7.437998652458190918e-01
1.028257012367248535e-01
2.862202227115631104e-01
4.481648921966552734e+00
1.041745766997337341e-01
8.857153356075286865e-02
8.876051753759384155e-02
3.713952749967575073e-02
1.560088421683758497e-04
3.711378574371337891e-01
2.669328823685646057e-02
2.797830104827880859e-02
6.098294258117675781e-02
2.102472186088562012e-01
1.719849929213523865e-02
6.434943526983261108e-02
2.789530903100967407e-02
5.854405835270881653e-02
5.977598950266838074e-02
4.318522289395332336e-02
8.531007915735244751e-04
5.271810889244079590e-01
1.003114059567451477e-01
2.901705801486968994e-01
4.776865959167480469e+00
8.774339407682418823e-02
7.313455641269683838e-02
8.001426607370376587e-02
1.893438026309013367e-02
1.205612352350726724e-04
4.135176241397857666e-01
5.159938335418701172e-02
4.236578941345214844e-02
8.963537216186523438e-02
2.104180008172988892e-01
3.143787384033203125e-02
9.716965258121490479e-02
2.680536732077598572e-02
9.389015287160873413e-02
9.490055590867996216e-02
3.959748148918151855e-02
1.382437185384333134e-03
5.520318150520324707e-01
1.162813082337379456e-01
2.960913181304931641e-01
5.039924144744873047e+00
1.046036556363105774e-01
7.983497530221939087e-02
1.010587364435195923e-01
2.920060232281684875e-02
1.093897808459587395e-04
3.506196141242980957e-01
6.204348430037498474e-02
4.789299145340919495e-02
1.120237410068511963e-01
2.319981753826141357e-01
3.485577553510665894e-02
1.103623136878013611e-01
2.745478786528110504e-02
1.084356531500816345e-01
1.081462576985359192e-01
3.981223702430725098e-02
1.130593358539044857e-03
7.313877344131469727e-01
1.437456607818603516e-01
2.980712354183197021e-01
5.085757255554199219e+00
1.098380312323570251e-01
9.355776757001876831e-02
8.504139631986618042e-02
3.939808160066604614e-02
1.243019214598461986e-04
4.492407441139221191e-01
4.763150215148925781e-02
3.512308746576309204e-02
1.316491514444351196e-01
3.959776461124420166e-01
2.801661193370819092e-02
1.355057507753372192e-01
2.915796451270580292e-02
1.293997615575790405e-01
1.244512051343917847e-01
4.452953487634658813e-02
1.747131696902215481e-03
8.649024963378906250e-01
1.460841745138168335e-01
2.980749607086181641e-01
5.085770606994628906e+00
1.484605967998504639e-01
1.324299126863479614e-01
8.928703516721725464e-02
4.044293984770774841e-02
1.245992025360465050e-04
4.405506253242492676e-01
4.984075576066970825e-02
4.457644745707511902e-02
1.885799020528793335e-01
4.293303787708282471e-01
2.798353694379329681e-02
1.884066462516784668e-01
3.568701446056365967e-02
1.833648830652236938e-01
1.838024854660034180e-01
4.573311284184455872e-02
1.848608837462961674e-03
8.859623670578002930e-01
1.580509096384048462e-01
2.980742752552032471e-01
5.177451610565185547e+00
2.277572751045227051e-01
1.862612366676330566e-01
1.939260810613632202e-01
3.495084121823310852e-02
1.230009802384302020e-04
4.980103671550750732e-01
4.078457504510879517e-02
3.666840493679046631e-02
1.741273254156112671e-01
7.733871936798095703e-01
2.801014110445976257e-02
2.164531499147415161e-01
6.932712346315383911e-02
2.060892879962921143e-01
2.042039632797241211e-01
4.603389278054237366e-02
1.387370517477393150e-03
9.146045446395874023e-01
1.579312086105346680e-01
3.296587765216827393e-01
5.734810352325439453e+00
2.549131810665130615e-01
2.133336812257766724e-01
2.679935693740844727e-01
1.006125938147306442e-02
1.162237022072076797e-04
5.048257708549499512e-01
4.355534538626670837e-02
2.985259518027305603e-02
2.351118773221969604e-01
8.994721770286560059e-01
2.105154655873775482e-02
2.377793937921524048e-01
7.462510466575622559e-02
2.290267646312713623e-01
2.356986552476882935e-01
4.479171708226203918e-02
2.015114994719624519e-03
8.525643944740295410e-01
1.677876710891723633e-01
3.888760507106781006e-01
6.304597377777099609e+00
1.908615380525588989e-01
1.559269279241561890e-01
1.992682516574859619e-01
8.811916224658489227e-03
1.248590415343642235e-04
5.080344676971435547e-01
2.863918244838714600e-02
2.713342756032943726e-02
1.996610909700393677e-01
6.576104164123535156e-01
1.818128675222396851e-02
2.189652621746063232e-01
7.721890509128570557e-02
2.085038870573043823e-01
2.079256623983383179e-01
4.978194087743759155e-02
1.663325587287545204e-03
8.466437458992004395e-01
1.620814204216003418e-01
3.888745903968811035e-01
6.649022579193115234e+00
1.915183365345001221e-01
1.590655595064163208e-01
1.713524162769317627e-01
9.150044992566108704e-03
1.361876056762412190e-04
4.435490965843200684e-01
7.035241276025772095e-02
4.979267716407775879e-02
1.562328636646270752e-01
5.454818010330200195e-01
3.069454059004783630e-02
1.892571896314620972e-01
5.544384196400642395e-02
1.836647540330886841e-01
1.838558316230773926e-01
5.445591732859611511e-02
1.657234388403594494e-03
9.339986443519592285e-01
1.714939624071121216e-01
3.888781368732452393e-01
6.894213676452636719e+00
1.488867849111557007e-01
1.437215059995651245e-01
8.126349747180938721e-02
1.070403028279542923e-02
1.283211895497515798e-04
4.537376165390014648e-01
7.433490455150604248e-02
5.836636573076248169e-02
1.811288148164749146e-01
3.555190563201904297e-01
4.216860979795455933e-02
2.136113494634628296e-01
4.853702336549758911e-02
2.145676165819168091e-01
2.086700052022933960e-01
4.636901617050170898e-02
1.448032795451581478e-03
6.344504356384277344e-01
1.862513422966003418e-01
3.888815939426422119e-01
6.822528839111328125e+00
7.880743592977523804e-02
6.924129277467727661e-02
7.395623624324798584e-02
1.204540580511093140e-02
1.629910257179290056e-04
4.376128017902374268e-01
1.054118275642395020e-01
7.784716039896011353e-02
2.282151281833648682e-01
6.381828784942626953e-01
5.758157372474670410e-02
2.813118398189544678e-01
4.451761767268180847e-02
2.586429119110107422e-01
2.584723830223083496e-01
5.389433726668357849e-02
1.139738364145159721e-03
7.081748247146606445e-01
1.848241686820983887e-01
3.888882100582122803e-01
6.797170639038085938e+00
1.083636954426765442e-01
1.069008484482765198e-01
1.202625334262847900e-01
2.380029112100601196e-02
1.977149076992645860e-04
4.832916259765625000e-01
8.334521204233169556e-02
6.542538851499557495e-02
2.012525349855422974e-01
6.693934202194213867e-01
5.863403156399726868e-02
2.603107392787933350e-01
4.525204747915267944e-02
2.408650517463684082e-01
2.415021657943725586e-01
5.871901661157608032e-02
8.999389829114079475e-04
6.772091388702392578e-01
2.048558294773101807e-01
3.888897597789764404e-01
6.786459922790527344e+00
1.387920081615447998e-01
1.279289871454238892e-01
1.466080099344253540e-01
3.005037456750869751e-02
2.332345029572024941e-04
4.092605113983154297e-01
7.995904982089996338e-02
6.303952634334564209e-02
1.602048575878143311e-01
4.060293734073638916e-01
5.742052569985389709e-02
2.229853123426437378e-01
4.016951844096183777e-02
2.132283896207809448e-01
2.122958749532699585e-01
4.876804351806640625e-02
9.705518605187535286e-04
5.307984352111816406e-01
1.951867043972015381e-01
3.888865113258361816e-01
6.807324886322021484e+00
6.696872413158416748e-02
6.105279177427291870e-02
7.722228765487670898e-02
3.879052028059959412e-02
1.982138783205300570e-04
4.036044180393218994e-01
7.822088152170181274e-02
5.791208148002624512e-02
1.326374262571334839e-01
2.780804336071014404e-01
5.645493045449256897e-02
1.803878545761108398e-01
4.193469509482383728e-02
1.683630645275115967e-01
1.680634021759033203e-01
4.823161289095878601e-02
1.010508625768125057e-03
5.581606030464172363e-01
2.007474005222320557e-01
3.871801495552062988e-01
6.874657154083251953e+00
6.523572653532028198e-02
6.058925017714500427e-02
6.326244771480560303e-02
4.933430999517440796e-02
2.008411829592660069e-04
4.345752298831939697e-01
6.600224971771240234e-02
5.215949565172195435e-02
1.517763435840606689e-01
2.828362882137298584e-01
4.862037301063537598e-02
1.837654560804367065e-01
4.116188362240791321e-02
1.785800009965896606e-01
1.787476837635040283e-01
7.869412004947662354e-02
1.525250962004065514e-03
5.806354284286499023e-01
1.985433250665664673e-01
3.871764540672302246e-01
6.934593677520751953e+00
7.514424622058868408e-02
6.965712457895278931e-02
6.782704591751098633e-02
3.644131496548652649e-02
2.540848799981176853e-04
4.130609929561614990e-01
7.532644271850585938e-02
7.698640227317810059e-02
1.370755434036254883e-01
4.804253280162811279e-01
3.387849777936935425e-02
1.800094842910766602e-01
4.100214689970016479e-02
1.769903004169464111e-01
1.710954457521438599e-01
8.234645426273345947e-02
1.568670384585857391e-03
8.330880999565124512e-01
2.007428556680679321e-01
3.864220976829528809e-01
6.897292137145996094e+00
7.440128177404403687e-02
7.419284433126449585e-02
7.141254842281341553e-02
2.869138866662979126e-02
1.374389539705589414e-04
4.451273083686828613e-01
5.831506103277206421e-02
5.885657668113708496e-02
1.560797095298767090e-01
7.001137733459472656e-01
3.593569621443748474e-02
1.920398026704788208e-01
4.416495189070701599e-02
1.765103191137313843e-01
1.766988933086395264e-01
8.815439045429229736e-02
2.102448837831616402e-03
1.133464932441711426e+00
2.022861689329147339e-01
3.863714635372161865e-01
6.892642974853515625e+00
2.069822251796722412e-01
2.504554986953735352e-01
1.003641858696937561e-01
2.692656777799129486e-02
1.975827472051605582e-04
5.426475405693054199e-01
6.946026533842086792e-02
7.388604432344436646e-02
1.578777283430099487e-01
3.816156983375549316e-01
4.251919314265251160e-02
2.036984562873840332e-01
6.724698096513748169e-02
1.899709254503250122e-01
1.902691572904586792e-01
1.111705750226974487e-01
2.831666497513651848e-03
1.733709454536437988e+00
2.066719681024551392e-01
3.863964974880218506e-01
6.850566864013671875e+00
2.262144982814788818e-01
2.248034924268722534e-01
1.866367161273956299e-01
3.168839961290359497e-02
1.456654572393745184e-04
5.736047625541687012e-01
6.032151356339454651e-02
6.058170646429061890e-02
1.606763601303100586e-01
3.152529001235961914e-01
4.158775135874748230e-02
1.748704612255096436e-01
4.500622302293777466e-02
1.809958219528198242e-01
1.805750578641891479e-01
7.551418244838714600e-02
1.858046511188149452e-03
1.138801813125610352e+00
2.327052354812622070e-01
3.863814175128936768e-01
6.857243061065673828e+00
1.403524130582809448e-01
1.150779053568840027e-01
1.172540560364723206e-01
3.893947973847389221e-02
1.450444833608344197e-04
5.459591746330261230e-01
6.860331445932388306e-02
5.017421394586563110e-02
1.686627268791198730e-01
3.190850913524627686e-01
4.940836876630783081e-02
2.016856074333190918e-01
3.554623201489448547e-02
1.934284865856170654e-01
1.933024227619171143e-01
4.437898844480514526e-02
1.216742559336125851e-03
4.270657896995544434e-01
2.190926671028137207e-01
3.489809930324554443e-01
6.967006683349609375e+00
1.068390682339668274e-01
9.440272301435470581e-02
9.198922663927078247e-02
4.181408882141113281e-02
1.663007569732144475e-04
3.710560202598571777e-01
8.981931954622268677e-02
6.368983536958694458e-02
1.681569367647171021e-01
3.707006871700286865e-01
6.248425692319869995e-02
2.060742080211639404e-01
5.745204165577888489e-02
1.979341953992843628e-01
1.980833262205123901e-01
5.754487961530685425e-02
1.326697878539562225e-03
5.984423756599426270e-01
2.187298536300659180e-01
3.283270001411437988e-01
6.786661148071289062e+00
9.507666528224945068e-02
8.191351592540740967e-02
8.105608075857162476e-02
5.160781368613243103e-02
2.373002353124320507e-04
4.207433164119720459e-01
9.346996992826461792e-02
6.373360008001327515e-02
1.766313016414642334e-01
5.013792514801025391e-01
6.999617815017700195e-02
2.198061645030975342e-01
3.671441599726676941e-02
2.084780931472778320e-01
2.084605097770690918e-01
5.312392115592956543e-02
1.429339637979865074e-03
6.557601690292358398e-01
2.129997909069061279e-01
3.298624455928802490e-01
6.655776977539062500e+00
7.915919274091720581e-02
7.361632585525512695e-02
8.190751820802688599e-02
6.068739295005798340e-02
1.437513710698112845e-04
5.195689201354980469e-01
1.050622090697288513e-01
7.306545972824096680e-02
1.835613995790481567e-01
4.171505570411682129e-01
8.042400330305099487e-02
2.754065990447998047e-01
4.470830038189888000e-02
2.644869685173034668e-01
2.511648535728454590e-01
5.313906818628311157e-02
1.817343989387154579e-03
4.857906103134155273e-01
2.127643823623657227e-01
3.283271789550781250e-01
6.379358291625976562e+00
8.867380768060684204e-02
8.258073776960372925e-02
8.760652691125869751e-02
7.631733268499374390e-02
2.066770393867045641e-04
5.084475874900817871e-01
8.357545733451843262e-02
5.845492333173751831e-02
1.816490441560745239e-01
4.914602637290954590e-01
6.253051757812500000e-02
2.391134053468704224e-01
3.745507448911666870e-02
2.220670133829116821e-01
2.267968356609344482e-01
5.126933753490447998e-02
8.993581868708133698e-04
6.116537451744079590e-01
2.154077291488647461e-01
3.322007656097412109e-01
6.419093608856201172e+00
9.551969915628433228e-02
8.159991353750228882e-02
6.125286221504211426e-02
7.488823682069778442e-02
1.306691992795094848e-04
6.172573566436767578e-01
1.122556850314140320e-01
8.086553961038589478e-02
1.606233119964599609e-01
2.528504133224487305e-01
8.313257247209548950e-02
2.120007723569869995e-01
3.750957921147346497e-02
2.073596566915512085e-01
2.065572738647460938e-01
5.414925143122673035e-02
9.871653746813535690e-04
4.839934706687927246e-01
2.146311253309249878e-01
3.228890001773834229e-01
6.551972389221191406e+00
7.353969663381576538e-02
6.730691343545913696e-02
5.705068632960319519e-02
7.547316700220108032e-02
1.537984062451869249e-04
7.501575946807861328e-01
1.426510959863662720e-01
9.613414108753204346e-02
1.702936738729476929e-01
2.250333577394485474e-01
9.609967470169067383e-02
2.379413545131683350e-01
3.635069355368614197e-02
2.212852686643600464e-01
2.209797203540802002e-01
5.887870118021965027e-02
8.805427933111786842e-04
5.352020263671875000e-01
2.227118760347366333e-01
3.273462653160095215e-01
6.371903419494628906e+00
7.218812406063079834e-02
6.455280631780624390e-02
6.517833471298217773e-02
8.405803143978118896e-02
1.724902831483632326e-04
7.682943940162658691e-01
1.428589224815368652e-01
9.453865140676498413e-02
2.388302087783813477e-01
2.128391712903976440e-01
9.179814904928207397e-02
2.960844933986663818e-01
3.732692077755928040e-02
2.748040854930877686e-01
2.838064134120941162e-01
6.045866012573242188e-02
1.222387189045548439e-03
5.578737854957580566e-01
2.215657979249954224e-01
3.261563777923583984e-01
6.292483329772949219e+00
8.744558691978454590e-02
7.957223802804946899e-02
6.897945702075958252e-02
9.785727411508560181e-02
1.468283298891037703e-04
8.474620580673217773e-01
1.178231015801429749e-01
8.300999552011489868e-02
1.883579492568969727e-01
2.517638504505157471e-01
7.594375312328338623e-02
2.406993359327316284e-01
3.810989111661911011e-02
2.237908095121383667e-01
2.190242260694503784e-01
6.282091885805130005e-02
1.646759570576250553e-03
8.430605530738830566e-01
2.258550524711608887e-01
3.217156231403350830e-01
6.371240615844726562e+00
9.775909781455993652e-02
9.100703150033950806e-02
7.639264315366744995e-02
1.197780445218086243e-01
1.458428741898387671e-04
8.143829107284545898e-01
1.152660399675369263e-01
7.013396918773651123e-02
1.567559838294982910e-01
2.411830276250839233e-01
7.971157878637313843e-02
2.068801671266555786e-01
3.198331966996192932e-02
2.098444700241088867e-01
2.094489037990570068e-01
6.324595212936401367e-02
2.261652378365397453e-03
1.100349068641662598e+00
2.270821183919906616e-01
3.249617516994476318e-01
6.426219463348388672e+00
1.210654005408287048e-01
1.071280315518379211e-01
1.034284532070159912e-01
1.243906691670417786e-01
1.854659931268543005e-04
8.703402280807495117e-01
9.887471795082092285e-02
6.590389460325241089e-02
1.333051025867462158e-01
2.587799429893493652e-01
7.406216859817504883e-02
1.810797303915023804e-01
3.542067483067512512e-02
1.725377142429351807e-01
1.739947646856307983e-01
8.408401906490325928e-02
2.003024565055966377e-03
9.937324523925781250e-01
2.225067317485809326e-01
3.283922076225280762e-01
6.341149330139160156e+00
2.071587443351745605e-01
2.190787047147750854e-01
1.868938207626342773e-01
1.162356883287429810e-01
1.499474310548976064e-04
8.995127677917480469e-01
7.518699765205383301e-02
6.664776057004928589e-02
1.399700492620468140e-01
3.482761085033416748e-01
5.475347489118576050e-02
1.927177160978317261e-01
5.253444239497184753e-02
1.817495077848434448e-01
1.827860772609710693e-01
1.064011678099632263e-01
1.816852833144366741e-03
1.051508903503417969e+00
2.354631423950195312e-01
3.264376223087310791e-01
6.383042335510253906e+00
2.187612652778625488e-01
1.875115334987640381e-01
1.956338584423065186e-01
6.644289940595626831e-02
1.457125181332230568e-04
9.267907142639160156e-01
7.784096896648406982e-02
6.830635666847229004e-02
1.641244441270828247e-01
3.382169604301452637e-01
5.668643489480018616e-02
1.898051500320434570e-01
5.812295153737068176e-02
1.765901446342468262e-01
2.106493264436721802e-01
1.051692068576812744e-01
4.280132707208395004e-03
2.980012416839599609e+00
2.198538482189178467e-01
3.263500630855560303e-01
6.447252750396728516e+00
4.001255929470062256e-01
4.093497991561889648e-01
2.341774106025695801e-01
6.668373197317123413e-02
1.227806933457031846e-04
9.544995427131652832e-01
8.020235598087310791e-02
5.802879855036735535e-02
1.393611133098602295e-01
2.885673046112060547e-01
6.029241532087326050e-02
1.653877496719360352e-01
4.329089447855949402e-02
1.596106588840484619e-01
1.597524136304855347e-01
7.629537582397460938e-02
1.706494484096765518e-03
1.237503051757812500e+00
2.341340333223342896e-01
3.223948776721954346e-01
6.328694820404052734e+00
7.516053318977355957e-02
6.781079620122909546e-02
6.362932920455932617e-02
7.860007137060165405e-02
1.444427325623109937e-04
1.141018152236938477e+00
8.373145759105682373e-02
5.918810516595840454e-02
1.586881577968597412e-01
3.256994783878326416e-01
6.384601444005966187e-02
2.192543596029281616e-01
4.670528694987297058e-02
1.888399869203567505e-01
1.811388283967971802e-01
6.995218992233276367e-02
1.361086615361273289e-03
1.039516448974609375e+00
2.175390869379043579e-01
3.267292380332946777e-01
6.455564975738525391e+00
5.768255889415740967e-02
5.243059620261192322e-02
6.275240331888198853e-02
8.223700523376464844e-02
1.443070359528064728e-04
9.031832814216613770e-01
1.047269031405448914e-01
6.390436738729476929e-02
2.454846948385238647e-01
3.767981231212615967e-01
7.702685892581939697e-02
2.941707968711853027e-01
5.134254321455955505e-02
2.950742840766906738e-01
2.863051593303680420e-01
5.493509024381637573e-02
9.411561186425387859e-04
4.843927919864654541e-01
2.242148965597152710e-01
3.253041803836822510e-01
6.103350639343261719e+00
9.909268468618392944e-02
9.546118974685668945e-02
1.069487407803535461e-01
9.119606763124465942e-02
1.350248494418337941e-04
7.271118164062500000e-01
1.260460913181304932e-01
8.903288096189498901e-02
2.279430776834487915e-01
2.890718579292297363e-01
9.116204082965850830e-02
2.873443365097045898e-01
6.244618445634841919e-02
2.633519768714904785e-01
2.625163495540618896e-01
5.061305314302444458e-02
8.668315713293850422e-04
5.058096647262573242e-01
2.309770584106445312e-01
3.208371996879577637e-01
6.404117584228515625e+00
1.102982461452484131e-01
1.073696613311767578e-01
1.212832108139991760e-01
1.047722175717353821e-01
2.872699988074600697e-04
7.014072537422180176e-01
3.015313148498535156e-01
2.461265325546264648e-01
2.220902144908905029e-01
3.836964964866638184e-01
2.162421941757202148e-01
2.794469594955444336e-01
6.713931262493133545e-02
2.729310393333435059e-01
2.723942399024963379e-01
9.224305301904678345e-02
9.797101374715566635e-04
4.488240182399749756e-01
2.165119051933288574e-01
2.546940445899963379e-01
5.839505672454833984e+00
5.376944690942764282e-02
4.819709435105323792e-02
6.616047769784927368e-02
1.692911088466644287e-01
2.008195733651518822e-04
5.243787169456481934e-01
1.747346222400665283e-01
1.165096163749694824e-01
2.218527793884277344e-01
3.288089632987976074e-01
1.182659938931465149e-01
2.910606563091278076e-01
4.887807369232177734e-02
2.739575505256652832e-01
2.734833359718322754e-01
6.805922091007232666e-02
8.239351445809006691e-04
5.527920722961425781e-01
1.973351240158081055e-01
2.504245340824127197e-01
5.827639102935791016e+00
6.628619134426116943e-02
5.599906295537948608e-02
7.220622152090072632e-02
2.145618051290512085e-01
1.230060297530144453e-04
4.023226797580718994e-01
1.575547009706497192e-01
1.269926279783248901e-01
2.539356648921966553e-01
3.906521499156951904e-01
1.348344981670379639e-01
3.450710177421569824e-01
5.042066052556037903e-02
3.172314167022705078e-01
3.170655369758605957e-01
6.581507623195648193e-02
8.809614228084683418e-04
5.411646962165832520e-01
1.924432069063186646e-01
2.580838799476623535e-01
5.956834316253662109e+00
6.107960939407348633e-01
3.890658915042877197e-01
2.489468008279800415e-01
1.793297529220581055e-01
1.228549372171983123e-04
3.197076320648193359e-01
2.351794242858886719e-01
2.045009285211563110e-01
2.788165509700775146e-01
2.794880867004394531e-01
1.781767010688781738e-01
3.513168692588806152e-01
4.892354458570480347e-02
3.592633903026580811e-01
3.615499138832092285e-01
1.254217773675918579e-01
7.128003053367137909e-04
6.343362927436828613e-01
1.996844559907913208e-01
2.494545429944992065e-01
5.992759704589843750e+00
3.269861340522766113e-01
2.859860956668853760e-01
2.347849011421203613e-01
1.519019901752471924e-01
1.180773761007003486e-04
4.047281146049499512e-01
1.745911091566085815e-01
1.260661780834197998e-01
3.080624938011169434e-01
3.502531647682189941e-01
1.244305297732353210e-01
3.996415734291076660e-01
4.104658961296081543e-02
3.711232542991638184e-01
3.775113821029663086e-01
6.940446794033050537e-02
6.422937731258571148e-04
4.727952182292938232e-01
1.942523270845413208e-01
2.451763153076171875e-01
5.890318870544433594e+00
2.860629260540008545e-01
2.910838425159454346e-01
2.179278433322906494e-01
1.583677828311920166e-01
1.064830139512196183e-04
4.148386120796203613e-01
1.203521341085433960e-01
1.022096574306488037e-01
4.357156157493591309e-01
7.279177904129028320e-01
9.127380698919296265e-02
5.055335760116577148e-01
7.139836251735687256e-02
4.981196224689483643e-01
4.990997314453125000e-01
8.124218881130218506e-02
5.437463987618684769e-04
5.240988135337829590e-01
1.973579525947570801e-01
2.422824800014495850e-01
5.829213619232177734e+00
2.100690156221389771e-01
1.868178695440292358e-01
2.133790254592895508e-01
1.160560771822929382e-01
1.731181691866368055e-04
3.301845192909240723e-01
2.089484483003616333e-01
1.599051058292388916e-01
4.448805749416351318e-01
8.481494188308715820e-01
1.264798790216445923e-01
4.930438399314880371e-01
7.628639787435531616e-02
4.729688763618469238e-01
4.739755988121032715e-01
6.934791803359985352e-02
6.406056927517056465e-04
6.079416871070861816e-01
2.166813462972640991e-01
2.478563934564590454e-01
5.921300411224365234e+00
1.439745575189590454e-01
1.181432381272315979e-01
1.424983739852905273e-01
9.041853994131088257e-02
2.241602051071822643e-04
4.769566357135772705e-01
2.204964011907577515e-01
1.745993793010711670e-01
3.876134455204010010e-01
3.877486288547515869e-01
1.554209887981414795e-01
5.013939738273620605e-01
5.187594890594482422e-02
5.132670402526855469e-01
5.136881470680236816e-01
6.658974289894104004e-02
5.152677767910063267e-04
4.606097936630249023e-01
2.067414224147796631e-01
2.496424019336700439e-01
5.830112457275390625e+00
1.314562559127807617e-01
1.006989032030105591e-01
9.467484802007675171e-02
8.743400871753692627e-02
1.547264109831303358e-04
1.079003214836120605e-01
2.173427641391754150e-01
1.451599895954132080e-01
5.321079492568969727e-01
4.753572940826416016e-01
1.208806633949279785e-01
6.217085123062133789e-01
3.560224920511245728e-02
6.397225856781005859e-01
6.395788788795471191e-01
7.723743468523025513e-02
4.956419579684734344e-04
5.043663978576660156e-01
1.963338553905487061e-01
2.417627722024917603e-01
5.686933517456054688e+00
1.107538789510726929e-01
9.458706527948379517e-02
7.711170613765716553e-02
1.078227832913398743e-01
1.682012807577848434e-04
1.853774785995483398e-01
1.881689280271530151e-01
1.285354793071746826e-01
8.014082908630371094e-01
4.325968325138092041e-01
1.176468655467033386e-01
9.400868415832519531e-01
5.431900545954704285e-02
7.751532793045043945e-01
7.766941785812377930e-01
1.440874040126800537e-01
3.927952202502638102e-04
5.549557805061340332e-01
1.866165846586227417e-01
2.414450198411941528e-01
5.763013362884521484e+00
7.763058692216873169e-02
6.392700225114822388e-02
7.007495313882827759e-02
1.704710572957992554e-01
1.687216135906055570e-04
2.555014491081237793e-01
2.534286975860595703e-01
2.071994096040725708e-01
7.154259681701660156e-01
4.151583611965179443e-01
1.806413382291793823e-01
8.212454915046691895e-01
6.099005416035652161e-02
7.950706481933593750e-01
7.976048588752746582e-01
4.988178610801696777e-02
8.204088080674409866e-04
9.133623242378234863e-01
1.940279453992843628e-01
2.373299598693847656e-01
6.167691707611083984e+00
9.821756929159164429e-02
9.193845838308334351e-02
7.931981980800628662e-02
1.118653193116188049e-01
2.077524841297417879e-04
2.282421439886093140e-01
2.605825364589691162e-01
2.034111917018890381e-01
4.295285642147064209e-01
3.874724209308624268e-01
1.722443252801895142e-01
4.767948389053344727e-01
3.908103331923484802e-02
4.590207636356353760e-01
4.549068808555603027e-01
4.151831194758415222e-02
3.733237681444734335e-04
4.165896475315093994e-01
2.128410339355468750e-01
2.427712827920913696e-01
6.392847537994384766e+00
1.231586784124374390e-01
1.063922345638275146e-01
7.055022567510604858e-02
1.295389831066131592e-01
2.301758795510977507e-04
1.253679394721984863e-01
1.748404800891876221e-01
1.515793800354003906e-01
4.748102724552154541e-01
2.601192593574523926e-01
1.198808476328849792e-01
5.872410535812377930e-01
4.189100116491317749e-02
5.901209712028503418e-01
5.896412730216979980e-01
4.168291762471199036e-02
3.699965309351682663e-04
3.546443581581115723e-01
2.148267626762390137e-01
2.336694896221160889e-01
6.246332168579101562e+00
8.773682266473770142e-02
6.681983917951583862e-02
8.588140457868576050e-02
1.106137856841087341e-01
2.372975723119452596e-04
1.279065161943435669e-01
1.792227029800415039e-01
1.317942887544631958e-01
4.256004095077514648e-01
7.961356639862060547e-01
1.236870437860488892e-01
6.023192405700683594e-01
6.701011955738067627e-02
6.047320365905761719e-01
6.227529644966125488e-01
3.307185322046279907e-02
3.692728059832006693e-04
3.538775146007537842e-01
2.043612599372863770e-01
2.401443868875503540e-01
4.975296974182128906e+00
7.461532950401306152e-02
6.421770155429840088e-02
5.427024513483047485e-02
1.085230857133865356e-01
2.195595880039036274e-04
2.271301150321960449e-01
2.365622967481613159e-01
1.712501794099807739e-01
3.847143054008483887e-01
3.064723312854766846e-01
1.504659354686737061e-01
5.313963294029235840e-01
2.764996699988842010e-02
4.986945092678070068e-01
4.988499283790588379e-01
5.368288233876228333e-02
4.167976439930498600e-04
4.109479486942291260e-01
1.957433521747589111e-01
2.123986035585403442e-01
3.879378557205200195e+00
1.058122962713241577e-01
8.132916688919067383e-02
8.311613649129867554e-02
1.254539191722869873e-01
2.228065277449786663e-04
2.497731894254684448e-01
2.703500092029571533e-01
2.278238087892532349e-01
3.538034558296203613e-01
1.280488222837448120e-01
1.711213588714599609e-01
5.032415986061096191e-01
2.296769618988037109e-02
4.807018935680389404e-01
4.858837723731994629e-01
1.174104362726211548e-01
3.950229147449135780e-04
3.416397869586944580e-01
2.213500291109085083e-01
1.945408135652542114e-01
2.808833837509155273e+00
1.683559715747833252e-01
1.368552744388580322e-01
9.018462896347045898e-02
1.521242856979370117e-01
1.989763550227507949e-04
2.510963678359985352e-01
2.735210657119750977e-01
2.314122468233108521e-01
2.543202042579650879e-01
1.647509336471557617e-01
1.855154335498809814e-01
3.809061646461486816e-01
2.618690021336078644e-02
3.560342192649841309e-01
3.546654880046844482e-01
9.519919008016586304e-02
3.814632073044776917e-04
3.486499786376953125e-01
1.987327635288238525e-01
1.874609291553497314e-01
2.723408699035644531e+00
3.060815036296844482e-01
2.397682964801788330e-01
1.905461698770523071e-01
1.877095401287078857e-01
2.682375197764486074e-04
2.746217548847198486e-01
1.753334999084472656e-01
1.336558610200881958e-01
3.003229498863220215e-01
1.624062210321426392e-01
1.226838678121566772e-01
4.214767217636108398e-01
2.900147438049316406e-02
4.001283049583435059e-01
3.986372351646423340e-01
9.085597842931747437e-02
5.233387928456068039e-04
5.156674385070800781e-01
1.985725015401840210e-01
1.282767951488494873e-01
2.854125499725341797e+00
3.368221819400787354e-01
2.908167243003845215e-01
1.646064072847366333e-01
1.904239803552627563e-01
2.476974332239478827e-04
2.182184010744094849e-01
2.235522568225860596e-01
1.239484027028083801e-01
2.709332108497619629e-01
2.080464363098144531e-01
1.639104336500167847e-01
3.309034705162048340e-01
3.223093226552009583e-02
3.135597705841064453e-01
3.112406432628631592e-01
7.614392042160034180e-02
5.938899703323841095e-04
6.493042707443237305e-01
2.012981474399566650e-01
1.132102608680725098e-01
2.738396406173706055e+00
1.162308976054191589e-01
9.729948639869689941e-02
2.028249800205230713e-01
1.363007724285125732e-01
3.084880881942808628e-04
2.018499821424484253e-01
1.776345372200012207e-01
1.531853675842285156e-01
2.032473236322402954e-01
2.188656032085418701e-01
1.348824799060821533e-01
2.898656725883483887e-01
2.293496206402778625e-02
3.039747774600982666e-01
3.025526404380798340e-01
7.479353249073028564e-02
5.717034218832850456e-04
5.244454145431518555e-01
2.051885724067687988e-01
9.957982599735260010e-02
2.782207965850830078e+00
1.722216457128524780e-01
1.377823203802108765e-01
1.446744352579116821e-01
1.340915858745574951e-01
2.564358001109212637e-04
1.826181113719940186e-01
9.421773999929428101e-02
7.697953283786773682e-02
1.372662335634231567e-01
2.000454515218734741e-01
8.467672765254974365e-02
2.001574337482452393e-01
3.886656090617179871e-02
1.834199428558349609e-01
1.826108694076538086e-01
6.509759277105331421e-02
3.566438390407711267e-04
4.428582787513732910e-01
1.937473416328430176e-01
8.643277734518051147e-02
2.981190204620361328e+00
4.966729134321212769e-02
4.495512321591377258e-02
7.440162450075149536e-02
1.151345819234848022e-01
2.631353272590786219e-04
1.753973513841629028e-01
8.976209908723831177e-02
7.988574355840682983e-02
1.291915625333786011e-01
1.545209437608718872e-01
8.570428192615509033e-02
2.053607255220413208e-01
3.810961917042732239e-02
2.019314765930175781e-01
2.018446177244186401e-01
5.328224226832389832e-02
3.744004643522202969e-04
4.553864300251007080e-01
1.792239099740982056e-01
8.741718530654907227e-02
2.912334918975830078e+00
1.723578758537769318e-02
1.676676981151103973e-02
2.346697635948657990e-02
1.077858358621597290e-01
2.554056700319051743e-04
1.796999871730804443e-01
1.099420711398124695e-01
8.812334388494491577e-02
1.025864481925964355e-01
9.983927756547927856e-02
8.961260318756103516e-02
1.831574738025665283e-01
2.730290032923221588e-02
1.858953386545181274e-01
1.856755912303924561e-01
5.475088581442832947e-02
4.357460129540413618e-04
6.357386708259582520e-01
1.792160719633102417e-01
8.751874417066574097e-02
2.972523450851440430e+00
3.963186219334602356e-02
4.346509650349617004e-02
2.864573709666728973e-02
9.506815671920776367e-02
2.531971840653568506e-04
1.177156120538711548e-01
9.461443126201629639e-02
7.754424214363098145e-02
9.306885302066802979e-02
1.275741755962371826e-01
8.315502107143402100e-02
1.448360979557037354e-01
2.331197075545787811e-02
1.378732621669769287e-01
1.372085660696029663e-01
6.308168172836303711e-02
4.424196376930922270e-04
6.666814684867858887e-01
1.692916154861450195e-01
9.084317088127136230e-02
2.863968372344970703e+00
5.222537368535995483e-02
6.052538380026817322e-02
4.097116738557815552e-02
1.132015287876129150e-01
1.834846625570207834e-04
1.217605918645858765e-01
6.786733865737915039e-02
6.696987897157669067e-02
1.574360430240631104e-01
1.008570343255996704e-01
6.658925116062164307e-02
1.341518908739089966e-01
2.245798334479331970e-02
1.276662647724151611e-01
1.287495791912078857e-01
6.468944251537322998e-02
5.065057193860411644e-04
5.773028135299682617e-01
1.741206049919128418e-01
8.927147090435028076e-02
2.500992298126220703e+00
3.010780178010463715e-02
3.159504756331443787e-02
2.358722686767578125e-02
1.210618242621421814e-01
2.009306044783443213e-04
1.329050511121749878e-01
8.488438278436660767e-02
7.943616807460784912e-02
1.460644006729125977e-01
9.574797004461288452e-02
7.083541899919509888e-02
1.758411973714828491e-01
3.008691780269145966e-02
1.125136017799377441e-01
1.200711131095886230e-01
8.951982110738754272e-02
4.260776040609925985e-04
4.413155019283294678e-01
1.579861491918563843e-01
4.397639632225036621e-02
2.330065250396728516e+00
2.308771386742591858e-02
2.362403646111488342e-02
1.733243465423583984e-02
8.729168027639389038e-02
2.168099454138427973e-04
1.498270779848098755e-01
1.015670076012611389e-01
9.712264686822891235e-02
9.553750604391098022e-02
9.882764518260955811e-02
7.844732701778411865e-02
1.023416519165039062e-01
4.223627969622612000e-02
6.123781204223632812e-02
6.093365699052810669e-02
9.902030974626541138e-02
4.381478065624833107e-04
3.577293157577514648e-01
1.498967856168746948e-01
3.421593457460403442e-02
1.807117700576782227e+00
2.594632841646671295e-02
2.720533870160579681e-02
1.951119117438793182e-02
9.128819406032562256e-02
2.654344716574996710e-04
1.643301993608474731e-01
1.000384390354156494e-01
8.175756037235260010e-02
5.701144412159919739e-02
7.659381628036499023e-02
6.929187476634979248e-02
9.346641600131988525e-02
2.359829470515251160e-02
1.159979924559593201e-01
1.163392513990402222e-01
7.017631083726882935e-02
4.158254305366426706e-04
2.877108454704284668e-01
1.467275917530059814e-01
1.891311816871166229e-02
2.068288326263427734e+00
8.721048384904861450e-02
1.033232361078262329e-01
6.279011815786361694e-02
9.250412881374359131e-02
2.743120712693780661e-04
1.712423115968704224e-01
8.965770900249481201e-02
8.709161728620529175e-02
6.703084707260131836e-02
7.840245217084884644e-02
7.426549494266510010e-02
8.153627812862396240e-02
2.312158979475498199e-02
8.184362202882766724e-02
8.125855773687362671e-02
6.569158285856246948e-02
4.189487081021070480e-04
3.363476991653442383e-01
1.340431272983551025e-01
3.229270130395889282e-02
3.086151123046875000e+00
3.692064061760902405e-02
4.975410178303718567e-02
3.456800803542137146e-02
7.493465393781661987e-02
2.928508911281824112e-04
1.804360896348953247e-01
8.936341851949691772e-02
8.435331284999847412e-02
4.127644747495651245e-02
6.775705516338348389e-02
8.053563535213470459e-02
6.127180531620979309e-02
2.640753053128719330e-02
7.687519490718841553e-02
7.668863981962203979e-02
7.077968865633010864e-02
4.498045018408447504e-04
2.744549214839935303e-01
1.268837749958038330e-01
9.528666734695434570e-03
1.759019017219543457e+00
2.086856029927730560e-02
2.376130595803260803e-02
1.506335381418466568e-02
7.643473893404006958e-02
2.762340882327407598e-04
1.817412078380584717e-01
1.106689795851707458e-01
1.047467142343521118e-01
2.987900190055370331e-02
8.937444537878036499e-02
1.007504612207412720e-01
5.028816685080528259e-02
4.427917674183845520e-02
6.930309534072875977e-02
6.917224824428558350e-02
8.448560535907745361e-02
4.269649216439574957e-04
3.029920160770416260e-01
1.181869357824325562e-01
3.153571486473083496e-02
1.594959259033203125e+00
1.366077736020088196e-02
1.706372760236263275e-02
9.849982336163520813e-03
8.948004245758056641e-02
2.708764222916215658e-04
1.876974552869796753e-01
1.037613078951835632e-01
1.070840731263160706e-01
5.883087590336799622e-02
8.559681475162506104e-02
9.436675161123275757e-02
1.241785660386085510e-01
5.972560122609138489e-02
1.234343498945236206e-01
1.231228262186050415e-01
8.702439069747924805e-02
4.657979588955640793e-04
2.575169205665588379e-01
1.249542012810707092e-01
5.542504135519266129e-03
2.137063980102539062e+00
1.163702178746461868e-02
1.228026393800973892e-02
1.193246711045503616e-02
1.040786653757095337e-01
2.406564308330416679e-04
1.926693171262741089e-01
1.003669649362564087e-01
8.901274949312210083e-02
8.969706296920776367e-02
6.856993585824966431e-02
7.817094773054122925e-02
1.486143320798873901e-01
3.208499401807785034e-02
1.421668827533721924e-01
1.421594023704528809e-01
9.329432249069213867e-02
4.481961368583142757e-04
2.792491316795349121e-01
1.145873069763183594e-01
4.624693654477596283e-03
1.253491878509521484e+00
1.271310448646545410e-02
1.338895037770271301e-02
9.357745759189128876e-03
1.003052815794944763e-01
2.418599033262580633e-04
2.370812296867370605e-01
8.213079720735549927e-02
8.594751358032226562e-02
8.573496341705322266e-02
7.931230962276458740e-02
6.712232530117034912e-02
1.448207795619964600e-01
3.167177736759185791e-02
1.045365482568740845e-01
1.059577316045761108e-01
1.121659949421882629e-01
4.475087916944175959e-04
2.694784402847290039e-01
1.089644432067871094e-01
2.979619195684790611e-03
1.105426907539367676e+00
1.162997353821992874e-02
1.237461157143115997e-02
9.017257019877433777e-03
1.039788499474525452e-01
2.571805671323090792e-04
2.953277826309204102e-01
7.189906388521194458e-02
8.241409063339233398e-02
5.735267326235771179e-02
8.386375010013580322e-02
5.926939845085144043e-02
1.002339497208595276e-01
3.858937695622444153e-02
9.557854384183883667e-02
9.521470963954925537e-02
8.561578392982482910e-02
4.907628172077238560e-04
3.107030689716339111e-01
1.123416051268577576e-01
2.366114174947142601e-03
1.345855355262756348e+00
1.121862605214118958e-02
1.182181201875209808e-02
8.991071023046970367e-03
1.104280352592468262e-01
2.716977614909410477e-04
3.556669056415557861e-01
6.179196387529373169e-02
7.122426480054855347e-02
5.658988654613494873e-02
6.054298207163810730e-02
5.422720313072204590e-02
1.014401689171791077e-01
2.918613515794277191e-02
1.236601248383522034e-01
1.226670369505882263e-01
9.724076837301254272e-02
6.404144805856049061e-04
3.576988279819488525e-01
1.208629831671714783e-01
5.424723494797945023e-03
1.122945785522460938e+00
1.142903976142406464e-02
1.214243099093437195e-02
9.517244994640350342e-03
1.016517728567123413e-01
2.889188181143254042e-04
2.819338440895080566e-01
6.554263830184936523e-02
7.635208219289779663e-02
7.817111909389495850e-02
6.583842635154724121e-02
5.473629757761955261e-02
1.268817782402038574e-01
2.405562065541744232e-02
1.323067545890808105e-01
1.328268349170684814e-01
9.784722328186035156e-02
8.645399357192218304e-04
4.997667670249938965e-01
9.053625166416168213e-02
6.420421414077281952e-03
1.150780081748962402e+00
1.371940691024065018e-02
1.479302253574132919e-02
9.996948763728141785e-03
7.406055182218551636e-02
3.013907407876104116e-04
2.974249720573425293e-01
9.554906934499740601e-02
1.181652918457984924e-01
5.823545902967453003e-02
6.796892732381820679e-02
9.982298314571380615e-02
1.093528419733047485e-01
2.505967207252979279e-02
1.126602515578269958e-01
1.102981790900230408e-01
1.157145723700523376e-01
8.397921919822692871e-04
5.251452326774597168e-01
1.217397823929786682e-01
6.278749089688062668e-03
1.173283457756042480e+00
1.179420668631792068e-02
1.241389196366071701e-02
9.457548148930072784e-03
6.355160474777221680e-02
3.469731309451162815e-04
6.348810195922851562e-01
7.244407385587692261e-02
8.276943862438201904e-02
7.814082503318786621e-02
8.874243497848510742e-02
6.416697055101394653e-02
1.251410990953445435e-01
2.700491808354854584e-02
1.398623734712600708e-01
1.383660137653350830e-01
1.130488812923431396e-01
8.970969356596469879e-04
4.960090219974517822e-01
2.059405148029327393e-01
8.487560786306858063e-03
1.132109642028808594e+00
1.229814253747463226e-02
1.259134523570537567e-02
1.071221753954887390e-02
6.987450271844863892e-02
4.704557941295206547e-04
6.109342575073242188e-01
7.421884685754776001e-02
8.497056365013122559e-02
6.994300335645675659e-02
9.109704941511154175e-02
6.993182748556137085e-02
1.293205916881561279e-01
3.014018945395946503e-02
1.589080542325973511e-01
1.585296392440795898e-01
1.189818158745765686e-01
1.059857313521206379e-03
6.576699614524841309e-01
2.655824124813079834e-01
5.332542117685079575e-03
1.114904999732971191e+00
1.441523618996143341e-02
1.633716188371181488e-02
1.136485859751701355e-02
6.011380627751350403e-02
4.404894134495407343e-04
8.080836534500122070e-01
7.828064262866973877e-02
9.168995171785354614e-02
6.104389950633049011e-02
9.382443875074386597e-02
7.626815885305404663e-02
1.158533319830894470e-01
3.352620825171470642e-02
1.236707717180252075e-01
1.238015070557594299e-01
1.338999569416046143e-01
1.258616801351308823e-03
7.305287718772888184e-01
2.292262464761734009e-01
8.637111634016036987e-03
1.181554317474365234e+00
1.859991811215877533e-02
2.013445273041725159e-02
1.619016751646995544e-02
7.171811163425445557e-02
4.657339304685592651e-04
5.908287167549133301e-01
8.889070153236389160e-02
9.956337511539459229e-02
6.311187148094177246e-02
9.556772559881210327e-02
8.559770882129669189e-02
1.055002436041831970e-01
3.707564622163772583e-02
1.147750467061996460e-01
1.140850633382797241e-01
1.409161537885665894e-01
1.528883934952318668e-03
8.839371204376220703e-01
2.821046710014343262e-01
1.247116923332214355e-02
1.104529023170471191e+00
3.082000650465488434e-02
3.356562554836273193e-02
2.420549653470516205e-02
6.096287071704864502e-02
4.360154271125793457e-04
6.085850596427917480e-01
9.185940772294998169e-02
1.122485920786857605e-01
6.269402801990509033e-02
1.109813824295997620e-01
9.035710245370864868e-02
1.219507604837417603e-01
4.223844408988952637e-02
1.418835818767547607e-01
1.416210383176803589e-01
1.408193111419677734e-01
1.494287862442433834e-03
8.613691926002502441e-01
2.947534024715423584e-01
4.855980506590640289e-09
1.068122267723083496e+00
2.615417726337909698e-02
3.034770488739013672e-02
2.279268205165863037e-02
6.475013494491577148e-02
4.017325700260698795e-04
4.927994906902313232e-01
9.867741167545318604e-02
1.136911138892173767e-01
5.863706767559051514e-02
1.182673573493957520e-01
9.993487596511840820e-02
1.168778091669082642e-01
4.900808632373809814e-02
1.240129619836807251e-01
1.235653534531593323e-01
1.505418121814727783e-01
1.594033790752291679e-03
9.492198228836059570e-01
3.176340758800506592e-01
4.855980506590640289e-09
1.058349609375000000e+00
2.165892347693443298e-02
2.419098839163780212e-02
1.844731718301773071e-02
6.733340024948120117e-02
3.906757920049130917e-04
6.023259162902832031e-01
1.107712462544441223e-01
1.363812237977981567e-01
7.660920172929763794e-02
1.273263990879058838e-01
1.155771985650062561e-01
1.496735066175460815e-01
5.683353915810585022e-02
1.529423296451568604e-01
1.521514654159545898e-01
1.740459203720092773e-01
1.751742907799780369e-03
1.203507423400878906e+00
3.077520728111267090e-01
4.855980506590640289e-09
1.100083827972412109e+00
3.167697787284851074e-02
3.081475570797920227e-02
3.055422939360141754e-02
6.889968365430831909e-02
3.492177929729223251e-04
6.829546093940734863e-01
1.417455226182937622e-01
1.752522736787796021e-01
7.219754159450531006e-02
1.963156014680862427e-01
1.507447957992553711e-01
1.419264972209930420e-01
7.989682257175445557e-02
1.548336297273635864e-01
1.544295996427536011e-01
2.196681201457977295e-01
2.050590934231877327e-03
1.381798386573791504e+00
2.759585082530975342e-01
4.855980506590640289e-09
1.101751804351806641e+00
7.514115422964096069e-02
8.235603570938110352e-02
7.306374609470367432e-02
7.484682649374008179e-02
3.032940148841589689e-04
7.696087956428527832e-01
1.437473595142364502e-01
1.759175509214401245e-01
7.170819491147994995e-02
1.946284025907516479e-01
1.597296893596649170e-01
1.408810913562774658e-01
9.856814146041870117e-02
1.591141372919082642e-01
1.587440073490142822e-01
2.364344894886016846e-01
2.187032951042056084e-03
1.404673814773559570e+00
2.525458335876464844e-01
4.855980506590640289e-09
1.088262319564819336e+00
7.193533331155776978e-02
7.647746056318283081e-02
6.921719014644622803e-02
8.862321078777313232e-02
2.736274036578834057e-04
7.610407471656799316e-01
1.609736680984497070e-01
1.943447440862655640e-01
7.333917915821075439e-02
2.248334884643554688e-01
1.813701242208480835e-01
1.416514664888381958e-01
1.109812930226325989e-01
1.527159959077835083e-01
1.520549207925796509e-01
2.727906107902526855e-01
2.130280248820781708e-03
1.269004344940185547e+00
2.359997481107711792e-01
4.855980506590640289e-09
1.096935272216796875e+00
3.578136488795280457e-02
3.534587845206260681e-02
4.267967119812965393e-02
9.655408561229705811e-02
2.466849400661885738e-04
9.708169102668762207e-01
1.451419293880462646e-01
1.772674620151519775e-01
7.421487569808959961e-02
1.791012436151504517e-01
1.828520298004150391e-01
1.490980237722396851e-01
1.110016405582427979e-01
1.600437164306640625e-01
1.610176563262939453e-01
2.590367794036865234e-01
2.222522860392928123e-03
1.378857254981994629e+00
2.200160473585128784e-01
4.855980506590640289e-09
1.094770550727844238e+00
1.790308766067028046e-02
2.102473750710487366e-02
2.610667049884796143e-02
1.007152721285820007e-01
2.917836245615035295e-04
8.164365887641906738e-01
1.615681797266006470e-01
1.830001771450042725e-01
7.828313112258911133e-02
1.978498399257659912e-01
1.813838779926300049e-01
1.526141315698623657e-01
1.178896874189376831e-01
1.644788682460784912e-01
1.634096652269363403e-01
2.849898636341094971e-01
2.185212215408682823e-03
1.380033731460571289e+00
2.515194118022918701e-01
4.855980506590640289e-09
1.094663977622985840e+00
3.636452928185462952e-02
3.568485379219055176e-02
2.049497514963150024e-02
9.945706278085708618e-02
3.389416378922760487e-04
8.045479059219360352e-01
1.608292758464813232e-01
1.906801164150238037e-01
8.335088193416595459e-02
1.856064498424530029e-01
1.806485950946807861e-01
1.617335975170135498e-01
9.543507546186447144e-02
1.735286265611648560e-01
1.728480458259582520e-01
2.862302660942077637e-01
2.205324359238147736e-03
1.626442670822143555e+00
1.897810250520706177e-01
4.855980506590640289e-09
1.130304813385009766e+00
2.893173694610595703e-02
3.032957948744297028e-02
2.192645706236362457e-02
1.108066812157630920e-01
2.557988627813756466e-04
8.340919017791748047e-01
1.582553237676620483e-01
1.852551698684692383e-01
9.298627823591232300e-02
1.886357516050338745e-01
1.784080266952514648e-01
1.774019002914428711e-01
9.960795938968658447e-02
1.919054090976715088e-01
1.910822689533233643e-01
2.889009118080139160e-01
2.471548039466142654e-03
1.808963060379028320e+00
8.558987081050872803e-02
4.855980506590640289e-09
1.130307912826538086e+00
1.830125227570533752e-02
1.978106983006000519e-02
2.043737471103668213e-02
1.137688979506492615e-01
3.137933963444083929e-04
8.979882001876831055e-01
1.645986735820770264e-01
1.892362385988235474e-01
9.754119813442230225e-02
1.876118779182434082e-01
1.826298385858535767e-01
1.841525137424468994e-01
1.027015745639801025e-01
2.053103446960449219e-01
2.183920145034790039e-01
2.925731241703033447e-01
2.169551327824592590e-03
1.331091761589050293e+00
9.994431585073471069e-02
4.855980506590640289e-09
1.130312561988830566e+00
1.794060319662094116e-02
2.034195326268672943e-02
2.156936749815940857e-02
1.003548875451087952e-01
3.601961361709982157e-04
8.325833082199096680e-01
1.642583608627319336e-01
1.964676082134246826e-01
1.447540074586868286e-01
2.218126058578491211e-01
1.848515719175338745e-01
2.314273715019226074e-01
1.048686280846595764e-01
2.546467185020446777e-01
2.537429034709930420e-01
2.815748751163482666e-01
2.018396975472569466e-03
1.421119332313537598e+00
7.072716951370239258e-02
4.855980506590640289e-09
1.130312800407409668e+00
3.917227312922477722e-02
4.589762538671493530e-02
6.211768835783004761e-02
9.944444894790649414e-02
3.530471876729279757e-04
8.445035219192504883e-01
1.727863103151321411e-01
2.174189239740371704e-01
1.114947944879531860e-01
1.526834964752197266e-01
2.065176069736480713e-01
2.032940238714218140e-01
9.558688104152679443e-02
2.216346561908721924e-01
2.200613319873809814e-01
3.596980571746826172e-01
1.721824868582189083e-03
1.352610826492309570e+00
6.449958682060241699e-02
4.855980506590640289e-09
1.130321145057678223e+00
2.003381960093975067e-02
2.854403480887413025e-02
2.417087554931640625e-02
9.480887651443481445e-02
3.378055407665669918e-04
7.826551795005798340e-01
1.868211627006530762e-01
2.240883558988571167e-01
1.134871169924736023e-01
1.521743088960647583e-01
2.230879962444305420e-01
2.370676547288894653e-01
1.074129715561866760e-01
2.606895864009857178e-01
2.593098580837249756e-01
4.073977768421173096e-01
1.590950530953705311e-03
1.218780398368835449e+00
4.426747933030128479e-02
4.855980506590640289e-09
1.130322456359863281e+00
1.454075984656810760e-02
1.547924429178237915e-02
1.634821109473705292e-02
9.261819720268249512e-02
3.191440482623875141e-04
7.952193021774291992e-01
1.873267292976379395e-01
2.365127801895141602e-01
1.189219504594802856e-01
2.400679886341094971e-01
2.351580411195755005e-01
2.328119277954101562e-01
1.142348796129226685e-01
2.614012956619262695e-01
2.595609128475189209e-01
4.773808121681213379e-01
1.752704149112105370e-03
1.242190718650817871e+00
5.788580700755119324e-02
4.855980506590640289e-09
1.236898899078369141e+00
1.603952981531620026e-02
1.755435764789581299e-02
1.864639669656753540e-02
9.207767248153686523e-02
3.268152941018342972e-04
5.813728570938110352e-01
2.002331167459487915e-01
2.594205141067504883e-01
1.153626814484596252e-01
1.408391892910003662e-01
2.409677505493164062e-01
3.059593737125396729e-01
1.108645796775817871e-01
3.238188624382019043e-01
3.239865303039550781e-01
5.552959442138671875e-01
1.757669262588024139e-03
1.406931400299072266e+00
6.432327628135681152e-02
4.855980506590640289e-09
1.236898183822631836e+00
1.479933690279722214e-02
1.690932177007198334e-02
1.640429534018039703e-02
1.019286438822746277e-01
3.406683390494436026e-04
6.285498142242431641e-01
2.020305693149566650e-01
2.618680596351623535e-01
2.011592537164688110e-01
1.654185950756072998e-01
2.516736388206481934e-01
4.241985082626342773e-01
1.222786009311676025e-01
4.417846798896789551e-01
4.390519857406616211e-01
4.361093640327453613e-01
1.394431688822805882e-03
1.367718935012817383e+00
7.909538596868515015e-02
4.855980506590640289e-09
1.236908197402954102e+00
1.354816090315580368e-02
1.446458883583545685e-02
1.691417396068572998e-02
1.060402616858482361e-01
2.536621177569031715e-04
5.829895734786987305e-01
2.260899841785430908e-01
2.844575941562652588e-01
2.280289381742477417e-01
1.892339885234832764e-01
2.757237851619720459e-01
4.116171300411224365e-01
1.343297660350799561e-01
4.545858502388000488e-01
4.560147821903228760e-01
4.119648337364196777e-01
1.637695939280092716e-03
1.459486603736877441e+00
1.071487590670585632e-01
4.855980506590640289e-09
1.236916184425354004e+00
1.424760743975639343e-02
1.509577315300703049e-02
1.691279746592044830e-02
1.083980277180671692e-01
2.386882260907441378e-04
5.384554266929626465e-01
2.460035830736160278e-01
2.892772853374481201e-01
2.331921458244323730e-01
2.443543672561645508e-01
2.831323742866516113e-01
4.074371755123138428e-01
1.481279879808425903e-01
4.065383672714233398e-01
3.637326657772064209e-01
4.111847281455993652e-01
1.459913211874663830e-03
1.305078268051147461e+00
1.113199070096015930e-01
4.855980506590640289e-09
1.236924052238464355e+00
1.602806709706783295e-02
1.841189898550510406e-02
1.905195415019989014e-02
1.290244460105895996e-01
2.522954600863158703e-04
4.319225847721099854e-01
2.825608253479003906e-01
3.470739126205444336e-01
2.715636193752288818e-01
2.667449414730072021e-01
3.173960149288177490e-01
4.164746701717376709e-01
1.589581817388534546e-01
4.054019153118133545e-01
3.961904644966125488e-01
4.519245624542236328e-01
1.372106722556054592e-03
1.422224640846252441e+00
1.286548376083374023e-01
4.855980506590640289e-09
1.236932992935180664e+00
1.652858592569828033e-02
1.767895370721817017e-02
1.687898859381675720e-02
1.686508357524871826e-01
2.488263708073645830e-04
4.782998561859130859e-01
3.272038698196411133e-01
3.830059170722961426e-01
3.203185498714447021e-01
3.082225918769836426e-01
3.666728734970092773e-01
5.096176862716674805e-01
1.813164949417114258e-01
4.842677414417266846e-01
4.853547513484954834e-01
4.938022196292877197e-01
1.342757022939622402e-03
1.163447737693786621e+00
1.430692076683044434e-01
4.855980506590640289e-09
1.236947774887084961e+00
1.553225796669721603e-02
1.566826924681663513e-02
2.053972706198692322e-02
2.085739076137542725e-01
3.087317163590341806e-04
5.120146274566650391e-01
4.399721026420593262e-01
4.456327855587005615e-01
3.263474404811859131e-01
4.383364319801330566e-01
4.218020737171173096e-01
5.416848063468933105e-01
1.795748770236968994e-01
5.651245117187500000e-01
5.602878928184509277e-01
4.766447544097900391e-01
1.356562948785722256e-03
1.357784032821655273e+00
1.785220801830291748e-01
4.855980506590640289e-09
1.236959218978881836e+00
2.023149468004703522e-02
2.414172887802124023e-02
2.168020978569984436e-02
2.469769269227981567e-01
3.237269702367484570e-04
3.490501642227172852e-01
2.720681130886077881e-01
3.115735650062561035e-01
2.945745885372161865e-01
2.679497301578521729e-01
3.084738552570343018e-01
5.468723773956298828e-01
1.573981493711471558e-01
5.334479212760925293e-01
5.314700007438659668e-01
4.130369722843170166e-01
1.343826414085924625e-03
1.390214204788208008e+00
1.603211760520935059e-01
4.855980506590640289e-09
1.236959099769592285e+00
3.682194277644157410e-02
3.869353979825973511e-02
3.085243701934814453e-02
1.897559612989425659e-01
2.635406563058495522e-04
3.067190349102020264e-01
2.819631993770599365e-01
3.138207197189331055e-01
2.218319624662399292e-01
2.491729855537414551e-01
3.052291870117187500e-01
3.656374514102935791e-01
1.339274644851684570e-01
4.098416864871978760e-01
4.087488949298858643e-01
3.847484588623046875e-01
1.313120359554886818e-03
1.198920130729675293e+00
1.765525788068771362e-01
4.855980506590640289e-09
1.193602561950683594e+00
2.242934517562389374e-02
2.397769130766391754e-02
2.457298524677753448e-02
1.655060946941375732e-01
2.663939958438277245e-04
3.128581643104553223e-01
2.954455018043518066e-01
3.358328938484191895e-01
2.246616631746292114e-01
2.981859445571899414e-01
3.187618851661682129e-01
4.010424911975860596e-01
1.647256463766098022e-01
4.128616750240325928e-01
4.115833044052124023e-01
3.894388973712921143e-01
1.393689890392124653e-03
1.329887151718139648e+00
1.997315138578414917e-01
4.855980506590640289e-09
8.744359612464904785e-01
2.517332695424556732e-02
2.473100833594799042e-02
2.870301343500614166e-02
1.611200422048568726e-01
3.308427694719284773e-04
2.621295452117919922e-01
3.131792247295379639e-01
3.490262627601623535e-01
2.376845926046371460e-01
3.209381699562072754e-01
3.250646591186523438e-01
4.168456494808197021e-01
1.748929768800735474e-01
4.331382215023040771e-01
4.310271441936492920e-01
3.888884186744689941e-01
1.576665090397000313e-03
1.428582906723022461e+00
1.972188055515289307e-01
4.855980506590640289e-09
8.470216393470764160e-01
2.945681475102901459e-02
3.020668402314186096e-02
4.286741837859153748e-02
1.615029126405715942e-01
2.760786155704408884e-04
2.612749636173248291e-01
3.710165619850158691e-01
4.269106686115264893e-01
2.462691813707351685e-01
5.219096541404724121e-01
3.763496875762939453e-01
4.202749133110046387e-01
2.707120478153228760e-01
4.355029463768005371e-01
4.339137375354766846e-01
4.331161081790924072e-01
1.606681849807500839e-03
1.265584707260131836e+00
2.011061608791351318e-01
4.855980506590640289e-09
6.727619171142578125e-01
2.936879731714725494e-02
2.927662618458271027e-02
6.994521617889404297e-02
1.819159537553787231e-01
2.288613177370280027e-04
1.885608434677124023e-01
4.188533425331115723e-01
4.430930614471435547e-01
2.579964697360992432e-01
5.570974946022033691e-01
3.971624970436096191e-01
4.363282024860382080e-01
3.009364604949951172e-01
4.505413472652435303e-01
4.488023519515991211e-01
4.250797033309936523e-01
1.227657659910619259e-03
1.092337489128112793e+00
2.127202600240707397e-01
4.855980506590640289e-09
6.917803883552551270e-01
4.488637298345565796e-02
4.541443660855293274e-02
7.150252163410186768e-02
1.951053440570831299e-01
2.217456058133393526e-04
2.431384027004241943e-01
3.972348272800445557e-01
4.383811056613922119e-01
2.777476608753204346e-01
6.433636546134948730e-01
4.066109359264373779e-01
4.458729922771453857e-01
2.971304655075073242e-01
4.657095372676849365e-01
4.582528471946716309e-01
4.194371402263641357e-01
1.529531320556998253e-03
1.350583195686340332e+00
1.925024539232254028e-01
4.855980506590640289e-09
7.088397741317749023e-01
1.024687141180038452e-01
1.102448180317878723e-01
1.270364671945571899e-01
1.986001729965209961e-01
6.018408457748591900e-04
2.535878717899322510e-01
3.676156103610992432e-01
3.912900686264038086e-01
2.665604948997497559e-01
7.300079464912414551e-01
3.937318027019500732e-01
4.488702416419982910e-01
2.980671823024749756e-01
4.581318795680999756e-01
4.554377496242523193e-01
4.132278561592102051e-01
1.611451618373394012e-03
1.463248372077941895e+00
2.224359810352325439e-01
4.855980506590640289e-09
7.254443168640136719e-01
1.099400147795677185e-01
1.166795417666435242e-01
1.274634599685668945e-01
2.275172472000122070e-01
3.621566575020551682e-04
2.498362660408020020e-01
3.646717667579650879e-01
3.950680196285247803e-01
2.530937194824218750e-01
7.136481404304504395e-01
3.948524594306945801e-01
4.210144579410552979e-01
3.083837926387786865e-01
4.390970766544342041e-01
4.378097951412200928e-01
4.137476086616516113e-01
1.825753366574645042e-03
1.602882623672485352e+00
2.167608141899108887e-01
4.855980506590640289e-09
7.109475731849670410e-01
6.634224206209182739e-02
6.839629262685775757e-02
8.752994239330291748e-02
2.144977003335952759e-01
8.369096904061734676e-04
2.300505340099334717e-01
3.704945743083953857e-01
4.033032357692718506e-01
2.517851889133453369e-01
8.698300123214721680e-01
4.027837216854095459e-01
4.113992452621459961e-01
3.784506916999816895e-01
4.140679538249969482e-01
4.235190451145172119e-01
4.290586113929748535e-01
1.845232793129980564e-03
1.498478531837463379e+00
2.247464358806610107e-01
4.855980506590640289e-09
4.720589220523834229e-01
3.872299939393997192e-02
3.824807703495025635e-02
7.311712205410003662e-02
2.263517379760742188e-01
7.914145244285464287e-04
2.298439592123031616e-01
3.233431279659271240e-01
3.492696583271026611e-01
2.510036826133728027e-01
9.734662175178527832e-01
3.841811716556549072e-01
4.153150320053100586e-01
3.410975337028503418e-01
4.147310256958007812e-01
4.131646752357482910e-01
3.409016728401184082e-01
1.824357546865940094e-03
1.354368805885314941e+00
2.612318396568298340e-01
4.855980506590640289e-09
2.863605022430419922e-01
3.993994742631912231e-02
4.426215216517448425e-02
5.300671234726905823e-02
2.543254196643829346e-01
5.729621625505387783e-04
2.157788723707199097e-01
2.809499502182006836e-01
3.094300627708435059e-01
2.735189497470855713e-01
9.759594202041625977e-01
3.342408537864685059e-01
4.112727642059326172e-01
3.077693283557891846e-01
4.238854348659515381e-01
4.225128591060638428e-01
2.476536929607391357e-01
1.662032911553978920e-03
1.378515481948852539e+00
2.462874650955200195e-01
4.855980506590640289e-09
2.438449561595916748e-01
4.378884285688400269e-02
5.693428218364715576e-02
6.016824394464492798e-02
2.175803929567337036e-01
8.578854030929505825e-04
2.231237739324569702e-01
2.487026453018188477e-01
2.588214278221130371e-01
2.803915441036224365e-01
6.134241223335266113e-01
2.991914153099060059e-01
4.286437332630157471e-01
2.677682340145111084e-01
4.396925866603851318e-01
4.410533010959625244e-01
2.714862227439880371e-01
1.610750216059386730e-03
1.303021788597106934e+00
2.523757219314575195e-01
4.855980506590640289e-09
2.723285257816314697e-01
4.981230571866035461e-02
6.355782598257064819e-02
6.525228917598724365e-02
2.001332789659500122e-01
8.074454963207244873e-04
2.849353253841400146e-01
2.121282815933227539e-01
2.400718927383422852e-01
2.713204026222229004e-01
7.171948552131652832e-01
2.661728560924530029e-01
4.181054532527923584e-01
2.724598944187164307e-01
4.259235262870788574e-01
4.249728620052337646e-01
2.905066013336181641e-01
1.482151681557297707e-03
1.215476632118225098e+00
2.287597656250000000e-01
4.855980506590640289e-09
3.083559572696685791e-01
3.191147744655609131e-02
3.757610917091369629e-02
4.638278484344482422e-02
1.736953109502792358e-01
7.328900974243879318e-04
3.380577564239501953e-01
2.364166826009750366e-01
2.506405115127563477e-01
2.576339840888977051e-01
8.356827497482299805e-01
2.744920551776885986e-01
4.206871688365936279e-01
2.754205167293548584e-01
4.422303736209869385e-01
4.413903057575225830e-01
2.674490511417388916e-01
1.493951887823641300e-03
1.212126135826110840e+00
2.098685950040817261e-01
4.855980506590640289e-09
3.278028070926666260e-01
3.139324858784675598e-02
4.013044387102127075e-02
4.588876664638519287e-02
2.022937387228012085e-01
7.458992768079042435e-04
3.729807436466217041e-01
2.614681720733642578e-01
2.626757323741912842e-01
2.335346341133117676e-01
7.858279943466186523e-01
2.942651510238647461e-01
4.066773355007171631e-01
3.009833693504333496e-01
4.238587319850921631e-01
4.230708181858062744e-01
2.816511690616607666e-01
1.489090034738183022e-03
1.223984003067016602e+00
2.535113394260406494e-01
4.855980506590640289e-09
3.645626604557037354e-01
3.308437764644622803e-02
3.202388063073158264e-02
5.010623484849929810e-02
1.927194148302078247e-01
9.337965166196227074e-04
4.182409644126892090e-01
2.345416396856307983e-01
2.396547049283981323e-01
2.663479447364807129e-01
8.315765857696533203e-01
2.765940129756927490e-01
3.580225110054016113e-01
3.093177974224090576e-01
4.261766970157623291e-01
4.201699197292327881e-01
2.797351181507110596e-01
1.364577910862863064e-03
1.190904855728149414e+00
2.559609711170196533e-01
4.855980506590640289e-09
2.593332231044769287e-01
2.820881269872188568e-02
2.879526279866695404e-02
5.218952149152755737e-02
1.555146872997283936e-01
8.289320976473391056e-04
4.120032787322998047e-01
2.534869909286499023e-01
2.646506428718566895e-01
2.985596060752868652e-01
8.840160369873046875e-01
2.823168635368347168e-01
4.063951373100280762e-01
3.489681482315063477e-01
4.273787140846252441e-01
4.292744696140289307e-01
2.945370972156524658e-01
1.440064399503171444e-03
1.284343719482421875e+00
2.961707413196563721e-01
4.855980506590640289e-09
4.467370510101318359e-01
2.553487941622734070e-02
2.799694240093231201e-02
4.941950365900993347e-02
1.550998538732528687e-01
8.219042210839688778e-04
4.475424289703369141e-01
2.001227587461471558e-01
2.318606078624725342e-01
4.008938074111938477e-01
9.352774620056152344e-01
2.431154251098632812e-01
5.519984364509582520e-01
3.432325720787048340e-01
5.355309247970581055e-01
5.348626375198364258e-01
2.880735397338867188e-01
1.324602868407964706e-03
1.084118843078613281e+00
2.645488977432250977e-01
4.855980506590640289e-09
2.142107784748077393e-01
3.022703342139720917e-02
2.906188182532787323e-02
5.538474768400192261e-02
1.385329067707061768e-01
5.807437701150774956e-04
5.361893773078918457e-01
2.133344262838363647e-01
2.328947186470031738e-01
3.982105255126953125e-01
9.487841725349426270e-01
2.393985092639923096e-01
5.484756827354431152e-01
3.257906436920166016e-01
5.225002765655517578e-01
5.653858184814453125e-01
2.996837198734283447e-01
1.332365558482706547e-03
1.149820923805236816e+00
3.112420737743377686e-01
4.855980506590640289e-09
1.515789479017257690e-01
2.871430478990077972e-02
2.949515357613563538e-02
5.553952977061271667e-02
1.317722499370574951e-01
6.049345247447490692e-04
4.966318011283874512e-01
2.078314125537872314e-01
2.281944155693054199e-01
3.805411159992218018e-01
7.368422746658325195e-01
2.308351397514343262e-01
5.745456814765930176e-01
3.187550902366638184e-01
5.390520095825195312e-01
5.382234454154968262e-01
3.145666718482971191e-01
1.348109450191259384e-03
1.259462714195251465e+00
2.988199293613433838e-01
4.855980506590640289e-09
1.383911371231079102e-01
2.887413837015628815e-02
3.174881637096405029e-02
5.198139324784278870e-02
1.245824024081230164e-01
8.071095799095928669e-04
5.135401487350463867e-01
1.466578990221023560e-01
1.971851140260696411e-01
4.516205191612243652e-01
8.402670621871948242e-01
1.958705782890319824e-01
5.843201875686645508e-01
2.849120199680328369e-01
6.226601600646972656e-01
6.249623894691467285e-01
3.362556695938110352e-01
1.558195217512547970e-03
1.265750646591186523e+00
2.962808012962341309e-01
4.855980506590640289e-09
1.642495393753051758e-01
3.056913055479526520e-02
3.136914223432540894e-02
5.247535556554794312e-02
1.207382082939147949e-01
4.493936139624565840e-04
5.825857520103454590e-01
1.566003710031509399e-01
2.062519639730453491e-01
5.049271583557128906e-01
8.063971996307373047e-01
1.895137578248977661e-01
6.644490957260131836e-01
2.752120494842529297e-01
6.852780580520629883e-01
6.854423880577087402e-01
3.653902411460876465e-01
1.389522221870720387e-03
1.151100158691406250e+00
3.044517040252685547e-01
4.855980506590640289e-09
1.366418302059173584e-01
2.984813228249549866e-02
2.906863950192928314e-02
5.166004970669746399e-02
1.239839866757392883e-01
2.940863778349012136e-04
7.398549318313598633e-01
2.130277752876281738e-01
2.537282407283782959e-01
5.248645544052124023e-01
7.663487792015075684e-01
2.220049351453781128e-01
6.286102533340454102e-01
2.480967342853546143e-01
6.672822237014770508e-01
7.024659514427185059e-01
3.976782858371734619e-01
1.538031734526157379e-03
1.202169656753540039e+00
3.508345782756805420e-01
4.855980506590640289e-09
2.022949010133743286e-01
2.877553924918174744e-02
2.882375009357929230e-02
5.081385001540184021e-02
1.247706413269042969e-01
5.734652513638138771e-04
7.766000628471374512e-01
2.204538583755493164e-01
2.724726498126983643e-01
5.523705482482910156e-01
6.810196042060852051e-01
2.273262292146682739e-01
7.156458497047424316e-01
2.385915517807006836e-01
7.498155236244201660e-01
7.767513990402221680e-01
4.452454745769500732e-01
1.436276244930922985e-03
1.039762735366821289e+00
3.460595607757568359e-01
4.855980506590640289e-09
1.692443042993545532e-01
3.237398341298103333e-02
3.291666507720947266e-02
5.487135425209999084e-02
1.350870430469512939e-01
3.900918236467987299e-04
9.349219799041748047e-01
2.433483451604843140e-01
2.922893762588500977e-01
6.640217900276184082e-01
6.032856702804565430e-01
2.376780807971954346e-01
9.207912683486938477e-01
2.282100021839141846e-01
9.101502299308776855e-01
9.083873033523559570e-01
5.165576338768005371e-01
1.468642847612500191e-03
1.216751575469970703e+00
3.501373529434204102e-01
4.855980506590640289e-09
1.303578913211822510e-01
5.294497311115264893e-02
4.843095317482948303e-02
6.938397139310836792e-02
1.384376138448715210e-01
4.776287823915481567e-04
1.103262305259704590e+00
2.568001449108123779e-01
3.403910696506500244e-01
7.793404459953308105e-01
6.223508119583129883e-01
2.481293380260467529e-01
1.049950838088989258e+00
1.979909390211105347e-01
1.083914279937744141e+00
1.082692146301269531e+00
6.050255894660949707e-01
1.505710766650736332e-03
1.275850534439086914e+00
3.373832404613494873e-01
4.855980506590640289e-09
1.315888911485671997e-01
5.648160725831985474e-02
5.223002284765243530e-02
7.626564800739288330e-02
1.494284123182296753e-01
1.680913119344040751e-04
1.275907039642333984e+00
3.105723857879638672e-01
3.879107832908630371e-01
7.687031626701354980e-01
5.512359738349914551e-01
2.876813709735870361e-01
1.105539083480834961e+00
1.865531057119369507e-01
1.071721553802490234e+00
1.074869513511657715e+00
7.342742681503295898e-01
1.679912209510803223e-03
1.688694596290588379e+00
3.481130003929138184e-01
4.855980506590640289e-09
1.309974491596221924e-01
5.610794574022293091e-02
5.397928506135940552e-02
8.157020062208175659e-02
1.605827659368515015e-01
2.102858561556786299e-04
1.422423720359802246e+00
3.563274145126342773e-01
4.679560065269470215e-01
8.797810077667236328e-01
5.931197404861450195e-01
3.190688490867614746e-01
1.216136574745178223e+00
1.726387143135070801e-01
1.295291304588317871e+00
1.288488984107971191e+00
7.692645788192749023e-01
2.414811868220567703e-03
1.627866148948669434e+00
3.631042838096618652e-01
4.855980506590640289e-09
1.072636470198631287e-01
6.459221243858337402e-02
5.513070896267890930e-02
9.692421555519104004e-02
1.790122985839843750e-01
2.110092173097655177e-04
1.327949762344360352e+00
3.892538845539093018e-01
5.020655989646911621e-01
9.597404003143310547e-01
5.517960786819458008e-01
3.476903140544891357e-01
1.250655531883239746e+00
1.502326130867004395e-01
1.402095556259155273e+00
1.401974081993103027e+00
8.498167395591735840e-01
2.071005292236804962e-03
1.603991866111755371e+00
3.535431921482086182e-01
4.855980506590640289e-09
1.055767685174942017e-01
1.492147743701934814e-01
1.425375640392303467e-01
1.964852213859558105e-01
1.847122460603713989e-01
2.012660843320190907e-04
1.419089913368225098e+00
4.220699667930603027e-01
5.382467508316040039e-01
9.463928937911987305e-01
5.609070062637329102e-01
3.670408129692077637e-01
1.206735372543334961e+00
1.510411947965621948e-01
1.249658346176147461e+00
1.249348282814025879e+00
9.185729026794433594e-01
1.912174513563513756e-03
1.617168188095092773e+00
3.991520702838897705e-01
4.855980506590640289e-09
1.076795160770416260e-01
1.894682645797729492e-01
1.858064383268356323e-01
2.122938036918640137e-01
1.916404962539672852e-01
2.186874044127762318e-04
1.536086678504943848e+00
4.511895775794982910e-01
5.562964081764221191e-01
9.803203344345092773e-01
5.318968892097473145e-01
3.991689085960388184e-01
1.344252943992614746e+00
1.410801112651824951e-01
1.359285473823547363e+00
1.387108802795410156e+00
9.806334376335144043e-01
1.871954998932778835e-03
1.554991006851196289e+00
4.041028320789337158e-01
4.855980506590640289e-09
1.059719696640968323e-01
1.200961023569107056e-01
1.131571382284164429e-01
1.432739496231079102e-01
2.029945254325866699e-01
2.011326869251206517e-04
1.583351492881774902e+00
5.149772167205810547e-01
6.544690132141113281e-01
1.092476248741149902e+00
3.649774789810180664e-01
4.787253439426422119e-01
1.498327016830444336e+00
1.192216724157333374e-01
1.524566054344177246e+00
1.520077586174011230e+00
1.119462609291076660e+00
2.414715709164738655e-03
1.863891959190368652e+00
4.028996825218200684e-01
4.855980506590640289e-09
1.041414961218833923e-01
5.613557621836662292e-02
4.993806406855583191e-02
7.782159745693206787e-02
2.281645834445953369e-01
1.358266599709168077e-04
1.641503334045410156e+00
5.756705403327941895e-01
7.164504528045654297e-01
1.242070198059082031e+00
2.835577428340911865e-01
4.771866500377655029e-01
1.740803003311157227e+00
1.031397432088851929e-01
1.885641574859619141e+00
1.828409433364868164e+00
1.186128854751586914e+00
2.642967738211154938e-03
2.069899320602416992e+00
3.882377147674560547e-01
4.855980506590640289e-09
1.049796715378761292e-01
5.940421298146247864e-02
5.119365081191062927e-02
8.728216588497161865e-02
2.560188174247741699e-01
1.083824099623598158e-04
1.733047485351562500e+00
7.586750984191894531e-01
8.771749138832092285e-01
1.324398994445800781e+00
1.800921112298965454e-01
6.010293364524841309e-01
1.865455031394958496e+00
5.794848874211311340e-02
1.843293666839599609e+00
1.886011958122253418e+00
1.404049873352050781e+00
2.680379431694746017e-03
1.930251479148864746e+00
3.982219696044921875e-01
4.855980506590640289e-09
1.053736358880996704e-01
7.129676640033721924e-02
6.603463739156723022e-02
8.455492556095123291e-02
2.676220834255218506e-01
1.012230641208589077e-04
2.000980854034423828e+00
7.734748125076293945e-01
9.898447394371032715e-01
1.323275327682495117e+00
1.406972706317901611e-01
6.465759277343750000e-01
1.826054692268371582e+00
4.953448101878166199e-02
1.814679622650146484e+00
1.812340497970581055e+00
1.431096434593200684e+00
2.761628944426774979e-03
1.915437221527099609e+00
3.985077440738677979e-01
4.855980506590640289e-09
1.051100194454193115e-01
7.290607690811157227e-02
6.777472048997879028e-02
8.138815313577651978e-02
3.646922707557678223e-01
1.146568756666965783e-04
2.345926523208618164e+00
8.748500347137451172e-01
1.070612788200378418e+00
1.339418888092041016e+00
1.532076001167297363e-01
7.298007011413574219e-01
1.854005932807922363e+00
6.384881585836410522e-02
1.874011039733886719e+00
1.842863202095031738e+00
1.660990595817565918e+00
2.928519854322075844e-03
1.935418963432312012e+00
3.993176817893981934e-01
4.855980506590640289e-09
1.051488965749740601e-01
7.344038039445877075e-02
7.136470079421997070e-02
8.202928304672241211e-02
3.922530710697174072e-01
2.019810199271887541e-04
2.252514362335205078e+00
9.792666435241699219e-01
1.253728032112121582e+00
1.471127152442932129e+00
1.542457193136215210e-01
9.250868558883666992e-01
2.050402402877807617e+00
9.232304990291595459e-02
2.064136981964111328e+00
2.061347007751464844e+00
1.864629268646240234e+00
3.324876306578516960e-03
2.376345872879028320e+00
3.726399838924407959e-01
4.855980506590640289e-09
1.048768907785415649e-01
7.078967988491058350e-02
6.493626534938812256e-02
7.803684473037719727e-02
4.711993932723999023e-01
2.746655954979360104e-04
2.356438875198364258e+00
1.059433221817016602e+00
1.255628824234008789e+00
1.469721436500549316e+00
1.818326115608215332e-01
8.869013786315917969e-01
1.977681517601013184e+00
6.678254157304763794e-02
2.149145126342773438e+00
2.066589355468750000e+00
1.884098291397094727e+00
3.139735665172338486e-03
2.236851692199707031e+00
3.811187744140625000e-01
4.855980506590640289e-09
1.045991256833076477e-01
6.909506767988204956e-02
6.209560111165046692e-02
6.985305249691009521e-02
5.454159975051879883e-01
3.372667415533214808e-04
2.437271833419799805e+00
1.047261953353881836e+00
1.302477359771728516e+00
1.527293920516967773e+00
2.214937508106231689e-01
8.947249650955200195e-01
2.010114669799804688e+00
7.646785676479339600e-02
2.069194555282592773e+00
2.071345090866088867e+00
1.982291102409362793e+00
3.650321392342448235e-03
1.922411441802978516e+00
3.633136153221130371e-01
4.855980506590640289e-09
1.047239899635314941e-01
5.918430164456367493e-02
5.229423567652702332e-02
5.935573577880859375e-02
5.951665639877319336e-01
4.468504921533167362e-04
2.606109857559204102e+00
1.191623091697692871e+00
1.453748583793640137e+00
1.673953056335449219e+00
2.670224606990814209e-01
9.758146405220031738e-01
2.285770416259765625e+00
9.239066392183303833e-02
2.360216856002807617e+00
2.357674360275268555e+00
2.069666147232055664e+00
3.627894911915063858e-03
2.678953886032104492e+00
3.735175728797912598e-01
4.855980506590640289e-09
1.051075011491775513e-01
6.027793884277343750e-02
5.321566388010978699e-02
5.849064141511917114e-02
5.970244407653808594e-01
5.260325269773602486e-04
2.940134525299072266e+00
1.196955561637878418e+00
1.508591890335083008e+00
1.780333399772644043e+00
2.706468403339385986e-01
1.025365352630615234e+00
2.476075649261474609e+00
8.389684557914733887e-02
2.556979656219482422e+00
2.577857494354248047e+00
2.282518386840820312e+00
3.600373165681958199e-03
2.703847646713256836e+00
3.620538711547851562e-01
4.855980506590640289e-09
1.048263013362884521e-01
5.495192483067512512e-02
4.894015192985534668e-02
5.440301075577735901e-02
6.572363972663879395e-01
7.197694503702223301e-04
2.937943220138549805e+00
1.391291856765747070e+00
1.681328773498535156e+00
1.864530682563781738e+00
2.684670686721801758e-01
1.124214410781860352e+00
2.569298505783081055e+00
1.054368242621421814e-01
2.655009508132934570e+00
2.650969982147216797e+00
2.444488048553466797e+00
5.573065020143985748e-03
3.475345134735107422e+00
3.684125840663909912e-01
4.855980506590640289e-09
1.046079024672508240e-01
5.638169497251510620e-02
4.784604534506797791e-02
5.706043541431427002e-02
7.216489911079406738e-01
8.346895920112729073e-04
2.874785900115966797e+00
1.524102926254272461e+00
1.867955207824707031e+00
1.916630387306213379e+00
2.860508561134338379e-01
1.187125921249389648e+00
2.612378358840942383e+00
1.221436411142349243e-01
2.633867740631103516e+00
2.630163192749023438e+00
2.595244646072387695e+00
5.393045954406261444e-03
3.323148727416992188e+00
3.696947693824768066e-01
4.855980506590640289e-09
1.052942425012588501e-01
5.721070244908332825e-02
5.065352469682693481e-02
6.156966090202331543e-02
7.934123277664184570e-01
1.009394065476953983e-03
3.151555299758911133e+00
1.658213853836059570e+00
2.009893417358398438e+00
1.982337236404418945e+00
2.978750169277191162e-01
1.343335628509521484e+00
2.602447032928466797e+00
1.508859843015670776e-01
2.682028532028198242e+00
2.655179977416992188e+00
2.748481035232543945e+00
4.970702808350324631e-03
3.145229578018188477e+00
3.611588180065155029e-01
4.855980506590640289e-09
1.065987944602966309e-01
6.295090913772583008e-02
5.906512588262557983e-02
5.677097663283348083e-02
8.166068196296691895e-01
1.122850342653691769e-03
2.786720752716064453e+00
1.804865479469299316e+00
2.169328451156616211e+00
2.082965135574340820e+00
3.552372455596923828e-01
1.441228628158569336e+00
2.726074218750000000e+00
1.404944658279418945e-01
2.805588960647583008e+00
2.793795108795166016e+00
2.942734479904174805e+00
4.688035696744918823e-03
2.891634702682495117e+00
3.638302385807037354e-01
4.855980506590640289e-09
1.065992489457130432e-01
6.039101630449295044e-02
5.274331569671630859e-02
5.211894214153289795e-02
9.035332202911376953e-01
1.216169679537415504e-03
2.535332679748535156e+00
1.885639190673828125e+00
2.221894741058349609e+00
2.183804750442504883e+00
3.510970175266265869e-01
1.443260788917541504e+00
2.746202945709228516e+00
1.823827773332595825e-01
2.795208454132080078e+00
2.798990964889526367e+00
3.176736354827880859e+00
3.337309462949633598e-03
2.408260822296142578e+00
3.583931922912597656e-01
4.855980506590640289e-09
1.066018193960189819e-01
6.460738927125930786e-02
5.831008404493331909e-02
6.576258689165115356e-02
9.865252971649169922e-01
1.430088304914534092e-03
2.829829216003417969e+00
1.983856916427612305e+00
2.359966278076171875e+00
2.297831535339355469e+00
3.882860541343688965e-01
1.534231662750244141e+00
2.948863506317138672e+00
1.977784782648086548e-01
3.018904924392700195e+00
3.033884763717651367e+00
3.302248001098632812e+00
4.139785654842853546e-03
2.803879499435424805e+00
3.591829836368560791e-01
4.855980506590640289e-09
1.066006571054458618e-01
6.013804301619529724e-02
5.504543334245681763e-02
6.030231341719627380e-02
1.090793371200561523e+00
1.597794704139232635e-03
2.090491771697998047e+00
9.094753265380859375e-01
1.162927746772766113e+00
1.929925084114074707e+00
3.855666220188140869e-01
5.529919862747192383e-01
1.870984077453613281e+00
8.332268893718719482e-02
2.095022201538085938e+00
2.287901639938354492e+00
2.090484857559204102e+00
3.603787627071142197e-03
2.578500986099243164e+00
3.170118927955627441e-01
4.855980506590640289e-09
7.348335813730955124e-03
6.517926603555679321e-02
5.968142300844192505e-02
7.195015996694564819e-02
1.050756216049194336e+00
1.972826197743415833e-03
2.278077363967895508e+00
9.601454138755798340e-01
1.255307912826538086e+00
1.474689722061157227e+00
4.211905002593994141e-01
5.177007317543029785e-01
1.496555685997009277e+00
1.126695722341537476e-01
1.693225622177124023e+00
1.753958225250244141e+00
2.448498964309692383e+00
2.570822136476635933e-03
1.639240860939025879e+00
3.105259239673614502e-01
4.855980506590640289e-09
6.402928847819566727e-03
6.795760244131088257e-02
6.029644608497619629e-02
8.146478235721588135e-02
7.522778511047363281e-01
2.155574038624763489e-03
2.160041570663452148e+00
1.262351512908935547e+00
1.514541506767272949e+00
8.838998675346374512e-01
4.681398272514343262e-01
9.632068872451782227e-01
8.377976417541503906e-01
1.700554490089416504e-01
8.625648021697998047e-01
8.651179075241088867e-01
2.559177398681640625e+00
2.622731495648622513e-03
1.497907519340515137e+00
3.092297911643981934e-01
4.855980506590640289e-09
1.969484612345695496e-03
7.644969224929809570e-02
6.898981332778930664e-02
7.591699063777923584e-02
7.653844952583312988e-01
2.187978243455290794e-03
1.935964703559875488e+00
1.648590445518493652e+00
1.846871495246887207e+00
6.877595186233520508e-01
4.957536160945892334e-01
1.177304863929748535e+00
7.163529396057128906e-01
1.998669356107711792e-01
7.375131845474243164e-01
7.437338829040527344e-01
2.356266021728515625e+00
2.019191160798072815e-03
1.579353094100952148e+00
3.694589436054229736e-01
4.855980506590640289e-09
6.885037757456302643e-03
9.105421602725982666e-02
8.033372461795806885e-02
7.305847108364105225e-02
9.891571998596191406e-01
2.282764995470643044e-03
8.396952748298645020e-01
1.358651280403137207e+00
1.691999673843383789e+00
7.364884614944458008e-01
5.044692158699035645e-01
9.474961161613464355e-01
6.124794483184814453e-01
1.489459276199340820e-01
5.835744738578796387e-01
5.877553224563598633e-01
2.306540966033935547e+00
2.347514033317565918e-03
1.331690669059753418e+00
3.200738131999969482e-01
4.855980506590640289e-09
1.020534709095954895e-02
8.324937522411346436e-02
7.140071690082550049e-02
6.624992191791534424e-02
9.121972322463989258e-01
2.246959134936332703e-03
1.309369087219238281e+00
1.022908568382263184e+00
1.267793536186218262e+00
4.887691140174865723e-01
5.460611581802368164e-01
7.078121900558471680e-01
3.935128152370452881e-01
1.589923202991485596e-01
4.898567199707031250e-01
4.928666055202484131e-01
2.150419473648071289e+00
8.627246133983135223e-04
1.018491625785827637e+00
3.659152388572692871e-01
4.855980506590640289e-09
7.931729778647422791e-03
1.744210869073867798e-01
1.468529701232910156e-01
1.511257737874984741e-01
9.029077887535095215e-01
2.126949606463313103e-03
1.039118766784667969e+00
1.068267583847045898e+00
1.264383554458618164e+00
6.022604107856750488e-01
5.323795676231384277e-01
6.717382073402404785e-01
4.142638742923736572e-01
1.543301194906234741e-01
4.286102950572967529e-01
4.299606084823608398e-01
2.076349258422851562e+00
9.715201449580490589e-04
1.079275369644165039e+00
4.405553042888641357e-01
4.855980506590640289e-09
5.535627249628305435e-03
2.216133624315261841e-01
2.044829428195953369e-01
1.864302456378936768e-01
8.780884742736816406e-01
2.008672105148434639e-03
9.493868947029113770e-01
1.008782863616943359e+00
1.234510660171508789e+00
6.130582690238952637e-01
4.881640374660491943e-01
6.966241002082824707e-01
4.706024825572967529e-01
1.611245870590209961e-01
4.699795544147491455e-01
4.701879620552062988e-01
2.072652816772460938e+00
8.746480452828109264e-04
9.617082476615905762e-01
4.579178392887115479e-01
4.855980506590640289e-09
1.027207728475332260e-02
2.338029742240905762e-01
2.032849639654159546e-01
1.992739289999008179e-01
8.454934954643249512e-01
1.976559637114405632e-03
1.015373826026916504e+00
1.099066257476806641e+00
1.313514709472656250e+00
5.532431602478027344e-01
4.647631049156188965e-01
7.440523505210876465e-01
5.403614044189453125e-01
1.668547093868255615e-01
4.717345833778381348e-01
5.268288850784301758e-01
2.129304170608520508e+00
9.032020461745560169e-04
7.417184114456176758e-01
4.648500978946685791e-01
4.855980506590640289e-09
1.051002554595470428e-02
1.792740523815155029e-01
1.633825600147247314e-01
1.645307242870330811e-01
7.404856681823730469e-01
2.000954467803239822e-03
2.200927734375000000e+00
1.206200957298278809e+00
1.429767727851867676e+00
4.122048318386077881e-01
4.803217947483062744e-01
7.706665992736816406e-01
3.887890875339508057e-01
1.888149082660675049e-01
5.183614492416381836e-01
3.106158375740051270e-01
2.098673820495605469e+00
1.043273834511637688e-03
1.033228158950805664e+00
4.785177707672119141e-01
4.855980506590640289e-09
9.607313200831413269e-03
1.150427758693695068e-01
1.029999852180480957e-01
1.056535914540290833e-01
8.574584126472473145e-01
2.001668326556682587e-03
2.284257173538208008e+00
1.259112834930419922e+00
1.489246845245361328e+00
3.294667005538940430e-01
6.667395830154418945e-01
7.710378766059875488e-01
2.780688703060150146e-01
2.488292753696441650e-01
2.365784645080566406e-01
2.375128865242004395e-01
2.272985458374023438e+00
1.127665280364453793e-03
1.431997060775756836e+00
4.505716860294342041e-01
4.855980506590640289e-09
3.556634997949004173e-03
1.078116297721862793e-01
9.560111910104751587e-02
8.734096586704254150e-02
9.612147808074951172e-01
2.124057617038488388e-03
2.350387096405029297e+00
1.350373268127441406e+00
1.586050868034362793e+00
4.096031785011291504e-01
8.174750208854675293e-01
8.190486431121826172e-01
2.617636620998382568e-01
2.992528378963470459e-01
3.703308105468750000e-01
3.720597624778747559e-01
2.273621797561645508e+00
7.086418918333947659e-04
7.969651222229003906e-01
4.704692959785461426e-01
4.855980506590640289e-09
9.399904869496822357e-03
9.879550337791442871e-02
1.131176725029945374e-01
1.673075109720230103e-01
9.822397828102111816e-01
2.243794035166501999e-03
2.615265369415283203e+00
1.320456504821777344e+00
1.639365911483764648e+00
2.243879437446594238e-01
1.045844793319702148e+00
8.723353147506713867e-01
1.659962981939315796e-01
3.571364879608154297e-01
2.850313186645507812e-01
2.868163883686065674e-01
2.096939563751220703e+00
7.097822381183505058e-04
6.242904663085937500e-01
4.804719388484954834e-01
4.855980506590640289e-09
9.724540635943412781e-03
8.749739825725555420e-02
7.943452894687652588e-02
7.817810028791427612e-02
1.092890739440917969e+00
2.362765837460756302e-03
3.127077341079711914e+00
1.443095803260803223e+00
1.681904911994934082e+00
3.527312576770782471e-01
8.658336400985717773e-01
8.847503662109375000e-01
3.082093596458435059e-01
3.419802188873291016e-01
4.234869480133056641e-01
3.857271075248718262e-01
2.428688764572143555e+00
3.632820735219866037e-04
5.368102192878723145e-01
5.055039525032043457e-01
4.855980506590640289e-09
7.880121469497680664e-03
7.404364645481109619e-02
6.656192243099212646e-02
9.531261771917343140e-02
1.082551479339599609e+00
2.447710372507572174e-03
2.607979774475097656e+00
1.433453202247619629e+00
1.661437630653381348e+00
4.338452517986297607e-01
1.013103485107421875e+00
8.572300672531127930e-01
3.684360980987548828e-01
3.082218766212463379e-01
2.143257260322570801e-01
2.147194594144821167e-01
2.364995002746582031e+00
2.687020460143685341e-04
3.161903917789459229e-01
4.879688918590545654e-01
4.855980506590640289e-09
8.398517966270446777e-03
6.755924969911575317e-02
6.298104673624038696e-02
3.682001307606697083e-02
1.078376173973083496e+00
2.565587172284722328e-03
2.404183626174926758e+00
1.251386642456054688e+00
1.502734541893005371e+00
4.775854647159576416e-01
6.625975370407104492e-01
6.392041444778442383e-01
5.274214744567871094e-01
1.743479222059249878e-01
5.444684028625488281e-01
5.445861816406250000e-01
1.846716046333312988e+00
2.431105094728991389e-04
3.860334753990173340e-01
5.096196532249450684e-01
4.855980506590640289e-09
8.051512762904167175e-03
7.710748910903930664e-02
6.111207976937294006e-02
4.051325097680091858e-02
1.067826271057128906e+00
2.808440942317247391e-03
2.410823583602905273e+00
9.679313898086547852e-01
1.171265244483947754e+00
3.728443682193756104e-01
6.895648837089538574e-01
4.430186450481414795e-01
2.806189954280853271e-01
1.380346417427062988e-01
2.933474183082580566e-01
2.969137132167816162e-01
1.727400302886962891e+00
2.328547270735725760e-04
3.777860403060913086e-01
5.039682388305664062e-01
4.855980506590640289e-09
4.103210926587053109e-08
7.183991372585296631e-02
5.807213112711906433e-02
3.752371668815612793e-02
9.080165624618530273e-01
2.908970927819609642e-03
2.297423839569091797e+00
9.646204113960266113e-01
1.133596658706665039e+00
5.477864742279052734e-01
6.463257670402526855e-01
4.319240450859069824e-01
4.467862546443939209e-01
1.538376212120056152e-01
5.415752530097961426e-01
5.435402393341064453e-01
1.734644770622253418e+00
1.411399134667590261e-04
1.750253736972808838e-01
5.270994901657104492e-01
4.855980506590640289e-09
4.103210926587053109e-08
7.119148969650268555e-02
5.958181247115135193e-02
3.422022983431816101e-02
8.053563237190246582e-01
2.624140353873372078e-03
2.173339843750000000e+00
1.031285643577575684e+00
1.205325603485107422e+00
4.727554321289062500e-01
9.422795176506042480e-01
4.360907375812530518e-01
3.225727379322052002e-01
1.869359761476516724e-01
3.872371912002563477e-01
3.876732289791107178e-01
1.832743883132934570e+00
2.167261700378730893e-04
2.687614262104034424e-01
5.005552768707275391e-01
4.855980506590640289e-09
4.103210926587053109e-08
6.943036615848541260e-02
5.860012397170066833e-02
3.712953999638557434e-02
7.821726202964782715e-01
2.610280411317944527e-03
1.994214534759521484e+00
1.032256007194519043e+00
1.239718675613403320e+00
5.314213633537292480e-01
8.947840929031372070e-01
4.344576895236968994e-01
3.762336075305938721e-01
2.035105079412460327e-01
3.883242011070251465e-01
3.904510736465454102e-01
1.762184500694274902e+00
2.631937095429748297e-04
1.805768907070159912e-01
4.818115234375000000e-01
4.855980506590640289e-09
4.103210926587053109e-08
7.512427866458892822e-02
6.569346785545349121e-02
3.203108906745910645e-02
7.738488316535949707e-01
2.655921503901481628e-03
1.794768929481506348e+00
1.042461276054382324e+00
1.249853372573852539e+00
5.275915861129760742e-01
8.888842463493347168e-01
4.347778558731079102e-01
3.542673587799072266e-01
2.050431072711944580e-01
3.557512164115905762e-01
3.583643436431884766e-01
1.750352263450622559e+00
3.156860766466706991e-04
1.615074276924133301e-01
4.865233004093170166e-01
4.855980506590640289e-09
4.103210926587053109e-08
8.821643888950347900e-02
7.071083784103393555e-02
3.970656916499137878e-02
8.527892231941223145e-01
2.705956576392054558e-03
1.671328067779541016e+00
1.039594888687133789e+00
1.206162929534912109e+00
4.465947747230529785e-01
9.037054181098937988e-01
4.052744507789611816e-01
3.125167489051818848e-01
2.320364564657211304e-01
3.173827528953552246e-01
3.342624902725219727e-01
1.710391044616699219e+00
1.055555767379701138e-04
9.822259843349456787e-02
4.778636395931243896e-01
4.855980506590640289e-09
4.103210926587053109e-08
7.692662626504898071e-02
7.129617035388946533e-02
3.984775021672248840e-02
8.282718658447265625e-01
2.712655114009976387e-03
1.601411342620849609e+00
1.004611253738403320e+00
1.172775506973266602e+00
4.909926950931549072e-01
1.041408896446228027e+00
3.974793851375579834e-01
3.367311656475067139e-01
2.177052944898605347e-01
3.439391553401947021e-01
3.463529050350189209e-01
1.589333295822143555e+00
1.729999930830672383e-04
1.203984543681144714e-01
4.702296853065490723e-01
4.855980506590640289e-09
4.103210926587053109e-08
7.950960099697113037e-02
6.557843834161758423e-02
3.767077624797821045e-02
8.266305327415466309e-01
2.738912124186754227e-03
1.345179200172424316e+00
1.010578870773315430e+00
1.149409174919128418e+00
5.383777618408203125e-01
1.228486537933349609e+00
3.971270620822906494e-01
3.680810332298278809e-01
1.886233091354370117e-01
3.790327012538909912e-01
3.801536560058593750e-01
1.619189620018005371e+00
2.526629250496625900e-04
2.496096789836883545e-01
4.667691588401794434e-01
4.855980506590640289e-09
4.103210926587053109e-08
8.305929601192474365e-02
7.197555154561996460e-02
7.684502750635147095e-02
7.920112609863281250e-01
3.562304191291332245e-03
1.260962128639221191e+00
8.478302955627441406e-01
9.958416223526000977e-01
4.846701025962829590e-01
1.172213435173034668e+00
3.442701399326324463e-01
3.094497025012969971e-01
1.775295436382293701e-01
3.475314080715179443e-01
3.652691543102264404e-01
1.571913003921508789e+00
2.750066050793975592e-04
1.802900135517120361e-01
4.428597986698150635e-01
4.855980506590640289e-09
4.103210926587053109e-08
1.090415418148040771e-01
1.001103967428207397e-01
1.782659143209457397e-01
6.985037922859191895e-01
4.146332386881113052e-03
1.226577162742614746e+00
9.645371437072753906e-01
1.121349215507507324e+00
2.905582785606384277e-01
1.522398591041564941e+00
3.819149434566497803e-01
2.245891243219375610e-01
3.097608089447021484e-01
2.148770838975906372e-01
2.187001854181289673e-01
1.492779135704040527e+00
3.299044037703424692e-04
1.629431992769241333e-01
5.029520988464355469e-01
4.855980506590640289e-09
4.103210926587053109e-08
1.143400296568870544e-01
1.021540164947509766e-01
1.197449788451194763e-01
6.654580235481262207e-01
4.543275106698274612e-03
1.129667997360229492e+00
8.736650347709655762e-01
1.044945716857910156e+00
4.064318835735321045e-01
1.358442187309265137e+00
3.401601314544677734e-01
2.562922835350036621e-01
2.581337392330169678e-01
2.363490611314773560e-01
2.378230839967727661e-01
1.546181082725524902e+00
2.828373108059167862e-04
1.495607644319534302e-01
5.020975470542907715e-01
4.855980506590640289e-09
4.103210926587053109e-08
1.033143103122711182e-01
9.320365637540817261e-02
1.028549000620841980e-01
7.504723072052001953e-01
4.487266298383474350e-03
1.330926060676574707e+00
7.953713536262512207e-01
9.196368455886840820e-01
2.646031975746154785e-01
1.288261413574218750e+00
3.075191974639892578e-01
1.562174260616302490e-01
2.245294004678726196e-01
1.493989676237106323e-01
1.507757008075714111e-01
1.451134324073791504e+00
1.869322295533493161e-04
1.738114804029464722e-01
4.981354773044586182e-01
4.855980506590640289e-09
4.103210926587053109e-08
1.097969561815261841e-01
9.753103554248809814e-02
6.327306479215621948e-02
7.361229062080383301e-01
4.213954322040081024e-03
6.432859301567077637e-01
7.108466029167175293e-01
8.674411773681640625e-01
2.883189618587493896e-01
1.008406162261962891e+00
2.657371163368225098e-01
1.955490410327911377e-01
1.547914147377014160e-01
1.936127543449401855e-01
1.722980141639709473e-01
1.224226713180541992e+00
1.822120975703001022e-04
1.210399344563484192e-01
5.039855837821960449e-01
4.855980506590640289e-09
4.103210926587053109e-08
1.554298400878906250e-01
1.251035928726196289e-01
9.325119107961654663e-02
6.377192139625549316e-01
3.870739135891199112e-03
4.178491830825805664e-01
6.756529808044433594e-01
8.092017173767089844e-01
2.400596737861633301e-01
1.175388813018798828e+00
2.615113854408264160e-01
1.319058686494827271e-01
1.683977395296096802e-01
1.353404819965362549e-01
1.344015151262283325e-01
1.148827314376831055e+00
1.257341500604525208e-04
1.499796211719512939e-01
5.504233241081237793e-01
4.855980506590640289e-09
4.103210926587053109e-08
3.189190328121185303e-01
2.792896330356597900e-01
2.065581083297729492e-01
5.411047935485839844e-01
4.182252101600170135e-03
3.245076835155487061e-01
6.481666564941406250e-01
7.710097432136535645e-01
2.214384526014328003e-01
1.025091767311096191e+00
2.382136583328247070e-01
1.342453509569168091e-01
1.491682678461074829e-01
1.307715028524398804e-01
1.318518221378326416e-01
9.205530881881713867e-01
1.660256966715678573e-04
1.658868640661239624e-01
5.149540305137634277e-01
4.855980506590640289e-09
4.103210926587053109e-08
3.926429748535156250e-01
3.584860563278198242e-01
2.509844899177551270e-01
4.934173226356506348e-01
4.161512013524770737e-03
2.367942035198211670e-01
6.358527541160583496e-01
7.259464263916015625e-01
2.368021905422210693e-01
9.184437990188598633e-01
2.176683247089385986e-01
1.338989585638046265e-01
1.352939456701278687e-01
1.328013688325881958e-01
1.333848983049392700e-01
9.799081087112426758e-01
1.439407496945932508e-04
1.800135672092437744e-01
5.518844127655029297e-01
4.855980506590640289e-09
4.103210926587053109e-08
2.909906208515167236e-01
2.504347562789916992e-01
1.848134100437164307e-01
4.850706458091735840e-01
3.356146393343806267e-03
1.897717714309692383e-01
7.313358783721923828e-01
8.467873930931091309e-01
2.474309802055358887e-01
9.510585069656372070e-01
2.597309350967407227e-01
1.749757081270217896e-01
1.486600190401077271e-01
1.664248704910278320e-01
1.434639245271682739e-01
1.136585354804992676e+00
1.503636449342593551e-04
1.498697102069854736e-01
6.357714533805847168e-01
4.855980506590640289e-09
4.103210926587053109e-08
5.870731547474861145e-02
5.355751514434814453e-02
3.197485581040382385e-02
5.451712012290954590e-01
3.537339158356189728e-03
3.032931685447692871e-01
7.699385881423950195e-01
8.680520057678222656e-01
2.047078013420104980e-01
1.098929047584533691e+00
2.819500565528869629e-01
1.122625097632408142e-01
1.661364734172821045e-01
1.275087147951126099e-01
1.274011284112930298e-01
1.102040052413940430e+00
2.836451458279043436e-04
2.968505024909973145e-01
7.270063161849975586e-01
4.855980506590640289e-09
4.103210926587053109e-08
1.760001927614212036e-01
8.880360424518585205e-02
1.376151144504547119e-01
5.920724868774414062e-01
3.755322424694895744e-03
2.760490179061889648e-01
7.042384147644042969e-01
8.038059473037719727e-01
1.506549566984176636e-01
1.035284638404846191e+00
2.528350651264190674e-01
8.773580938577651978e-02
1.613752096891403198e-01
8.863470703363418579e-02
8.883697539567947388e-02
1.102895259857177734e+00
2.767801051959395409e-04
4.353699982166290283e-01
7.820798754692077637e-01
4.855980506590640289e-09
4.103210926587053109e-08
1.339756846427917480e-01
1.123659610748291016e-01
1.089002639055252075e-01
6.344244480133056641e-01
4.198592156171798706e-03
4.515183269977569580e-01
6.895829439163208008e-01
7.543659806251525879e-01
2.023482620716094971e-01
1.097097039222717285e+00
2.375755757093429565e-01
1.194750145077705383e-01
1.507187187671661377e-01
1.118723303079605103e-01
1.128650084137916565e-01
1.074094891548156738e+00
9.753698395797982812e-05
2.419182509183883667e-01
8.758535981178283691e-01
4.855980506590640289e-09
4.103210926587053109e-08
7.427237927913665771e-02
9.512361139059066772e-02
1.095738187432289124e-01
6.976517438888549805e-01
4.209564067423343658e-03
3.527305424213409424e-01
6.996362209320068359e-01
7.901617884635925293e-01
2.194017618894577026e-01
1.121423959732055664e+00
2.439244985580444336e-01
1.310325115919113159e-01
1.475894302129745483e-01
1.335875391960144043e-01
1.354079544544219971e-01
1.044762253761291504e+00
8.518875984009355307e-05
6.690818816423416138e-02
9.636252522468566895e-01
4.855980506590640289e-09
4.103210926587053109e-08
7.710294425487518311e-02
7.315729558467864990e-02
3.192986920475959778e-02
6.270406842231750488e-01
4.701903089880943298e-03
4.732533991336822510e-01
7.885650396347045898e-01
8.730179667472839355e-01
2.106721550226211548e-01
1.345246076583862305e+00
2.783140540122985840e-01
1.398198902606964111e-01
1.954815238714218140e-01
1.354892402887344360e-01
1.198433265089988708e-01
1.124918222427368164e+00
1.020439594867639244e-04
1.457125395536422729e-01
1.147607564926147461e+00
4.855980506590640289e-09
4.103210926587053109e-08
9.574878960847854614e-02
9.174350649118423462e-02
4.320192709565162659e-02
6.549143791198730469e-01
4.259295295923948288e-03
4.099923968315124512e-01
7.313282489776611328e-01
8.173760771751403809e-01
1.822874844074249268e-01
1.209322214126586914e+00
2.538584768772125244e-01
1.174070611596107483e-01
1.774926781654357910e-01
1.027351319789886475e-01
1.004957258701324463e-01
1.016017794609069824e+00
1.124372865888290107e-04
1.604978740215301514e-01
1.251516103744506836e+00
4.855980506590640289e-09
4.103210926587053109e-08
5.517298728227615356e-02
5.494249612092971802e-02
3.318188712000846863e-02
7.827642560005187988e-01
5.172882229089736938e-03
3.305577337741851807e-01
6.629637479782104492e-01
7.232372164726257324e-01
1.645980179309844971e-01
1.088891863822937012e+00
2.176983505487442017e-01
1.002375632524490356e-01
1.461485177278518677e-01
1.223857849836349487e-01
1.192995458841323853e-01
8.905162811279296875e-01
9.957385918824002147e-05
1.417745351791381836e-01
1.425981998443603516e+00
4.855980506590640289e-09
4.103210926587053109e-08
6.534159928560256958e-02
6.084972247481346130e-02
2.333473414182662964e-02
7.136239409446716309e-01
5.659639835357666016e-03
1.788703501224517822e-01
6.152924299240112305e-01
6.761088371276855469e-01
1.576852053403854370e-01
1.127551436424255371e+00
1.947691291570663452e-01
8.299539983272552490e-02
1.227612718939781189e-01
8.309859037399291992e-02
8.377936482429504395e-02
1.031947255134582520e+00
1.034915112541057169e-04
1.111503764986991882e-01
1.343101859092712402e+00
4.855980506590640289e-09
4.103210926587053109e-08
6.263806670904159546e-02
5.968251824378967285e-02
2.129706740379333496e-02
5.318128466606140137e-01
5.481997504830360413e-03
7.033135741949081421e-02
5.062831640243530273e-01
4.799712002277374268e-01
1.636075824499130249e-01
7.434491515159606934e-01
1.524201631546020508e-01
9.188163280487060547e-02
8.169272541999816895e-02
8.981413394212722778e-02
8.956209570169448853e-02
5.598427057266235352e-01
1.246578322025015950e-04
9.279974550008773804e-02
1.240551590919494629e+00
4.855980506590640289e-09
4.103210926587053109e-08
6.151894107460975647e-02
5.917712673544883728e-02
2.351376786828041077e-02
3.945246338844299316e-01
4.536078777164220810e-03
2.170163020491600037e-02
4.084581136703491211e-01
4.544094204902648926e-01
1.447284519672393799e-01
6.769115924835205078e-01
1.211483106017112732e-01
7.047406584024429321e-02
6.108975410461425781e-02
8.136095106601715088e-02
7.453840970993041992e-02
2.933930754661560059e-01
1.098362408811226487e-04
1.004223003983497620e-01
1.223411798477172852e+00
4.855980506590640289e-09
4.103210926587053109e-08
5.244508385658264160e-02
5.247186496853828430e-02
2.259990945458412170e-02
2.772078812122344971e-01
4.522540606558322906e-03
3.575376793742179871e-02
3.948599100112915039e-01
4.164132177829742432e-01
1.442331820726394653e-01
2.840035855770111084e-01
1.004169806838035583e-01
7.975687086582183838e-02
4.549524188041687012e-02
8.729966729879379272e-02
8.625624328851699829e-02
4.327426552772521973e-01
1.105294504668563604e-04
6.769933551549911499e-02
1.176939129829406738e+00
4.855980506590640289e-09
4.103210926587053109e-08
6.405754387378692627e-02
6.409352272748947144e-02
2.396060712635517120e-02
2.138245403766632080e-01
4.017956089228391647e-03
9.501801431179046631e-02
2.850739657878875732e-01
2.691307663917541504e-01
1.341121047735214233e-01
3.350781798362731934e-01
8.202192932367324829e-02
6.595746427774429321e-02
4.485715553164482117e-02
6.216732785105705261e-02
6.263231486082077026e-02
3.208457827568054199e-01
9.178738400805741549e-05
4.655637592077255249e-02
1.068309426307678223e+00
4.855980506590640289e-09
4.103210926587053109e-08
7.325323671102523804e-02
7.649956643581390381e-02
3.093568794429302216e-02
1.619044989347457886e-01
3.675328101962804794e-03
4.019348323345184326e-02
2.737384140491485596e-01
2.891813814640045166e-01
1.154251769185066223e-01
2.894630432128906250e-01
7.984600961208343506e-02
6.164285168051719666e-02
4.668202251195907593e-02
6.055011227726936340e-02
5.859153717756271362e-02
2.911371588706970215e-01
8.150162466336041689e-05
4.892658069729804993e-02
1.020514488220214844e+00
4.855980506590640289e-09
4.103210926587053109e-08
7.921099662780761719e-02
6.995734572410583496e-02
3.521736711263656616e-02
1.960684955120086670e-01
3.027850994840264320e-03
2.048003822565078735e-01
2.573234438896179199e-01
2.685411572456359863e-01
1.067091822624206543e-01
2.358167022466659546e-01
7.115699350833892822e-02
5.770835280418395996e-02
4.277395084500312805e-02
5.316212028264999390e-02
5.355283245444297791e-02
2.710345089435577393e-01
7.630514301126822829e-05
6.250671297311782837e-02
9.478291273117065430e-01
4.855980506590640289e-09
4.103210926587053109e-08
6.758204847574234009e-02
6.504050642251968384e-02
2.506443485617637634e-02
1.052863970398902893e-01
1.858292031101882458e-03
1.932574063539505005e-01
2.282120436429977417e-01
2.579094469547271729e-01
9.991163015365600586e-02
3.384822607040405273e-01
6.664018332958221436e-02
5.368418991565704346e-02
4.113135859370231628e-02
5.166642367839813232e-02
5.175824463367462158e-02
2.511716783046722412e-01
6.798868707846850157e-05
4.888541251420974731e-02
7.918457984924316406e-01
4.855980506590640289e-09
4.103210926587053109e-08
1.108851283788681030e-01
9.618084877729415894e-02
2.725982666015625000e-02
9.382428228855133057e-02
2.166838617995381355e-03
1.479573994874954224e-01
2.575519084930419922e-01
2.397757917642593384e-01
1.026184409856796265e-01
4.411261081695556641e-01
8.671613037586212158e-02
5.638943985104560852e-02
6.878776848316192627e-02
5.639575794339179993e-02
5.678169056773185730e-02
2.565664649009704590e-01
7.095267937984317541e-05
9.102203696966171265e-02
7.083012461662292480e-01
4.855980506590640289e-09
4.103210926587053109e-08
1.306085586547851562e-01
1.182071715593338013e-01
9.526377916336059570e-02
1.382353603839874268e-01
3.308370010927319527e-03
1.538792997598648071e-01
1.889120489358901978e-01
1.788181513547897339e-01
1.107357218861579895e-01
4.630535542964935303e-01
5.826744064688682556e-02
6.024839729070663452e-02
6.649269908666610718e-02
7.722032815217971802e-02
7.680656015872955322e-02
2.236481159925460815e-01
6.690225563943386078e-05
4.417963698506355286e-02
6.069361567497253418e-01
4.855980506590640289e-09
4.103210926587053109e-08
1.074252352118492126e-01
9.519959241151809692e-02
8.781072497367858887e-02
1.460438519716262817e-01
2.655222313478589058e-03
1.170305162668228149e-01
1.211211532354354858e-01
1.172925829887390137e-01
1.770588159561157227e-01
3.150446414947509766e-01
4.249069839715957642e-02
8.951260149478912354e-02
4.580982401967048645e-02
9.018213301897048950e-02
9.185424447059631348e-02
1.524710953235626221e-01
7.139462104532867670e-05
4.238910228013992310e-02
6.792361140251159668e-01
4.855980506590640289e-09
4.103210926587053109e-08
9.494815766811370850e-02
8.647827059030532837e-02
5.501159653067588806e-02
1.271453499794006348e-01
3.463320899754762650e-03
1.100037470459938049e-01
8.335260301828384399e-02
7.495351135730743408e-02
1.586822718381881714e-01
2.349447757005691528e-01
3.073030337691307068e-02
7.066941261291503906e-02
3.450448065996170044e-02
6.922870874404907227e-02
7.692569494247436523e-02
9.795847535133361816e-02
7.324592297663912177e-05
4.085803031921386719e-02
5.344466567039489746e-01
4.855980506590640289e-09
4.103210926587053109e-08
1.218244433403015137e-01
1.039734259247779846e-01
3.801507130265235901e-02
1.120031923055648804e-01
3.258781041949987411e-03
1.595396697521209717e-01
8.623697608709335327e-02
8.594153821468353271e-02
2.849296331405639648e-01
2.372820526361465454e-01
3.457181900739669800e-02
2.143950760364532471e-01
4.091430455446243286e-02
1.778985708951950073e-01
1.798887252807617188e-01
1.013435199856758118e-01
6.465817568823695183e-05
3.954146057367324829e-02
4.769547879695892334e-01
4.855980506590640289e-09
4.103210926587053109e-08
8.540683984756469727e-02
6.803688406944274902e-02
3.230130672454833984e-02
9.117690473794937134e-02
1.718197949230670929e-03
2.646458446979522705e-01
1.194940432906150818e-01
1.222292035818099976e-01
2.215563505887985229e-01
3.030005991458892822e-01
4.790620505809783936e-02
1.106685549020767212e-01
5.444979667663574219e-02
1.134167611598968506e-01
1.165589392185211182e-01
1.459440886974334717e-01
7.067760452628135681e-05
4.098141565918922424e-02
4.555919170379638672e-01
4.855980506590640289e-09
4.103210926587053109e-08
1.479069888591766357e-01
1.188384220004081726e-01
9.025072306394577026e-02
8.538035303354263306e-02
1.528380205854773521e-03
3.434464335441589355e-01
1.822254508733749390e-01
1.844148337841033936e-01
2.008572965860366821e-01
3.978191614151000977e-01
7.634733617305755615e-02
9.792830049991607666e-02
8.874708414077758789e-02
8.611316978931427002e-02
8.642913401126861572e-02
2.386251837015151978e-01
7.315025140997022390e-05
4.492936655879020691e-02
4.788336157798767090e-01
4.855980506590640289e-09
4.103210926587053109e-08
3.702786564826965332e-01
3.370138704776763916e-01
1.924651861190795898e-01
1.144254356622695923e-01
1.669820630922913551e-03
4.029242098331451416e-01
2.276797741651535034e-01
2.283706218004226685e-01
2.163096666336059570e-01
5.007190108299255371e-01
1.034290343523025513e-01
8.362512290477752686e-02
1.243552938103675842e-01
6.938177347183227539e-02
6.948500126600265503e-02
2.082784026861190796e-01
6.760381802450865507e-05
4.775203391909599304e-02
4.804647564888000488e-01
4.855980506590640289e-09
4.103210926587053109e-08
3.781588077545166016e-01
3.141019046306610107e-01
1.794511377811431885e-01
1.701384782791137695e-01
1.765741501003503799e-03
4.866014122962951660e-01
2.517554759979248047e-01
2.815074324607849121e-01
1.519214808940887451e-01
7.444440126419067383e-01
1.196760237216949463e-01
7.498678565025329590e-02
1.545621454715728760e-01
7.160731405019760132e-02
7.147379219532012939e-02
2.817899584770202637e-01
8.668767986819148064e-05
5.607919394969940186e-02
4.653856754302978516e-01
4.855980506590640289e-09
4.103210926587053109e-08
2.114124745130538940e-01
1.897773593664169312e-01
9.971742331981658936e-02
2.378835678100585938e-01
1.872594351880252361e-03
6.667691469192504883e-01
2.511841952800750732e-01
2.511456012725830078e-01
7.892902195453643799e-02
8.793655633926391602e-01
1.251509636640548706e-01
4.462643340229988098e-02
1.921631246805191040e-01
4.423842579126358032e-02
4.432063549757003784e-02
3.178529739379882812e-01
6.951232353458181024e-05
4.894162341952323914e-02
4.999951720237731934e-01
4.855980506590640289e-09
4.103210926587053109e-08
7.403849065303802490e-02
7.139138132333755493e-02
3.163413330912590027e-02
2.313981503248214722e-01
2.017638878896832466e-03
4.626202881336212158e-01
1.965706199407577515e-01
2.069804966449737549e-01
8.378978073596954346e-02
7.705468535423278809e-01
1.009889096021652222e-01
4.239115118980407715e-02
1.687416285276412964e-01
4.135786369442939758e-02
4.159032553434371948e-02
2.604330778121948242e-01
7.486101094400510192e-05
5.649655312299728394e-02
4.613659381866455078e-01
4.855980506590640289e-09
4.103210926587053109e-08
1.725212782621383667e-01
1.487754732370376587e-01
5.476511269807815552e-02
1.888394355773925781e-01
2.159229014068841934e-03
4.591911733150482178e-01
1.673814058303833008e-01
1.734260916709899902e-01
8.163880556821823120e-02
6.661794781684875488e-01
7.254227250814437866e-02
4.207069426774978638e-02
1.091018617153167725e-01
4.062651842832565308e-02
4.101711884140968323e-02
2.287253588438034058e-01
7.535898475907742977e-05
4.922196269035339355e-02
4.438006877899169922e-01
4.855980506590640289e-09
4.103210926587053109e-08
2.063422948122024536e-01
1.856776922941207886e-01
6.780859082937240601e-02
1.340548396110534668e-01
1.130678690969944000e-03
4.777541458606719971e-01
1.871908456087112427e-01
1.862163543701171875e-01
7.013388723134994507e-02
9.207071661949157715e-01
7.697609812021255493e-02
3.489790484309196472e-02
1.102278456091880798e-01
3.380820900201797485e-02
3.409200534224510193e-02
2.329394668340682983e-01
7.829472451703622937e-05
5.097467452287673950e-02
4.542861282825469971e-01
4.855980506590640289e-09
4.103210926587053109e-08
1.095108091831207275e-01
9.460391849279403687e-02
5.952896922826766968e-02
1.751792430877685547e-01
1.141155255027115345e-03
5.214686393737792969e-01
1.771122664213180542e-01
2.127228677272796631e-01
1.031712815165519714e-01
6.957571506500244141e-01
7.788790762424468994e-02
4.473757371306419373e-02
1.276473104953765869e-01
4.326079040765762329e-02
4.363913834095001221e-02
1.712765246629714966e-01
8.071467891568318009e-05
5.432289093732833862e-02
4.340204894542694092e-01
4.855980506590640289e-09
4.103210926587053109e-08
8.286498486995697021e-02
8.146886527538299561e-02
3.028565086424350739e-02
1.235976889729499817e-01
2.114051254466176033e-03
6.069229841232299805e-01
1.764174103736877441e-01
1.717382669448852539e-01
1.373195946216583252e-01
4.674686789512634277e-01
7.586383819580078125e-02
8.063188940286636353e-02
1.000630483031272888e-01
7.528299093246459961e-02
7.661962509155273438e-02
1.660035550594329834e-01
7.689428457524627447e-05
4.869438335299491882e-02
4.065349102020263672e-01
4.855980506590640289e-09
4.103210926587053109e-08
5.476322770118713379e-02
7.447191327810287476e-02
3.080637753009796143e-02
1.398854553699493408e-01
1.049217768013477325e-03
5.997134447097778320e-01
1.369041055440902710e-01
1.531756371259689331e-01
7.199506461620330811e-02
4.701498448848724365e-01
6.394552439451217651e-02
3.782855346798896790e-02
9.792920202016830444e-02
3.462945297360420227e-02
3.521041572093963623e-02
1.955643445253372192e-01
7.344580808421596885e-05
4.496561363339424133e-02
3.457251489162445068e-01
4.855980506590640289e-09
4.103210926587053109e-08
6.170856207609176636e-02
4.903389886021614075e-02
2.524168230593204498e-02
1.157017871737480164e-01
1.198043231852352619e-03
7.501482963562011719e-01
1.597355157136917114e-01
1.807322055101394653e-01
9.068834036588668823e-02
3.932018280029296875e-01
7.170376926660537720e-02
4.329655691981315613e-02
8.288504183292388916e-02
4.116597399115562439e-02
4.154723137617111206e-02
2.158788442611694336e-01
7.453655416611582041e-05
5.392034724354743958e-02
3.875404000282287598e-01
4.855980506590640289e-09
4.103210926587053109e-08
5.023001506924629211e-02
4.118866473436355591e-02
2.628438733518123627e-02
1.008233875036239624e-01
1.281338743865489960e-03
6.824047565460205078e-01
1.587039679288864136e-01
1.847260743379592896e-01
8.364330977201461792e-02
4.747749567031860352e-01
7.500420510768890381e-02
4.332521557807922363e-02
8.623643964529037476e-02
4.172438010573387146e-02
4.186368733644485474e-02
2.266997992992401123e-01
8.061045082286000252e-05
5.137735232710838318e-02
3.554970324039459229e-01
4.855980506590640289e-09
4.103210926587053109e-08
5.598073452711105347e-02
4.305534064769744873e-02
2.120495215058326721e-02
1.028366535902023315e-01
1.270362990908324718e-03
8.494630455970764160e-01
1.737893819808959961e-01
1.880276948213577271e-01
8.823221176862716675e-02
6.478286981582641602e-01
8.227549493312835693e-02
5.128043144941329956e-02
7.882289588451385498e-02
5.005623027682304382e-02
5.026443675160408020e-02
2.862260043621063232e-01
9.196152677759528160e-05
5.933821946382522583e-02
4.018859863281250000e-01
4.855980506590640289e-09
4.103210926587053109e-08
4.544404149055480957e-02
4.084846377372741699e-02
2.651301398873329163e-02
1.109825968742370605e-01
1.267279149033129215e-03
8.553787469863891602e-01
1.471490114927291870e-01
1.762003153562545776e-01
5.939565226435661316e-02
5.770543217658996582e-01
6.912604719400405884e-02
2.337226644158363342e-02
8.100694417953491211e-02
2.226565219461917877e-02
2.224907465279102325e-02
3.076953291893005371e-01
1.416345185134559870e-04
8.034170418977737427e-02
4.630533754825592041e-01
4.855980506590640289e-09
4.103210926587053109e-08
5.666165798902511597e-02
4.370684176683425903e-02
2.556745521724224091e-02
1.038101762533187866e-01
1.291721477173268795e-03
9.554921388626098633e-01
1.439121812582015991e-01
1.677331924438476562e-01
7.868222147226333618e-02
5.786131024360656738e-01
6.298686563968658447e-02
3.023260459303855896e-02
9.655306488275527954e-02
3.256684914231300354e-02
2.802635915577411652e-02
2.679580152034759521e-01
9.270969167118892074e-05
5.136669427156448364e-02
3.197058737277984619e-01
4.855980506590640289e-09
4.103210926587053109e-08
6.010506674647331238e-02
5.933259800076484680e-02
2.901366725564002991e-02
9.966865926980972290e-02
1.212568138726055622e-03
9.832657575607299805e-01
1.187979578971862793e-01
1.436407864093780518e-01
1.031297072768211365e-01
5.515090227127075195e-01
7.057124376296997070e-02
4.310007765889167786e-02
9.949942678213119507e-02
4.089779034256935120e-02
3.585795685648918152e-02
2.455873489379882812e-01
8.951385098043829203e-05
5.434469506144523621e-02
3.661955296993255615e-01
4.855980506590640289e-09
4.103210926587053109e-08
7.198543846607208252e-02
5.182536318898200989e-02
2.115807682275772095e-02
1.157960668206214905e-01
1.275394111871719360e-03
9.993317127227783203e-01
1.385500133037567139e-01
1.601993441581726074e-01
1.424111425876617432e-01
4.335996508598327637e-01
6.419633328914642334e-02
9.956698119640350342e-02
9.812632203102111816e-02
1.012881621718406677e-01
1.002789661288261414e-01
2.552772164344787598e-01
8.309882832691073418e-05
7.670135796070098877e-02
3.260147869586944580e-01
4.855980506590640289e-09
4.103210926587053109e-08
6.005287170410156250e-02
4.819506779313087463e-02
2.065830864012241364e-02
1.155716478824615479e-01
1.247654203325510025e-03
9.406129121780395508e-01
1.425517052412033081e-01
1.758265793323516846e-01
1.110060587525367737e-01
5.033951401710510254e-01
6.438386440277099609e-02
5.545215308666229248e-02
9.295138716697692871e-02
4.973272979259490967e-02
4.916276782751083374e-02
2.708631157875061035e-01
7.151596219046041369e-05
5.445228144526481628e-02
3.984884023666381836e-01
4.855980506590640289e-09
4.103210926587053109e-08
4.752223938703536987e-02
3.927448391914367676e-02
2.152063138782978058e-02
1.184046417474746704e-01
1.270279870368540287e-03
8.961301445960998535e-01
2.019716054201126099e-01
2.126889675855636597e-01
1.775521486997604370e-01
2.834512591361999512e-01
7.562981545925140381e-02
6.807471811771392822e-02
8.818718045949935913e-02
8.218751847743988037e-02
8.419777452945709229e-02
2.821326851844787598e-01
5.740717097069136798e-05
5.628810450434684753e-02
3.742652535438537598e-01
4.855980506590640289e-09
4.103210926587053109e-08
9.336709976196289062e-02
8.006030321121215820e-02
4.768588021397590637e-02
1.381088942289352417e-01
1.179888145998120308e-03
9.669648408889770508e-01
2.001655399799346924e-01
1.924811601638793945e-01
9.650573134422302246e-02
2.709538936614990234e-01
8.554107695817947388e-02
3.974872455000877380e-02
1.255554258823394775e-01
4.179801419377326965e-02
4.216978698968887329e-02
2.352651804685592651e-01
5.905129000893794000e-05
5.102112144231796265e-02
3.595539629459381104e-01
4.855980506590640289e-09
4.103210926587053109e-08
1.075293868780136108e-01
1.038940325379371643e-01
4.391843453049659729e-02
1.349969655275344849e-01
1.162059372290968895e-03
9.358872175216674805e-01
1.122696176171302795e-01
1.153966709971427917e-01
2.359884828329086304e-01
3.054982125759124756e-01
5.509003996849060059e-02
6.935459375381469727e-02
1.063617393374443054e-01
6.594179570674896240e-02
6.622292101383209229e-02
1.774488240480422974e-01
5.894193236599676311e-05
5.392382666468620300e-02
3.255196213722229004e-01
4.855980506590640289e-09
4.103210926587053109e-08
9.289862960577011108e-02
7.824724167585372925e-02
4.373831301927566528e-02
1.000535488128662109e-01
7.505817920900881290e-04
8.796077966690063477e-01
1.185982376337051392e-01
1.271779388189315796e-01
1.852015256881713867e-01
3.397595584392547607e-01
6.010060757398605347e-02
8.599056303501129150e-02
8.648665994405746460e-02
1.015924960374832153e-01
1.015103906393051147e-01
2.181951403617858887e-01
7.835865108063444495e-05
5.792494118213653564e-02
4.442350268363952637e-01
4.855980506590640289e-09
4.103210926587053109e-08
7.082794606685638428e-02
6.637290865182876587e-02
2.959237806499004364e-02
1.062016636133193970e-01
1.805829815566539764e-03
9.199393391609191895e-01
1.637237817049026489e-01
2.064805030822753906e-01
1.870959401130676270e-01
3.986245989799499512e-01
7.448294013738632202e-02
8.495324850082397461e-02
1.031442061066627502e-01
9.080247581005096436e-02
9.153175354003906250e-02
3.364752233028411865e-01
9.000253339763730764e-05
7.023588567972183228e-02
4.898850619792938232e-01
4.855980506590640289e-09
4.103210926587053109e-08
7.483994215726852417e-02
5.565811321139335632e-02
3.336612507700920105e-02
1.313191652297973633e-01
2.592180157080292702e-03
9.326268434524536133e-01
2.055769860744476318e-01
2.411980926990509033e-01
2.145043164491653442e-01
4.389144778251647949e-01
9.068047255277633667e-02
9.967422485351562500e-02
1.196438446640968323e-01
8.827000856399536133e-02
8.913476020097732544e-02
3.416657149791717529e-01
8.847540448186919093e-05
7.306247949600219727e-02
4.358914792537689209e-01
4.855980506590640289e-09
4.103210926587053109e-08
1.475256234407424927e-01
1.261956989765167236e-01
8.275016397237777710e-02
1.637788265943527222e-01
1.449907431378960609e-03
9.988642334938049316e-01
2.547392845153808594e-01
3.123343884944915771e-01
1.517278850078582764e-01
5.800647139549255371e-01
1.128116771578788757e-01
9.579250961542129517e-02
1.373216807842254639e-01
1.068665608763694763e-01
1.082530692219734192e-01
3.471787869930267334e-01
7.425601506838575006e-05
5.749263241887092590e-02
6.801487207412719727e-01
4.855980506590640289e-09
4.103210926587053109e-08
3.409538865089416504e-01
3.062801063060760498e-01
1.669451892375946045e-01
2.335609197616577148e-01
1.062556984834372997e-03
1.096852660179138184e+00
3.013807833194732666e-01
3.630810379981994629e-01
1.732774078845977783e-01
8.548319935798645020e-01
1.426997780799865723e-01
8.517155796289443970e-02
1.774735450744628906e-01
7.101617753505706787e-02
6.914111226797103882e-02
4.637794494628906250e-01
7.467704563168808818e-05
6.530050933361053467e-02
5.261899232864379883e-01
4.855980506590640289e-09
4.103210926587053109e-08
2.064723521471023560e-01
1.836526095867156982e-01
8.562798798084259033e-02
2.969550490379333496e-01
2.015015808865427971e-03
1.171978473663330078e+00
2.662802338600158691e-01
3.205461204051971436e-01
6.063470244407653809e-02
8.767965435981750488e-01
1.398631781339645386e-01
4.252200946211814880e-02
2.240165919065475464e-01
4.439847543835639954e-02
4.474582523107528687e-02
4.813497066497802734e-01
1.103069735108874738e-04
8.759671449661254883e-02
5.240195393562316895e-01
4.855980506590640289e-09
4.103210926587053109e-08
4.395730048418045044e-02
4.833382740616798401e-02
2.144282124936580658e-02
2.788446545600891113e-01
5.808975547552108765e-04
1.143562555313110352e+00
2.729584872722625732e-01
3.032391667366027832e-01
8.011717349290847778e-02
7.448571920394897461e-01
1.504005342721939087e-01
4.655292630195617676e-02
1.936485022306442261e-01
4.777749255299568176e-02
4.820192977786064148e-02
4.991559088230133057e-01
1.610863255336880684e-04
9.556835889816284180e-02
4.630453884601593018e-01
4.855980506590640289e-09
4.103210926587053109e-08
8.263649791479110718e-02
5.517439544200897217e-02
2.183288149535655975e-02
2.375833839178085327e-01
9.142893832176923752e-04
1.073927164077758789e+00
1.990991383790969849e-01
2.469868659973144531e-01
7.712662965059280396e-02
5.960026979446411133e-01
1.154642775654792786e-01
4.361585900187492371e-02
1.668438166379928589e-01
4.616254195570945740e-02
4.658737778663635254e-02
3.478298783302307129e-01
8.452470501651987433e-05
7.348994165658950806e-02
5.269461274147033691e-01
4.855980506590640289e-09
4.103210926587053109e-08
1.210819110274314880e-01
1.229357719421386719e-01
4.089610278606414795e-02
1.760986894369125366e-01
7.485646056011319160e-04
9.033553600311279297e-01
1.411493569612503052e-01
1.277268975973129272e-01
5.578388646245002747e-02
5.073090195655822754e-01
6.529846787452697754e-02
3.854283690452575684e-02
1.027733236551284790e-01
3.804675862193107605e-02
3.844177722930908203e-02
1.812987625598907471e-01
7.504273526137694716e-05
5.987185612320899963e-02
4.750181734561920166e-01
4.855980506590640289e-09
4.103210926587053109e-08
1.562831103801727295e-01
1.490976810455322266e-01
5.309282615780830383e-02
1.230158433318138123e-01
7.078300695866346359e-04
7.985101342201232910e-01
1.696808338165283203e-01
1.408913433551788330e-01
1.021119728684425354e-01
6.488539576530456543e-01
5.950119346380233765e-02
5.538410693407058716e-02
8.574571460485458374e-02
5.304204672574996948e-02
5.382435023784637451e-02
1.619276106357574463e-01
8.049312600633129478e-05
5.910162627696990967e-02
4.831214249134063721e-01
4.855980506590640289e-09
4.103210926587053109e-08
9.563836455345153809e-02
8.410324156284332275e-02
4.368394240736961365e-02
1.462234705686569214e-01
1.214170013554394245e-03
7.060447335243225098e-01
2.330998033285140991e-01
1.597127914428710938e-01
1.010611504316329956e-01
6.747491359710693359e-01
7.360976934432983398e-02
5.502955615520477295e-02
1.110167279839515686e-01
5.276800319552421570e-02
5.328823253512382507e-02
1.212178096175193787e-01
8.734410948818549514e-05
5.634836480021476746e-02
4.751210510730743408e-01
4.855980506590640289e-09
4.103210926587053109e-08
6.322798877954483032e-02
7.899217307567596436e-02
2.642558328807353973e-02
1.259372979402542114e-01
1.365287462249398232e-03
7.150866389274597168e-01
1.327276974916458130e-01
1.241248771548271179e-01
9.511007368564605713e-02
4.544166922569274902e-01
8.027846366167068481e-02
5.194973200559616089e-02
1.182895153760910034e-01
4.835044592618942261e-02
4.850284755229949951e-02
1.382720172405242920e-01
9.592012793291360140e-05
4.828752204775810242e-02
5.131585001945495605e-01
4.855980506590640289e-09
4.103210926587053109e-08
4.248420149087905884e-02
5.134124308824539185e-02
2.027661725878715515e-02
1.559271663427352905e-01
5.805044202134013176e-04
5.646962523460388184e-01
9.504742920398712158e-02
1.083554551005363464e-01
8.866508305072784424e-02
4.289091229438781738e-01
5.385872721672058105e-02
5.316514149308204651e-02
7.500936836004257202e-02
4.988123849034309387e-02
5.011874809861183167e-02
2.050612717866897583e-01
1.051965446094982326e-04
5.147638171911239624e-02
4.616687297821044922e-01
4.855980506590640289e-09
4.103210926587053109e-08
3.812231868505477905e-02
3.027795627713203430e-02
1.386897917836904526e-02
1.074525266885757446e-01
7.144766277633607388e-04
7.863827943801879883e-01
1.348069012165069580e-01
1.801790148019790649e-01
1.046054735779762268e-01
2.940031290054321289e-01
5.716742947697639465e-02
6.538495421409606934e-02
6.587022542953491211e-02
6.322032958269119263e-02
6.373309344053268433e-02
2.530407607555389404e-01
9.899154247250407934e-05
5.713601410388946533e-02
4.066442847251892090e-01
4.855980506590640289e-09
4.103210926587053109e-08
3.545923158526420593e-02
2.769603952765464783e-02
1.324772555381059647e-02
8.426561951637268066e-02
1.362020964734256268e-03
8.020484447479248047e-01
1.728103905916213989e-01
2.035578042268753052e-01
1.021947041153907776e-01
3.222780823707580566e-01
6.667252629995346069e-02
6.109147891402244568e-02
7.857645303010940552e-02
5.839316174387931824e-02
5.878917500376701355e-02
3.454610705375671387e-01
6.432632653741165996e-05
5.567520111799240112e-02
3.711389899253845215e-01
4.855980506590640289e-09
4.103210926587053109e-08
3.566246479749679565e-02
2.786248363554477692e-02
1.669035106897354126e-02
8.959676325321197510e-02
1.196264056488871574e-03
7.431700229644775391e-01
1.159839406609535217e-01
1.639815270900726318e-01
9.997342526912689209e-02
5.923128724098205566e-01
4.971510916948318481e-02
6.010947376489639282e-02
7.497373223304748535e-02
6.743440777063369751e-02
5.951208248734474182e-02
3.991967737674713135e-01
8.157645061146467924e-05
5.400566384196281433e-02
3.647568523883819580e-01
4.855980506590640289e-09
4.103210926587053109e-08
3.343674540519714355e-02
2.820245921611785889e-02
1.794661581516265869e-02
9.764540940523147583e-02
1.233397633768618107e-03
7.016819715499877930e-01
1.185485944151878357e-01
1.394686400890350342e-01
4.767353087663650513e-02
3.853374719619750977e-01
5.761810764670372009e-02
2.646701037883758545e-02
7.648623734712600708e-02
2.855637483298778534e-02
2.877577766776084900e-02
3.680121600627899170e-01
9.276213677367195487e-05
6.698980182409286499e-02
3.673903644084930420e-01
4.855980506590640289e-09
4.103210926587053109e-08
3.830914199352264404e-02
2.973827905952930450e-02
2.096223831176757812e-02
8.253125101327896118e-02
1.200078520923852921e-03
8.267298340797424316e-01
9.198008477687835693e-02
1.189167648553848267e-01
1.141652166843414307e-01
3.299461901187896729e-01
4.882533848285675049e-02
4.000690206885337830e-02
8.763799071311950684e-02
5.217691138386726379e-02
5.271591991186141968e-02
2.794613242149353027e-01
6.617695908062160015e-05
4.714858531951904297e-02
3.737015128135681152e-01
4.855980506590640289e-09
4.103210926587053109e-08
4.872269183397293091e-02
4.546361416578292847e-02
2.431201003491878510e-02
7.039149850606918335e-02
1.159498700872063637e-03
8.057583570480346680e-01
7.637516409158706665e-02
1.038946285843849182e-01
1.792839765548706055e-01
3.422533273696899414e-01
6.901452690362930298e-02
1.063411384820938110e-01
8.278419822454452515e-02
1.000774353742599487e-01
9.994091093540191650e-02
2.985439896583557129e-01
6.326558650471270084e-05
4.818457737565040588e-02
3.745554387569427490e-01
4.855980506590640289e-09
4.103210926587053109e-08
4.670381173491477966e-02
3.965928778052330017e-02
2.106380462646484375e-02
1.145323887467384338e-01
5.612746463157236576e-04
6.715099811553955078e-01
1.665964573621749878e-01
2.046405971050262451e-01
3.119529485702514648e-01
6.371481418609619141e-01
6.890995055437088013e-02
1.673839241266250610e-01
7.111131399869918823e-02
1.681526452302932739e-01
1.686088591814041138e-01
3.361878097057342529e-01
7.043297955533489585e-05
4.943982884287834167e-02
3.820703923702239990e-01
4.855980506590640289e-09
4.103210926587053109e-08
4.456250369548797607e-02
3.618697822093963623e-02
2.162545546889305115e-02
1.170831322669982910e-01
1.387011259794235229e-03
5.466176271438598633e-01
1.957619935274124146e-01
2.174191176891326904e-01
4.120237231254577637e-01
4.283807873725891113e-01
6.905402243137359619e-02
1.058258563280105591e-01
7.467832416296005249e-02
1.025483384728431702e-01
1.044892221689224243e-01
3.686830401420593262e-01
6.578957982128486037e-05
5.089344456791877747e-02
3.809171020984649658e-01
4.855980506590640289e-09
4.103210926587053109e-08
5.391248688101768494e-02
4.133804515004158020e-02
1.895332708954811096e-02
1.187953501939773560e-01
8.602666785009205341e-04
5.035832524299621582e-01
1.730905175209045410e-01
2.006538510322570801e-01
2.167314291000366211e-01
5.980213880538940430e-01
7.030588388442993164e-02
8.984303474426269531e-02
1.202289685606956482e-01
7.960413396358489990e-02
7.972212135791778564e-02
2.186409682035446167e-01
6.813278014305979013e-05
5.824979767203330994e-02
3.901005685329437256e-01
4.855980506590640289e-09
4.103210926587053109e-08
7.940346747636795044e-02
7.840617001056671143e-02
3.418368473649024963e-02
1.241736635565757751e-01
1.495939795859158039e-03
4.487480521202087402e-01
2.370083481073379517e-01
2.998011112213134766e-01
1.091166213154792786e-01
2.881048619747161865e-01
7.484640181064605713e-02
6.497210264205932617e-02
1.078021898865699768e-01
6.589747965335845947e-02
6.657282263040542603e-02
2.004547566175460815e-01
7.032857683952897787e-05
6.267397850751876831e-02
3.957294225692749023e-01
4.855980506590640289e-09
4.103210926587053109e-08
9.542430192232131958e-02
9.394844621419906616e-02
4.098244383931159973e-02
1.129480302333831787e-01
1.501575461588799953e-03
4.734277129173278809e-01
1.156069859862327576e-01
1.364442706108093262e-01
2.433069348335266113e-01
4.168765544891357422e-01
5.308182537555694580e-02
1.053485497832298279e-01
9.409481287002563477e-02
1.079272851347923279e-01
1.088483557105064392e-01
1.953471451997756958e-01
7.491592987207695842e-05
5.905560031533241272e-02
3.955601155757904053e-01
4.855980506590640289e-09
4.103210926587053109e-08
8.744056522846221924e-02
8.116012811660766602e-02
4.539551213383674622e-02
8.392280340194702148e-02
1.718638348393142223e-03
3.776497542858123779e-01
1.152001991868019104e-01
1.301489174365997314e-01
2.503079175949096680e-01
3.823198676109313965e-01
5.367945507168769836e-02
1.112261712551116943e-01
1.015333756804466248e-01
1.215921714901924133e-01
1.215737462043762207e-01
1.920184344053268433e-01
8.562352013541385531e-05
5.949487537145614624e-02
4.207632839679718018e-01
4.855980506590640289e-09
4.103210926587053109e-08
7.218836247920989990e-02
6.596684455871582031e-02
3.102972358465194702e-02
8.331380784511566162e-02
1.856629038229584694e-03
3.881993591785430908e-01
1.399781405925750732e-01
1.890999972820281982e-01
1.633740216493606567e-01
4.913154244422912598e-01
6.752788275480270386e-02
1.060134768486022949e-01
1.160397306084632874e-01
7.231916487216949463e-02
8.615478128194808960e-02
2.042320370674133301e-01
9.333681373391300440e-05
5.883175507187843323e-02
4.625073075294494629e-01
4.855980506590640289e-09
4.103210926587053109e-08
7.297836244106292725e-02
5.275725200772285461e-02
3.147023171186447144e-02
9.573726356029510498e-02
1.852036803029477596e-03
2.800825536251068115e-01
2.392398566007614136e-01
2.720011174678802490e-01
2.341896295547485352e-01
5.993595123291015625e-01
8.466164022684097290e-02
8.748225122690200806e-02
1.298579424619674683e-01
8.981451392173767090e-02
9.045263379812240601e-02
2.780684828758239746e-01
1.108356445911340415e-04
7.144052535295486450e-02
5.103888511657714844e-01
4.855980506590640289e-09
4.103210926587053109e-08
1.431460082530975342e-01
1.134531646966934204e-01
8.680978417396545410e-02
1.576171368360519409e-01
1.866706064902245998e-03
3.210316300392150879e-01
3.240531682968139648e-01
3.746818006038665771e-01
3.676259517669677734e-01
5.930569767951965332e-01
1.198592633008956909e-01
1.356090754270553589e-01
1.397803276777267456e-01
1.325896680355072021e-01
1.343375444412231445e-01
3.409447073936462402e-01
1.439186162315309048e-04
9.248171746730804443e-02
5.170133113861083984e-01
4.855980506590640289e-09
4.103210926587053109e-08
3.093200325965881348e-01
2.775710821151733398e-01
1.645230948925018311e-01
2.183609306812286377e-01
1.950902980752289295e-03
4.492656588554382324e-01
2.871098816394805908e-01
3.268342614173889160e-01
2.824566960334777832e-01
7.471651434898376465e-01
1.234268918633460999e-01
1.242755800485610962e-01
1.582029014825820923e-01
1.252585202455520630e-01
1.256373971700668335e-01
3.599556684494018555e-01
1.515445037512108684e-04
9.654678404331207275e-02
5.955052375793457031e-01
4.855980506590640289e-09
4.103210926587053109e-08
1.134598031640052795e-01
1.389194428920745850e-01
8.392909169197082520e-02
3.005481362342834473e-01
2.099646953865885735e-03
3.118402063846588135e-01
2.615564465522766113e-01
3.018471300601959229e-01
1.200367137789726257e-01
9.377389550209045410e-01
1.280668079853057861e-01
1.046608388423919678e-01
2.042818367481231689e-01
1.047697737812995911e-01
1.051735877990722656e-01
4.116528034210205078e-01
1.497986959293484688e-04
9.829733520746231079e-02
6.073344349861145020e-01
4.855980506590640289e-09
4.103210926587053109e-08
6.782531738281250000e-02
4.503107815980911255e-02
2.420425973832607269e-02
2.017275989055633545e-01
2.275836886838078499e-03
2.109535485506057739e-01
1.779871284961700439e-01
2.142095267772674561e-01
1.232123374938964844e-01
8.734235167503356934e-01
1.171214431524276733e-01
7.936352491378784180e-02
1.623078137636184692e-01
8.028317987918853760e-02
8.095027506351470947e-02
3.341771662235260010e-01
1.507468550698831677e-04
9.609063714742660522e-02
7.975956201553344727e-01
4.855980506590640289e-09
4.103210926587053109e-08
1.231278479099273682e-01
6.297250837087631226e-02
2.415277808904647827e-02
1.579447686672210693e-01
2.356152748689055443e-03
7.181588560342788696e-02
1.124793663620948792e-01
1.563892811536788940e-01
1.119775101542472839e-01
6.159366369247436523e-01
6.652390956878662109e-02
7.401867955923080444e-02
1.134304627776145935e-01
7.501450181007385254e-02
7.522351294755935669e-02
2.117266952991485596e-01
1.554472546558827162e-04
9.936840087175369263e-02
8.795648217201232910e-01
4.855980506590640289e-09
4.103210926587053109e-08
1.419899612665176392e-01
1.442375481128692627e-01
4.489392414689064026e-02
1.180996745824813843e-01
2.484910655766725540e-03
5.776305496692657471e-02
1.658059060573577881e-01
9.013499319553375244e-02
8.606922626495361328e-02
1.115827202796936035e+00
6.302072107791900635e-02
7.503947615623474121e-02
2.662804126739501953e-01
7.487590610980987549e-02
7.510825246572494507e-02
1.472222506999969482e-01
1.516165211796760559e-04
1.061384081840515137e-01
8.942930102348327637e-01
4.855980506590640289e-09
4.103210926587053109e-08
1.240382865071296692e-01
1.618217229843139648e-01
5.425315722823143005e-02
8.326550573110580444e-02
3.162262728437781334e-03
6.911889463663101196e-02
1.879174113273620605e-01
1.015765517950057983e-01
4.661871865391731262e-02
1.689382314682006836e+00
6.373621523380279541e-02
3.877381607890129089e-02
2.789631783962249756e-01
3.653258830308914185e-02
3.667910769581794739e-02
1.635904759168624878e-01
1.492831652285531163e-04
9.461066126823425293e-02
9.039651751518249512e-01
4.855980506590640289e-09
4.103210926587053109e-08
9.770356863737106323e-02
7.590584456920623779e-02
4.350642859935760498e-02
2.055490612983703613e-01
2.321436535567045212e-03
9.511610120534896851e-02
1.964560896158218384e-01
1.761287450790405273e-01
7.372588664293289185e-02
1.409073472023010254e+00
1.309029459953308105e-01
4.281242936849594116e-02
3.977585732936859131e-01
3.898385912179946899e-02
3.929423168301582336e-02
1.589990556240081787e-01
1.578557421453297138e-04
9.716837853193283081e-02
9.259656071662902832e-01
4.855980506590640289e-09
4.103210926587053109e-08
7.143525779247283936e-02
5.907319858670234680e-02
3.101539053022861481e-02
2.110052406787872314e-01
2.533136634156107903e-03
6.089898571372032166e-02
3.749841153621673584e-01
3.266881406307220459e-01
7.812152802944183350e-02
1.308397531509399414e+00
3.241179287433624268e-01
3.341322392225265503e-02
6.392341256141662598e-01
3.214685246348381042e-02
3.241800516843795776e-02
2.203442305326461792e-01
1.487219997216016054e-04
9.911643713712692261e-02
9.911818504333496094e-01
4.855980506590640289e-09
4.103210926587053109e-08
3.379354998469352722e-02
4.880359023809432983e-02
1.769090816378593445e-02
3.026791214942932129e-01
6.113901734352111816e-03
8.438588120043277740e-03
5.564025416970252991e-02
3.593003004789352417e-02
6.307803094387054443e-02
7.308427095413208008e-01
3.681490942835807800e-02
4.565979167819023132e-02
1.670648306608200073e-01
4.330468922853469849e-02
4.370290786027908325e-02
5.916088074445724487e-02
1.473152806283906102e-04
1.013598591089248657e-01
1.018005132675170898e+00
4.855980506590640289e-09
4.103210926587053109e-08
2.880003862082958221e-02
2.712906338274478912e-02
1.637637428939342499e-02
2.138625979423522949e-01
3.123475005850195885e-03
1.628371886909008026e-02
3.343133255839347839e-02
4.373231530189514160e-02
8.327627927064895630e-02
2.822394371032714844e-01
1.921976543962955475e-02
4.787498340010643005e-02
1.014439016580581665e-01
4.739303514361381531e-02
4.765533283352851868e-02
9.846509993076324463e-02
1.469611015636473894e-04
9.479902684688568115e-02
9.541489481925964355e-01
4.855980506590640289e-09
4.103210926587053109e-08
2.676035463809967041e-02
2.901535294950008392e-02
1.576284877955913544e-02
4.480694979429244995e-02
2.839331747964024544e-03
9.169880300760269165e-02
5.884572863578796387e-02
4.926089942455291748e-02
8.175159245729446411e-02
3.168276250362396240e-01
1.930982246994972229e-02
3.336537629365921021e-02
8.955971151590347290e-02
3.569975867867469788e-02
3.577380627393722534e-02
1.530444771051406860e-01
1.603747659828513861e-04
1.306875646114349365e-01
1.040942668914794922e+00
4.855980506590640289e-09
4.103210926587053109e-08
2.959807962179183960e-02
2.742391452193260193e-02
1.791785284876823425e-02
4.592164233326911926e-02
3.077981062233448029e-03
4.821243882179260254e-02
4.085291177034378052e-02
4.289606213569641113e-02
2.821992151439189911e-02
1.898838430643081665e-01
1.676647365093231201e-02
3.086750209331512451e-02
7.268246263265609741e-02
2.968408353626728058e-02
2.976119518280029297e-02
1.169789433479309082e-01
1.535849005449563265e-04
8.646244555711746216e-02
1.041494131088256836e+00
4.855980506590640289e-09
4.103210926587053109e-08
2.736139856278896332e-02
2.681773900985717773e-02
2.092922292649745941e-02
5.089080333709716797e-02
3.579617943614721298e-03
4.064088314771652222e-02
6.658434867858886719e-02
7.481881231069564819e-02
4.479826614260673523e-02
3.390362560749053955e-01
2.590150199830532074e-02
4.520400986075401306e-02
9.020368009805679321e-02
5.513932183384895325e-02
3.820273280143737793e-02
1.510405838489532471e-01
1.512423477834090590e-04
1.018549799919128418e-01
1.037150025367736816e+00
4.855980506590640289e-09
4.103210926587053109e-08
3.094819001853466034e-02
2.965517528355121613e-02
2.251620963215827942e-02
5.632042884826660156e-02
3.370049176737666130e-03
5.078777298331260681e-02
6.483427435159683228e-02
7.689940184354782104e-02
8.256619423627853394e-02
3.713912069797515869e-01
3.676228970289230347e-02
5.058050155639648438e-02
6.407792121171951294e-02
6.597970426082611084e-02
4.971959441900253296e-02
1.354435980319976807e-01
1.567032304592430592e-04
9.133603423833847046e-02
1.072860240936279297e+00
4.855980506590640289e-09
4.103210926587053109e-08
4.368328303098678589e-02
4.184911772608757019e-02
3.022305108606815338e-02
5.463501438498497009e-02
3.000267315655946732e-03
2.913426980376243591e-02
6.908996403217315674e-02
6.466809660196304321e-02
1.192106306552886963e-01
3.700624704360961914e-01
3.555486723780632019e-02
7.048116624355316162e-02
5.731111392378807068e-02
5.726471543312072754e-02
7.049600034952163696e-02
1.392493546009063721e-01
1.687708136159926653e-04
9.902919083833694458e-02
1.004754781723022461e+00
4.855980506590640289e-09
4.103210926587053109e-08
4.504012316465377808e-02
3.903563320636749268e-02
2.508040890097618103e-02
5.327979847788810730e-02
3.641915740445256233e-03
8.094950579106807709e-03
6.674692779779434204e-02
6.487793475389480591e-02
3.433404862880706787e-01
2.291850149631500244e-01
2.353555336594581604e-02
1.356302052736282349e-01
5.257569625973701477e-02
1.308608055114746094e-01
1.315015554428100586e-01
1.083669885993003845e-01
1.791658287402242422e-04
1.194801554083824158e-01
1.034831285476684570e+00
4.855980506590640289e-09
4.103210926587053109e-08
4.103241488337516785e-02
3.650159761309623718e-02
2.567923069000244141e-02
8.007936179637908936e-02
4.244953859597444534e-03
6.174027919769287109e-03
8.922489732503890991e-02
9.521091729402542114e-02
3.667524158954620361e-01
2.313306033611297607e-01
3.162714093923568726e-02
1.660020649433135986e-01
6.955246627330780029e-02
1.072074696421623230e-01
1.080399379134178162e-01
1.288184076547622681e-01
1.965048431884497404e-04
1.167326420545578003e-01
1.114787340164184570e+00
4.855980506590640289e-09
4.103210926587053109e-08
7.064988464117050171e-02
4.854583740234375000e-02
2.499917335808277130e-02
1.182913184165954590e-01
5.601967684924602509e-03
8.295009844005107880e-03
8.726879209280014038e-02
8.377894759178161621e-02
2.210126221179962158e-01
2.675501108169555664e-01
2.681899629533290863e-02
1.081325858831405640e-01
5.680764839053153992e-02
1.027567386627197266e-01
1.022667661309242249e-01
9.311681985855102539e-02
2.080803678836673498e-04
1.263906061649322510e-01
9.511511921882629395e-01
4.855980506590640289e-09
4.103210926587053109e-08
1.129417642951011658e-01
9.154313802719116211e-02
5.340958759188652039e-02
1.047093272209167480e-01
5.762733984738588333e-03
8.851297199726104736e-03
8.925157785415649414e-02
5.805410817265510559e-02
1.501304954290390015e-01
8.793030977249145508e-01
2.613820880651473999e-02
9.734539687633514404e-02
3.015842288732528687e-02
1.009680852293968201e-01
9.583862870931625366e-02
8.152183890342712402e-02
2.056859229924157262e-04
1.227934211492538452e-01
1.037080049514770508e+00
4.855980506590640289e-09
4.103210926587053109e-08
1.304304897785186768e-01
1.126203313469886780e-01
4.850593581795692444e-02
7.936353981494903564e-02
6.005953997373580933e-03
1.238440722227096558e-02
9.894873201847076416e-02
7.364120334386825562e-02
8.228009939193725586e-02
8.525832891464233398e-01
2.846787124872207642e-02
8.991056680679321289e-02
1.045863628387451172e-01
4.469931125640869141e-02
5.307885631918907166e-02
1.215639337897300720e-01
2.126527251675724983e-04
1.236797273159027100e-01
1.038340330123901367e+00
4.855980506590640289e-09
4.103210926587053109e-08
1.145432814955711365e-01
8.978462964296340942e-02
5.219838768243789673e-02
5.911300331354141235e-02
5.517913494259119034e-03
1.512214075773954391e-02
1.316831856966018677e-01
1.282379329204559326e-01
1.717026829719543457e-01
8.950062990188598633e-01
7.461470365524291992e-02
6.253412365913391113e-02
2.057255953550338745e-01
6.416076421737670898e-02
5.481509491801261902e-02
1.627133190631866455e-01
2.231404505437240005e-04
1.348225772380828857e-01
1.053002357482910156e+00
4.855980506590640289e-09
4.103210926587053109e-08
7.330657541751861572e-02
7.403171807527542114e-02
3.460683301091194153e-02
6.930501759052276611e-02
4.487155005335807800e-03
1.789465360343456268e-02
8.884184062480926514e-02
7.892030477523803711e-02
2.046253383159637451e-01
7.091715335845947266e-01
6.774380058050155640e-02
9.321794658899307251e-02
2.154833525419235229e-01
6.395222991704940796e-02
6.513573229312896729e-02
1.127173900604248047e-01
2.238630695501342416e-04
1.413381695747375488e-01
9.825919270515441895e-01
4.855980506590640289e-09
4.103210926587053109e-08
6.484985351562500000e-02
5.469854548573493958e-02
3.792391344904899597e-02
9.461826831102371216e-02
4.511919338256120682e-03
2.282363362610340118e-02
1.100738197565078735e-01
1.231276616454124451e-01
1.649387180805206299e-01
6.030662059783935547e-01
7.652300596237182617e-02
8.814090490341186523e-02
2.220564335584640503e-01
6.628848612308502197e-02
6.618347018957138062e-02
1.488634198904037476e-01
2.242303162347525358e-04
1.384587883949279785e-01
9.032221436500549316e-01
4.855980506590640289e-09
4.103210926587053109e-08
1.090947538614273071e-01
1.073077619075775146e-01
8.826567232608795166e-02
6.971304863691329956e-02
4.085602704435586929e-03
2.628242038190364838e-02
9.287694841623306274e-02
1.011591628193855286e-01
2.076015025377273560e-01
4.186169803142547607e-01
4.783729091286659241e-02
1.152969226241111755e-01
1.812168806791305542e-01
9.433440864086151123e-02
1.135316565632820129e-01
1.279102116823196411e-01
2.293867437401786447e-04
1.526833772659301758e-01
1.046246170997619629e+00
4.855980506590640289e-09
4.103210926587053109e-08
2.595609426498413086e-01
2.443269044160842896e-01
1.511999964714050293e-01
8.196272701025009155e-02
3.747402224689722061e-03
2.780024707317352295e-02
1.013449281454086304e-01
1.067294925451278687e-01
2.301793843507766724e-01
4.939264059066772461e-01
4.280238598585128784e-02
1.352877020835876465e-01
6.600930541753768921e-02
1.286713182926177979e-01
1.287998706102371216e-01
1.191969811916351318e-01
2.357122721150517464e-04
1.498990803956985474e-01
9.856772422790527344e-01
4.855980506590640289e-09
4.103210926587053109e-08
2.215310484170913696e-01
1.734912246465682983e-01
1.096238642930984497e-01
9.970413893461227417e-02
3.185594454407691956e-03
2.537560090422630310e-02
8.397008478641510010e-02
8.031892776489257812e-02
1.272037774324417114e-01
3.791216909885406494e-01
4.062488675117492676e-02
7.381788641214370728e-02
6.285801529884338379e-02
7.147433608770370483e-02
7.207529991865158081e-02
9.470707923173904419e-02
2.313631703145802021e-04
1.318105459213256836e-01
1.024172425270080566e+00
4.855980506590640289e-09
4.103210926587053109e-08
6.444187462329864502e-02
6.789012998342514038e-02
4.221885278820991516e-02
8.745922148227691650e-02
2.802446950227022171e-03
2.518350258469581604e-02
7.418283075094223022e-02
7.447190582752227783e-02
9.492036700248718262e-02
3.377870321273803711e-01
3.924880549311637878e-02
6.399438530206680298e-02
6.119503825902938843e-02
6.217573955655097961e-02
6.243846565485000610e-02
9.342022240161895752e-02
2.414769114693626761e-04
1.321492642164230347e-01
1.056497693061828613e+00
4.855980506590640289e-09
4.103210926587053109e-08
7.986520230770111084e-02
5.554479733109474182e-02
3.391578793525695801e-02
7.548709958791732788e-02
3.853299422189593315e-03
3.228330984711647034e-02
6.946943700313568115e-02
6.730467826128005981e-02
6.938674300909042358e-02
6.842395663261413574e-01
3.087121620774269104e-02
5.338291823863983154e-02
6.520688533782958984e-02
5.148775130510330200e-02
5.152501538395881653e-02
8.180441707372665405e-02
2.402972313575446606e-04
1.430932283401489258e-01
1.081952095031738281e+00
4.855980506590640289e-09
4.103210926587053109e-08
1.076386347413063049e-01
1.065064817667007446e-01
4.332471638917922974e-02
6.316860765218734741e-02
3.027105703949928284e-03
3.869083151221275330e-02
4.078469872474670410e-01
2.666289508342742920e-01
4.998713359236717224e-02
2.720389127731323242e+00
1.031803637742996216e-01
4.266348481178283691e-02
2.378391474485397339e-01
4.096451774239540100e-02
4.125725105404853821e-02
6.576831936836242676e-01
2.417532959952950478e-04
1.371993720531463623e-01
1.047942161560058594e+00
4.855980506590640289e-09
4.103210926587053109e-08
1.273221075534820557e-01
1.272478103637695312e-01
5.070327594876289368e-02
6.309740245342254639e-02
4.622506909072399139e-03
4.885770007967948914e-02
2.624338567256927490e-01
2.588540017604827881e-01
3.560097143054008484e-02
1.636271476745605469e+00
8.508013188838958740e-02
2.617270313203334808e-02
2.940605282783508301e-01
2.572006918489933014e-02
2.629232965409755707e-02
5.206939578056335449e-01
2.463698619976639748e-04
1.338272392749786377e-01
1.018248558044433594e+00
4.855980506590640289e-09
4.103210926587053109e-08
8.177679032087326050e-02
7.979420572519302368e-02
4.570295661687850952e-02
2.097948640584945679e-01
3.304569516330957413e-03
6.221510842442512512e-02
2.714883387088775635e-01
3.075068891048431396e-01
4.361210018396377563e-02
1.245293617248535156e+00
1.629245579242706299e-01
2.693882398307323456e-02
3.761929571628570557e-01
2.687905728816986084e-02
2.696886844933032990e-02
3.391080498695373535e-01
2.501913404557853937e-04
1.359779834747314453e-01
1.005230545997619629e+00
4.855980506590640289e-09
4.103210926587053109e-08
6.292282044887542725e-02
7.351130992174148560e-02
2.976721897721290588e-02
2.279586791992187500e-01
5.389261059463024139e-03
5.480543896555900574e-02
1.926062256097793579e-01
2.144478857517242432e-01
8.562074601650238037e-02
9.342091679573059082e-01
1.278440058231353760e-01
2.980973012745380402e-02
2.033347636461257935e-01
2.920855768024921417e-02
2.964301966130733490e-02
2.286778837442398071e-01
2.566947077866643667e-04
1.499644964933395386e-01
1.047498226165771484e+00
4.855980506590640289e-09
4.103210926587053109e-08
4.397263377904891968e-02
4.292592778801918030e-02
2.433974668383598328e-02
2.262823283672332764e-01
4.983224440366029739e-03
6.545269489288330078e-02
1.056140065193176270e-01
1.044084802269935608e-01
3.622908517718315125e-02
7.281374931335449219e-01
5.336713045835494995e-02
2.355541661381721497e-02
1.671821326017379761e-01
2.294364385306835175e-02
2.312276698648929596e-02
1.347285956144332886e-01
2.648571098688989878e-04
1.444782912731170654e-01
9.424834251403808594e-01
4.855980506590640289e-09
4.103210926587053109e-08
4.792812839150428772e-02
4.174976423382759094e-02
2.692937850952148438e-02
1.123707666993141174e-01
5.727258976548910141e-03
6.867957860231399536e-02
3.367561846971511841e-02
3.763910010457038879e-02
5.391989275813102722e-02
3.760518133640289307e-01
2.948047406971454620e-02
2.963439561426639557e-02
8.294116705656051636e-02
3.012899495661258698e-02
3.073377907276153564e-02
9.380386769771575928e-02
2.696882584132254124e-04
1.515289694070816040e-01
9.459500908851623535e-01
4.855980506590640289e-09
4.103210926587053109e-08
4.095612093806266785e-02
3.905638679862022400e-02
2.584828063845634460e-02
5.218254774808883667e-02
3.249676898121833801e-03
5.640072003006935120e-02
3.956102952361106873e-02
3.964624926447868347e-02
4.253275319933891296e-02
4.430566132068634033e-01
2.515484020113945007e-02
2.540756203234195709e-02
7.868686318397521973e-02
2.893225103616714478e-02
2.905468083918094635e-02
7.619098573923110962e-02
2.437276125419884920e-04
1.501752585172653198e-01
9.474359154701232910e-01
4.855980506590640289e-09
4.103210926587053109e-08
4.386705160140991211e-02
3.951863572001457214e-02
2.896514348685741425e-02
5.717933923006057739e-02
3.851290326565504074e-03
5.947764217853546143e-02
3.742633387446403503e-02
4.602874070405960083e-02
4.485939815640449524e-02
2.980868518352508545e-01
3.003785200417041779e-02
3.331618756055831909e-02
6.455145776271820068e-02
3.349981829524040222e-02
3.172953799366950989e-02
8.089324831962585449e-02
2.567759656812995672e-04
1.579741686582565308e-01
9.785370826721191406e-01
4.855980506590640289e-09
4.103210926587053109e-08
4.717708379030227661e-02
4.265398159623146057e-02
3.078314848244190216e-02
4.916466400027275085e-02
2.889734227210283279e-03
7.404855638742446899e-02
3.380724787712097168e-02
3.384647145867347717e-02
2.868090569972991943e-02
2.685580551624298096e-01
1.883017458021640778e-02
1.999479159712791443e-02
5.528886616230010986e-02
1.745465770363807678e-02
1.693863607943058014e-02
7.878159731626510620e-02
2.496012602932751179e-04
1.440862417221069336e-01
9.114997386932373047e-01
4.855980506590640289e-09
4.103210926587053109e-08
4.657261818647384644e-02
4.066414386034011841e-02
3.599657490849494934e-02
6.216016411781311035e-02
3.943414427340030670e-03
7.364197075366973877e-02
5.082789435982704163e-02
7.334981858730316162e-02
3.345414251089096069e-02
4.309411346912384033e-01
3.199345245957374573e-02
1.996147632598876953e-02
6.645956635475158691e-02
2.172000706195831299e-02
2.441432699561119080e-02
1.024755313992500305e-01
2.530229685362428427e-04
1.484890580177307129e-01
9.525026679039001465e-01
4.855980506590640289e-09
4.103210926587053109e-08
5.146555230021476746e-02
5.446803569793701172e-02
3.777616843581199646e-02
4.909381270408630371e-02
3.188211005181074142e-03
6.312254816293716431e-02
7.234164327383041382e-02
6.376554071903228760e-02
4.116968810558319092e-02
2.001433670520782471e-01
2.903307043015956879e-02
2.148939855396747589e-02
7.140299677848815918e-02
2.227260917425155640e-02
2.818446420133113861e-02
1.139312013983726501e-01
2.594249672256410122e-04
1.556725203990936279e-01
9.190491437911987305e-01
4.855980506590640289e-09
4.103210926587053109e-08
5.389587208628654480e-02
4.853178188204765320e-02
3.268713504076004028e-02
5.614292621612548828e-02
2.735897200182080269e-03
6.153299659490585327e-02
7.017629593610763550e-02
7.277586311101913452e-02
8.392682671546936035e-02
3.250074982643127441e-01
3.304547816514968872e-02
4.150415584444999695e-02
8.173198997974395752e-02
3.551143780350685120e-02
3.968285769224166870e-02
1.493960767984390259e-01
2.744100638665258884e-04
1.604777127504348755e-01
9.340558648109436035e-01
4.855980506590640289e-09
4.103210926587053109e-08
5.203478783369064331e-02
4.562468826770782471e-02
3.073295019567012787e-02
6.647561490535736084e-02
4.311712924391031265e-03
4.323776438832283020e-02
8.135338872671127319e-02
8.197013288736343384e-02
1.571986079216003418e-01
4.998579919338226318e-01
3.484243154525756836e-02
6.222400069236755371e-02
7.704056054353713989e-02
5.770859122276306152e-02
5.752511695027351379e-02
1.324582397937774658e-01
2.681606856640428305e-04
1.534860730171203613e-01
9.474732279777526855e-01
4.855980506590640289e-09
4.103210926587053109e-08
5.987570434808731079e-02
5.778521671891212463e-02
2.944401279091835022e-02
1.004771366715431213e-01
3.967364784330129623e-03
4.958215728402137756e-02
8.883666992187500000e-02
8.624109625816345215e-02
7.537219673395156860e-02
5.485829114913940430e-01
3.385965153574943542e-02
3.790836036205291748e-02
5.326331779360771179e-02
3.486096113920211792e-02
3.504846617579460144e-02
1.636212021112442017e-01
2.701914636418223381e-04
1.598773747682571411e-01
9.290189146995544434e-01
4.855980506590640289e-09
4.103210926587053109e-08
9.568406641483306885e-02
8.852588385343551636e-02
4.595098644495010376e-02
8.374699205160140991e-02
4.006443079560995102e-03
4.255850613117218018e-02
8.979771286249160767e-02
8.465930819511413574e-02
1.777694672346115112e-01
7.944428324699401855e-01
3.143919631838798523e-02
7.106748968362808228e-02
5.133144557476043701e-02
6.734433025121688843e-02
6.750767678022384644e-02
1.329094767570495605e-01
2.783908857963979244e-04
1.798504739999771118e-01
9.350502490997314453e-01
4.855980506590640289e-09
4.103210926587053109e-08
1.238172426819801331e-01
1.155629754066467285e-01
6.707271933555603027e-02
7.297368347644805908e-02
3.947756253182888031e-03
6.477960944175720215e-02
8.780275285243988037e-02
9.368328750133514404e-02
1.498964428901672363e-01
7.909128069877624512e-01
3.755680471658706665e-02
1.161697953939437866e-01
8.671795576810836792e-02
1.111569777131080627e-01
1.113076359033584595e-01
1.537072062492370605e-01
3.012931556440889835e-04
1.845450848340988159e-01
9.551382660865783691e-01
4.855980506590640289e-09
4.103210926587053109e-08
1.298235058784484863e-01
1.097600087523460388e-01
6.421141326427459717e-02
6.539632380008697510e-02
3.221760969609022141e-03
6.939897686243057251e-02
1.472698897123336792e-01
1.720256358385086060e-01
7.046591490507125854e-02
6.570565104484558105e-01
7.302825897932052612e-02
5.782572552561759949e-02
1.609280556440353394e-01
5.436152592301368713e-02
5.388942733407020569e-02
1.856748759746551514e-01
2.816544729284942150e-04
1.797662079334259033e-01
9.288541078567504883e-01
4.855980506590640289e-09
4.103210926587053109e-08
1.118523180484771729e-01
1.086541339755058289e-01
5.296360701322555542e-02
1.053168922662734985e-01
2.884068759158253670e-03
7.539062201976776123e-02
9.216533601284027100e-02
8.802148699760437012e-02
2.113337814807891846e-01
5.802614092826843262e-01
4.892837256193161011e-02
1.190781369805335999e-01
1.330076009035110474e-01
1.098742261528968811e-01
1.118101924657821655e-01
1.633448302745819092e-01
2.707518287934362888e-04
1.692760735750198364e-01
9.215927124023437500e-01
4.855980506590640289e-09
4.103210926587053109e-08
9.412693232297897339e-02
8.699651062488555908e-02
4.838187247514724731e-02
1.164838224649429321e-01
3.334793727844953537e-03
8.489321172237396240e-02
6.992038339376449585e-02
7.779760658740997314e-02
1.618534475564956665e-01
5.793834924697875977e-01
3.484911471605300903e-02
9.061277657747268677e-02
9.843331575393676758e-02
9.704507887363433838e-02
9.780047833919525146e-02
1.302905380725860596e-01
2.814091858454048634e-04
1.857154965400695801e-01
9.435464739799499512e-01
4.855980506590640289e-09
4.103210926587053109e-08
1.189513206481933594e-01
1.031710505485534668e-01
7.026356458663940430e-02
6.110855564475059509e-02
1.849332358688116074e-03
6.114950776100158691e-02
5.358564108610153198e-02
5.570996552705764771e-02
1.120424419641494751e-01
2.404178828001022339e-01
1.996291615068912506e-02
7.981804758310317993e-02
5.850993469357490540e-02
7.615838944911956787e-02
7.587313652038574219e-02
9.435526281595230103e-02
2.927641617134213448e-04
2.226058691740036011e-01
9.158235192298889160e-01
4.855980506590640289e-09
4.103210926587053109e-08
2.246190905570983887e-01
2.055171132087707520e-01
1.332497894763946533e-01
3.922476619482040405e-02
1.889319624751806259e-03
4.491817206144332886e-02
5.132813751697540283e-02
5.342479050159454346e-02
1.097274646162986755e-01
1.459034085273742676e-01
1.731242053210735321e-02
8.559439331293106079e-02
2.638473920524120331e-02
9.391613304615020752e-02
9.403700381517410278e-02
6.011031940579414368e-02
2.836086205206811428e-04
2.172847241163253784e-01
9.145928621292114258e-01
4.855980506590640289e-09
4.103210926587053109e-08
1.943753510713577271e-01
1.628482043743133545e-01
1.024519801139831543e-01
3.931815922260284424e-02
1.495577977038919926e-03
2.710290811955928802e-02
6.242094561457633972e-02
6.258894503116607666e-02
1.348811537027359009e-01
1.051109209656715393e-01
1.999758370220661163e-02
7.728673517704010010e-02
1.258849259465932846e-02
8.778427541255950928e-02
8.814407885074615479e-02
7.333227246999740601e-02
2.687636588234454393e-04
1.666923463344573975e-01
9.629060626029968262e-01
4.855980506590640289e-09
4.103210926587053109e-08
8.996596932411193848e-02
8.303255587816238403e-02
5.043882504105567932e-02
4.898123070597648621e-02
1.328001264482736588e-03
4.319042339920997620e-02
7.594044506549835205e-02
7.266753911972045898e-02
8.676310628652572632e-02
1.199707314372062683e-01
2.459225803613662720e-02
6.656379252672195435e-02
1.081368885934352875e-02
6.440527737140655518e-02
6.491366773843765259e-02
8.178575336933135986e-02
2.846892748493701220e-04
1.868401169776916504e-01
1.014164924621582031e+00
4.855980506590640289e-09
4.103210926587053109e-08
9.733624756336212158e-02
6.931044161319732666e-02
4.965669661760330200e-02
5.837638676166534424e-02
1.368471421301364899e-03
4.689852520823478699e-02
8.620725572109222412e-02
8.316136896610260010e-02
8.369223773479461670e-02
1.363371163606643677e-01
2.839764207601547241e-02
6.268267333507537842e-02
1.437516137957572937e-02
6.201932951807975769e-02
6.243588402867317200e-02
8.969730138778686523e-02
2.904587890952825546e-04
1.641567051410675049e-01
9.734122753143310547e-01
4.855980506590640289e-09
4.103210926587053109e-08
1.541093587875366211e-01
1.582330018281936646e-01
7.521796971559524536e-02
6.557559967041015625e-02
1.390076940879225731e-03
6.354229897260665894e-02
1.051277741789817810e-01
1.099423468112945557e-01
7.302318513393402100e-02
1.332245320081710815e-01
3.297188878059387207e-02
6.361259520053863525e-02
2.041527256369590759e-02
6.265801191329956055e-02
6.303481757640838623e-02
1.070163100957870483e-01
1.994335325434803963e-04
1.268399804830551147e-01
9.503030180931091309e-01
4.855980506590640289e-09
4.103210926587053109e-08
2.104512602090835571e-01
2.023814916610717773e-01
9.477953612804412842e-02
6.955983489751815796e-02
1.595264067873358727e-03
7.623128592967987061e-02
1.218211427330970764e-01
1.202365458011627197e-01
9.389013051986694336e-02
3.190985620021820068e-01
3.456548973917961121e-02
6.938282400369644165e-02
2.309288643300533295e-02
6.811451166868209839e-02
6.842225790023803711e-02
1.283430606126785278e-01
2.267588133690878749e-04
1.287359744310379028e-01
1.024911284446716309e+00
4.855980506590640289e-09
4.103210926587053109e-08
1.450367271900177002e-01
1.809669584035873413e-01
9.348970651626586914e-02
7.645551115274429321e-02
1.890387386083602905e-03
6.492109596729278564e-02
1.494998782873153687e-01
1.371997445821762085e-01
2.573707103729248047e-01
2.173022329807281494e-01
4.778412356972694397e-02
1.110664308071136475e-01
1.849137246608734131e-02
1.128452196717262268e-01
1.140172109007835388e-01
1.656850874423980713e-01
4.400771867949515581e-04
2.691914141178131104e-01
1.126135826110839844e+00
4.855980506590640289e-09
4.103210926587053109e-08
1.440009623765945435e-01
1.348907053470611572e-01
6.698113679885864258e-02
7.661153376102447510e-02
1.681519439443945885e-03
5.241968110203742981e-02
9.847184270620346069e-02
9.740614891052246094e-02
1.375278234481811523e-01
1.021309271454811096e-01
3.407613560557365417e-02
9.269601851701736450e-02
1.099803857505321503e-02
9.051331877708435059e-02
9.114142507314682007e-02
1.072053015232086182e-01
3.179116756655275822e-04
1.974214762449264526e-01
1.206344366073608398e+00
4.855980506590640289e-09
4.103210926587053109e-08
1.073609068989753723e-01
9.725286811590194702e-02
5.502475425601005554e-02
7.847822457551956177e-02
1.493754796683788300e-03
3.350565955042839050e-02
8.684282004833221436e-02
8.637157827615737915e-02
1.152826249599456787e-01
1.539793461561203003e-01
3.044055961072444916e-02
9.295822679996490479e-02
7.948621176183223724e-03
8.813023567199707031e-02
8.869155496358871460e-02
8.846553415060043335e-02
2.315521123819053173e-04
1.778069734573364258e-01
1.202768921852111816e+00
4.855980506590640289e-09
4.103210926587053109e-08
6.718119978904724121e-02
6.517643481492996216e-02
3.476965054869651794e-02
9.364508092403411865e-02
1.603564363904297352e-03
2.623555436730384827e-02
1.158615499734878540e-01
1.139057949185371399e-01
1.253602802753448486e-01
1.271373778581619263e-01
3.935699164867401123e-02
9.253324568271636963e-02
6.422766484320163727e-03
8.955637365579605103e-02
8.980989456176757812e-02
1.043164581060409546e-01
1.788752706488594413e-04
1.183288544416427612e-01
1.142000555992126465e+00
4.855980506590640289e-09
4.103210926587053109e-08
6.757181137800216675e-02
5.788015574216842651e-02
3.240643069148063660e-02
1.191161349415779114e-01
1.629063393920660019e-03
2.396923862397670746e-02
1.324019432067871094e-01
1.295873075723648071e-01
1.220845282077789307e-01
1.367850601673126221e-01
4.455725848674774170e-02
9.522954374551773071e-02
6.478652358055114746e-03
9.347771108150482178e-02
9.376961737871170044e-02
1.316532194614410400e-01
1.942243980010971427e-04
1.433262526988983154e-01
1.200340986251831055e+00
4.855980506590640289e-09
4.103210926587053109e-08
8.616534620523452759e-02
7.416068017482757568e-02
3.862902149558067322e-02
1.323127746582031250e-01
1.749413204379379749e-03
2.715781517326831818e-02
1.419754326343536377e-01
1.440897285938262939e-01
1.479001790285110474e-01
1.197506263852119446e-01
4.617718234658241272e-02
1.282972991466522217e-01
5.861308891326189041e-03
1.365913748741149902e-01
1.368143409490585327e-01
1.556847393512725830e-01
1.817506417864933610e-04
1.365929245948791504e-01
1.667292594909667969e+00
4.855980506590640289e-09
4.103210926587053109e-08
8.224087208509445190e-02
6.647725403308868408e-02
3.598988801240921021e-02
1.312616318464279175e-01
2.016629558056592941e-03
3.849247470498085022e-02
1.251966357231140137e-01
1.167497411370277405e-01
1.390441209077835083e-01
1.056472882628440857e-01
3.877620398998260498e-02
1.084714159369468689e-01
6.535794585943222046e-03
1.004190817475318909e-01
1.008816137909889221e-01
1.751143187284469604e-01
1.700411667115986347e-04
1.294874250888824463e-01
1.214349746704101562e+00
4.855980506590640289e-09
4.103210926587053109e-08
7.948236912488937378e-02
6.813398748636245728e-02
3.059355169534683228e-02
1.470806598663330078e-01
2.480747411027550697e-03
4.026923701167106628e-02
1.381447017192840576e-01
1.332080215215682983e-01
3.343772292137145996e-01
9.550837427377700806e-02
4.528813064098358154e-02
3.421362340450286865e-01
7.192627526819705963e-03
2.678731381893157959e-01
2.930963933467864990e-01
1.929194182157516479e-01
1.457874022889882326e-04
1.535577327013015747e-01
1.172856092453002930e+00
4.855980506590640289e-09
4.103210926587053109e-08
6.340564787387847900e-02
5.294813588261604309e-02
3.168515861034393311e-02
1.493849456310272217e-01
3.134368686005473137e-03
4.557510465383529663e-02
1.593769490718841553e-01
1.608528643846511841e-01
3.971726596355438232e-01
9.983646124601364136e-02
5.654769763350486755e-02
2.645387649536132812e-01
6.924728397279977798e-03
2.381606996059417725e-01
2.391780614852905273e-01
2.086097598075866699e-01
1.472533331252634525e-04
1.565688103437423706e-01
1.237761020660400391e+00
4.855980506590640289e-09
4.103210926587053109e-08
6.018067523837089539e-02
5.409902706742286682e-02
3.928942233324050903e-02
1.741396188735961914e-01
3.019294468685984612e-03
6.023574993014335632e-02
1.564164161682128906e-01
1.564780324697494507e-01
4.154020547866821289e-01
1.077898144721984863e-01
5.235252901911735535e-02
2.649352848529815674e-01
6.675293203443288803e-03
2.430077046155929565e-01
2.441179603338241577e-01
2.019688338041305542e-01
2.761718351393938065e-04
1.727161556482315063e-01
1.639286637306213379e+00
4.855980506590640289e-09
4.103210926587053109e-08
7.177405059337615967e-02
6.452748924493789673e-02
3.152466192841529846e-02
1.808924973011016846e-01
4.159274511039257050e-03
8.499411493539810181e-02
1.833433359861373901e-01
1.869971901178359985e-01
3.969547152519226074e-01
1.008028537034988403e-01
5.772460252046585083e-02
2.383082956075668335e-01
7.130661979317665100e-03
2.240352183580398560e-01
2.247001826763153076e-01
2.034155130386352539e-01
1.762429747032001615e-04
1.423223316669464111e-01
1.758145332336425781e+00
4.855980506590640289e-09
4.103210926587053109e-08
7.412809133529663086e-02
7.453332096338272095e-02
3.081121668219566345e-02
2.000991106033325195e-01
3.248873166739940643e-03
8.400775492191314697e-02
1.712275892496109009e-01
1.837845444679260254e-01
2.280686199665069580e-01
9.659190475940704346e-02
6.189885735511779785e-02
1.621772944927215576e-01
7.231262512505054474e-03
1.986217051744461060e-01
1.996342390775680542e-01
1.896556615829467773e-01
1.763569016475230455e-04
2.009625732898712158e-01
1.727949976921081543e+00
4.855980506590640289e-09
4.103210926587053109e-08
1.058663874864578247e-01
8.214376121759414673e-02
5.993656814098358154e-02
1.772231459617614746e-01
4.032916855067014694e-03
9.481538087129592896e-02
1.545066088438034058e-01
1.489674896001815796e-01
1.332562714815139771e-01
7.194393873214721680e-02
5.381270870566368103e-02
9.702976793050765991e-02
7.147622294723987579e-03
9.702588617801666260e-02
9.748215973377227783e-02
1.402401626110076904e-01
1.906278921524062753e-04
2.334285974502563477e-01
1.841086983680725098e+00
4.855980506590640289e-09
4.103210926587053109e-08
1.498039066791534424e-01
1.264114081859588623e-01
8.448704332113265991e-02
1.133596673607826233e-01
2.867008093744516373e-03
1.205444559454917908e-01
1.123392134904861450e-01
1.131694465875625610e-01
1.453459411859512329e-01
1.074998155236244202e-01
3.435556963086128235e-02
1.104862540960311890e-01
8.594186976552009583e-03
1.011981964111328125e-01
1.066908463835716248e-01
1.316846311092376709e-01
2.382985549047589302e-04
1.711902618408203125e-01
1.848196268081665039e+00
4.855980506590640289e-09
4.103210926587053109e-08
1.547521352767944336e-01
1.366395503282546997e-01
9.045056253671646118e-02
1.080463379621505737e-01
4.657992161810398102e-03
1.273190528154373169e-01
1.230682432651519775e-01
1.260535120964050293e-01
2.066310495138168335e-01
1.050156280398368835e-01
3.934591263532638550e-02
1.320925354957580566e-01
9.395175613462924957e-03
1.419687122106552124e-01
1.429461687803268433e-01
1.317059248685836792e-01
2.881263208109885454e-04
1.894486546516418457e-01
1.667422533035278320e+00
4.855980506590640289e-09
4.103210926587053109e-08
1.434305012226104736e-01
1.224002167582511902e-01
7.040949910879135132e-02
9.576327353715896606e-02
4.104231949895620346e-03
1.059085950255393982e-01
1.498392522335052490e-01
1.573061645030975342e-01
2.806458771228790283e-01
1.051447540521621704e-01
4.610905051231384277e-02
1.667334437370300293e-01
1.126182358711957932e-02
1.632685363292694092e-01
1.633310616016387939e-01
1.667691469192504883e-01
2.734754816628992558e-04
2.111614942550659180e-01
1.640712976455688477e+00
4.855980506590640289e-09
4.103210926587053109e-08
8.422950655221939087e-02
7.744231820106506348e-02
3.656005114316940308e-02
1.074794009327888489e-01
3.393695456907153130e-03
1.169774681329727173e-01
1.938788145780563354e-01
2.058895230293273926e-01
3.545242846012115479e-01
1.169291585683822632e-01
5.478808283805847168e-02
1.957578659057617188e-01
1.422251667827367783e-02
1.935441642999649048e-01
1.949088424444198608e-01
1.665100753307342529e-01
3.147805982735008001e-04
2.498045414686203003e-01
1.100167036056518555e+00
4.855980506590640289e-09
4.103210926587053109e-08
7.424350082874298096e-02
6.818594783544540405e-02
4.916255176067352295e-02
1.649762839078903198e-01
3.870314685627818108e-03
1.295543164014816284e-01
2.473772168159484863e-01
2.644379436969757080e-01
3.559811115264892578e-01
2.057574093341827393e-01
7.592540979385375977e-02
2.187578976154327393e-01
2.339181676506996155e-02
2.037107646465301514e-01
2.049959897994995117e-01
2.402423620223999023e-01
3.447945346124470234e-04
2.827864289283752441e-01
1.292160868644714355e+00
4.855980506590640289e-09
4.103210926587053109e-08
1.489015817642211914e-01
1.478212624788284302e-01
9.214105457067489624e-02
2.021513879299163818e-01
5.261256359517574310e-03
1.762644052505493164e-01
5.568169355392456055e-01
4.009921550750732422e-01
4.578659534454345703e-01
2.639641165733337402e-01
1.180199086666107178e-01
3.027651011943817139e-01
3.135642409324645996e-02
2.977965176105499268e-01
3.022625744342803955e-01
3.725233674049377441e-01
3.762221313081681728e-04
3.222389221191406250e-01
1.086886644363403320e+00
4.855980506590640289e-09
4.103210926587053109e-08
1.357786059379577637e-01
1.175220832228660583e-01
7.792813330888748169e-02
3.112362921237945557e-01
4.933944903314113617e-03
2.869709134101867676e-01
4.081015884876251221e-01
4.422549307346343994e-01
4.712397754192352295e-01
3.176230490207672119e-01
1.306356042623519897e-01
2.885206043720245361e-01
3.804927319288253784e-02
2.457736730575561523e-01
2.479859739542007446e-01
5.858035683631896973e-01
4.166692087892442942e-04
3.583854138851165771e-01
1.149711489677429199e+00
4.855980506590640289e-09
4.103210926587053109e-08
6.000106781721115112e-02
5.635501071810722351e-02
3.440975025296211243e-02
4.026019573211669922e-01
4.481808748096227646e-03
2.322871983051300049e-01
3.183037638664245605e-01
3.343338370323181152e-01
3.639455437660217285e-01
3.341951966285705566e-01
1.147138699889183044e-01
2.265758961439132690e-01
4.050805047154426575e-02
2.243890464305877686e-01
2.270181775093078613e-01
3.853728771209716797e-01
3.957381704822182655e-04
3.777691721916198730e-01
1.216872930526733398e+00
4.855980506590640289e-09
4.103210926587053109e-08
1.185625493526458740e-01
9.872436523437500000e-02
1.017103642225265503e-01
3.288175165653228760e-01
3.946366254240274429e-03
2.162434458732604980e-01
2.462259083986282349e-01
2.412678003311157227e-01
1.898165047168731689e-01
3.176736831665039062e-01
9.585662931203842163e-02
1.629833281040191650e-01
2.598485536873340607e-02
1.606740206480026245e-01
1.614681035280227661e-01
4.193189144134521484e-01
4.572021425701677799e-04
4.115011096000671387e-01
8.473091125488281250e-01
4.855980506590640289e-09
4.103210926587053109e-08
1.877252757549285889e-01
1.982632130384445190e-01
1.006384342908859253e-01
2.278897464275360107e-01
4.104026127606630325e-03
2.187946885824203491e-01
1.745621412992477417e-01
1.902629733085632324e-01
2.188319712877273560e-01
1.505444794893264771e-01
5.954069271683692932e-02
1.908838450908660889e-01
2.063461579382419586e-02
1.686496436595916748e-01
1.878355145454406738e-01
4.018148183822631836e-01
3.824249142780900002e-04
3.288196921348571777e-01
9.222758412361145020e-01
4.855980506590640289e-09
4.103210926587053109e-08
2.153833955526351929e-01
2.292991429567337036e-01
9.839531034231185913e-02
1.048048809170722961e-01
2.833283273503184319e-03
2.183961868286132812e-01
1.852155476808547974e-01
1.977960020303726196e-01
2.043748795986175537e-01
5.908368229866027832e-01
5.765356868505477905e-02
1.857856065034866333e-01
3.819468617439270020e-02
1.843650937080383301e-01
1.854152977466583252e-01
3.183133900165557861e-01
3.560624027159065008e-04
3.028871417045593262e-01
1.038050889968872070e+00
4.855980506590640289e-09
4.103210926587053109e-08
1.513415575027465820e-01
1.404433101415634155e-01
8.666688203811645508e-02
7.349250465631484985e-02
2.452308777719736099e-03
2.078402191400527954e-01
1.778468340635299683e-01
1.905549764633178711e-01
1.650272607803344727e-01
6.245482563972473145e-01
5.802537128329277039e-02
1.500817388296127319e-01
5.386777222156524658e-02
1.369015574455261230e-01
1.363417953252792358e-01
2.986133098602294922e-01
3.953515843022614717e-04
3.390554189682006836e-01
8.360719084739685059e-01
4.855980506590640289e-09
4.103210926587053109e-08
1.062942668795585632e-01
1.203814670443534851e-01
6.486287713050842285e-02
9.482008963823318481e-02
2.286247210577130318e-03
2.311553508043289185e-01
1.793614625930786133e-01
1.988376826047897339e-01
1.155432537198066711e-01
7.097488641738891602e-02
5.062209442257881165e-02
1.173033937811851501e-01
1.570264808833599091e-02
1.069993376731872559e-01
1.074170619249343872e-01
3.230563700199127197e-01
3.600381896831095219e-04
3.224293291568756104e-01
1.374751567840576172e+00
4.855980506590640289e-09
4.103210926587053109e-08
7.693448662757873535e-02
6.827519834041595459e-02
5.606599524617195129e-02
6.287798285484313965e-02
2.122232923284173012e-03
2.454994767904281616e-01
2.373123615980148315e-01
2.523317933082580566e-01
1.505014002323150635e-01
1.763250082731246948e-01
7.787530869245529175e-02
1.274633705615997314e-01
8.180784061551094055e-03
1.262956857681274414e-01
1.270270049571990967e-01
4.031387567520141602e-01
3.684471885208040476e-04
3.036001622676849365e-01
6.974463462829589844e-01
4.855980506590640289e-09
4.103210926587053109e-08
5.661989375948905945e-02
5.503912642598152161e-02
3.465369343757629395e-02
5.869998782873153687e-02
3.112099366262555122e-03
2.906863689422607422e-01
2.858953475952148438e-01
3.192535042762756348e-01
2.087697535753250122e-01
3.176324963569641113e-01
9.806358069181442261e-02
1.620311141014099121e-01
3.716864157468080521e-03
1.593776196241378784e-01
1.691699922084808350e-01
6.141265630722045898e-01
3.478258149698376656e-04
3.093199133872985840e-01
4.041892588138580322e-01
4.855980506590640289e-09
4.103210926587053109e-08
5.450445786118507385e-02
4.876249283552169800e-02
2.608312666416168213e-02
1.238875165581703186e-01
2.956695854663848877e-03
2.668477296829223633e-01
3.160604834556579590e-01
3.451335430145263672e-01
1.716311275959014893e-01
1.593803614377975464e-01
1.060318946838378906e-01
1.416159868240356445e-01
5.224192980676889420e-03
1.403885185718536377e-01
1.412993818521499634e-01
4.721572101116180420e-01
3.357964160386472940e-04
3.098812997341156006e-01
2.931863665580749512e-01
4.855980506590640289e-09
4.103210926587053109e-08
6.495033949613571167e-02
5.505881458520889282e-02
3.014085441827774048e-02
1.647679656744003296e-01
2.521582646295428276e-03
2.693276703357696533e-01
3.394146561622619629e-01
4.160120785236358643e-01
1.976597607135772705e-01
9.192212671041488647e-02
1.244095861911773682e-01
1.598395109176635742e-01
4.612255841493606567e-03
1.600327789783477783e-01
1.618272215127944946e-01
5.163947343826293945e-01
3.497239667922258377e-04
2.950741350650787354e-01
2.412233054637908936e-01
4.855980506590640289e-09
4.103210926587053109e-08
6.287065893411636353e-02
5.161600559949874878e-02
3.046217747032642365e-02
1.301596313714981079e-01
2.502401359379291534e-03
3.285420536994934082e-01
3.461551964282989502e-01
3.929753005504608154e-01
2.465639561414718628e-01
1.366888284683227539e-01
1.185933500528335571e-01
1.863674223423004150e-01
5.906483158469200134e-03
1.792921274900436401e-01
1.791564822196960449e-01
7.683508992195129395e-01
3.475525591056793928e-04
2.838356792926788330e-01
2.883124351501464844e-01
4.855980506590640289e-09
4.103210926587053109e-08
5.993973463773727417e-02
5.073320865631103516e-02
2.702999673783779144e-02
1.377747654914855957e-01
2.651537070050835609e-03
3.326990604400634766e-01
3.281862735748291016e-01
3.634201586246490479e-01
4.143621325492858887e-01
6.443443149328231812e-02
1.183907985687255859e-01
2.735917270183563232e-01
5.488059949129819870e-03
2.423312366008758545e-01
2.446104735136032104e-01
7.243300676345825195e-01
3.258355427533388138e-04
2.853900492191314697e-01
2.441254854202270508e-01
4.855980506590640289e-09
4.103210926587053109e-08
5.692015215754508972e-02
4.246045649051666260e-02
2.810795046389102936e-02
1.354162544012069702e-01
2.772489562630653381e-03
3.675342798233032227e-01
3.222919702529907227e-01
3.614717125892639160e-01
5.084105730056762695e-01
6.020448729395866394e-02
1.161277145147323608e-01
3.171218335628509521e-01
8.131806738674640656e-03
3.300255239009857178e-01
3.330784440040588379e-01
4.302031099796295166e-01
3.393936203792691231e-04
2.931870818138122559e-01
2.562890052795410156e-01
4.855980506590640289e-09
4.103210926587053109e-08
5.547597259283065796e-02
4.869424551725387573e-02
3.674922883510589600e-02
1.621239334344863892e-01
2.712351502850651741e-03
3.626633286476135254e-01
3.641650676727294922e-01
4.014914333820343018e-01
6.261757612228393555e-01
7.311552762985229492e-02
9.851730614900588989e-02
4.437834024429321289e-01
6.469473242759704590e-03
4.373876154422760010e-01
4.406541585922241211e-01
4.642091393470764160e-01
3.321352705825120211e-04
3.107582628726959229e-01
2.410032451152801514e-01
4.855980506590640289e-09
4.103210926587053109e-08
6.357835233211517334e-02
5.408088490366935730e-02
3.431558236479759216e-02
1.283951103687286377e-01
2.599403727799654007e-03
3.858132958412170410e-01
3.018173277378082275e-01
3.399533629417419434e-01
4.981993734836578369e-01
1.838517934083938599e-01
9.333285689353942871e-02
3.312855362892150879e-01
6.891932338476181030e-03
3.217014372348785400e-01
3.256116509437561035e-01
4.291489422321319580e-01
3.763744025491178036e-04
2.985692620277404785e-01
2.439862638711929321e-01
4.855980506590640289e-09
4.103210926587053109e-08
7.728563249111175537e-02
7.609593123197555542e-02
3.566563874483108521e-02
1.527597755193710327e-01
2.166695427149534225e-03
3.879621028900146484e-01
3.225990533828735352e-01
3.450677096843719482e-01
3.631930947303771973e-01
1.267430037260055542e-01
1.083976328372955322e-01
2.636938989162445068e-01
5.050916690379381180e-03
2.752562463283538818e-01
2.615165412425994873e-01
4.047853946685791016e-01
3.950576356146484613e-04
3.420195877552032471e-01
2.491220533847808838e-01
4.855980506590640289e-09
4.103210926587053109e-08
1.157600507140159607e-01
9.706605225801467896e-02
7.607550919055938721e-02
1.666748523712158203e-01
1.841174671426415443e-03
4.068807065486907959e-01
2.396184802055358887e-01
2.320566624402999878e-01
2.343673706054687500e-01
1.099205017089843750e-01
7.189501076936721802e-02
1.775777637958526611e-01
7.752574514597654343e-03
1.757849454879760742e-01
1.782798618078231812e-01
2.861510813236236572e-01
4.221101116854697466e-04
3.521419167518615723e-01
2.400615364313125610e-01
4.855980506590640289e-09
4.103210926587053109e-08
1.599137783050537109e-01
1.460792720317840576e-01
8.954541385173797607e-02
1.043909043073654175e-01
2.022974891588091850e-03
3.809960782527923584e-01
1.887483447790145874e-01
2.178170979022979736e-01
2.403875142335891724e-01
2.011173367500305176e-01
6.331600248813629150e-02
1.790650486946105957e-01
9.749317541718482971e-03
1.786942780017852783e-01
1.629133522510528564e-01
2.355171442031860352e-01
3.747492155525833368e-04
3.406776189804077148e-01
2.370575219392776489e-01
4.855980506590640289e-09
4.103210926587053109e-08
1.461461037397384644e-01
1.175291985273361206e-01
7.407166063785552979e-02
8.501941710710525513e-02
2.142236800864338875e-03
3.866965770721435547e-01
1.854328364133834839e-01
2.094746977090835571e-01
1.886100172996520996e-01
7.598425447940826416e-02
6.344766169786453247e-02
1.505939662456512451e-01
1.159599609673023224e-02
1.395875364542007446e-01
1.388822793960571289e-01
2.508269846439361572e-01
4.193065105937421322e-04
3.809167742729187012e-01
2.309082746505737305e-01
4.855980506590640289e-09
4.103210926587053109e-08
1.008598357439041138e-01
9.961080551147460938e-02
4.957947134971618652e-02
1.036506369709968567e-01
2.557980827987194061e-03
3.695781230926513672e-01
2.207771241664886475e-01
2.345315366983413696e-01
1.952819824218750000e-01
1.974810659885406494e-01
7.828761637210845947e-02
1.596382260322570801e-01
1.993316225707530975e-02
1.601576060056686401e-01
1.611062586307525635e-01
2.507404088973999023e-01
4.566649440675973892e-04
4.177767932415008545e-01
2.650741636753082275e-01
4.855980506590640289e-09
4.103210926587053109e-08
5.313947796821594238e-02
4.899061843752861023e-02
2.941857092082500458e-02
1.317054927349090576e-01
2.953452989459037781e-03
3.999737203121185303e-01
2.253283560276031494e-01
2.457039505243301392e-01
1.865407675504684448e-01
1.895755529403686523e-01
8.319832384586334229e-02
1.565287858247756958e-01
1.850719749927520752e-02
1.567199528217315674e-01
1.574198603630065918e-01
2.673269808292388916e-01
5.698025343008339405e-04
4.785373806953430176e-01
2.185440808534622192e-01
4.855980506590640289e-09
4.103210926587053109e-08
6.565960496664047241e-02
5.808528140187263489e-02
4.067873209714889526e-02
1.333011388778686523e-01
3.340713214129209518e-03
4.195641875267028809e-01
2.866339683532714844e-01
2.964191436767578125e-01
1.994567662477493286e-01
1.704985797405242920e-01
1.087564080953598022e-01
1.430394947528839111e-01
3.771609812974929810e-02
1.410726308822631836e-01
1.415238678455352783e-01
3.528238534927368164e-01
6.649143178947269917e-04
5.499226450920104980e-01
1.905292272567749023e-01
4.855980506590640289e-09
4.103210926587053109e-08
1.503963321447372437e-01
1.456337869167327881e-01
9.505166113376617432e-02
1.424280107021331787e-01
3.441480686888098717e-03
4.581064581871032715e-01
3.228804469108581543e-01
3.493744432926177979e-01
1.638298928737640381e-01
3.447846174240112305e-01
1.340963244438171387e-01
1.363138407468795776e-01
5.714003369212150574e-02
1.384878456592559814e-01
1.336009055376052856e-01
4.281007349491119385e-01
6.986294174566864967e-04
5.476705431938171387e-01
2.088312804698944092e-01
4.855980506590640289e-09
4.103210926587053109e-08
1.856701225042343140e-01
1.734894812107086182e-01
1.092393174767494202e-01
1.899496912956237793e-01
4.786379169672727585e-03
4.314199984073638916e-01
3.181274533271789551e-01
3.643459975719451904e-01
2.025317698717117310e-01
2.663512825965881348e-01
1.382813900709152222e-01
1.407099515199661255e-01
4.885857552289962769e-02
1.404928863048553467e-01
1.406545042991638184e-01
4.538274407386779785e-01
7.619626121595501900e-04
6.460512876510620117e-01
1.925111114978790283e-01
4.855980506590640289e-09
4.103210926587053109e-08
1.195646449923515320e-01
1.116474941372871399e-01
7.368692010641098022e-02
1.956729888916015625e-01
3.787481458857655525e-03
3.988934457302093506e-01
2.314400374889373779e-01
2.767527401447296143e-01
1.179218441247940063e-01
1.937501132488250732e-01
1.053154468536376953e-01
1.113630011677742004e-01
3.588006272912025452e-02
1.079499572515487671e-01
1.089067012071609497e-01
3.680797219276428223e-01
7.975538028404116631e-04
7.009591460227966309e-01
1.876384466886520386e-01
4.855980506590640289e-09
4.103210926587053109e-08
8.686493337154388428e-02
8.707021176815032959e-02
5.842488631606101990e-02
2.493692189455032349e-01
6.062938831746578217e-03
3.981899917125701904e-01
2.331884503364562988e-01
2.693293988704681396e-01
1.216185688972473145e-01
1.642285734415054321e-01
1.096627116203308105e-01
9.787524491548538208e-02
3.851760551333427429e-02
9.875057637691497803e-02
9.964968264102935791e-02
3.258078098297119141e-01
8.621175074949860573e-04
7.138527631759643555e-01
2.009824067354202271e-01
4.855980506590640289e-09
4.103210926587053109e-08
1.057426035404205322e-01
9.932524710893630981e-02
6.381014734506607056e-02
1.845422238111495972e-01
5.641708616167306900e-03
3.210581839084625244e-01
2.132012099027633667e-01
2.488321363925933838e-01
1.140793710947036743e-01
1.370476484298706055e-01
9.555991739034652710e-02
1.104775592684745789e-01
3.310835361480712891e-02
1.129119545221328735e-01
1.131645366549491882e-01
2.800102829933166504e-01
9.022987214848399162e-04
7.770727872848510742e-01
2.772275209426879883e-01
4.855980506590640289e-09
4.103210926587053109e-08
1.170401200652122498e-01
1.086584255099296570e-01
5.954340472817420959e-02
1.385217159986495972e-01
4.788483958691358566e-03
3.008514642715454102e-01
2.201919555664062500e-01
2.266605645418167114e-01
9.798424690961837769e-02
1.394274383783340454e-01
9.098790585994720459e-02
1.040228083729743958e-01
3.775407746434211731e-02
1.052220538258552551e-01
1.057239919900894165e-01
2.758245170116424561e-01
9.188474505208432674e-04
7.520602941513061523e-01
2.248033732175827026e-01
4.855980506590640289e-09
4.103210926587053109e-08
1.226384267210960388e-01
1.155943647027015686e-01
6.221107020974159241e-02
1.173784285783767700e-01
5.406945012509822845e-03
2.003626376390457153e-01
1.661616116762161255e-01
1.898114383220672607e-01
1.310928463935852051e-01
1.304108500480651855e-01
8.564860373735427856e-02
8.811155706644058228e-02
3.690007701516151428e-02
8.735834062099456787e-02
8.808942139148712158e-02
2.168089598417282104e-01
9.169767727144062519e-04
7.359885573387145996e-01
2.556834816932678223e-01
4.855980506590640289e-09
4.103210926587053109e-08
1.127877607941627502e-01
1.056183949112892151e-01
6.964989751577377319e-02
8.808857202529907227e-02
4.611951299011707306e-03
1.763896644115447998e-01
1.752269417047500610e-01
1.698410958051681519e-01
1.289720982313156128e-01
1.644943356513977051e-01
7.820560038089752197e-02
1.029457449913024902e-01
3.681045025587081909e-02
1.094215288758277893e-01
1.096004992723464966e-01
2.108830660581588745e-01
8.237585425376892090e-04
6.589778065681457520e-01
3.214896619319915771e-01
4.855980506590640289e-09
3.484048414975404739e-03
1.205737218260765076e-01
1.134238466620445251e-01
7.059577852487564087e-02
7.614542543888092041e-02
5.000389646738767624e-03
2.081375420093536377e-01
1.756735593080520630e-01
1.971823871135711670e-01
1.499187499284744263e-01
1.657302975654602051e-01
7.490308582782745361e-02
1.317448467016220093e-01
3.854106366634368896e-02
1.058743894100189209e-01
1.063568219542503357e-01
1.827836185693740845e-01
9.132801787927746773e-04
7.143170237541198730e-01
1.995937228202819824e-01
4.855980506590640289e-09
3.483873791992664337e-03
1.227398142218589783e-01
1.139266118407249451e-01
7.579712569713592529e-02
7.870046794414520264e-02
5.430662073194980621e-03
2.515651285648345947e-01
1.772034168243408203e-01
1.833938509225845337e-01
1.456082314252853394e-01
1.663218885660171509e-01
8.353418856859207153e-02
1.375222504138946533e-01
3.494237735867500305e-02
1.231800839304924011e-01
1.247304081916809082e-01
2.000545263290405273e-01
9.451066725887358189e-04
7.517284154891967773e-01
1.819763630628585815e-01
4.855980506590640289e-09
3.484011162072420120e-03
1.227685734629631042e-01
1.117513328790664673e-01
7.591804116964340210e-02
8.623426407575607300e-02
5.103640723973512650e-03
2.919658124446868896e-01
1.936641037464141846e-01
2.138206213712692261e-01
1.613429039716720581e-01
1.744208782911300659e-01
7.104533165693283081e-02
1.274933815002441406e-01
3.796622157096862793e-02
1.000986993312835693e-01
9.985219687223434448e-02
1.920172423124313354e-01
9.477576822973787785e-04
7.643430829048156738e-01
1.428800374269485474e-01
4.855980506590640289e-09
3.484220709651708603e-03
1.145788133144378662e-01
1.071715354919433594e-01
7.349869608879089355e-02
8.271849900484085083e-02
5.064178258180618286e-03
2.474398314952850342e-01
1.938131451606750488e-01
1.644171476364135742e-01
1.836811304092407227e-01
1.879330128431320190e-01
7.315803319215774536e-02
1.443538218736648560e-01
4.125117510557174683e-02
1.404037773609161377e-01
1.338055282831192017e-01
2.050405889749526978e-01
9.277207427658140659e-04
7.818237543106079102e-01
1.451644599437713623e-01
4.855980506590640289e-09
3.483964595943689346e-03
1.194178685545921326e-01
1.093270182609558105e-01
7.528597861528396606e-02
8.263198286294937134e-02
5.279424600303173065e-03
2.343033403158187866e-01
1.464154422283172607e-01
1.652037501335144043e-01
1.544338762760162354e-01
1.756125837564468384e-01
7.485951483249664307e-02
1.481446921825408936e-01
4.365783184766769409e-02
1.590904891490936279e-01
1.601994335651397705e-01
1.945797353982925415e-01
1.046029967255890369e-03
8.422291874885559082e-01
1.575568318367004395e-01
4.855980506590640289e-09
3.484406974166631699e-03
1.193411573767662048e-01
1.103148311376571655e-01
7.898624241352081299e-02
8.572172373533248901e-02
6.596891675144433975e-03
2.535408735275268555e-01
1.632419377565383911e-01
1.785648018121719360e-01
1.154030412435531616e-01
1.709386110305786133e-01
8.110891282558441162e-02
1.020803228020668030e-01
4.063886031508445740e-02
1.013173162937164307e-01
1.031391248106956482e-01
2.040218412876129150e-01
9.784062858670949936e-04
7.538108825683593750e-01
1.250115633010864258e-01
4.855980506590640289e-09
3.484685206785798073e-03
1.254489719867706299e-01
1.179811507463455200e-01
7.751811295747756958e-02
9.302699565887451172e-02
6.879531778395175934e-03
2.856062054634094238e-01
1.651463061571121216e-01
1.779359877109527588e-01
1.288719922304153442e-01
1.687936335802078247e-01
8.263853192329406738e-02
1.112615242600440979e-01
4.354950785636901855e-02
1.116608530282974243e-01
1.118779629468917847e-01
2.005441337823867798e-01
9.165381197817623615e-04
6.744819879531860352e-01
1.402157992124557495e-01
4.855980506590640289e-09
3.484596498310565948e-03
1.214081123471260071e-01
1.118334606289863586e-01
7.426849752664566040e-02
1.035332083702087402e-01
9.078938513994216919e-03
1.740404367446899414e-01
1.835513263940811157e-01
2.046241015195846558e-01
1.387681216001510620e-01
2.245800793170928955e-01
8.959655463695526123e-02
1.193283870816230774e-01
4.325671866536140442e-02
1.226484924554824829e-01
1.198594421148300171e-01
2.038306444883346558e-01
8.259921451099216938e-04
6.699401736259460449e-01
9.597505629062652588e-02
4.855980506590640289e-09
3.484319662675261497e-03
1.208998784422874451e-01
1.116545051336288452e-01
7.393189519643783569e-02
1.055527776479721069e-01
7.011116482317447662e-03
1.767056286334991455e-01
1.778727173805236816e-01
2.029675990343093872e-01
1.437497138977050781e-01
2.014573365449905396e-01
8.699188381433486938e-02
1.274213492870330811e-01
4.155306518077850342e-02
1.258111596107482910e-01
1.261720508337020874e-01
2.079557031393051147e-01
7.974168402142822742e-04
6.779126524925231934e-01
1.098347157239913940e-01
4.855980506590640289e-09
3.484474727883934975e-03
1.191399320960044861e-01
1.116577312350273132e-01
7.737481594085693359e-02
1.066492423415184021e-01
7.606167346239089966e-03
1.150124445557594299e-01
1.809263229370117188e-01
1.915520727634429932e-01
1.512129455804824829e-01
1.564609855413436890e-01
8.371290564537048340e-02
1.337736845016479492e-01
3.832843154668807983e-02
1.369645297527313232e-01
1.370122730731964111e-01
2.027291804552078247e-01
8.539225673303008080e-04
6.389974355697631836e-01
1.038633957505226135e-01
4.855980506590640289e-09
3.484531771391630173e-03
1.195264309644699097e-01
1.115732416510581970e-01
7.539272308349609375e-02
1.112180650234222412e-01
5.381821654736995697e-03
8.835738152265548706e-02
1.834629327058792114e-01
1.910621374845504761e-01
1.471974104642868042e-01
1.603681892156600952e-01
8.908013999462127686e-02
1.468368321657180786e-01
3.504548221826553345e-02
1.549354940652847290e-01
1.547879874706268311e-01
2.038359344005584717e-01
7.810952956788241863e-04
6.103089451789855957e-01
1.030033901333808899e-01
4.855980506590640289e-09
3.484466345980763435e-03
1.268890202045440674e-01
1.208579167723655701e-01
7.914546877145767212e-02
1.302915066480636597e-01
4.602192435413599014e-03
1.055675223469734192e-01
2.159137427806854248e-01
2.227059304714202881e-01
1.695941239595413208e-01
1.877281516790390015e-01
1.093142405152320862e-01
1.599480509757995605e-01
4.362762719392776489e-02
1.591844707727432251e-01
1.593678146600723267e-01
2.230517715215682983e-01
9.185468079522252083e-04
7.478579878807067871e-01
1.082138568162918091e-01
4.855980506590640289e-09
3.484738059341907501e-03
1.489593535661697388e-01
1.412137448787689209e-01
8.924327045679092407e-02
1.695165336132049561e-01
6.725047249346971512e-03
8.112511038780212402e-02
3.380767405033111572e-01
3.802978992462158203e-01
2.351109683513641357e-01
2.452397048473358154e-01
1.721085608005523682e-01
2.156939953565597534e-01
6.345150619745254517e-02
2.149592787027359009e-01
2.148085534572601318e-01
2.712618708610534668e-01
9.758011437952518463e-04
8.262053728103637695e-01
9.371072798967361450e-02
4.855980506590640289e-09
3.484431887045502663e-03
1.856377869844436646e-01
1.725282967090606689e-01
1.027431115508079529e-01
1.869909912347793579e-01
4.113677889108657837e-03
4.384693130850791931e-02
3.046982288360595703e-01
3.511559069156646729e-01
1.916522979736328125e-01
3.099076747894287109e-01
1.781224459409713745e-01
1.889715939760208130e-01
8.351939171552658081e-02
1.951848864555358887e-01
1.883926093578338623e-01
2.870875895023345947e-01
8.747093379497528076e-04
7.731007337570190430e-01
9.911428391933441162e-02
4.855980506590640289e-09
3.484210697934031487e-03
1.899510622024536133e-01
1.672229468822479248e-01
1.144644990563392639e-01
1.896059215068817139e-01
3.291453002020716667e-03
4.543022811412811279e-02
3.401222825050354004e-01
3.537404239177703857e-01
2.554456293582916260e-01
3.841969072818756104e-01
1.883050203323364258e-01
2.247568964958190918e-01
1.257214546203613281e-01
2.234837412834167480e-01
2.243840843439102173e-01
3.486952483654022217e-01
7.802961044944822788e-04
7.470746040344238281e-01
9.994506835937500000e-02
4.855980506590640289e-09
3.484632354229688644e-03
2.551828026771545410e-01
2.375348210334777832e-01
1.557861715555191040e-01
2.161257416009902954e-01
4.184421151876449585e-03
9.603816270828247070e-02
3.719646036624908447e-01
3.938703536987304688e-01
2.668332159519195557e-01
4.160144329071044922e-01
2.155896127223968506e-01
2.035546600818634033e-01
1.370017826557159424e-01
2.060349285602569580e-01
2.063911706209182739e-01
3.958054482936859131e-01
9.677727939561009407e-04
7.295079827308654785e-01
1.091116964817047119e-01
4.855980506590640289e-09
3.484396729618310928e-03
2.969578206539154053e-01
2.775705754756927490e-01
1.792864054441452026e-01
2.823110818862915039e-01
3.713731886819005013e-03
7.828733325004577637e-02
3.657508492469787598e-01
3.804783821105957031e-01
2.488983720541000366e-01
4.192237854003906250e-01
2.000811398029327393e-01
2.399574965238571167e-01
1.264931708574295044e-01
2.430595457553863525e-01
2.439225763082504272e-01
3.741866052150726318e-01
7.488912087865173817e-04
6.075549125671386719e-01
1.184010282158851624e-01
4.855980506590640289e-09
3.484207205474376678e-03
1.546222120523452759e-01
1.427080035209655762e-01
9.387875348329544067e-02
2.942855954170227051e-01
2.933902433142066002e-03
3.538437932729721069e-02
2.777644395828247070e-01
2.867673933506011963e-01
2.279106378555297852e-01
3.024894595146179199e-01
1.752145439386367798e-01
2.420527786016464233e-01
1.172834113240242004e-01
2.365691959857940674e-01
2.378034293651580811e-01
3.424359261989593506e-01
7.232539937831461430e-04
5.460686683654785156e-01
9.455932676792144775e-02
4.855980506590640289e-09
3.484639804810285568e-03
4.622000828385353088e-02
4.587088897824287415e-02
2.578981965780258179e-02
2.167139947414398193e-01
2.499538706615567207e-03
7.348273694515228271e-02
2.713628709316253662e-01
2.700614929199218750e-01
2.002973854541778564e-01
2.502856552600860596e-01
1.763280034065246582e-01
2.195332795381546021e-01
8.698193728923797607e-02
2.166300714015960693e-01
2.171725034713745117e-01
3.228627741336822510e-01
7.214093930087983608e-04
5.007473826408386230e-01
1.154050454497337341e-01
4.855980506590640289e-09
3.484555752947926521e-03
1.249920427799224854e-01
7.593687623739242554e-02
2.930993773043155670e-02
1.988254338502883911e-01
2.281824126839637756e-03
5.529157444834709167e-02
2.579422891139984131e-01
2.554827332496643066e-01
1.901378184556961060e-01
2.223574519157409668e-01
1.693142652511596680e-01
2.010803967714309692e-01
8.694554865360260010e-02
2.071806341409683228e-01
2.076426893472671509e-01
2.764829397201538086e-01
3.748501476366072893e-04
2.696732580661773682e-01
1.002594754099845886e-01
4.855980506590640289e-09
3.484807210043072701e-03
1.030950099229812622e-01
9.813763201236724854e-02
4.089396446943283081e-02
1.969856917858123779e-01
3.296808106824755669e-03
4.459932073950767517e-02
2.469043731689453125e-01
2.387567907571792603e-01
1.726816445589065552e-01
2.048029154539108276e-01
1.465663611888885498e-01
1.933861672878265381e-01
7.389436662197113037e-02
1.919341832399368286e-01
1.924664825201034546e-01
2.820666730403900146e-01
3.876953560393303633e-04
2.810259759426116943e-01
9.513917565345764160e-02
4.855980506590640289e-09
3.484236076474189758e-03
7.668054848909378052e-02
6.955422461032867432e-02
3.982524201273918152e-02
1.902469843626022339e-01
2.050819341093301773e-03
3.438603132963180542e-02
2.495731860399246216e-01
2.549828886985778809e-01
1.786284297704696655e-01
1.936332881450653076e-01
1.605778485536575317e-01
1.807617694139480591e-01
7.994265854358673096e-02
1.797931939363479614e-01
1.795658320188522339e-01
2.674461901187896729e-01
2.877269289456307888e-04
2.810001671314239502e-01
1.250367462635040283e-01
4.855980506590640289e-09
3.484453074634075165e-03
5.820878967642784119e-02
6.087375804781913757e-02
2.879924513399600983e-02
1.918018460273742676e-01
1.704745343886315823e-03
4.297791793942451477e-02
2.716964185237884521e-01
2.703057825565338135e-01
1.757766753435134888e-01
2.051936089992523193e-01
1.641194224357604980e-01
1.839466392993927002e-01
9.018163383007049561e-02
1.818878501653671265e-01
1.820157915353775024e-01
2.802164554595947266e-01
3.272126778028905392e-04
2.931514382362365723e-01
1.015885919332504272e-01
4.855980506590640289e-09
3.484479617327451706e-03
5.470662564039230347e-02
6.129486858844757080e-02
2.367677167057991028e-02
1.925588548183441162e-01
1.623899443075060844e-03
5.766297131776809692e-02
2.572480738162994385e-01
2.541374266147613525e-01
1.620091199874877930e-01
2.113524824380874634e-01
1.542833447456359863e-01
1.665829718112945557e-01
8.874292671680450439e-02
1.667014062404632568e-01
1.665707826614379883e-01
2.736118137836456299e-01
4.323670291341841221e-04
2.351644188165664673e-01
9.926353394985198975e-02
4.855980506590640289e-09
3.483914537355303764e-03
5.096706748008728027e-02
4.520360752940177917e-02
2.592152729630470276e-02
2.029171437025070190e-01
1.785415573976933956e-03
5.757992714643478394e-02
2.935297489166259766e-01
2.887136340141296387e-01
1.566793322563171387e-01
2.594931125640869141e-01
1.728889197111129761e-01
1.663821041584014893e-01
9.954082220792770386e-02
1.750731468200683594e-01
1.661592721939086914e-01
2.855405509471893311e-01
5.829752772115170956e-04
2.848218977451324463e-01
9.944739937782287598e-02
4.855980506590640289e-09
3.484364831820130348e-03
5.691395327448844910e-02
5.463225394487380981e-02
3.010245412588119507e-02
2.076624184846878052e-01
2.076161326840519905e-03
6.274744868278503418e-02
2.948053479194641113e-01
2.978667020797729492e-01
1.318816840648651123e-01
2.704146802425384521e-01
1.840395927429199219e-01
1.465528607368469238e-01
1.029717326164245605e-01
1.436021178960800171e-01
1.428398340940475464e-01
2.817389965057373047e-01
5.783294327557086945e-04
2.345498800277709961e-01
9.993357956409454346e-02
4.855980506590640289e-09
3.483459819108247757e-03
4.787369072437286377e-02
5.259779468178749084e-02
2.632846124470233917e-02
2.289219200611114502e-01
1.178113976493477821e-03
7.049781084060668945e-02
2.959606647491455078e-01
3.014675378799438477e-01
1.463920027017593384e-01
2.944196462631225586e-01
1.797696501016616821e-01
1.408464163541793823e-01
1.079544648528099060e-01
1.357031166553497314e-01
1.357652395963668823e-01
2.967838346958160400e-01
6.038307910785079002e-04
2.532907128334045410e-01
9.844695031642913818e-02
4.855980506590640289e-09
3.484421176835894585e-03
4.892402514815330505e-02
4.771731048822402954e-02
2.600325830280780792e-02
2.440025210380554199e-01
1.058058580383658409e-03
7.322276383638381958e-02
3.241824805736541748e-01
3.352407515048980713e-01
1.575066149234771729e-01
3.621477186679840088e-01
2.058117091655731201e-01
1.598769575357437134e-01
1.161054223775863647e-01
1.583366543054580688e-01
1.585417985916137695e-01
3.461912572383880615e-01
2.944222069345414639e-04
2.214402705430984497e-01
9.297500550746917725e-02
4.855980506590640289e-09
3.484227228909730911e-03
5.860958620905876160e-02
6.006075814366340637e-02
3.288487717509269714e-02
2.883005142211914062e-01
1.030219951644539833e-03
6.693131476640701294e-02
3.684647083282470703e-01
3.576717972755432129e-01
1.484100222587585449e-01
3.658134937286376953e-01
2.240854650735855103e-01
1.497729569673538208e-01
1.090479567646980286e-01
1.471794843673706055e-01
1.471949368715286255e-01
3.827931582927703857e-01
2.539835404604673386e-04
2.040423899888992310e-01
9.622973203659057617e-02
4.855980506590640289e-09
3.484100801870226860e-03
6.131104007363319397e-02
6.025091931223869324e-02
3.204623982310295105e-02
3.079963326454162598e-01
1.223732368089258671e-03
8.276706933975219727e-02
3.440093994140625000e-01
3.464875817298889160e-01
1.776390522718429565e-01
4.061146676540374756e-01
2.138808071613311768e-01
1.664785146713256836e-01
1.280030012130737305e-01
1.883362382650375366e-01
2.002847790718078613e-01
3.826461136341094971e-01
2.477553498465567827e-04
2.059548646211624146e-01
1.030804961919784546e-01
4.855980506590640289e-09
3.484393237158656120e-03
6.024350598454475403e-02
6.496876478195190430e-02
3.619533404707908630e-02
2.936411798000335693e-01
1.159963314421474934e-03
1.012289896607398987e-01
3.583876490592956543e-01
3.527280390262603760e-01
1.981700509786605835e-01
5.042971372604370117e-01
2.104278355836868286e-01
2.179954200983047485e-01
1.419688761234283447e-01
2.090853303670883179e-01
2.217272073030471802e-01
4.088921248912811279e-01
2.366727421758696437e-04
2.108709663152694702e-01
1.209785044193267822e-01
4.855980506590640289e-09
3.484509419649839401e-03
6.461669504642486572e-02
5.969666317105293274e-02
2.992124296724796295e-02
3.280392587184906006e-01
1.268411986529827118e-03
1.268736571073532104e-01
4.873446524143218994e-01
4.953790903091430664e-01
2.981114983558654785e-01
5.690618157386779785e-01
2.681102752685546875e-01
3.189909756183624268e-01
1.451352536678314209e-01
2.702339887619018555e-01
2.705427706241607666e-01
4.540402591228485107e-01
4.441720375325530767e-04
2.272649556398391724e-01
1.403674334287643433e-01
4.855980506590640289e-09
3.484371118247509003e-03
6.574500352144241333e-02
5.768847465515136719e-02
3.138134628534317017e-02
3.713331818580627441e-01
1.425030524842441082e-03
1.140137389302253723e-01
5.348180532455444336e-01
5.302228927612304688e-01
3.287857174873352051e-01
4.100401699542999268e-01
2.899554371833801270e-01
3.012809753417968750e-01
1.499070227146148682e-01
2.948221564292907715e-01
2.946760654449462891e-01
4.857559204101562500e-01
2.737676841206848621e-04
2.102533280849456787e-01
1.540329456329345703e-01
4.855980506590640289e-09
3.484355518594384193e-03
8.193141222000122070e-02
7.287091016769409180e-02
3.514663875102996826e-02
4.232911169528961182e-01
1.227899338118731976e-03
1.101359874010086060e-01
5.493308901786804199e-01
5.469970703125000000e-01
4.667330682277679443e-01
3.661033213138580322e-01
3.266304135322570801e-01
4.203026294708251953e-01
1.458418220281600952e-01
4.196580648422241211e-01
4.225965142250061035e-01
5.106232762336730957e-01
3.534451534505933523e-04
2.259557098150253296e-01
1.607972234487533569e-01
4.855980506590640289e-09
3.484083805233240128e-03
1.079539805650711060e-01
9.563090652227401733e-02
4.641289263963699341e-02
3.927466571331024170e-01
1.399219152517616749e-03
1.554962396621704102e-01
4.288170635700225830e-01
4.238746166229248047e-01
4.268055558204650879e-01
3.813648223876953125e-01
2.465910613536834717e-01
3.567333817481994629e-01
1.082812473177909851e-01
3.328897058963775635e-01
3.333019912242889404e-01
4.875015020370483398e-01
2.607075148262083530e-04
2.324315458536148071e-01
1.601689606904983521e-01
4.855980506590640289e-09
3.484218148514628410e-03
9.887545555830001831e-02
8.800098299980163574e-02
5.886051058769226074e-02
3.273180127143859863e-01
1.814233721233904362e-03
1.242759898304939270e-01
4.425888061523437500e-01
4.943052828311920166e-01
5.500344038009643555e-01
4.125509858131408691e-01
2.430231869220733643e-01
4.422749876976013184e-01
1.117504984140396118e-01
4.420283734798431396e-01
4.439191222190856934e-01
5.305320620536804199e-01
2.506229502614587545e-04
2.080868035554885864e-01
1.610768139362335205e-01
4.855980506590640289e-09
3.484266810119152069e-03
7.832808792591094971e-02
7.491995394229888916e-02
4.262771084904670715e-02
3.032930791378021240e-01
2.027913695201277733e-03
7.696642726659774780e-02
5.132408142089843750e-01
5.059047937393188477e-01
5.632212758064270020e-01
4.024563729763031006e-01
2.670860290527343750e-01
4.572505950927734375e-01
1.288094222545623779e-01
5.164231657981872559e-01
6.176794767379760742e-01
6.287559270858764648e-01
2.560185384936630726e-04
1.903697401285171509e-01
1.614348292350769043e-01
4.855980506590640289e-09
3.484579734504222870e-03
7.521770894527435303e-02
7.249860465526580811e-02
4.063930362462997437e-02
3.425268232822418213e-01
1.610110048204660416e-03
1.114973798394203186e-01
6.193767786026000977e-01
6.193708181381225586e-01
8.019648790359497070e-01
4.934008121490478516e-01
3.139515817165374756e-01
6.541798710823059082e-01
1.495334804058074951e-01
6.570874452590942383e-01
6.563664674758911133e-01
6.985085606575012207e-01
2.630676317494362593e-04
1.749102473258972168e-01
1.611124277114868164e-01
4.855980506590640289e-09
3.484795568510890007e-03
6.940805912017822266e-02
6.133499741554260254e-02
4.056981205940246582e-02
3.695068359375000000e-01
1.049547456204891205e-03
1.119284257292747498e-01
8.433719873428344727e-01
8.398577570915222168e-01
1.186537861824035645e+00
5.851475000381469727e-01
4.002820849418640137e-01
8.884499073028564453e-01
1.779213398694992065e-01
8.977270722389221191e-01
9.031958580017089844e-01
8.640112876892089844e-01
3.590995911508798599e-04
2.595438361167907715e-01
1.646011918783187866e-01
4.855980506590640289e-09
3.484550630673766136e-03
1.354896277189254761e-01
1.336028277873992920e-01
7.676507532596588135e-02
3.945229947566986084e-01
2.894859062507748604e-03
1.473126709461212158e-01
1.026778697967529297e+00
1.005019783973693848e+00
1.238255977630615234e+00
6.599152684211730957e-01
4.973986148834228516e-01
1.049037456512451172e+00
2.049553543329238892e-01
1.080949664115905762e+00
1.089818477630615234e+00
1.175257682800292969e+00
4.033609875477850437e-04
3.772075176239013672e-01
1.633780598640441895e-01
4.855980506590640289e-09
3.484477987512946129e-03
2.697675526142120361e-01
2.612241208553314209e-01
1.753297150135040283e-01
5.207062959671020508e-01
3.736355574801564217e-03
1.764362603425979614e-01
7.520838975906372070e-01
7.817857861518859863e-01
6.071796417236328125e-01
6.540740132331848145e-01
3.938539028167724609e-01
6.039531230926513672e-01
2.265937924385070801e-01
5.998671650886535645e-01
6.010785102844238281e-01
8.558301329612731934e-01
2.758077462203800678e-04
2.770767807960510254e-01
1.733978986740112305e-01
4.855980506590640289e-09
3.484640503302216530e-03
1.950273960828781128e-01
1.737883836030960083e-01
1.144355610013008118e-01
6.546372175216674805e-01
3.099086461588740349e-03
2.178051322698593140e-01
9.073982238769531250e-01
9.411647319793701172e-01
8.455275297164916992e-01
9.668985009193420410e-01
4.634620249271392822e-01
6.990431547164916992e-01
2.557193338871002197e-01
7.147360444068908691e-01
7.160925269126892090e-01
8.757371306419372559e-01
6.327497540041804314e-04
4.864954352378845215e-01
1.474098265171051025e-01
4.855980506590640289e-09
3.484599990770220757e-03
8.064671605825424194e-02
7.302949577569961548e-02
3.620895370841026306e-02
5.185456275939941406e-01
4.536495544016361237e-03
2.443780004978179932e-01
7.416430115699768066e-01
7.436368465423583984e-01
3.907310068607330322e-01
1.062071681022644043e+00
4.115030765533447266e-01
4.287755489349365234e-01
2.842105925083160400e-01
4.278464913368225098e-01
4.289157092571258545e-01
8.881040215492248535e-01
7.110891747288405895e-04
4.638126492500305176e-01
1.581691950559616089e-01
4.855980506590640289e-09
3.484596498310565948e-03
8.800834417343139648e-02
6.976881623268127441e-02
3.413189202547073364e-02
4.592699408531188965e-01
5.134880542755126953e-03
1.898652315139770508e-01
5.219268798828125000e-01
5.299220085144042969e-01
1.807009875774383545e-01
9.472115635871887207e-01
3.660762310028076172e-01
2.158990204334259033e-01
2.616921961307525635e-01
2.154406607151031494e-01
2.154264450073242188e-01
7.635563611984252930e-01
7.404363714158535004e-04
5.520720481872558594e-01
1.431787312030792236e-01
4.855980506590640289e-09
3.484489396214485168e-03
1.167799979448318481e-01
1.257199496030807495e-01
4.409709200263023376e-02
3.697005808353424072e-01
4.486043006181716919e-03
2.018939256668090820e-01
2.752892971038818359e-01
3.713863193988800049e-01
1.516614854335784912e-01
4.618195593357086182e-01
1.467154324054718018e-01
2.060982435941696167e-01
8.787301927804946899e-02
2.032926678657531738e-01
2.028566300868988037e-01
3.824014067649841309e-01
3.438505809754133224e-04
2.351848930120468140e-01
1.498129814863204956e-01
4.855980506590640289e-09
3.484853310510516167e-03
1.475609540939331055e-01
1.688960343599319458e-01
5.742807686328887939e-02
3.288235664367675781e-01
6.258729845285415649e-04
1.951470375061035156e-01
2.969368100166320801e-01
3.402515053749084473e-01
1.163718327879905701e-01
2.359857559204101562e-01
1.769204586744308472e-01
1.587712615728378296e-01
7.017549872398376465e-02
1.570343226194381714e-01
1.569876372814178467e-01
3.001029193401336670e-01
3.872097877319902182e-04
2.895138263702392578e-01
1.444179266691207886e-01
4.855980506590640289e-09
3.484572749584913254e-03
8.306652307510375977e-02
7.604895532131195068e-02
6.326881796121597290e-02
2.047214210033416748e-01
9.581116610206663609e-04
1.889423131942749023e-01
4.142855107784271240e-01
3.604333400726318359e-01
9.246565401554107666e-02
2.690089643001556396e-01
1.929664313793182373e-01
1.119974702596664429e-01
8.799928426742553711e-02
1.094256117939949036e-01
1.084685325622558594e-01
4.732586443424224854e-01
3.768010938074439764e-04
3.309044241905212402e-01
1.459925472736358643e-01
4.855980506590640289e-09
3.484707558527588844e-03
6.353241205215454102e-02
7.556688040494918823e-02
3.131935000419616699e-02
2.087700664997100830e-01
1.079524517990648746e-03
2.335539758205413818e-01
4.210090637207031250e-01
4.045135080814361572e-01
1.313423365354537964e-01
3.316379189491271973e-01
1.892246454954147339e-01
1.467719674110412598e-01
9.202922880649566650e-02
1.429858058691024780e-01
1.429454386234283447e-01
5.216027498245239258e-01
3.763737040571868420e-04
3.355464339256286621e-01
1.453286409378051758e-01
4.855980506590640289e-09
3.484833519905805588e-03
2.806852757930755615e-02
2.837578952312469482e-02
1.973795704543590546e-02
1.944277137517929077e-01
1.541553880088031292e-03
2.977078258991241455e-01
5.045549869537353516e-01
5.427808165550231934e-01
1.666271388530731201e-01
4.347586929798126221e-01
2.190439552068710327e-01
1.695766896009445190e-01
1.387768983840942383e-01
1.613378822803497314e-01
1.629349589347839355e-01
6.267790794372558594e-01
4.245201998855918646e-04
3.532217442989349365e-01
1.487136930227279663e-01
4.855980506590640289e-09
3.484983230009675026e-03
3.201901167631149292e-02
2.908859588205814362e-02
1.596673950552940369e-02
2.618708908557891846e-01
1.222027698531746864e-03
3.418061733245849609e-01
5.984517931938171387e-01
6.270711421966552734e-01
1.511424779891967773e-01
5.822116136550903320e-01
2.724994122982025146e-01
1.795503050088882446e-01
1.571726053953170776e-01
1.756440699100494385e-01
1.799743324518203735e-01
6.201239228248596191e-01
4.491332801990211010e-04
3.205693066120147705e-01
1.440584510564804077e-01
1.973526086658239365e-03
2.475194036960601807e-01
2.536663226783275604e-02
2.309305593371391296e-02
1.853926293551921844e-02
3.565981686115264893e-01
8.451754110865294933e-04
4.018342196941375732e-01
7.345618009567260742e-01
7.665210962295532227e-01
2.293644696474075317e-01
6.408449411392211914e-01
3.422476649284362793e-01
2.226725071668624878e-01
1.791899353265762329e-01
2.243387997150421143e-01
2.253439575433731079e-01
7.147233486175537109e-01
4.901721258647739887e-04
3.627673387527465820e-01
1.492146253585815430e-01
3.947051707655191422e-03
5.419663190841674805e-01
2.889625728130340576e-02
2.665751799941062927e-02
1.797032169997692108e-02
4.208219051361083984e-01
9.615260059945285320e-04
4.419189989566802979e-01
5.581275224685668945e-01
6.425281763076782227e-01
1.734036952257156372e-01
4.615183472633361816e-01
2.789348363876342773e-01
1.651195734739303589e-01
1.625737547874450684e-01
1.652504652738571167e-01
1.657747030258178711e-01
5.765990018844604492e-01
4.530117439571768045e-04
4.366421401500701904e-01
1.566185504198074341e-01
5.920473020523786545e-03
6.226475238800048828e-01
3.220164030790328979e-02
2.973203361034393311e-02
1.966976188123226166e-02
4.091380834579467773e-01
7.893549627624452114e-04
4.277032315731048584e-01
4.967331588268280029e-01
5.287237763404846191e-01
2.008751034736633301e-01
1.151718735694885254e+00
2.607308030128479004e-01
1.920775026082992554e-01
1.635067164897918701e-01
1.933633238077163696e-01
1.949661076068878174e-01
5.722283124923706055e-01
4.331913369242101908e-04
4.959014654159545898e-01
1.401942819356918335e-01
5.920664407312870026e-03
6.226466894149780273e-01
2.913757972419261932e-02
2.708270959556102753e-02
2.118850871920585632e-02
2.516980469226837158e-01
2.329191658645868301e-03
4.646035134792327881e-01
3.101746141910552979e-01
3.683573007583618164e-01
1.149687543511390686e-01
3.969428241252899170e-01
1.539753675460815430e-01
1.211318522691726685e-01
1.503324508666992188e-01
1.373054832220077515e-01
1.378032416105270386e-01
3.428851664066314697e-01
5.003210972063243389e-04
5.052722692489624023e-01
1.356648504734039307e-01
5.920539144426584244e-03
6.226542592048645020e-01
3.604311496019363403e-02
3.395219519734382629e-02
2.115622535347938538e-02
2.363305836915969849e-01
1.154932775534689426e-03
4.617273211479187012e-01
3.575857579708099365e-01
5.554060339927673340e-01
1.412145793437957764e-01
3.643140196800231934e-01
1.842361390590667725e-01
8.830127120018005371e-02
1.605344116687774658e-01
9.482665359973907471e-02
9.474516659975051880e-02
3.196163475513458252e-01
5.757546168752014637e-04
5.821843147277832031e-01
1.424484848976135254e-01
5.921528674662113190e-03
6.226633787155151367e-01
3.251696377992630005e-02
3.009909018874168396e-02
1.996250078082084656e-02
2.760547101497650146e-01
8.490053587593138218e-04
5.008770823478698730e-01
4.146047830581665039e-01
5.101767182350158691e-01
7.121821492910385132e-02
4.335214197635650635e-01
1.856586486101150513e-01
6.815115362405776978e-02
1.365457326173782349e-01
6.509934365749359131e-02
6.487520039081573486e-02
3.373449146747589111e-01
6.210878491401672363e-04
7.086060047149658203e-01
1.240765228867530823e-01
5.921814590692520142e-03
6.172105669975280762e-01
2.837538160383701324e-02
2.740795537829399109e-02
2.027444541454315186e-02
3.078531026840209961e-01
1.414704485796391964e-03
5.440680384635925293e-01
5.838503837585449219e-01
5.370049476623535156e-01
5.221291258931159973e-02
4.192828238010406494e-01
1.886337995529174805e-01
6.148010119795799255e-02
1.698387414216995239e-01
5.859759449958801270e-02
5.819198116660118103e-02
2.942784726619720459e-01
1.148705952800810337e-03
7.445011734962463379e-01
1.292398273944854736e-01
5.922011565417051315e-03
6.210861802101135254e-01
3.878090158104896545e-02
3.921929374337196350e-02
1.668268814682960510e-02
3.017733395099639893e-01
1.672385493293404579e-03
5.642368793487548828e-01
2.488572895526885986e-01
2.466347068548202515e-01
5.053696781396865845e-02
4.520320892333984375e-01
1.383703947067260742e-01
3.996856510639190674e-02
1.361571103334426880e-01
3.931424394249916077e-02
3.930485993623733521e-02
2.111943513154983521e-01
7.535586482845246792e-04
7.518006563186645508e-01
1.209133714437484741e-01
5.921857431530952454e-03
6.185654997825622559e-01
7.693173736333847046e-02
7.417699694633483887e-02
3.967643529176712036e-02
1.314674764871597290e-01
1.219401252456009388e-03
5.160843729972839355e-01
1.547144055366516113e-01
1.848318725824356079e-01
4.039894416928291321e-02
4.791389107704162598e-01
9.666011482477188110e-02
4.323689267039299011e-02
1.263060420751571655e-01
4.044470563530921936e-02
4.053910449147224426e-02
1.223995313048362732e-01
7.809828966856002808e-04
8.711818456649780273e-01
1.287571638822555542e-01
5.921849049627780914e-03
6.183010935783386230e-01
1.041337326169013977e-01
9.413496404886245728e-02
4.483569040894508362e-02
1.222127377986907959e-01
6.141122430562973022e-04
4.770879745483398438e-01
8.345877379179000854e-02
8.741917461156845093e-02
8.113957196474075317e-02
3.282100260257720947e-01
7.135350257158279419e-02
8.083608746528625488e-02
9.239985793828964233e-02
7.473769783973693848e-02
7.558534294366836548e-02
9.663870185613632202e-02
9.292814647778868675e-04
7.636122107505798340e-01
1.266399770975112915e-01
5.921919830143451691e-03
6.174851059913635254e-01
1.024991646409034729e-01
8.472338318824768066e-02
5.238193646073341370e-02
9.231282770633697510e-02
5.312933353707194328e-04
4.442459344863891602e-01
7.693708688020706177e-02
7.593075186014175415e-02
9.964680671691894531e-02
3.623480498790740967e-01
6.231560558080673218e-02
1.069221720099449158e-01
1.005669087171554565e-01
9.844693541526794434e-02
9.920406341552734375e-02
6.554482877254486084e-02
1.081509864889085293e-03
9.528371691703796387e-01
1.438267529010772705e-01
5.922292359173297882e-03
6.196581721305847168e-01
5.862208828330039978e-02
5.472160130739212036e-02
3.309179469943046570e-02
1.056839376688003540e-01
4.006610834039747715e-04
4.606931209564208984e-01
8.913729339838027954e-02
8.916808664798736572e-02
9.822519868612289429e-02
4.054368734359741211e-01
7.964567840099334717e-02
1.061818450689315796e-01
1.192914843559265137e-01
9.831885248422622681e-02
9.881351143121719360e-02
7.843434065580368042e-02
1.152978162281215191e-03
9.908747076988220215e-01
1.328919529914855957e-01
5.922514013946056366e-03
6.172153353691101074e-01
6.166200339794158936e-02
5.226514488458633423e-02
3.219092637300491333e-02
1.177954077720642090e-01
9.568794048391282558e-04
5.169430971145629883e-01
1.042532697319984436e-01
1.182237118482589722e-01
1.068355888128280640e-01
5.126229524612426758e-01
8.833859860897064209e-02
1.255304515361785889e-01
1.745543926954269409e-01
9.681415557861328125e-02
9.672947973012924194e-02
9.289138019084930420e-02
1.277832663618028164e-03
1.034233450889587402e+00
1.346991807222366333e-01
5.922533106058835983e-03
6.167501807212829590e-01
9.080743789672851562e-02
8.520583808422088623e-02
7.061444222927093506e-02
1.113425791263580322e-01
1.117415260523557663e-03
5.146441459655761719e-01
1.030920445919036865e-01
1.061116605997085571e-01
1.133118346333503723e-01
5.534286499023437500e-01
8.564192056655883789e-02
1.059774681925773621e-01
1.815611273050308228e-01
9.236770123243331909e-02
9.275469183921813965e-02
9.628595411777496338e-02
1.760657643899321556e-03
1.344047784805297852e+00
1.129679679870605469e-01
5.922316573560237885e-03
6.166749000549316406e-01
2.564299404621124268e-01
2.401534467935562134e-01
1.686042696237564087e-01
1.328249424695968628e-01
1.423469395376741886e-03
6.251907944679260254e-01
1.140103787183761597e-01
1.101729273796081543e-01
1.009640842676162720e-01
5.716893076896667480e-01
9.537719190120697021e-02
1.136192008852958679e-01
1.846992224454879761e-01
1.061639562249183655e-01
1.064679026603698730e-01
1.451571285724639893e-01
1.514781266450881958e-03
1.405120611190795898e+00
1.148358955979347229e-01
5.922195501625537872e-03
6.275166273117065430e-01
2.039811462163925171e-01
1.867710947990417480e-01
1.258579492568969727e-01
1.135065779089927673e-01
9.299318771809339523e-04
5.988074541091918945e-01
8.781526982784271240e-02
9.699240326881408691e-02
7.967688143253326416e-02
5.764362215995788574e-01
8.183456212282180786e-02
9.016748517751693726e-02
1.901043355464935303e-01
1.114399880170822144e-01
1.172206550836563110e-01
9.277840703725814819e-02
1.888939295895397663e-03
1.354629755020141602e+00
1.152060180902481079e-01
5.921752192080020905e-03
6.261796951293945312e-01
5.300638824701309204e-02
4.736375063657760620e-02
3.126565739512443542e-02
1.103814914822578430e-01
2.032512333244085312e-03
5.425368547439575195e-01
4.477895796298980713e-02
4.679684713482856750e-02
8.903797715902328491e-02
3.738838434219360352e-01
4.199977591633796692e-02
8.049210906028747559e-02
9.335695952177047729e-02
8.339411020278930664e-02
7.938057184219360352e-02
6.774336844682693481e-02
1.156387268565595150e-03
9.173324108123779297e-01
1.174198687076568604e-01
5.921582225710153580e-03
6.269322037696838379e-01
1.182146519422531128e-01
9.180442243814468384e-02
4.294658079743385315e-02
9.373591095209121704e-02
1.807369058951735497e-03
4.604308605194091797e-01
9.234146028757095337e-02
7.018508762121200562e-02
6.677490472793579102e-02
1.607153266668319702e-01
6.391936540603637695e-02
9.016267955303192139e-02
5.100622773170471191e-02
7.405430078506469727e-02
7.360927015542984009e-02
7.756417989730834961e-02
1.005552825517952442e-03
7.674652338027954102e-01
1.251143664121627808e-01
5.921814125031232834e-03
6.270462870597839355e-01
1.621430963277816772e-01
1.292576193809509277e-01
5.139509215950965881e-02
2.289263457059860229e-01
1.211138442158699036e-03
4.172352254390716553e-01
2.037049233913421631e-01
1.311960518360137939e-01
1.219003871083259583e-01
1.604577302932739258e-01
9.591276198625564575e-02
1.124757155776023865e-01
5.720808357000350952e-02
1.042413264513015747e-01
1.116034612059593201e-01
7.581974565982818604e-02
1.086612814106047153e-03
8.221175670623779297e-01
1.247148066759109497e-01
5.921664182096719742e-03
6.289805173873901367e-01
1.280848234891891479e-01
1.526197195053100586e-01
6.409527361392974854e-02
1.289168149232864380e-01
1.137548708356916904e-03
4.530037343502044678e-01
1.655635684728622437e-01
1.656375676393508911e-01
1.058055013418197632e-01
3.964161574840545654e-01
1.607383340597152710e-01
1.076941490173339844e-01
1.430200338363647461e-01
9.456847608089447021e-02
9.449104964733123779e-02
1.213430762290954590e-01
1.052296021953225136e-03
8.156315088272094727e-01
1.196543946862220764e-01
5.921969655901193619e-03
6.276119351387023926e-01
1.061918884515762329e-01
9.728275239467620850e-02
6.007852032780647278e-02
3.129025399684906006e-01
5.318223265931010246e-04
4.685212969779968262e-01
1.594475507736206055e-01
1.322273313999176025e-01
1.241376250982284546e-01
1.960423737764358521e-01
1.354399621486663818e-01
1.350532025098800659e-01
8.099523931741714478e-02
1.257429569959640503e-01
1.259768009185791016e-01
8.410222083330154419e-02
1.143241068348288536e-03
8.529227972030639648e-01
1.294158399105072021e-01
5.921886768192052841e-03
6.255486607551574707e-01
6.879065185785293579e-02
8.679555356502532959e-02
3.362027555704116821e-02
3.407895565032958984e-01
5.688657402060925961e-04
4.814627170562744141e-01
1.178772896528244019e-01
9.365246444940567017e-02
1.021904274821281433e-01
1.596691459417343140e-01
8.823094516992568970e-02
1.110483556985855103e-01
4.810646548867225647e-02
1.015452072024345398e-01
1.013943031430244446e-01
9.510266035795211792e-02
1.203116029500961304e-03
7.334087491035461426e-01
1.177392229437828064e-01
5.921491887420415878e-03
6.290953755378723145e-01
2.994744479656219482e-02
2.967789024114608765e-02
2.851018495857715607e-02
3.225774765014648438e-01
7.136818021535873413e-04
4.459147155284881592e-01
7.767841219902038574e-02
6.156517192721366882e-02
1.016533821821212769e-01
2.046937644481658936e-01
6.895835697650909424e-02
1.159765347838401794e-01
3.546850010752677917e-02
1.124487295746803284e-01
1.118855699896812439e-01
4.915425181388854980e-02
1.085964962840080261e-03
6.731674671173095703e-01
1.134208962321281433e-01
5.921422969549894333e-03
6.290977597236633301e-01
3.255580738186836243e-02
2.839533984661102295e-02
2.185173518955707550e-02
1.944378018379211426e-01
7.032048306427896023e-04
3.552729189395904541e-01
4.808924719691276550e-02
4.083779081702232361e-02
9.498929977416992188e-02
2.090252488851547241e-01
3.704530373215675354e-02
1.299161314964294434e-01
4.083719849586486816e-02
1.038898304104804993e-01
1.112002879381179810e-01
4.288987815380096436e-02
1.119984663091599941e-03
6.976939439773559570e-01
1.152991428971290588e-01
5.921290721744298935e-03
6.290923953056335449e-01
2.658657729625701904e-02
2.348296903073787689e-02
2.097289264202117920e-02
1.234343200922012329e-01
6.182225188240408897e-04
3.911020159721374512e-01
3.476557508111000061e-02
2.964789606630802155e-02
1.285305023193359375e-01
3.361921310424804688e-01
2.424487099051475525e-02
1.470073461532592773e-01
6.008952111005783081e-02
1.402456015348434448e-01
1.391656696796417236e-01
4.936910420656204224e-02
1.097921631298959255e-03
8.633715510368347168e-01
1.197751164436340332e-01
5.920909345149993896e-03
6.295176148414611816e-01
3.148132562637329102e-02
2.705007791519165039e-02
2.300140634179115295e-02
9.341534227132797241e-02
2.030099509283900261e-03
4.038568735122680664e-01
5.199828743934631348e-02
3.742926567792892456e-02
1.408897042274475098e-01
3.927909433841705322e-01
2.503341436386108398e-02
1.662209779024124146e-01
7.308645546436309814e-02
1.597419232130050659e-01
1.513805389404296875e-01
4.818828403949737549e-02
1.117119332775473595e-03
7.395156621932983398e-01
1.213547363877296448e-01
5.919730290770530701e-03
6.295119524002075195e-01
2.915141172707080841e-02
2.625899016857147217e-02
2.477906458079814911e-02
6.924525648355484009e-02
7.860421901568770409e-04
3.936222493648529053e-01
5.764447897672653198e-02
5.162329226732254028e-02
1.211724728345870972e-01
3.157750368118286133e-01
3.108104318380355835e-02
1.231360211968421936e-01
6.407720595598220825e-02
1.095046550035476685e-01
1.078014820814132690e-01
5.110427364706993103e-02
1.077318680472671986e-03
6.685418486595153809e-01
1.246301308274269104e-01
5.920467432588338852e-03
6.295185685157775879e-01
3.290955349802970886e-02
2.662251703441143036e-02
3.078781440854072571e-02
8.304244279861450195e-02
7.446072995662689209e-04
4.425626397132873535e-01
4.901554435491561890e-02
4.665812849998474121e-02
7.510437071323394775e-02
3.418157100677490234e-01
3.662906214594841003e-02
8.539094030857086182e-02
6.600172072649002075e-02
8.325487375259399414e-02
8.034915477037429810e-02
6.517525762319564819e-02
1.096006366424262524e-03
7.291262745857238770e-01
1.262611597776412964e-01
5.920377094298601151e-03
6.295176744461059570e-01
3.268708661198616028e-02
2.683628723025321960e-02
2.818216010928153992e-02
1.023602485656738281e-01
1.173134660348296165e-03
4.034316539764404297e-01
3.895434737205505371e-02
3.608468547463417053e-02
3.501788899302482605e-02
2.838646173477172852e-01
2.790422737598419189e-02
3.306103497743606567e-02
4.100742563605308533e-02
4.460478574037551880e-02
4.389851167798042297e-02
6.375757604837417603e-02
1.112281694076955318e-03
7.652773857116699219e-01
1.210232451558113098e-01
5.920293740928173065e-03
6.295147538185119629e-01
3.060671314597129822e-02
2.722945064306259155e-02
2.879263646900653839e-02
7.980350404977798462e-02
9.460406727157533169e-04
4.219360947608947754e-01
3.846074268221855164e-02
3.692651540040969849e-02
3.024557046592235565e-02
1.683720648288726807e-01
2.551805414259433746e-02
3.051556646823883057e-02
4.368370026350021362e-02
3.039715439081192017e-02
3.050590492784976959e-02
7.663834095001220703e-02
1.027626218274235725e-03
7.321980595588684082e-01
1.241493597626686096e-01
5.921127274632453918e-03
6.295213699340820312e-01
3.243423253297805786e-02
2.965128980576992035e-02
2.269487641751766205e-02
9.348761290311813354e-02
1.014372566714882851e-03
3.442280888557434082e-01
3.300937637686729431e-02
3.651598468422889709e-02
2.389764785766601562e-02
1.433766633272171021e-01
2.645764127373695374e-02
2.406391687691211700e-02
4.763459041714668274e-02
2.597074024379253387e-02
2.589418180286884308e-02
6.891740113496780396e-02
1.081399386748671532e-03
7.032498717308044434e-01
1.218552812933921814e-01
5.921508651226758957e-03
6.295248866081237793e-01
4.544900730252265930e-02
4.024339839816093445e-02
2.454851940274238586e-02
7.061536610126495361e-02
1.623681630007922649e-03
3.422333300113677979e-01
1.031502187252044678e-01
8.584744483232498169e-02
2.163754403591156006e-02
1.104713156819343567e-01
6.616213172674179077e-02
2.977962978184223175e-02
2.078879997134208679e-02
2.734514139592647552e-02
2.749850600957870483e-02
9.903625398874282837e-02
1.063633942976593971e-03
7.322758436203002930e-01
1.207732483744621277e-01
5.921463482081890106e-03
6.295212507247924805e-01
9.428727626800537109e-02
8.889038115739822388e-02
6.268620491027832031e-02
6.332833319902420044e-02
6.231977604329586029e-04
3.667750656604766846e-01
1.399511098861694336e-01
1.278124749660491943e-01
3.823414817452430725e-02
1.899736672639846802e-01
9.678992629051208496e-02
2.763263694941997528e-02
1.131430342793464661e-01
2.918855100870132446e-02
2.947282232344150543e-02
1.305950284004211426e-01
8.546403259970247746e-04
7.232943177223205566e-01
1.211135387420654297e-01
5.921400617808103561e-03
6.295192837715148926e-01
1.337645351886749268e-01
1.187668517231941223e-01
5.569522827863693237e-02
1.175988540053367615e-01
3.780294209718704224e-04
3.287135362625122070e-01
8.854578435420989990e-02
1.003545373678207397e-01
3.740952163934707642e-02
2.087191641330718994e-01
7.559496164321899414e-02
3.010623157024383545e-02
8.094874769449234009e-02
3.373045474290847778e-02
3.347272798418998718e-02
1.100453063845634460e-01
9.578588651493191719e-04
7.640311121940612793e-01
1.233473047614097595e-01
5.921554751694202423e-03
6.295180320739746094e-01
1.250807493925094604e-01
1.038440614938735962e-01
6.847599893808364868e-02
1.476929336786270142e-01
3.424510359764099121e-04
3.575343489646911621e-01
6.119197234511375427e-02
7.055062055587768555e-02
1.999960839748382568e-02
1.843180060386657715e-01
5.171903967857360840e-02
1.887853629887104034e-02
4.469886422157287598e-02
2.100185304880142212e-02
2.103128284215927124e-02
1.246706843376159668e-01
1.590418280102312565e-03
1.067110538482666016e+00
1.209179237484931946e-01
5.921535659581422806e-03
6.295154094696044922e-01
9.718933701515197754e-02
1.016439050436019897e-01
5.655971169471740723e-02
1.228551194071769714e-01
3.840287390630692244e-04
3.931949138641357422e-01
6.049939617514610291e-02
7.379166036844253540e-02
2.124756202101707458e-02
2.403300106525421143e-01
5.620362609624862671e-02
1.831332780420780182e-02
9.104988723993301392e-02
2.104287408292293549e-02
2.108963020145893097e-02
1.384674757719039917e-01
1.619804650545120239e-03
1.184478521347045898e+00
1.145756617188453674e-01
5.921460222452878952e-03
6.295151710510253906e-01
5.845778435468673706e-02
6.074146926403045654e-02
3.561735525727272034e-02
9.753220528364181519e-02
8.321846835315227509e-04
4.037699997425079346e-01
3.961413353681564331e-02
5.534495040774345398e-02
2.545986510813236237e-02
2.017331421375274658e-01
3.262695670127868652e-02
2.291837148368358612e-02
5.613848194479942322e-02
2.798117883503437042e-02
2.391938306391239166e-02
1.246740669012069702e-01
2.157787792384624481e-03
2.435677289962768555e+00
8.993257582187652588e-02
5.921911448240280151e-03
6.295242905616760254e-01
6.912170350551605225e-02
5.977463722229003906e-02
5.511412024497985840e-02
7.866840064525604248e-02
1.190710812807083130e-03
4.536712765693664551e-01
1.269583404064178467e-01
1.572788953781127930e-01
2.553383819758892059e-02
2.009254246950149536e-01
3.615784645080566406e-02
2.121177315711975098e-02
7.279898226261138916e-02
3.016750514507293701e-02
3.034747205674648285e-02
1.276733577251434326e-01
2.651457209140062332e-03
1.985638618469238281e+00
1.089707687497138977e-01
5.922012962400913239e-03
6.295300126075744629e-01
1.480818986892700195e-01
1.391209661960601807e-01
1.125985532999038696e-01
4.870130866765975952e-02
1.628788770176470280e-03
4.711269140243530273e-01
3.402275592088699341e-02
4.950942471623420715e-02
2.732327952980995178e-02
1.960013508796691895e-01
2.527816779911518097e-02
2.095521613955497742e-02
5.017985031008720398e-02
1.781949959695339203e-02
1.787384226918220520e-02
1.128101199865341187e-01
2.736291615292429924e-03
2.101727962493896484e+00
1.688478142023086548e-01
5.921765230596065521e-03
6.295229196548461914e-01
9.877898544073104858e-02
8.782342076301574707e-02
7.728902250528335571e-02
5.129801481962203979e-02
1.731725991703569889e-03
4.945055544376373291e-01
2.590558305382728577e-02
3.914822638034820557e-02
2.484998479485511780e-02
1.456809788942337036e-01
2.213197946548461914e-02
1.793964393436908722e-02
3.774248808622360229e-02
1.781834848225116730e-02
1.786918379366397858e-02
8.057580143213272095e-02
2.332878299057483673e-03
1.583468437194824219e+00
1.589328199625015259e-01
5.921638105064630508e-03
6.295214295387268066e-01
4.137957841157913208e-02
3.603046387434005737e-02
2.977852523326873779e-02
3.727427124977111816e-02
1.367873279377818108e-03
5.230469703674316406e-01
1.885653659701347351e-02
2.286274172365665436e-02
2.266279421746730804e-02
1.356058418750762939e-01
1.654834114015102386e-02
2.141926437616348267e-02
3.791063651442527771e-02
2.155596762895584106e-02
2.152810990810394287e-02
6.835644692182540894e-02
2.130770590156316757e-03
1.615104913711547852e+00
1.477994620800018311e-01
5.921822972595691681e-03
6.295279264450073242e-01
5.976444110274314880e-02
4.127154499292373657e-02
3.194693103432655334e-02
3.422285988926887512e-02
8.411624003201723099e-04
5.877463817596435547e-01
2.777779661118984222e-02
4.839152842760086060e-02
2.299500443041324615e-02
2.220515757799148560e-01
2.822489105165004730e-02
2.108657918870449066e-02
2.642411924898624420e-02
2.149661630392074585e-02
2.148919925093650818e-02
9.663193672895431519e-02
1.766536035574972630e-03
1.302446126937866211e+00
1.477924734354019165e-01
5.921956151723861694e-03
6.295317411422729492e-01
7.037635147571563721e-02
7.143615186214447021e-02
4.407409951090812683e-02
3.431337699294090271e-02
5.341776413843035698e-04
7.580577135086059570e-01
6.385284662246704102e-02
8.560770750045776367e-02
3.082522377371788025e-02
3.070915639400482178e-01
4.646228253841400146e-02
2.385280840098857880e-02
2.297457493841648102e-02
2.439331449568271637e-02
2.410335838794708252e-02
7.229160517454147339e-02
1.848152372986078262e-03
1.607170820236206055e+00
1.870608478784561157e-01
5.922224838286638260e-03
6.295340657234191895e-01
7.230180501937866211e-02
6.852160394191741943e-02
5.839283019304275513e-02
7.859392464160919189e-02
4.472825676202774048e-04
8.150563240051269531e-01
1.207477152347564697e-01
1.403645724058151245e-01
2.880827337503433228e-02
4.696179330348968506e-01
8.959823846817016602e-02
2.704731374979019165e-02
4.015357792377471924e-02
2.783770300447940826e-02
2.798049151897430420e-02
2.646562159061431885e-01
1.804181491024792194e-03
1.227498769760131836e+00
9.827221184968948364e-02
5.922046955674886703e-03
6.295309066772460938e-01
6.408710777759552002e-02
6.674651056528091431e-02
3.938341885805130005e-02
1.100164502859115601e-01
2.227826771559193730e-04
8.725498914718627930e-01
1.457806527614593506e-01
2.203405946493148804e-01
3.808515518903732300e-02
3.860093057155609131e-01
9.541284292936325073e-02
4.142535477876663208e-02
6.717893481254577637e-02
4.473933205008506775e-02
4.472706094384193420e-02
2.541620731353759766e-01
1.549408538267016411e-03
1.282065987586975098e+00
1.524867266416549683e-01
5.922237876802682877e-03
6.295309066772460938e-01
5.848327279090881348e-02
5.702261254191398621e-02
4.640959203243255615e-02
1.257552802562713623e-01
1.863664219854399562e-04
1.158905267715454102e+00
4.779508709907531738e-02
8.564901351928710938e-02
7.761023938655853271e-02
1.835211664438247681e-01
5.664073303341865540e-02
6.107364222407341003e-02
5.542823299765586853e-02
6.251187622547149658e-02
6.373178213834762573e-02
1.879024803638458252e-01
1.693945028819143772e-03
1.261868119239807129e+00
1.679455488920211792e-01
5.921927746385335922e-03
6.295307278633117676e-01
3.677072376012802124e-02
4.051347449421882629e-02
3.224562481045722961e-02
1.361862123012542725e-01
9.981857147067785263e-04
1.314590573310852051e+00
4.919478297233581543e-02
7.782415300607681274e-02
1.861786656081676483e-02
3.468210697174072266e-01
3.895120695233345032e-02
1.933969557285308838e-02
6.794290244579315186e-02
2.141681499779224396e-02
2.151941321790218353e-02
1.576575040817260742e-01
1.602438278496265411e-03
1.297355294227600098e+00
1.337512582540512085e-01
5.921577103435993195e-03
6.295311450958251953e-01
4.103304073214530945e-02
3.330042213201522827e-02
2.489540167152881622e-02
7.113342732191085815e-02
7.631269400008022785e-04
1.131830334663391113e+00
2.214803919196128845e-02
4.865288734436035156e-02
2.935851737856864929e-02
1.430367529392242432e-01
1.926250755786895752e-02
2.316675893962383270e-02
3.917277604341506958e-02
2.222107350826263428e-02
2.553629875183105469e-02
1.223787218332290649e-01
1.384651637636125088e-03
1.196397900581359863e+00
9.015633165836334229e-02
5.921256728470325470e-03
6.295328140258789062e-01
3.242566064000129700e-02
2.692604623734951019e-02
2.470221370458602905e-02
3.990393131971359253e-02
4.692979273386299610e-04
1.326620817184448242e+00
3.195741027593612671e-02
4.922304302453994751e-02
2.038114145398139954e-02
1.281848400831222534e-01
1.862352341413497925e-02
2.054563723504543304e-02
2.957035042345523834e-02
2.029629796743392944e-02
2.030130103230476379e-02
1.422732621431350708e-01
1.562261488288640976e-03
1.141758918762207031e+00
1.982826739549636841e-01
5.921462085098028183e-03
6.295388340950012207e-01
3.782400116324424744e-02
3.057875856757164001e-02
2.943918853998184204e-02
4.231735691428184509e-02
5.030042957514524460e-04
1.462697029113769531e+00
2.181030251085758209e-02
3.928425908088684082e-02
2.383906580507755280e-02
1.335675120353698730e-01
2.092750929296016693e-02
2.763540484011173248e-02
2.835696004331111908e-02
2.277985028922557831e-02
2.281733788549900055e-02
1.210944801568984985e-01
1.756720012053847313e-03
1.210346579551696777e+00
1.704837083816528320e-01
5.921686533838510513e-03
6.295471787452697754e-01
3.386562317609786987e-02
2.880378626286983490e-02
2.512015029788017273e-02
3.880227357149124146e-02
4.373595584183931351e-04
1.353792905807495117e+00
5.545092374086380005e-02
9.412979334592819214e-02
3.546858578920364380e-02
2.918062210083007812e-01
3.556994348764419556e-02
2.829561010003089905e-02
1.050337851047515869e-01
2.299007400870323181e-02
2.308859489858150482e-02
1.724282056093215942e-01
1.247382257133722305e-03
1.028819441795349121e+00
1.409660428762435913e-01
5.921578966081142426e-03
6.295542716979980469e-01
3.828659653663635254e-02
3.131740540266036987e-02
2.534136362373828888e-02
4.394480213522911072e-02
4.194144567009061575e-04
1.676276087760925293e+00
1.619471609592437744e-02
3.030044771730899811e-02
2.288096025586128235e-02
1.484355479478836060e-01
1.317846216261386871e-02
2.393415756523609161e-02
4.349294304847717285e-02
2.365795895457267761e-02
2.350495383143424988e-02
9.252928197383880615e-02
1.500848913565278053e-03
1.129789113998413086e+00
1.168021336197853088e-01
5.922229960560798645e-03
6.295688152313232422e-01
3.583249077200889587e-02
3.053925186395645142e-02
2.689563110470771790e-02
5.058353394269943237e-02
4.764447512570768595e-04
1.564771175384521484e+00
4.210954904556274414e-02
7.983422279357910156e-02
4.109886288642883301e-02
2.034835368394851685e-01
1.804210431873798370e-02
3.958294540643692017e-02
3.258824348449707031e-02
3.242569416761398315e-02
3.250347822904586792e-02
2.246666699647903442e-01
1.306640217080712318e-03
1.076520681381225586e+00
1.989585310220718384e-01
5.922819022089242935e-03
6.295825242996215820e-01
3.475425764918327332e-02
2.882939018309116364e-02
3.000348433852195740e-02
4.421854764223098755e-02
2.798582136165350676e-04
1.677848577499389648e+00
1.862346753478050232e-02
2.145944163203239441e-02
6.774356216192245483e-02
2.862821817398071289e-01
1.718971319496631622e-02
4.311630502343177795e-02
5.666675046086311340e-02
3.360458090901374817e-02
3.373810276389122009e-02
2.066119015216827393e-01
1.277396921068429947e-03
9.789921045303344727e-01
2.117448598146438599e-01
5.923322401940822601e-03
6.295911073684692383e-01
3.419519215822219849e-02
2.844505012035369873e-02
2.520263195037841797e-02
5.516592785716056824e-02
2.312915021320804954e-04
2.078988313674926758e+00
2.249469421803951263e-02
3.736708685755729675e-02
4.011245444416999817e-02
2.541987001895904541e-01
1.850040256977081299e-02
4.504000768065452576e-02
8.155863732099533081e-02
3.344637900590896606e-02
3.492530062794685364e-02
2.343281060457229614e-01
1.315615023486316204e-03
1.133216023445129395e+00
1.093644872307777405e-01
5.923091433942317963e-03
6.295946836471557617e-01
4.789431393146514893e-02
4.002808779478073120e-02
2.732232958078384399e-02
5.101814866065979004e-02
2.575906109996140003e-04
1.912188172340393066e+00
4.436087980866432190e-02
5.882463604211807251e-02
3.165141120553016663e-02
1.780362129211425781e-01
3.007792867720127106e-02
3.095862455666065216e-02
3.839179128408432007e-02
2.452910877764225006e-02
2.448135241866111755e-02
2.415473163127899170e-01
1.304382225498557091e-03
1.118189096450805664e+00
1.011542156338691711e-01
3.677086438983678818e-03
2.319638431072235107e-01
6.427229940891265869e-02
5.794528499245643616e-02
4.404597729444503784e-02
4.393284767866134644e-02
2.420357923256233335e-04
1.965550184249877930e+00
1.192445401102304459e-02
4.298130795359611511e-02
3.962763026356697083e-02
1.838312596082687378e-01
2.474368549883365631e-02
4.537931084632873535e-02
3.790049999952316284e-02
5.372508242726325989e-02
5.407234653830528259e-02
2.460125237703323364e-01
1.315470086410641670e-03
1.152989149093627930e+00
1.064405664801597595e-01
1.857809140346944332e-03
2.456114143133163452e-01
8.250455558300018311e-02
6.741110235452651978e-02
6.642678380012512207e-02
4.520211741328239441e-02
1.709557836875319481e-04
2.064332246780395508e+00
2.754453197121620178e-02
7.319883257150650024e-02
3.407203406095504761e-02
1.666356772184371948e-01
2.981696836650371552e-02
3.840457648038864136e-02
2.661313302814960480e-02
3.556875139474868774e-02
3.589087724685668945e-02
2.792870104312896729e-01
1.319330767728388309e-03
1.109128355979919434e+00
1.104488521814346313e-01
1.636905653867870569e-04
1.373853385448455811e-01
8.147693425416946411e-02
6.756790727376937866e-02
7.049161940813064575e-02
5.297781154513359070e-02
2.083190920529887080e-04
2.197458744049072266e+00
2.902163006365299225e-02
8.377639949321746826e-02
3.718638420104980469e-02
2.771030068397521973e-01
2.825763635337352753e-02
3.410591557621955872e-02
3.122141212224960327e-02
3.614999353885650635e-02
3.657893463969230652e-02
3.598045110702514648e-01
1.340990653261542320e-03
1.105804324150085449e+00
1.063019856810569763e-01
4.314460966270416975e-05
8.146051317453384399e-02
9.824582189321517944e-02
9.661921858787536621e-02
6.384922564029693604e-02
4.222227632999420166e-02
4.435225855559110641e-04
2.021800518035888672e+00
3.223444893956184387e-02
6.923454999923706055e-02
2.236189320683479309e-02
2.668074071407318115e-01
3.146563097834587097e-02
2.207313477993011475e-02
2.062754333019256592e-02
2.107529714703559875e-02
2.104573138058185577e-02
3.681318163871765137e-01
1.278236275538802147e-03
1.142616868019104004e+00
8.051053434610366821e-02
1.012342327157966793e-04
9.023725986480712891e-02
5.418527871370315552e-02
4.840170219540596008e-02
3.754540160298347473e-02
2.982613071799278259e-02
4.091504088137298822e-04
2.048067331314086914e+00
1.036705169826745987e-02
3.954600170254707336e-02
1.978763379156589508e-02
2.305582165718078613e-01
1.042632013559341431e-02
2.318081259727478027e-02
2.840233966708183289e-02
1.551542151719331741e-02
1.568798907101154327e-02
3.418892323970794678e-01
1.381151960231363773e-03
1.230026364326477051e+00
6.242821365594863892e-02
1.120481174439191818e-04
9.656964987516403198e-02
6.001273170113563538e-02
5.470107123255729675e-02
5.019562691450119019e-02
2.010492980480194092e-02
5.652227555401623249e-04
2.131586551666259766e+00
9.792341850697994232e-03
4.286643862724304199e-02
1.077098250389099121e-01
2.851278483867645264e-01
1.060976274311542511e-02
6.160824745893478394e-02
3.599924594163894653e-02
3.694731369614601135e-02
3.626903891563415527e-02
2.888210117816925049e-01
1.413804246112704277e-03
1.230623364448547363e+00
5.634589493274688721e-02
4.223434370942413807e-05
1.454503834247589111e-01
1.326506733894348145e-01
1.257260143756866455e-01
1.019861027598381042e-01
3.512513637542724609e-02
1.124270347645506263e-04
1.761842608451843262e+00
1.219153963029384613e-02
2.971026115119457245e-02
1.110151037573814392e-01
3.317266106605529785e-01
9.062834084033966064e-03
8.776897192001342773e-02
3.004132024943828583e-02
6.831099092960357666e-02
6.785704940557479858e-02
1.867218911647796631e-01
1.429025200195610523e-03
1.029399394989013672e+00
5.243242904543876648e-02
8.371126023121178150e-05
1.556252688169479370e-01
1.097116470336914062e-01
1.111605763435363770e-01
9.547047317028045654e-02
4.928298667073249817e-02
1.604509743629023433e-04
1.614367127418518066e+00
1.461843401193618774e-02
5.209833011031150818e-02
4.853181540966033936e-02
1.465108692646026611e-01
1.151423994451761246e-02
2.514770999550819397e-02
2.910012379288673401e-02
2.800775133073329926e-02
1.979065872728824615e-02
2.066871970891952515e-01
1.490187132731080055e-03
1.092463135719299316e+00
5.181508511304855347e-02
7.563700637547299266e-05
1.197169199585914612e-01
8.050526678562164307e-02
5.411850661039352417e-02
5.220740288496017456e-02
3.491052612662315369e-02
1.017024333123117685e-04
1.457883477210998535e+00
2.702958323061466217e-02
6.818323582410812378e-02
1.265761107206344604e-01
2.464383840560913086e-01
1.626870222389698029e-02
7.587660104036331177e-02
4.985019564628601074e-02
5.706304684281349182e-02
5.756391957402229309e-02
2.186921834945678711e-01
1.489205518737435341e-03
1.161521315574645996e+00
4.578544944524765015e-02
9.573741408530622721e-05
8.789638429880142212e-02
1.921278238296508789e-01
1.183110177516937256e-01
6.393808126449584961e-02
3.880052268505096436e-02
2.263691712869331241e-04
1.403283119201660156e+00
2.569735981523990631e-02
5.687094852328300476e-02
1.052118912339210510e-01
2.141057401895523071e-01
1.631337776780128479e-02
6.856401264667510986e-02
4.904868453741073608e-02
5.459119006991386414e-02
5.450467392802238464e-02
2.227297723293304443e-01
1.516376622021198273e-03
1.160036921501159668e+00
4.481213912367820740e-02
6.239592767087742686e-05
1.448329389095306396e-01
1.642979830503463745e-01
1.243646964430809021e-01
6.225762516260147095e-02
4.207313805818557739e-02
1.326838973909616470e-04
1.538184046745300293e+00
4.056508094072341919e-02
7.918262481689453125e-02
9.836824983358383179e-02
2.916402816772460938e-01
2.467646263539791107e-02
8.443957567214965820e-02
6.903238594532012939e-02
5.977796390652656555e-02
5.967002734541893005e-02
2.414816617965698242e-01
1.705844886600971222e-03
1.576794981956481934e+00
4.615692794322967529e-02
7.585174171254038811e-05
1.547114700078964233e-01
1.317583471536636353e-01
1.372575312852859497e-01
8.418343216180801392e-02
4.394584149122238159e-02
1.106743147829547524e-04
8.067805171012878418e-01
2.146795392036437988e-02
4.999700561165809631e-02
6.899949908256530762e-02
2.016794532537460327e-01
1.418865285813808441e-02
4.648403823375701904e-02
3.108181804418563843e-02
3.128610923886299133e-02
4.181011393666267395e-02
1.884667128324508667e-01
2.163141500204801559e-03
2.123510122299194336e+00
4.118262603878974915e-02
1.244309969479218125e-04
1.118296533823013306e-01
8.242319524288177490e-02
7.071308791637420654e-02
8.237744867801666260e-02
4.145721346139907837e-02
1.123290130635723472e-04
7.697509527206420898e-01
2.710079029202461243e-02
5.825196951627731323e-02
4.899701476097106934e-02
2.022077292203903198e-01
1.818447373807430267e-02
3.562929108738899231e-02
4.310648143291473389e-02
2.763019315898418427e-02
2.937996946275234222e-02
2.150709480047225952e-01
1.577095245011150837e-03
1.049331426620483398e+00
4.171945527195930481e-02
6.453884998336434364e-05
8.668988943099975586e-02
1.032153293490409851e-01
7.378058880567550659e-02
6.769053637981414795e-02
4.594169557094573975e-02
1.236180978594347835e-04
3.814477026462554932e-01
2.209374867379665375e-02
3.345850110054016113e-02
1.408241838216781616e-01
2.576336264610290527e-01
1.457638386636972427e-02
9.859970957040786743e-02
3.351279720664024353e-02
8.151146769523620605e-02
1.113805919885635376e-01
1.646885871887207031e-01
2.145543694496154785e-03
1.017181992530822754e+00
4.240426793694496155e-02
1.215490847243927419e-04
5.953526496887207031e-02
4.647098854184150696e-02
3.485431149601936340e-02
3.797865658998489380e-02
4.776240512728691101e-02
1.417048770235851407e-04
2.715965807437896729e-01
1.502605713903903961e-02
2.295226603746414185e-02
8.336984366178512573e-02
1.233733519911766052e-01
1.073884218931198120e-02
6.806322187185287476e-02
1.885049045085906982e-02
5.630179122090339661e-02
5.677312240004539490e-02
1.141444593667984009e-01
1.284676720388233662e-03
9.014580249786376953e-01
4.267977923154830933e-02
1.553891779622063041e-04
2.337190955877304077e-01
4.608105868101119995e-02
3.555646911263465881e-02
4.177471995353698730e-02
4.875799641013145447e-02
1.312577514909207821e-04
1.751204878091812134e-01
2.076702378690242767e-02
1.519057713449001312e-02
3.511553257703781128e-02
9.374962747097015381e-02
1.312220096588134766e-02
3.674643486738204956e-02
2.617396041750907898e-02
3.226496651768684387e-02
3.085697069764137268e-02
5.986129119992256165e-02
1.009395462460815907e-03
7.587454915046691895e-01
4.348482564091682434e-02
1.155079444288276136e-04
6.546423584222793579e-02
3.878275677561759949e-02
3.070949576795101166e-02
2.949436008930206299e-02
5.334562435746192932e-02
1.947341370396316051e-04
4.423203170299530029e-01
2.936641871929168701e-02
1.545278914272785187e-02
3.679899498820304871e-02
1.357792317867279053e-01
1.947596855461597443e-02
3.492048382759094238e-02
3.183897957205772400e-02
3.156049177050590515e-02
3.173086792230606079e-02
5.791262909770011902e-02
1.091250218451023102e-03
7.564978599548339844e-01
5.103697627782821655e-02
1.911315121105872095e-05
3.714686958119273186e-03
4.356856644153594971e-02
4.524017125368118286e-02
2.741782180964946747e-02
4.765179008245468140e-02
1.580909738549962640e-04
5.887192487716674805e-01
1.877297461032867432e-02
2.110095508396625519e-02
3.793952986598014832e-02
1.601217389106750488e-01
1.255430746823549271e-02
3.473284840583801270e-02
2.550124004483222961e-02
3.093562833964824677e-02
3.105903230607509613e-02
7.848291099071502686e-02
1.364030293188989162e-03
9.715794324874877930e-01
7.103063166141510010e-02
4.855980506590640289e-09
7.392878760583698750e-04
4.524274170398712158e-02
3.346894308924674988e-02
2.566020190715789795e-02
6.172652542591094971e-02
1.375404390273615718e-04
5.200993418693542480e-01
1.922925375401973724e-02
2.420789003372192383e-02
5.086787417531013489e-02
9.363117069005966187e-02
1.300706341862678528e-02
3.803241997957229614e-02
2.530156634747982025e-02
4.305090382695198059e-02
3.723362088203430176e-02
9.089693427085876465e-02
1.543662394396960735e-03
1.076529145240783691e+00
7.604666799306869507e-02
4.855980506590640289e-09
8.389606373384594917e-04
4.916806519031524658e-02
3.501561656594276428e-02
2.897620573639869690e-02
5.738501995801925659e-02
1.549898152006790042e-04
2.539649605751037598e-01
1.854365132749080658e-02
1.821683906018733978e-02
4.311802983283996582e-02
1.309020966291427612e-01
1.211081631481647491e-02
3.767213225364685059e-02
2.479322440922260284e-02
3.637387976050376892e-02
3.668618574738502502e-02
8.258526027202606201e-02
1.308979582972824574e-03
9.473821520805358887e-01
7.707864046096801758e-02
4.855980506590640289e-09
8.243175107054412365e-04
4.206492379307746887e-02
3.455725684762001038e-02
3.356186673045158386e-02
5.918287485837936401e-02
1.412997662555426359e-04
1.537881642580032349e-01
1.935860887169837952e-02
1.764655113220214844e-02
3.648815304040908813e-02
1.165511459112167358e-01
1.285432185977697372e-02
3.271652758121490479e-02
2.261548303067684174e-02
3.108590282499790192e-02
3.125550225377082825e-02
6.448727846145629883e-02
1.176177174784243107e-03
9.605740904808044434e-01
8.379427343606948853e-02
4.855980506590640289e-09
9.350369800813496113e-04
4.659122228622436523e-02
3.697724640369415283e-02
2.891722507774829865e-02
4.624003171920776367e-02
1.801170728867873549e-04
9.963989257812500000e-02
2.328726276755332947e-02
1.377566810697317123e-02
3.379611298441886902e-02
1.169157624244689941e-01
1.609565317630767822e-02
2.962545305490493774e-02
2.469889260828495026e-02
2.822811901569366455e-02
2.838020026683807373e-02
5.636990070343017578e-02
7.638008682988584042e-04
6.015732884407043457e-01
8.241566270589828491e-02
4.855980506590640289e-09
3.255499992519617081e-03
5.357920005917549133e-02
4.395775869488716125e-02
2.798134088516235352e-02
5.480659008026123047e-02
2.719611220527440310e-04
8.658777922391891479e-02
2.240453846752643585e-02
1.743921265006065369e-02
4.316432029008865356e-02
1.424405872821807861e-01
1.368497405201196671e-02
3.841076046228408813e-02
2.285637147724628448e-02
3.573971614241600037e-02
3.594549372792243958e-02
6.940243393182754517e-02
6.492555839940905571e-04
4.765155315399169922e-01
8.175420761108398438e-02
4.855980506590640289e-09
3.239567391574382782e-03
1.122551783919334412e-01
1.002433896064758301e-01
4.805263876914978027e-02
4.629673808813095093e-02
3.790361224673688412e-04
2.091673910617828369e-01
2.644154056906700134e-02
1.731234416365623474e-02
4.118069633841514587e-02
1.139088794589042664e-01
1.789698004722595215e-02
3.756192699074745178e-02
2.396992221474647522e-02
3.289403393864631653e-02
3.333868458867073059e-02
5.790362507104873657e-02
9.560822509229183197e-04
4.856664538383483887e-01
8.155534416437149048e-02
4.855980506590640289e-09
3.129949793219566345e-03
1.665714532136917114e-01
1.346625387668609619e-01
9.065751731395721436e-02
4.069690033793449402e-02
5.316340248100459576e-04
2.272950410842895508e-01
2.281261794269084930e-02
1.891546323895454407e-02
3.725948184728622437e-02
1.082252115011215210e-01
1.549957878887653351e-02
3.418735787272453308e-02
2.347886934876441956e-02
3.233950585126876831e-02
3.278232365846633911e-02
5.746532604098320007e-02
7.295118994079530239e-04
5.262938737869262695e-01
8.386031538248062134e-02
1.973322592675685883e-03
8.237772434949874878e-02
1.761873364448547363e-01
1.290700435638427734e-01
8.900969475507736206e-02
4.247706755995750427e-02
3.814229276031255722e-04
1.936385333538055420e-01
2.523094788193702698e-02
1.921000145375728607e-02
4.479702189564704895e-02
1.908861845731735229e-01
1.686117425560951233e-02
4.311890527606010437e-02
4.783057048916816711e-02
3.733025118708610535e-02
3.752687945961952209e-02
4.453558102250099182e-02
1.245101680979132652e-03
5.443230867385864258e-01
1.508137732744216919e-01
3.947036806493997574e-03
8.499291539192199707e-02
1.839670687913894653e-01
1.391862779855728149e-01
1.178146526217460632e-01
5.060613155364990234e-02
4.317083221394568682e-04
1.430441439151763916e-01
6.421059370040893555e-02
4.203642159700393677e-02
5.367364361882209778e-02
1.081884056329727173e-01
3.135540336370468140e-02
4.657347500324249268e-02
2.433206140995025635e-02
4.820058494806289673e-02
4.846096038818359375e-02
2.227963507175445557e-02
6.861891597509384155e-04
5.183616876602172852e-01
9.869261831045150757e-02
3.946570679545402527e-03
8.403795212507247925e-02
6.260970979928970337e-02
4.708920419216156006e-02
6.832231581211090088e-02
4.624523594975471497e-02
4.297384002711623907e-04
1.426519900560379028e-01
8.549160510301589966e-02
3.120664507150650024e-02
9.316641092300415039e-02
1.187116950750350952e-01
3.673705458641052246e-02
9.503804892301559448e-02
2.573806419968605042e-02
8.764573186635971069e-02
8.782885968685150146e-02
1.485669892281293869e-02
1.041836454533040524e-03
7.324208617210388184e-01
9.263137727975845337e-02
3.946706186980009079e-03
8.412612974643707275e-02
5.982498824596405029e-02
4.872679710388183594e-02
4.486832767724990845e-02
5.758155509829521179e-02
3.989844117313623428e-04
1.102871000766754150e-01
4.609221965074539185e-02
2.786404825747013092e-02
8.965453505516052246e-02
1.539787352085113525e-01
2.551279775798320770e-02
8.594068884849548340e-02
3.257433697581291199e-02
8.754231035709381104e-02
8.748062700033187866e-02
1.884437538683414459e-02
7.812053663656115532e-04
5.691171288490295410e-01
9.065170586109161377e-02
3.947256132960319519e-03
8.456057310104370117e-02
4.939823970198631287e-02
4.946049675345420837e-02
2.812213636934757233e-02
5.840173736214637756e-02
4.032656433992087841e-04
1.338744312524795532e-01
4.043539986014366150e-02
2.373962290585041046e-02
5.716448649764060974e-02
9.661580622196197510e-02
2.308866940438747406e-02
5.605766177177429199e-02
2.618190832436084747e-02
5.108969658613204956e-02
5.083378031849861145e-02
1.797818019986152649e-02
7.541204686276614666e-04
5.447953343391418457e-01
8.916107565164566040e-02
3.947864286601543427e-03
8.489704132080078125e-02
9.196030348539352417e-02
9.191122651100158691e-02
7.011631876230239868e-02
6.319023668766021729e-02
3.511190298013389111e-04
1.914893388748168945e-01
3.182798996567726135e-02
1.996559090912342072e-02
4.794236645102500916e-02
1.234681606292724609e-01
2.301442250609397888e-02
4.063192382454872131e-02
2.900272980332374573e-02
4.037965461611747742e-02
4.103186726570129395e-02
1.793120242655277252e-02
1.081075752153992653e-03
8.808834552764892578e-01
8.948034048080444336e-02
3.948168829083442688e-03
8.445513993501663208e-02
8.342366665601730347e-02
7.754958420991897583e-02
5.919267982244491577e-02
5.500459671020507812e-02
3.470112860668450594e-04
1.822209060192108154e-01
3.708868473768234253e-02
3.176311030983924866e-02
5.103544890880584717e-02
1.642906963825225830e-01
2.520961128175258636e-02
4.490573704242706299e-02
3.756510466337203979e-02
3.807096928358078003e-02
3.819967433810234070e-02
2.459852956235408783e-02
9.073413093574345112e-04
8.017777204513549805e-01
9.707013517618179321e-02
3.948173485696315765e-03
8.455383032560348511e-02
5.792478844523429871e-02
5.866970866918563843e-02
4.418369010090827942e-02
4.897062107920646667e-02
3.429458593018352985e-04
1.888231486082077026e-01
2.868350967764854431e-02
2.616550028324127197e-02
7.049377262592315674e-02
1.475528478622436523e-01
2.108697406947612762e-02
5.134213715791702271e-02
3.525535762310028076e-02
4.744648560881614685e-02
4.770557209849357605e-02
2.483874000608921051e-02
8.106724708341062069e-04
5.626150965690612793e-01
9.688839316368103027e-02
3.948066849261522293e-03
8.447705954313278198e-02
3.455878421664237976e-02
3.289752826094627380e-02
2.606487832963466644e-02
4.407986626029014587e-02
3.380341804586350918e-04
1.870710998773574829e-01
2.819779329001903534e-02
2.424346469342708588e-02
6.872177124023437500e-02
1.399056613445281982e-01
1.798065751791000366e-02
5.076417326927185059e-02
3.330285847187042236e-02
4.268736019730567932e-02
4.623599722981452942e-02
2.407082170248031616e-02
8.686870569363236427e-04
7.142171263694763184e-01
1.032337248325347900e-01
3.948245663195848465e-03
1.421853750944137573e-01
3.613240644335746765e-02
3.558742254972457886e-02
2.584657259285449982e-02
5.307374522089958191e-02
3.676884225569665432e-04
2.164975553750991821e-01
3.047231212258338928e-02
2.649592235684394836e-02
7.403618842363357544e-02
1.449284255504608154e-01
1.959384419023990631e-02
6.307951360940933228e-02
3.614906594157218933e-02
5.196995288133621216e-02
5.215248465538024902e-02
2.787543274462223053e-02
9.600518969818949699e-04
6.000304222106933594e-01
1.310849487781524658e-01
1.243619918823242188e-01
5.798684358596801758e-01
3.762378171086311340e-02
3.571081534028053284e-02
2.778637968003749847e-02
5.737494677305221558e-02
3.823991864919662476e-04
2.074382007122039795e-01
3.721388429403305054e-02
3.220575302839279175e-02
8.248876035213470459e-02
1.798824369907379150e-01
2.267773076891899109e-02
7.308667153120040894e-02
4.300177097320556641e-02
6.788394600152969360e-02
6.770623475313186646e-02
3.530570492148399353e-02
7.216096855700016022e-04
5.358706712722778320e-01
1.449941098690032959e-01
1.283080726861953735e-01
5.919175148010253906e-01
4.048107936978340149e-02
3.890266641974449158e-02
2.990991249680519104e-02
5.435365065932273865e-02
3.488789079710841179e-04
1.998659521341323853e-01
5.051533877849578857e-02
4.419722408056259155e-02
7.632471621036529541e-02
1.552527993917465210e-01
2.918182685971260071e-02
6.184139102697372437e-02
3.873141482472419739e-02
6.732548773288726807e-02
6.813537329435348511e-02
4.692098125815391541e-02
1.102493144571781158e-03
6.899170875549316406e-01
1.503705531358718872e-01
1.283072084188461304e-01
5.913305878639221191e-01
3.773107379674911499e-02
3.616096451878547668e-02
2.612767927348613739e-02
5.860245972871780396e-02
3.425300237722694874e-04
2.382379472255706787e-01
5.861099436879158020e-02
5.735023319721221924e-02
8.831282705068588257e-02
1.565280109643936157e-01
3.353635594248771667e-02
7.517912238836288452e-02
3.778873011469841003e-02
7.086060196161270142e-02
7.087895274162292480e-02
5.546871200203895569e-02
7.421488990075886250e-04
4.326789379119873047e-01
1.534802615642547607e-01
1.283098161220550537e-01
5.908988714218139648e-01
3.828747197985649109e-02
3.727347403764724731e-02
2.783251926302909851e-02
6.087517738342285156e-02
3.914981207344681025e-04
3.648907244205474854e-01
6.106903031468391418e-02
5.510973930358886719e-02
1.215871870517730713e-01
1.721745282411575317e-01
3.308696672320365906e-02
1.059954836964607239e-01
3.887108340859413147e-02
9.869132936000823975e-02
9.714703261852264404e-02
6.109787896275520325e-02
7.188614690676331520e-04
4.434830844402313232e-01
1.581702530384063721e-01
1.283115297555923462e-01
5.905606150627136230e-01
3.936492651700973511e-02
3.586139529943466187e-02
3.153252601623535156e-02
7.058390229940414429e-02
3.768332826439291239e-04
4.101035296916961670e-01
6.282628327608108521e-02
5.994946509599685669e-02
1.336589008569717407e-01
1.655907928943634033e-01
3.263773769140243530e-02
1.104369610548019409e-01
4.092023521661758423e-02
9.504448622465133667e-02
9.562676399946212769e-02
6.633184850215911865e-02
5.832008318975567818e-04
4.030165970325469971e-01
1.631197482347488403e-01
1.283142268657684326e-01
5.905500054359436035e-01
4.076781496405601501e-02
3.770643472671508789e-02
3.315670415759086609e-02
8.241433650255203247e-02
3.445690381340682507e-04
3.833460211753845215e-01
7.575840502977371216e-02
7.105019688606262207e-02
1.106780394911766052e-01
1.566663682460784912e-01
3.795732930302619934e-02
9.115316718816757202e-02
3.949283063411712646e-02
8.497573435306549072e-02
8.939512073993682861e-02
8.258997648954391479e-02
5.720871849916875362e-04
4.017015993595123291e-01
1.683568209409713745e-01
1.283164322376251221e-01
5.912945866584777832e-01
4.052545502781867981e-02
3.718352317810058594e-02
3.217043727636337280e-02
9.367316961288452148e-02
3.520795144140720367e-04
4.194722473621368408e-01
8.530163019895553589e-02
8.387470245361328125e-02
1.125893965363502502e-01
1.850661486387252808e-01
4.137903824448585510e-02
9.540011733770370483e-02
4.145478084683418274e-02
8.957566320896148682e-02
9.012198448181152344e-02
9.266883134841918945e-02
5.154831451363861561e-04
3.637938201427459717e-01
1.786656528711318970e-01
1.283157765865325928e-01
5.912922620773315430e-01
4.023684561252593994e-02
3.833471983671188354e-02
3.198821842670440674e-02
1.146838292479515076e-01
3.568875836208462715e-04
5.326317548751831055e-01
9.581683576107025146e-02
9.160560369491577148e-02
1.274906694889068604e-01
1.840566247701644897e-01
4.395572468638420105e-02
1.085104048252105713e-01
4.069168120622634888e-02
1.019921898841857910e-01
1.023277193307876587e-01
1.024814322590827942e-01
5.746776587329804897e-04
3.762459158897399902e-01
1.905746161937713623e-01
1.283112764358520508e-01
5.912871360778808594e-01
4.047278687357902527e-02
3.690659999847412109e-02
3.410015627741813660e-02
1.271102577447891235e-01
3.611877909861505032e-04
4.216473102569580078e-01
1.114942878484725952e-01
1.073778942227363586e-01
1.412740945816040039e-01
2.094351947307586670e-01
5.137296393513679504e-02
8.557973802089691162e-02
4.662262648344039917e-02
1.092730239033699036e-01
1.094714701175689697e-01
1.196181103587150574e-01
5.446368013508617878e-04
3.898904919624328613e-01
2.007977217435836792e-01
1.283161640167236328e-01
5.912923216819763184e-01
4.708082973957061768e-02
4.194021224975585938e-02
3.710619732737541199e-02
1.434143781661987305e-01
3.559300967026501894e-04
4.463756680488586426e-01
1.305101215839385986e-01
1.253300607204437256e-01
1.549325883388519287e-01
2.059766650199890137e-01
5.984168499708175659e-02
1.241213679313659668e-01
4.653038457036018372e-02
1.043071374297142029e-01
1.035647019743919373e-01
1.367157697677612305e-01
5.431092577055096626e-04
3.596186935901641846e-01
2.026768922805786133e-01
1.283169537782669067e-01
5.912926793098449707e-01
4.346719384193420410e-02
3.889066353440284729e-02
3.670299425721168518e-02
1.753397881984710693e-01
2.903835265897214413e-04
5.713793635368347168e-01
1.561765968799591064e-01
1.522873342037200928e-01
1.966941505670547485e-01
2.021855562925338745e-01
7.009659707546234131e-02
1.632227748632431030e-01
4.385251924395561218e-02
1.564981937408447266e-01
1.569775938987731934e-01
1.603178530931472778e-01
5.233525298535823822e-04
3.777374327182769775e-01
2.056575119495391846e-01
1.283174008131027222e-01
5.912907123565673828e-01
4.486320167779922485e-02
4.141737520694732666e-02
3.329165279865264893e-02
1.833654195070266724e-01
3.115446888841688633e-04
4.934471547603607178e-01
1.891527324914932251e-01
1.794677972793579102e-01
2.301165312528610229e-01
2.034950703382492065e-01
8.361303806304931641e-02
1.772686392068862915e-01
4.429581761360168457e-02
1.725697964429855347e-01
1.732791811227798462e-01
1.853772252798080444e-01
6.542605115100741386e-04
4.602767527103424072e-01
2.113690823316574097e-01
1.283200532197952271e-01
5.912958979606628418e-01
4.814144596457481384e-02
4.629557952284812927e-02
3.630061820149421692e-02
2.221554368734359741e-01
2.817666681949049234e-04
4.714034497737884521e-01
2.130246460437774658e-01
2.053269147872924805e-01
2.688180208206176758e-01
2.075381278991699219e-01
9.484163671731948853e-02
2.252874672412872314e-01
4.664037749171257019e-02
2.126976698637008667e-01
2.135456204414367676e-01
2.097113281488418579e-01
7.475067977793514729e-04
4.568148255348205566e-01
2.011820524930953979e-01
1.283177286386489868e-01
5.912936329841613770e-01
5.676314234733581543e-02
5.468453839421272278e-02
4.121773689985275269e-02
2.490228861570358276e-01
3.216959594283252954e-04
4.488670825958251953e-01
2.321813404560089111e-01
2.231495976448059082e-01
2.927690148353576660e-01
2.078590840101242065e-01
1.040505021810531616e-01
2.424972206354141235e-01
4.627012833952903748e-02
2.285819798707962036e-01
2.301888912916183472e-01
2.254494279623031616e-01
8.260143222287297249e-04
5.525265932083129883e-01
2.035044729709625244e-01
1.283150017261505127e-01
5.912855863571166992e-01
5.792774632573127747e-02
5.435344204306602478e-02
4.400831088423728943e-02
2.629382908344268799e-01
2.935169031843543053e-04
4.542641043663024902e-01
2.321943044662475586e-01
2.248434126377105713e-01
3.001517653465270996e-01
2.188234329223632812e-01
1.038923710584640503e-01
2.472160160541534424e-01
4.731681942939758301e-02
2.351658046245574951e-01
2.358054667711257935e-01
2.420908361673355103e-01
7.391679682768881321e-04
4.068675637245178223e-01
2.129974812269210815e-01
1.283144503831863403e-01
5.912879109382629395e-01
5.407170578837394714e-02
4.921033233404159546e-02
4.696547985076904297e-02
2.552695870399475098e-01
2.823255490511655807e-04
4.216926097869873047e-01
2.453647553920745850e-01
2.391293197870254517e-01
3.241889178752899170e-01
2.110284119844436646e-01
1.105029135942459106e-01
2.619796395301818848e-01
4.633630067110061646e-02
2.508388161659240723e-01
2.533844113349914551e-01
2.628456950187683105e-01
7.334916735999286175e-04
4.533620476722717285e-01
2.115612924098968506e-01
1.283145844936370850e-01
6.054684519767761230e-01
5.669822171330451965e-02
5.181322619318962097e-02
5.140805244445800781e-02
2.663920819759368896e-01
2.595063706394284964e-04
4.585847854614257812e-01
2.482981681823730469e-01
2.469448149204254150e-01
3.395846188068389893e-01
2.180040627717971802e-01
1.121678575873374939e-01
2.698941826820373535e-01
4.855107143521308899e-02
2.587959170341491699e-01
2.590402066707611084e-01
2.708956301212310791e-01
5.170282674953341484e-04
5.207670331001281738e-01
2.236057966947555542e-01
1.283127069473266602e-01
6.378847956657409668e-01
6.492368876934051514e-02
5.632966011762619019e-02
6.580595672130584717e-02
2.798521816730499268e-01
2.640693564899265766e-04
4.539742171764373779e-01
2.665404975414276123e-01
2.607215642929077148e-01
2.747476696968078613e-01
2.033396661281585693e-01
1.204964518547058105e-01
2.122681885957717896e-01
4.619912430644035339e-02
1.966571360826492310e-01
1.973901093006134033e-01
2.941613495349884033e-01
7.194395875558257103e-04
6.009026169776916504e-01
2.288522273302078247e-01
1.302872896194458008e-01
7.536621093750000000e-01
8.278764039278030396e-02
7.659593224525451660e-02
8.374359458684921265e-02
2.953366339206695557e-01
2.677258453331887722e-04
4.746969342231750488e-01
2.729212641716003418e-01
2.676765322685241699e-01
3.089996278285980225e-01
2.364926636219024658e-01
1.237622871994972229e-01
2.536568045616149902e-01
5.112792178988456726e-02
2.477677613496780396e-01
2.422847002744674683e-01
3.025074303150177002e-01
6.660949438810348511e-04
6.293409466743469238e-01
2.422592490911483765e-01
1.342335790395736694e-01
8.018128275871276855e-01
1.286942809820175171e-01
1.252695471048355103e-01
1.245240047574043274e-01
2.987483739852905273e-01
2.443715347908437252e-04
4.872467815876007080e-01
2.683801054954528809e-01
2.652668654918670654e-01
3.524484038352966309e-01
3.039457201957702637e-01
1.199346482753753662e-01
2.967091500759124756e-01
6.355705112218856812e-02
2.980580925941467285e-01
2.909534871578216553e-01
3.000914752483367920e-01
7.035906310193240643e-04
6.452478766441345215e-01
2.612244188785552979e-01
1.342366635799407959e-01
8.077403306961059570e-01
1.261111497879028320e-01
1.184994354844093323e-01
1.203390508890151978e-01
3.085803389549255371e-01
3.068522200919687748e-04
4.857064187526702881e-01
2.937819063663482666e-01
2.931180894374847412e-01
3.516197204589843750e-01
2.843440175056457520e-01
1.341879963874816895e-01
2.950873076915740967e-01
6.322170048952102661e-02
2.835540771484375000e-01
2.858083844184875488e-01
3.250378370285034180e-01
7.124566473066806793e-04
6.019396185874938965e-01
2.830862402915954590e-01
1.342333704233169556e-01
8.137711882591247559e-01
8.508682250976562500e-02
8.033093065023422241e-02
7.865806668996810913e-02
3.233062326908111572e-01
3.126334922853857279e-04
4.920183718204498291e-01
3.228145241737365723e-01
3.190414309501647949e-01
3.875005841255187988e-01
2.699823975563049316e-01
1.432009935379028320e-01
3.249732553958892822e-01
5.508264899253845215e-02
3.125995397567749023e-01
3.107091486454010010e-01
3.474225103855133057e-01
7.904610247351229191e-04
7.421041131019592285e-01
2.893921434879302979e-01
1.342354863882064819e-01
8.137766718864440918e-01
5.825008079409599304e-02
5.773367360234260559e-02
6.845317780971527100e-02
3.237781524658203125e-01
2.638735168147832155e-04
4.739247262477874756e-01
3.568670451641082764e-01
3.598971068859100342e-01
3.846454620361328125e-01
2.393300235271453857e-01
1.555018275976181030e-01
3.229712247848510742e-01
4.933509975671768188e-02
3.147143721580505371e-01
3.100632131099700928e-01
3.741599619388580322e-01
6.561501068063080311e-04
5.967379808425903320e-01
3.301239311695098877e-01
1.342340260744094849e-01
8.137816190719604492e-01
4.904213920235633850e-02
4.978666827082633972e-02
1.028605177998542786e-01
3.611329793930053711e-01
2.906119043473154306e-04
4.720753729343414307e-01
4.929119646549224854e-01
4.850223064422607422e-01
3.413296639919281006e-01
2.620576024055480957e-01
2.428229600191116333e-01
2.928017973899841309e-01
6.480731815099716187e-02
2.809044420719146729e-01
2.828536331653594971e-01
6.217834353446960449e-01
6.246638367883861065e-04
5.799510478973388672e-01
3.373075127601623535e-01
1.342305243015289307e-01
8.137730956077575684e-01
1.944264471530914307e-01
1.615579426288604736e-01
9.168958663940429688e-02
4.459496438503265381e-01
2.977350377477705479e-04
4.774167239665985107e-01
5.109316706657409668e-01
5.102453827857971191e-01
3.664663434028625488e-01
3.825200796127319336e-01
2.622169256210327148e-01
3.109095096588134766e-01
8.398485183715820312e-02
2.907142043113708496e-01
2.939712405204772949e-01
6.142594218254089355e-01
5.203710170462727547e-04
4.798413813114166260e-01
3.428709506988525391e-01
1.342328637838363647e-01
8.137782216072082520e-01
9.947681427001953125e-02
1.019776910543441772e-01
7.405383139848709106e-02
5.972021818161010742e-01
2.613585384096950293e-04
5.193814039230346680e-01
7.310822010040283203e-01
7.437816858291625977e-01
3.310424685478210449e-01
8.247333765029907227e-01
3.424591422080993652e-01
2.827064096927642822e-01
1.645956486463546753e-01
2.553022801876068115e-01
2.729866802692413330e-01
8.066947460174560547e-01
6.204094970598816872e-04
5.129562020301818848e-01
3.341640830039978027e-01
1.342275887727737427e-01
8.137688636779785156e-01
6.823948770761489868e-02
6.533096730709075928e-02
5.168348178267478943e-02
7.313820719718933105e-01
2.620404993649572134e-04
5.396185517311096191e-01
6.501965522766113281e-01
6.254342794418334961e-01
2.974043488502502441e-01
6.292508244514465332e-01
3.400167822837829590e-01
2.225838601589202881e-01
1.542540490627288818e-01
2.107898592948913574e-01
2.128788679838180542e-01
7.414286732673645020e-01
5.945385200902819633e-04
4.815647006034851074e-01
3.512020111083984375e-01
1.342298090457916260e-01
8.137784004211425781e-01
4.974305629730224609e-02
6.075026839971542358e-02
3.286891803145408630e-02
7.725828289985656738e-01
2.984126913361251354e-04
5.683338046073913574e-01
5.476132631301879883e-01
5.749459862709045410e-01
2.146701812744140625e-01
4.649170339107513428e-01
2.602177262306213379e-01
1.487601250410079956e-01
1.179099306464195251e-01
1.504472941160202026e-01
1.514323055744171143e-01
6.807389855384826660e-01
6.030687945894896984e-04
5.504753589630126953e-01
3.612390160560607910e-01
1.342324763536453247e-01
8.137813806533813477e-01
3.274863213300704956e-02
3.576727211475372314e-02
3.496110066771507263e-02
7.089506983757019043e-01
3.512299736030399799e-04
5.413104295730590820e-01
5.094563364982604980e-01
5.340586900711059570e-01
2.154172211885452271e-01
3.529567122459411621e-01
2.282599657773971558e-01
2.079411000013351440e-01
7.311566174030303955e-02
2.084681838750839233e-01
1.826593577861785889e-01
6.774504184722900391e-01
6.480801384896039963e-04
5.303504467010498047e-01
3.798274099826812744e-01
1.342318356037139893e-01
8.137742877006530762e-01
3.160768374800682068e-02
2.886075340211391449e-02
3.173392266035079956e-02
5.602950453758239746e-01
3.254610055591911077e-04
6.165111660957336426e-01
5.297791361808776855e-01
5.379134416580200195e-01
2.618566751480102539e-01
1.739222258329391479e-01
2.112052142620086670e-01
1.849020421504974365e-01
7.426732778549194336e-02
2.070813626050949097e-01
2.039050757884979248e-01
6.636735200881958008e-01
5.663422634825110435e-04
6.820049881935119629e-01
3.359056115150451660e-01
1.342338770627975464e-01
8.137848377227783203e-01
3.072994574904441833e-02
2.927662618458271027e-02
2.750915661454200745e-02
5.460969209671020508e-01
4.031332791782915592e-04
6.663377881050109863e-01
5.490805506706237793e-01
6.140839457511901855e-01
2.193574458360671997e-01
3.356496691703796387e-01
2.191667556762695312e-01
1.058437228202819824e-01
9.726592153310775757e-02
1.116089448332786560e-01
1.126302108168601990e-01
7.059162259101867676e-01
6.711042369715869427e-04
5.727796554565429688e-01
3.547865450382232666e-01
1.342360228300094604e-01
8.137851953506469727e-01
3.006255626678466797e-02
2.772706188261508942e-02
2.777122333645820618e-02
4.639118611812591553e-01
4.448684921953827143e-04
7.817310094833374023e-01
6.065316796302795410e-01
6.603295207023620605e-01
2.563197314739227295e-01
2.770734429359436035e-01
2.476986050605773926e-01
1.622884571552276611e-01
7.036317139863967896e-02
1.673121452331542969e-01
1.672627329826354980e-01
7.427289485931396484e-01
6.435473333112895489e-04
4.984334409236907959e-01
3.742682039737701416e-01
1.342349052429199219e-01
8.137784004211425781e-01
3.007591888308525085e-02
2.753442525863647461e-02
3.117888793349266052e-02
4.676030576229095459e-01
2.706117811612784863e-04
9.570454955101013184e-01
5.769974589347839355e-01
6.423057317733764648e-01
2.124540656805038452e-01
4.840167462825775146e-01
2.259152680635452271e-01
1.972834765911102295e-01
8.394695073366165161e-02
1.551252901554107666e-01
1.558922529220581055e-01
8.386490941047668457e-01
5.337423644959926605e-04
4.028241336345672607e-01
3.824969828128814697e-01
1.342374384403228760e-01
8.137792944908142090e-01
2.920388057827949524e-02
2.672708593308925629e-02
2.924297004938125610e-02
4.426246285438537598e-01
2.923260908573865891e-04
8.795512914657592773e-01
7.060092687606811523e-01
7.903662919998168945e-01
2.254707962274551392e-01
6.376487016677856445e-01
2.693589627742767334e-01
1.429133713245391846e-01
1.190026178956031799e-01
1.489685773849487305e-01
1.499902158975601196e-01
9.860815405845642090e-01
5.582032026723027229e-04
3.929320871829986572e-01
3.841406404972076416e-01
1.342344284057617188e-01
8.137726783752441406e-01
2.913400903344154358e-02
2.637806907296180725e-02
3.231714293360710144e-02
4.498878121376037598e-01
5.315308808349072933e-04
1.009869813919067383e+00
7.229481935501098633e-01
8.287627100944519043e-01
2.739358544349670410e-01
4.404857158660888672e-01
2.801547348499298096e-01
1.603572964668273926e-01
8.200625330209732056e-02
1.724843233823776245e-01
1.718477159738540649e-01
1.040729403495788574e+00
8.653220720589160919e-04
4.509253799915313721e-01
3.920930325984954834e-01
1.342345178127288818e-01
8.137741088867187500e-01
3.241840004920959473e-02
2.594527229666709900e-02
3.329656645655632019e-02
4.941890239715576172e-01
3.301246906630694866e-04
1.308431029319763184e+00
7.095460295677185059e-01
8.251705169677734375e-01
3.163615763187408447e-01
4.821020662784576416e-01
2.680329680442810059e-01
1.821869015693664551e-01
9.028859436511993408e-02
1.878000497817993164e-01
1.895145177841186523e-01
1.095498800277709961e+00
7.946728728711605072e-04
4.659909605979919434e-01
4.200784265995025635e-01
1.342373192310333252e-01
8.137803077697753906e-01
3.288130089640617371e-02
3.051563911139965057e-02
3.148818016052246094e-02
4.512243866920471191e-01
5.943519645370543003e-04
1.493356585502624512e+00
6.943497061729431152e-01
8.162156939506530762e-01
3.241361081600189209e-01
3.592247664928436279e-01
2.680273056030273438e-01
1.903782337903976440e-01
8.760868012905120850e-02
2.268747985363006592e-01
2.277088463306427002e-01
1.107464790344238281e+00
9.897666750475764275e-04
4.471014440059661865e-01
4.118658602237701416e-01
1.342385262250900269e-01
8.137862086296081543e-01
6.213717162609100342e-02
4.764055088162422180e-02
3.356916084885597229e-02
4.603295922279357910e-01
5.516969831660389900e-04
1.269357085227966309e+00
7.718308568000793457e-01
9.206537604331970215e-01
4.199999868869781494e-01
4.971334338188171387e-01
2.911477386951446533e-01
2.221606373786926270e-01
9.544359892606735229e-02
2.313611656427383423e-01
2.323318272829055786e-01
1.208861351013183594e+00
7.164162816479802132e-04
4.373169839382171631e-01
4.249784350395202637e-01
1.342395246028900146e-01
8.137906193733215332e-01
8.031369745731353760e-02
7.013698667287826538e-02
6.342994421720504761e-02
5.088528394699096680e-01
5.265197833068668842e-04
1.543566942214965820e+00
8.559607267379760742e-01
1.022159099578857422e+00
4.368475973606109619e-01
5.541362166404724121e-01
3.344557583332061768e-01
2.288586348295211792e-01
1.153865680098533630e-01
2.388698905706405640e-01
2.409489899873733521e-01
1.406143188476562500e+00
6.311142933554947376e-04
4.539215862751007080e-01
3.192114233970642090e-01
1.342352926731109619e-01
8.137806653976440430e-01
8.381484448909759521e-02
7.632642984390258789e-02
6.105212494730949402e-02
5.077112913131713867e-01
6.393227376975119114e-04
1.765777826309204102e+00
8.329685926437377930e-01
1.011278629302978516e+00
4.343737959861755371e-01
7.792960405349731445e-01
3.159366250038146973e-01
2.605194449424743652e-01
1.701500415802001953e-01
2.691788971424102783e-01
2.727330625057220459e-01
1.539542794227600098e+00
6.632235599681735039e-04
4.788625836372375488e-01
3.972461819648742676e-01
1.342345625162124634e-01
8.137873411178588867e-01
6.885727494955062866e-02
6.417416036128997803e-02
4.678524285554885864e-02
5.501864552497863770e-01
7.266830070875585079e-04
2.121048688888549805e+00
9.071537256240844727e-01
1.055675029754638672e+00
4.593741595745086670e-01
8.561975359916687012e-01
3.497792780399322510e-01
2.980614006519317627e-01
1.851640045642852783e-01
2.742721140384674072e-01
2.743317186832427979e-01
1.518562197685241699e+00
5.603654426522552967e-04
4.496831297874450684e-01
3.491140902042388916e-01
1.342384070158004761e-01
8.137959241867065430e-01
4.911249503493309021e-02
5.059204623103141785e-02
3.629318997263908386e-02
5.334901213645935059e-01
6.499807350337505341e-04
2.008352041244506836e+00
1.002028703689575195e+00
1.185832381248474121e+00
5.202170610427856445e-01
7.987335920333862305e-01
3.915818929672241211e-01
2.985366284847259521e-01
2.268324345350265503e-01
3.080693483352661133e-01
3.100128471851348877e-01
1.699527502059936523e+00
6.702748942188918591e-04
4.737192690372467041e-01
4.262600839138031006e-01
1.342386007308959961e-01
8.137898445129394531e-01
4.235063120722770691e-02
3.578085452318191528e-02
4.494525864720344543e-02
5.312511920928955078e-01
9.271119488403201103e-04
1.895969748497009277e+00
9.702391624450683594e-01
1.162747025489807129e+00
5.794256329536437988e-01
8.510575890541076660e-01
3.708430230617523193e-01
3.338025510311126709e-01
1.953467875719070435e-01
3.650156557559967041e-01
3.657398819923400879e-01
1.769966125488281250e+00
7.125988486222922802e-04
8.719366192817687988e-01
3.609036803245544434e-01
1.342390179634094238e-01
8.097606897354125977e-01
1.149852424860000610e-01
1.084184199571609497e-01
1.147061735391616821e-01
5.904523134231567383e-01
6.677898927591741085e-04
1.770650267601013184e+00
8.888535499572753906e-01
1.162868380546569824e+00
6.756634712219238281e-01
9.055272340774536133e-01
3.424259126186370850e-01
4.135974645614624023e-01
1.585963517427444458e-01
4.194305539131164551e-01
4.243047237396240234e-01
1.862698912620544434e+00
8.827743004076182842e-04
6.638936400413513184e-01
3.698588311672210693e-01
1.342377066612243652e-01
8.081772327423095703e-01
1.421090513467788696e-01
1.287563443183898926e-01
1.264431774616241455e-01
4.758010208606719971e-01
7.004080689512193203e-04
1.738950490951538086e+00
7.697439789772033691e-01
9.556752443313598633e-01
7.369409203529357910e-01
9.159536957740783691e-01
2.760864198207855225e-01
4.575913250446319580e-01
1.136647611856460571e-01
4.741808474063873291e-01
4.754504561424255371e-01
1.693429112434387207e+00
9.582264465279877186e-04
7.585057020187377930e-01
3.354687094688415527e-01
1.342381685972213745e-01
8.088887333869934082e-01
1.401638686656951904e-01
1.272993981838226318e-01
1.198458224534988403e-01
4.003262221813201904e-01
8.371601579710841179e-04
1.667819023132324219e+00
6.664387583732604980e-01
8.935223817825317383e-01
1.076659917831420898e+00
7.079997062683105469e-01
2.355739474296569824e-01
6.813961863517761230e-01
9.077590703964233398e-02
6.913737654685974121e-01
6.963172554969787598e-01
1.422385215759277344e+00
7.733355159871280193e-04
7.108952999114990234e-01
2.642978429794311523e-01
1.313950121402740479e-01
7.517110109329223633e-01
1.001430377364158630e-01
8.251740038394927979e-02
8.797151595354080200e-02
4.329414963722229004e-01
9.364111465401947498e-04
1.735920310020446777e+00
6.884072422981262207e-01
8.496595025062561035e-01
7.567116618156433105e-01
7.004948258399963379e-01
2.239315807819366455e-01
5.045941472053527832e-01
7.094820588827133179e-02
5.147206783294677734e-01
5.193665027618408203e-01
1.266927599906921387e+00
7.468334515579044819e-04
7.025314569473266602e-01
2.631664872169494629e-01
1.291811317205429077e-01
7.100403308868408203e-01
6.754862517118453979e-02
5.647746846079826355e-02
4.952759295701980591e-02
3.645250797271728516e-01
9.555279393680393696e-04
1.920096993446350098e+00
6.651395559310913086e-01
8.760980963706970215e-01
5.219399333000183105e-01
8.441458344459533691e-01
2.432583868503570557e-01
2.884793877601623535e-01
9.875971078872680664e-02
3.407157361507415771e-01
3.448952734470367432e-01
1.245215296745300293e+00
6.884387694299221039e-04
7.441918849945068359e-01
2.493917793035507202e-01
1.291463822126388550e-01
7.089015245437622070e-01
8.322105556726455688e-02
7.771661132574081421e-02
6.001480296254158020e-02
3.828251659870147705e-01
6.612993893213570118e-04
1.759581446647644043e+00
7.149204015731811523e-01
8.999177217483520508e-01
5.680631995201110840e-01
1.216724634170532227e+00
2.422710210084915161e-01
2.488728910684585571e-01
9.613349288702011108e-02
3.110066652297973633e-01
3.147084712982177734e-01
1.281857490539550781e+00
9.859768906608223915e-04
8.342638611793518066e-01
2.442280501127243042e-01
1.292038857936859131e-01
7.028808593750000000e-01
1.379888802766799927e-01
1.323501765727996826e-01
1.259647160768508911e-01
4.165522158145904541e-01
4.360437160357832909e-04
1.953721523284912109e+00
8.119429349899291992e-01
9.936621785163879395e-01
6.279227733612060547e-01
9.728044867515563965e-01
2.766923308372497559e-01
3.901950418949127197e-01
1.386484652757644653e-01
4.086814224720001221e-01
3.459111750125885010e-01
1.995956420898437500e+00
9.436847758479416370e-04
7.311282157897949219e-01
2.344765663146972656e-01
1.298126429319381714e-01
7.136539816856384277e-01
1.059567555785179138e-01
9.242710471153259277e-02
9.799455106258392334e-02
3.840148448944091797e-01
4.205704317428171635e-04
1.795070886611938477e+00
7.125258445739746094e-01
8.670490980148315430e-01
6.770350337028503418e-01
9.224535822868347168e-01
2.460734546184539795e-01
3.525516092777252197e-01
1.046810373663902283e-01
3.687345087528228760e-01
3.703452646732330322e-01
1.491168022155761719e+00
8.623463218100368977e-04
7.639617919921875000e-01
2.321899533271789551e-01
1.293669342994689941e-01
7.107072472572326660e-01
6.952171027660369873e-02
6.665177643299102783e-02
6.352196633815765381e-02
3.762229382991790771e-01
4.164089623373001814e-04
1.578384160995483398e+00
7.014338970184326172e-01
8.795469403266906738e-01
7.181907892227172852e-01
8.541421294212341309e-01
2.423397749662399292e-01
4.141329228878021240e-01
9.903807938098907471e-02
3.809019923210144043e-01
4.263361990451812744e-01
1.543827295303344727e+00
9.848354384303092957e-04
6.408693790435791016e-01
2.487284839153289795e-01
1.298394352197647095e-01
7.113374471664428711e-01
5.977978557348251343e-02
4.506107419729232788e-02
4.771199822425842285e-02
3.784658610820770264e-01
4.206321900710463524e-04
1.908591866493225098e+00
6.560408473014831543e-01
8.004657030105590820e-01
7.904427647590637207e-01
8.040175437927246094e-01
2.107523530721664429e-01
4.625034332275390625e-01
9.027691930532455444e-02
4.141575396060943604e-01
4.151308834552764893e-01
1.376833558082580566e+00
7.641542470082640648e-04
6.459069252014160156e-01
2.636789679527282715e-01
1.301127225160598755e-01
7.119964361190795898e-01
4.383260756731033325e-02
3.669287636876106262e-02
3.753047063946723938e-02
3.796645998954772949e-01
4.147127910982817411e-04
1.653123259544372559e+00
7.007035613059997559e-01
8.616322278976440430e-01
8.879690766334533691e-01
7.057785987854003906e-01
2.224919497966766357e-01
4.967778027057647705e-01
8.588442206382751465e-02
5.303300023078918457e-01
5.168504118919372559e-01
1.441179871559143066e+00
6.021953304298222065e-04
6.909000277519226074e-01
2.377560436725616455e-01
1.310800760984420776e-01
7.166895866394042969e-01
3.846618533134460449e-02
3.152011707425117493e-02
3.122604452073574066e-02
3.466740548610687256e-01
3.867532650474458933e-04
7.942322492599487305e-01
7.394947409629821777e-01
8.950790166854858398e-01
1.072336554527282715e+00
6.550596356391906738e-01
2.500877976417541504e-01
5.718621015548706055e-01
8.794119954109191895e-02
6.722531914710998535e-01
5.536127686500549316e-01
1.393415689468383789e+00
7.077250629663467407e-04
7.632552385330200195e-01
2.337106466293334961e-01
1.300731897354125977e-01
6.419753432273864746e-01
3.590663149952888489e-02
3.116684220731258392e-02
2.965005859732627869e-02
4.002629220485687256e-01
3.814971714746206999e-04
2.591211199760437012e-01
3.763239383697509766e-01
4.064627587795257568e-01
9.830974340438842773e-01
5.894325971603393555e-01
1.161312237381935120e-01
5.885445475578308105e-01
5.556036904454231262e-02
5.970624685287475586e-01
6.017382740974426270e-01
1.109494805335998535e+00
6.016817642375826836e-04
6.754661202430725098e-01
2.462093234062194824e-01
1.518266554921865463e-02
4.905666708946228027e-01
3.874788805842399597e-02
3.263969346880912781e-02
3.608196228742599487e-02
3.836275339126586914e-01
4.512172308750450611e-04
3.056039810180664062e-01
3.057833313941955566e-01
4.495186507701873779e-01
1.026325345039367676e+00
5.773709416389465332e-01
1.295005530118942261e-01
5.982754230499267578e-01
5.718634277582168579e-02
5.972960591316223145e-01
6.001212596893310547e-01
1.061067819595336914e+00
6.262204842641949654e-04
6.342920064926147461e-01
2.003974020481109619e-01
9.701312519609928131e-03
2.455993890762329102e-01
3.824363276362419128e-02
3.330232575535774231e-02
3.226386755704879761e-02
2.815510928630828857e-01
4.624071589205414057e-04
2.416886836290359497e-01
2.928514480590820312e-01
4.995568096637725830e-01
8.204066157341003418e-01
4.972003400325775146e-01
1.447796523571014404e-01
4.381299614906311035e-01
5.568162724375724792e-02
4.155564606189727783e-01
3.875700235366821289e-01
8.015107512474060059e-01
9.445801842957735062e-04
7.260872125625610352e-01
2.738676071166992188e-01
8.166341111063957214e-03
2.227591574192047119e-01
3.547795489430427551e-02
2.889458835124969482e-02
3.025298193097114563e-02
2.376945614814758301e-01
5.336160538718104362e-04
1.593645364046096802e-01
3.847202956676483154e-01
4.208763539791107178e-01
6.087374687194824219e-01
5.141632556915283203e-01
4.634467512369155884e-02
3.506622314453125000e-01
5.195085704326629639e-02
2.657781243324279785e-01
2.669233679771423340e-01
6.462450623512268066e-01
1.056881621479988098e-03
6.781021952629089355e-01
2.693057060241699219e-01
9.192940779030323029e-03
2.455272972583770752e-01
3.310900181531906128e-02
2.716990374028682709e-02
2.746466174721717834e-02
2.210680693387985229e-01
4.951045848429203033e-04
1.074540242552757263e-01
3.238212466239929199e-01
3.766044974327087402e-01
5.371873974800109863e-01
5.631425976753234863e-01
1.178286075592041016e-01
3.291170895099639893e-01
5.605710670351982117e-02
2.807932496070861816e-01
2.839303016662597656e-01
5.737698078155517578e-01
8.991255308501422405e-04
6.417421698570251465e-01
2.589660286903381348e-01
9.089941158890724182e-03
2.272619903087615967e-01
3.437342122197151184e-02
2.829221822321414948e-02
3.046904876828193665e-02
2.064615041017532349e-01
4.632549243979156017e-04
7.877008616924285889e-02
3.507829904556274414e-01
4.172401428222656250e-01
3.681348562240600586e-01
4.794972836971282959e-01
1.155380979180335999e-01
1.968496143817901611e-01
4.837364330887794495e-02
1.976213455200195312e-01
2.019081115722656250e-01
6.227568984031677246e-01
7.932248408906161785e-04
7.982684373855590820e-01
3.294401764869689941e-01
7.565231062471866608e-03
2.238767892122268677e-01
3.446423262357711792e-02
2.991952002048492432e-02
3.009886480867862701e-02
1.532654762268066406e-01
4.296413972042500973e-04
8.303152024745941162e-02
2.941443026065826416e-01
3.612516820430755615e-01
4.181522727012634277e-01
5.400604009628295898e-01
9.016624093055725098e-02
2.083103060722351074e-01
4.615007713437080383e-02
1.856763660907745361e-01
1.899532973766326904e-01
5.853186845779418945e-01
5.862520192749798298e-04
6.311876177787780762e-01
3.438912034034729004e-01
9.010685607790946960e-03
2.430455088615417480e-01
4.973835498094558716e-02
5.113679543137550354e-02
3.916732594370841980e-02
1.391881257295608521e-01
7.213288336060941219e-04
4.140313565731048584e-01
2.185706347227096558e-01
2.768921256065368652e-01
3.641761243343353271e-01
5.135132670402526855e-01
7.367575913667678833e-02
1.224059835076332092e-01
3.753788024187088013e-02
1.395058929920196533e-01
1.413649767637252808e-01
5.006644129753112793e-01
6.353313801810145378e-04
4.729236364364624023e-01
3.533331453800201416e-01
1.017677318304777145e-02
2.511563897132873535e-01
6.110050529241561890e-02
5.358315631747245789e-02
4.282969608902931213e-02
1.241128668189048767e-01
9.250767761841416359e-04
1.743556261062622070e-01
1.936096400022506714e-01
2.469822168350219727e-01
2.642675638198852539e-01
5.154545903205871582e-01
5.844401195645332336e-02
1.005154475569725037e-01
4.069012030959129333e-02
8.287619054317474365e-02
9.367857128381729126e-02
3.825940489768981934e-01
6.723273545503616333e-04
5.108423829078674316e-01
3.623172640800476074e-01
8.646818809211254120e-03
2.218194454908370972e-01
9.729677438735961914e-02
8.783706277608871460e-02
5.444302037358283997e-02
9.175644814968109131e-02
8.367362897843122482e-04
4.383015334606170654e-01
1.691298484802246094e-01
2.097680270671844482e-01
2.440902441740036011e-01
4.732554256916046143e-01
4.924486204981803894e-02
7.671001553535461426e-02
3.536614030599594116e-02
8.531408756971359253e-02
8.649002760648727417e-02
3.578962087631225586e-01
7.638874230906367302e-04
6.332293748855590820e-01
3.664306998252868652e-01
8.955627679824829102e-03
2.275444865226745605e-01
3.996085375547409058e-02
3.523969650268554688e-02
3.775358945131301880e-02
7.967088371515274048e-02
8.022119873203337193e-04
3.242628574371337891e-01
1.481833457946777344e-01
1.785011887550354004e-01
1.761870086193084717e-01
4.571681320667266846e-01
4.468994960188865662e-02
9.293222427368164062e-02
3.329376876354217529e-02
9.024199843406677246e-02
9.084025025367736816e-02
2.505498528480529785e-01
7.168601150624454021e-04
5.366796851158142090e-01
3.930322527885437012e-01
8.759595453739166260e-03
2.341866493225097656e-01
7.642632722854614258e-02
6.752768903970718384e-02
6.160458922386169434e-02
6.870516389608383179e-02
7.625205325894057751e-04
2.146280556917190552e-01
1.338426768779754639e-01
1.573255360126495361e-01
2.080916017293930054e-01
4.800309240818023682e-01
3.593554347753524780e-02
1.097363159060478210e-01
3.344877064228057861e-02
9.977880120277404785e-02
8.781532198190689087e-02
2.153540402650833130e-01
6.825251621194183826e-04
5.424580574035644531e-01
3.830658495426177979e-01
8.678647689521312714e-03
2.441140115261077881e-01
1.346793621778488159e-01
1.215552687644958496e-01
1.178706511855125427e-01
7.060963660478591919e-02
7.008477114140987396e-04
8.853381127119064331e-02
1.403916627168655396e-01
1.593154668807983398e-01
2.306567579507827759e-01
5.125923156738281250e-01
3.762202709913253784e-02
1.026103869080543518e-01
3.470394760370254517e-02
1.108294874429702759e-01
1.117635890841484070e-01
2.249477654695510864e-01
1.048284466378390789e-03
9.256831407546997070e-01
3.855240345001220703e-01
1.049563940614461899e-02
2.323182225227355957e-01
1.384336203336715698e-01
1.259535998106002808e-01
1.206809431314468384e-01
8.611413091421127319e-02
6.545206997543573380e-04
9.770770370960235596e-02
1.616476774215698242e-01
1.843958497047424316e-01
2.008134275674819946e-01
5.101819038391113281e-01
4.353305697441101074e-02
1.135279759764671326e-01
3.960306197404861450e-02
1.096223071217536926e-01
1.116191744804382324e-01
2.576611340045928955e-01
1.178854028694331646e-03
8.511565327644348145e-01
4.499477148056030273e-01
8.581997826695442200e-03
2.321895807981491089e-01
6.077181547880172729e-02
4.620082676410675049e-02
4.775306209921836853e-02
1.048120781779289246e-01
6.175565649755299091e-04
1.154171749949455261e-01
1.899099647998809814e-01
2.183444797992706299e-01
2.658781409263610840e-01
5.503915548324584961e-01
4.996137320995330811e-02
1.249995902180671692e-01
3.998384624719619751e-02
1.144443899393081665e-01
1.162977218627929688e-01
2.761333286762237549e-01
1.040647621266543865e-03
6.844258308410644531e-01
5.425343513488769531e-01
9.289601817727088928e-03
2.748053073883056641e-01
9.094921499490737915e-02
9.110175073146820068e-02
5.464125797152519226e-02
1.179592385888099670e-01
7.115344633348286152e-04
1.407646387815475464e-01
1.616143435239791870e-01
1.824197322130203247e-01
2.423341423273086548e-01
5.590599775314331055e-01
4.366984218358993530e-02
1.159229725599288940e-01
4.249005764722824097e-02
1.101734787225723267e-01
1.113710403442382812e-01
2.317807376384735107e-01
6.935306591913104057e-04
5.946411490440368652e-01
6.082020998001098633e-01
1.291295699775218964e-02
2.310707420110702515e-01
9.893200546503067017e-02
6.144490838050842285e-02
6.733050197362899780e-02
1.184800490736961365e-01
7.215595687739551067e-04
1.555133759975433350e-01
1.498429626226425171e-01
1.703439950942993164e-01
2.787570059299468994e-01
6.439656615257263184e-01
4.044935107231140137e-02
1.293330490589141846e-01
5.784294754266738892e-02
1.261968314647674561e-01
1.269772648811340332e-01
2.323204427957534790e-01
9.925501653924584389e-04
7.372835874557495117e-01
6.371361613273620605e-01
5.924411118030548096e-03
1.963670998811721802e-01
7.284466177225112915e-02
7.066092640161514282e-02
7.217119634151458740e-02
9.395059198141098022e-02
7.916043978184461594e-04
1.333469599485397339e-01
1.475184708833694458e-01
1.661733090877532959e-01
2.895163297653198242e-01
6.242693066596984863e-01
3.852769359946250916e-02
1.305587589740753174e-01
5.661623924970626831e-02
1.230160146951675415e-01
1.238209307193756104e-01
2.455194145441055298e-01
6.656647310592234135e-04
5.667982697486877441e-01
5.957903265953063965e-01
5.922929383814334869e-03
1.088442131876945496e-01
1.196524053812026978e-01
1.079678758978843689e-01
1.205038204789161682e-01
9.637203812599182129e-02
8.023709524422883987e-04
1.512093544006347656e-01
1.321892589330673218e-01
1.446233838796615601e-01
3.004924356937408447e-01
9.510759711265563965e-01
3.611324355006217957e-02
1.353085786104202271e-01
5.573590472340583801e-02
1.306282132863998413e-01
1.316811740398406982e-01
2.203371822834014893e-01
6.713106413371860981e-04
6.378054022789001465e-01
6.756079792976379395e-01
3.668352961540222168e-03
1.897083073854446411e-01
6.962026655673980713e-02
6.502871215343475342e-02
4.249016568064689636e-02
9.314669668674468994e-02
7.253849762491881847e-04
1.636727452278137207e-01
1.526233553886413574e-01
1.707364171743392944e-01
2.930188179016113281e-01
6.698321104049682617e-01
4.107143729925155640e-02
1.357875615358352661e-01
5.397954583168029785e-02
1.340026706457138062e-01
1.355167627334594727e-01
2.463505566120147705e-01
8.697628509253263474e-04
6.730318665504455566e-01
6.455050706863403320e-01
3.092576516792178154e-04
1.391758918762207031e-01
5.525310710072517395e-02
4.818138480186462402e-02
4.461160674691200256e-02
9.130091220140457153e-02
7.883961079642176628e-04
2.778840959072113037e-01
1.421560347080230713e-01
1.554815471172332764e-01
2.517048418521881104e-01
8.453783392906188965e-01
4.075587540864944458e-02
1.211493611335754395e-01
6.334380060434341431e-02
1.178707182407379150e-01
1.183759123086929321e-01
2.382049560546875000e-01
8.029565215110778809e-04
6.658831238746643066e-01
6.858758926391601562e-01
1.662040012888610363e-04
1.393477171659469604e-01
3.230748325586318970e-02
2.686653845012187958e-02
2.687806263566017151e-02
9.968822449445724487e-02
7.294966490007936954e-04
4.577272832393646240e-01
1.548825055360794067e-01
1.706686615943908691e-01
2.578510642051696777e-01
7.797334790229797363e-01
4.483016952872276306e-02
1.208707168698310852e-01
5.515639111399650574e-02
1.174694895744323730e-01
1.182785257697105408e-01
2.585854232311248779e-01
6.723839323967695236e-04
6.167243719100952148e-01
6.901167035102844238e-01
3.728605224750936031e-05
1.341816633939743042e-01
3.020780906081199646e-02
2.572130598127841949e-02
3.492338210344314575e-02
1.267043352127075195e-01
6.870913784950971603e-04
6.368479132652282715e-01
1.611418277025222778e-01
1.652165204286575317e-01
2.698993384838104248e-01
7.219222784042358398e-01
4.113559052348136902e-02
1.332293301820755005e-01
5.952207371592521667e-02
1.279854923486709595e-01
1.287880241870880127e-01
2.781829237937927246e-01
7.255054078996181488e-04
7.031453251838684082e-01
6.972921490669250488e-01
9.002095612231642008e-05
1.252781599760055542e-01
3.494162112474441528e-02
3.063555061817169189e-02
2.964357845485210419e-02
1.349632591009140015e-01
7.056143367663025856e-04
5.330872535705566406e-01
1.526634246110916138e-01
1.816702783107757568e-01
2.630058228969573975e-01
8.053181767463684082e-01
4.608449339866638184e-02
1.309344619512557983e-01
6.136873736977577209e-02
1.230299249291419983e-01
1.276809275150299072e-01
3.146159648895263672e-01
8.059629471972584724e-04
6.254397630691528320e-01
6.618276834487915039e-01
5.995178798912093043e-05
1.346664130687713623e-01
3.836924210190773010e-02
3.188531473278999329e-02
3.072996065020561218e-02
1.512370705604553223e-01
6.553094135597348213e-04
5.224758982658386230e-01
1.450945138931274414e-01
1.774580031633377075e-01
2.461678236722946167e-01
9.471086859703063965e-01
4.425616934895515442e-02
1.158716231584548950e-01
6.579799950122833252e-02
1.210265830159187317e-01
1.138579696416854858e-01
2.811678349971771240e-01
7.486954564228653908e-04
7.760474681854248047e-01
6.109303832054138184e-01
2.250058314530178905e-04
1.392603814601898193e-01
3.105614893138408661e-02
2.539240941405296326e-02
2.472503483295440674e-02
1.607689112424850464e-01
6.643227534368634224e-04
4.551653265953063965e-01
1.655786186456680298e-01
2.037121951580047607e-01
2.279166728258132935e-01
9.342609643936157227e-01
5.307332053780555725e-02
1.172220110893249512e-01
6.811115145683288574e-02
1.153315454721450806e-01
1.149543598294258118e-01
3.520557880401611328e-01
7.712390506640076637e-04
8.330083489418029785e-01
5.356459617614746094e-01
5.746662151068449020e-03
6.180545091629028320e-01
3.003208339214324951e-02
2.513180673122406006e-02
2.403351850807666779e-02
2.101933658123016357e-01
7.031819550320506096e-04
6.495949625968933105e-01
1.871021836996078491e-01
2.264237701892852783e-01
2.292297929525375366e-01
1.007046699523925781e+00
6.420785188674926758e-02
1.196916252374649048e-01
6.641718745231628418e-02
1.183717474341392517e-01
1.192833334207534790e-01
3.883167505264282227e-01
8.950990159064531326e-04
8.064117431640625000e-01
4.116052985191345215e-01
3.687953948974609375e-02
1.106485247611999512e+00
3.186150267720222473e-02
2.666741609573364258e-02
2.653850801289081573e-02
2.256477028131484985e-01
5.979844136163592339e-04
8.420893549919128418e-01
2.499730885028839111e-01
3.057053983211517334e-01
2.718863785266876221e-01
9.498036503791809082e-01
7.273307442665100098e-02
1.419646441936492920e-01
6.961701065301895142e-02
1.362551003694534302e-01
1.309517621994018555e-01
4.515732228755950928e-01
8.949025650508701801e-04
8.524878621101379395e-01
2.142717689275741577e-01
3.887076303362846375e-02
1.153462529182434082e+00
3.533680737018585205e-02
3.044810704886913300e-02
2.835520170629024506e-02
3.022859096527099609e-01
5.322130164131522179e-04
7.926543951034545898e-01
2.527941167354583740e-01
3.308691382408142090e-01
3.062191009521484375e-01
9.597733616828918457e-01
7.794130593538284302e-02
1.517982184886932373e-01
8.531741797924041748e-02
1.648444384336471558e-01
1.715184450149536133e-01
4.401675760746002197e-01
1.196634606458246708e-03
9.614036083221435547e-01
2.436624765396118164e-01
3.843377158045768738e-02
1.149137616157531738e+00
4.837037250399589539e-02
3.576679527759552002e-02
3.283284604549407959e-02
3.034211099147796631e-01
3.776021185331046581e-04
1.024037718772888184e+00
2.842156589031219482e-01
3.495227992534637451e-01
4.380591809749603271e-01
9.448762536048889160e-01
7.910473644733428955e-02
2.645884156227111816e-01
7.229632139205932617e-02
2.325291335582733154e-01
2.347913235425949097e-01
5.731314420700073242e-01
1.017098780721426010e-03
8.086320757865905762e-01
2.025875747203826904e-01
3.875460103154182434e-02
1.156606554985046387e+00
6.064075604081153870e-02
5.147422105073928833e-02
6.258199363946914673e-02
2.738250792026519775e-01
3.519291349221020937e-04
7.411394715309143066e-01
3.033840060234069824e-01
3.676548302173614502e-01
3.641893863677978516e-01
9.795525670051574707e-01
7.740317285060882568e-02
1.902163326740264893e-01
7.218928635120391846e-02
1.882257610559463501e-01
1.905770748853683472e-01
5.526987910270690918e-01
8.525649900548160076e-04
7.456593513488769531e-01
2.263310104608535767e-01
3.882383555173873901e-02
1.172999501228332520e+00
4.821239039301872253e-02
4.483231902122497559e-02
7.420156896114349365e-02
1.725725829601287842e-01
4.528955905698239803e-04
7.400576472282409668e-01
3.498625755310058594e-01
4.259213805198669434e-01
4.606818556785583496e-01
8.748227953910827637e-01
8.261200040578842163e-02
1.996565610170364380e-01
7.244366407394409180e-02
2.235116511583328247e-01
2.235990315675735474e-01
5.737307667732238770e-01
1.048625446856021881e-03
9.957032203674316406e-01
1.780206859111785889e-01
3.933832049369812012e-02
1.181532740592956543e+00
7.074823975563049316e-02
6.223192811012268066e-02
9.798247367143630981e-02
1.892829388380050659e-01
5.125510506331920624e-04
7.139622569084167480e-01
3.658431768417358398e-01
4.455420970916748047e-01
6.253813505172729492e-01
9.642148613929748535e-01
9.881338477134704590e-02
2.811713814735412598e-01
7.772059738636016846e-02
2.927473485469818115e-01
2.952931821346282959e-01
7.625718712806701660e-01
9.379864204674959183e-04
7.983884215354919434e-01
2.199869602918624878e-01
3.883573412895202637e-02
1.179917812347412109e+00
5.416207015514373779e-02
4.818738251924514771e-02
4.736372083425521851e-02
2.469938397407531738e-01
5.658584414049983025e-04
5.945203900337219238e-01
4.267670810222625732e-01
4.933106899261474609e-01
5.295735597610473633e-01
1.211106419563293457e+00
1.051834300160408020e-01
2.853724956512451172e-01
1.031396389007568359e-01
2.533954381942749023e-01
2.925021648406982422e-01
8.653996586799621582e-01
9.631590219214558601e-04
9.049092531204223633e-01
1.820546388626098633e-01
3.860327601432800293e-02
1.174318552017211914e+00
6.164046749472618103e-02
5.094906687736511230e-02
3.410669043660163879e-02
3.257064819335937500e-01
6.259194924496114254e-04
5.308477282524108887e-01
4.482409954071044922e-01
5.572591423988342285e-01
4.614734649658203125e-01
1.265962362289428711e+00
1.226995140314102173e-01
2.495249509811401367e-01
9.926602989435195923e-02
2.515327036380767822e-01
2.597971558570861816e-01
9.184032678604125977e-01
1.065512653440237045e-03
9.115527868270874023e-01
1.812492460012435913e-01
3.860827162861824036e-02
1.226514577865600586e+00
7.405587285757064819e-02
6.331471353769302368e-02
3.996212035417556763e-02
3.558655381202697754e-01
1.090441597625613213e-03
5.615093708038330078e-01
5.580561161041259766e-01
6.684771180152893066e-01
4.774509668350219727e-01
1.354500889778137207e+00
1.414944380521774292e-01
2.729563713073730469e-01
1.103645712137222290e-01
2.679342329502105713e-01
2.699454128742218018e-01
9.606459736824035645e-01
1.190978102385997772e-03
1.210365414619445801e+00
1.813223510980606079e-01
3.948172181844711304e-02
1.234249711036682129e+00
1.535142958164215088e-01
1.421554386615753174e-01
1.103761047124862671e-01
3.649340271949768066e-01
3.982750349678099155e-04
6.757869124412536621e-01
4.590332806110382080e-01
5.480649471282958984e-01
4.312295317649841309e-01
1.457139730453491211e+00
1.301557272672653198e-01
2.278624027967453003e-01
1.254736930131912231e-01
2.367163598537445068e-01
2.385118752717971802e-01
8.030382990837097168e-01
1.096691703423857689e-03
9.846916198730468750e-01
1.597271859645843506e-01
3.948201611638069153e-02
1.244193911552429199e+00
7.228776067495346069e-02
8.628598600625991821e-02
6.789902597665786743e-02
4.462875723838806152e-01
1.015767571516335011e-03
5.929111242294311523e-01
4.534736871719360352e-01
5.198379755020141602e-01
3.569887280464172363e-01
1.496711373329162598e+00
1.227753534913063049e-01
2.354767471551895142e-01
1.288511902093887329e-01
2.334147393703460693e-01
2.349271774291992188e-01
8.644707202911376953e-01
1.074142404831945896e-03
9.533509016036987305e-01
1.558104753494262695e-01
3.948280960321426392e-02
1.253285408020019531e+00
4.356614872813224792e-02
4.297294095158576965e-02
2.933254092931747437e-02
3.789719939231872559e-01
8.653323166072368622e-04
7.248755097389221191e-01
4.038995206356048584e-01
4.859745502471923828e-01
3.495293557643890381e-01
1.641022801399230957e+00
1.243816688656806946e-01
1.957688629627227783e-01
1.383324414491653442e-01
1.945441812276840210e-01
1.952774673700332642e-01
7.894767522811889648e-01
1.078404369764029980e-03
1.113802433013916016e+00
1.658596396446228027e-01
3.948374092578887939e-02
1.253288269042968750e+00
1.833816915750503540e-01
1.258834004402160645e-01
5.234449729323387146e-02
2.915735840797424316e-01
8.270412217825651169e-04
5.546656847000122070e-01
2.468065321445465088e-01
3.358321487903594971e-01
3.286796808242797852e-01
1.541730761528015137e+00
8.311301469802856445e-02
1.926890760660171509e-01
6.646300107240676880e-02
1.899137049913406372e-01
1.914027333259582520e-01
4.334898591041564941e-01
1.074224594049155712e-03
8.092743158340454102e-01
1.627592444419860840e-01
3.948199748992919922e-02
1.253278493881225586e+00
1.505411267280578613e-01
1.204503178596496582e-01
6.883707642555236816e-02
2.128943651914596558e-01
5.245496286079287529e-04
3.979118466377258301e-01
2.707277834415435791e-01
3.576342761516571045e-01
3.706006109714508057e-01
3.558486402034759521e-01
9.549164772033691406e-02
2.033300399780273438e-01
2.821050956845283508e-02
2.006338685750961304e-01
2.124674022197723389e-01
4.124381542205810547e-01
7.276801043190062046e-04
6.076009869575500488e-01
1.593289226293563843e-01
3.948114439845085144e-02
1.253275513648986816e+00
6.206359341740608215e-02
6.066253036260604858e-02
5.586927756667137146e-02
2.457979917526245117e-01
3.577295283321291208e-04
3.321166336536407471e-01
3.138168454170227051e-01
3.758914768695831299e-01
3.608828186988830566e-01
4.927919507026672363e-01
8.679648488759994507e-02
1.558781862258911133e-01
2.784170210361480713e-02
2.325903177261352539e-01
2.245838940143585205e-01
5.591170191764831543e-01
5.643869517371058464e-04
4.988039135932922363e-01
1.606077849864959717e-01
3.948129341006278992e-02
1.253277182579040527e+00
5.637921020388603210e-02
4.796895012259483337e-02
2.601620927453041077e-02
2.379404753446578979e-01
3.252566384617239237e-04
2.197635024785995483e-01
3.134200274944305420e-01
3.793025910854339600e-01
4.769330620765686035e-01
6.770014166831970215e-01
8.917770534753799438e-02
2.642998993396759033e-01
3.574861213564872742e-02
2.659073770046234131e-01
2.682129442691802979e-01
5.448533296585083008e-01
5.377146298997104168e-04
4.392963647842407227e-01
1.630514264106750488e-01
3.948021680116653442e-02
1.253272414207458496e+00
5.903170257806777954e-02
4.960278794169425964e-02
3.529214486479759216e-02
2.340915352106094360e-01
3.132139390800148249e-04
3.078272640705108643e-01
3.677416443824768066e-01
4.134317636489868164e-01
6.022250652313232422e-01
5.585860013961791992e-01
8.486852049827575684e-02
2.737837731838226318e-01
3.891297802329063416e-02
2.703349590301513672e-01
2.716446816921234131e-01
6.265360713005065918e-01
6.306682480499148369e-04
5.754054784774780273e-01
1.629985868930816650e-01
3.947968408465385437e-02
1.253274559974670410e+00
3.666665032505989075e-02
3.062387555837631226e-02
2.484629303216934204e-02
2.358426302671432495e-01
3.699281369335949421e-04
2.079009115695953369e-01
4.225821197032928467e-01
4.822691977024078369e-01
1.022507667541503906e+00
5.706862211227416992e-01
1.149986609816551208e-01
3.887872099876403809e-01
4.039612784981727600e-02
3.817207813262939453e-01
3.817194104194641113e-01
6.682108044624328613e-01
8.100452250801026821e-04
8.442022204399108887e-01
1.724126040935516357e-01
3.948051482439041138e-02
1.253274798393249512e+00
3.422500193119049072e-02
2.952894195914268494e-02
3.017650358378887177e-02
2.576085627079010010e-01
3.977285814471542835e-04
2.439177334308624268e-01
4.930164813995361328e-01
5.563373565673828125e-01
7.259434461593627930e-01
5.665299892425537109e-01
1.217104569077491760e-01
3.555704653263092041e-01
3.798877447843551636e-02
3.626878261566162109e-01
3.520593047142028809e-01
7.178634405136108398e-01
7.648038445040583611e-04
7.069264650344848633e-01
1.703382134437561035e-01
3.948089480400085449e-02
1.253285765647888184e+00
4.064834117889404297e-02
2.793429046869277954e-02
2.379665710031986237e-02
3.611101508140563965e-01
7.734071696177124977e-04
1.824294626712799072e-01
4.289813339710235596e-01
4.567937850952148438e-01
7.774794697761535645e-01
5.501281023025512695e-01
1.213734298944473267e-01
3.946460485458374023e-01
3.718453273177146912e-02
3.679915070533752441e-01
3.597711324691772461e-01
6.544318199157714844e-01
7.652411586605012417e-04
6.508414149284362793e-01
1.651421338319778442e-01
3.948118165135383606e-02
1.253277420997619629e+00
3.953399136662483215e-02
3.756950050592422485e-02
2.749865874648094177e-02
3.837800621986389160e-01
5.559619166888296604e-04
2.178192585706710815e-01
4.233517348766326904e-01
4.779625833034515381e-01
6.752007603645324707e-01
4.789754450321197510e-01
1.143624186515808105e-01
3.699746131896972656e-01
3.891592472791671753e-02
3.192673325538635254e-01
3.281779885292053223e-01
6.314668059349060059e-01
9.284779662266373634e-04
6.647799611091613770e-01
1.595057249069213867e-01
3.947930410504341125e-02
1.253272533416748047e+00
3.599578887224197388e-02
3.065344318747520447e-02
2.187976054847240448e-02
3.001785874366760254e-01
5.049236933700740337e-04
3.864199221134185791e-01
3.260186612606048584e-01
3.572914600372314453e-01
6.533786058425903320e-01
5.123625397682189941e-01
9.273521602153778076e-02
3.203307688236236572e-01
3.517510741949081421e-02
3.251854181289672852e-01
3.292449712753295898e-01
5.085726976394653320e-01
6.809675833210349083e-04
6.541364789009094238e-01
1.762447059154510498e-01
3.947976604104042053e-02
1.253280520439147949e+00
3.821738064289093018e-02
2.919451333582401276e-02
1.972940750420093536e-02
2.941051125526428223e-01
5.558502161875367165e-04
3.260610699653625488e-01
3.953202962875366211e-01
5.344641804695129395e-01
4.950186312198638916e-01
5.803081989288330078e-01
8.035321533679962158e-02
2.673842608928680420e-01
3.869197890162467957e-02
2.541350424289703369e-01
2.469809204339981079e-01
3.547498583793640137e-01
8.685718057677149773e-04
4.816512167453765869e-01
1.712899208068847656e-01
3.947842493653297424e-02
1.253269433975219727e+00
4.452565312385559082e-02
3.200862929224967957e-02
2.806516550481319427e-02
2.526068389415740967e-01
4.828771925531327724e-04
2.906693518161773682e-01
3.161313533782958984e-01
2.939338088035583496e-01
4.774285256862640381e-01
6.465634107589721680e-01
7.735995948314666748e-02
2.555378973484039307e-01
4.457346722483634949e-02
2.603719830513000488e-01
2.622705101966857910e-01
3.200071454048156738e-01
7.169015007093548775e-04
5.573700666427612305e-01
1.845187395811080933e-01
3.947596997022628784e-02
1.253263592720031738e+00
5.179073289036750793e-02
3.616242855787277222e-02
2.717339433729648590e-02
2.654239535331726074e-01
4.875820013694465160e-04
1.407811045646667480e-01
2.729886770248413086e-01
3.030548989772796631e-01
5.998641252517700195e-01
5.856526494026184082e-01
8.205214887857437134e-02
2.817089557647705078e-01
4.691183567047119141e-02
3.194916248321533203e-01
2.788480222225189209e-01
3.127756714820861816e-01
8.420073427259922028e-04
7.186256647109985352e-01
1.767181456089019775e-01
3.947553411126136780e-02
1.253259897232055664e+00
4.643855988979339600e-02
3.417454659938812256e-02
2.226091921329498291e-02
2.755062580108642578e-01
6.149286637082695961e-04
8.763571828603744507e-02
2.235526591539382935e-01
2.480823397636413574e-01
4.855630993843078613e-01
7.336365580558776855e-01
6.486500799655914307e-02
2.593505084514617920e-01
4.883966967463493347e-02
2.543415427207946777e-01
2.563173472881317139e-01
2.482577562332153320e-01
7.452351273968815804e-04
6.881333589553833008e-01
1.815181970596313477e-01
3.947380185127258301e-02
1.253259539604187012e+00
9.816512465476989746e-02
7.395464181900024414e-02
2.859737165272235870e-02
2.697344422340393066e-01
7.627017330378293991e-04
7.994803041219711304e-02
2.230058461427688599e-01
2.366886883974075317e-01
4.326997995376586914e-01
6.348469853401184082e-01
6.817042827606201172e-02
2.408739775419235229e-01
5.928812548518180847e-02
2.373680770397186279e-01
2.392782270908355713e-01
2.444102019071578979e-01
8.811742882244288921e-04
7.204069495201110840e-01
1.946179717779159546e-01
3.947605565190315247e-02
1.253260135650634766e+00
1.483982056379318237e-01
1.016998738050460815e-01
5.429175868630409241e-02
2.152443379163742065e-01
6.204221863299608231e-04
4.098048806190490723e-02
1.979806721210479736e-01
2.044966518878936768e-01
3.940699994564056396e-01
8.000243306159973145e-01
5.944817513227462769e-02
2.202720940113067627e-01
7.195338606834411621e-02
2.165939509868621826e-01
2.181452512741088867e-01
2.271807491779327393e-01
1.262632198631763458e-03
6.649494767189025879e-01
1.859942823648452759e-01
3.947570174932479858e-02
1.253262639045715332e+00
9.446445852518081665e-02
8.733931183815002441e-02
8.831971883773803711e-02
1.831641495227813721e-01
8.158155251294374466e-04
6.785845756530761719e-02
2.336718440055847168e-01
2.323024123907089233e-01
4.433292150497436523e-01
1.164932608604431152e+00
6.781574338674545288e-02
2.301491945981979370e-01
6.331578642129898071e-02
2.095470428466796875e-01
2.112691253423690796e-01
2.514715492725372314e-01
1.733707729727029800e-03
1.045485615730285645e+00
1.923195123672485352e-01
3.947683423757553101e-02
1.253269791603088379e+00
5.108971148729324341e-02
4.532689228653907776e-02
4.018047451972961426e-02
2.170832306146621704e-01
1.303934492170810699e-03
5.753280967473983765e-02
2.063591182231903076e-01
2.090450972318649292e-01
3.640213906764984131e-01
1.353914976119995117e+00
6.036899238824844360e-02
2.031171917915344238e-01
8.747037500143051147e-02
1.948588490486145020e-01
1.971061080694198608e-01
2.407652139663696289e-01
1.079480512998998165e-03
7.812417149543762207e-01
2.095189392566680908e-01
3.947860747575759888e-02
1.253274679183959961e+00
5.800883099436759949e-02
4.998728260397911072e-02
2.991116046905517578e-02
2.033791244029998779e-01
1.295514171943068504e-03
4.429223388433456421e-02
1.992217898368835449e-01
1.952842473983764648e-01
3.799618184566497803e-01
1.515906691551208496e+00
5.397421866655349731e-02
2.235632687807083130e-01
1.022625640034675598e-01
2.115282714366912842e-01
2.150090932846069336e-01
2.313315123319625854e-01
1.317376038059592247e-03
1.013029098510742188e+00
1.895881146192550659e-01
3.947951644659042358e-02
1.253269433975219727e+00
5.110212787985801697e-02
4.355091601610183716e-02
2.897058241069316864e-02
1.971664428710937500e-01
1.241041929461061954e-03
3.338569030165672302e-02
2.030263245105743408e-01
2.084558159112930298e-01
4.093635678291320801e-01
1.375590205192565918e+00
5.809411406517028809e-02
2.241243124008178711e-01
7.389783859252929688e-02
2.169088870286941528e-01
2.190923243761062622e-01
2.354869097471237183e-01
1.150113879702985287e-03
1.021374464035034180e+00
2.016108781099319458e-01
3.947928547859191895e-02
1.253268361091613770e+00
7.282180339097976685e-02
6.440371274948120117e-02
4.530882462859153748e-02
1.959816664457321167e-01
1.182092470116913319e-03
4.761386662721633911e-02
1.916865855455398560e-01
1.886705309152603149e-01
4.442233145236968994e-01
1.761671185493469238e+00
5.141509324312210083e-02
2.343609035015106201e-01
9.953017532825469971e-02
2.274118810892105103e-01
2.295216619968414307e-01
1.899709701538085938e-01
1.160574145615100861e-03
1.069960594177246094e+00
2.029528915882110596e-01
3.947967290878295898e-02
1.253267049789428711e+00
1.848676949739456177e-01
1.710651814937591553e-01
1.184380203485488892e-01
1.976161301136016846e-01
1.292376080527901649e-03
3.718317300081253052e-02
1.964779794216156006e-01
1.927340179681777954e-01
3.251357972621917725e-01
1.352403759956359863e+00
5.699072033166885376e-02
1.867766678333282471e-01
7.844800502061843872e-02
1.812629252672195435e-01
1.827725470066070557e-01
2.095592617988586426e-01
1.024759374558925629e-03
9.150341749191284180e-01
2.111112922430038452e-01
3.947923704981803894e-02
1.253263235092163086e+00
1.939309835433959961e-01
1.711408346891403198e-01
1.140848100185394287e-01
2.086680084466934204e-01
1.151052769273519516e-03
5.357450619339942932e-02
1.885628998279571533e-01
1.856692135334014893e-01
9.640996903181076050e-02
1.439465880393981934e+00
4.995390400290489197e-02
7.072990387678146362e-02
8.145456016063690186e-02
7.215975224971771240e-02
7.236435264348983765e-02
1.954604983329772949e-01
1.051223371177911758e-03
9.073401689529418945e-01
2.245302647352218628e-01
3.947976976633071899e-02
1.253267526626586914e+00
6.145295500755310059e-02
5.383210629224777222e-02
3.462750464677810669e-02
2.130288183689117432e-01
1.132945064455270767e-03
5.063552036881446838e-02
2.581873536109924316e-01
2.346247881650924683e-01
9.278132766485214233e-02
1.364208459854125977e+00
4.946084693074226379e-02
5.360412597656250000e-02
9.219943732023239136e-02
5.803479626774787903e-02
5.818682163953781128e-02
3.361757099628448486e-01
1.032480155117809772e-03
9.639387726783752441e-01
1.913571655750274658e-01
3.948136791586875916e-02
1.253276467323303223e+00
7.290139794349670410e-02
6.259929388761520386e-02
4.022528976202011108e-02
1.766055971384048462e-01
1.302328892052173615e-03
5.462883785367012024e-02
2.752248644828796387e-01
2.587668001651763916e-01
8.891741186380386353e-02
1.347359657287597656e+00
5.938453227281570435e-02
5.297241732478141785e-02
8.757086098194122314e-02
5.565207451581954956e-02
5.645030364394187927e-02
5.287039875984191895e-01
1.250588917173445225e-03
1.103898763656616211e+00
1.923627406358718872e-01
3.948229551315307617e-02
1.253281712532043457e+00
7.707475870847702026e-02
6.638826429843902588e-02
3.458974510431289673e-02
1.661820858716964722e-01
1.257169409655034542e-03
6.789625436067581177e-02
3.558343648910522461e-01
2.851572036743164062e-01
8.928936719894409180e-02
1.355435609817504883e+00
7.452272623777389526e-02
5.779895186424255371e-02
1.016052141785621643e-01
6.285186856985092163e-02
6.336519867181777954e-02
4.013861119747161865e-01
1.185687142424285412e-03
1.012898206710815430e+00
1.775511950254440308e-01
3.948161005973815918e-02
1.253278851509094238e+00
7.408510893583297729e-02
7.449737936258316040e-02
4.154648259282112122e-02
1.614795476198196411e-01
1.511589391157031059e-03
7.485079765319824219e-02
3.003714084625244141e-01
2.912921011447906494e-01
1.450795680284500122e-01
1.306469082832336426e+00
7.509352266788482666e-02
6.599112600088119507e-02
1.007482185959815979e-01
7.251244783401489258e-02
6.735635548830032349e-02
2.815978527069091797e-01
1.038757502101361752e-03
1.142085433006286621e+00
1.772648096084594727e-01
3.948013111948966980e-02
1.253275990486145020e+00
8.840801566839218140e-02
8.593121170997619629e-02
4.615485295653343201e-02
1.784338653087615967e-01
1.419852720573544502e-03
8.544657379388809204e-02
2.625390589237213135e-01
2.565367221832275391e-01
1.523255705833435059e-01
1.149883031845092773e+00
7.175041735172271729e-02
5.976189300417900085e-02
8.995970338582992554e-02
5.886796116828918457e-02
5.914230644702911377e-02
2.588168680667877197e-01
1.067949924618005753e-03
4.274585843086242676e-01
1.530398577451705933e-01
3.948045894503593445e-02
1.253283619880676270e+00
5.914261937141418457e-02
5.403499305248260498e-02
3.274237737059593201e-02
2.080872654914855957e-01
1.428307848982512951e-03
6.849934905767440796e-02
2.125777453184127808e-01
2.037091255187988281e-01
1.180833727121353149e-01
1.196674942970275879e+00
5.240652710199356079e-02
5.511784553527832031e-02
7.052042335271835327e-02
6.224636733531951904e-02
6.251714378595352173e-02
2.353709936141967773e-01
6.611848948523402214e-04
5.690451264381408691e-01
1.519135981798171997e-01
3.948153182864189148e-02
1.253292798995971680e+00
6.673300266265869141e-02
5.683737620711326599e-02
2.907938696444034576e-02
1.814598292112350464e-01
1.307787955738604069e-03
7.680964469909667969e-02
2.239746749401092529e-01
2.034613937139511108e-01
1.628799736499786377e-01
7.193663120269775391e-01
5.491843074560165405e-02
7.435065507888793945e-02
6.184271350502967834e-02
7.305432856082916260e-02
7.342933118343353271e-02
2.229528725147247314e-01
4.956093034707009792e-04
4.561063647270202637e-01
1.547477096319198608e-01
3.948185965418815613e-02
1.253293752670288086e+00
6.923421472311019897e-02
5.646053329110145569e-02
2.684765122830867767e-02
1.687161177396774292e-01
1.477786339819431305e-03
8.252068608999252319e-02
2.177213877439498901e-01
2.105146646499633789e-01
1.751108318567276001e-01
8.944507837295532227e-01
5.485989898443222046e-02
1.068249642848968506e-01
6.355892121791839600e-02
1.064473241567611694e-01
1.068879887461662292e-01
2.283435314893722534e-01
5.287780077196657658e-04
4.262181222438812256e-01
1.497823745012283325e-01
3.948137909173965454e-02
1.253292083740234375e+00
6.011404842138290405e-02
4.854657500982284546e-02
2.106981351971626282e-02
1.661636233329772949e-01
1.296723727136850357e-03
8.931268751621246338e-02
1.832125335931777954e-01
1.848166733980178833e-01
1.618933975696563721e-01
7.117807269096374512e-01
5.160757526755332947e-02
9.467543661594390869e-02
5.276417732238769531e-02
8.904890716075897217e-02
8.804184198379516602e-02
2.247463017702102661e-01
4.534805775620043278e-04
4.430926144123077393e-01
1.529235839843750000e-01
3.948099538683891296e-02
1.253297686576843262e+00
5.691109970211982727e-02
4.365454241633415222e-02
2.026372589170932770e-02
1.760472059249877930e-01
1.077780616469681263e-03
9.521430730819702148e-02
2.077541798353195190e-01
1.919712573289871216e-01
1.600848436355590820e-01
7.406506538391113281e-01
4.915126040577888489e-02
9.338465332984924316e-02
5.176376551389694214e-02
8.906982094049453735e-02
8.967573940753936768e-02
2.484005093574523926e-01
4.941948573105037212e-04
5.524678826332092285e-01
1.542221605777740479e-01
3.948137536644935608e-02
1.253297924995422363e+00
6.807584315538406372e-02
5.515391379594802856e-02
3.125206753611564636e-02
1.602798253297805786e-01
8.777920156717300415e-04
1.033398509025573730e-01
2.177619189023971558e-01
2.035666853189468384e-01
1.772608608007431030e-01
6.424999237060546875e-01
5.258234217762947083e-02
1.087569296360015869e-01
5.515341460704803467e-02
8.564811944961547852e-02
8.664231002330780029e-02
2.514805197715759277e-01
4.774269473273307085e-04
3.898060619831085205e-01
1.464624851942062378e-01
3.947977349162101746e-02
1.253301024436950684e+00
7.123970985412597656e-02
5.878005549311637878e-02
3.165786340832710266e-02
1.597523838281631470e-01
9.095699060708284378e-04
1.143671795725822449e-01
2.489872872829437256e-01
2.643517851829528809e-01
9.974382817745208740e-02
6.572628021240234375e-01
6.088792160153388977e-02
5.051609501242637634e-02
5.397261306643486023e-02
5.967799946665763855e-02
6.168801337480545044e-02
2.808299958705902100e-01
4.767594218719750643e-04
3.717902600765228271e-01
1.575621366500854492e-01
3.947920724749565125e-02
1.253304958343505859e+00
6.914294511079788208e-02
5.684306472539901733e-02
3.265496715903282166e-02
1.551082581281661987e-01
7.948121638037264347e-04
1.195552721619606018e-01
2.767116129398345947e-01
2.675722241401672363e-01
1.027027070522308350e-01
2.668156921863555908e-01
5.773866921663284302e-02
6.612049788236618042e-02
2.679483965039253235e-02
6.468703597784042358e-02
6.543016433715820312e-02
2.705669105052947998e-01
7.715648389421403408e-04
7.171607017517089844e-01
1.465597301721572876e-01
3.947955742478370667e-02
1.105309963226318359e+00
6.310919672250747681e-02
5.089729279279708862e-02
2.857407554984092712e-02
1.681432425975799561e-01
7.883960497565567493e-04
1.427200585603713989e-01
2.265170365571975708e-01
2.221693992614746094e-01
1.506236344575881958e-01
2.986271679401397705e-01
5.448173359036445618e-02
6.135032698512077332e-02
1.843959465622901917e-02
8.259076625108718872e-02
8.358561247587203979e-02
2.433384507894515991e-01
8.053628844209015369e-04
5.951281785964965820e-01
1.447592228651046753e-01
3.947954624891281128e-02
1.101355552673339844e+00
7.054515928030014038e-02
5.841125920414924622e-02
3.871170803904533386e-02
1.790775060653686523e-01
7.015309529379010201e-04
1.435524374246597290e-01
2.139848470687866211e-01
2.116834074258804321e-01
1.214002296328544617e-01
2.321357280015945435e-01
5.166001617908477783e-02
1.066347509622573853e-01
1.542471721768379211e-02
1.056903675198554993e-01
9.938588738441467285e-02
2.654450237751007080e-01
5.902729462832212448e-04
4.731736481189727783e-01
1.624416261911392212e-01
3.948010504245758057e-02
1.101617217063903809e+00
9.041722863912582397e-02
7.123591005802154541e-02
5.569601058959960938e-02
1.913031190633773804e-01
6.297141080722212791e-04
1.455941945314407349e-01
3.008528649806976318e-01
3.262607455253601074e-01
1.535951793193817139e-01
3.398252129554748535e-01
7.615588605403900146e-02
8.903218805789947510e-02
2.706196159124374390e-02
8.679186552762985229e-02
8.765607327222824097e-02
3.976245522499084473e-01
3.566289378795772791e-04
2.583075463771820068e-01
1.401083171367645264e-01
3.948152810335159302e-02
1.102202415466308594e+00
9.283709526062011719e-02
7.931932061910629272e-02
6.577306240797042847e-02
2.273507565259933472e-01
1.040184288285672665e-03
1.471857279539108276e-01
3.324431180953979492e-01
3.420894443988800049e-01
2.427623867988586426e-01
3.291909992694854736e-01
9.097491949796676636e-02
1.524150967597961426e-01
2.271037735044956207e-02
1.546359360218048096e-01
1.546647846698760986e-01
4.414954483509063721e-01
2.565696195233613253e-04
2.817180156707763672e-01
1.489391177892684937e-01
3.948487341403961182e-02
1.119709014892578125e+00
8.327861875295639038e-02
7.143542170524597168e-02
4.421233013272285461e-02
2.316383421421051025e-01
1.042017713189125061e-03
1.635152995586395264e-01
4.051237106323242188e-01
3.964785635471343994e-01
2.934584915637969971e-01
2.813102304935455322e-01
1.176725775003433228e-01
1.510458886623382568e-01
2.350654639303684235e-02
1.436423957347869873e-01
1.500749886035919189e-01
4.374773800373077393e-01
2.191882376791909337e-04
1.845312416553497314e-01
1.295225471258163452e-01
3.948614001274108887e-02
1.119050025939941406e+00
8.861438184976577759e-02
7.384467124938964844e-02
4.741264879703521729e-02
2.629941701889038086e-01
8.439385564997792244e-04
1.628624647855758667e-01
4.040500223636627197e-01
3.932898342609405518e-01
4.289104044437408447e-01
3.565990924835205078e-01
1.146917790174484253e-01
2.545613348484039307e-01
1.905252039432525635e-02
2.488410323858261108e-01
2.520029842853546143e-01
4.112105667591094971e-01
2.557696425355970860e-04
1.784621924161911011e-01
1.623724699020385742e-01
3.948589041829109192e-02
1.041612029075622559e+00
9.097149223089218140e-02
7.674126327037811279e-02
4.278883710503578186e-02
3.402848839759826660e-01
7.762734312564134598e-04
1.496082693338394165e-01
3.820502460002899170e-01
3.800522983074188232e-01
4.218676984310150146e-01
4.091835916042327881e-01
1.114721745252609253e-01
2.451474368572235107e-01
2.207611314952373505e-02
2.535073459148406982e-01
2.567345201969146729e-01
4.206414520740509033e-01
3.517742443364113569e-04
2.703354358673095703e-01
1.387198269367218018e-01
2.851490490138530731e-02
2.919365763664245605e-01
1.630927026271820068e-01
1.306182146072387695e-01
7.183752208948135376e-02
3.779155015945434570e-01
7.778126746416091919e-04
1.450754255056381226e-01
3.133089840412139893e-01
3.004023134708404541e-01
4.126509130001068115e-01
3.607500493526458740e-01
8.892178535461425781e-02
2.337700277566909790e-01
3.050808049738407135e-02
2.289270013570785522e-01
2.299760431051254272e-01
3.762220740318298340e-01
3.656687331385910511e-04
3.692812621593475342e-01
1.509610116481781006e-01
7.114423904567956924e-03
4.706597924232482910e-01
2.613150775432586670e-01
2.255334109067916870e-01
1.375786662101745605e-01
3.066709041595458984e-01
8.621361339464783669e-04
1.618430167436599731e-01
3.581577837467193604e-01
3.437798023223876953e-01
5.203951597213745117e-01
4.107105731964111328e-01
9.801422804594039917e-02
3.107386231422424316e-01
3.572160378098487854e-02
2.998462319374084473e-01
3.057610094547271729e-01
3.930397629737854004e-01
3.715726197697222233e-04
3.974637091159820557e-01
1.506467461585998535e-01
3.555583767592906952e-03
1.587411761283874512e-01
2.958150207996368408e-01
2.624008655548095703e-01
1.596775501966476440e-01
2.847815454006195068e-01
5.364618264138698578e-04
1.870694011449813843e-01
3.601682186126708984e-01
3.414751887321472168e-01
4.275638461112976074e-01
2.277890443801879883e-01
9.470175206661224365e-02
2.713226079940795898e-01
2.612628228962421417e-02
2.596689164638519287e-01
2.605359554290771484e-01
3.682943880558013916e-01
3.169552946928888559e-04
2.284511327743530273e-01
1.172533705830574036e-01
3.788560628890991211e-03
9.482297301292419434e-02
2.708407938480377197e-01
2.307432740926742554e-01
1.415110379457473755e-01
2.788829207420349121e-01
6.132723065093159676e-04
2.299083024263381958e-01
3.440191149711608887e-01
3.271314203739166260e-01
4.530716538429260254e-01
2.603138089179992676e-01
9.222682565450668335e-02
2.635041773319244385e-01
2.782149054110050201e-02
2.659017443656921387e-01
2.663103640079498291e-01
3.551299571990966797e-01
5.126046598888933659e-04
4.343746602535247803e-01
1.191319152712821960e-01
3.108827397227287292e-03
1.994507163763046265e-01
1.553460359573364258e-01
1.289973258972167969e-01
6.339536607265472412e-02
2.964611947536468506e-01
5.277691525407135487e-04
2.986980080604553223e-01
3.792450726032257080e-01
3.573378622531890869e-01
3.874010443687438965e-01
2.069096863269805908e-01
1.046255230903625488e-01
2.251641452312469482e-01
2.155048958957195282e-02
2.069098651409149170e-01
2.050167471170425415e-01
3.782878220081329346e-01
3.686226846184581518e-04
2.317946255207061768e-01
1.017350107431411743e-01
3.954785410314798355e-03
1.946629136800765991e-01
6.492966413497924805e-02
5.976016819477081299e-02
2.921735122799873352e-02
3.205963969230651855e-01
6.280763773247599602e-04
3.053471744060516357e-01
4.310038983821868896e-01
3.969770669937133789e-01
2.840968668460845947e-01
2.719340920448303223e-01
1.049197837710380554e-01
1.938461363315582275e-01
2.472876943647861481e-02
1.247396022081375122e-01
1.694594472646713257e-01
4.265388250350952148e-01
3.246573614887893200e-04
2.151717245578765869e-01
9.116438031196594238e-02
2.683534054085612297e-03
1.867414712905883789e-01
1.095696985721588135e-01
9.070615470409393311e-02
3.869006410241127014e-02
3.567719757556915283e-01
6.539789610542356968e-04
3.163004815578460693e-01
4.320763051509857178e-01
4.239078760147094727e-01
1.991047412157058716e-01
5.534713864326477051e-01
1.254874616861343384e-01
1.130699887871742249e-01
4.442747309803962708e-02
1.067630872130393982e-01
1.117320954799652100e-01
4.494848847389221191e-01
2.913608914241194725e-04
2.550173997879028320e-01
9.435751289129257202e-02
3.801041515544056892e-03
3.121308982372283936e-01
1.439978480339050293e-01
1.409044712781906128e-01
7.123727351427078247e-02
3.664790093898773193e-01
6.123865605331957340e-04
3.023124337196350098e-01
4.340480268001556396e-01
4.102427661418914795e-01
1.697240769863128662e-01
6.285802125930786133e-01
1.212055310606956482e-01
9.360686689615249634e-02
5.604270100593566895e-02
7.383064180612564087e-02
5.161301419138908386e-02
4.047079682350158691e-01
3.078016161452978849e-04
2.784512042999267578e-01
9.047098457813262939e-02
3.884583013132214546e-03
2.833741307258605957e-01
9.644291549921035767e-02
8.559244871139526367e-02
5.122459679841995239e-02
4.646522104740142822e-01
5.239010788500308990e-04
3.001743853092193604e-01
4.180455505847930908e-01
3.830221593379974365e-01
2.058736681938171387e-01
3.161635398864746094e-01
1.147674620151519775e-01
1.438250243663787842e-01
3.232061117887496948e-02
1.294776648283004761e-01
1.294700950384140015e-01
4.480966031551361084e-01
3.016624250449240208e-04
2.395043075084686279e-01
1.003646701574325562e-01
1.871741958893835545e-03
2.833067476749420166e-01
7.520515471696853638e-02
6.992734968662261963e-02
3.113373182713985443e-02
4.401023983955383301e-01
7.217656238935887814e-04
3.356166481971740723e-01
4.206372797489166260e-01
3.878021240234375000e-01
9.702028334140777588e-02
5.194957852363586426e-01
1.216199770569801331e-01
7.427132874727249146e-02
4.766222834587097168e-02
6.710343062877655029e-02
4.045664891600608826e-02
4.816675186157226562e-01
3.204602980986237526e-04
1.730502843856811523e-01
1.022348552942276001e-01
3.232285380363464355e-03
2.553501129150390625e-01
5.071397498250007629e-02
6.079155579209327698e-02
2.018368616700172424e-02
5.094866752624511719e-01
8.377556223422288895e-04
5.317327380180358887e-01
3.360021710395812988e-01
3.009317517280578613e-01
1.308283358812332153e-01
1.483567953109741211e-01
8.803688734769821167e-02
5.840959399938583374e-02
1.159747783094644547e-02
5.352970957756042480e-02
6.696604937314987183e-02
2.298149615526199341e-01
3.357432142365723848e-04
1.849903613328933716e-01
1.353721171617507935e-01
2.378630451858043671e-03
3.240635693073272705e-01
5.123130977153778076e-02
4.086279869079589844e-02
2.387030050158500671e-02
4.068540930747985840e-01
9.318063966929912567e-04
6.766712665557861328e-01
3.405016958713531494e-01
2.983656227588653564e-01
1.160485967993736267e-01
1.355330646038055420e-01
8.465828001499176025e-02
6.677502393722534180e-02
1.590391248464584351e-02
5.894176289439201355e-02
5.963225662708282471e-02
2.569401264190673828e-01
3.644848766271024942e-04
1.730044484138488770e-01
1.440549045801162720e-01
2.575677121058106422e-03
2.891868352890014648e-01
4.276555031538009644e-02
3.459580242633819580e-02
1.790588721632957458e-02
2.874023914337158203e-01
9.642263175919651985e-04
5.377820134162902832e-01
2.912157475948333740e-01
2.593349814414978027e-01
1.746585518121719360e-01
1.148764044046401978e-01
7.157285511493682861e-02
6.457194685935974121e-02
1.126828510314226151e-02
8.951815962791442871e-02
8.886408805847167969e-02
2.140263617038726807e-01
3.074431442655622959e-04
1.565413326025009155e-01
1.909752339124679565e-01
1.968487631529569626e-03
1.087107285857200623e-01
4.437193274497985840e-02
3.392679989337921143e-02
1.830471493303775787e-02
2.485513985157012939e-01
6.176720489747822285e-04
3.895157277584075928e-01
2.401172071695327759e-01
2.221361398696899414e-01
9.622432291507720947e-02
1.004197970032691956e-01
6.237812340259552002e-02
3.960385546088218689e-02
1.170644350349903107e-02
5.249430984258651733e-02
5.372978001832962036e-02
1.657716929912567139e-01
3.280884702689945698e-04
1.963842958211898804e-01
1.381752490997314453e-01
3.938126843422651291e-03
3.390052318572998047e-01
4.626573994755744934e-02
3.920518606901168823e-02
2.002081647515296936e-02
1.673889905214309692e-01
6.576661835424602032e-04
5.066670179367065430e-01
2.010826766490936279e-01
1.685885637998580933e-01
8.517481386661529541e-02
1.136348471045494080e-01
4.453032836318016052e-02
4.449198395013809204e-02
1.482869591563940048e-02
5.484406277537345886e-02
5.603325366973876953e-02
1.417070329189300537e-01
2.891367767006158829e-04
2.102046757936477661e-01
9.020006656646728516e-02
7.583595346659421921e-03
2.069489359855651855e-01
4.229769483208656311e-02
3.743497654795646667e-02
1.960821636021137238e-02
1.294399797916412354e-01
6.955252029001712799e-04
7.823311090469360352e-01
2.537356317043304443e-01
2.121634185314178467e-01
8.647419512271881104e-02
1.474761217832565308e-01
6.517851352691650391e-02
3.487384319305419922e-02
1.301580108702182770e-02
4.596537351608276367e-02
4.672523960471153259e-02
1.485372632741928101e-01
3.013471723534166813e-04
2.484411895275115967e-01
1.189558357000350952e-01
2.710950560867786407e-03
1.757319271564483643e-01
5.084870010614395142e-02
4.090126603841781616e-02
1.967278122901916504e-02
1.387045681476593018e-01
7.876611780375242233e-04
6.474862694740295410e-01
2.556488811969757080e-01
2.199264764785766602e-01
5.616781860589981079e-02
2.101306021213531494e-01
5.652771517634391785e-02
2.752057649195194244e-02
1.331464760005474091e-02
2.713823318481445312e-02
2.719548158347606659e-02
1.415547132492065430e-01
5.242134793661534786e-04
2.697020769119262695e-01
1.519070863723754883e-01
1.911315121105872095e-05
9.200367145240306854e-03
4.853234812617301941e-02
3.629762306809425354e-02
2.051140554249286652e-02
1.616650372743606567e-01
8.806652040220797062e-04
5.330691933631896973e-01
2.168601602315902710e-01
1.679921150207519531e-01
9.782963991165161133e-02
1.815499067306518555e-01
5.062069743871688843e-02
3.482715412974357605e-02
1.161191239953041077e-02
2.586500905454158783e-02
2.430046722292900085e-02
1.507150530815124512e-01
3.021133888978511095e-04
2.212567031383514404e-01
2.567346990108489990e-01
4.855980506590640289e-09
4.103210926587053109e-08
4.532093182206153870e-02
3.611864894628524780e-02
1.304480992257595062e-02
1.507970690727233887e-01
8.646720089018344879e-04
6.503771543502807617e-01
2.067006826400756836e-01
1.824952214956283569e-01
1.442950367927551270e-01
1.989053338766098022e-01
4.594941437244415283e-02
9.406372159719467163e-02
9.948607534170150757e-03
6.537200510501861572e-02
6.462395936250686646e-02
1.493458300828933716e-01
3.544329083524644375e-04
1.983417719602584839e-01
1.541264653205871582e-01
4.855980506590640289e-09
4.103210926587053109e-08
4.356728866696357727e-02
3.368702530860900879e-02
1.524407416582107544e-02
1.262656003236770630e-01
5.426041316241025925e-04
5.819583535194396973e-01
1.457347571849822998e-01
1.241420656442642212e-01
2.847297191619873047e-01
1.975132673978805542e-01
4.434702917933464050e-02
1.387946605682373047e-01
9.809446521103382111e-03
8.849902451038360596e-02
8.998544514179229736e-02
1.353579461574554443e-01
2.450814354233443737e-04
1.305423229932785034e-01
1.631342917680740356e-01
4.855980506590640289e-09
4.103210926587053109e-08
6.613148748874664307e-02
5.642961338162422180e-02
3.473795577883720398e-02
1.065913289785385132e-01
1.085227937437593937e-03
5.847886204719543457e-01
1.202835440635681152e-01
1.123667657375335693e-01
2.142502218484878540e-01
3.038266003131866455e-01
3.790815174579620361e-02
6.153530254960060120e-02
1.473101414740085602e-02
5.645061656832695007e-02
6.536074727773666382e-02
1.198135539889335632e-01
2.673103008419275284e-04
1.500858366489410400e-01
1.110590994358062744e-01
4.855980506590640289e-09
4.103210926587053109e-08
8.862110227346420288e-02
8.257414400577545166e-02
3.982525691390037537e-02
9.854986518621444702e-02
1.204282976686954498e-03
5.802960395812988281e-01
1.466327905654907227e-01
1.353811025619506836e-01
1.043657138943672180e-01
2.855336368083953857e-01
3.587005287408828735e-02
3.662925213575363159e-02
3.502092137932777405e-02
3.272297605872154236e-02
3.296406939625740051e-02
1.255789101123809814e-01
2.719446492847055197e-04
1.733147799968719482e-01
9.793916344642639160e-02
4.855980506590640289e-09
4.103210926587053109e-08
9.077033400535583496e-02
7.251524180173873901e-02
4.758291319012641907e-02
7.711197435855865479e-02
2.084635896608233452e-03
5.284644961357116699e-01
7.669461518526077271e-02
8.491957932710647583e-02
2.227438539266586304e-01
2.101640999317169189e-01
1.945988275110721588e-02
7.795147597789764404e-02
2.877385914325714111e-02
8.086770027875900269e-02
8.203489333391189575e-02
1.145284026861190796e-01
3.172472061123698950e-04
1.927870362997055054e-01
1.119029372930526733e-01
4.855980506590640289e-09
4.103210926587053109e-08
7.441943138837814331e-02
7.144119590520858765e-02
3.325597569346427917e-02
6.919620186090469360e-02
1.563752535730600357e-03
5.336090922355651855e-01
6.579841673374176025e-02
9.526528418064117432e-02
4.330670535564422607e-01
1.689744293689727783e-01
1.353216450661420822e-02
1.373587101697921753e-01
2.165695838630199432e-02
1.596335619688034058e-01
1.606104224920272827e-01
2.007487565279006958e-01
2.948555629700422287e-04
2.561492621898651123e-01
1.261114776134490967e-01
4.855980506590640289e-09
4.103210926587053109e-08
6.802596151828765869e-02
5.389473587274551392e-02
2.783636748790740967e-02
5.420726910233497620e-02
5.570068606175482273e-04
5.344079136848449707e-01
5.864821746945381165e-02
7.919482141733169556e-02
1.982974708080291748e-01
1.990836858749389648e-01
1.333894301205873489e-02
1.132596880197525024e-01
1.713396795094013214e-02
1.145993396639823914e-01
1.137458011507987976e-01
1.143472790718078613e-01
3.045668418053537607e-04
1.589178293943405151e-01
9.524129331111907959e-02
4.855980506590640289e-09
4.103210926587053109e-08
9.664670377969741821e-02
8.155520260334014893e-02
4.170960932970046997e-02
6.563058495521545410e-02
6.163927610032260418e-04
5.266782045364379883e-01
1.269729882478713989e-01
1.615334004163742065e-01
5.217299461364746094e-01
1.326712369918823242e-01
2.557946927845478058e-02
1.531385183334350586e-01
1.095520053058862686e-02
1.551229655742645264e-01
1.771400272846221924e-01
2.033896148204803467e-01
3.383056609891355038e-04
2.431220561265945435e-01
8.140462636947631836e-02
4.855980506590640289e-09
4.103210926587053109e-08
2.228616327047348022e-01
1.876288056373596191e-01
1.108051165938377380e-01
7.744457572698593140e-02
8.186660706996917725e-04
5.412238240242004395e-01
1.296309083700180054e-01
1.658644229173660278e-01
2.468527406454086304e-01
1.177056208252906799e-01
2.746086940169334412e-02
1.152681857347488403e-01
1.181608717888593674e-02
1.203046068549156189e-01
1.224686875939369202e-01
2.314248830080032349e-01
3.200449573341757059e-04
1.822663992643356323e-01
7.958952337503433228e-02
4.855980506590640289e-09
4.103210926587053109e-08
1.887781769037246704e-01
1.555303633213043213e-01
8.876536786556243896e-02
1.301653683185577393e-01
1.033660257235169411e-03
5.533267259597778320e-01
7.494766265153884888e-02
1.012824252247810364e-01
8.519567549228668213e-02
1.685042381286621094e-01
2.316735498607158661e-02
3.943021595478057861e-02
1.502602454274892807e-02
3.939723968505859375e-02
3.958179429173469543e-02
2.300186157226562500e-01
3.670953738037496805e-04
2.212148159742355347e-01
9.119323641061782837e-02
4.855980506590640289e-09
4.103210926587053109e-08
5.151985958218574524e-02
4.971541091799736023e-02
2.385636791586875916e-02
1.313391178846359253e-01
8.363827364519238472e-04
7.016814351081848145e-01
5.392762646079063416e-02
7.394961267709732056e-02
7.094175368547439575e-02
1.470290124416351318e-01
1.996956020593643188e-02
2.900619804859161377e-02
1.448585186153650284e-02
2.881876006722450256e-02
2.941463328897953033e-02
2.333384007215499878e-01
3.987069067079573870e-04
2.264005988836288452e-01
7.729993760585784912e-02
4.855980506590640289e-09
4.103210926587053109e-08
1.389927119016647339e-01
9.795130044221878052e-02
3.352721780538558960e-02
9.609603881835937500e-02
9.139524190686643124e-04
6.097415089607238770e-01
7.437419146299362183e-02
5.641319230198860168e-02
4.876753687858581543e-02
1.437678933143615723e-01
1.729262620210647583e-02
3.316081315279006958e-02
1.156428642570972443e-02
3.456483408808708191e-02
3.497709706425666809e-02
1.055566146969795227e-01
3.030730877071619034e-04
1.647691428661346436e-01
6.839500367641448975e-02
4.855980506590640289e-09
4.103210926587053109e-08
1.527539640665054321e-01
1.153118982911109924e-01
4.798547923564910889e-02
7.374509423971176147e-02
6.879530847072601318e-04
3.415502309799194336e-01
4.756078496575355530e-02
4.950226098299026489e-02
3.346247971057891846e-02
2.133290022611618042e-01
1.310858875513076782e-02
1.683790609240531921e-02
1.482084393501281738e-02
1.709411107003688812e-02
1.710023544728755951e-02
6.996344029903411865e-02
2.621169551275670528e-04
1.499182581901550293e-01
6.634550541639328003e-02
4.855980506590640289e-09
4.103210926587053109e-08
1.674061715602874756e-01
1.776404827833175659e-01
6.268670409917831421e-02
7.934635877609252930e-02
4.627384478226304054e-04
2.248935252428054810e-01
4.680004343390464783e-02
4.947186633944511414e-02
3.114283457398414612e-02
1.815888583660125732e-01
1.428780425339937210e-02
1.633474975824356079e-02
1.391835045069456100e-02
1.943071186542510986e-02
1.974555291235446930e-02
9.890918433666229248e-02
2.145144972018897533e-04
1.579699516296386719e-01
7.168962061405181885e-02
4.855980506590640289e-09
4.103210926587053109e-08
9.627141058444976807e-02
8.693756163120269775e-02
4.880888015031814575e-02
6.013208255171775818e-02
4.080521466676145792e-04
1.691930443048477173e-01
4.420277848839759827e-02
4.804732277989387512e-02
4.479360207915306091e-02
1.269100308418273926e-01
1.335457246750593185e-02
1.870405487716197968e-02
1.284274924546480179e-02
1.763691566884517670e-02
1.737523078918457031e-02
9.625346213579177856e-02
2.241629117634147406e-04
1.734883189201354980e-01
9.359636157751083374e-02
4.855980506590640289e-09
4.103210926587053109e-08
6.862618029117584229e-02
7.848271727561950684e-02
3.244864568114280701e-02
4.946010559797286987e-02
4.402011400088667870e-04
2.040845751762390137e-01
5.369479209184646606e-02
6.210504099726676941e-02
2.616846933960914612e-02
1.037951186299324036e-01
1.301040500402450562e-02
1.460779830813407898e-02
8.972263894975185394e-03
1.424102857708930969e-02
1.374669838696718216e-02
1.497513502836227417e-01
2.683191851247102022e-04
1.440917849540710449e-01
9.713581949472427368e-02
4.855980506590640289e-09
4.103210926587053109e-08
3.851073607802391052e-02
3.222474455833435059e-02
2.596317045390605927e-02
4.929542541503906250e-02
4.354082630015909672e-04
1.317449361085891724e-01
6.741876900196075439e-02
9.759421646595001221e-02
3.196075558662414551e-02
1.272704005241394043e-01
1.762666553258895874e-02
2.472057193517684937e-02
9.503026492893695831e-03
2.393020316958427429e-02
2.405447326600551605e-02
1.658880710601806641e-01
3.006580809596925974e-04
1.784346848726272583e-01
9.487383067607879639e-02
4.855980506590640289e-09
4.103210926587053109e-08
3.598488494753837585e-02
3.033315017819404602e-02
1.676003076136112213e-02
6.016294285655021667e-02
3.466412017587572336e-04
1.339242607355117798e-01
1.134497672319412231e-01
1.283488273620605469e-01
4.068782925605773926e-02
2.543582916259765625e-01
2.786166407167911530e-02
2.189101092517375946e-02
1.129383128136396408e-02
2.686116471886634827e-02
2.698736824095249176e-02
2.093776017427444458e-01
2.919845865108072758e-04
1.699571758508682251e-01
1.108813136816024780e-01
4.855980506590640289e-09
4.103210926587053109e-08
3.270653635263442993e-02
2.613219805061817169e-02
1.330332085490226746e-02
1.041301339864730835e-01
3.697973734233528376e-04
1.701349020004272461e-01
8.946603536605834961e-02
1.115849614143371582e-01
4.201800376176834106e-02
1.980624496936798096e-01
2.717002481222152710e-02
1.876376569271087646e-02
1.095760799944400787e-02
1.407212205231189728e-02
1.427982281893491745e-02
1.787873506546020508e-01
3.032776876352727413e-04
1.823035329580307007e-01
1.201950684189796448e-01
4.855980506590640289e-09
4.103210926587053109e-08
3.669667989015579224e-02
2.926231548190116882e-02
1.393532752990722656e-02
1.172492131590843201e-01
6.260556983761489391e-04
1.499221920967102051e-01
7.763744890689849854e-02
9.758776426315307617e-02
3.376535698771476746e-02
1.724259108304977417e-01
2.334813773632049561e-02
1.717112213373184204e-02
1.144076138734817505e-02
1.695159636437892914e-02
1.694601401686668396e-02
1.610544770956039429e-01
2.857774088624864817e-04
1.789479851722717285e-01
1.252191215753555298e-01
4.855980506590640289e-09
4.103210926587053109e-08
3.310521319508552551e-02
2.696599252521991730e-02
1.445779204368591309e-02
7.629586756229400635e-02
6.342823035083711147e-04
1.224627867341041565e-01
1.012039631605148315e-01
1.358173191547393799e-01
5.149251967668533325e-02
1.585871875286102295e-01
2.561788819730281830e-02
3.125244379043579102e-02
1.283805724233388901e-02
2.983420155942440033e-02
3.002391196787357330e-02
1.729169636964797974e-01
2.799338835757225752e-04
1.771948337554931641e-01
1.262029409408569336e-01
4.855980506590640289e-09
4.103210926587053109e-08
3.572013974189758301e-02
2.711612917482852936e-02
1.450967788696289062e-02
6.368020921945571899e-02
5.812554736621677876e-04
1.995804011821746826e-01
1.205781996250152588e-01
1.320788264274597168e-01
6.402057409286499023e-02
1.510188281536102295e-01
2.611333690583705902e-02
3.450213745236396790e-02
1.422450505197048187e-02
3.188607096672058105e-02
3.554064780473709106e-02
1.268826872110366821e-01
3.082237381022423506e-04
2.132272720336914062e-01
1.307953894138336182e-01
4.855980506590640289e-09
4.103210926587053109e-08
3.590774908661842346e-02
2.699034474790096283e-02
1.404583454132080078e-02
6.906969100236892700e-02
6.720952223986387253e-04
1.937365829944610596e-01
7.644577324390411377e-02
8.106571435928344727e-02
1.114514246582984924e-01
1.575619578361511230e-01
1.993685215711593628e-02
5.834383517503738403e-02
1.334237214177846909e-02
6.333642452955245972e-02
6.377521902322769165e-02
5.944988876581192017e-02
3.681994567159563303e-04
2.152201831340789795e-01
1.330677717924118042e-01
4.855980506590640289e-09
4.103210926587053109e-08
3.298450261354446411e-02
2.607481181621551514e-02
1.478343643248081207e-02
7.249467074871063232e-02
8.109078626148402691e-04
1.553852856159210205e-01
8.994508534669876099e-02
8.440009504556655884e-02
4.726370424032211304e-02
1.531122028827667236e-01
1.922805607318878174e-02
6.105177849531173706e-02
1.225878484547138214e-02
1.819319278001785278e-02
1.980247162282466888e-02
6.065708026289939880e-02
5.428283475339412689e-04
2.748028039932250977e-01
1.364429295063018799e-01
4.855980506590640289e-09
4.103210926587053109e-08
3.157956898212432861e-02
2.470488846302032471e-02
1.299833785742521286e-02
7.313437759876251221e-02
6.273273029364645481e-04
1.097768619656562805e-01
7.724941521883010864e-02
8.419904857873916626e-02
3.970940411090850830e-02
1.426964998245239258e-01
1.612581498920917511e-02
2.153780311346054077e-02
1.188461482524871826e-02
2.467607334256172180e-02
2.529508247971534729e-02
5.195264518260955811e-02
4.436650488059967756e-04
1.956490725278854370e-01
1.344461739063262939e-01
4.855980506590640289e-09
4.103210926587053109e-08
3.915993496775627136e-02
3.384656831622123718e-02
1.219493430107831955e-02
1.183080449700355530e-01
9.067212813533842564e-04
1.868110895156860352e-02
7.769922912120819092e-02
7.862685620784759521e-02
4.101616516709327698e-02
1.561860740184783936e-01
1.882547512650489807e-02
1.881129294633865356e-02
1.467917487025260925e-02
2.022767625749111176e-02
2.039860561490058899e-02
8.461778610944747925e-02
5.571744404733181000e-04
2.496883273124694824e-01
1.410699188709259033e-01
4.855980506590640289e-09
4.103210926587053109e-08
9.609250724315643311e-02
7.592272758483886719e-02
3.990885615348815918e-02
7.309119403362274170e-02
1.275194925256073475e-03
2.767772972583770752e-02
8.398220688104629517e-02
8.666593581438064575e-02
4.343719035387039185e-02
1.984609216451644897e-01
2.128859236836433411e-02
2.149595692753791809e-02
1.560651231557130814e-02
2.246574312448501587e-02
2.215458080172538757e-02
1.022062525153160095e-01
5.458695814013481140e-04
3.305228352546691895e-01
1.396296769380569458e-01
4.855980506590640289e-09
4.103210926587053109e-08
1.317511051893234253e-01
1.073935255408287048e-01
6.202342361211776733e-02
7.739525288343429565e-02
1.521496218629181385e-03
1.122351735830307007e-02
1.109609827399253845e-01
9.990149736404418945e-02
6.567994505167007446e-02
2.106041014194488525e-01
2.915634773671627045e-02
3.197543695569038391e-02
1.725213788449764252e-02
2.970572933554649353e-02
2.965250238776206970e-02
1.203666627407073975e-01
6.686719716526567936e-04
3.446132242679595947e-01
1.661131083965301514e-01
4.855980506590640289e-09
4.103210926587053109e-08
1.288004666566848755e-01
1.003792881965637207e-01
5.685388296842575073e-02
8.556309342384338379e-02
1.950243022292852402e-03
1.954609714448451996e-02
1.060140728950500488e-01
1.147686839103698730e-01
5.419572070240974426e-02
1.974755525588989258e-01
2.775094844400882721e-02
2.741307020187377930e-02
2.032857574522495270e-02
2.634661458432674408e-02
2.643963322043418884e-02
1.154442727565765381e-01
6.415468524210155010e-04
3.797168731689453125e-01
2.119403332471847534e-01
4.855980506590640289e-09
4.103210926587053109e-08
1.018247008323669434e-01
9.432669728994369507e-02
4.585563391447067261e-02
9.468291699886322021e-02
2.387318760156631470e-03
1.851018890738487244e-02
1.363408416509628296e-01
1.325898766517639160e-01
4.891224205493927002e-02
1.957832574844360352e-01
2.596147917211055756e-02
2.704455144703388214e-02
1.805960200726985931e-02
2.685332298278808594e-02
2.703446522355079651e-02
1.190462112426757812e-01
4.863569920416921377e-04
2.521417140960693359e-01
2.663058340549468994e-01
4.855980506590640289e-09
4.103210926587053109e-08
7.208254188299179077e-02
6.450887024402618408e-02
2.936496585607528687e-02
9.606591612100601196e-02
2.453172346577048302e-03
1.230933424085378647e-02
1.752266138792037964e-01
1.656089872121810913e-01
7.154916226863861084e-02
2.470312416553497314e-01
4.684552550315856934e-02
3.179087862372398376e-02
2.411122806370258331e-02
3.361872211098670959e-02
3.794317692518234253e-02
1.404388248920440674e-01
3.869458450935781002e-04
2.444639205932617188e-01
2.721429765224456787e-01
4.855980506590640289e-09
4.103210926587053109e-08
6.581298261880874634e-02
5.778020992875099182e-02
3.502161800861358643e-02
2.042602300643920898e-01
2.202762756496667862e-03
2.551539801061153412e-02
3.700049519538879395e-01
2.443821281194686890e-01
8.440884202718734741e-02
2.813526690006256104e-01
7.484353333711624146e-02
4.756438732147216797e-02
2.838525921106338501e-02
4.897179082036018372e-02
4.762011393904685974e-02
1.779711395502090454e-01
3.817437682300806046e-04
2.214289605617523193e-01
3.083274364471435547e-01
4.855980506590640289e-09
4.103210926587053109e-08
1.434280723333358765e-01
1.283022463321685791e-01
8.109620213508605957e-02
1.612631976604461670e-01
2.095727948471903801e-03
3.273236751556396484e-02
2.234215438365936279e-01
1.910126805305480957e-01
6.233196705579757690e-02
3.252936899662017822e-01
4.478626698255538940e-02
2.679217420518398285e-02
3.394182026386260986e-02
2.942954003810882568e-02
2.892385981976985931e-02
1.692591011524200439e-01
3.797230019699782133e-04
1.923656165599822998e-01
3.261600136756896973e-01
4.855980506590640289e-09
4.103210926587053109e-08
1.071522384881973267e-01
9.651650488376617432e-02
6.088875979185104370e-02
2.712019383907318115e-01
1.698424806818366051e-03
2.649889886379241943e-02
1.555946171283721924e-01
1.527051329612731934e-01
4.974998161196708679e-02
3.657386004924774170e-01
4.624365642666816711e-02
2.872905321419239044e-02
3.656538203358650208e-02
2.746634744107723236e-02
2.648315019905567169e-02
1.616894453763961792e-01
4.133956099394708872e-04
2.226183265447616577e-01
3.793162107467651367e-01
4.855980506590640289e-09
4.103210926587053109e-08
4.403755068778991699e-02
3.692794591188430786e-02
2.076149545609951019e-02
1.807954013347625732e-01
1.499568461440503597e-03
2.019813284277915955e-02
1.318166851997375488e-01
1.341112107038497925e-01
4.407304897904396057e-02
2.333661317825317383e-01
3.254932910203933716e-02
2.214430645108222961e-02
2.578173577785491943e-02
2.020500414073467255e-02
2.038365602493286133e-02
1.102985218167304993e-01
4.278886190149933100e-04
3.045620620250701904e-01
4.083439111709594727e-01
4.855980506590640289e-09
4.103210926587053109e-08
1.313922703266143799e-01
7.202818244695663452e-02
3.466056659817695618e-02
1.339573115110397339e-01
1.888116239570081234e-03
1.718897558748722076e-02
1.351007521152496338e-01
1.235777959227561951e-01
4.995623230934143066e-02
2.921611070632934570e-01
2.660148963332176208e-02
2.233023382723331451e-02
1.530342455953359604e-02
2.193225733935832977e-02
2.210163697600364685e-02
9.215344488620758057e-02
5.240318132564425468e-04
2.884076237678527832e-01
4.486730694770812988e-01
4.855980506590640289e-09
4.103210926587053109e-08
1.480343937873840332e-01
1.228268295526504517e-01
4.614163190126419067e-02
1.239822357892990112e-01
2.116110408678650856e-03
2.444387041032314301e-02
1.769557297229766846e-01
2.154666781425476074e-01
7.724135369062423706e-02
5.635575056076049805e-01
5.532803013920783997e-02
3.047850541770458221e-02
4.566432908177375793e-02
2.981648035347461700e-02
3.035071864724159241e-02
4.214640557765960693e-01
6.922268075868487358e-04
3.327383697032928467e-01
4.394039511680603027e-01
4.855980506590640289e-09
4.103210926587053109e-08
1.664356589317321777e-01
1.741679012775421143e-01
6.011630967259407043e-02
1.076561138033866882e-01
2.164689125493168831e-03
5.388602614402770996e-02
1.799792498350143433e-01
1.877895295619964600e-01
6.657992303371429443e-02
4.977116286754608154e-01
5.191513523459434509e-02
2.824147045612335205e-02
4.514072090387344360e-02
2.815617248415946960e-02
2.842445671558380127e-02
3.790444731712341309e-01
6.558323511853814125e-04
4.178947210311889648e-01
4.712432622909545898e-01
4.855980506590640289e-09
4.103210926587053109e-08
1.012082546949386597e-01
8.528939634561538696e-02
5.675387382507324219e-02
1.617226153612136841e-01
2.349029062315821648e-03
1.866221055388450623e-02
2.470946758985519409e-01
2.472464889287948608e-01
6.367599219083786011e-02
6.752808690071105957e-01
6.074665114283561707e-02
2.841543778777122498e-02
6.521906703710556030e-02
3.535486385226249695e-02
3.595096245408058167e-02
2.766729891300201416e-01
6.649307324551045895e-04
4.642154276371002197e-01
4.705423712730407715e-01
4.855980506590640289e-09
4.103210926587053109e-08
7.031217962503433228e-02
7.179916650056838989e-02
3.540148213505744934e-02
2.325628548860549927e-01
2.983265789225697517e-03
3.195516020059585571e-02
1.840340346097946167e-01
1.580447852611541748e-01
8.029372245073318481e-02
2.533349990844726562e-01
4.439324513077735901e-02
3.654214739799499512e-02
3.770418837666511536e-02
3.646890074014663696e-02
3.711817786097526550e-02
1.090143993496894836e-01
6.182090728543698788e-04
2.841081619262695312e-01
4.852461218833923340e-01
4.855980506590640289e-09
4.103210926587053109e-08
4.617882519960403442e-02
3.326028212904930115e-02
2.629326842725276947e-02
2.702527344226837158e-01
3.080023918300867081e-03
2.729698084294795990e-02
8.622027933597564697e-02
9.850162267684936523e-02
6.097897887229919434e-02
1.698415428400039673e-01
2.321250550448894501e-02
2.792543731629848480e-02
2.232730016112327576e-02
2.917543984949588776e-02
2.811178378760814667e-02
6.506391614675521851e-02
6.364107830449938774e-04
2.811363339424133301e-01
5.324988365173339844e-01
4.855980506590640289e-09
4.103210926587053109e-08
3.359514847397804260e-02
2.899760939180850983e-02
1.536601968109607697e-02
1.417589634656906128e-01
3.627895843237638474e-03
2.160430327057838440e-02
1.986212655901908875e-02
2.343654073774814606e-02
3.677333146333694458e-02
4.402542859315872192e-02
4.706276115030050278e-03
1.833683624863624573e-02
4.725272301584482193e-03
1.768881641328334808e-02
1.794128119945526123e-02
1.432438660413026810e-02
7.370707462541759014e-04
3.942911922931671143e-01
5.599545240402221680e-01
4.855980506590640289e-09
4.103210926587053109e-08
3.493951633572578430e-02
2.866704203188419342e-02
1.478012278676033020e-02
4.271993413567543030e-02
4.032922443002462387e-03
1.554975192993879318e-02
1.421924680471420288e-02
1.406165212392807007e-02
3.745843842625617981e-02
3.711898624897003174e-02
4.012557212263345718e-03
1.692714355885982513e-02
3.093565115705132484e-03
1.690514571964740753e-02
1.711775921285152435e-02
1.392158679664134979e-02
8.709389949217438698e-04
5.186622142791748047e-01
6.364620923995971680e-01
4.855980506590640289e-09
4.103210926587053109e-08
4.079351946711540222e-02
3.206172958016395569e-02
1.590087078511714935e-02
1.811669766902923584e-02
3.460791427642107010e-03
1.529894024133682251e-02
1.434392016381025314e-02
1.362507697194814682e-02
3.219183906912803650e-02
5.084893852472305298e-02
4.883039742708206177e-03
1.574380323290824890e-02
3.666029078885912895e-03
1.472188159823417664e-02
1.487755496054887772e-02
1.564438641071319580e-02
8.539665723219513893e-04
3.858971297740936279e-01
7.135739326477050781e-01
4.855980506590640289e-09
4.103210926587053109e-08
3.728786110877990723e-02
2.860601246356964111e-02
1.664598472416400909e-02
2.349855378270149231e-02
3.420411841943860054e-03
1.329548005014657974e-02
1.995885372161865234e-02
1.982630230486392975e-02
4.256272688508033752e-02
4.502992331981658936e-02
4.490914288908243179e-03
2.420142665505409241e-02
5.313471890985965729e-03
2.195131592452526093e-02
2.248035930097103119e-02
1.724304817616939545e-02
6.870389916002750397e-04
3.628519773483276367e-01
7.270771265029907227e-01
4.855980506590640289e-09
4.103210926587053109e-08
3.858264163136482239e-02
2.847624942660331726e-02
1.564203202724456787e-02
2.025481685996055603e-02
3.213197691366076469e-03
1.115264091640710831e-02
2.244780771434307098e-02
2.123842574656009674e-02
8.341610431671142578e-02
5.103833228349685669e-02
5.250424146652221680e-03
3.985690325498580933e-02
4.036791156977415085e-03
4.427609965205192566e-02
4.478730261325836182e-02
2.131638117134571075e-02
6.808598409406840801e-04
4.684106707572937012e-01
7.662202715873718262e-01
4.855980506590640289e-09
4.103210926587053109e-08
3.848181292414665222e-02
2.546441555023193359e-02
1.661686412990093231e-02
1.424572337418794632e-02
3.089971374720335007e-03
3.336315974593162537e-03
2.223793417215347290e-02
2.145637944340705872e-02
7.482040673494338989e-02
8.264265209436416626e-02
5.462239496409893036e-03
4.235381633043289185e-02
4.549742676317691803e-03
4.029909893870353699e-02
4.044229537248611450e-02
2.891654334962368011e-02
9.304016130045056343e-04
4.960249066352844238e-01
8.207478523254394531e-01
4.855980506590640289e-09
4.103210926587053109e-08
3.888056799769401550e-02
3.069280460476875305e-02
2.134454622864723206e-02
2.670319378376007080e-02
3.594633424654603004e-03
1.977604813873767853e-03
2.041571959853172302e-02
1.925434730947017670e-02
1.124456152319908142e-01
7.671910524368286133e-02
4.900232888758182526e-03
3.634129837155342102e-02
4.160743206739425659e-03
3.274406492710113525e-02
3.293755277991294861e-02
3.311055153608322144e-02
8.258026791736483574e-04
3.825815320014953613e-01
8.302256464958190918e-01
4.855980506590640289e-09
4.103210926587053109e-08
4.045082256197929382e-02
3.014928475022315979e-02
1.915896870195865631e-02
2.948875725269317627e-02
3.818103577941656113e-03
3.353937761858105659e-03
3.584632277488708496e-02
2.006385661661624908e-02
6.076012179255485535e-02
8.546649664640426636e-02
4.554620478302240372e-03
2.595894597470760345e-02
4.059440456330776215e-03
2.148029394447803497e-02
2.027549408376216888e-02
3.559641167521476746e-02
9.379757684655487537e-04
6.001380085945129395e-01
8.456310033798217773e-01
4.855980506590640289e-09
4.103210926587053109e-08
5.532378330826759338e-02
4.179616272449493408e-02
1.841873489320278168e-02
4.292209818959236145e-02
3.517027478665113449e-03
9.908141568303108215e-03
2.924272604286670685e-02
3.049736283719539642e-02
3.206325694918632507e-02
8.912459015846252441e-02
4.780345596373081207e-03
1.381489820778369904e-02
3.939690068364143372e-03
1.355301588773727417e-02
1.371247135102748871e-02
4.250351712107658386e-02
1.128237694501876831e-03
7.305762171745300293e-01
8.730477094650268555e-01
4.855980506590640289e-09
4.103210926587053109e-08
1.058524101972579956e-01
8.573229610919952393e-02
4.967194050550460815e-02
6.536881625652313232e-02
4.035402555018663406e-03
1.433028187602758408e-02
3.936443850398063660e-02
4.882798716425895691e-02
3.920235112309455872e-02
1.258772909641265869e-01
7.895383052527904510e-03
1.539003010839223862e-02
5.526835564523935318e-03
1.493144594132900238e-02
1.506915874779224396e-02
8.531350642442703247e-02
1.077582477591931820e-03
9.098587036132812500e-01
8.724693059921264648e-01
4.855980506590640289e-09
4.103210926587053109e-08
1.536786705255508423e-01
1.283870786428451538e-01
5.082362517714500427e-02
4.692934826016426086e-02
4.755280911922454834e-03
9.252472780644893646e-03
3.689137473702430725e-02
3.563430532813072205e-02
1.016983836889266968e-01
1.838740855455398560e-01
1.018385961651802063e-02
4.193847626447677612e-02
1.878071762621402740e-02
4.223970323801040649e-02
4.168893396854400635e-02
4.389634355902671814e-02
1.211231108754873276e-03
7.009211778640747070e-01
9.005921483039855957e-01
4.855980506590640289e-09
4.103210926587053109e-08
1.563487946987152100e-01
1.196095943450927734e-01
7.144696265459060669e-02
2.395538426935672760e-02
3.615028690546751022e-03
1.083009410649538040e-02
3.217198327183723450e-02
3.470920771360397339e-02
8.007489144802093506e-02
1.323767900466918945e-01
1.091276295483112335e-02
3.728880360722541809e-02
2.401613816618919373e-02
3.656015917658805847e-02
3.679442778229713440e-02
5.373883247375488281e-02
8.454212802462279797e-04
5.545504689216613770e-01
9.629320502281188965e-01
4.855980506590640289e-09
4.103210926587053109e-08
1.235072612762451172e-01
1.142358332872390747e-01
5.826069042086601257e-02
2.719267271459102631e-02
3.632226260378956795e-03
1.448933966457843781e-02
4.559480026364326477e-02
4.630041122436523438e-02
6.928316503763198853e-02
1.678406447172164917e-01
1.410712208598852158e-02
3.636843338608741760e-02
2.366612665355205536e-02
3.522156178951263428e-02
3.545114025473594666e-02
6.999151408672332764e-02
7.049572886899113655e-04
2.023212611675262451e-01
1.168239355087280273e+00
4.855980506590640289e-09
4.103210926587053109e-08
6.384043395519256592e-02
6.796830892562866211e-02
2.909600734710693359e-02
3.202663734555244446e-02
4.642047453671693802e-03
1.662309467792510986e-02
3.933230042457580566e-02
4.319927841424942017e-02
7.458875328302383423e-02
1.550337970256805420e-01
1.443138252943754196e-02
3.787579387426376343e-02
1.849330402910709381e-02
3.189346939325332642e-02
3.205201402306556702e-02
6.354693323373794556e-02
4.485845565795898438e-04
2.251075506210327148e-01
1.058401584625244141e+00
4.855980506590640289e-09
4.103210926587053109e-08
2.834819257259368896e-02
2.469814755022525787e-02
1.789846271276473999e-02
5.165280029177665710e-02
2.995711751282215118e-03
1.121137011796236038e-02
4.983549937605857849e-02
4.552057012915611267e-02
1.186872199177742004e-01
9.220723807811737061e-02
1.410694792866706848e-02
6.859558075666427612e-02
1.141932420432567596e-02
4.954812675714492798e-02
4.971464350819587708e-02
3.985836356878280640e-02
4.351412353571504354e-04
2.589589953422546387e-01
1.116242527961730957e+00
4.855980506590640289e-09
4.103210926587053109e-08
5.276207253336906433e-02
5.356512218713760376e-02
3.852157294750213623e-02
6.088320538401603699e-02
2.221403876319527626e-03
2.786779962480068207e-02
4.920952767133712769e-02
4.686528071761131287e-02
9.507767111063003540e-02
9.365905821323394775e-02
1.335717365145683289e-02
4.632603377103805542e-02
7.815429009497165680e-03
4.563717171549797058e-02
4.593894630670547485e-02
4.521137475967407227e-02
5.088840844109654427e-04
3.033875524997711182e-01
1.113022565841674805e+00
4.855980506590640289e-09
4.103210926587053109e-08
4.818367213010787964e-02
4.624270647764205933e-02
3.331073001027107239e-02
5.644119530916213989e-02
2.141088480129837990e-03
1.324825733900070190e-02
4.590672254562377930e-02
4.326698184013366699e-02
5.277614295482635498e-02
1.195493414998054504e-01
1.487223897129297256e-02
2.652588300406932831e-02
1.041434984654188156e-02
2.518146298825740814e-02
2.532798983156681061e-02
4.256626218557357788e-02
4.314261896070092916e-04
2.453728914260864258e-01
1.152234792709350586e+00
4.855980506590640289e-09
4.103210926587053109e-08
2.846917137503623962e-02
2.684104442596435547e-02
1.978850364685058594e-02
6.028142571449279785e-02
2.105027902871370316e-03
1.456849742680788040e-02
3.055378049612045288e-02
2.886405400931835175e-02
3.323239460587501526e-02
1.024617925286293030e-01
1.039482001215219498e-02
1.827329955995082855e-02
8.008807897567749023e-03
1.792551018297672272e-02
1.813952066004276276e-02
3.955147787928581238e-02
4.337863647378981113e-04
3.292209506034851074e-01
1.204052090644836426e+00
4.855980506590640289e-09
4.103210926587053109e-08
1.278165876865386963e-01
1.191267073154449463e-01
6.421553343534469604e-02
5.056881159543991089e-02
2.169715706259012222e-03
1.651880145072937012e-02
2.146635204553604126e-02
2.453398145735263824e-02
2.431801892817020416e-02
9.997595101594924927e-02
6.877351552248001099e-03
1.311708614230155945e-02
6.062617525458335876e-03
1.305471174418926239e-02
1.308524422347545624e-02
2.721338346600532532e-02
3.602771030273288488e-04
2.366419285535812378e-01
1.203941702842712402e+00
4.855980506590640289e-09
4.103210926587053109e-08
5.504579097032546997e-02
4.980967566370964050e-02
3.089105524122714996e-02
4.416507482528686523e-02
2.173603978008031845e-03
2.154437080025672913e-02
4.356158524751663208e-02
3.252015635371208191e-02
2.898716926574707031e-02
1.209358274936676025e-01
6.013011094182729721e-03
1.475188322365283966e-02
7.266802247613668442e-03
1.411164086312055588e-02
1.490309089422225952e-02
2.648995071649551392e-02
3.711643803399056196e-04
2.968199551105499268e-01
1.170806288719177246e+00
4.855980506590640289e-09
4.103210926587053109e-08
2.703566290438175201e-02
2.740727365016937256e-02
1.888827607035636902e-02
4.072895646095275879e-02
2.362219616770744324e-03
2.944907918572425842e-02
2.709903568029403687e-02
3.805723786354064941e-02
7.021684944629669189e-02
1.265404671430587769e-01
6.855280138552188873e-03
2.270492538809776306e-02
6.429023109376430511e-03
2.385382726788520813e-02
2.307501621544361115e-02
4.328704625368118286e-02
3.746769216377288103e-04
2.858712375164031982e-01
1.133923649787902832e+00
4.855980506590640289e-09
4.103210926587053109e-08
2.438371814787387848e-02
2.139900065958499908e-02
2.007365413010120392e-02
4.530884698033332825e-02
2.444797428324818611e-03
2.107361704111099243e-02
3.760481625795364380e-02
4.264002293348312378e-02
1.013101860880851746e-01
1.057136654853820801e-01
1.227590907365083694e-02
5.364356562495231628e-02
7.343354634940624237e-03
5.374805256724357605e-02
5.276264622807502747e-02
5.463664978742599487e-02
3.395554085727781057e-04
2.889314293861389160e-01
1.169884681701660156e+00
4.855980506590640289e-09
4.103210926587053109e-08
2.244072593748569489e-02
2.328079566359519958e-02
1.663914136588573456e-02
5.978050082921981812e-02
2.431460190564393997e-03
2.476413734257221222e-02
5.995752662420272827e-02
5.859231948852539062e-02
1.406072229146957397e-01
1.158763542771339417e-01
2.094575203955173492e-02
4.917392134666442871e-02
9.250518865883350372e-03
4.929324984550476074e-02
4.967297986149787903e-02
5.449558049440383911e-02
3.357230161782354116e-04
2.853893041610717773e-01
1.131824254989624023e+00
4.855980506590640289e-09
4.103210926587053109e-08
2.330370247364044189e-02
2.044625207781791687e-02
1.450054720044136047e-02
6.157086417078971863e-02
2.368015469983220100e-03
2.750727161765098572e-02
4.823479056358337402e-02
5.123892426490783691e-02
1.354833692312240601e-01
1.460987925529479980e-01
1.451211888343095779e-02
5.917860195040702820e-02
8.833087980747222900e-03
5.989876389503479004e-02
5.994914844632148743e-02
4.764622077345848083e-02
2.913470380008220673e-04
2.776544988155364990e-01
1.205967545509338379e+00
4.855980506590640289e-09
4.103210926587053109e-08
2.399023436009883881e-02
2.134707942605018616e-02
1.757530868053436279e-02
5.605658888816833496e-02
2.482165349647402763e-03
3.216676041483879089e-02
3.641005605459213257e-02
3.900149464607238770e-02
1.113128438591957092e-01
1.648935675621032715e-01
1.483253389596939087e-02
5.097075924277305603e-02
1.048818975687026978e-02
5.224443599581718445e-02
5.427290126681327820e-02
4.710083827376365662e-02
3.137682215310633183e-04
2.872367501258850098e-01
1.191964507102966309e+00
4.855980506590640289e-09
4.103210926587053109e-08
2.379457652568817139e-02
2.131984382867813110e-02
1.771427690982818604e-02
5.366804078221321106e-02
2.067179186269640923e-03
2.893436886370182037e-02
3.439320996403694153e-02
3.487262129783630371e-02
1.681021451950073242e-01
2.037478387355804443e-01
8.558300323784351349e-03
6.836594641208648682e-02
1.206395216286182404e-02
7.032797485589981079e-02
7.066165655851364136e-02
3.789342567324638367e-02
2.690059773158282042e-04
2.766878008842468262e-01
1.156706929206848145e+00
4.855980506590640289e-09
4.103210926587053109e-08
2.291731908917427063e-02
2.038989402353763580e-02
1.680837199091911316e-02
5.324764549732208252e-02
2.136874012649059296e-03
3.789280727505683899e-02
2.026616223156452179e-02
2.088389173150062561e-02
4.827125370502471924e-02
2.010488808155059814e-01
6.355928722769021988e-03
2.360050939023494720e-02
1.239766366779804230e-02
2.223983034491539001e-02
2.261768095195293427e-02
2.537488937377929688e-02
2.553177473600953817e-04
3.135105371475219727e-01
1.194636344909667969e+00
4.855980506590640289e-09
4.103210926587053109e-08
2.530303411185741425e-02
2.220422774553298950e-02
1.730372384190559387e-02
5.405817180871963501e-02
2.545803319662809372e-03
3.568964451551437378e-02
2.474592998623847961e-02
2.688913978636264801e-02
5.433484539389610291e-02
2.212083488702774048e-01
6.818708963692188263e-03
2.108463458716869354e-02
1.307618618011474609e-02
1.786279305815696716e-02
1.791975647211074829e-02
3.562306612730026245e-02
2.554736565798521042e-04
2.653090953826904297e-01
1.189863085746765137e+00
4.855980506590640289e-09
4.103210926587053109e-08
2.668611705303192139e-02
2.251748181879520416e-02
1.759685948491096497e-02
5.324172973632812500e-02
2.318440238013863564e-03
3.973577544093132019e-02
3.738721087574958801e-02
3.553890436887741089e-02
6.641596555709838867e-02
2.535704970359802246e-01
8.562619797885417938e-03
2.211536839604377747e-02
1.357933413237333298e-02
2.211458794772624969e-02
2.244286052882671356e-02
3.808846324682235718e-02
2.695492003113031387e-04
2.594227492809295654e-01
1.195782303810119629e+00
4.855980506590640289e-09
4.103210926587053109e-08
2.640110813081264496e-02
2.285515889525413513e-02
1.945667155086994171e-02
5.883464217185974121e-02
2.206521108746528625e-03
4.184665158390998840e-02
4.517701268196105957e-02
4.492271691560745239e-02
3.893846645951271057e-02
2.613757550716400146e-01
8.029090240597724915e-03
1.941309869289398193e-02
1.574757508933544159e-02
1.685326360166072845e-02
1.661346107721328735e-02
4.075198248028755188e-02
2.549355558585375547e-04
2.431188970804214478e-01
1.293223261833190918e+00
4.855980506590640289e-09
4.103210926587053109e-08
2.697691135108470917e-02
2.255648374557495117e-02
2.133134938776493073e-02
5.216833576560020447e-02
2.372659742832183838e-03
4.329128563404083252e-02
3.918471187353134155e-02
3.499323502182960510e-02
2.778927423059940338e-02
3.048712909221649170e-01
8.870591409504413605e-03
1.338971406221389771e-02
1.843756996095180511e-02
1.277676690369844437e-02
1.286241691559553146e-02
4.751930385828018188e-02
2.450889733154326677e-04
2.611073851585388184e-01
1.387454271316528320e+00
4.855980506590640289e-09
4.103210926587053109e-08
2.966270223259925842e-02
2.752385288476943970e-02
2.051075920462608337e-02
5.846365168690681458e-02
2.380775287747383118e-03
4.924925789237022400e-02
4.608661308884620667e-02
4.174904525279998779e-02
2.836126461625099182e-02
4.675454497337341309e-01
1.008788682520389557e-02
1.645819842815399170e-02
1.878159120678901672e-02
1.612442359328269958e-02
1.621612533926963806e-02
5.204604938626289368e-02
2.435296482872217894e-04
2.308435440063476562e-01
1.533524632453918457e+00
4.855980506590640289e-09
4.103210926587053109e-08
5.509271472692489624e-02
4.990427941083908081e-02
3.597233444452285767e-02
7.021988928318023682e-02
2.398217096924781799e-03
5.084183067083358765e-02
5.274470150470733643e-02
4.604970663785934448e-02
3.504592552781105042e-02
2.948986589908599854e-01
1.218364108353853226e-02
1.325618661940097809e-02
1.648743078112602234e-02
1.289434637874364853e-02
1.290834508836269379e-02
4.583656787872314453e-02
2.511093043722212315e-04
2.282720506191253662e-01
1.659026741981506348e+00
4.855980506590640289e-09
4.103210926587053109e-08
5.290861800312995911e-02
4.683832451701164246e-02
4.239189624786376953e-02
7.173677533864974976e-02
2.280968707054853439e-03
5.345404893159866333e-02
4.262437298893928528e-02
3.725686296820640564e-02
3.495501354336738586e-02
2.684687972068786621e-01
8.929890580475330353e-03
1.535863429307937622e-02
1.655880361795425415e-02
1.520433463156223297e-02
1.551228202879428864e-02
5.063948035240173340e-02
2.674034330993890762e-04
2.139432579278945923e-01
1.539808750152587891e+00
4.855980506590640289e-09
4.103210926587053109e-08
3.392572700977325439e-02
3.261149302124977112e-02
2.472027204930782318e-02
6.249723955988883972e-02
2.334682969376444817e-03
6.416946649551391602e-02
3.520386666059494019e-02
4.170379042625427246e-02
3.705000877380371094e-02
2.650656700134277344e-01
8.544592186808586121e-03
1.387248560786247253e-02
1.469408441334962845e-02
1.529039256274700165e-02
1.553645264357328415e-02
5.082821100950241089e-02
2.686200023163110018e-04
2.060923576354980469e-01
1.457323193550109863e+00
4.855980506590640289e-09
4.103210926587053109e-08
3.104704245924949646e-02
2.840707451105117798e-02
1.955156400799751282e-02
5.543163418769836426e-02
2.141372300684452057e-03
7.655511796474456787e-02
4.583402350544929504e-02
4.711757972836494446e-02
4.479798674583435059e-02
2.656550705432891846e-01
1.283024344593286514e-02
1.634517684578895569e-02
1.409602444618940353e-02
1.458044815808534622e-02
1.462090574204921722e-02
8.104179799556732178e-02
2.717777679208666086e-04
2.161228954792022705e-01
1.560235857963562012e+00
4.855980506590640289e-09
4.103210926587053109e-08
2.682511880993843079e-02
2.615587785840034485e-02
1.692143827676773071e-02
7.856206595897674561e-02
2.181600546464323997e-03
9.001154452562332153e-02
4.381341114640235901e-02
5.053148418664932251e-02
5.502900481224060059e-02
2.931106686592102051e-01
1.072119269520044327e-02
2.065614052116870880e-02
1.506813801825046539e-02
1.760527864098548889e-02
1.779757440090179443e-02
5.476050078868865967e-02
2.986748295370489359e-04
2.295875549316406250e-01
1.567149519920349121e+00
4.855980506590640289e-09
4.103210926587053109e-08
2.661503478884696960e-02
2.471290528774261475e-02
1.667445152997970581e-02
9.330549836158752441e-02
2.230261452496051788e-03
9.750241041183471680e-02
3.312002122402191162e-02
3.588966652750968933e-02
5.848062783479690552e-02
3.305264413356781006e-01
8.277283981442451477e-03
2.638844586908817291e-02
1.660088635981082916e-02
1.622165180742740631e-02
1.637041382491588593e-02
4.663296043872833252e-02
3.216694458387792110e-04
2.475037872791290283e-01
1.580367445945739746e+00
4.855980506590640289e-09
4.103210926587053109e-08
3.416927531361579895e-02
3.153466433286666870e-02
2.146588265895843506e-02
9.345323592424392700e-02
2.516262698918581009e-03
1.000105738639831543e-01
4.617594927549362183e-02
5.111924931406974792e-02
5.835017189383506775e-02
3.785616457462310791e-01
1.146657392382621765e-02
2.817804552614688873e-02
1.851731166243553162e-02
2.855698764324188232e-02
2.879047952592372894e-02
4.682694748044013977e-02
3.150833363179117441e-04
2.616502642631530762e-01
1.696985721588134766e+00
4.855980506590640289e-09
4.103210926587053109e-08
5.305269733071327209e-02
5.224004387855529785e-02
3.607031330466270447e-02
9.074331820011138916e-02
2.503286115825176239e-03
9.784904122352600098e-02
2.974705398082733154e-02
3.307482227683067322e-02
8.444243669509887695e-02
3.961291611194610596e-01
8.338863030076026917e-03
3.467383980751037598e-02
2.165421657264232635e-02
3.485321998596191406e-02
3.494807705283164978e-02
5.617536976933479309e-02
3.077193687204271555e-04
2.399426847696304321e-01
1.661067724227905273e+00
4.855980506590640289e-09
4.103210926587053109e-08
5.081545189023017883e-02
5.006109550595283508e-02
3.484193980693817139e-02
7.474466413259506226e-02
2.205348806455731392e-03
1.069073081016540527e-01
2.931268699467182159e-02
3.173872455954551697e-02
9.645442664623260498e-02
4.649673104286193848e-01
7.915029302239418030e-03
4.083503037691116333e-02
2.351439744234085083e-02
4.170864447951316833e-02
4.203132912516593933e-02
6.460677087306976318e-02
3.039375296793878078e-04
2.555748224258422852e-01
1.667626857757568359e+00
4.855980506590640289e-09
4.103210926587053109e-08
3.086793795228004456e-02
2.964332327246665955e-02
2.050134167075157166e-02
7.472455501556396484e-02
2.377772703766822815e-03
1.081568375229835510e-01
2.496954612433910370e-02
2.556577697396278381e-02
1.065885648131370544e-01
4.707272052764892578e-01
6.451277527958154678e-03
4.703098535537719727e-02
2.667964063584804535e-02
4.697764292359352112e-02
4.747579619288444519e-02
5.134947597980499268e-02
2.905889996327459812e-04
2.113301455974578857e-01
1.698645591735839844e+00
4.855980506590640289e-09
4.103210926587053109e-08
2.215104922652244568e-02
2.212354913353919983e-02
1.571421325206756592e-02
6.464861333370208740e-02
2.468280028551816940e-03
1.202044263482093811e-01
2.534091472625732422e-02
2.670081518590450287e-02
9.416390210390090942e-02
4.486081600189208984e-01
6.135130301117897034e-03
3.225008770823478699e-02
2.605772018432617188e-02
3.254269436001777649e-02
3.271211311221122742e-02
4.015128314495086670e-02
3.102171176578849554e-04
2.642937600612640381e-01
1.573350310325622559e+00
4.855980506590640289e-09
4.103210926587053109e-08
2.086453139781951904e-02
1.982365548610687256e-02
1.331807207316160202e-02
6.103134155273437500e-02
2.567886607721447945e-03
1.349672377109527588e-01
2.409937232732772827e-02
2.875405177474021912e-02
9.866112470626831055e-02
4.100623428821563721e-01
6.187084130942821503e-03
4.183294624090194702e-02
2.795344963669776917e-02
5.255017429590225220e-02
5.248592421412467957e-02
5.776731297373771667e-02
3.390042984392493963e-04
2.739641666412353516e-01
1.476996660232543945e+00
4.855980506590640289e-09
4.103210926587053109e-08
3.294435515999794006e-02
3.681898117065429688e-02
2.498817443847656250e-02
5.678407475352287292e-02
2.985009923577308655e-03
1.500260382890701294e-01
8.197771012783050537e-02
8.306778967380523682e-02
1.452469080686569214e-01
4.074681699275970459e-01
1.980347931385040283e-02
5.522843077778816223e-02
2.704609371721744537e-02
6.618078798055648804e-02
7.002877444028854370e-02
2.806283831596374512e-01
3.515445860102772713e-04
2.993602156639099121e-01
1.551501631736755371e+00
4.855980506590640289e-09
4.103210926587053109e-08
1.765345782041549683e-01
1.799378097057342529e-01
1.116277799010276794e-01
1.053584963083267212e-01
3.073100931942462921e-03
1.829095184803009033e-01
1.865691691637039185e-01
1.257430016994476318e-01
1.522547602653503418e-01
3.878564238548278809e-01
3.237472102046012878e-02
6.445547193288803101e-02
3.534091264009475708e-02
6.480599194765090942e-02
6.567722558975219727e-02
4.821096062660217285e-01
3.357615205459296703e-04
2.983063161373138428e-01
1.611388087272644043e+00
4.855980506590640289e-09
4.103210926587053109e-08
1.175944954156875610e-01
1.062667965888977051e-01
8.084489405155181885e-02
2.278347313404083252e-01
2.838832559064030647e-03
1.833827644586563110e-01
6.483840197324752808e-02
9.137193113565444946e-02
1.090366616845130920e-01
3.480139672756195068e-01
2.444507926702499390e-02
5.370625481009483337e-02
2.405352890491485596e-02
5.575200542807579041e-02
5.484350025653839111e-02
1.625991612672805786e-01
3.430862852837890387e-04
3.096281588077545166e-01
1.476171255111694336e+00
4.855980506590640289e-09
4.103210926587053109e-08
7.141901552677154541e-02
6.382081657648086548e-02
4.314417392015457153e-02
2.392467260360717773e-01
2.685351064428687096e-03
2.028115391731262207e-01
2.387552894651889801e-02
3.765146806836128235e-02
1.127046644687652588e-01
3.785355091094970703e-01
8.525493554770946503e-03
5.144996941089630127e-02
2.219439111649990082e-02
5.202239006757736206e-02
5.247907340526580811e-02
6.274721026420593262e-02
3.258278302382677794e-04
2.724704146385192871e-01
1.676206707954406738e+00
4.855980506590640289e-09
4.103210926587053109e-08
4.489103332161903381e-02
3.139279410243034363e-02
3.174069151282310486e-02
1.400969326496124268e-01
2.489523263648152351e-03
1.588286161422729492e-01
2.380429580807685852e-02
2.222161181271076202e-02
1.135997995734214783e-01
5.234186649322509766e-01
7.318166084587574005e-03
5.235842242836952209e-02
2.634888514876365662e-02
4.982632026076316833e-02
5.002370849251747131e-02
4.262727871537208557e-02
3.358329704497009516e-04
3.028377592563629150e-01
1.429311275482177734e+00
4.855980506590640289e-09
4.103210926587053109e-08
3.180485218763351440e-02
2.733362838625907898e-02
2.902466431260108948e-02
9.991986304521560669e-02
3.239513142034411430e-03
1.539686471223831177e-01
2.389516495168209076e-02
2.234574407339096069e-02
1.067444831132888794e-01
5.685772895812988281e-01
6.715593393892049789e-03
5.162741988897323608e-02
2.676695957779884338e-02
4.922182112932205200e-02
4.914895072579383850e-02
4.376970976591110229e-02
3.336962545290589333e-04
3.142690360546112061e-01
1.416126251220703125e+00
4.855980506590640289e-09
4.103210926587053109e-08
3.224904090166091919e-02
2.691019140183925629e-02
2.904744073748588562e-02
8.871507644653320312e-02
3.376755630597472191e-03
1.593848019838333130e-01
2.754491195082664490e-02
2.273221872746944427e-02
5.373147502541542053e-02
6.125908493995666504e-01
7.368247956037521362e-03
2.870217710733413696e-02
3.072012588381767273e-02
2.012618444859981537e-02
2.007169090211391449e-02
1.983664929866790771e-02
3.451014927122741938e-04
3.100596964359283447e-01
1.389586567878723145e+00
4.855980506590640289e-09
4.103210926587053109e-08
3.572602570056915283e-02
2.781177125871181488e-02
2.784742042422294617e-02
7.276187092065811157e-02
3.766008885577321053e-03
1.644651144742965698e-01
3.492268547415733337e-02
3.136300295591354370e-02
5.124540999531745911e-02
6.982334852218627930e-01
8.086606860160827637e-03
2.291559614241123199e-02
3.295598551630973816e-02
2.431513927876949310e-02
2.570791542530059814e-02
4.091737419366836548e-02
3.496288845781236887e-04
3.091156780719757080e-01
1.380356788635253906e+00
4.855980506590640289e-09
4.103210926587053109e-08
3.262250497937202454e-02
2.333579398691654205e-02
1.811323873698711395e-02
6.189382076263427734e-02
4.984089173376560211e-03
1.612573564052581787e-01
2.933497168123722076e-02
2.573762089014053345e-02
3.998995572328567505e-02
9.108978509902954102e-01
7.261445280164480209e-03
1.599082350730895996e-02
3.030085563659667969e-02
1.747243665158748627e-02
1.766136847436428070e-02
4.034951329231262207e-02
3.720209642779082060e-04
3.316681981086730957e-01
1.486597180366516113e+00
4.855980506590640289e-09
4.103210926587053109e-08
3.144914656877517700e-02
2.459546551108360291e-02
1.656849123537540436e-02
7.654946297407150269e-02
5.410746671259403229e-03
2.221369743347167969e-01
2.084488049149513245e-02
2.020595408976078033e-02
6.529179960489273071e-02
8.383653759956359863e-01
6.317028775811195374e-03
2.544349059462547302e-02
2.902619540691375732e-02
2.664386667311191559e-02
2.690017782151699066e-02
4.778432846069335938e-02
3.670104197226464748e-04
3.119965195655822754e-01
1.369667649269104004e+00
4.855980506590640289e-09
4.103210926587053109e-08
3.158913925290107727e-02
2.612829208374023438e-02
1.870775781571865082e-02
9.237358719110488892e-02
6.360305007547140121e-03
1.672610491514205933e-01
2.629606425762176514e-02
2.794981375336647034e-02
5.707401409745216370e-02
8.441711664199829102e-01
6.633919663727283478e-03
2.319453656673431396e-02
2.977912686765193939e-02
2.425064891576766968e-02
2.553518302738666534e-02
5.924025177955627441e-02
3.817595425061881542e-04
3.454126715660095215e-01
1.366102337837219238e+00
4.855980506590640289e-09
4.103210926587053109e-08
3.591667488217353821e-02
2.444542571902275085e-02
2.263569086790084839e-02
8.143323659896850586e-02
6.568447686731815338e-03
1.864282190799713135e-01
2.680852264165878296e-02
2.673915959894657135e-02
3.221321851015090942e-02
7.506906390190124512e-01
7.134150713682174683e-03
1.407076325267553329e-02
3.433637320995330811e-02
1.556585542857646942e-02
1.616127975285053253e-02
4.653009772300720215e-02
3.715533530339598656e-04
3.192273676395416260e-01
1.318697929382324219e+00
4.855980506590640289e-09
4.103210926587053109e-08
3.407816961407661438e-02
3.280840069055557251e-02
1.961158029735088348e-02
6.288611888885498047e-02
7.466446608304977417e-03
2.027589976787567139e-01
2.869482338428497314e-02
2.510753460228443146e-02
4.106846824288368225e-02
7.543177604675292969e-01
6.869347300380468369e-03
1.774964109063148499e-02
3.605390712618827820e-02
1.865105330944061279e-02
1.897291652858257294e-02
3.816686943173408508e-02
3.418031847104430199e-04
3.120660185813903809e-01
1.235871434211730957e+00
4.855980506590640289e-09
4.103210926587053109e-08
4.903113096952438354e-02
4.046197235584259033e-02
3.374374657869338989e-02
6.292250007390975952e-02
7.126689888536930084e-03
1.759264767169952393e-01
3.880990296602249146e-02
3.511487692594528198e-02
4.184889420866966248e-02
7.393767237663269043e-01
7.451931480318307877e-03
1.565814390778541565e-02
3.386853635311126709e-02
1.618545688688755035e-02
1.623778417706489563e-02
4.791230708360671997e-02
3.640262293629348278e-04
3.053785860538482666e-01
1.168930411338806152e+00
4.855980506590640289e-09
4.103210926587053109e-08
1.165748760104179382e-01
9.375594556331634521e-02
9.025608003139495850e-02
5.693454295396804810e-02
5.156540311872959137e-03
1.842929571866989136e-01
4.148595780134201050e-02
3.525111451745033264e-02
6.146818026900291443e-02
5.978795289993286133e-01
9.472218342125415802e-03
2.501800470054149628e-02
3.537871316075325012e-02
2.257598005235195160e-02
2.253418602049350739e-02
6.991165131330490112e-02
3.641982038971036673e-04
3.130949735641479492e-01
1.127978205680847168e+00
4.855980506590640289e-09
4.103210926587053109e-08
9.577092528343200684e-02
7.942523062229156494e-02
6.453250348567962646e-02
5.040846392512321472e-02
5.035114940255880356e-03
2.040434330701828003e-01
4.305432364344596863e-02
4.699239879846572876e-02
5.867473781108856201e-02
5.442224144935607910e-01
1.204685959964990616e-02
2.895376272499561310e-02
2.455300092697143555e-02
2.832815237343311310e-02
3.193605318665504456e-02
9.412532299757003784e-02
4.106808919459581375e-04
3.482404351234436035e-01
1.111449003219604492e+00
4.855980506590640289e-09
4.103210926587053109e-08
1.091384440660476685e-01
1.076229885220527649e-01
8.302303403615951538e-02
6.341639906167984009e-02
4.756363574415445328e-03
2.397479116916656494e-01
2.936837263405323029e-02
3.295332193374633789e-02
8.005489408969879150e-02
5.492430925369262695e-01
8.886212483048439026e-03
2.609126269817352295e-02
2.496766485273838043e-02
3.290991112589836121e-02
2.982030622661113739e-02
5.965116620063781738e-02
4.129476728849112988e-04
3.721857964992523193e-01
1.184619545936584473e+00
4.855980506590640289e-09
4.103210926587053109e-08
5.756540596485137939e-02
5.742485076189041138e-02
2.496252208948135376e-02
6.308587640523910522e-02
5.484397057443857193e-03
1.731004416942596436e-01
2.136473357677459717e-02
2.041543275117874146e-02
7.080446183681488037e-02
6.088916063308715820e-01
5.944078322499990463e-03
2.779553644359111786e-02
2.715455368161201477e-02
2.613449096679687500e-02
2.793163619935512543e-02
6.536911427974700928e-02
4.090397269465029240e-04
3.713371157646179199e-01
1.168927073478698730e+00
4.855980506590640289e-09
4.103210926587053109e-08
3.921523317694664001e-02
3.253250569105148315e-02
1.824204996228218079e-02
2.681128121912479401e-02
6.102929357439279556e-03
1.746260374784469604e-01
1.695655286312103271e-02
1.447105687111616135e-02
7.934118062257766724e-02
5.550084710121154785e-01
3.870735643431544304e-03
3.034798242151737213e-02
3.254185244441032410e-02
2.960532344877719879e-02
2.976028062403202057e-02
3.619245439767837524e-02
4.342103784438222647e-04
3.850606381893157959e-01
1.223798036575317383e+00
4.855980506590640289e-09
4.103210926587053109e-08
9.245394170284271240e-02
8.062362670898437500e-02
4.814302176237106323e-02
2.287160418927669525e-02
6.101379636675119400e-03
9.642952680587768555e-02
1.999318599700927734e-02
1.472895219922065735e-02
6.540216505527496338e-02
7.717207670211791992e-01
3.812760813161730766e-03
3.100368753075599670e-02
5.099451541900634766e-02
3.369260206818580627e-02
3.380640223622322083e-02
1.531246025115251541e-02
4.734146932605654001e-04
4.539548456668853760e-01
1.062944531440734863e+00
4.855980506590640289e-09
4.103210926587053109e-08
1.007623821496963501e-01
8.839707076549530029e-02
5.278685688972473145e-02
2.839915268123149872e-02
7.525919936597347260e-03
6.116161867976188660e-02
2.340263314545154572e-02
1.740368269383907318e-02
9.374949336051940918e-02
1.068389654159545898e+00
4.782002884894609451e-03
4.176245629787445068e-02
6.151232123374938965e-02
4.138649627566337585e-02
4.146672785282135010e-02
1.130525022745132446e-02
5.164232570677995682e-04
5.988071560859680176e-01
1.142891526222229004e+00
4.855980506590640289e-09
4.103210926587053109e-08
8.351627737283706665e-02
7.177570462226867676e-02
3.986125811934471130e-02
2.905135415494441986e-02
8.954993449151515961e-03
4.214469715952873230e-02
1.747599802911281586e-02
1.327961217612028122e-02
1.293427199125289917e-01
1.303948402404785156e+00
3.798376535996794701e-03
4.940410330891609192e-02
7.215259969234466553e-02
4.788889363408088684e-02
4.955699294805526733e-02
1.073462143540382385e-02
5.088967736810445786e-04
5.650140643119812012e-01
1.212553620338439941e+00
4.855980506590640289e-09
4.103210926587053109e-08
5.874814838171005249e-02
4.845072701573371887e-02
2.595603838562965393e-02
3.245859220623970032e-02
9.052364155650138855e-03
7.620435953140258789e-02
1.828397251665592194e-02
1.221254747360944748e-02
1.657306104898452759e-01
1.488661408424377441e+00
4.815562162548303604e-03
6.137726455926895142e-02
7.880437374114990234e-02
6.369709223508834839e-02
6.429706513881683350e-02
1.193125173449516296e-02
7.033974980004131794e-04
5.789475440979003906e-01
1.056376457214355469e+00
4.855980506590640289e-09
4.103210926587053109e-08
6.162768229842185974e-02
5.116672813892364502e-02
2.682928740978240967e-02
3.194170817732810974e-02
1.070045121014118195e-02
1.089566797018051147e-01
2.419950813055038452e-02
1.906066760420799255e-02
1.706328094005584717e-01
1.553753137588500977e+00
5.957420915365219116e-03
6.200352311134338379e-02
8.413694053888320923e-02
6.192573904991149902e-02
6.219702586531639099e-02
1.307440921664237976e-02
5.351297440938651562e-04
4.888766705989837646e-01
9.653837084770202637e-01
4.855980506590640289e-09
4.103210926587053109e-08
6.450078636407852173e-02
5.384927242994308472e-02
2.869223058223724365e-02
3.082504682242870331e-02
9.067211300134658813e-03
1.011111289262771606e-01
1.842912845313549042e-02
1.403710804879665375e-02
1.411536782979965210e-01
1.401075601577758789e+00
4.837392829358577728e-03
4.922092705965042114e-02
4.890587180852890015e-02
4.887486249208450317e-02
4.910952597856521606e-02
1.219495851546525955e-02
3.908503276761621237e-04
2.567149102687835693e-01
9.503343701362609863e-01
4.855980506590640289e-09
4.103210926587053109e-08
6.341373920440673828e-02
5.400228500366210938e-02
2.858608588576316833e-02
3.220512717962265015e-02
4.073365591466426849e-03
1.173640638589859009e-01
2.185619994997978210e-02
1.527648326009511948e-02
1.537236571311950684e-01
7.790347337722778320e-01
5.397097207605838776e-03
5.821670964360237122e-02
4.894632473587989807e-02
5.691192299127578735e-02
5.742166563868522644e-02
1.201502513140439987e-02
2.956623793579638004e-04
2.517201900482177734e-01
9.445195198059082031e-01
4.855980506590640289e-09
4.103210926587053109e-08
6.160253658890724182e-02
5.068705603480339050e-02
2.595745958387851715e-02
3.616025298833847046e-02
6.026835646480321884e-03
1.041394174098968506e-01
2.476091682910919189e-02
1.836266927421092987e-02
1.268161833286285400e-01
6.634316444396972656e-01
5.334988702088594437e-03
6.220065802335739136e-02
5.146959796547889709e-02
6.056300923228263855e-02
6.813426315784454346e-02
1.315109618008136749e-02
3.758048987947404385e-04
3.380580544471740723e-01
1.088970661163330078e+00
4.855980506590640289e-09
4.103210926587053109e-08
6.355582922697067261e-02
5.297603085637092590e-02
2.662616036832332611e-02
3.531774878501892090e-02
7.034054957330226898e-03
8.617364615201950073e-02
3.127521649003028870e-02
2.427134849131107330e-02
1.083095446228981018e-01
8.027396202087402344e-01
6.832026876509189606e-03
4.310369864106178284e-02
4.858728870749473572e-02
4.014279320836067200e-02
4.323991015553474426e-02
1.471007987856864929e-02
4.021251224912703037e-04
3.373180031776428223e-01
9.846093058586120605e-01
4.855980506590640289e-09
1.997391581535339355e-01
6.856233626604080200e-02
5.556112900376319885e-02
3.046334348618984222e-02
5.806846171617507935e-02
5.754362791776657104e-03
1.140920072793960571e-01
2.843663841485977173e-02
2.548575401306152344e-02
9.556269645690917969e-02
7.718530297279357910e-01
6.392913404852151871e-03
3.326700255274772644e-02
4.782973974943161011e-02
3.355955705046653748e-02
3.372294083237648010e-02
1.706246659159660339e-02
3.817097749561071396e-04
3.048677146434783936e-01
9.852240681648254395e-01
4.855980506590640289e-09
5.431488752365112305e-01
6.491197645664215088e-02
5.457804724574089050e-02
2.898678928613662720e-02
4.919948056340217590e-02
3.764176042750477791e-03
1.078076213598251343e-01
2.487284317612648010e-02
2.127907611429691315e-02
9.272539615631103516e-02
7.222825884819030762e-01
6.635725498199462891e-03
3.520964831113815308e-02
4.997609928250312805e-02
2.997764013707637787e-02
3.042671829462051392e-02
2.432359196245670319e-02
3.992511483374983072e-04
3.189521431922912598e-01
1.108677029609680176e+00
3.158129006624221802e-02
1.122349023818969727e+00
6.509952247142791748e-02
5.300468951463699341e-02
2.844923734664916992e-02
5.075987055897712708e-02
3.938788548111915588e-03
1.158814430236816406e-01
2.827409841120243073e-02
2.502144314348697662e-02
5.137722194194793701e-02
7.120114564895629883e-01
6.576414685696363449e-03
1.464206166565418243e-02
5.057523772120475769e-02
1.377726439386606216e-02
1.391666382551193237e-02
2.544624730944633484e-02
4.260312125552445650e-04
3.532500565052032471e-01
1.083914756774902344e+00
3.158111125230789185e-02
1.261781930923461914e+00
6.798112392425537109e-02
5.667202919721603394e-02
3.119082190096378326e-02
5.523943901062011719e-02
2.673801500350236893e-03
1.496365070343017578e-01
2.838213741779327393e-02
2.800051309168338776e-02
3.806335851550102234e-02
5.393267273902893066e-01
6.400424987077713013e-03
1.574576832354068756e-02
4.680971056222915649e-02
1.605414785444736481e-02
1.612035930156707764e-02
3.485399112105369568e-02
4.715271934401243925e-04
3.717011809349060059e-01
1.089794874191284180e+00
3.157991915941238403e-02
1.261786460876464844e+00
6.775957345962524414e-02
5.676486343145370483e-02
3.123294375836849213e-02
6.547769159078598022e-02
2.725708531215786934e-03
1.795461475849151611e-01
1.896139048039913177e-02
1.784177124500274658e-02
2.924973145127296448e-02
5.020356774330139160e-01
4.848362412303686142e-03
8.434290997684001923e-03
3.996093571186065674e-02
9.070816449820995331e-03
9.120504371821880341e-03
2.883445285260677338e-02
4.990230081602931023e-04
3.727526366710662842e-01
1.073126077651977539e+00
3.158185258507728577e-02
1.425363063812255859e+00
6.958837062120437622e-02
5.894302204251289368e-02
3.070492111146450043e-02
6.416422128677368164e-02
2.477863105013966560e-03
2.015714943408966064e-01
2.189816534519195557e-02
2.176381647586822510e-02
2.663737162947654724e-02
4.938447177410125732e-01
4.807438701391220093e-03
1.033617742359638214e-02
3.245330601930618286e-02
1.016298681497573853e-02
1.020805630832910538e-02
2.552820369601249695e-02
5.087302997708320618e-04
4.195062220096588135e-01
1.070996880531311035e+00
3.158196806907653809e-02
1.751551628112792969e+00
6.724841892719268799e-02
5.495578423142433167e-02
2.963981218636035919e-02
6.736506521701812744e-02
1.609238446690142155e-03
2.448339015245437622e-01
2.027096226811408997e-02
1.884539425373077393e-02
2.366706542670726776e-02
4.931538105010986328e-01
4.333094693720340729e-03
8.935760706663131714e-03
3.525259718298912048e-02
8.739968761801719666e-03
8.849028497934341431e-03
2.749703079462051392e-02
4.296537954360246658e-04
4.919168055057525635e-01
1.146165013313293457e+00
3.158436715602874756e-02
1.974843382835388184e+00
6.861135363578796387e-02
5.695170536637306213e-02
2.919734455645084381e-02
5.845625698566436768e-02
8.189988438971340656e-04
2.697495818138122559e-01
2.134375832974910736e-02
2.010567672550678253e-02
2.421703748404979706e-02
4.938710629940032959e-01
4.337736405432224274e-03
9.885109961032867432e-03
3.365897014737129211e-02
8.068869821727275848e-03
7.914165966212749481e-03
2.912384644150733948e-02
5.865890998393297195e-04
4.674352407455444336e-01
1.252708911895751953e+00
3.158529847860336304e-02
1.974836826324462891e+00
6.668810546398162842e-02
5.446553975343704224e-02
3.046742826700210571e-02
4.777887836098670959e-02
7.737934356555342674e-04
3.159252405166625977e-01
1.889779418706893921e-02
1.975507102906703949e-02
2.617952972650527954e-02
4.953781366348266602e-01
4.497296176850795746e-03
1.066347397863864899e-02
3.065300360321998596e-02
8.803364820778369904e-03
1.031393837183713913e-02
2.861106023192405701e-02
5.875681526958942413e-04
4.917162358760833740e-01
1.066118359565734863e+00
3.158511966466903687e-02
1.974837183952331543e+00
6.808111071586608887e-02
5.785035341978073120e-02
3.060476854443550110e-02
4.354842379689216614e-02
8.419622899964451790e-04
3.297665119171142578e-01
2.051230892539024353e-02
1.840585097670555115e-02
2.110737003386020660e-02
4.634354114532470703e-01
4.632720258086919785e-03
8.011943660676479340e-03
3.332805633544921875e-02
7.945703342556953430e-03
8.033858612179756165e-03
2.631847932934761047e-02
5.904042627662420273e-04
5.071970820426940918e-01
1.264592528343200684e+00
3.158363699913024902e-02
1.974846243858337402e+00
6.806781142950057983e-02
5.748376995325088501e-02
3.138039633631706238e-02
4.547070711851119995e-02
6.433759699575603008e-04
3.691715598106384277e-01
2.036348916590213776e-02
1.746988110244274139e-02
2.297387644648551941e-02
4.705193936824798584e-01
4.689114633947610855e-03
8.383797481656074524e-03
3.154509142041206360e-02
8.212214335799217224e-03
8.219494484364986420e-03
2.822730317711830139e-02
5.412501050159335136e-04
4.316619336605072021e-01
1.166839361190795898e+00
3.158574178814888000e-02
1.977699518203735352e+00
6.818833947181701660e-02
5.727305263280868530e-02
2.986223995685577393e-02
5.218877270817756653e-02
7.130361045710742474e-04
3.794591426849365234e-01
2.344323135912418365e-02
1.951374672353267670e-02
2.857402712106704712e-02
4.206671118736267090e-01
4.825495649129152298e-03
9.906132705509662628e-03
3.043753840029239655e-02
9.658803232014179230e-03
9.889889508485794067e-03
2.816341258585453033e-02
4.984896513633430004e-04
4.081166982650756836e-01
1.116141319274902344e+00
3.158551082015037537e-02
1.977702140808105469e+00
6.419990211725234985e-02
5.375005677342414856e-02
2.870908193290233612e-02
5.093132704496383667e-02
6.762684788554906845e-04
3.371701538562774658e-01
2.527212724089622498e-02
1.812937669456005096e-02
3.015714511275291443e-02
3.901432454586029053e-01
4.972421098500490189e-03
1.058363076299428940e-02
2.798116207122802734e-02
1.043169759213924408e-02
1.049788855016231537e-02
2.933311089873313904e-02
5.042483680881559849e-04
4.302676916122436523e-01
8.327476978302001953e-01
3.158587962388992310e-02
1.977699279785156250e+00
7.334238290786743164e-02
6.089922413229942322e-02
3.499170020222663879e-02
4.762894660234451294e-02
6.863038870505988598e-04
3.734200298786163330e-01
2.636710740625858307e-02
2.242690883576869965e-02
3.376145660877227783e-02
4.099690616130828857e-01
5.476539488881826401e-03
1.161478925496339798e-02
2.927717380225658417e-02
1.169575750827789307e-02
1.184075046330690384e-02
3.164637833833694458e-02
4.553783219307661057e-04
4.093210101127624512e-01
9.090860486030578613e-01
3.158723562955856323e-02
1.977696776390075684e+00
8.451006561517715454e-02
7.351905852556228638e-02
4.075893759727478027e-02
4.929047450423240662e-02
6.746902363374829292e-04
4.416786730289459229e-01
2.200046181678771973e-02
2.053845860064029694e-02
4.197294265031814575e-02
4.805885851383209229e-01
5.027852486819028854e-03
1.309199444949626923e-02
2.896974794566631317e-02
1.292373333126306534e-02
1.301734521985054016e-02
4.078073799610137939e-02
4.886818351224064827e-04
4.190340638160705566e-01
9.915379285812377930e-01
3.158596158027648926e-02
1.994124293327331543e+00
1.064303293824195862e-01
9.516194462776184082e-02
5.527320504188537598e-02
5.917274206876754761e-02
7.443437934853136539e-04
4.812089502811431885e-01
2.075757272541522980e-02
1.998960971832275391e-02
5.285853520035743713e-02
3.869531750679016113e-01
4.644611850380897522e-03
1.617424190044403076e-02
2.807738073170185089e-02
1.573467254638671875e-02
1.574381068348884583e-02
4.300341755151748657e-02
4.323801549617201090e-04
4.145020544528961182e-01
9.775810241699218750e-01
3.158489242196083069e-02
1.994122982025146484e+00
9.998716413974761963e-02
8.917354047298431396e-02
5.176721140742301941e-02
6.350675225257873535e-02
7.884717197157442570e-04
4.723296761512756348e-01
1.903793588280677795e-02
1.451390516012907028e-02
5.011641979217529297e-02
3.250644505023956299e-01
3.967006690800189972e-03
1.651818864047527313e-02
2.685178443789482117e-02
1.625278964638710022e-02
1.609699800610542297e-02
3.726157546043395996e-02
4.078652709722518921e-04
4.310884475708007812e-01
7.553851008415222168e-01
3.158544749021530151e-02
2.001116752624511719e+00
6.587339937686920166e-02
5.687595531344413757e-02
3.148128837347030640e-02
5.359455570578575134e-02
6.615608581341803074e-04
5.891163945198059082e-01
1.743710413575172424e-02
1.497853640466928482e-02
5.599321797490119934e-02
3.602669537067413330e-01
3.696430940181016922e-03
1.848417893052101135e-02
2.466865070164203644e-02
1.808450557291507721e-02
1.812684908509254456e-02
3.776105120778083801e-02
5.892569315619766712e-04
4.707477986812591553e-01
1.003167152404785156e+00
3.158472105860710144e-02
2.097681045532226562e+00
5.269958451390266418e-02
4.557100683450698853e-02
2.558683231472969055e-02
4.536103829741477966e-02
6.700832745991647243e-04
5.829899311065673828e-01
1.785891130566596985e-02
1.483713462948799133e-02
4.829100146889686584e-02
3.397055566310882568e-01
3.924155607819557190e-03
1.844448968768119812e-02
2.258073352277278900e-02
1.762843690812587738e-02
1.849026605486869812e-02
4.281841963529586792e-02
4.103026003576815128e-04
4.483320116996765137e-01
9.674382209777832031e-01
3.355747088789939880e-02
2.107357501983642578e+00
5.529912933707237244e-02
4.605542868375778198e-02
2.529687061905860901e-02
4.982965439558029175e-02
7.653016364201903343e-04
5.887768864631652832e-01
1.790362037718296051e-02
1.323428470641374588e-02
5.334400013089179993e-02
5.029150843620300293e-01
3.429674310609698296e-03
2.073887363076210022e-02
2.376817353069782257e-02
2.154510468244552612e-02
2.111423574388027191e-02
3.594904765486717224e-02
5.054980865679681301e-04
4.289661943912506104e-01
1.000692486763000488e+00
3.355814889073371887e-02
2.107362270355224609e+00
6.093087792396545410e-02
5.337354168295860291e-02
2.669306658208370209e-02
4.628149792551994324e-02
8.246368379332125187e-04
5.951339602470397949e-01
2.185628190636634827e-02
1.294608227908611298e-02
9.011079370975494385e-02
6.605073809623718262e-01
4.090182483196258545e-03
2.686867490410804749e-02
3.644079715013504028e-02
3.902748227119445801e-02
4.365773126482963562e-02
3.113612905144691467e-02
5.030180909670889378e-04
4.263850152492523193e-01
1.161966443061828613e+00
3.355805948376655579e-02
2.107359647750854492e+00
5.936573073267936707e-02
4.922198504209518433e-02
2.750773727893829346e-02
4.170100763440132141e-02
7.943670498207211494e-04
5.972340106964111328e-01
2.525441162288188934e-02
1.551624853163957596e-02
7.043601572513580322e-02
6.370128393173217773e-01
5.237500648945569992e-03
3.243281319737434387e-02
3.840629011392593384e-02
2.987171337008476257e-02
2.867526747286319733e-02
2.598103508353233337e-02
4.376441356725990772e-04
4.283442199230194092e-01
9.019964933395385742e-01
3.355933353304862976e-02
2.107363700866699219e+00
5.789407715201377869e-02
4.665588587522506714e-02
2.642649412155151367e-02
2.944483049213886261e-02
9.607475949451327324e-04
6.179594397544860840e-01
2.348178997635841370e-02
1.442824397236108780e-02
6.841341406106948853e-02
6.568900346755981445e-01
5.868309177458286285e-03
2.734358236193656921e-02
3.773323446512222290e-02
2.792272157967090607e-02
2.819093316793441772e-02
2.586433477699756622e-02
4.489761195145547390e-04
4.094341695308685303e-01
9.481024742126464844e-01
3.355780616402626038e-02
2.107360124588012695e+00
5.827089026570320129e-02
4.825376719236373901e-02
2.481994777917861938e-02
2.012386545538902283e-02
1.058270107023417950e-03
6.167897582054138184e-01
1.999651454389095306e-02
1.197094283998012543e-02
5.255394801497459412e-02
6.226323246955871582e-01
4.908129572868347168e-03
2.078003250062465668e-02
3.357261046767234802e-02
2.211841940879821777e-02
2.221353910863399506e-02
2.710431441664695740e-02
4.813525301869958639e-04
4.760304093360900879e-01
9.951275587081909180e-01
3.355847671627998352e-02
2.107358217239379883e+00
5.649793893098831177e-02
4.684304445981979370e-02
2.546023763716220856e-02
2.360103651881217957e-02
9.598212200216948986e-04
6.631892323493957520e-01
1.553209032863378525e-02
9.273889474570751190e-03
3.718592599034309387e-02
5.469034910202026367e-01
3.086653072386980057e-03
1.686989329755306244e-02
2.634043432772159576e-02
1.707136258482933044e-02
1.735481433570384979e-02
3.344883397221565247e-02
5.427536671049892902e-04
5.573644638061523438e-01
8.091454505920410156e-01
3.355802223086357117e-02
2.107361316680908203e+00
5.591836571693420410e-02
4.633291438221931458e-02
2.692155353724956512e-02
2.297335863113403320e-02
7.512989686802029610e-04
6.907042264938354492e-01
1.472313608974218369e-02
9.430213831365108490e-03
4.355248808860778809e-02
4.743788242340087891e-01
2.960270270705223083e-03
1.550867035984992981e-02
2.207820676267147064e-02
1.523250341415405273e-02
1.557468809187412262e-02
4.012569412589073181e-02
4.962448729202151299e-04
4.963634908199310303e-01
1.097229838371276855e+00
3.355552628636360168e-02
2.107344865798950195e+00
5.734520778059959412e-02
4.811794310808181763e-02
2.606496401131153107e-02
2.112570218741893768e-02
5.255053984001278877e-04
6.516522765159606934e-01
1.827473379671573639e-02
1.151727512478828430e-02
6.242963299155235291e-02
6.880346536636352539e-01
3.804965410381555557e-03
2.246950007975101471e-02
2.935329824686050415e-02
2.366347610950469971e-02
2.364100702106952667e-02
3.882458433508872986e-02
5.274016293697059155e-04
5.465447306632995605e-01
9.226639270782470703e-01
3.355649858713150024e-02
2.107342004776000977e+00
5.636718869209289551e-02
4.674590378999710083e-02
2.539761923253536224e-02
2.103249728679656982e-02
5.287732928991317749e-04
6.600246429443359375e-01
2.118468843400478363e-02
1.185841020196676254e-02
3.893011063337326050e-02
6.194682121276855469e-01
4.380250349640846252e-03
1.506929472088813782e-02
2.836327627301216125e-02
1.621026732027530670e-02
1.636384986340999603e-02
3.331141918897628784e-02
5.531560163944959641e-04
5.123495459556579590e-01
1.069741964340209961e+00
3.355361148715019226e-02
2.107345104217529297e+00
5.713915079832077026e-02
4.689138755202293396e-02
2.753408811986446381e-02
2.136036753654479980e-02
4.704767488874495029e-04
6.580722928047180176e-01
2.320254780352115631e-02
1.291451137512922287e-02
5.896974354982376099e-02
4.821527600288391113e-01
4.629190079867839813e-03
2.407542802393436432e-02
2.270523272454738617e-02
2.390936948359012604e-02
2.422207035124301910e-02
3.289870545268058777e-02
4.994469927623867989e-04
4.264059960842132568e-01
1.595269680023193359e+00
3.355628252029418945e-02
2.107349634170532227e+00
5.779214575886726379e-02
4.922451823949813843e-02
2.672568708658218384e-02
2.052689716219902039e-02
4.994690534658730030e-04
7.415799498558044434e-01
2.161531709134578705e-02
1.314667891710996628e-02
5.241452530026435852e-02
5.191916227340698242e-01
4.306896589696407318e-03
2.246633730828762054e-02
2.347752638161182404e-02
2.331156283617019653e-02
2.354082465171813965e-02
3.314601629972457886e-02
4.974864423274993896e-04
4.034703075885772705e-01
1.539952635765075684e+00
3.355605155229568481e-02
2.107337474822998047e+00
5.775017291307449341e-02
4.814629256725311279e-02
2.483769506216049194e-02
2.162502519786357880e-02
5.903591518290340900e-04
7.657919526100158691e-01
1.990884169936180115e-02
1.066221948713064194e-02
4.984040930867195129e-02
4.399962127208709717e-01
3.441749839112162590e-03
2.051920071244239807e-02
2.342142909765243530e-02
2.141980826854705811e-02
2.164822444319725037e-02
3.703444823622703552e-02
5.199942388571798801e-04
4.843267798423767090e-01
8.481110334396362305e-01
3.355570882558822632e-02
2.107335090637207031e+00
5.739650130271911621e-02
4.735127091407775879e-02
2.519656345248222351e-02
1.901590079069137573e-02
5.697755841538310051e-04
7.796549797058105469e-01
1.606866903603076935e-02
9.438566863536834717e-03
4.048462584614753723e-02
4.897726178169250488e-01
3.387926612049341202e-03
1.621787063777446747e-02
2.247687801718711853e-02
1.697587594389915466e-02
1.729107461869716644e-02
3.919796645641326904e-02
6.356576923280954361e-04
5.024604797363281250e-01
7.983049750328063965e-01
3.355722129344940186e-02
2.107351303100585938e+00
5.237143486738204956e-02
4.310180991888046265e-02
2.442007698118686676e-02
2.250684984028339386e-02
7.025338709354400635e-04
7.821825742721557617e-01
2.455919049680233002e-02
1.183579396456480026e-02
4.083526879549026489e-02
5.277186632156372070e-01
4.748799838125705719e-03
1.546776108443737030e-02
2.446953393518924713e-02
1.493507158011198044e-02
1.763434708118438721e-02
4.017811268568038940e-02
4.666984314098954201e-04
4.584887921810150146e-01
9.472240209579467773e-01
3.355814516544342041e-02
2.107344388961791992e+00
5.342687293887138367e-02
4.440431669354438782e-02
2.367022447288036346e-02
3.042190149426460266e-02
1.025175093673169613e-03
8.303328752517700195e-01
1.599609106779098511e-02
8.930019102990627289e-03
4.608549550175666809e-02
4.579381048679351807e-01
2.619859762489795685e-03
1.741366088390350342e-02
2.334213443100452423e-02
1.805730722844600677e-02
1.811842620372772217e-02
4.283132404088973999e-02
5.077575333416461945e-04
4.891627132892608643e-01
8.941853642463684082e-01
3.355761244893074036e-02
2.107331991195678711e+00
5.441468209028244019e-02
4.519085213541984558e-02
2.407390251755714417e-02
2.575645782053470612e-02
6.570649566128849983e-04
8.099356293678283691e-01
1.653536409139633179e-02
9.280219674110412598e-03
4.722003266215324402e-02
5.600999593734741211e-01
3.721835324540734291e-03
1.931498199701309204e-02
2.120184153318405151e-02
1.860579289495944977e-02
1.761425659060478210e-02
4.221990332007408142e-02
6.118033197708427906e-04
4.999620020389556885e-01
7.579762339591979980e-01
3.355825319886207581e-02
2.107337713241577148e+00
5.278611183166503906e-02
4.444875568151473999e-02
2.283037267625331879e-02
2.752027101814746857e-02
1.116026542149484158e-03
7.910227179527282715e-01
1.888656802475452423e-02
1.002838183194398880e-02
6.920664012432098389e-02
7.127248048782348633e-01
3.963631577789783478e-03
2.628728933632373810e-02
3.570305928587913513e-02
2.698921039700508118e-02
2.737411484122276306e-02
4.362364485859870911e-02
6.564247887581586838e-04
5.157386064529418945e-01
7.336529493331909180e-01
3.355766087770462036e-02
2.107342958450317383e+00
5.275259539484977722e-02
4.401392489671707153e-02
2.297607436776161194e-02
3.085302188992500305e-02
1.188852824270725250e-03
8.393191099166870117e-01
1.653822883963584900e-02
9.343825280666351318e-03
9.801975637674331665e-02
6.999316215515136719e-01
3.922943025827407837e-03
3.716902434825897217e-02
3.333764523267745972e-02
3.527887910604476929e-02
3.311209380626678467e-02
3.880337998270988464e-02
7.377255824394524097e-04
5.682874321937561035e-01
6.250737905502319336e-01
3.355775400996208191e-02
2.107345581054687500e+00
5.540457740426063538e-02
4.534684866666793823e-02
2.509471029043197632e-02
3.255073726177215576e-02
1.156012876890599728e-03
8.074564933776855469e-01
1.217647362500429153e-02
1.349306665360927582e-02
8.195365965366363525e-02
7.208476662635803223e-01
3.013302106410264969e-03
3.081308118999004364e-02
3.534705564379692078e-02
3.277116268873214722e-02
3.300957009196281433e-02
6.826899945735931396e-02
8.780955104157328606e-04
6.327450275421142578e-01
6.356638669967651367e-01
3.355909138917922974e-02
2.107355117797851562e+00
7.500639557838439941e-02
6.380235403776168823e-02
3.592943400144577026e-02
3.695227578282356262e-02
1.003515906631946564e-03
8.437463641166687012e-01
3.775766491889953613e-02
7.453079521656036377e-02
1.730062663555145264e-01
8.605186939239501953e-01
6.556346081197261810e-03
7.226654142141342163e-02
4.045738652348518372e-02
7.691887766122817993e-02
7.705862820148468018e-02
1.307082176208496094e-01
7.759540458209812641e-04
6.388470530509948730e-01
6.437611579895019531e-01
3.356004506349563599e-02
2.107350826263427734e+00
1.058873236179351807e-01
9.437914937734603882e-02
5.614470317959785461e-02
3.823464736342430115e-02
2.035229001194238663e-03
8.602356910705566406e-01
5.910690501332283020e-02
8.970461785793304443e-02
1.025788113474845886e-01
6.665305495262145996e-01
1.089388597756624222e-02
4.273581877350807190e-02
3.198875486850738525e-02
4.725846275687217712e-02
4.615407809615135193e-02
1.925874948501586914e-01
7.841168553568422794e-04
6.535527110099792480e-01
6.824404597282409668e-01
3.355979546904563904e-02
2.107349634170532227e+00
8.474757522344589233e-02
7.142106443643569946e-02
3.858417645096778870e-02
1.038084253668785095e-01
1.273861387744545937e-03
9.507120847702026367e-01
2.231543324887752533e-02
4.426405951380729675e-02
1.137044578790664673e-01
5.274008512496948242e-01
5.712779704481363297e-03
4.220987111330032349e-02
2.907242625951766968e-02
4.350982233881950378e-02
4.419429972767829895e-02
1.435790061950683594e-01
7.857927121222019196e-04
6.471343040466308594e-01
7.515257596969604492e-01
3.355766087770462036e-02
2.107343673706054688e+00
4.117936640977859497e-02
3.166256472468376160e-02
1.699420996010303497e-02
5.407861247658729553e-02
1.221858547069132328e-03
9.856902360916137695e-01
1.875736191868782043e-02
2.020164765417575836e-02
8.987797796726226807e-02
6.429312825202941895e-01
3.715728642418980598e-03
3.092853538691997528e-02
3.324910625815391541e-02
3.323047608137130737e-02
3.345221281051635742e-02
9.001076966524124146e-02
7.448706310242414474e-04
5.625612735748291016e-01
7.376769781112670898e-01
3.355785086750984192e-02
2.107357263565063477e+00
1.463750600814819336e-01
1.022696048021316528e-01
3.037333488464355469e-02
3.433784842491149902e-02
1.158050959929823875e-03
9.460185766220092773e-01
3.703279793262481689e-02
2.110396884381771088e-02
8.928606659173965454e-02
7.417874336242675781e-01
6.367935799062252045e-03
3.319718688726425171e-02
4.143354296684265137e-02
3.767362236976623535e-02
3.889949619770050049e-02
7.887840270996093750e-02
7.149490993469953537e-04
5.589506626129150391e-01
7.461387515068054199e-01
3.355900570750236511e-02
2.107371330261230469e+00
1.646630764007568359e-01
1.270508766174316406e-01
5.323893204331398010e-02
5.189865082502365112e-02
1.233563525602221489e-03
8.905891180038452148e-01
8.189807087182998657e-02
5.457210540771484375e-02
1.161996200680732727e-01
1.498913049697875977e+00
1.413980685174465179e-02
5.137101188302040100e-02
7.644377648830413818e-02
5.098460242152214050e-02
5.159003287553787231e-02
4.472959414124488831e-02
5.373526946641504765e-04
4.887166321277618408e-01
7.205507159233093262e-01
3.355891257524490356e-02
2.107365131378173828e+00
2.211474478244781494e-01
2.044429779052734375e-01
7.297570258378982544e-02
9.442676603794097900e-02
1.055867061950266361e-03
6.883522868156433105e-01
1.090120375156402588e-01
8.098372071981430054e-02
1.032767891883850098e-01
1.374430418014526367e+00
2.200964465737342834e-02
4.128503054380416870e-02
6.861367821693420410e-02
4.251430183649063110e-02
3.931031748652458191e-02
4.662745073437690735e-02
5.681385518983006477e-04
4.871309399604797363e-01
7.490506172180175781e-01
3.355917707085609436e-02
2.107362985610961914e+00
1.226153820753097534e-01
1.053741872310638428e-01
6.010074913501739502e-02
1.120136231184005737e-01
1.279732445254921913e-03
4.827904999256134033e-01
1.323879212141036987e-01
7.735393196344375610e-02
9.277518093585968018e-02
1.248618483543395996e+00
2.609828487038612366e-02
4.080437496304512024e-02
5.465710908174514771e-02
3.664723038673400879e-02
3.700355812907218933e-02
5.683953315019607544e-02
4.627855087164789438e-04
3.999245166778564453e-01
8.161870837211608887e-01
3.355805203318595886e-02
2.107365369796752930e+00
8.888719230890274048e-02
8.875890821218490601e-02
4.077401012182235718e-02
1.806346774101257324e-01
1.389189856126904488e-03
5.258020162582397461e-01
8.416834473609924316e-02
5.750052258372306824e-02
1.040320247411727905e-01
9.553347229957580566e-01
1.795496232807636261e-02
3.828311339020729065e-02
5.484250187873840332e-02
3.940819948911666870e-02
3.979491442441940308e-02
5.400118231773376465e-02
4.438819014467298985e-04
4.216514825820922852e-01
8.398692011833190918e-01
3.355906158685684204e-02
2.107373952865600586e+00
5.955724418163299561e-02
4.630970954895019531e-02
3.151445835828781128e-02
2.298101484775543213e-01
1.499940059147775173e-03
4.039186835289001465e-01
3.792976588010787964e-02
2.247387170791625977e-02
1.349046379327774048e-01
8.992918729782104492e-01
8.579264394938945770e-03
5.372847244143486023e-02
4.519218951463699341e-02
5.303544551134109497e-02
5.111890658736228943e-02
5.854838714003562927e-02
3.891201340593397617e-04
4.493372738361358643e-01
9.455513954162597656e-01
3.355839103460311890e-02
2.107380390167236328e+00
4.785777255892753601e-02
3.833100944757461548e-02
2.145481668412685394e-02
1.239631623029708862e-01
1.875610090792179108e-03
4.399747252464294434e-01
4.214983060956001282e-02
2.707663550972938538e-02
1.390589922666549683e-01
7.879851460456848145e-01
9.725714102387428284e-03
4.988510161638259888e-02
3.999000787734985352e-02
4.970742017030715942e-02
5.101520568132400513e-02
4.695574566721916199e-02
5.513679934665560722e-04
4.765084683895111084e-01
9.248341321945190430e-01
3.355755656957626343e-02
2.107379436492919922e+00
4.451570659875869751e-02
3.712541237473487854e-02
1.422389037907123566e-02
8.862455934286117554e-02
1.705591916106641293e-03
4.886893332004547119e-01
3.315328806638717651e-02
2.925390936434268951e-02
1.192025691270828247e-01
7.856195569038391113e-01
6.535469554364681244e-03
5.157472938299179077e-02
2.674872800707817078e-02
5.105379596352577209e-02
5.139563232660293579e-02
5.079369246959686279e-02
5.124013405293226242e-04
5.117354393005371094e-01
8.285344243049621582e-01
3.355797007679939270e-02
2.107388734817504883e+00
5.087717249989509583e-02
3.813016414642333984e-02
1.628077402710914612e-02
7.527731359004974365e-02
1.841175951994955540e-03
3.682063221931457520e-01
4.177581518888473511e-02
2.340628579258918762e-02
1.364685297012329102e-01
7.844151854515075684e-01
6.575533188879489899e-03
4.938062652945518494e-02
3.571170940995216370e-02
5.495728924870491028e-02
5.594270676374435425e-02
4.510737583041191101e-02
4.223755386192351580e-04
3.413573801517486572e-01
8.334630131721496582e-01
3.355739638209342957e-02
2.107402086257934570e+00
4.376728087663650513e-02
3.218855336308479309e-02
1.678289659321308136e-02
6.715031713247299194e-02
1.705581205897033215e-03
4.763666689395904541e-01
3.490437939763069153e-02
2.979696355760097504e-02
1.387508213520050049e-01
6.410392522811889648e-01
5.476723890751600266e-03
4.747997596859931946e-02
3.343159332871437073e-02
5.017724633216857910e-02
5.530542507767677307e-02
4.969288036227226257e-02
4.178707022219896317e-04
3.677774071693420410e-01
8.503423333168029785e-01
3.355836868286132812e-02
2.107420921325683594e+00
4.551350325345993042e-02
3.336719796061515808e-02
1.457459013909101486e-02
8.511251956224441528e-02
1.596625195816159248e-03
6.113586425781250000e-01
2.455013059079647064e-02
1.572966203093528748e-02
1.536823958158493042e-01
1.015815496444702148e+00
6.277704611420631409e-03
5.746822059154510498e-02
4.676206409931182861e-02
5.861944332718849182e-02
5.887099727988243103e-02
2.541307546198368073e-02
5.195076810196042061e-04
4.268142580986022949e-01
8.514511585235595703e-01
3.355815261602401733e-02
2.107442855834960938e+00
3.614025563001632690e-02
2.556521072983741760e-02
1.512924861162900925e-02
8.546773344278335571e-02
1.654161256738007069e-03
3.738352060317993164e-01
2.105407789349555969e-02
1.411911658942699432e-02
1.571675240993499756e-01
8.764742016792297363e-01
3.583848010748624802e-03
5.750454217195510864e-02
4.682578146457672119e-02
5.737293884158134460e-02
5.679376795887947083e-02
1.786097697913646698e-02
3.533308045007288456e-04
3.353357911109924316e-01
8.560428619384765625e-01
3.356144577264785767e-02
2.107471704483032227e+00
4.140149429440498352e-02
3.514989838004112244e-02
2.372032590210437775e-02
9.169882535934448242e-02
1.305555691942572594e-03
4.904921054840087891e-01
2.458218671381473541e-02
9.305259212851524353e-03
1.777095049619674683e-01
1.038502097129821777e+00
4.917130339890718460e-03
5.976526066660881042e-02
5.318334698677062988e-02
6.149480491876602173e-02
6.386099010705947876e-02
1.586296409368515015e-02
4.801048489753156900e-04
3.816474676132202148e-01
8.276373744010925293e-01
3.356245905160903931e-02
2.107492446899414062e+00
4.762694239616394043e-02
3.242050856351852417e-02
1.979348249733448029e-02
5.236650630831718445e-02
1.364862313494086266e-03
2.506340444087982178e-01
1.718405447900295258e-02
1.585992425680160522e-02
1.162219271063804626e-01
7.481507062911987305e-01
4.084416665136814117e-03
4.391293600201606750e-02
4.397172480821609497e-02
4.225633293390274048e-02
4.239045456051826477e-02
2.613169513642787933e-02
6.235007895156741142e-04
3.824736773967742920e-01
8.087551593780517578e-01
3.356280922889709473e-02
1.699699401855468750e+00
5.661698803305625916e-02
4.353079944849014282e-02
2.034687995910644531e-02
5.163389071822166443e-02
1.306787598878145218e-03
2.472274154424667358e-01
2.289516292512416840e-02
1.900653913617134094e-02
1.106898412108421326e-01
6.924602389335632324e-01
4.726452752947807312e-03
4.015983268618583679e-02
3.713347762823104858e-02
3.899025917053222656e-02
3.920313715934753418e-02
2.335207164287567139e-02
6.193905137479305267e-04
4.412722885608673096e-01
8.042585253715515137e-01
3.356031700968742371e-02
9.138818383216857910e-01
1.057270839810371399e-01
8.657208085060119629e-02
4.806483536958694458e-02
5.374331027269363403e-02
1.404271461069583893e-03
3.106633722782135010e-01
2.823963947594165802e-02
1.360610872507095337e-02
1.113080307841300964e-01
7.574841976165771484e-01
6.557865999639034271e-03
4.187286272644996643e-02
3.547811880707740784e-02
3.732336685061454773e-02
3.743665665388107300e-02
1.063580345362424850e-02
5.364394746720790863e-04
4.658530950546264648e-01
7.935146093368530273e-01
9.243468753993511200e-03
8.329680562019348145e-01
1.439746022224426270e-01
1.277646869421005249e-01
7.325851172208786011e-02
5.308695137500762939e-02
1.891960040666162968e-03
2.906419336795806885e-01
7.550953328609466553e-02
4.939536750316619873e-02
1.275386065244674683e-01
9.295033216476440430e-01
1.437042560428380966e-02
4.418250918388366699e-02
5.452401190996170044e-02
4.215133935213088989e-02
4.248583316802978516e-02
1.171212643384933472e-02
7.855348521843552589e-04
6.308616399765014648e-01
8.166524767875671387e-01
3.317288588732481003e-03
7.743020057678222656e-01
1.598399728536605835e-01
1.225652471184730530e-01
7.405826449394226074e-02
9.078754484653472900e-02
2.316616941243410110e-03
3.330411911010742188e-01
8.408213406801223755e-02
5.855266377329826355e-02
1.323083043098449707e-01
1.036073327064514160e+00
1.692346669733524323e-02
5.017354339361190796e-02
6.523889303207397461e-02
4.693480953574180603e-02
4.733159020543098450e-02
1.735346764326095581e-02
8.412817842327058315e-04
6.561541557312011719e-01
8.284370899200439453e-01
3.825404448434710503e-03
8.263858556747436523e-01
1.313728839159011841e-01
1.188438311219215393e-01
6.118927523493766785e-02
9.979791939258575439e-02
1.776173012331128120e-03
3.344436287879943848e-01
7.843370735645294189e-02
5.481775104999542236e-02
1.252821385860443115e-01
8.233270049095153809e-01
1.625280268490314484e-02
4.508394375443458557e-02
4.780533909797668457e-02
4.305902495980262756e-02
4.347475990653038025e-02
2.735303714871406555e-02
8.399339276365935802e-04
7.158092260360717773e-01
8.044363856315612793e-01
3.574437927454710007e-03
4.503391683101654053e-01
6.645360589027404785e-02
7.076920568943023682e-02
2.853156626224517822e-02
1.136022880673408508e-01
1.681779627688229084e-03
3.622188866138458252e-01
2.880414947867393494e-02
2.342139370739459991e-02
1.064236983656883240e-01
3.606108725070953369e-01
8.243932388722896576e-03
3.712776675820350647e-02
6.542955990880727768e-03
3.682455420494079590e-02
3.698453307151794434e-02
3.718489781022071838e-02
8.310108678415417671e-04
6.434024572372436523e-01
7.930886149406433105e-01
3.832743968814611435e-03
4.423603415489196777e-01
1.546220108866691589e-02
1.014446746557950974e-02
6.502366624772548676e-03
1.003051847219467163e-01
1.506634638644754887e-03
4.155112802982330322e-01
2.355226874351501465e-02
1.698586530983448029e-02
1.060879379510879517e-01
3.716575205326080322e-01
7.413948420435190201e-03
3.823503851890563965e-02
1.484387647360563278e-02
3.575252741575241089e-02
3.604377061128616333e-02
4.000569507479667664e-02
7.188654271885752678e-04
5.913186073303222656e-01
8.085823059082031250e-01
2.495848108083009720e-03
2.813016474246978760e-01
1.682577840983867645e-02
1.838171109557151794e-02
1.298396196216344833e-02
8.880177885293960571e-02
1.359922462143003941e-03
4.708969593048095703e-01
2.909075282514095306e-02
1.921282894909381866e-02
1.137261837720870972e-01
4.649029672145843506e-01
5.010095890611410141e-03
3.647789731621742249e-02
1.259193290024995804e-02
3.645943850278854370e-02
3.679823130369186401e-02
2.495932020246982574e-02
6.535552674904465675e-04
4.857868850231170654e-01
7.823519110679626465e-01
3.862844314426183701e-03
3.255462646484375000e-01
2.242615632712841034e-02
2.321890182793140411e-02
1.561871729791164398e-02
7.830170542001724243e-02
1.258736359886825085e-03
5.353399515151977539e-01
2.767229638993740082e-02
1.585830375552177429e-02
1.194789856672286987e-01
4.316858649253845215e-01
5.070799496024847031e-03
3.916946053504943848e-02
1.298755407333374023e-02
3.882768750190734863e-02
3.695162013173103333e-02
2.567901276051998138e-02
7.047172985039651394e-04
5.909667015075683594e-01
7.934100031852722168e-01
3.300147829577326775e-03
2.763778567314147949e-01
1.608183979988098145e-02
1.691667549312114716e-02
1.063344813883304596e-02
6.341180950403213501e-02
1.358036999590694904e-03
6.289730072021484375e-01
3.623748943209648132e-02
2.072766050696372986e-02
1.134911626577377319e-01
3.728399276733398438e-01
6.118602585047483444e-03
3.773010522127151489e-02
1.132872421294450760e-02
3.239061310887336731e-02
3.165068104863166809e-02
2.783885970711708069e-02
7.219137623906135559e-04
6.445818543434143066e-01
7.783631086349487305e-01
3.998582717031240463e-03
2.596675157546997070e-01
6.842193193733692169e-03
6.905246526002883911e-03
4.098908510059118271e-03
5.540317669510841370e-02
1.354596577584743500e-03
6.437428593635559082e-01
3.193756937980651855e-02
2.081735059618949890e-02
9.754832834005355835e-02
2.133513391017913818e-01
5.751477088779211044e-03
2.871456556022167206e-02
1.056607998907566071e-02
2.854788862168788910e-02
2.874474041163921356e-02
3.251673653721809387e-02
7.061154465191066265e-04
6.348652243614196777e-01
7.883328795433044434e-01
2.728982828557491302e-03
3.422493338584899902e-01
1.289570331573486328e-02
1.608153991401195526e-02
7.241297513246536255e-03
6.031933799386024475e-02
1.377866021357476711e-03
7.167553901672363281e-01
4.512033611536026001e-02
2.589309588074684143e-02
1.097051426768302917e-01
2.626882195472717285e-01
7.485206704586744308e-03
3.377126902341842651e-02
9.543330408632755280e-03
3.160719200968742371e-02
3.183903172612190247e-02
4.606259614229202271e-02
6.279266090132296085e-04
6.062882542610168457e-01
7.732353210449218750e-01
3.704530419781804085e-03
5.661507248878479004e-01
1.229298114776611328e-02
1.325531210750341415e-02
7.425103802233934402e-03
6.693212687969207764e-02
1.355732092633843422e-03
7.791450023651123047e-01
4.650697857141494751e-02
3.707067295908927917e-02
1.081801131367683411e-01
2.676194906234741211e-01
8.070984855294227600e-03
3.552580997347831726e-02
1.008225325495004654e-02
3.625267371535301208e-02
3.648232668638229370e-02
4.569840431213378906e-02
6.066426285542547703e-04
5.828396677970886230e-01
7.754840850830078125e-01
3.510554553940892220e-03
2.463614195585250854e-01
7.062288932502269745e-03
7.738602347671985626e-03
4.779960960149765015e-03
7.532861083745956421e-02
1.397890388034284115e-03
8.519883155822753906e-01
5.011785775423049927e-02
3.852032870054244995e-02
1.085286363959312439e-01
2.775208055973052979e-01
9.427348151803016663e-03
3.494082018733024597e-02
1.164910756051540375e-02
3.041629306972026825e-02
3.043745830655097961e-02
4.109648242592811584e-02
6.182693759910762310e-04
5.837610960006713867e-01
7.869440913200378418e-01
3.716651815921068192e-03
2.809215188026428223e-01
5.695316940546035767e-03
6.276282481849193573e-03
3.100163070484995842e-03
7.915161550045013428e-02
1.345510594546794891e-03
9.042048454284667969e-01
5.165700241923332214e-02
3.875067830085754395e-02
1.749709397554397583e-01
2.609273195266723633e-01
9.369671344757080078e-03
5.701140686869621277e-02
1.097135804593563080e-02
5.303377658128738403e-02
5.338427424430847168e-02
4.357581213116645813e-02
6.379478727467358112e-04
6.058220863342285156e-01
7.837973237037658691e-01
2.563299145549535751e-03
8.048592805862426758e-01
5.165110807865858078e-03
4.993657115846872330e-03
2.358464058488607407e-03
7.713304460048675537e-02
1.347931451164186001e-03
1.062781214714050293e+00
4.456656798720359802e-02
2.748848684132099152e-02
1.738279610872268677e-01
2.665463984012603760e-01
7.987850345671176910e-03
5.355403572320938110e-02
9.769727475941181183e-03
4.691544175148010254e-02
4.676559939980506897e-02
5.329612269997596741e-02
6.026810733601450920e-04
5.371744036674499512e-01
8.038172721862792969e-01
3.974817693233489990e-03
5.005227327346801758e-01
5.761675070971250534e-03
5.332155618816614151e-03
3.265223698690533638e-03
7.161146402359008789e-02
1.292102853767573833e-03
1.110310196876525879e+00
3.279414772987365723e-02
1.986840739846229553e-02
2.738607227802276611e-01
2.790960669517517090e-01
5.539108533412218094e-03
9.381944686174392700e-02
1.293581724166870117e-02
8.391710370779037476e-02
8.416429162025451660e-02
5.214878544211387634e-02
5.874161724932491779e-04
5.332112312316894531e-01
8.151822686195373535e-01
3.869132604449987411e-03
3.327845931053161621e-01
5.072806030511856079e-03
4.784879740327596664e-03
3.005045466125011444e-03
6.294895708560943604e-02
1.257626689039170742e-03
1.255438446998596191e+00
2.456150390207767487e-02
2.102736942470073700e-02
2.487885206937789917e-01
2.227797508239746094e-01
4.822068847715854645e-03
7.571909576654434204e-02
1.493018399924039841e-02
7.393515855073928833e-02
7.435694336891174316e-02
5.919018760323524475e-02
5.047174054197967052e-04
5.625475645065307617e-01
8.258186578750610352e-01
1.974112121388316154e-03
1.527166813611984253e-01
5.353027023375034332e-03
4.956213291734457016e-03
3.122249618172645569e-03
5.698280036449432373e-02
1.116129453293979168e-03
1.364584445953369141e+00
2.507015131413936615e-02
1.776007190346717834e-02
2.394373565912246704e-01
2.083341479301452637e-01
4.906880669295787811e-03
7.707908749580383301e-02
1.282784156501293182e-02
7.077252119779586792e-02
7.065068185329437256e-02
6.128594279289245605e-02
6.270547746680676937e-04
5.532364845275878906e-01
8.099675774574279785e-01
2.681131081772036850e-05
5.102989822626113892e-02
6.366943474858999252e-03
5.542398896068334579e-03
3.663426032289862633e-03
6.065382808446884155e-02
1.104280469007790089e-03
1.660215854644775391e+00
3.330148383975028992e-02
2.153437957167625427e-02
2.113250046968460083e-01
1.985830068588256836e-01
5.281185265630483627e-03
6.804573535919189453e-02
1.246660482138395309e-02
5.720730125904083252e-02
5.791888386011123657e-02
6.644201278686523438e-02
5.754907033406198025e-04
5.224527716636657715e-01
7.943555116653442383e-01
1.009061816148459911e-05
1.337682157754898071e-01
6.380961276590824127e-03
6.043956615030765533e-03
3.639013040810823441e-03
6.937555223703384399e-02
1.089970464818179607e-03
2.322498559951782227e+00
2.860639430582523346e-02
2.357391826808452606e-02
2.751873135566711426e-01
3.855478167533874512e-01
5.104055162519216537e-03
9.540995955467224121e-02
2.059067785739898682e-02
9.158080816268920898e-02
9.288614988327026367e-02
8.440424501895904541e-02
6.227278499864041805e-04
7.095215916633605957e-01
7.984137535095214844e-01
9.204564776155166328e-06
3.847939521074295044e-02
6.482235621660947800e-03
5.884546786546707153e-03
4.113428760319948196e-03
7.718654721975326538e-02
1.213515526615083218e-03
2.567265748977661133e+00
2.773485891520977020e-02
2.193025685846805573e-02
3.196699321269989014e-01
5.872747302055358887e-01
5.755498539656400681e-03
1.061125025153160095e-01
2.678195387125015259e-02
9.350156038999557495e-02
9.444902092218399048e-02
9.612737596035003662e-02
6.579426117241382599e-04
6.988597512245178223e-01
8.150584697723388672e-01
1.267835614271461964e-05
2.890119701623916626e-02
6.042164750397205353e-03
5.124572198837995529e-03
3.770472016185522079e-03
6.592312455177307129e-02
1.247623469680547714e-03
3.181423425674438477e+00
3.445208072662353516e-02
2.416118606925010681e-02
3.098637163639068604e-01
4.066714644432067871e-01
6.790116429328918457e-03
1.053545102477073669e-01
2.338693290948867798e-02
9.481722861528396606e-02
1.073938459157943726e-01
1.036467999219894409e-01
7.744470494799315929e-04
7.102437019348144531e-01
8.241894245147705078e-01
8.747183528612367809e-06
1.815387513488531113e-03
6.157961674034595490e-03
5.731582641601562500e-03
3.527987282723188400e-03
7.783077657222747803e-02
1.366892363876104355e-03
3.054836750030517578e+00
3.313303738832473755e-02
2.516490221023559570e-02
2.246411144733428955e-01
3.255507946014404297e-01
6.322842091321945190e-03
7.786688208580017090e-02
2.166173979640007019e-02
6.852146238088607788e-02
6.785012781620025635e-02
1.184823885560035706e-01
7.476534228771924973e-04
7.225735783576965332e-01
8.501608967781066895e-01
1.026914651447441429e-05
7.291513029485940933e-03
8.499256335198879242e-03
8.388628251850605011e-03
4.496380686759948730e-03
7.431175559759140015e-02
1.550132990814745426e-03
2.479084730148315430e+00
3.295013308525085449e-02
2.499307878315448761e-02
2.090380936861038208e-01
3.688250482082366943e-01
5.823361221700906754e-03
6.994457542896270752e-02
2.064939402043819427e-02
5.912777408957481384e-02
6.020472198724746704e-02
1.344694346189498901e-01
7.153822225518524647e-04
7.382169365882873535e-01
8.312495946884155273e-01
8.536511813872493804e-06
6.199122872203588486e-03
9.505271911621093750e-03
9.639648720622062683e-03
6.305161863565444946e-03
8.503190428018569946e-02
1.473781070671975613e-03
2.593764066696166992e+00
3.515966236591339111e-02
2.577805519104003906e-02
2.347898930311203003e-01
5.760022997856140137e-01
6.513998843729496002e-03
7.900953292846679688e-02
2.186646126210689545e-02
8.061967790126800537e-02
7.888954877853393555e-02
1.439570039510726929e-01
8.721277117729187012e-04
8.514069318771362305e-01
8.537268042564392090e-01
9.768771633389405906e-06
5.154345650225877762e-03
1.247687265276908875e-02
1.215580571442842484e-02
8.295015431940555573e-03
7.727216184139251709e-02
1.151459175162017345e-03
2.710610151290893555e+00
3.822674229741096497e-02
3.104235790669918060e-02
3.187283277511596680e-01
5.158066749572753906e-01
7.301696576178073883e-03
1.033336296677589417e-01
2.337471023201942444e-02
9.464661777019500732e-02
9.671280533075332642e-02
1.420003622770309448e-01
1.051527797244489193e-03
9.760524034500122070e-01
8.769957423210144043e-01
1.277198498428333551e-05
3.778732148930430412e-03
1.057758741080760956e-02
1.023370772600173950e-02
6.582576781511306763e-03
9.478930383920669556e-02
1.362085342407226562e-03
2.603473186492919922e+00
4.697435721755027771e-02
3.178964927792549133e-02
2.984938323497772217e-01
5.993498563766479492e-01
9.031021967530250549e-03
1.065575703978538513e-01
2.705946750938892365e-02
1.065229326486587524e-01
1.077170595526695251e-01
1.634914577007293701e-01
1.089083845727145672e-03
9.664551615715026855e-01
7.453905344009399414e-01
9.266364031645935029e-06
2.453450346365571022e-03
9.494315832853317261e-03
9.362561628222465515e-03
5.783980246633291245e-03
1.022392436861991882e-01
1.236344571225345135e-03
2.666828155517578125e+00
4.733720794320106506e-02
3.626676276326179504e-02
3.141893744468688965e-01
6.612699031829833984e-01
9.007660672068595886e-03
1.100781559944152832e-01
3.078610077500343323e-02
9.453913569450378418e-02
9.770037233829498291e-02
1.710372269153594971e-01
1.151881180703639984e-03
9.670451879501342773e-01
8.921341896057128906e-01
1.006711863738019019e-05
2.711203414946794510e-03
2.770756557583808899e-02
2.377689443528652191e-02
1.742650754749774933e-02
8.684931695461273193e-02
1.249895198270678520e-03
3.140812397003173828e+00
4.510536044836044312e-02
4.331264644861221313e-02
3.059838712215423584e-01
6.691795587539672852e-01
9.538890793919563293e-03
1.123959645628929138e-01
3.662117198109626770e-02
9.077362716197967529e-02
9.126264601945877075e-02
1.979381740093231201e-01
9.667082922533154488e-04
8.427689075469970703e-01
7.041029930114746094e-01
1.157529186457395554e-05
4.474187269806861877e-03
3.790917247533798218e-02
3.485275432467460632e-02
2.456144802272319794e-02
6.362650543451309204e-02
1.351153012365102768e-03
3.368538618087768555e+00
4.961086437106132507e-02
4.981396347284317017e-02
2.984859049320220947e-01
8.315764665603637695e-01
1.010788884013891220e-02
1.063508763909339905e-01
3.792078420519828796e-02
9.560326486825942993e-02
9.674189984798431396e-02
2.289144694805145264e-01
1.031147199682891369e-03
9.283356666564941406e-01
4.641216397285461426e-01
1.171715211967239156e-05
5.026530008763074875e-03
5.334597080945968628e-02
5.124588310718536377e-02
3.531100600957870483e-02
5.857693031430244446e-02
1.514999778009951115e-03
3.396389961242675781e+00
4.365255683660507202e-02
5.973519757390022278e-02
3.393008708953857422e-01
1.046214342117309570e+00
9.957726113498210907e-03
1.230628490447998047e-01
4.571990296244621277e-02
1.075174957513809204e-01
1.045533791184425354e-01
2.595208883285522461e-01
1.183648360893130302e-03
1.109320640563964844e+00
5.532894730567932129e-01
1.127286395785631612e-05
6.572023965418338776e-03
4.231838509440422058e-02
4.004271700978279114e-02
2.861200086772441864e-02
6.575439125299453735e-02
1.379832974635064602e-03
3.668412685394287109e+00
4.123760014772415161e-02
7.296628504991531372e-02
2.725327908992767334e-01
1.341174364089965820e+00
8.634887635707855225e-03
8.824595808982849121e-02
5.968337506055831909e-02
8.359256386756896973e-02
8.335852622985839844e-02
3.650202751159667969e-01
1.141486456617712975e-03
1.140620470046997070e+00
4.647889435291290283e-01
6.106508226366713643e-05
6.021151319146156311e-03
2.349728718400001526e-02
2.129736542701721191e-02
1.492233760654926300e-02
7.351724803447723389e-02
2.855655737221240997e-03
3.926320791244506836e+00
4.270220547914505005e-02
8.164130151271820068e-02
2.885102629661560059e-01
1.307540535926818848e+00
9.165138006210327148e-03
1.055761501193046570e-01
6.138951331377029419e-02
9.225479513406753540e-02
9.393868595361709595e-02
3.439652323722839355e-01
1.183000393211841583e-03
1.060875892639160156e+00
6.404143571853637695e-01
1.911315121105872095e-05
3.910467494279146194e-04
1.997197046875953674e-02
1.880775764584541321e-02
1.388820260763168335e-02
7.085895538330078125e-02
2.688187872990965843e-03
3.817486047744750977e+00
4.923821613192558289e-02
8.890192955732345581e-02
3.120287358760833740e-01
1.390410184860229492e+00
1.066118665039539337e-02
1.019458919763565063e-01
6.213767081499099731e-02
9.210089594125747681e-02
9.327621012926101685e-02
3.885493576526641846e-01
9.917927673086524010e-04
8.508391380310058594e-01
6.488059759140014648e-01
4.855980506590640289e-09
4.103210926587053109e-08
2.437875606119632721e-02
2.218109369277954102e-02
1.380168925970792770e-02
7.384424656629562378e-02
2.887010108679533005e-03
3.448408126831054688e+00
5.273086205124855042e-02
8.696516603231430054e-02
3.716324269771575928e-01
1.339847683906555176e+00
1.145211700350046158e-02
1.274200230836868286e-01
6.359024345874786377e-02
1.126687973737716675e-01
1.131315827369689941e-01
3.854193091392517090e-01
1.083992188796401024e-03
1.074436306953430176e+00
8.096061944961547852e-01
4.855980506590640289e-09
4.103210926587053109e-08
2.956103719770908356e-02
2.838099934160709381e-02
1.605166308581829071e-02
8.146301656961441040e-02
3.987832926213741302e-03
3.489527463912963867e+00
4.399283975362777710e-02
1.055575236678123474e-01
3.315267860889434814e-01
1.495885610580444336e+00
9.844867512583732605e-03
1.131179109215736389e-01
6.518195569515228271e-02
1.008991971611976624e-01
1.016959324479103088e-01
4.024985730648040771e-01
9.401497663930058479e-04
1.020150899887084961e+00
8.858937025070190430e-01
4.855980506590640289e-09
4.103210926587053109e-08
2.586852945387363434e-02
2.615247108042240143e-02
1.814934052526950836e-02
8.444756269454956055e-02
3.465618472546339035e-03
3.541623353958129883e+00
4.446522518992424011e-02
9.241636097431182861e-02
3.008740842342376709e-01
1.287581324577331543e+00
1.012396812438964844e-02
9.840402007102966309e-02
6.574152410030364990e-02
1.028378382325172424e-01
1.056841462850570679e-01
3.809136450290679932e-01
9.853313677012920380e-04
1.017118692398071289e+00
8.503879308700561523e-01
4.855980506590640289e-09
4.103210926587053109e-08
2.023506164550781250e-02
1.806052029132843018e-02
1.387635059654712677e-02
4.032877087593078613e-02
3.220021026208996773e-03
3.567740678787231445e+00
3.763236477971076965e-02
9.375961869955062866e-02
2.821663916110992432e-01
1.373466253280639648e+00
9.637174196541309357e-03
9.805089235305786133e-02
6.465853750705718994e-02
9.268859028816223145e-02
9.364437311887741089e-02
4.160572290420532227e-01
9.459718130528926849e-04
1.015427112579345703e+00
8.757681250572204590e-01
4.855980506590640289e-09
4.103210926587053109e-08
1.623119041323661804e-02
1.650623977184295654e-02
1.033193897455930710e-02
5.666044726967811584e-02
3.729142714291810989e-03
3.680139780044555664e+00
4.510904103517532349e-02
1.072324216365814209e-01
2.396524250507354736e-01
1.390990257263183594e+00
1.018719375133514404e-02
7.838940620422363281e-02
6.495440006256103516e-02
7.620803266763687134e-02
7.561594247817993164e-02
4.843670427799224854e-01
8.290408295579254627e-04
9.814041852951049805e-01
1.032367348670959473e+00
4.855980506590640289e-09
4.103210926587053109e-08
1.654758490622043610e-02
1.472648419439792633e-02
1.160282362252473831e-02
4.250992089509963989e-02
4.784156102687120438e-03
3.817295312881469727e+00
4.515804722905158997e-02
1.123850122094154358e-01
2.302342802286148071e-01
1.259719252586364746e+00
1.057532243430614471e-02
7.306034117937088013e-02
6.270577758550643921e-02
6.612751632928848267e-02
6.722825765609741211e-02
5.211495757102966309e-01
8.932622731663286686e-04
1.167784929275512695e+00
4.741603434085845947e-01
4.855980506590640289e-09
4.103210926587053109e-08
1.581251062452793121e-02
1.456089224666357040e-02
1.080326735973358154e-02
4.471092671155929565e-02
5.730308126658201218e-03
4.103700160980224609e+00
7.036241143941879272e-02
1.696154773235321045e-01
9.664817899465560913e-02
1.009887456893920898e+00
1.752900704741477966e-02
2.684450522065162659e-02
4.235951229929924011e-02
2.037620730698108673e-02
2.097763307392597198e-02
5.691540837287902832e-01
1.093910424970090389e-03
1.117215752601623535e+00
4.535963833332061768e-01
4.855980506590640289e-09
4.103210926587053109e-08
1.635568961501121521e-02
1.447546761482954025e-02
1.145465485751628876e-02
5.876545608043670654e-02
2.729830564931035042e-03
3.940321445465087891e+00
1.125704199075698853e-01
1.921986192464828491e-01
3.697943687438964844e-02
5.901643633842468262e-01
2.232480980455875397e-02
1.229317113757133484e-02
4.912218451499938965e-02
1.114387344568967819e-02
1.115103159099817276e-02
6.590939164161682129e-01
9.320201934315264225e-04
1.055708885192871094e+00
4.724079370498657227e-01
4.855980506590640289e-09
4.103210926587053109e-08
1.687116175889968872e-02
1.607684604823589325e-02
1.155187655240297318e-02
6.065528094768524170e-02
2.011861652135848999e-03
3.857907295227050781e+00
6.806733459234237671e-02
1.875983625650405884e-01
5.840234085917472839e-02
4.428637325763702393e-01
1.291541382670402527e-02
1.167584210634231567e-02
4.235973581671714783e-02
1.044382620602846146e-02
1.057256292551755905e-02
5.827511548995971680e-01
9.028940112330019474e-04
8.883592486381530762e-01
5.259461998939514160e-01
4.855980506590640289e-09
4.103210926587053109e-08
1.623747311532497406e-02
1.486401632428169250e-02
1.118569634854793549e-02
6.191777065396308899e-02
2.291175071150064468e-03
4.243346214294433594e+00
7.469292730093002319e-02
1.879289597272872925e-01
1.059845834970474243e-01
4.209899008274078369e-01
1.434962823987007141e-02
1.261577196419239044e-02
3.942946717143058777e-02
1.444281544536352158e-02
1.462816633284091949e-02
5.000206232070922852e-01
8.386647677980363369e-04
8.290739655494689941e-01
6.380738615989685059e-01
4.855980506590640289e-09
4.103210926587053109e-08
1.805601082742214203e-02
1.655123382806777954e-02
1.213604677468538284e-02
6.057568266987800598e-02
2.037450205534696579e-03
3.663533449172973633e+00
6.969925761222839355e-02
1.900282800197601318e-01
8.249531686305999756e-02
6.481531858444213867e-01
1.213120575994253159e-02
1.185468584299087524e-02
3.976611793041229248e-02
1.296535413712263107e-02
1.305878441780805588e-02
5.041266679763793945e-01
7.647235179319977760e-04
8.319840431213378906e-01
6.133546829223632812e-01
4.855980506590640289e-09
4.103210926587053109e-08
1.794564351439476013e-02
1.579260453581809998e-02
1.233314629644155502e-02
5.656944960355758667e-02
1.948279328644275665e-03
3.450095653533935547e+00
5.389659106731414795e-02
1.389652490615844727e-01
8.801440149545669556e-02
6.764096617698669434e-01
1.380303036421537399e-02
9.841253049671649933e-03
3.964321315288543701e-02
1.996967941522598267e-02
2.833542972803115845e-02
5.543991923332214355e-01
7.354600820690393448e-04
9.343554973602294922e-01
9.180339574813842773e-01
4.855980506590640289e-09
4.103210926587053109e-08
1.867268420755863190e-02
1.698961853981018066e-02
1.204976718872785568e-02
5.742722377181053162e-02
1.887300400994718075e-03
3.900882482528686523e+00
6.978587806224822998e-02
2.167431563138961792e-01
7.271623611450195312e-02
5.687174201011657715e-01
1.456363312900066376e-02
2.395329810678958893e-02
4.045869410037994385e-02
2.967522852122783661e-02
2.915362268686294556e-02
5.192270874977111816e-01
7.288256892934441566e-04
6.628238558769226074e-01
8.311356902122497559e-01
4.855980506590640289e-09
4.103210926587053109e-08
1.999859139323234558e-02
1.868357695639133453e-02
1.233658008277416229e-02
5.752434581518173218e-02
1.645497628487646580e-03
3.544966220855712891e+00
6.923687458038330078e-02
2.149677276611328125e-01
9.075235575437545776e-02
4.503954946994781494e-01
1.483511086553335190e-02
1.695841178297996521e-02
3.685859218239784241e-02
2.397681400179862976e-02
2.430531755089759827e-02
5.402698516845703125e-01
6.340234540402889252e-04
6.138565540313720703e-01
9.271529316902160645e-01
4.855980506590640289e-09
4.103210926587053109e-08
2.392446063458919525e-02
2.225590310990810394e-02
1.708177477121353149e-02
5.801413208246231079e-02
1.400280511006712914e-03
3.614486694335937500e+00
8.311368525028228760e-02
2.393763363361358643e-01
5.714270472526550293e-02
5.781088471412658691e-01
1.650620996952056885e-02
1.420855242758989334e-02
3.763572871685028076e-02
1.688875630497932434e-02
1.691998541355133057e-02
5.865718722343444824e-01
6.304411799646914005e-04
5.619208812713623047e-01
8.359215855598449707e-01
4.855980506590640289e-09
4.103210926587053109e-08
3.334921970963478088e-02
2.945399656891822815e-02
2.226854115724563599e-02
6.448805332183837891e-02
1.371408696286380291e-03
3.051034927368164062e+00
9.105397015810012817e-02
2.071688920259475708e-01
6.877701729536056519e-02
5.720472335815429688e-01
1.734273508191108704e-02
1.802671514451503754e-02
3.522066399455070496e-02
2.135498449206352234e-02
2.149570547044277191e-02
5.711669921875000000e-01
6.726981373503804207e-04
6.576375365257263184e-01
7.411065697669982910e-01
4.855980506590640289e-09
4.103210926587053109e-08
3.000538609921932220e-02
2.734986133873462677e-02
2.052759751677513123e-02
6.228042393922805786e-02
1.262692152522504330e-03
2.379237174987792969e+00
1.068433448672294617e-01
2.190218269824981689e-01
7.810896635055541992e-02
5.353055000305175781e-01
2.213465794920921326e-02
2.762611955404281616e-02
3.348974138498306274e-02
3.320337459444999695e-02
2.824916690587997437e-02
5.904189348220825195e-01
5.575988907366991043e-04
5.962647199630737305e-01
7.458469867706298828e-01
4.855980506590640289e-09
4.103210926587053109e-08
3.177249059081077576e-02
3.350261971354484558e-02
1.978951133787631989e-02
6.654354184865951538e-02
1.275387592613697052e-03
2.298577547073364258e+00
1.159524768590927124e-01
2.230518907308578491e-01
4.205227643251419067e-02
5.151609182357788086e-01
2.210453525185585022e-02
1.154283713549375534e-02
3.165517002344131470e-02
2.097006142139434814e-02
2.102741040289402008e-02
6.114726066589355469e-01
5.279312026686966419e-04
5.102223753929138184e-01
4.854265451431274414e-01
4.855980506590640289e-09
4.103210926587053109e-08
2.029414661228656769e-02
1.887765713036060333e-02
1.434090174734592438e-02
1.246764510869979858e-01
1.273946603760123253e-03
2.605204582214355469e+00
1.284177154302597046e-01
2.252541333436965942e-01
9.731485694646835327e-02
4.110339879989624023e-01
2.561949193477630615e-02
3.073600865900516510e-02
2.649145387113094330e-02
3.251917660236358643e-02
3.166416287422180176e-02
6.211146116256713867e-01
5.556032992899417877e-04
4.843432903289794922e-01
3.708977401256561279e-01
4.855980506590640289e-09
4.103210926587053109e-08
2.943661063909530640e-02
2.812605537474155426e-02
2.133019641041755676e-02
1.101864725351333618e-01
1.282370183616876602e-03
2.095502138137817383e+00
1.423475444316864014e-01
2.620988786220550537e-01
1.529271006584167480e-01
3.196432292461395264e-01
2.921859174966812134e-02
3.867172077298164368e-02
2.474109083414077759e-02
4.212594777345657349e-02
4.188782721757888794e-02
6.363521814346313477e-01
5.452383775264024734e-04
4.558569490909576416e-01
3.464507460594177246e-01
4.855980506590640289e-09
4.103210926587053109e-08
4.438223689794540405e-02
4.403224587440490723e-02
3.199706599116325378e-02
1.350920498371124268e-01
1.242927159182727337e-03
2.726127147674560547e+00
1.510340422391891479e-01
2.515036165714263916e-01
9.571836888790130615e-02
2.996917366981506348e-01
3.090241365134716034e-02
2.764126472175121307e-02
2.053701505064964294e-02
3.206261247396469116e-02
3.225957229733467102e-02
6.500601172447204590e-01
5.473037599585950375e-04
5.163366198539733887e-01
3.924684524536132812e-01
4.855980506590640289e-09
4.103210926587053109e-08
4.710497334599494934e-02
4.372776299715042114e-02
3.276846557855606079e-02
1.473009437322616577e-01
2.278832253068685532e-03
2.443687200546264648e+00
1.539733260869979858e-01
2.442086488008499146e-01
1.372275054454803467e-01
3.006241917610168457e-01
3.274419531226158142e-02
4.234561324119567871e-02
2.124676480889320374e-02
4.899089038372039795e-02
4.925976321101188660e-02
6.008715033531188965e-01
6.269430159591138363e-04
4.107261002063751221e-01
3.726298511028289795e-01
4.855980506590640289e-09
4.103210926587053109e-08
3.596484288573265076e-02
3.275645896792411804e-02
2.464858442544937134e-02
1.334643065929412842e-01
1.324686920270323753e-03
1.829512596130371094e+00
1.608809530735015869e-01
2.528273761272430420e-01
1.635495126247406006e-01
1.661796271800994873e-01
3.492495045065879822e-02
5.101776123046875000e-02
1.523711252957582474e-02
5.529084056615829468e-02
5.544300749897956848e-02
5.593367815017700195e-01
5.815895856358110905e-04
4.101761877536773682e-01
3.915312588214874268e-01
4.855980506590640289e-09
4.103210926587053109e-08
2.293996326625347137e-02
2.095460519194602966e-02
1.584812626242637634e-02
1.259799897670745850e-01
8.924960857257246971e-04
1.624591231346130371e+00
1.299531310796737671e-01
2.289642393589019775e-01
1.286141276359558105e-01
1.570729464292526245e-01
3.346437588334083557e-02
4.751903563737869263e-02
1.455328334122896194e-02
4.927571490406990051e-02
5.182198807597160339e-02
3.430763781070709229e-01
5.789477145299315453e-04
3.489102721214294434e-01
4.369729757308959961e-01
4.855980506590640289e-09
4.103210926587053109e-08
2.339522354304790497e-02
2.215483598411083221e-02
1.634343154728412628e-02
1.198340132832527161e-01
8.697855519130825996e-04
1.570096731185913086e+00
1.037168651819229126e-01
1.666290909051895142e-01
1.680153906345367432e-01
1.387800276279449463e-01
2.466012537479400635e-02
5.782850459218025208e-02
1.168751250952482224e-02
6.125132739543914795e-02
6.159696727991104126e-02
1.881995201110839844e-01
8.972917567007243633e-04
4.325329065322875977e-01
4.549814462661743164e-01
4.855980506590640289e-09
3.203943371772766113e-02
2.581011690199375153e-02
2.427460998296737671e-02
1.629449613392353058e-02
1.155416071414947510e-01
9.369924664497375488e-04
1.591182351112365723e+00
8.739785850048065186e-02
1.406881064176559448e-01
1.512643694877624512e-01
1.501394957304000854e-01
2.210637554526329041e-02
5.405401438474655151e-02
1.191193424165248871e-02
5.296947434544563293e-02
5.355984345078468323e-02
1.708184182643890381e-01
7.859204197302460670e-04
5.104824900627136230e-01
5.073844194412231445e-01
4.855980506590640289e-09
7.172168791294097900e-02
2.489364147186279297e-02
2.395875193178653717e-02
1.706311479210853577e-02
1.128676533699035645e-01
9.370994521304965019e-04
1.215352177619934082e+00
8.209630101919174194e-02
1.350245773792266846e-01
1.230264827609062195e-01
1.636782437562942505e-01
2.120496891438961029e-02
4.312427714467048645e-02
1.259431429207324982e-02
4.638652876019477844e-02
5.092443898320198059e-02
3.662892580032348633e-01
1.051924191415309906e-03
4.398481845855712891e-01
5.763636827468872070e-01
4.855980506590640289e-09
7.172109186649322510e-02
2.283229678869247437e-02
2.110360004007816315e-02
1.664256490767002106e-02
1.245158538222312927e-01
1.013152534142136574e-03
1.440680146217346191e+00
1.006061583757400513e-01
1.389916539192199707e-01
9.578524529933929443e-02
1.599702537059783936e-01
2.158206887543201447e-02
3.934060782194137573e-02
1.267779618501663208e-02
4.274955019354820251e-02
4.243806004524230957e-02
3.324926793575286865e-01
1.335603883489966393e-03
7.120016217231750488e-01
6.285705566406250000e-01
4.855980506590640289e-09
7.172229140996932983e-02
2.138558030128479004e-02
2.127643115818500519e-02
1.424483768641948700e-02
9.167436510324478149e-02
9.539856691844761372e-04
1.188719630241394043e+00
1.170387417078018188e-01
1.750896275043487549e-01
1.285725086927413940e-01
1.697220504283905029e-01
2.524707652628421783e-02
4.827805981040000916e-02
1.295531354844570160e-02
5.048867687582969666e-02
5.103208497166633606e-02
3.761113584041595459e-01
1.580693875439465046e-03
7.282292842864990234e-01
6.939925551414489746e-01
4.855980506590640289e-09
7.172194868326187134e-02
2.214704267680644989e-02
2.089911699295043945e-02
1.504698675125837326e-02
1.130826622247695923e-01
1.012446591630578041e-03
1.070093989372253418e+00
1.323995888233184814e-01
1.955031901597976685e-01
1.864009201526641846e-01
1.734960824251174927e-01
2.969933673739433289e-02
6.570957601070404053e-02
1.398937776684761047e-02
6.857015192508697510e-02
6.998386979103088379e-02
4.168277978897094727e-01
1.176441321149468422e-03
7.775738239288330078e-01
7.642039060592651367e-01
4.855980506590640289e-09
7.172533869743347168e-02
2.244145050644874573e-02
2.058948576450347900e-02
1.635348610579967499e-02
1.401630640029907227e-01
9.822451975196599960e-04
1.115022182464599609e+00
1.210463866591453552e-01
1.874915957450866699e-01
1.561792194843292236e-01
1.795487552881240845e-01
2.694875001907348633e-02
5.569793656468391418e-02
1.301426440477371216e-02
5.796993896365165710e-02
5.914741382002830505e-02
3.355415761470794678e-01
1.451931777410209179e-03
7.904137969017028809e-01
8.190684318542480469e-01
4.855980506590640289e-09
7.172592729330062866e-02
2.215690352022647858e-02
2.105219475924968719e-02
1.489002350717782974e-02
1.417337805032730103e-01
1.067243982106447220e-03
7.225344777107238770e-01
1.289030015468597412e-01
1.797313988208770752e-01
1.727465391159057617e-01
1.935608983039855957e-01
2.810201235115528107e-02
6.075101345777511597e-02
1.333820819854736328e-02
6.912221759557723999e-02
6.491240859031677246e-02
3.411982953548431396e-01
6.847372860647737980e-04
5.553337931632995605e-01
8.892588019371032715e-01
4.855980506590640289e-09
7.172560691833496094e-02
2.119384147226810455e-02
1.926331035792827606e-02
1.507644262164831161e-02
1.288790255784988403e-01
1.028903061524033546e-03
3.618663251399993896e-01
1.135363355278968811e-01
1.601698249578475952e-01
2.386267334222793579e-01
2.867115437984466553e-01
2.743508107960224152e-02
8.958870172500610352e-02
1.379646826535463333e-02
1.015216186642646790e-01
1.022498235106468201e-01
2.757762670516967773e-01
1.328750164248049259e-03
9.487613439559936523e-01
9.441134929656982422e-01
4.855980506590640289e-09
7.172469049692153931e-02
2.245541289448738098e-02
2.036559581756591797e-02
1.641490682959556580e-02
1.266817003488540649e-01
1.156871905550360680e-03
5.193379521369934082e-01
1.090213879942893982e-01
1.359824389219284058e-01
2.194918692111968994e-01
2.414103895425796509e-01
2.536541782319545746e-02
1.030950173735618591e-01
1.350507140159606934e-02
6.753358244895935059e-02
6.846347451210021973e-02
2.303508520126342773e-01
1.200037309899926186e-03
1.065644860267639160e+00
9.721615910530090332e-01
4.855980506590640289e-09
7.172349840402603149e-02
2.309481799602508545e-02
2.167883515357971191e-02
1.643808186054229736e-02
1.263863742351531982e-01
1.090171397663652897e-03
3.860453665256500244e-01
1.147857159376144409e-01
1.511286497116088867e-01
2.994167506694793701e-01
2.610085010528564453e-01
2.623467706143856049e-02
9.820183366537094116e-02
1.507257018238306046e-02
1.109537184238433838e-01
1.121570467948913574e-01
2.666454315185546875e-01
1.260600402019917965e-03
1.068799257278442383e+00
9.919015765190124512e-01
4.855980506590640289e-09
7.172485440969467163e-02
2.284217253327369690e-02
2.139567397534847260e-02
1.544402912259101868e-02
1.436522901058197021e-01
1.027342164888978004e-03
2.887353301048278809e-01
1.145631372928619385e-01
1.480276733636856079e-01
4.401670694351196289e-01
2.757870256900787354e-01
2.558218874037265778e-02
1.303436756134033203e-01
1.540014427155256271e-02
1.307564228773117065e-01
1.238071769475936890e-01
2.682096958160400391e-01
1.172709977254271507e-03
9.847720861434936523e-01
1.027846693992614746e+00
4.855980506590640289e-09
7.172451168298721313e-02
2.133166790008544922e-02
1.992870122194290161e-02
1.439430005848407745e-02
1.463306993246078491e-01
1.041967188939452171e-03
2.387968748807907104e-01
1.108773872256278992e-01
1.501995027065277100e-01
2.931231558322906494e-01
3.014475405216217041e-01
2.666923776268959045e-02
1.032399907708168030e-01
1.615422405302524567e-02
1.188944503664970398e-01
1.236723512411117554e-01
1.757562458515167236e-01
1.169863622635602951e-03
8.527022004127502441e-01
1.032483100891113281e+00
4.855980506590640289e-09
7.172524929046630859e-02
2.192163094878196716e-02
1.974424347281455994e-02
1.539782527834177017e-02
1.634379476308822632e-01
1.065791468136012554e-03
2.174013257026672363e-01
1.148902252316474915e-01
1.390238553285598755e-01
2.812487185001373291e-01
3.298347890377044678e-01
2.642836421728134155e-02
1.104596108198165894e-01
1.597528718411922455e-02
1.197036579251289368e-01
1.201069131493568420e-01
1.594772040843963623e-01
1.219448633491992950e-03
9.300707578659057617e-01
1.054069757461547852e+00
4.855980506590640289e-09
7.172618061304092407e-02
2.274930849671363831e-02
2.012752927839756012e-02
1.522271428257226944e-02
1.735595762729644775e-01
1.278851763345301151e-03
2.313075065612792969e-01
1.258211433887481689e-01
1.164641380310058594e-01
3.490259647369384766e-01
3.501073718070983887e-01
2.902668341994285583e-02
1.136524081230163574e-01
1.747198216617107391e-02
1.123274862766265869e-01
1.135989949107170105e-01
1.567917019128799438e-01
1.376782543957233429e-03
1.133334040641784668e+00
1.065072417259216309e+00
4.855980506590640289e-09
7.172433286905288696e-02
2.346158027648925781e-02
2.108379639685153961e-02
1.504393387585878372e-02
1.475544124841690063e-01
1.347856014035642147e-03
1.589249819517135620e-01
1.080546528100967407e-01
1.202467158436775208e-01
3.994334638118743896e-01
4.302577078342437744e-01
2.480550110340118408e-02
1.277439147233963013e-01
1.778016611933708191e-02
1.336690783500671387e-01
1.348186284303665161e-01
5.480669066309928894e-02
1.232091337442398071e-03
1.111851453781127930e+00
1.082213163375854492e+00
4.855980506590640289e-09
7.172478735446929932e-02
2.219517156481742859e-02
2.047872170805931091e-02
1.489915419369935989e-02
1.310601979494094849e-01
1.518350793048739433e-03
1.862665861845016479e-01
8.472288399934768677e-02
1.002281978726387024e-01
3.890951573848724365e-01
5.029738545417785645e-01
1.972680725157260895e-02
1.108120307326316833e-01
1.940487138926982880e-02
1.155556812882423401e-01
1.149431169033050537e-01
4.062346741557121277e-02
1.940315822139382362e-03
1.409028530120849609e+00
1.088883876800537109e+00
4.855980506590640289e-09
7.172328233718872070e-02
2.196921221911907196e-02
2.029299363493919373e-02
1.452055573463439941e-02
1.081153750419616699e-01
1.850496046245098114e-03
2.112705558538436890e-01
7.281773537397384644e-02
9.015087038278579712e-02
2.902184128761291504e-01
4.279855489730834961e-01
1.765210554003715515e-02
1.063664853572845459e-01
1.968648284673690796e-02
1.009108424186706543e-01
1.015675216913223267e-01
6.976210325956344604e-02
1.570016844198107719e-03
1.275389671325683594e+00
1.094337701797485352e+00
4.855980506590640289e-09
7.172385603189468384e-02
2.344560623168945312e-02
2.053697407245635986e-02
1.634252443909645081e-02
8.246709406375885010e-02
1.890167011879384518e-03
2.440595328807830811e-01
7.862279564142227173e-02
7.664598524570465088e-02
2.823532521724700928e-01
4.961828589439392090e-01
1.860417053103446960e-02
9.891805052757263184e-02
2.085920237004756927e-02
9.983314573764801025e-02
1.021210476756095886e-01
8.050306141376495361e-02
1.057641813531517982e-03
7.765541076660156250e-01
1.092180490493774414e+00
4.855980506590640289e-09
7.172461599111557007e-02
2.604695223271846771e-02
2.412023767828941345e-02
1.844750717282295227e-02
9.531928598880767822e-02
1.813377835787832737e-03
2.594615519046783447e-01
8.070118725299835205e-02
7.787717878818511963e-02
2.742868661880493164e-01
5.033223032951354980e-01
1.883417740464210510e-02
1.044099926948547363e-01
2.071101404726505280e-02
1.002648472785949707e-01
1.006274446845054626e-01
8.229243010282516479e-02
1.067419070750474930e-03
8.755438923835754395e-01
1.090334534645080566e+00
4.855980506590640289e-09
7.172476500272750854e-02
4.342153295874595642e-02
4.214200004935264587e-02
3.269669413566589355e-02
1.146785840392112732e-01
1.769434660673141479e-03
2.338929474353790283e-01
7.907336205244064331e-02
6.658124923706054688e-02
2.890958189964294434e-01
5.199717879295349121e-01
1.896208152174949646e-02
1.018111556768417358e-01
2.123920246958732605e-02
1.020617634057998657e-01
1.007977575063705444e-01
6.470876932144165039e-02
9.471784578636288643e-04
7.654085755348205566e-01
1.099176645278930664e+00
4.855980506590640289e-09
7.172571122646331787e-02
4.759605973958969116e-02
4.538847878575325012e-02
3.369335830211639404e-02
1.162013635039329529e-01
1.676142797805368900e-03
2.357510626316070557e-01
6.676717102527618408e-02
6.648271530866622925e-02
2.873223125934600830e-01
4.935165941715240479e-01
1.622103527188301086e-02
1.039176881313323975e-01
2.273002266883850098e-02
1.060199961066246033e-01
1.036504358053207397e-01
5.948186665773391724e-02
1.078567700460553169e-03
1.279118537902832031e+00
1.104353904724121094e+00
4.855980506590640289e-09
7.172485440969467163e-02
3.231216222047805786e-02
3.082537278532981873e-02
2.082411758601665497e-02
1.132035702466964722e-01
1.833224552683532238e-03
2.510636150836944580e-01
6.328583508729934692e-02
5.280734226107597351e-02
2.306141555309295654e-01
5.998009443283081055e-01
1.519658043980598450e-02
8.887133002281188965e-02
2.400748990476131439e-02
9.137410670518875122e-02
9.275199472904205322e-02
5.401325970888137817e-02
1.052610808983445168e-03
8.187964558601379395e-01
1.105052709579467773e+00
4.855980506590640289e-09
7.172297686338424683e-02
1.994932070374488831e-02
1.782203279435634613e-02
1.256330497562885284e-02
1.201279535889625549e-01
1.829092390835285187e-03
2.647070586681365967e-01
4.094842076301574707e-02
3.117787279188632965e-02
2.795202136039733887e-01
7.490407228469848633e-01
1.026866864413022995e-02
1.053013801574707031e-01
3.327479213476181030e-02
1.034067720174789429e-01
1.033331677317619324e-01
3.241154551506042480e-02
1.500278129242360592e-03
1.104197025299072266e+00
1.097144842147827148e+00
4.855980506590640289e-09
7.172566652297973633e-02
3.050812706351280212e-02
2.394094318151473999e-02
1.525597646832466125e-02
8.573219180107116699e-02
1.883203396573662758e-03
3.616323769092559814e-01
3.388089314103126526e-02
3.091633878648281097e-02
2.361147105693817139e-01
8.461626768112182617e-01
8.639520034193992615e-03
9.146153181791305542e-02
3.450923413038253784e-02
9.706579893827438354e-02
9.796629846096038818e-02
3.228204697370529175e-02
1.155667123384773731e-03
8.521590232849121094e-01
1.104460120201110840e+00
4.855980506590640289e-09
7.172316312789916992e-02
3.290056064724922180e-02
3.013419732451438904e-02
1.700299605727195740e-02
8.209817856550216675e-02
2.146159298717975616e-03
4.222434759140014648e-01
5.438629910349845886e-02
7.446657121181488037e-02
1.764136701822280884e-01
1.496345877647399902e+00
1.198322698473930359e-02
7.076333463191986084e-02
8.266440778970718384e-02
7.066246867179870605e-02
7.137166708707809448e-02
1.746660321950912476e-01
1.281269476749002934e-03
9.646648168563842773e-01
1.109373927116394043e+00
4.855980506590640289e-09
7.172229140996932983e-02
1.848117858171463013e-01
1.506223380565643311e-01
1.037273630499839783e-01
2.330635301768779755e-02
2.226140117272734642e-03
4.633181989192962646e-01
3.575696423649787903e-02
6.211811676621437073e-02
1.971201002597808838e-01
1.337140798568725586e+00
9.320039302110671997e-03
7.854904234409332275e-02
5.790016800165176392e-02
7.584272325038909912e-02
7.687430083751678467e-02
2.371356189250946045e-01
1.229252200573682785e-03
8.799048066139221191e-01
1.100200057029724121e+00
4.855980506590640289e-09
7.172107696533203125e-02
1.619342118501663208e-01
1.510803252458572388e-01
5.567393824458122253e-02
3.653283789753913879e-02
2.535184146836400032e-03
4.558567702770233154e-01
2.516436018049716949e-02
3.528616577386856079e-02
1.885895431041717529e-01
1.149748086929321289e+00
5.621244665235280991e-03
6.956090033054351807e-02
4.507224261760711670e-02
6.636732816696166992e-02
6.713048368692398071e-02
5.986369401216506958e-02
1.264906954020261765e-03
1.003134012222290039e+00
1.118675589561462402e+00
4.855980506590640289e-09
7.172282785177230835e-02
7.945249229669570923e-02
5.993586406111717224e-02
4.266570508480072021e-02
2.456500753760337830e-02
2.794833621010184288e-03
4.939315319061279297e-01
2.339998073875904083e-02
2.838511392474174500e-02
2.022235542535781860e-01
1.025379657745361328e+00
6.101103965193033218e-03
7.348004728555679321e-02
5.122644081711769104e-02
6.955191493034362793e-02
6.870784610509872437e-02
1.015427485108375549e-01
1.032800762914121151e-03
8.507218360900878906e-01
1.143369078636169434e+00
4.855980506590640289e-09
7.172273099422454834e-02
3.328791260719299316e-02
3.239604458212852478e-02
4.210473969578742981e-02
4.698755219578742981e-02
2.902287757024168968e-03
4.707182943820953369e-01
2.886998280882835388e-02
2.547444589436054230e-02
1.721548438072204590e-01
9.861379265785217285e-01
6.934081669896841049e-03
7.615720480680465698e-02
5.180384963750839233e-02
7.232868671417236328e-02
7.251320034265518188e-02
3.650170192122459412e-02
1.146383467130362988e-03
9.611293077468872070e-01
1.158488273620605469e+00
4.855980506590640289e-09
7.172216475009918213e-02
3.537943214178085327e-02
3.139643371105194092e-02
2.137852646410465240e-02
4.829196631908416748e-02
3.089028876274824142e-03
5.190148353576660156e-01
2.917830459773540497e-02
2.435054071247577667e-02
1.935886442661285400e-01
9.434680938720703125e-01
7.210891693830490112e-03
7.854040712118148804e-02
5.103012546896934509e-02
7.669747620820999146e-02
7.536890357732772827e-02
1.974707841873168945e-02
1.011942396871745586e-03
8.255490064620971680e-01
1.172658085823059082e+00
4.855980506590640289e-09
7.172467559576034546e-02
3.354599326848983765e-02
2.969945594668388367e-02
2.350328303873538971e-02
4.920889064669609070e-02
3.188268747180700302e-03
5.105887651443481445e-01
2.051007375121116638e-02
1.900229044258594513e-02
2.122278958559036255e-01
9.519237279891967773e-01
5.033015273511409760e-03
7.737302035093307495e-02
5.873022601008415222e-02
7.268675416707992554e-02
7.309672236442565918e-02
2.290550805628299713e-02
9.703212417662143707e-04
8.691086769104003906e-01
1.176288604736328125e+00
4.855980506590640289e-09
7.172480225563049316e-02
3.505953401327133179e-02
3.098622709512710571e-02
1.358205918222665787e-02
3.746356070041656494e-02
3.378411056473851204e-03
5.744937658309936523e-01
2.019640617072582245e-02
2.367907389998435974e-02
2.671390175819396973e-01
1.380414724349975586e+00
4.693879280239343643e-03
8.632687479257583618e-02
6.312298029661178589e-02
8.453229814767837524e-02
8.586607873439788818e-02
6.096212565898895264e-02
1.155380625277757645e-03
5.613487362861633301e-01
1.207458257675170898e+00
4.855980506590640289e-09
7.172375172376632690e-02
2.401925064623355865e-02
1.756441220641136169e-02
1.583701372146606445e-02
2.207855135202407837e-02
3.807523520663380623e-03
5.514155626296997070e-01
2.080169692635536194e-02
2.404797635972499847e-02
2.746328711509704590e-01
1.059020400047302246e+00
4.711221437901258469e-03
1.135302260518074036e-01
6.530597805976867676e-02
9.402931481599807739e-02
1.015965491533279419e-01
4.961760714650154114e-02
5.893656634725630283e-04
3.782041966915130615e-01
1.206241011619567871e+00
4.855980506590640289e-09
7.172307372093200684e-02
3.093184530735015869e-02
2.527703344821929932e-02
1.711969450116157532e-02
2.248723618686199188e-02
3.624887438490986824e-03
5.532289147377014160e-01
2.158327959477901459e-02
1.884509809315204620e-02
2.662380635738372803e-01
7.860129475593566895e-01
4.867039155215024948e-03
1.111420020461082458e-01
5.844976752996444702e-02
9.632145613431930542e-02
9.659162908792495728e-02
4.793559759855270386e-02
4.656401870306581259e-04
3.650332093238830566e-01
1.174636244773864746e+00
4.855980506590640289e-09
7.183068245649337769e-02
2.722072042524814606e-02
2.363030984997749329e-02
1.414756011217832565e-02
2.083478309214115143e-02
3.471599193289875984e-03
5.508320331573486328e-01
2.556830272078514099e-02
2.095348574221134186e-02
1.844378709793090820e-01
4.861288964748382568e-01
5.698530003428459167e-03
7.761961221694946289e-02
4.932991042733192444e-02
8.747673034667968750e-02
8.839193731546401978e-02
4.789997264742851257e-02
3.868314379360526800e-04
3.624929189682006836e-01
1.099600791931152344e+00
4.855980506590640289e-09
7.182917743921279907e-02
3.480069339275360107e-02
2.847801707684993744e-02
1.823866553604602814e-02
2.374232001602649689e-02
2.737275790423154831e-03
5.962950587272644043e-01
2.878105640411376953e-02
2.491473220288753510e-02
2.329389452934265137e-01
7.643928527832031250e-01
6.613551639020442963e-03
8.904341608285903931e-02
4.192606732249259949e-02
8.275104314088821411e-02
8.359394222497940063e-02
5.046553164720535278e-02
3.852080553770065308e-04
3.798496723175048828e-01
1.052092909812927246e+00
4.855980506590640289e-09
7.182951271533966064e-02
3.004017844796180725e-02
2.715643867850303650e-02
1.385370083153247833e-02
2.815538272261619568e-02
2.238699235022068024e-03
5.635008215904235840e-01
4.708052426576614380e-02
3.219629079103469849e-02
2.288821339607238770e-01
6.651440858840942383e-01
8.573616854846477509e-03
9.564749151468276978e-02
4.212570562958717346e-02
9.804902970790863037e-02
1.053938865661621094e-01
3.306794911623001099e-02
4.427574167493730783e-04
4.255580008029937744e-01
1.034206628799438477e+00
4.855980506590640289e-09
7.183165103197097778e-02
5.761241912841796875e-02
5.041903629899024963e-02
3.718885779380798340e-02
4.950922355055809021e-02
2.156714210286736488e-03
5.529546141624450684e-01
4.230893403291702271e-02
2.783786691725254059e-02
1.920720934867858887e-01
4.561341702938079834e-01
9.669149294495582581e-03
8.681879937648773193e-02
4.276154190301895142e-02
8.010469377040863037e-02
8.106242865324020386e-02
3.684394806623458862e-02
4.040654748678207397e-04
3.848183155059814453e-01
1.027931928634643555e+00
4.855980506590640289e-09
7.183211296796798706e-02
1.345278471708297729e-01
1.225128173828125000e-01
8.545924723148345947e-02
3.941591456532478333e-02
1.886606565676629543e-03
6.861960887908935547e-01
2.948422171175479889e-02
2.720932662487030029e-02
1.714687198400497437e-01
8.279119133949279785e-01
6.429029162973165512e-03
7.928311079740524292e-02
4.997352883219718933e-02
7.665781676769256592e-02
7.778587192296981812e-02
8.163167536258697510e-02
6.547732045873999596e-04
5.592753291130065918e-01
1.076830625534057617e+00
4.855980506590640289e-09
7.183130830526351929e-02
1.207724437117576599e-01
1.034155562520027161e-01
7.120271772146224976e-02
5.094117298722267151e-02
2.284244634211063385e-03
6.750086545944213867e-01
2.773189172148704529e-02
3.224587067961692810e-02
1.746007353067398071e-01
8.010136485099792480e-01
6.166480947285890579e-03
7.626424729824066162e-02
4.578365758061408997e-02
7.489133626222610474e-02
7.482367008924484253e-02
7.310004532337188721e-02
5.214294651523232460e-04
4.450899362564086914e-01
9.680191874504089355e-01
4.855980506590640289e-09
7.183083146810531616e-02
1.362302899360656738e-01
1.250326484441757202e-01
7.707502692937850952e-02
4.724227637052536011e-02
2.644155640155076981e-03
6.300268769264221191e-01
3.226246312260627747e-02
2.166147530078887939e-02
2.004711478948593140e-01
6.407753825187683105e-01
6.907395087182521820e-03
8.569106459617614746e-02
3.141443431377410889e-02
7.799128443002700806e-02
7.793384790420532227e-02
5.260221287608146667e-02
5.575630348175764084e-04
4.797276854515075684e-01
9.937397837638854980e-01
4.855980506590640289e-09
7.183164358139038086e-02
5.048391968011856079e-02
4.671344906091690063e-02
2.723678760230541229e-02
3.693529590964317322e-02
2.310058800503611565e-03
4.041578173637390137e-01
7.919058203697204590e-02
4.373417422175407410e-02
2.052197158336639404e-01
3.642626404762268066e-01
1.521201804280281067e-02
8.661592006683349609e-02
1.766314171254634857e-02
8.309692144393920898e-02
8.511578291654586792e-02
1.889044418931007385e-02
6.385599845089018345e-04
5.039992928504943848e-01
9.531451463699340820e-01
4.855980506590640289e-09
7.183339446783065796e-02
1.864371076226234436e-02
1.695415563881397247e-02
2.232282981276512146e-02
4.637082666158676147e-02
2.031985903158783913e-03
2.175218313932418823e-01
1.576911509037017822e-01
1.030332669615745544e-01
1.857250779867172241e-01
3.802681863307952881e-01
1.557593420147895813e-02
7.966934889554977417e-02
1.083779335021972656e-02
7.856481522321701050e-02
7.816365361213684082e-02
1.671934500336647034e-02
6.601611967198550701e-04
5.194646120071411133e-01
9.133590459823608398e-01
4.855980506590640289e-09
7.183288037776947021e-02
3.900818154215812683e-02
3.870031237602233887e-02
3.999598696827888489e-02
6.447414308786392212e-02
1.936832908540964127e-03
4.426521807909011841e-02
5.972725898027420044e-02
4.490437731146812439e-02
1.723231673240661621e-01
4.034181237220764160e-01
1.258699130266904831e-02
7.574910670518875122e-02
2.100427635014057159e-02
7.238420099020004272e-02
7.361304759979248047e-02
1.951937004923820496e-02
7.257363758981227875e-04
5.632328391075134277e-01
9.203068017959594727e-01
4.855980506590640289e-09
7.183262705802917480e-02
2.701225504279136658e-02
2.913187816739082336e-02
3.136805817484855652e-02
8.416812866926193237e-02
2.022323198616504669e-03
5.961806327104568481e-02
3.341807052493095398e-02
2.453606203198432922e-02
1.586676388978958130e-01
3.512841761112213135e-01
1.047337427735328674e-02
7.498414814472198486e-02
1.726372726261615753e-02
7.304537296295166016e-02
7.334221154451370239e-02
1.829254440963268280e-02
6.087300134822726250e-04
4.948545992374420166e-01
9.779860973358154297e-01
4.855980506590640289e-09
7.183345407247543335e-02
1.562498603016138077e-02
1.423866301774978638e-02
1.779454573988914490e-02
4.396845027804374695e-02
1.968563767150044441e-03
1.359481364488601685e-01
2.559593506157398224e-02
2.089211717247962952e-02
1.191273406147956848e-01
3.399500250816345215e-01
7.138372864574193954e-03
5.529416352510452271e-02
1.802347600460052490e-02
5.390446633100509644e-02
5.698830261826515198e-02
1.760033704340457916e-02
7.336768321692943573e-04
5.262359380722045898e-01
9.323009252548217773e-01
4.855980506590640289e-09
7.183249294757843018e-02
1.668669283390045166e-02
1.579056307673454285e-02
1.991504058241844177e-02
3.762500733137130737e-02
2.050938550382852554e-03
6.660664081573486328e-02
2.738570608198642731e-02
2.610647678375244141e-02
1.170972511172294617e-01
3.882748782634735107e-01
6.368394475430250168e-03
4.890653491020202637e-02
2.940931729972362518e-02
5.303872749209403992e-02
5.260403826832771301e-02
2.107608132064342499e-02
7.623530109412968159e-04
5.568390488624572754e-01
9.041075110435485840e-01
4.855980506590640289e-09
7.183311134576797485e-02
2.743056789040565491e-02
2.770608291029930115e-02
2.261325530707836151e-02
2.902788296341896057e-02
2.056866185739636421e-03
1.531772464513778687e-01
3.128213435411453247e-02
3.249541670083999634e-02
9.275744855403900146e-02
5.203406214714050293e-01
6.978783756494522095e-03
4.481384158134460449e-02
3.127462044358253479e-02
4.254337772727012634e-02
4.285039007663726807e-02
2.686208114027976990e-02
7.410750840790569782e-04
5.662243962287902832e-01
8.961490392684936523e-01
4.855980506590640289e-09
7.183235883712768555e-02
1.922778785228729248e-02
2.178407646715641022e-02
2.033070661127567291e-02
3.306028246879577637e-02
2.024107845500111580e-03
6.667913496494293213e-02
2.866845391690731049e-02
2.646531164646148682e-02
7.518635690212249756e-02
5.044272541999816895e-01
7.013274822384119034e-03
3.505112975835800171e-02
2.587182261049747467e-02
3.226195275783538818e-02
3.652412816882133484e-02
2.361412905156612396e-02
7.315117982216179371e-04
5.336346030235290527e-01
8.964672088623046875e-01
4.855980506590640289e-09
7.183486223220825195e-02
1.499688625335693359e-02
1.579881086945533752e-02
1.702210679650306702e-02
3.034822084009647369e-02
2.226789016276597977e-03
1.118126064538955688e-01
2.707040682435035706e-02
2.290911041200160980e-02
6.797933578491210938e-02
4.309801459312438965e-01
6.645646877586841583e-03
3.101638145744800568e-02
1.973897591233253479e-02
3.251748904585838318e-02
3.288244456052780151e-02
1.807259023189544678e-02
7.311594672501087189e-04
5.473167300224304199e-01
9.228688478469848633e-01
4.855980506590640289e-09
7.183584570884704590e-02
1.126171648502349854e-02
1.279843691736459732e-02
1.550839655101299286e-02
3.023510240018367767e-02
2.022169530391693115e-03
1.586376428604125977e-01
2.734655141830444336e-02
2.327066846191883087e-02
5.815476551651954651e-02
3.528059124946594238e-01
6.506312638521194458e-03
3.079475648701190948e-02
2.173224836587905884e-02
3.101493604481220245e-02
3.072713315486907959e-02
1.697818189859390259e-02
7.446827949024736881e-04
5.581362843513488770e-01
1.067663311958312988e+00
4.855980506590640289e-09
7.183690369129180908e-02
1.147129945456981659e-02
1.030405424535274506e-02
1.367825735360383987e-02
2.733349427580833435e-02
2.997967414557933807e-03
1.256343573331832886e-01
2.556211687624454498e-02
2.246488258242607117e-02
5.863868445158004761e-02
2.215580046176910400e-01
7.606799248605966568e-03
3.036696650087833405e-02
1.553077902644872665e-02
3.107877634465694427e-02
3.106714971363544464e-02
1.546171493828296661e-02
7.381979958154261112e-04
5.511859059333801270e-01
1.021502137184143066e+00
4.855980506590640289e-09
7.184062153100967407e-02
1.205505337566137314e-02
1.154599431902170181e-02
1.610857620835304260e-02
2.695245668292045593e-02
2.273536985740065575e-03
1.962388306856155396e-01
3.474789485335350037e-02
2.728416770696640015e-02
4.666485637426376343e-02
2.079671174287796021e-01
9.241269901394844055e-03
2.429737336933612823e-02
1.332822255790233612e-02
2.454264648258686066e-02
2.476547099649906158e-02
1.468195486813783646e-02
7.442223723046481609e-04
5.571514964103698730e-01
1.026414394378662109e+00
4.855980506590640289e-09
7.184296101331710815e-02
1.158044487237930298e-02
1.037157140672206879e-02
1.537352334707975388e-02
3.184531629085540771e-02
2.245284849777817726e-03
1.185061335563659668e-01
2.854676730930805206e-02
2.267920039594173431e-02
3.629250079393386841e-02
3.020156323909759521e-01
7.443023379892110825e-03
2.137087844312191010e-02
1.292489375919103622e-02
1.923020184040069580e-02
1.920820400118827820e-02
1.480600796639919281e-02
7.325648330152034760e-04
5.611743927001953125e-01
1.117303013801574707e+00
4.855980506590640289e-09
7.184475660324096680e-02
1.146327797323465347e-02
1.075854152441024780e-02
1.523337233811616898e-02
4.437844082713127136e-02
2.535194624215364456e-03
1.625514030456542969e-01
3.084850311279296875e-02
2.958826720714569092e-02
3.339023888111114502e-02
3.271236419677734375e-01
6.084703840315341949e-03
1.826041564345359802e-02
1.807789504528045654e-02
1.964260824024677277e-02
1.691686175763607025e-02
1.418890804052352905e-02
7.319722790271043777e-04
5.681331157684326172e-01
1.438538908958435059e+00
4.855980506590640289e-09
7.184544950723648071e-02
1.165327802300453186e-02
1.145873218774795532e-02
1.568732038140296936e-02
5.899492278695106506e-02
2.856261329725384712e-03
1.815098673105239868e-01
3.750074654817581177e-02
3.448341414332389832e-02
4.004919528961181641e-02
2.535850405693054199e-01
7.594074588268995285e-03
1.696179062128067017e-02
1.280739158391952515e-02
1.894119195640087128e-02
1.641503162682056427e-02
1.432332396507263184e-02
7.527553243562579155e-04
5.473472476005554199e-01
1.232311844825744629e+00
4.855980506590640289e-09
3.464749455451965332e-02
1.225064788013696671e-02
1.188115868717432022e-02
1.626584865152835846e-02
4.250036180019378662e-02
2.624633489176630974e-03
1.270757019519805908e-01
5.257251113653182983e-02
4.765813797712326050e-02
3.373090922832489014e-02
2.473267167806625366e-01
1.325060613453388214e-02
1.718282699584960938e-02
1.245868392288684845e-02
1.638272032141685486e-02
1.641699671745300293e-02
2.319304831326007843e-02
7.408254314213991165e-04
6.800349354743957520e-01
1.079426646232604980e+00
4.855980506590640289e-09
7.327999919652938843e-03
1.311862189322710037e-02
1.228217873722314835e-02
1.594221964478492737e-02
4.454217478632926941e-02
2.715128008276224136e-03
1.268870681524276733e-01
6.420253217220306396e-02
6.287253648042678833e-02
5.873988196253776550e-02
3.066170811653137207e-01
1.390759460628032684e-02
2.290118858218193054e-02
1.520861312747001648e-02
2.303482592105865479e-02
2.325458824634552002e-02
3.242420032620429993e-02
7.319357246160507202e-04
5.430300235748291016e-01
1.450868248939514160e+00
4.855980506590640289e-09
5.812001880258321762e-03
1.265501510351896286e-02
1.153010595589876175e-02
1.575784385204315186e-02
5.800667405128479004e-02
2.538864733651280403e-03
1.243197098374366760e-01
4.037081077694892883e-02
2.768266201019287109e-02
6.682027876377105713e-02
3.216949105262756348e-01
7.943322882056236267e-03
2.946010604500770569e-02
1.735936477780342102e-02
3.082986176013946533e-02
3.118224442005157471e-02
2.004721201956272125e-02
7.638456881977617741e-04
7.313536405563354492e-01
9.285652637481689453e-01
4.855980506590640289e-09
1.681505586020648479e-03
1.250524632632732391e-02
1.168432459235191345e-02
1.591146364808082581e-02
6.010571494698524475e-02
2.985412953421473503e-03
1.219023987650871277e-01
2.560376189649105072e-02
2.128587476909160614e-02
3.583499416708946228e-02
3.201162219047546387e-01
6.130797322839498520e-03
1.776408590376377106e-02
1.780858077108860016e-02
1.779807358980178833e-02
1.759419031441211700e-02
1.528595015406608582e-02
7.327695493586361408e-04
6.566826105117797852e-01
7.415252327919006348e-01
4.855980506590640289e-09
2.461660187691450119e-03
2.268107980489730835e-02
1.958107016980648041e-02
1.962986029684543610e-02
5.790617316961288452e-02
2.790585160255432129e-03
1.202528104186058044e-01
2.318599633872509003e-02
1.891087554395198822e-02
2.649244293570518494e-02
3.471813201904296875e-01
5.498872604221105576e-03
1.373962312936782837e-02
1.725628413259983063e-02
1.485136430710554123e-02
1.480110175907611847e-02
1.627959497272968292e-02
7.471589487977325916e-04
6.158291697502136230e-01
6.693078875541687012e-01
4.855980506590640289e-09
5.725179333239793777e-03
2.335435524582862854e-02
2.201768942177295685e-02
2.424792386591434479e-02
2.898376807570457458e-02
2.823928371071815491e-03
1.179745048284530640e-01
2.026822231709957123e-02
1.673605479300022125e-02
2.880981937050819397e-02
2.596899867057800293e-01
5.028705578297376633e-03
1.461158227175474167e-02
1.732353679835796356e-02
1.394753903150558472e-02
1.503018569201231003e-02
1.548570953309535980e-02
7.451478159055113792e-04
6.023049354553222656e-01
6.705729365348815918e-01
4.855980506590640289e-09
5.237479694187641144e-03
2.316462621092796326e-02
1.976840011775493622e-02
2.314550243318080902e-02
1.749162748456001282e-02
2.643231302499771118e-03
1.242078915238380432e-01
2.354124560952186584e-02
1.632922515273094177e-02
2.901090681552886963e-02
2.682130932807922363e-01
5.606497637927532196e-03
1.427491195499897003e-02
1.389584969729185104e-02
1.349341403692960739e-02
1.656158827245235443e-02
1.567889004945755005e-02
7.595795905217528343e-04
6.129664182662963867e-01
6.505109667778015137e-01
4.855980506590640289e-09
4.538815934211015701e-03
2.707064524292945862e-02
2.425276301801204681e-02
2.281483076512813568e-02
1.468507293611764908e-02
2.812986029312014580e-03
1.366170048713684082e-01
2.071897499263286591e-02
1.597180217504501343e-02
2.903370000422000885e-02
2.385426312685012817e-01
5.127099808305501938e-03
1.457040756940841675e-02
1.358816865831613541e-02
1.536198426038026810e-02
1.541085448116064072e-02
1.482691615819931030e-02
7.517258054576814175e-04
6.100070476531982422e-01
5.998644828796386719e-01
4.855980506590640289e-09
4.583162255585193634e-03
3.810396790504455566e-02
3.286261856555938721e-02
2.799750864505767822e-02
1.457361131906509399e-02
3.109753131866455078e-03
1.127434670925140381e-01
4.693436995148658752e-02
4.560761898756027222e-02
2.399835735559463501e-02
1.836127638816833496e-01
1.248358283191919327e-02
1.222759205847978592e-02
1.002848800271749496e-02
1.267279218882322311e-02
1.252924930304288864e-02
1.820468343794345856e-02
8.372342563234269619e-04
7.276241779327392578e-01
5.974721312522888184e-01
4.855980506590640289e-09
7.710402831435203552e-03
5.656360834836959839e-02
4.813238978385925293e-02
4.196479544043540955e-02
1.774819754064083099e-02
2.924734493717551231e-03
1.296914368867874146e-01
6.477209180593490601e-02
7.070381194353103638e-02
3.573517128825187683e-02
1.088182926177978516e-01
1.576321944594383240e-02
1.759888231754302979e-02
1.200289372354745865e-02
1.767184212803840637e-02
1.734236627817153931e-02
2.298967353999614716e-02
8.008577860891819000e-04
7.245928645133972168e-01
5.603049397468566895e-01
4.855980506590640289e-09
6.894146557897329330e-03
6.926031410694122314e-02
6.111833453178405762e-02
4.971910268068313599e-02
3.191512823104858398e-02
2.669368172064423561e-03
1.007184833288192749e-01
7.627377659082412720e-02
8.014132827520370483e-02
2.947941608726978302e-02
2.751043736934661865e-01
2.485714666545391083e-02
1.472417358309030533e-02
1.459895167499780655e-02
1.594263501465320587e-02
1.623275876045227051e-02
7.051166892051696777e-02
8.218488655984401703e-04
7.370707392692565918e-01
5.363525152206420898e-01
4.855980506590640289e-09
3.609568579122424126e-03
9.541591256856918335e-02
8.917106688022613525e-02
7.015756517648696899e-02
4.285467043519020081e-02
2.639220794662833214e-03
1.134942397475242615e-01
8.567138761281967163e-02
8.084692060947418213e-02
5.365999415516853333e-02
1.861098259687423706e-01
2.014261670410633087e-02
2.844035997986793518e-02
1.693632826209068298e-02
2.812667749822139740e-02
2.770354598760604858e-02
4.887074604630470276e-02
8.798679918982088566e-04
8.297432661056518555e-01
5.735965967178344727e-01
4.855980506590640289e-09
3.355737309902906418e-03
8.116488158702850342e-02
7.657637447118759155e-02
6.284020841121673584e-02
5.374076962471008301e-02
2.536838874220848083e-03
1.216660141944885254e-01
6.752415001392364502e-02
6.754362583160400391e-02
3.796572983264923096e-02
2.021026164293289185e-01
1.794577389955520630e-02
1.804611459374427795e-02
1.737085171043872833e-02
1.755363866686820984e-02
1.768299564719200134e-02
4.184752330183982849e-02
9.563119383528828621e-04
8.751553297042846680e-01
6.374257206916809082e-01
4.855980506590640289e-09
7.080059498548507690e-03
4.850646853446960449e-02
4.347604140639305115e-02
3.755056858062744141e-02
4.950837790966033936e-02
2.730499720200896263e-03
1.222468540072441101e-01
4.826206341385841370e-02
4.042575508356094360e-02
2.814125455915927887e-02
1.496507078409194946e-01
1.358047313988208771e-02
1.446902565658092499e-02
1.527542155236005783e-02
1.478573866188526154e-02
1.466326229274272919e-02
2.832138910889625549e-02
9.786909213289618492e-04
8.849149346351623535e-01
6.206479072570800781e-01
4.855980506590640289e-09
6.645106244832277298e-03
4.446887224912643433e-02
4.054072499275207520e-02
3.496687859296798706e-02
4.668753966689109802e-02
3.399638226255774498e-03
1.249262019991874695e-01
4.844965413212776184e-02
3.986423835158348083e-02
2.471628040075302124e-02
1.762324124574661255e-01
1.314366422593593597e-02
1.193962059915065765e-02
1.609965600073337555e-02
1.283651124686002731e-02
1.282253395766019821e-02
2.851372025907039642e-02
8.896464132703840733e-04
8.322145342826843262e-01
7.105196714401245117e-01
4.855980506590640289e-09
7.029631175100803375e-03
5.238692089915275574e-02
4.786972701549530029e-02
3.933158889412879944e-02
4.227999225258827209e-02
3.134923055768013000e-03
1.393913030624389648e-01
5.233582481741905212e-02
4.508829116821289062e-02
9.442258626222610474e-03
2.694777548313140869e-01
1.446783728897571564e-02
5.299633368849754333e-03
2.114214561879634857e-02
5.566081963479518890e-03
5.597092676907777786e-03
3.441116586327552795e-02
9.541519684717059135e-04
7.736750841140747070e-01
6.400046348571777344e-01
4.855980506590640289e-09
3.093700623139739037e-03
5.716665089130401611e-02
5.032895877957344055e-02
3.909309208393096924e-02
4.155886918306350708e-02
2.955160336568951607e-03
1.653714478015899658e-01
5.826855823397636414e-02
4.974465072154998779e-02
9.573963470757007599e-03
2.612039148807525635e-01
1.473657600581645966e-02
5.084102507680654526e-03
2.133757062256336212e-02
5.448026116937398911e-03
5.479059182107448578e-03
3.497423976659774780e-02
8.754716836847364902e-04
7.644169330596923828e-01
7.374489307403564453e-01
4.855980506590640289e-09
1.070785801857709885e-04
5.513508990406990051e-02
4.938609898090362549e-02
3.987175971269607544e-02
4.467286914587020874e-02
2.974406117573380470e-03
1.705565750598907471e-01
5.875835567712783813e-02
4.981975257396697998e-02
1.306062936782836914e-02
2.882744967937469482e-01
1.565492525696754456e-02
5.962098017334938049e-03
2.211738377809524536e-02
6.560704670846462250e-03
6.701015867292881012e-03
4.045973345637321472e-02
9.522920590825378895e-04
7.579683661460876465e-01
9.520882964134216309e-01
4.855980506590640289e-09
1.070660873665474355e-04
5.370536446571350098e-02
4.778772965073585510e-02
3.671261295676231384e-02
4.195496067404747009e-02
2.615465549752116203e-03
1.696714311838150024e-01
6.069542095065116882e-02
5.277011543512344360e-02
1.452987361699342728e-02
2.619089782238006592e-01
1.612009853124618530e-02
6.680299993604421616e-03
2.253256924450397491e-02
6.947506219148635864e-03
6.834524217993021011e-03
4.458701238036155701e-02
9.461964946240186691e-04
7.486727833747863770e-01
9.485057592391967773e-01
4.855980506590640289e-09
1.071102014975622296e-04
5.442374199628829956e-02
4.794502258300781250e-02
3.727295622229576111e-02
4.022448509931564331e-02
2.923018299043178558e-03
1.901494115591049194e-01
6.721910834312438965e-02
5.820823833346366882e-02
1.116586010903120041e-02
2.653210461139678955e-01
1.730063185095787048e-02
5.623458884656429291e-03
2.315548621118068695e-02
6.317011080682277679e-03
6.337754894047975540e-03
4.931706935167312622e-02
9.216878097504377365e-04
7.599608302116394043e-01
8.040563464164733887e-01
4.855980506590640289e-09
1.070889702532440424e-04
5.530975386500358582e-02
4.832638055086135864e-02
3.967903181910514832e-02
4.180094599723815918e-02
3.581624245271086693e-03
2.285796105861663818e-01
6.508650630712509155e-02
6.273870170116424561e-02
1.305606681853532791e-02
3.447740674018859863e-01
1.869913563132286072e-02
6.267712451517581940e-03
2.663498185575008392e-02
6.986009422689676285e-03
6.972513161599636078e-03
5.373017117381095886e-02
9.095513378269970417e-04
7.582137584686279297e-01
7.732358574867248535e-01
4.855980506590640289e-09
1.473413556814193726e-01
5.245550349354743958e-02
4.655749350786209106e-02
3.786399960517883301e-02
5.032357573509216309e-02
3.652281593531370163e-03
2.578751146793365479e-01
6.349001824855804443e-02
5.789204314351081848e-02
1.447681896388530731e-02
3.325212001800537109e-01
1.770422980189323425e-02
7.970119826495647430e-03
2.618887089192867279e-02
7.798352278769016266e-03
8.345934562385082245e-03
5.255038291215896606e-02
9.720760281197726727e-04
7.539338469505310059e-01
7.986257672309875488e-01
4.855980506590640289e-09
1.495132148265838623e-01
5.515342578291893005e-02
4.813017323613166809e-02
3.817727789282798767e-02
5.206749960780143738e-02
3.410740289837121964e-03
3.140000402927398682e-01
6.792057305574417114e-02
5.910589173436164856e-02
1.222991105169057846e-02
2.784025073051452637e-01
1.817807741463184357e-02
6.244326010346412659e-03
2.655292116105556488e-02
7.734415121376514435e-03
6.949191913008689880e-03
5.256373435258865356e-02
9.653805173002183437e-04
7.558113336563110352e-01
8.643606305122375488e-01
4.855980506590640289e-09
1.495100855827331543e-01
5.337799340486526489e-02
4.732392355799674988e-02
4.037105664610862732e-02
5.527593940496444702e-02
3.602936165407299995e-03
3.822900652885437012e-01
8.213943243026733398e-02
6.677561998367309570e-02
1.582686416804790497e-02
3.079298734664916992e-01
2.124745957553386688e-02
7.987038232386112213e-03
2.740021795034408569e-02
8.431115187704563141e-03
8.470343425869941711e-03
5.516118183732032776e-02
9.755862993188202381e-04
7.628066539764404297e-01
8.944078087806701660e-01
4.855980506590640289e-09
1.495135873556137085e-01
5.411999672651290894e-02
4.903368651866912842e-02
4.227421805262565613e-02
5.101349204778671265e-02
4.096777178347110748e-03
4.137201309204101562e-01
7.589887082576751709e-02
6.336466223001480103e-02
1.196422148495912552e-02
3.441858291625976562e-01
2.020237594842910767e-02
6.401263643056154251e-03
2.812440320849418640e-02
6.204648874700069427e-03
6.228697951883077621e-03
5.104273930191993713e-02
9.830730268731713295e-04
7.770191431045532227e-01
9.697655439376831055e-01
4.855980506590640289e-09
1.495160609483718872e-01
5.195542052388191223e-02
4.940148070454597473e-02
4.042785614728927612e-02
4.940568283200263977e-02
4.014460835605859756e-03
4.831551909446716309e-01
6.579463928937911987e-02
5.907164141535758972e-02
1.137814670801162720e-02
3.541296422481536865e-01
1.754587329924106598e-02
5.965644493699073792e-03
2.990671060979366302e-02
5.318010691553354263e-03
5.173695739358663559e-03
4.488934203982353210e-02
9.800036204978823662e-04
7.865675091743469238e-01
1.109478235244750977e+00
4.855980506590640289e-09
1.495187729597091675e-01
5.479106307029724121e-02
4.900910705327987671e-02
3.850575536489486694e-02
4.985758289694786072e-02
5.438820924609899521e-03
4.458312988281250000e-01
7.317932695150375366e-02
5.842975899577140808e-02
9.500987827777862549e-03
4.187380373477935791e-01
1.938396319746971130e-02
5.402927752584218979e-03
3.078997135162353516e-02
4.714752081781625748e-03
4.688666202127933502e-03
3.947743400931358337e-02
9.993383428081870079e-04
8.155459165573120117e-01
1.045094490051269531e+00
4.855980506590640289e-09
1.495196372270584106e-01
5.600465461611747742e-02
4.936131462454795837e-02
4.120295494794845581e-02
4.413031786680221558e-02
6.155222654342651367e-03
5.387943983078002930e-01
7.116636633872985840e-02
5.313627049326896667e-02
7.133793085813522339e-03
3.548130095005035400e-01
1.879767328500747681e-02
3.876315662637352943e-03
2.923258207738399506e-02
3.840829012915492058e-03
3.803813830018043518e-03
4.376589879393577576e-02
1.032466767355799675e-03
8.231629729270935059e-01
9.586226940155029297e-01
4.855980506590640289e-09
1.495182365179061890e-01
5.490550398826599121e-02
4.765043780207633972e-02
3.955897688865661621e-02
4.473529011011123657e-02
6.177358794957399368e-03
7.553071975708007812e-01
6.480373442173004150e-02
5.013288930058479309e-02
5.998559761792421341e-03
4.118557870388031006e-01
1.698514260351657867e-02
2.775788540020585060e-03
2.959699928760528564e-02
2.341604791581630707e-03
3.081646282225847244e-03
5.102711543440818787e-02
1.007118029519915581e-03
8.032982349395751953e-01
9.893462061882019043e-01
4.855980506590640289e-09
1.495154798030853271e-01
5.398847535252571106e-02
4.855336993932723999e-02
3.925336152315139771e-02
4.414243251085281372e-02
5.287252832204103470e-03
7.665824890136718750e-01
5.900237709283828735e-02
4.699864983558654785e-02
7.479014806449413300e-03
3.847355544567108154e-01
1.594045199453830719e-02
3.587078070268034935e-03
2.946784347295761108e-02
3.870873246341943741e-03
3.859697375446557999e-03
4.356763884425163269e-02
1.010812586173415184e-03
7.441310882568359375e-01
9.874763488769531250e-01
4.855980506590640289e-09
1.495185345411300659e-01
5.305074527859687805e-02
4.690769687294960022e-02
3.887393325567245483e-02
4.101191088557243347e-02
7.193096913397312164e-03
9.275296330451965332e-01
5.256859958171844482e-02
4.402051493525505066e-02
9.156912565231323242e-03
3.720565438270568848e-01
1.399664115160703659e-02
4.517313558608293533e-03
2.830760553479194641e-02
5.023916717618703842e-03
5.034165922552347183e-03
4.680136591196060181e-02
1.032446394674479961e-03
8.273746967315673828e-01
9.988327026367187500e-01
4.855980506590640289e-09
1.495172977447509766e-01
5.036677047610282898e-02
4.521278664469718933e-02
3.682843223214149475e-02
4.247311130166053772e-02
5.796189419925212860e-03
9.594630002975463867e-01
4.787335917353630066e-02
3.994914889335632324e-02
1.547756977379322052e-02
4.062927663326263428e-01
1.276049204170703888e-02
8.445794694125652313e-03
2.924942970275878906e-02
9.549582377076148987e-03
9.518378414213657379e-03
6.976667791604995728e-02
9.515966521576046944e-04
6.932736635208129883e-01
9.838525652885437012e-01
4.855980506590640289e-09
1.495171487331390381e-01
4.983031004667282104e-02
4.432218521833419800e-02
3.478527814149856567e-02
4.277147725224494934e-02
4.388695582747459412e-03
6.905061602592468262e-01
4.293901473283767700e-02
3.954358398914337158e-02
2.357508428394794464e-02
4.021495580673217773e-01
1.172863692045211792e-02
1.120734959840774536e-02
2.991016209125518799e-02
1.356450561434030533e-02
1.317534875124692917e-02
7.436997443437576294e-02
8.338390616700053215e-04
6.995911002159118652e-01
1.003160357475280762e+00
4.855980506590640289e-09
1.495196819305419922e-01
5.154884606599807739e-02
4.836801066994667053e-02
4.247433692216873169e-02
4.552555084228515625e-02
3.966886550188064575e-03
7.049052119255065918e-01
4.054581373929977417e-02
4.215513914823532104e-02
3.185150772333145142e-02
3.918916583061218262e-01
1.063484326004981995e-02
1.575815491378307343e-02
2.865097112953662872e-02
1.898600161075592041e-02
1.915950886905193329e-02
9.498362988233566284e-02
6.842476432211697102e-04
4.689639508724212646e-01
1.068730711936950684e+00
4.855980506590640289e-09
2.932195067405700684e-01
5.489084869623184204e-02
5.096564441919326782e-02
4.216188564896583557e-02
4.582617059350013733e-02
4.084400832653045654e-03
6.043299436569213867e-01
3.741917386651039124e-02
5.444753170013427734e-02
2.678629383444786072e-02
1.968477368354797363e-01
9.673029184341430664e-03
1.175122149288654327e-02
1.784568838775157928e-02
1.473180484026670456e-02
1.476825587451457977e-02
1.423418223857879639e-01
6.251919548958539963e-04
5.513838529586791992e-01
1.147490382194519043e+00
4.855980506590640289e-09
4.490395486354827881e-01
9.291106462478637695e-02
8.680409193038940430e-02
6.871793419122695923e-02
4.534509778022766113e-02
3.341684816405177116e-03
4.981540441513061523e-01
3.242987766861915588e-02
4.027396067976951599e-02
2.387753874063491821e-02
1.889066249132156372e-01
9.797317907214164734e-03
1.335030794143676758e-02
1.673893444240093231e-02
1.501696277409791946e-02
1.347690075635910034e-02
9.856937080621719360e-02
8.296121959574520588e-04
6.081258058547973633e-01
1.167341947555541992e+00
4.855980506590640289e-09
5.159748792648315430e-01
9.267562627792358398e-02
8.335167169570922852e-02
6.688235700130462646e-02
5.067740753293037415e-02
3.724216017872095108e-03
5.784196853637695312e-01
3.719557821750640869e-02
4.101010411977767944e-02
2.674956619739532471e-02
2.100937217473983765e-01
1.035085134208202362e-02
1.450762897729873657e-02
2.148899808526039124e-02
1.589943654835224152e-02
1.649419777095317841e-02
9.462882578372955322e-02
1.893941662274301052e-03
1.293248891830444336e+00
1.305318236351013184e+00
9.869154542684555054e-03
8.027088642120361328e-01
4.006402194499969482e-02
3.591500967741012573e-02
2.673235908150672913e-02
5.444925278425216675e-02
3.728675423189997673e-03
5.153861045837402344e-01
2.945372834801673889e-02
3.818672150373458862e-02
2.310393750667572021e-02
2.180564105510711670e-01
8.047824725508689880e-03
1.291509717702865601e-02
1.863357052206993103e-02
1.527868118137121201e-02
1.408785022795200348e-02
1.114712655544281006e-01
1.128000905737280846e-03
9.825873374938964844e-01
1.391337752342224121e+00
4.539743438363075256e-02
1.156770586967468262e+00
7.265371084213256836e-02
6.362392753362655640e-02
6.774290651082992554e-02
6.058795005083084106e-02
3.686627140268683434e-03
3.210715353488922119e-01
2.890118025243282318e-02
3.739374503493309021e-02
2.512583881616592407e-02
2.173197865486145020e-01
8.273755200207233429e-03
1.361388154327869415e-02
1.627811230719089508e-02
1.429087482392787933e-02
1.431205589324235916e-02
1.178042739629745483e-01
7.748777861706912518e-04
9.444625377655029297e-01
1.338056802749633789e+00
5.723948776721954346e-02
1.483976840972900391e+00
8.273550122976303101e-02
7.218723744153976440e-02
5.697852745652198792e-02
5.363180115818977356e-02
3.816701937466859818e-03
3.536740839481353760e-01
2.575339563190937042e-02
3.667255491018295288e-02
2.961323596537113190e-02
2.049731314182281494e-01
7.070552557706832886e-03
1.465493161231279373e-02
1.635155826807022095e-02
1.640607975423336029e-02
1.815196499228477478e-02
1.188115626573562622e-01
8.830683655105531216e-04
1.060821771621704102e+00
1.341482758522033691e+00
6.118529289960861206e-02
2.022449016571044922e+00
1.026588827371597290e-01
1.006563752889633179e-01
1.271921992301940918e-01
4.678278788924217224e-02
3.588478546589612961e-03
4.615206420421600342e-01
2.616684138774871826e-02
3.494535386562347412e-02
2.578725665807723999e-02
2.173760682344436646e-01
7.215643301606178284e-03
1.258163526654243469e-02
1.543714571744203568e-02
1.453530788421630859e-02
1.445502508431673050e-02
1.027589067816734314e-01
8.143202285282313824e-04
6.557110548019409180e-01
1.341185927391052246e+00
6.513446569442749023e-02
2.327524900436401367e+00
8.393821120262145996e-02
7.942032068967819214e-02
4.701863974332809448e-02
4.584822431206703186e-02
3.291092347353696823e-03
4.006736874580383301e-01
2.640694007277488708e-02
3.999878838658332825e-02
2.766018733382225037e-02
2.072736024856567383e-01
6.813280750066041946e-03
1.372759696096181870e-02
1.500613521784543991e-02
1.510342769324779510e-02
1.498591713607311249e-02
1.242715418338775635e-01
9.109188104048371315e-04
7.341309785842895508e-01
1.343182682991027832e+00
6.908327341079711914e-02
2.713267803192138672e+00
5.146738514304161072e-02
4.505944624543190002e-02
2.894608676433563232e-02
4.530271515250205994e-02
3.845395520329475403e-03
3.965125679969787598e-01
2.731514908373355865e-02
3.926780819892883301e-02
2.999944426119327545e-02
2.146785557270050049e-01
7.101221475750207901e-03
1.634693518280982971e-02
1.640631817281246185e-02
1.760091632604598999e-02
1.780411973595619202e-02
1.237331032752990723e-01
8.196004200726747513e-04
5.282736420631408691e-01
1.379404544830322266e+00
7.106081396341323853e-02
2.817071437835693359e+00
3.221847862005233765e-02
3.128280118107795715e-02
1.582978107035160065e-02
4.515872150659561157e-02
3.331104526296257973e-03
1.190501153469085693e-01
2.904338203370571136e-02
4.490908980369567871e-02
2.488318458199501038e-02
1.959782987833023071e-01
7.439354900270700455e-03
1.478007901459932327e-02
1.473396550863981247e-02
1.518014539033174515e-02
1.515721250325441360e-02
1.071406304836273193e-01
8.503024582751095295e-04
5.465748906135559082e-01
1.449217677116394043e+00
7.106287777423858643e-02
2.818006992340087891e+00
3.061699867248535156e-02
2.678932435810565948e-02
2.277878858149051666e-02
4.642592743039131165e-02
2.101962221786379814e-03
1.810727417469024658e-01
2.852032333612442017e-02
4.377626627683639526e-02
1.965014822781085968e-02
1.985677778720855713e-01
7.593833375722169876e-03
1.229621004313230515e-02
1.302163116633892059e-02
1.158585119992494583e-02
1.155088003724813461e-02
1.154968291521072388e-01
9.030657820403575897e-04
5.923367738723754883e-01
1.451928496360778809e+00
7.106295228004455566e-02
2.819797992706298828e+00
2.938230335712432861e-02
2.521626092493534088e-02
2.385154552757740021e-02
4.598836228251457214e-02
2.131980843842029572e-03
1.592507660388946533e-01
2.947903238236904144e-02
4.646014794707298279e-02
1.206597872078418732e-02
2.748340964317321777e-01
8.717409335076808929e-03
6.371381692588329315e-03
1.464454643428325653e-02
6.942334584891796112e-03
6.791233085095882416e-03
1.119264736771583557e-01
8.902571862563490868e-04
7.553916573524475098e-01
1.512689352035522461e+00
7.106392830610275269e-02
2.916223049163818359e+00
2.990789152681827545e-02
2.497270889580249786e-02
2.059753425419330597e-02
4.548218846321105957e-02
2.501339884474873543e-03
3.836932778358459473e-01
3.361482918262481689e-02
4.998652264475822449e-02
9.525266475975513458e-03
2.432344108819961548e-01
8.656702935695648193e-03
5.575290881097316742e-03
1.523876935243606567e-02
4.922573920339345932e-03
5.847090855240821838e-03
1.074473857879638672e-01
9.413619409315288067e-04
7.182134985923767090e-01
1.556232094764709473e+00
7.106620073318481445e-02
2.929163455963134766e+00
2.734054625034332275e-02
2.462092973291873932e-02
1.713006198406219482e-02
5.168341472744941711e-02
2.740972209721803665e-03
3.385011255741119385e-01
2.710961923003196716e-02
4.332211613655090332e-02
1.083406619727611542e-02
2.167846858501434326e-01
7.404384668916463852e-03
5.966285709291696548e-03
1.411053538322448730e-02
5.621444433927536011e-03
5.668445024639368057e-03
9.092785418033599854e-02
7.421324262395501137e-04
7.287283539772033691e-01
1.520114660263061523e+00
7.106646150350570679e-02
3.105406522750854492e+00
2.756297029554843903e-02
2.435008622705936432e-02
1.830963045358657837e-02
5.211028456687927246e-02
2.376371528953313828e-03
2.004046142101287842e-01
2.809976972639560699e-02
3.405853733420372009e-02
1.837592944502830505e-02
2.789321541786193848e-01
8.638106286525726318e-03
7.639686111360788345e-03
1.791461370885372162e-02
7.018791977316141129e-03
7.083519361913204193e-03
1.001158356666564941e-01
8.626807248219847679e-04
7.131094932556152344e-01
1.600997567176818848e+00
7.106831669807434082e-02
3.151648998260498047e+00
3.383643180131912231e-02
2.538403496146202087e-02
2.141545526683330536e-02
4.877031967043876648e-02
2.613276243209838867e-03
4.762690961360931396e-01
4.541004076600074768e-02
5.487644672393798828e-02
3.111574798822402954e-02
5.403251647949218750e-01
1.129526086151599884e-02
1.197098568081855774e-02
2.599122188985347748e-02
1.057295035570859909e-02
1.082387007772922516e-02
1.247529760003089905e-01
1.811989000998437405e-03
8.878573179244995117e-01
1.704758048057556152e+00
7.698913663625717163e-02
3.590307950973510742e+00
3.642011433839797974e-02
2.771672233939170837e-02
2.727884612977504730e-02
4.360396414995193481e-02
3.124597948044538498e-03
4.404306411743164062e-01
4.522459208965301514e-02
5.783333629369735718e-02
2.259338274598121643e-02
4.798125624656677246e-01
1.159146707504987717e-02
1.136103179305791855e-02
2.925119735300540924e-02
1.052877493202686310e-02
1.047524623572826385e-02
1.363418847322463989e-01
8.257740992121398449e-04
6.323005557060241699e-01
1.581327915191650391e+00
7.698875665664672852e-02
3.789441347122192383e+00
3.292082995176315308e-02
2.798689529299736023e-02
3.387019783258438110e-02
4.410107433795928955e-02
3.476845333352684975e-03
3.382605016231536865e-01
3.634570166468620300e-02
4.634098708629608154e-02
1.743727363646030426e-02
4.447945058345794678e-01
9.250037372112274170e-03
1.357336528599262238e-02
2.819169126451015472e-02
1.049133390188217163e-02
1.061894651502370834e-02
9.616000205278396606e-02
1.830373541451990604e-03
8.238360881805419922e-01
1.694918632507324219e+00
7.896047830581665039e-02
3.789445400238037109e+00
4.860980063676834106e-02
4.076554626226425171e-02
7.064951211214065552e-02
4.628317058086395264e-02
4.047541413456201553e-03
3.024771809577941895e-01
3.552998602390289307e-02
4.169296845793724060e-02
1.478373166173696518e-02
3.407195508480072021e-01
8.952056989073753357e-03
9.369858540594577789e-03
2.687680162489414215e-02
8.277960121631622314e-03
7.443491835147142410e-03
9.322027117013931274e-02
1.156859099864959717e-03
8.332890868186950684e-01
1.649569153785705566e+00
7.896079123020172119e-02
3.789442777633666992e+00
9.917402267456054688e-02
8.544113487005233765e-02
7.839713990688323975e-02
4.537075385451316833e-02
4.081894177943468094e-03
3.659361600875854492e-01
4.194409400224685669e-02
5.505866557359695435e-02
1.337899453938007355e-02
4.452531039714813232e-01
1.108318846672773361e-02
7.647033315151929855e-03
2.936316095292568207e-02
9.287383407354354858e-03
9.365920908749103546e-03
1.031267493963241577e-01
8.099482511170208454e-04
7.809098362922668457e-01
1.626948356628417969e+00
7.895988225936889648e-02
3.789454221725463867e+00
8.495265990495681763e-02
7.230468094348907471e-02
1.216753795742988586e-01
4.246230050921440125e-02
4.720286931842565536e-03
3.008122742176055908e-01
4.274108260869979858e-02
4.956226050853729248e-02
1.792344078421592712e-02
3.566831946372985840e-01
1.101063285022974014e-02
7.441377267241477966e-03
3.020351193845272064e-02
9.137275628745555878e-03
9.154877625405788422e-03
1.022569984197616577e-01
7.504631066694855690e-04
6.759080886840820312e-01
1.670384764671325684e+00
7.895978540182113647e-02
3.789457321166992188e+00
1.103484183549880981e-01
1.290022134780883789e-01
1.286007165908813477e-01
4.414580389857292175e-02
4.849974066019058228e-03
2.870215773582458496e-01
4.165477305650711060e-02
5.020464211702346802e-02
2.652256563305854797e-02
6.264821290969848633e-01
1.126142218708992004e-02
8.678310550749301910e-03
3.230226784944534302e-02
8.954191580414772034e-03
9.009239263832569122e-03
9.761784970760345459e-02
9.606772218830883503e-04
5.778549909591674805e-01
1.800439000129699707e+00
7.896027714014053345e-02
3.789452075958251953e+00
4.818201065063476562e-02
4.417862370610237122e-02
2.380931749939918518e-02
4.776485636830329895e-02
5.232710856944322586e-03
2.799795567989349365e-01
4.076370969414710999e-02
4.997972026467323303e-02
2.906799316406250000e-02
6.548199653625488281e-01
1.028066873550415039e-02
1.376179046928882599e-02
3.208639472723007202e-02
1.297702547162771225e-02
1.364776212722063065e-02
9.852296113967895508e-02
8.639652514830231667e-04
3.471899926662445068e-01
2.154531955718994141e+00
7.896114885807037354e-02
3.789461374282836914e+00
5.409433320164680481e-02
4.767493531107902527e-02
2.898999862372875214e-02
4.690448939800262451e-02
5.331216845661401749e-03
2.474491894245147705e-01
3.734729066491127014e-02
3.686231002211570740e-02
1.825201883912086487e-02
4.299016594886779785e-01
9.438164532184600830e-03
9.968539699912071228e-03
3.087108954787254333e-02
9.270250797271728516e-03
9.070689789950847626e-03
7.759471982717514038e-02
4.638475074898451567e-04
2.237455695867538452e-01
2.073041677474975586e+00
7.896064966917037964e-02
3.789455652236938477e+00
6.277024745941162109e-02
5.677184462547302246e-02
3.417389094829559326e-02
4.929457977414131165e-02
4.890971817076206207e-03
2.227073460817337036e-01
3.828642144799232483e-02
3.394563496112823486e-02
9.262444451451301575e-03
4.273155629634857178e-01
1.003382634371519089e-02
4.819409456104040146e-03
2.657750621438026428e-02
4.595804028213024139e-03
4.518810659646987915e-03
6.845668703317642212e-02
4.428434476722031832e-04
1.700549125671386719e-01
1.948620200157165527e+00
7.895920425653457642e-02
3.789454221725463867e+00
7.298745214939117432e-02
6.810740381479263306e-02
4.236559569835662842e-02
4.965219646692276001e-02
4.363635554909706116e-03
1.806865483522415161e-01
3.148616105318069458e-02
3.042911924421787262e-02
2.683357335627079010e-02
4.914465546607971191e-01
8.490992709994316101e-03
1.485531404614448547e-02
2.622088417410850525e-02
1.339609175920486450e-02
1.362983975559473038e-02
5.305842682719230652e-02
3.432174562476575375e-04
1.231273338198661804e-01
1.881154179573059082e+00
7.895938307046890259e-02
3.789450883865356445e+00
6.400612741708755493e-02
5.620473995804786682e-02
3.504031524062156677e-02
6.921645253896713257e-02
3.578249132260680199e-03
1.288872957229614258e-01
3.839201107621192932e-02
3.907432034611701965e-02
4.239577054977416992e-02
3.027104735374450684e-01
9.507806971669197083e-03
2.199935168027877808e-02
2.768758311867713928e-02
1.950150355696678162e-02
2.089750580489635468e-02
6.283599883317947388e-02
2.471400948707014322e-04
1.062629818916320801e-01
1.877192020416259766e+00
7.895826548337936401e-02
3.789451122283935547e+00
3.783066198229789734e-02
3.053260967135429382e-02
1.897517219185829163e-02
5.929242447018623352e-02
3.089273581281304359e-03
1.396429240703582764e-01
3.401222079992294312e-02
4.004780575633049011e-02
3.075377643108367920e-02
4.817609786987304688e-01
8.325302973389625549e-03
1.660683006048202515e-02
2.946389839053153992e-02
1.524051837623119354e-02
1.568652689456939697e-02
8.829628676176071167e-02
1.640429109102115035e-04
9.078854322433471680e-02
1.909413814544677734e+00
7.895590364933013916e-02
3.789453029632568359e+00
1.372106820344924927e-01
8.871477842330932617e-02
4.294417425990104675e-02
4.836601763963699341e-02
2.587962895631790161e-03
1.247805953025817871e-01
5.582753941416740417e-02
6.712415069341659546e-02
2.392124198377132416e-02
5.108126997947692871e-01
1.315324939787387848e-02
1.145693846046924591e-02
3.706609457731246948e-02
1.057496480643749237e-02
1.062418986111879349e-02
6.941470503807067871e-02
1.494114694651216269e-04
9.620510041713714600e-02
1.881352424621582031e+00
7.895378768444061279e-02
3.789430141448974609e+00
1.500524282455444336e-01
1.326298266649246216e-01
5.536080524325370789e-02
8.553360402584075928e-02
2.386098960414528847e-03
1.356219351291656494e-01
1.743838489055633545e-01
1.822518557310104370e-01
3.049330972135066986e-02
1.162779092788696289e+00
4.639598727226257324e-02
1.610658317804336548e-02
8.542405068874359131e-02
1.426107808947563171e-02
1.517191343009471893e-02
1.282974630594253540e-01
1.758466823957860470e-04
1.416618824005126953e-01
1.989223122596740723e+00
7.895152270793914795e-02
3.789434909820556641e+00
2.259236127138137817e-01
2.082777470350265503e-01
8.456367254257202148e-02
1.214604377746582031e-01
4.236126784235239029e-03
1.512937098741531372e-01
1.753370612859725952e-01
1.963031888008117676e-01
2.826347202062606812e-02
1.194460630416870117e+00
4.502479732036590576e-02
1.481082290410995483e-02
8.738975226879119873e-02
1.421836484223604202e-02
1.411312352865934372e-02
1.807825714349746704e-01
2.453766355756670237e-04
1.755670756101608276e-01
1.968140959739685059e+00
7.895248383283615112e-02
3.789433002471923828e+00
1.585992872714996338e-01
1.436968594789505005e-01
8.253613859415054321e-02
1.975292861461639404e-01
4.443294368684291840e-03
1.546768844127655029e-01
1.360415220260620117e-01
1.535851657390594482e-01
3.522880747914314270e-02
1.021260023117065430e+00
3.602236881852149963e-02
1.788641512393951416e-02
8.486235886812210083e-02
1.721598021686077118e-02
1.745128072798252106e-02
2.033812701702117920e-01
1.497043995186686516e-04
6.751815229654312134e-02
1.976212620735168457e+00
7.895074784755706787e-02
3.789415359497070312e+00
1.015577539801597595e-01
9.418488293886184692e-02
5.015528947114944458e-02
2.018921673297882080e-01
4.346677102148532867e-03
1.396247595548629761e-01
9.414657950401306152e-02
1.180701106786727905e-01
2.745498344302177429e-02
9.416396617889404297e-01
2.860918454825878143e-02
1.582863554358482361e-02
7.089479267597198486e-02
1.838311739265918732e-02
1.517339702695608139e-02
1.345337182283401489e-01
1.682307338342070580e-04
6.100482121109962463e-02
1.970241308212280273e+00
7.895158231258392334e-02
3.789420366287231445e+00
5.776277184486389160e-02
5.147694423794746399e-02
4.778173938393592834e-02
2.156711071729660034e-01
4.105826374143362045e-03
1.318836957216262817e-01
7.398585230112075806e-02
8.376637846231460571e-02
3.058021888136863708e-02
6.979593634605407715e-01
1.884204149246215820e-02
1.554214674979448318e-02
5.540575459599494934e-02
1.730959489941596985e-02
1.385003793984651566e-02
5.153043940663337708e-02
1.456002064514905214e-04
6.981910765171051025e-02
1.977413415908813477e+00
7.895416766405105591e-02
3.789427995681762695e+00
4.638196900486946106e-02
4.007605835795402527e-02
2.181848697364330292e-02
7.107160240411758423e-02
3.070781007409095764e-03
1.300528496503829956e-01
5.152177810668945312e-02
5.882345885038375854e-02
4.080494120717048645e-02
4.379314184188842773e-01
1.199945062398910522e-02
1.874115318059921265e-02
4.258299246430397034e-02
2.201509103178977966e-02
2.260392904281616211e-02
2.561711333692073822e-02
2.300823543919250369e-04
1.158952489495277405e-01
2.490226984024047852e+00
7.895610481500625610e-02
3.789436817169189453e+00
4.620210826396942139e-02
4.135228320956230164e-02
1.837061718106269836e-02
4.053609818220138550e-02
3.213700838387012482e-03
7.000430673360824585e-02
1.579291746020317078e-02
2.077820524573326111e-02
5.270164459943771362e-02
1.676852852106094360e-01
4.534502979367971420e-03
2.148006856441497803e-02
2.705081924796104431e-02
2.057199552655220032e-02
2.074979618191719055e-02
7.560316473245620728e-03
1.072704981197603047e-04
6.227071955800056458e-02
2.230707406997680664e+00
7.895594835281372070e-02
3.789436817169189453e+00
4.647864773869514465e-02
4.269692674279212952e-02
2.347750589251518250e-02
2.700916863977909088e-02
1.952834776602685452e-03
6.909903138875961304e-02
1.029782742261886597e-02
1.256245095282793045e-02
4.366359114646911621e-02
3.144812956452369690e-02
2.442142460495233536e-03
2.499604225158691406e-02
1.092620659619569778e-02
2.452447824180126190e-02
2.471850626170635223e-02
1.690460182726383209e-02
1.314917753916233778e-04
8.517833054065704346e-02
2.203483104705810547e+00
7.895677536725997925e-02
3.789433479309082031e+00
4.018618538975715637e-02
3.486368060111999512e-02
1.986210048198699951e-02
2.752464637160301208e-02
1.853269292041659355e-03
4.521796479821205139e-02
1.544392853975296021e-02
1.880503818392753601e-02
3.646479919552803040e-02
1.450906991958618164e-01
3.061724128201603889e-03
2.508169412612915039e-02
1.309116091579198837e-02
2.108213678002357483e-02
2.081805281341075897e-02
2.089123986661434174e-02
1.502469967817887664e-04
9.257715195417404175e-02
2.012844324111938477e+00
7.895735651254653931e-02
3.789435148239135742e+00
3.957156091928482056e-02
3.443218022584915161e-02
1.287093013525009155e-02
2.978934906423091888e-02
2.376847434788942337e-03
6.550566852092742920e-02
2.313636802136898041e-02
2.841424942016601562e-02
7.846056669950485229e-02
8.718649297952651978e-02
5.356086418032646179e-03
3.847502917051315308e-02
2.059690095484256744e-02
4.274217784404754639e-02
4.245413094758987427e-02
2.933893911540508270e-02
1.344578049611300230e-04
8.026351034641265869e-02
1.749010324478149414e+00
7.895737886428833008e-02
3.789446115493774414e+00
3.846051543951034546e-02
2.944655157625675201e-02
2.115677110850811005e-02
5.022983253002166748e-02
9.871375514194369316e-04
9.403391182422637939e-02
2.228688634932041168e-02
2.781902067363262177e-02
6.715063005685806274e-02
1.383554935455322266e-01
5.123482085764408112e-03
3.357017040252685547e-02
3.164163231849670410e-02
3.122937679290771484e-02
3.556607291102409363e-02
2.577436529099941254e-02
9.156551823252812028e-05
4.964988678693771362e-02
1.819812178611755371e+00
7.895872741937637329e-02
3.789434432983398438e+00
4.542712122201919556e-02
3.868755325675010681e-02
2.467039041221141815e-02
5.576121062040328979e-02
1.018655369989573956e-03
4.233557730913162231e-02
2.193907834589481354e-02
2.094907313585281372e-02
8.567942678928375244e-02
3.532491326332092285e-01
5.255992524325847626e-03
3.755860403180122375e-02
2.685129642486572266e-02
3.751464188098907471e-02
3.737671673297882080e-02
2.909337356686592102e-02
9.682558447821065784e-05
5.933512374758720398e-02
1.544760346412658691e+00
7.896026223897933960e-02
3.789445400238037109e+00
4.610330238938331604e-02
3.822376579046249390e-02
2.148043178021907806e-02
5.425880104303359985e-02
8.229506784118711948e-04
3.177332133054733276e-02
2.825129032135009766e-02
2.771190740168094635e-02
7.681040465831756592e-02
3.853662908077239990e-01
7.247052155435085297e-03
3.746279701590538025e-02
1.509989984333515167e-02
3.478631004691123962e-02
3.455717489123344421e-02
4.276251792907714844e-02
9.349230094812810421e-05
6.497151404619216919e-02
1.486083626747131348e+00
7.895885407924652100e-02
3.789447307586669922e+00
5.450112372636795044e-02
4.760158061981201172e-02
2.095892839133739471e-02
6.377676874399185181e-02
8.413833566009998322e-04
6.530365347862243652e-02
3.587336838245391846e-02
2.997502870857715607e-02
3.921489045023918152e-02
4.106726944446563721e-01
7.735216990113258362e-03
2.108018659055233002e-02
1.099708024412393570e-02
2.108785323798656464e-02
2.102586813271045685e-02
4.573157429695129395e-02
9.518139995634555817e-05
5.734262987971305847e-02
1.559754133224487305e+00
7.895906269550323486e-02
3.694723129272460938e+00
9.663011133670806885e-02
8.246818929910659790e-02
5.298557877540588379e-02
5.379840731620788574e-02
9.562470950186252594e-04
4.831595718860626221e-02
2.538288757205009460e-02
2.735432051122188568e-02
3.463060036301612854e-02
4.408144354820251465e-01
5.886647850275039673e-03
2.187067829072475433e-02
1.812531799077987671e-02
2.156800404191017151e-02
2.276205085217952728e-02
4.232449084520339966e-02
1.235975942108780146e-04
9.272233396768569946e-02
1.530767917633056641e+00
7.895848155021667480e-02
3.587500095367431641e+00
1.550972163677215576e-01
1.266334950923919678e-01
6.212378665804862976e-02
4.442309588193893433e-02
7.757028215564787388e-04
7.313994318246841431e-02
3.760584071278572083e-02
3.749536350369453430e-02
3.061152622103691101e-02
3.805509805679321289e-01
9.279048070311546326e-03
1.916352845728397369e-02
3.674140572547912598e-02
1.839563436806201935e-02
1.855438016355037689e-02
3.664827346801757812e-02
1.384753559250384569e-04
1.047728210687637329e-01
1.379574894905090332e+00
7.895895093679428101e-02
3.537625551223754883e+00
1.588069200515747070e-01
1.355852633714675903e-01
8.772452920675277710e-02
4.889893531799316406e-02
1.227615401148796082e-03
7.201055437326431274e-02
3.747276961803436279e-02
4.068249091506004333e-02
2.819849550724029541e-02
3.854001462459564209e-01
1.140101347118616104e-02
1.721632108092308044e-02
3.033199161291122437e-02
1.547365356236696243e-02
1.578327082097530365e-02
3.465991839766502380e-02
1.803558116080239415e-04
1.374428421258926392e-01
1.351035475730895996e+00
7.896109670400619507e-02
3.507147312164306641e+00
1.266023814678192139e-01
1.190331131219863892e-01
6.448696553707122803e-02
4.819606617093086243e-02
1.779270358383655548e-03
5.834557861089706421e-02
3.366189822554588318e-02
2.882144041359424591e-02
2.403413318097591400e-02
2.927239835262298584e-01
9.947533719241619110e-03
1.455547939985990524e-02
2.381308563053607941e-02
1.389835029840469360e-02
1.393570099025964737e-02
1.938554458320140839e-02
2.810484438668936491e-04
2.075767219066619873e-01
1.418718099594116211e+00
7.896091789007186890e-02
3.494631767272949219e+00
5.399463325738906860e-02
5.561622977256774902e-02
2.963983640074729919e-02
4.936934262514114380e-02
8.353043813258409500e-04
6.967660039663314819e-02
3.156652301549911499e-02
2.555598504841327667e-02
2.400564216077327728e-02
2.490238845348358154e-01
8.228864520788192749e-03
1.382435485720634460e-02
1.811800897121429443e-02
1.342502050101757050e-02
1.335612498223781586e-02
2.250066027045249939e-02
3.639156930148601532e-04
3.260543346405029297e-01
1.343108177185058594e+00
7.896144688129425049e-02
3.546962499618530273e+00
9.241011925041675568e-03
9.133098646998405457e-03
6.079142913222312927e-03
7.017704099416732788e-02
1.055097440257668495e-03
8.430894464254379272e-02
1.828153990209102631e-02
1.450078561902046204e-02
2.272571809589862823e-02
9.655468910932540894e-02
5.762780550867319107e-03
1.168653089553117752e-02
8.063270710408687592e-03
1.113340072333812714e-02
9.814435616135597229e-03
9.390885010361671448e-03
4.665326559916138649e-04
3.757864534854888916e-01
1.344379186630249023e+00
7.896129786968231201e-02
3.500911235809326172e+00
9.110257960855960846e-03
9.546505287289619446e-03
7.187421899288892746e-03
4.852450639009475708e-02
1.204984379000961781e-03
1.326344609260559082e-01
9.712116792798042297e-03
7.087665144354104996e-03
2.559257671236991882e-02
8.564694970846176147e-02
2.005608519539237022e-03
1.478730794042348862e-02
4.491542000323534012e-03
1.438650302588939667e-02
1.453134231269359589e-02
6.632359232753515244e-03
5.175108672119677067e-04
4.067116677761077881e-01
1.232361912727355957e+00
7.895968854427337646e-02
3.494035005569458008e+00
1.102940365672111511e-02
1.246293354779481888e-02
8.330645971000194550e-03
3.070549666881561279e-02
2.425553975626826286e-03
2.016485929489135742e-01
7.355936802923679352e-03
7.944886572659015656e-03
2.252264320850372314e-02
6.056628748774528503e-02
1.736742211505770683e-03
1.505179889500141144e-02
3.343946766108274460e-03
1.508815214037895203e-02
1.500319875776767731e-02
1.636515557765960693e-02
5.416823551058769226e-04
4.723930358886718750e-01
1.193874001502990723e+00
7.895890623331069946e-02
3.475931882858276367e+00
8.920500054955482483e-03
9.680446237325668335e-03
6.234363652765750885e-03
1.885761320590972900e-02
4.299147054553031921e-03
1.729287505149841309e-01
1.221000403165817261e-02
1.596949994564056396e-02
1.973037794232368469e-02
5.800717324018478394e-02
2.469146624207496643e-03
1.273391675204038620e-02
3.039410803467035294e-03
1.264076866209506989e-02
1.269510574638843536e-02
2.108964137732982635e-02
5.679448950104415417e-04
5.010976791381835938e-01
1.214379668235778809e+00
7.895876467227935791e-02
3.480282783508300781e+00
7.703977171331644058e-03
7.506688591092824936e-03
5.203262902796268463e-03
1.605975627899169922e-02
4.910150542855262756e-03
3.444341719150543213e-01
1.219423301517963409e-02
1.901620812714099884e-02
1.614216528832912445e-02
7.611477375030517578e-02
3.189859911799430847e-03
6.948780268430709839e-03
4.276311956346035004e-03
6.172932218760251999e-03
7.011748384684324265e-03
3.337235748767852783e-02
5.640071467496454716e-04
4.509043991565704346e-01
1.312258362770080566e+00
7.895962148904800415e-02
3.485159635543823242e+00
2.261918596923351288e-02
2.278628014028072357e-02
1.336114015430212021e-02
1.737789064645767212e-02
4.471865948289632797e-03
2.515342235565185547e-01
2.721461933106184006e-03
4.970991518348455429e-03
1.613030768930912018e-02
8.215453475713729858e-02
8.298071916215121746e-04
7.473448291420936584e-03
4.280511755496263504e-03
9.426884353160858154e-03
9.412348270416259766e-03
1.287216134369373322e-02
6.111493567004799843e-04
4.543171525001525879e-01
1.252482295036315918e+00
7.896004617214202881e-02
3.479980945587158203e+00
5.200617760419845581e-02
6.502478569746017456e-02
2.845134399831295013e-02
2.231842838227748871e-02
3.609647741541266441e-03
2.180329710245132446e-01
3.017042996361851692e-03
5.935129709541797638e-03
1.120323222130537033e-02
7.812657207250595093e-02
7.808034424670040607e-04
5.462773144245147705e-03
4.308783449232578278e-03
5.757097154855728149e-03
4.553140606731176376e-03
1.834440231323242188e-02
5.764794768765568733e-04
4.032835364341735840e-01
1.197384834289550781e+00
7.896028459072113037e-02
3.503028154373168945e+00
4.305097833275794983e-02
3.726678341627120972e-02
2.377243898808956146e-02
2.265320159494876862e-02
2.960752462968230247e-03
2.844104170799255371e-01
3.039606381207704544e-03
5.657325033098459244e-03
1.483008079230785370e-02
8.420471847057342529e-02
1.209163106977939606e-03
5.977046675980091095e-03
4.370479844510555267e-03
6.013409234583377838e-03
6.830871105194091797e-03
1.743493229150772095e-02
5.221742321737110615e-04
4.045251309871673584e-01
1.273168325424194336e+00
7.896526902914047241e-02
3.216934680938720703e+00
1.803179830312728882e-02
2.171796001493930817e-02
1.052813977003097534e-02
1.702918671071529388e-02
6.530034006573259830e-04
2.977565824985504150e-01
5.784128326922655106e-03
2.735507115721702576e-02
8.089433424174785614e-03
8.653107285499572754e-02
1.998580992221832275e-03
4.106577485799789429e-03
4.646735731512308121e-03
4.049751441925764084e-03
4.066932480782270432e-03
2.658589743077754974e-02
5.299298209138214588e-04
4.537670612335205078e-01
1.276384115219116211e+00
7.896789908409118652e-02
2.985023975372314453e+00
7.791581563651561737e-03
9.402005933225154877e-03
5.573184229433536530e-03
1.772213540971279144e-02
1.061159302480518818e-03
3.734469711780548096e-01
3.966314252465963364e-03
1.145521737635135651e-02
8.591281250119209290e-03
9.415864944458007812e-02
1.387870055623352528e-03
4.500358365476131439e-03
4.563425201922655106e-03
4.060978069901466370e-03
4.704077262431383133e-03
3.462916985154151917e-02
5.936271627433598042e-04
4.887675344944000244e-01
1.222506403923034668e+00
7.896844297647476196e-02
2.850521564483642578e+00
5.970618687570095062e-03
6.926322355866432190e-03
5.054326262325048447e-03
1.963078416883945465e-02
1.258573611266911030e-03
3.706505596637725830e-01
3.507610643282532692e-03
7.221427746117115021e-03
1.167863328009843826e-02
1.027517467737197876e-01
8.849058067426085472e-04
6.844629067927598953e-03
4.775977693498134613e-03
5.742896348237991333e-03
4.761152900755405426e-03
3.376159816980361938e-02
5.758245824836194515e-04
4.717606604099273682e-01
9.490934014320373535e-01
6.304004043340682983e-02
1.964912414550781250e+00
4.925124812871217728e-03
5.415808409452438354e-03
5.630626343190670013e-03
1.994767971336841583e-02
9.896082337945699692e-04
4.563426077365875244e-01
3.266830462962388992e-03
5.403488408774137497e-03
1.859372481703758240e-02
1.088789552450180054e-01
8.345764363184571266e-04
6.249067839235067368e-03
5.090469494462013245e-03
6.636722944676876068e-03
7.641687989234924316e-03
4.260404780507087708e-02
6.314327474683523178e-04
4.653484821319580078e-01
1.068361043930053711e+00
2.723491750657558441e-02
1.769740462303161621e+00
4.607754293829202652e-03
5.041948985308408737e-03
3.032420296221971512e-03
2.067037858068943024e-02
2.253920538350939751e-03
4.612710177898406982e-01
3.211804898455739021e-03
9.818151593208312988e-03
1.535253599286079407e-02
1.088252961635589600e-01
8.057247614488005638e-04
7.791826967149972916e-03
5.187822040170431137e-03
6.865056697279214859e-03
7.290696259588003159e-03
4.216006025671958923e-02
6.600255146622657776e-04
5.112624168395996094e-01
9.643015265464782715e-01
2.495208568871021271e-02
1.951444745063781738e+00
4.616255406290292740e-03
5.001912359148263931e-03
3.097063396126031876e-03
1.900342293083667755e-02
1.145683927461504936e-03
4.935907721519470215e-01
3.317539114505052567e-03
5.055909510701894760e-03
2.164874598383903503e-02
1.118381619453430176e-01
8.605285547673702240e-04
1.005827728658914566e-02
5.191327072679996490e-03
8.247855119407176971e-03
8.176322095096111298e-03
4.161096364259719849e-02
6.546672084368765354e-04
5.104497075080871582e-01
8.920946717262268066e-01
2.923655137419700623e-02
2.079547643661499023e+00
5.967648234218358994e-03
5.480385851114988327e-03
2.477687317878007889e-03
2.170770429074764252e-02
7.211265037767589092e-04
6.436846256256103516e-01
3.292398527264595032e-03
5.484801717102527618e-03
1.872707344591617584e-02
1.050296276807785034e-01
8.778210030868649483e-04
9.013911709189414978e-03
5.346524063497781754e-03
1.012702565640211105e-02
1.008433755487203598e-02
3.841284289956092834e-02
6.644747336395084858e-04
5.245310068130493164e-01
9.112219214439392090e-01
2.405086345970630646e-02
2.055395841598510742e+00
4.425829742103815079e-03
4.395270720124244690e-03
2.561935456469655037e-03
2.207082137465476990e-02
8.672628318890929222e-04
6.336375474929809570e-01
4.092770628631114960e-03
5.340336821973323822e-03
1.763260737061500549e-02
1.061456054449081421e-01
8.723869686946272850e-04
8.665906265377998352e-03
5.357460118830204010e-03
7.899976335465908051e-03
7.904236204922199249e-03
4.389421641826629639e-02
6.920582382008433342e-04
5.284159183502197266e-01
8.035664558410644531e-01
2.106549032032489777e-02
2.039332151412963867e+00
4.781089257448911667e-03
4.801435861736536026e-03
2.835784340277314186e-03
2.530344389379024506e-02
8.278612513095140457e-04
5.904476642608642578e-01
4.032176919281482697e-03
5.566373467445373535e-03
1.720601692795753479e-02
1.068704798817634583e-01
9.181330096907913685e-04
8.727078326046466827e-03
5.371546372771263123e-03
7.745414040982723236e-03
7.869666442275047302e-03
4.070241004228591919e-02
7.189310272224247456e-04
5.641015768051147461e-01
8.478634953498840332e-01
1.889030076563358307e-02
1.958096146583557129e+00
7.316440343856811523e-03
7.504707202315330505e-03
3.923459444195032120e-03
1.931608095765113831e-02
9.897107956930994987e-04
6.982555389404296875e-01
3.813213435932993889e-03
6.504534278064966202e-03
1.780021563172340393e-02
1.054059192538261414e-01
9.276657365262508392e-04
9.845944121479988098e-03
5.365372635424137115e-03
8.981857448816299438e-03
9.024758823215961456e-03
4.207538068294525146e-02
6.976900040172040462e-04
5.680263042449951172e-01
8.796054124832153320e-01
1.786131039261817932e-02
1.957765460014343262e+00
1.001681759953498840e-02
1.202784292399883270e-02
6.686125416308641434e-03
1.960383914411067963e-02
1.016591675579547882e-03
7.220317125320434570e-01
3.973895683884620667e-03
6.067252717912197113e-03
2.012180350720882416e-02
1.106768250465393066e-01
9.455462568439543247e-04
9.933620691299438477e-03
5.486934445798397064e-03
1.047176402062177658e-02
9.598918259143829346e-03
3.917505219578742981e-02
7.107426645234227180e-04
5.279369950294494629e-01
1.028985381126403809e+00
1.829249598085880280e-02
1.875547170639038086e+00
1.446705497801303864e-02
1.513835228979587555e-02
1.112858485430479050e-02
2.528467029333114624e-02
9.065731428563594818e-04
7.349079251289367676e-01
3.575092181563377380e-03
5.085759330540895462e-03
2.829650416970252991e-02
1.080510467290878296e-01
9.773533092811703682e-04
1.544973719865083694e-02
5.649043247103691101e-03
1.392994914203882217e-02
1.406358275562524796e-02
3.611278533935546875e-02
7.231035269796848297e-04
6.026857495307922363e-01
7.430578470230102539e-01
1.782483793795108795e-02
1.820185303688049316e+00
2.490300871431827545e-02
2.424747124314308167e-02
1.473757438361644745e-02
2.654998563230037689e-02
9.229681454598903656e-04
6.974522471427917480e-01
6.942403502762317657e-03
3.062348579987883568e-03
3.035342134535312653e-02
1.028199791908264160e-01
1.780784339644014835e-03
1.569015346467494965e-02
5.531142000108957291e-03
1.338173355907201767e-02
1.178749091923236847e-02
3.289467841386795044e-02
7.195386569947004318e-04
5.811168551445007324e-01
7.440462708473205566e-01
1.849792338907718658e-02
1.873934626579284668e+00
3.329597041010856628e-02
4.314388707280158997e-02
2.137568406760692596e-02
3.852580115199089050e-02
7.909827982075512409e-04
7.182335853576660156e-01
5.238934420049190521e-03
3.523742081597447395e-03
2.439711429178714752e-02
9.723585098981857300e-02
1.003712997771799564e-03
1.342735160142183304e-02
5.746894050389528275e-03
1.198307517915964127e-02
1.142665836960077286e-02
2.873462811112403870e-02
6.833796505816280842e-04
5.363361835479736328e-01
6.572229862213134766e-01
2.319741807878017426e-02
1.803804159164428711e+00
1.059787627309560776e-02
1.311541721224784851e-02
7.405283860862255096e-03
3.284550458192825317e-02
6.714334595017135143e-04
6.875065565109252930e-01
6.364345550537109375e-03
4.915332887321710587e-03
2.525825239717960358e-02
1.262305825948715210e-01
1.601836644113063812e-03
1.464010588824748993e-02
6.300575565546751022e-03
1.179921813309192657e-02
1.111938804388046265e-02
3.143954277038574219e-02
8.325589005835354328e-04
5.603390932083129883e-01
6.779494285583496094e-01
1.968573965132236481e-02
1.632953643798828125e+00
8.812565356492996216e-03
8.685902692377567291e-03
5.567229818552732468e-03
3.243044391274452209e-02
6.717371870763599873e-04
6.835490465164184570e-01
8.249664679169654846e-03
7.478126324713230133e-03
3.094389662146568298e-02
1.500710248947143555e-01
2.030820120126008987e-03
1.562511548399925232e-02
7.852308452129364014e-03
1.340546458959579468e-02
1.362878922373056412e-02
4.025520011782646179e-02
8.687695371918380260e-04
7.550251483917236328e-01
6.809090375900268555e-01
1.938132196664810181e-02
1.545363664627075195e+00
1.180699095129966736e-02
1.239510066807270050e-02
8.166062645614147186e-03
2.564982883632183075e-02
4.608402377925813198e-04
6.984573602676391602e-01
8.649094030261039734e-03
1.283623650670051575e-02
2.535911649465560913e-02
1.635768711566925049e-01
2.266912488266825676e-03
1.223589945584535599e-02
9.215382859110832214e-03
1.103843376040458679e-02
1.109593082219362259e-02
5.399716645479202271e-02
9.412089711986482143e-04
7.242525219917297363e-01
7.507325410842895508e-01
1.599834859371185303e-02
1.305059552192687988e+00
1.711915060877799988e-02
1.841154694557189941e-02
1.193230226635932922e-02
2.535903081297874451e-02
5.149369244463741779e-04
8.104192018508911133e-01
1.057219319045543671e-02
1.853897236287593842e-02
2.431671135127544403e-02
1.740482598543167114e-01
2.709222491830587387e-03
1.222502347081899643e-02
9.936257265508174896e-03
1.090678665786981583e-02
1.041375193744897842e-02
6.176082417368888855e-02
9.471480734646320343e-04
7.342419624328613281e-01
8.056728839874267578e-01
1.166035048663616180e-02
1.756275177001953125e+00
1.705987751483917236e-02
1.854253560304641724e-02
1.198277994990348816e-02
2.845878340303897858e-02
5.713053978979587555e-04
7.936236262321472168e-01
1.167656667530536652e-02
1.691332086920738220e-02
2.969283796846866608e-02
1.832301914691925049e-01
3.030389547348022461e-03
1.468237489461898804e-02
1.057614106684923172e-02
1.271251961588859558e-02
1.283333729952573776e-02
6.198641657829284668e-02
9.626583196222782135e-04
7.223987579345703125e-01
1.414755225181579590e+00
1.149249356240034103e-02
1.655386567115783691e+00
1.121457759290933609e-02
1.195909176021814346e-02
8.514808490872383118e-03
2.660378068685531616e-02
6.036098347976803780e-04
7.802101969718933105e-01
1.260672975331544876e-02
1.940235681831836700e-02
3.070700727403163910e-02
1.894822120666503906e-01
3.286274382844567299e-03
1.502106618136167526e-02
1.099160406738519669e-02
1.304390840232372284e-02
1.316390465945005417e-02
7.088626921176910400e-02
9.143723291344940662e-04
6.337240338325500488e-01
8.339263200759887695e-01
1.035473030060529709e-02
1.381052374839782715e+00
7.948475889861583710e-03
8.101485669612884521e-03
5.114501807838678360e-03
2.790390513837337494e-02
6.059102015569806099e-04
7.348246574401855469e-01
1.306302100419998169e-02
1.632273569703102112e-02
3.775804489850997925e-02
1.925824433565139771e-01
3.423626534640789032e-03
1.802870817482471466e-02
1.118403300642967224e-02
1.775026321411132812e-02
1.777957938611507416e-02
5.026423186063766479e-02
9.839417180046439171e-04
8.147214055061340332e-01
9.631174206733703613e-01
9.978818707168102264e-03
1.331720709800720215e+00
9.152059443295001984e-03
9.728183038532733917e-03
5.757627543061971664e-03
2.960022538900375366e-02
6.658994825556874275e-04
5.940427184104919434e-01
1.358932256698608398e-02
1.773724146187305450e-02
3.825623169541358948e-02
1.952685415744781494e-01
3.567833686247467995e-03
1.829128339886665344e-02
1.134695485234260559e-02
1.884100958704948425e-02
1.890809088945388794e-02
4.150643199682235718e-02
9.560511680319905281e-04
7.518693804740905762e-01
4.695934653282165527e-01
9.857739321887493134e-03
1.332827806472778320e+00
9.927658364176750183e-03
1.087187975645065308e-02
6.373476237058639526e-03
3.542701900005340576e-02
6.104060448706150055e-04
5.428808927536010742e-01
1.520751509815454483e-02
2.242607250809669495e-02
2.968840859830379486e-02
1.969130635261535645e-01
3.961508162319660187e-03
1.453840173780918121e-02
1.144009362906217575e-02
1.276670489460229874e-02
1.284327078610658646e-02
6.955116987228393555e-02
6.810010527260601521e-04
5.258428454399108887e-01
2.613821029663085938e-01
9.816365316510200500e-03
1.232583045959472656e+00
8.649776689708232880e-03
9.125239215791225433e-03
4.598995205014944077e-03
3.069489821791648865e-02
5.261359619908034801e-04
5.754511356353759766e-01
1.742543280124664307e-02
2.527931705117225647e-02
2.737755514681339264e-02
1.983609199523925781e-01
4.429116845130920410e-03
1.450670883059501648e-02
1.151960901916027069e-02
1.308039575815200806e-02
1.253490056842565536e-02
8.383156359195709229e-02
6.729116430506110191e-04
5.120679736137390137e-01
2.102484405040740967e-01
9.921266697347164154e-03
1.207958817481994629e+00
8.575153537094593048e-03
9.208952076733112335e-03
5.005282815545797348e-03
2.923104912042617798e-02
5.448759766295552254e-04
6.123225688934326172e-01
1.726349629461765289e-02
2.581432089209556580e-02
3.129330277442932129e-02
1.993992477655410767e-01
4.482762888073921204e-03
1.492195297032594681e-02
1.157384645193815231e-02
1.306033693253993988e-02
1.302405633032321930e-02
8.484023809432983398e-02
6.185041856952011585e-04
5.327904820442199707e-01
1.665005683898925781e-01
9.862477891147136688e-03
1.198318481445312500e+00
9.299767203629016876e-03
9.223484434187412262e-03
5.015582311898469925e-03
3.310130164027214050e-02
5.382907111197710037e-04
6.506295204162597656e-01
1.884402334690093994e-02
2.760289050638675690e-02
2.745457179844379425e-02
2.001259624958038330e-01
4.788514226675033569e-03
1.392556354403495789e-02
1.160874031484127045e-02
1.279550325125455856e-02
1.281811762601137161e-02
8.797520399093627930e-02
6.269037257879972458e-04
5.642287135124206543e-01
1.685052514076232910e-01
9.801086038351058960e-03
1.305943489074707031e+00
9.193798527121543884e-03
9.560635313391685486e-03
5.884607322514057159e-03
3.273571655154228210e-02
5.834828480146825314e-04
6.394096612930297852e-01
2.034949138760566711e-02
2.980568259954452515e-02
2.331641316413879395e-02
2.008490264415740967e-01
5.418763030320405960e-03
1.160845346748828888e-02
1.164370402693748474e-02
1.084735896438360214e-02
1.082638930529356003e-02
1.012815088033676147e-01
5.131806246936321259e-04
4.527660012245178223e-01
2.530695497989654541e-01
9.783877991139888763e-03
1.276099443435668945e+00
8.903009817004203796e-03
9.295124560594558716e-03
4.985034000128507614e-03
3.960740566253662109e-02
5.500264232978224754e-04
6.379592418670654297e-01
2.171231806278228760e-02
3.017067536711692810e-02
2.422412857413291931e-02
2.014956027269363403e-01
5.606839433312416077e-03
1.226314157247543335e-02
1.167421601712703705e-02
1.166374795138835907e-02
1.159825734794139862e-02
9.343266487121582031e-02
4.822456685360521078e-04
4.982805848121643066e-01
3.211433887481689453e-01
9.840277954936027527e-03
1.258696675300598145e+00
8.702249266207218170e-03
8.932864293456077576e-03
6.024417467415332794e-03
4.154809191823005676e-02
7.612363551743328571e-04
6.921010017395019531e-01
2.254918962717056274e-02
3.223025053739547729e-02
2.454044111073017120e-02
2.019178122282028198e-01
5.899322684854269028e-03
1.241334248334169388e-02
1.169270463287830353e-02
1.155190635472536087e-02
1.168887224048376083e-02
9.147936850786209106e-02
5.770840216428041458e-04
5.044191479682922363e-01
5.075435042381286621e-01
9.921403601765632629e-03
1.278481602668762207e+00
9.054092690348625183e-03
9.628308936953544617e-03
6.040684413164854050e-03
4.060223698616027832e-02
8.533188956789672375e-04
5.647307038307189941e-01
2.217406779527664185e-02
3.136070445179939270e-02
2.630625478923320770e-02
2.021226584911346436e-01
5.695911590009927750e-03
1.363058574497699738e-02
1.170037593692541122e-02
1.245740521699190140e-02
1.252103969454765320e-02
7.791938632726669312e-02
5.207794602029025555e-04
5.860645771026611328e-01
1.640160679817199707e-01
9.671302512288093567e-03
1.255414009094238281e+00
9.569166228175163269e-03
9.997854009270668030e-03
6.655888166278600693e-03
3.877041861414909363e-02
9.383159922435879707e-04
4.704958498477935791e-01
2.326283976435661316e-02
3.382690623402595520e-02
2.828791923820972443e-02
2.022818773984909058e-01
6.259577814489603043e-03
1.489955745637416840e-02
1.170782372355461121e-02
1.406913716346025467e-02
1.399044040590524673e-02
6.234018132090568542e-02
5.329017876647412777e-04
4.768483340740203857e-01
1.744778901338577271e-01
9.728803299367427826e-03
1.235918998718261719e+00
9.687139652669429779e-03
1.017608772963285446e-02
6.450837478041648865e-03
3.694275766611099243e-02
1.018210314214229584e-03
4.864855706691741943e-01
2.162788808345794678e-02
3.296651318669319153e-02
3.016937710344791412e-02
2.026762217283248901e-01
5.843002349138259888e-03
1.541201863437891006e-02
1.173188723623752594e-02
1.417637150734663010e-02
1.384567096829414368e-02
6.408040225505828857e-02
5.085456650704145432e-04
4.748056828975677490e-01
1.430790275335311890e-01
9.656431153416633606e-03
1.234574675559997559e+00
9.561166167259216309e-03
9.808639995753765106e-03
5.932238418608903885e-03
4.054139554500579834e-02
9.906468912959098816e-04
5.348224639892578125e-01
2.181760221719741821e-02
2.843120507895946503e-02
3.194505721330642700e-02
2.031537443399429321e-01
5.807811859995126724e-03
1.629645563662052155e-02
1.176428887993097305e-02
1.498142350465059280e-02
1.495898328721523285e-02
4.813427478075027466e-02
4.948280984535813332e-04
5.053636431694030762e-01
1.563875377178192139e-01
9.811584837734699249e-03
1.302854061126708984e+00
9.317561984062194824e-03
9.735301136970520020e-03
5.819562356919050217e-03
4.383255541324615479e-02
1.076287589967250824e-03
4.441929757595062256e-01
2.332665584981441498e-02
2.822037599980831146e-02
3.452181071043014526e-02
2.032850980758666992e-01
6.136764306575059891e-03
1.686620339751243591e-02
1.177772413939237595e-02
1.558152586221694946e-02
1.581432670354843140e-02
6.721752882003784180e-02
4.879210609942674637e-04
4.605912268161773682e-01
2.364070564508438110e-01
9.866965003311634064e-03
1.309709310531616211e+00
9.387932717800140381e-03
9.793508797883987427e-03
6.098697427660226822e-03
4.390139877796173096e-02
1.072837971150875092e-03
4.678977727890014648e-01
2.535086497664451599e-02
3.161194548010826111e-02
3.428116813302040100e-02
2.034577131271362305e-01
6.905907765030860901e-03
1.746418885886669159e-02
1.179601438343524933e-02
1.573856174945831299e-02
1.605182886123657227e-02
6.951173394918441772e-02
4.308338975533843040e-04
4.314399957656860352e-01
4.916086792945861816e-01
9.868901222944259644e-03
1.309714436531066895e+00
1.033521257340908051e-02
1.085085235536098480e-02
6.615283899009227753e-03
4.224072024226188660e-02
1.080178306438028812e-03
4.239864945411682129e-01
2.538757026195526123e-02
2.752532623708248138e-02
3.660929203033447266e-02
2.038368433713912964e-01
6.568287033587694168e-03
1.883396320044994354e-02
1.183024793863296509e-02
1.714762113988399506e-02
1.724126003682613373e-02
5.947903916239738464e-02
4.717843839898705482e-04
4.950528740882873535e-01
5.768067836761474609e-01
9.868966415524482727e-03
1.309721946716308594e+00
1.048860140144824982e-02
1.108073443174362183e-02
6.936799734830856323e-03
4.551967605948448181e-02
1.046430435962975025e-03
3.598137497901916504e-01
2.712616138160228729e-02
3.077098913490772247e-02
3.830425441265106201e-02
2.051122784614562988e-01
7.407369557768106461e-03
1.964734308421611786e-02
1.193665340542793274e-02
1.798648573458194733e-02
1.845837756991386414e-02
6.175660341978073120e-02
4.671778006013482809e-04
5.082166790962219238e-01
9.534523487091064453e-01
9.869201108813285828e-03
1.309717774391174316e+00
1.076090149581432343e-02
1.107629109174013138e-02
6.850360427051782608e-03
5.183353275060653687e-02
1.165344263426959515e-03
3.104968667030334473e-01
3.239299729466438293e-02
3.434328362345695496e-02
3.634464368224143982e-02
2.080826461315155029e-01
8.772784844040870667e-03
1.946408115327358246e-02
1.220495626330375671e-02
1.780027151107788086e-02
1.791178621351718903e-02
5.824203044176101685e-02
4.446702660061419010e-04
4.035091400146484375e-01
7.540251612663269043e-01
9.869028814136981964e-03
1.309718489646911621e+00
1.332955714315176010e-02
1.363782119005918503e-02
8.669902570545673370e-03
5.476614460349082947e-02
1.200825558044016361e-03
2.949873507022857666e-01
4.379336535930633545e-02
4.314441233873367310e-02
3.995917364954948425e-02
2.130277305841445923e-01
1.201463583856821060e-02
2.200452610850334167e-02
1.268268376588821411e-02
2.121583558619022369e-02
2.078578621149063110e-02
6.699924916028976440e-02
3.542450140230357647e-04
3.462385237216949463e-01
7.342133522033691406e-01
9.869541041553020477e-03
1.309715032577514648e+00
1.600628346204757690e-02
1.647256314754486084e-02
1.094516180455684662e-02
6.505363434553146362e-02
1.106857205741107464e-03
3.470287322998046875e-01
4.704568907618522644e-02
4.247422516345977783e-02
5.078715458512306213e-02
2.191728800535202026e-01
1.315684244036674500e-02
2.831351198256015778e-02
1.330488920211791992e-02
2.636655420064926147e-02
2.646501362323760986e-02
5.447998642921447754e-02
3.897641727235168219e-04
3.826850354671478271e-01
5.318201184272766113e-01
9.869330562651157379e-03
1.309712886810302734e+00
1.921323128044605255e-02
2.035588398575782776e-02
1.391475275158882141e-02
8.107932657003402710e-02
8.749800617806613445e-04
2.546410262584686279e-01
5.525530502200126648e-02
5.025486648082733154e-02
5.333656445145606995e-02
2.247054725885391235e-01
1.552277058362960815e-02
3.055046312510967255e-02
1.386243663728237152e-02
2.795496769249439240e-02
2.818126976490020752e-02
5.483816936612129211e-02
3.953502455260604620e-04
3.704515099525451660e-01
3.942244946956634521e-01
9.869580157101154327e-03
1.309713482856750488e+00
2.298325672745704651e-02
2.497844956815242767e-02
1.629495993256568909e-02
8.696570247411727905e-02
1.032485044561326504e-03
2.822030782699584961e-01
6.001327186822891235e-02
5.522049218416213989e-02
5.779907852411270142e-02
2.067713439464569092e-01
1.752679795026779175e-02
3.313679248094558716e-02
1.163263153284788132e-02
3.055230155587196350e-02
3.085653483867645264e-02
5.611230805516242981e-02
4.206757876090705395e-04
3.832921087741851807e-01
1.247335299849510193e-01
9.870207868516445160e-03
1.309723496437072754e+00
2.297860011458396912e-02
2.505423314869403839e-02
1.633741147816181183e-02
9.476479142904281616e-02
1.056676614098250866e-03
2.804088294506072998e-01
6.901705265045166016e-02
5.768937617540359497e-02
6.237447261810302734e-02
1.619351506233215332e-01
2.029769122600555420e-02
3.906866535544395447e-02
9.816234000027179718e-03
3.422785550355911255e-02
3.455539420247077942e-02
5.127657204866409302e-02
4.636047524400055408e-04
4.027349352836608887e-01
2.081543356180191040e-01
9.870485402643680573e-03
1.309733748435974121e+00
1.428028102964162827e-02
1.546521577984094620e-02
9.838310070335865021e-03
1.015384048223495483e-01
1.334745669737458229e-03
3.059402704238891602e-01
6.999301165342330933e-02
5.817995220422744751e-02
8.105516433715820312e-02
7.754077017307281494e-02
2.079474180936813354e-02
5.319759994745254517e-02
2.837212989106774330e-03
4.844245314598083496e-02
4.767214134335517883e-02
3.296411037445068359e-02
3.625946701504290104e-04
2.678160965442657471e-01
1.580687016248703003e-01
9.869604371488094330e-03
1.309721231460571289e+00
1.179588586091995239e-02
1.307527348399162292e-02
8.079610764980316162e-03
1.134096309542655945e-01
1.157282735221087933e-03
3.437322378158569336e-01
8.188198506832122803e-02
5.598105862736701965e-02
1.007633581757545471e-01
3.775607421994209290e-02
2.200453169643878937e-02
6.351577490568161011e-02
3.117205807939171791e-03
5.575243756175041199e-02
5.382308363914489746e-02
2.702043205499649048e-02
3.274289483670145273e-04
2.579728960990905762e-01
8.792136609554290771e-02
9.869615547358989716e-03
1.309718012809753418e+00
1.176094450056552887e-02
1.276031415909528732e-02
7.913148961961269379e-03
1.175428703427314758e-01
7.359834271483123302e-04
4.044285714626312256e-01
7.253938913345336914e-02
4.472222179174423218e-02
1.133913099765777588e-01
3.199756145477294922e-02
2.113796770572662354e-02
6.456054747104644775e-02
2.489925595000386238e-03
6.287435442209243774e-02
6.238988414406776428e-02
1.411877479404211044e-02
3.173892910126596689e-04
2.647222876548767090e-01
7.021664828062057495e-02
9.869867004454135895e-03
1.309724688529968262e+00
1.175822224467992783e-02
1.218327693641185760e-02
6.809788756072521210e-03
1.100067049264907837e-01
5.815305630676448345e-04
4.400984048843383789e-01
7.049475610256195068e-02
4.085915535688400269e-02
1.634708791971206665e-01
4.617610573768615723e-02
1.986174471676349640e-02
9.273651242256164551e-02
1.615629298612475395e-03
8.739493787288665771e-02
8.800849318504333496e-02
1.301220804452896118e-02
3.037417482119053602e-04
2.554190158843994141e-01
7.065843790769577026e-02
9.870072826743125916e-03
1.309735536575317383e+00
1.212076935917139053e-02
1.261678896844387054e-02
7.921516895294189453e-03
1.125469878315925598e-01
6.700297235511243343e-04
5.390985608100891113e-01
6.084765866398811340e-02
3.399818018078804016e-02
1.429167687892913818e-01
4.603132233023643494e-02
1.783554814755916595e-02
9.231718629598617554e-02
1.387444674037396908e-03
8.651640266180038452e-02
8.670685440301895142e-02
7.741754874587059021e-03
3.487155481707304716e-04
2.703486382961273193e-01
7.424309104681015015e-02
9.870570152997970581e-03
1.309735536575317383e+00
1.207416132092475891e-02
1.265528053045272827e-02
7.814033888280391693e-03
1.009394973516464233e-01
7.158863591030240059e-04
6.100167632102966309e-01
5.841480940580368042e-02
3.133603930473327637e-02
1.925213485956192017e-01
4.913160949945449829e-02
1.764269173145294189e-02
9.978891909122467041e-02
1.175478799268603325e-03
9.352680295705795288e-02
9.396781027317047119e-02
9.285284206271171570e-03
3.635022439993917942e-04
2.646289467811584473e-01
7.491746544837951660e-02
9.869987145066261292e-03
1.309729933738708496e+00
1.136929821223020554e-02
1.316676288843154907e-02
7.561297621577978134e-03
9.866534918546676636e-02
6.296782521530985832e-04
7.002895474433898926e-01
6.000315025448799133e-02
3.592890128493309021e-02
2.046063989400863647e-01
5.139207094907760620e-02
1.806871406733989716e-02
1.137272939085960388e-01
1.297015580348670483e-03
1.056780442595481873e-01
1.062527298927307129e-01
1.240105740725994110e-02
4.021595814265310764e-04
2.755486965179443359e-01
7.735923677682876587e-02
9.869911707937717438e-03
1.309733390808105469e+00
1.048886682838201523e-02
1.124990731477737427e-02
7.251171860843896866e-03
1.006109341979026794e-01
5.306525272317230701e-04
7.072910666465759277e-01
6.081658229231834412e-02
3.505248576402664185e-02
1.878760606050491333e-01
3.286816179752349854e-02
1.878586784005165100e-02
9.744700789451599121e-02
1.401011133566498756e-03
8.709725737571716309e-02
8.785847574472427368e-02
1.470877695828676224e-02
3.232176240999251604e-04
2.120105922222137451e-01
8.788081258535385132e-02
9.870040230453014374e-03
1.309735417366027832e+00
9.851351380348205566e-03
1.053701434284448624e-02
6.578213535249233246e-03
1.027651503682136536e-01
5.435914499685168266e-04
7.835795283317565918e-01
6.240530312061309814e-02
3.429625928401947021e-02
1.737001687288284302e-01
3.261067718267440796e-02
1.851354353129863739e-02
1.025386527180671692e-01
1.563894213177263737e-03
8.155854791402816772e-02
1.007800102233886719e-01
1.556307356804609299e-02
3.711328899953514338e-04
2.260461747646331787e-01
8.939458429813385010e-02
9.869490750133991241e-03
1.309732198715209961e+00
9.764166548848152161e-03
1.034458447247743607e-02
6.123933009803295135e-03
1.123901531100273132e-01
5.633453838527202606e-04
9.514657855033874512e-01
6.937436759471893311e-02
3.492545709013938904e-02
1.953381747007369995e-01
3.414576873183250427e-02
2.032692171633243561e-02
1.136792376637458801e-01
1.554541988298296928e-03
1.083951592445373535e-01
1.001992076635360718e-01
1.736928708851337433e-02
3.978515451308339834e-04
2.849472463130950928e-01
9.007038921117782593e-02
9.869038127362728119e-03
1.309737920761108398e+00
9.350378066301345825e-03
1.004969887435436249e-02
6.561350077390670776e-03
1.212179809808731079e-01
6.596106104552745819e-04
9.661175012588500977e-01
8.750086277723312378e-02
3.835573419928550720e-02
1.881400644779205322e-01
3.606214374303817749e-02
2.466559782624244690e-02
1.074248924851417542e-01
1.661998685449361801e-03
9.878969192504882812e-02
9.971237182617187500e-02
1.798867620527744293e-02
4.995140479877591133e-04
3.774291574954986572e-01
8.946028351783752441e-02
9.869317524135112762e-03
1.309744119644165039e+00
9.685221128165721893e-03
1.104842498898506165e-02
7.123152259737253189e-03
1.206572279334068298e-01
6.619709311053156853e-04
1.001765370368957520e+00
8.603919297456741333e-02
3.838178515434265137e-02
1.942033767700195312e-01
3.498062491416931152e-02
2.330033853650093079e-02
1.298721879720687866e-01
1.705976319499313831e-03
1.091165095567703247e-01
1.098193749785423279e-01
1.818782091140747070e-02
4.831101978197693825e-04
3.543962240219116211e-01
8.911067247390747070e-02
9.869588539004325867e-03
1.309754014015197754e+00
9.584506042301654816e-03
1.038867980241775513e-02
6.843829527497291565e-03
1.520588397979736328e-01
5.294809816405177116e-04
1.113247871398925781e+00
1.023560240864753723e-01
5.029322952032089233e-02
2.205297648906707764e-01
3.931653872132301331e-02
2.836405113339424133e-02
1.004881411790847778e-01
1.878996379673480988e-03
1.086298972368240356e-01
9.489031881093978882e-02
2.198506146669387817e-02
5.279477918520569801e-04
3.577840328216552734e-01
8.962970972061157227e-02
9.869676083326339722e-03
1.309768915176391602e+00
9.260592050850391388e-03
9.917231276631355286e-03
6.264102645218372345e-03
1.988820284605026245e-01
5.528085748665034771e-04
1.229270696640014648e+00
9.271077811717987061e-02
3.957572579383850098e-02
2.015513032674789429e-01
3.118088096380233765e-02
2.494225651025772095e-02
1.208585128188133240e-01
1.117090228945016861e-03
9.612995386123657227e-02
9.717622399330139160e-02
1.795268431305885315e-02
4.668345791287720203e-04
3.279620110988616943e-01
9.165953844785690308e-02
9.870699606835842133e-03
1.309791445732116699e+00
9.103183634579181671e-03
1.009779609739780426e-02
6.685523781925439835e-03
1.771831661462783813e-01
4.445093218237161636e-04
1.258476972579956055e+00
7.631999254226684570e-02
3.583076968789100647e-02
1.811476498842239380e-01
4.933064803481101990e-02
2.326244115829467773e-02
1.083156913518905640e-01
1.434107660315930843e-03
9.962119162082672119e-02
1.002323254942893982e-01
2.076303400099277496e-02
6.766294245608150959e-04
3.253418505191802979e-01
8.967502415180206299e-02
9.872176684439182281e-03
1.309813022613525391e+00
8.829972706735134125e-03
9.558095596730709076e-03
6.537323351949453354e-03
1.652355939149856567e-01
3.536540025379508734e-04
1.449093461036682129e+00
9.134829044342041016e-02
4.868096485733985901e-02
1.973521411418914795e-01
9.435212612152099609e-02
2.432232163846492767e-02
1.142554655671119690e-01
2.498635090887546539e-03
1.041987985372543335e-01
1.045681610703468323e-01
2.198689803481101990e-02
7.695218664593994617e-04
5.545225739479064941e-01
8.965899050235748291e-02
9.872184135019779205e-03
1.309820413589477539e+00
8.518187329173088074e-03
9.445259347558021545e-03
6.449174135923385620e-03
1.682742387056350708e-01
3.518807643558830023e-04
1.537554979324340820e+00
7.613399624824523926e-02
3.704016283154487610e-02
2.146378755569458008e-01
1.623835414648056030e-01
2.232369408011436462e-02
1.205247119069099426e-01
5.077152047306299210e-03
1.050359308719635010e-01
1.137396916747093201e-01
2.620880119502544403e-02
1.113894744776189327e-03
7.322095036506652832e-01
9.100040048360824585e-02
9.871767833828926086e-03
1.309828877449035645e+00
1.073501259088516235e-02
1.172731351107358932e-02
7.971127517521381378e-03
1.716280281543731689e-01
5.156327970325946808e-04
1.654961705207824707e+00
9.331897646188735962e-02
4.822925105690956116e-02
1.904878169298171997e-01
4.377431422472000122e-02
2.739795111119747162e-02
1.160988658666610718e-01
2.924113534390926361e-03
1.044852584600448608e-01
1.051118373870849609e-01
2.565831877291202545e-02
1.008370658382773399e-03
5.970900058746337891e-01
9.112826734781265259e-02
4.428414162248373032e-03
5.137121081352233887e-01
1.876337826251983643e-02
1.894840225577354431e-02
1.423155423253774643e-02
1.806813925504684448e-01
6.557225133292376995e-04
1.785998344421386719e+00
1.352762281894683838e-01
7.266853004693984985e-02
1.741013079881668091e-01
6.989441812038421631e-02
3.828361257910728455e-02
1.046076714992523193e-01
6.349494215101003647e-03
8.986812829971313477e-02
9.407903999090194702e-02
2.777289785444736481e-02
7.674182998016476631e-04
5.673759579658508301e-01
9.067076444625854492e-02
9.580286568962037563e-04
7.193219065666198730e-01
2.910679951310157776e-02
2.814907766878604889e-02
1.853684708476066589e-02
1.871621012687683105e-01
6.777902599424123764e-04
1.794047355651855469e+00
1.252456754446029663e-01
6.198466941714286804e-02
1.651747524738311768e-01
7.099626958370208740e-02
3.568542748689651489e-02
1.000502705574035645e-01
9.307406842708587646e-03
8.168195188045501709e-02
8.244003355503082275e-02
3.126581385731697083e-02
6.969189853407442570e-04
5.148344635963439941e-01
9.042413532733917236e-02
7.734435494057834148e-04
3.125391602516174316e-01
3.541039302945137024e-02
3.368194028735160828e-02
2.408341504633426666e-02
2.331987619400024414e-01
7.506238180212676525e-04
1.860918641090393066e+00
1.324595063924789429e-01
6.775881350040435791e-02
1.763314306735992432e-01
9.793634712696075439e-02
4.105961695313453674e-02
1.113184988498687744e-01
1.122276391834020615e-02
9.631299972534179688e-02
9.695766121149063110e-02
3.350118920207023621e-02
7.212773198261857033e-04
5.521727800369262695e-01
9.198905527591705322e-02
2.496415108907967806e-04
3.481299579143524170e-01
5.139658600091934204e-02
4.734405502676963806e-02
3.353286534547805786e-02
1.990253627300262451e-01
8.013315964490175247e-04
1.904412269592285156e+00
1.320416629314422607e-01
6.575055420398712158e-02
1.843460351228713989e-01
1.844504028558731079e-01
4.030926525592803955e-02
1.056558713316917419e-01
1.217673346400260925e-02
9.250697493553161621e-02
9.376217424869537354e-02
3.893548995256423950e-02
6.582147325389087200e-04
5.896940827369689941e-01
9.338553249835968018e-02
3.581452765502035618e-04
3.968381285667419434e-01
7.900644838809967041e-02
7.746770232915878296e-02
5.135865509510040283e-02
1.976255029439926147e-01
8.472736226394772530e-04
1.895419120788574219e+00
1.450468748807907104e-01
7.527098059654235840e-02
1.879720985889434814e-01
2.153475582599639893e-01
4.413237050175666809e-02
1.067304983735084534e-01
1.219063997268676758e-02
9.556096047163009644e-02
9.554917365312576294e-02
3.556094691157341003e-02
6.404620362445712090e-04
4.954760074615478516e-01
9.266517311334609985e-02
1.146494760178029537e-03
3.437508940696716309e-01
7.216846197843551636e-02
7.060979306697845459e-02
4.726810008287429810e-02
2.084906846284866333e-01
8.625069749541580677e-04
1.916388392448425293e+00
1.526023298501968384e-01
7.868207991123199463e-02
1.717457324266433716e-01
1.994551718235015869e-01
4.724745079874992371e-02
1.097165644168853760e-01
1.471364218741655350e-02
9.782986342906951904e-02
9.305335581302642822e-02
3.402559086680412292e-02
6.050977390259504318e-04
4.661609530448913574e-01
9.343397617340087891e-02
6.827462348155677319e-04
4.004633724689483643e-01
4.295713454484939575e-02
3.906883671879768372e-02
2.342516742646694183e-02
1.946931183338165283e-01
9.102679323405027390e-04
1.873241424560546875e+00
1.170762404799461365e-01
6.317719817161560059e-02
1.637874543666839600e-01
1.391504108905792236e-01
4.131384566426277161e-02
9.826983511447906494e-02
1.492340769618749619e-02
8.898741751909255981e-02
8.863414824008941650e-02
3.395817801356315613e-02
6.117101293057203293e-04
4.936191141605377197e-01
9.094100445508956909e-02
5.684249335899949074e-04
4.385016262531280518e-01
3.337505459785461426e-02
3.105719946324825287e-02
1.933431997895240784e-02
1.430015563964843750e-01
9.223156957887113094e-04
1.808887481689453125e+00
8.821643143892288208e-02
4.413251578807830811e-02
1.065626963973045349e-01
1.200516670942306519e-01
3.071557357907295227e-02
6.879495084285736084e-02
1.400845963507890701e-02
5.809124931693077087e-02
5.834063515067100525e-02
7.730019837617874146e-02
5.834210314787924290e-04
5.022782683372497559e-01
8.930475264787673950e-02
3.830625209957361221e-04
4.021046161651611328e-01
4.340960830450057983e-02
4.193133860826492310e-02
1.997284591197967529e-02
1.054483354091644287e-01
9.384937584400177002e-04
1.849714040756225586e+00
6.280408054590225220e-02
3.026128746569156647e-02
1.013129577040672302e-01
1.160292401909828186e-01
2.604881674051284790e-02
6.717404723167419434e-02
1.236948929727077484e-02
5.752347037196159363e-02
5.785862728953361511e-02
1.002486348152160645e-01
5.989072378724813461e-04
4.975954592227935791e-01
8.944784104824066162e-02
9.801611304283142090e-04
3.409211933612823486e-01
4.750922322273254395e-02
4.689177870750427246e-02
2.809957601130008698e-02
6.232079863548278809e-02
1.093449187465012074e-03
1.777583003044128418e+00
6.341288983821868896e-02
2.620378881692886353e-02
1.220069825649261475e-01
1.361311674118041992e-01
2.384838275611400604e-02
7.860157638788223267e-02
1.379918772727251053e-02
6.910489499568939209e-02
6.947653740644454956e-02
7.684638351202011108e-02
6.655250908806920052e-04
5.209304094314575195e-01
8.937808126211166382e-02
8.141378639265894890e-04
4.281351864337921143e-01
3.660324960947036743e-02
3.418179973959922791e-02
2.261110208928585052e-02
7.578811049461364746e-02
9.138333844020962715e-04
1.864569187164306641e+00
5.499146133661270142e-02
2.239664085209369659e-02
1.101900264620780945e-01
1.365075856447219849e-01
2.171333320438861847e-02
6.839684396982192993e-02
1.295367069542407990e-02
6.175789982080459595e-02
6.352879852056503296e-02
1.416701674461364746e-01
6.772169144824147224e-04
5.243053436279296875e-01
8.977593481540679932e-02
4.655823577195405960e-04
4.239722192287445068e-01
3.162346407771110535e-02
3.164637833833694458e-02
1.643078960478305817e-02
7.408889383077621460e-02
1.170893665403127670e-03
1.626864075660705566e+00
5.780437961220741272e-02
1.966693624854087830e-02
1.102083995938301086e-01
1.226750984787940979e-01
1.877838745713233948e-02
6.028668209910392761e-02
1.344727631658315659e-02
5.229739844799041748e-02
5.198737606406211853e-02
1.234676167368888855e-01
7.096812478266656399e-04
5.968037843704223633e-01
8.945900201797485352e-02
3.907780337613075972e-04
3.879683017730712891e-01
2.987653017044067383e-02
3.045586496591567993e-02
1.363837532699108124e-02
6.704770028591156006e-02
1.105600502341985703e-03
1.504083395004272461e+00
7.117809355258941650e-02
2.443418093025684357e-02
1.302024722099304199e-01
1.410500258207321167e-01
2.226001955568790436e-02
7.679654657840728760e-02
1.282341685146093369e-02
7.020706683397293091e-02
7.260606437921524048e-02
5.431399494409561157e-02
6.676342454738914967e-04
5.085245966911315918e-01
8.911821246147155762e-02
1.076216693036258221e-03
2.588098943233489990e-01
3.006305918097496033e-02
2.660290338099002838e-02
1.628749631345272064e-02
7.036868482828140259e-02
1.057368586771190166e-03
8.848157525062561035e-01
7.999125123023986816e-02
2.740345709025859833e-02
1.291573494672775269e-01
1.248645782470703125e-01
2.578456141054630280e-02
7.919680327177047729e-02
1.165762078016996384e-02
7.419625669717788696e-02
6.257371604442596436e-02
4.125495627522468567e-02
6.544493953697383404e-04
5.010035037994384766e-01
8.968765288591384888e-02
6.832770886830985546e-04
4.318051040172576904e-01
2.837934903800487518e-02
2.562959492206573486e-02
1.694793999195098877e-02
6.312190741300582886e-02
9.937845170497894287e-04
6.712538599967956543e-01
7.949565351009368896e-02
2.909906394779682159e-02
7.010839134454727173e-02
9.899586439132690430e-02
2.658262662589550018e-02
6.258652359247207642e-02
1.360472571104764938e-02
5.385657027363777161e-02
5.465115979313850403e-02
3.799828886985778809e-02
6.244798423722386360e-04
4.690473079681396484e-01
9.035799652338027954e-02
9.024708415381610394e-04
6.202949285507202148e-01
2.781117521226406097e-02
2.677803672850131989e-02
1.738741062581539154e-02
6.448120623826980591e-02
1.025744481012225151e-03
5.797119140625000000e-01
7.543486356735229492e-02
2.890913560986518860e-02
6.379934400320053101e-02
1.351223438978195190e-01
2.415302768349647522e-02
3.995024412870407104e-02
1.520419865846633911e-02
3.710623458027839661e-02
3.759507834911346436e-02
3.105159848928451538e-02
5.685153300873935223e-04
4.263371825218200684e-01
9.032759815454483032e-02
4.441343480721116066e-04
1.132131740450859070e-01
3.089497797191143036e-02
2.918229252099990845e-02
1.810694113373756409e-02
6.479779630899429321e-02
9.826514869928359985e-04
4.898558259010314941e-01
7.983420789241790771e-02
3.252163529396057129e-02
4.995270445942878723e-02
1.456540077924728394e-01
2.443125098943710327e-02
3.643863648176193237e-02
1.650015451014041901e-02
3.144739940762519836e-02
3.110984899103641510e-02
3.753501176834106445e-02
5.614947876892983913e-04
4.314419925212860107e-01
8.983014523983001709e-02
4.855980506590640289e-09
2.328429371118545532e-02
2.938138321042060852e-02
2.755609340965747833e-02
1.807625591754913330e-02
5.410771071910858154e-02
9.644532692618668079e-04
4.344393014907836914e-01
7.286774367094039917e-02
3.468851372599601746e-02
5.122352764010429382e-02
1.545077264308929443e-01
2.271988429129123688e-02
3.123338520526885986e-02
1.704913750290870667e-02
2.922821044921875000e-02
3.076702915132045746e-02
3.977460041642189026e-02
5.504697328433394432e-04
4.410920739173889160e-01
9.034167230129241943e-02
4.855980506590640289e-09
2.858898788690567017e-02
3.195233270525932312e-02
2.974139712750911713e-02
1.858844980597496033e-02
5.198941752314567566e-02
8.960818522609770298e-04
4.375402331352233887e-01
8.059331029653549194e-02
3.389168158173561096e-02
4.902347922325134277e-02
1.635120809078216553e-01
2.629302255809307098e-02
3.302291035652160645e-02
1.781077124178409576e-02
2.758221141993999481e-02
2.802856452763080597e-02
3.912281244993209839e-02
5.545541062019765377e-04
4.406074881553649902e-01
9.025502204895019531e-02
4.855980506590640289e-09
2.906795404851436615e-02
3.196908906102180481e-02
2.798639796674251556e-02
1.722894050180912018e-02
4.963819682598114014e-02
8.865481941029429436e-04
4.050288796424865723e-01
7.685310393571853638e-02
3.339540213346481323e-02
4.291421175003051758e-02
1.980633437633514404e-01
2.182592824101448059e-02
2.888900972902774811e-02
1.929883658885955811e-02
2.574984729290008545e-02
2.746624685823917389e-02
3.646275401115417480e-02
5.555321695283055305e-04
4.322650432586669922e-01
9.167353063821792603e-02
4.855980506590640289e-09
2.366857044398784637e-02
3.164640441536903381e-02
2.955448068678379059e-02
1.858966983854770660e-02
6.378725916147232056e-02
8.660515886731445789e-04
3.406838774681091309e-01
9.606315940618515015e-02
4.018442332744598389e-02
4.492782056331634521e-02
2.645449936389923096e-01
2.405422553420066833e-02
2.914667129516601562e-02
1.977234706282615662e-02
2.606711722910404205e-02
2.637410722672939301e-02
3.215009719133377075e-02
5.578590207733213902e-04
5.023769140243530273e-01
9.049528837203979492e-02
4.855980506590640289e-09
3.083654306828975677e-02
3.174183890223503113e-02
2.887708507478237152e-02
1.818660087883472443e-02
6.458765268325805664e-02
7.804208435118198395e-04
6.966763138771057129e-01
7.503131777048110962e-02
3.087881393730640411e-02
4.770805686712265015e-02
2.264734059572219849e-01
2.061778306961059570e-02
2.944810129702091217e-02
2.030994184315204620e-02
2.690339647233486176e-02
2.704109996557235718e-02
3.052553907036781311e-02
5.845321575179696083e-04
5.101082324981689453e-01
9.420128166675567627e-02
4.855980506590640289e-09
1.209930777549743652e-01
3.960272297263145447e-02
3.722267225384712219e-02
2.337987720966339111e-02
5.169958248734474182e-02
7.718281704001128674e-04
3.689908981323242188e-01
5.020560696721076965e-02
2.444557100534439087e-02
4.254823178052902222e-02
1.916858404874801636e-01
1.635279320180416107e-02
2.829672582447528839e-02
2.357199043035507202e-02
2.638769708573818207e-02
2.573300525546073914e-02
3.667440265417098999e-02
6.548246019519865513e-04
5.391957163810729980e-01
9.228705614805221558e-02
1.973692793399095535e-03
2.851130962371826172e-01
4.433723166584968567e-02
4.188707843422889709e-02
2.531087398529052734e-02
3.892474621534347534e-02
7.919953786768019199e-04
6.070432066917419434e-01
4.815484955906867981e-02
1.808394491672515869e-02
3.977002575993537903e-02
2.112540304660797119e-01
1.623922027647495270e-02
2.606538310647010803e-02
2.072275429964065552e-02
2.468230947852134705e-02
2.470912039279937744e-02
3.735816478729248047e-02
5.775881581939756870e-04
5.240318775177001953e-01
9.105709195137023926e-02
1.973531674593687057e-03
2.842723429203033447e-01
4.415996372699737549e-02
4.198244214057922363e-02
2.564911358058452606e-02
3.748023882508277893e-02
6.931180832907557487e-04
5.281269550323486328e-01
4.541242122650146484e-02
2.157106623053550720e-02
3.914466500282287598e-02
2.476597279310226440e-01
1.602543331682682037e-02
2.512903511524200439e-02
2.094976603984832764e-02
2.417030744254589081e-02
2.428023517131805420e-02
2.603449113667011261e-02
6.221258081495761871e-04
5.062934756278991699e-01
9.290727227926254272e-02
1.973548205569386482e-03
2.847043871879577637e-01
3.615804389119148254e-02
3.546903654932975769e-02
2.133763395249843597e-02
3.861938789486885071e-02
9.251064038835465908e-04
4.375905990600585938e-01
4.370713979005813599e-02
2.180322818458080292e-02
3.956773877143859863e-02
2.275188267230987549e-01
1.583947241306304932e-02
2.633253112435340881e-02
2.215677499771118164e-02
2.479151263833045959e-02
2.487322501838207245e-02
2.195348776876926422e-02
7.120965165086090565e-04
5.534167885780334473e-01
9.528001397848129272e-02
1.973649486899375916e-03
2.857539653778076172e-01
4.282812774181365967e-02
4.072188958525657654e-02
2.844670228660106659e-02
4.083176329731941223e-02
7.594688795506954193e-04
3.123464882373809814e-01
4.945885017514228821e-02
2.631095983088016510e-02
3.340078145265579224e-02
2.145308703184127808e-01
1.811898685991764069e-02
2.370559424161911011e-02
2.587200887501239777e-02
2.236069366335868835e-02
2.290069311857223511e-02
2.601090446114540100e-02
6.716706557199358940e-04
6.260215044021606445e-01
9.141246229410171509e-02
1.973691396415233612e-03
2.794543802738189697e-01
4.719842597842216492e-02
4.531127586960792542e-02
3.014809451997280121e-02
4.200876876711845398e-02
8.744735969230532646e-04
2.268222123384475708e-01
5.518384277820587158e-02
3.137736767530441284e-02
2.981026656925678253e-02
2.421862035989761353e-01
2.076375111937522888e-02
2.035775408148765564e-02
3.074437007308006287e-02
2.006686851382255554e-02
1.898337341845035553e-02
2.733161300420761108e-02
7.515275501646101475e-04
7.423996925354003906e-01
8.982752263545989990e-02
1.973811304196715355e-03
2.848520874977111816e-01
7.377643138170242310e-02
7.233111560344696045e-02
4.788991436362266541e-02
4.272576048970222473e-02
6.702561513520777225e-04
1.287622004747390747e-01
6.617168337106704712e-02
4.305956512689590454e-02
2.764219418168067932e-02
3.470989763736724854e-01
2.456855215132236481e-02
1.858785934746265411e-02
3.909400478005409241e-02
1.868762262165546417e-02
1.837410032749176025e-02
2.714899927377700806e-02
9.843737352639436722e-04
9.059335589408874512e-01
9.293881058692932129e-02
1.974095357581973076e-03
4.593290090560913086e-01
7.638917863368988037e-02
7.498334348201751709e-02
4.868898913264274597e-02
4.430479183793067932e-02
8.347793482244014740e-04
6.870675086975097656e-02
6.485094875097274780e-02
4.472992569208145142e-02
2.856711484491825104e-02
3.937561810016632080e-01
2.279750816524028778e-02
1.876433752477169037e-02
4.560657963156700134e-02
1.962867937982082367e-02
1.970024406909942627e-02
3.206410631537437439e-02
8.794576860964298248e-04
9.385573863983154297e-01
9.227912873029708862e-02
3.947567194700241089e-03
8.578589558601379395e-01
6.136165186762809753e-02
6.050046905875205994e-02
3.876094147562980652e-02
4.420043155550956726e-02
1.065681339241564274e-03
3.952863067388534546e-02
5.016509816050529480e-02
4.070327058434486389e-02
3.774745762348175049e-02
4.280592203140258789e-01
1.907457411289215088e-02
2.229667268693447113e-02
4.652216285467147827e-02
2.292237803339958191e-02
2.289458364248275757e-02
3.166538104414939880e-02
1.039414666593074799e-03
8.764778375625610352e-01
8.768218755722045898e-02
1.184165943413972855e-02
1.336702942848205566e+00
3.451104834675788879e-02
3.127329796552658081e-02
1.954137720167636871e-02
4.152986407279968262e-02
1.821081736125051975e-03
5.327446013689041138e-02
2.608727850019931793e-02
2.549837902188301086e-02
4.705058038234710693e-02
4.226657748222351074e-01
1.108747534453868866e-02
2.777017280459403992e-02
4.274736717343330383e-02
2.909866720438003540e-02
2.766110748052597046e-02
3.403031826019287109e-02
9.382903808727860451e-04
8.269814848899841309e-01
9.168378263711929321e-02
1.184154488146305084e-02
1.344612002372741699e+00
4.011689871549606323e-02
3.496824577450752258e-02
2.015929482877254486e-02
4.216491430997848511e-02
1.131706638261675835e-03
8.879452943801879883e-02
1.900294795632362366e-02
2.305602096021175385e-02
5.416949093341827393e-02
3.473267853260040283e-01
7.406459189951419830e-03
3.482562676072120667e-02
3.729056566953659058e-02
3.658721596002578735e-02
3.698481619358062744e-02
4.030173271894454956e-02
1.003805780783295631e-03
9.077042341232299805e-01
8.791361749172210693e-02
1.184145919978618622e-02
1.333224534988403320e+00
4.285853356122970581e-02
4.054920747876167297e-02
2.230477519333362579e-02
4.307068511843681335e-02
1.370636164210736752e-03
7.429037988185882568e-02
1.962448842823505402e-02
2.298799529671669006e-02
5.293847993016242981e-02
3.981025815010070801e-01
7.186084985733032227e-03
3.150878474116325378e-02
3.841459751129150391e-02
3.485903888940811157e-02
3.508774563670158386e-02
4.724087566137313843e-02
1.010380685329437256e-03
8.626276850700378418e-01
9.436155855655670166e-02
1.184207573533058167e-02
1.332879781723022461e+00
3.702699765563011169e-02
3.488333895802497864e-02
1.995070278644561768e-02
4.355331137776374817e-02
1.309081912040710449e-03
1.829642951488494873e-01
2.140877582132816315e-02
2.281701192259788513e-02
6.321275234222412109e-02
3.279120028018951416e-01
7.051733322441577911e-03
4.026005789637565613e-02
3.670575097203254700e-02
4.246075823903083801e-02
4.266978427767753601e-02
4.399352148175239563e-02
9.931301465258002281e-04
8.511964082717895508e-01
8.653960376977920532e-02
1.184310577809810638e-02
1.334141969680786133e+00
3.830373659729957581e-02
3.654382750391960144e-02
2.042878977954387665e-02
5.701530724763870239e-02
1.202849554829299450e-03
9.087632596492767334e-02
2.079560793936252594e-02
2.221599407494068146e-02
6.651005148887634277e-02
3.424408137798309326e-01
7.509454153478145599e-03
4.136658459901809692e-02
3.678869456052780151e-02
4.301562905311584473e-02
4.364152625203132629e-02
3.632572665810585022e-02
1.006650272756814957e-03
9.162895679473876953e-01
1.064048036932945251e-01
1.184383593499660492e-02
1.342491388320922852e+00
3.653107956051826477e-02
3.475985676050186157e-02
1.850477419793605804e-02
4.561354592442512512e-02
1.248499262146651745e-03
4.630063101649284363e-02
2.604318223893642426e-02
2.157654613256454468e-02
7.230677455663681030e-02
3.444641530513763428e-01
8.853201754391193390e-03
4.538446664810180664e-02
3.780363872647285461e-02
4.652555286884307861e-02
4.696647450327873230e-02
3.233430907130241394e-02
1.136697246693074703e-03
1.025058031082153320e+00
9.878225624561309814e-02
1.184417493641376495e-02
1.337125778198242188e+00
3.747178241610527039e-02
3.414429724216461182e-02
2.107332646846771240e-02
3.965230658650398254e-02
1.395888044498860836e-03
4.872774332761764526e-02
3.094009496271610260e-02
2.599633298814296722e-02
7.722260057926177979e-02
3.785545229911804199e-01
1.207575947046279907e-02
4.976174980401992798e-02
4.178581386804580688e-02
5.176989361643791199e-02
5.209857597947120667e-02
2.654666081070899963e-02
1.224727369844913483e-03
1.122586250305175781e+00
7.567288726568222046e-02
1.184411067515611649e-02
1.336654543876647949e+00
3.837602213025093079e-02
3.505959734320640564e-02
2.245152555406093597e-02
3.627308085560798645e-02
1.305157318711280823e-03
5.646307766437530518e-02
3.748280182480812073e-02
2.975531667470932007e-02
7.091812044382095337e-02
4.197754561901092529e-01
1.249446626752614975e-02
4.640173166990280151e-02
4.707403481006622314e-02
4.652907326817512512e-02
4.693686962127685547e-02
1.750043779611587524e-02
1.137435319833457470e-03
1.026137351989746094e+00
5.109600722789764404e-02
1.184348762035369873e-02
1.338189244270324707e+00
3.915240243077278137e-02
3.600843623280525208e-02
2.253619767725467682e-02
3.214150294661521912e-02
1.362420618534088135e-03
6.338476389646530151e-02
3.645601868629455566e-02
2.478446811437606812e-02
6.564830243587493896e-02
5.207091569900512695e-01
1.298782974481582642e-02
4.324917495250701904e-02
4.108966886997222900e-02
4.312964156270027161e-02
4.330086335539817810e-02
3.369112685322761536e-02
1.126932911574840546e-03
9.615208506584167480e-01
5.230329558253288269e-02
1.184426527470350266e-02
1.347081661224365234e+00
3.773891553282737732e-02
3.400369361042976379e-02
2.110247872769832611e-02
3.297587484121322632e-02
1.963597023859620094e-03
7.185308635234832764e-02
4.846344515681266785e-02
3.246660530567169189e-02
6.296829134225845337e-02
4.583543241024017334e-01
1.815883256494998932e-02
4.156609997153282166e-02
4.499328136444091797e-02
3.912825137376785278e-02
3.944002091884613037e-02
1.430724747478961945e-02
1.108542084693908691e-03
9.487668275833129883e-01
5.408110097050666809e-02
1.184433605521917343e-02
1.338586568832397461e+00
3.832835704088211060e-02
3.485039994120597839e-02
2.369417995214462280e-02
3.528873249888420105e-02
1.721765613183379173e-03
8.989139646291732788e-02
3.764221072196960449e-02
2.996854484081268311e-02
4.758524522185325623e-02
4.687474966049194336e-01
1.868714205920696259e-02
3.451241552829742432e-02
4.544004425406455994e-02
3.152154013514518738e-02
3.140746802091598511e-02
1.932971552014350891e-02
1.115996623411774635e-03
9.776169657707214355e-01
6.963945925235748291e-02
1.184479519724845886e-02
1.338704109191894531e+00
3.936626017093658447e-02
3.649984672665596008e-02
2.304115891456604004e-02
3.434615582227706909e-02
1.946634845808148384e-03
8.858246356248855591e-02
4.269725829362869263e-02
3.184051066637039185e-02
5.382303893566131592e-02
4.560714364051818848e-01
1.790473423898220062e-02
3.686366602778434753e-02
4.206421971321105957e-02
3.524457663297653198e-02
3.538912162184715271e-02
1.636086031794548035e-02
1.080363988876342773e-03
9.970180988311767578e-01
5.849059298634529114e-02
1.184541452676057816e-02
1.330571889877319336e+00
3.951695561408996582e-02
3.530669957399368286e-02
2.214266173541545868e-02
3.908608108758926392e-02
2.180105308070778847e-03
8.928867429494857788e-02
5.420509353280067444e-02
4.177064821124076843e-02
5.682860687375068665e-02
5.654742717742919922e-01
2.016972564160823822e-02
3.530977293848991394e-02
4.493886232376098633e-02
3.377217426896095276e-02
3.375029191374778748e-02
2.759263105690479279e-02
1.134655787609517574e-03
9.515838623046875000e-01
5.319305136799812317e-02
1.184420753270387650e-02
1.344745993614196777e+00
3.752207383513450623e-02
3.371284529566764832e-02
2.094181813299655914e-02
4.081904143095016479e-02
2.455579815432429314e-03
1.000781431794166565e-01
5.797142535448074341e-02
4.557242244482040405e-02
5.891297012567520142e-02
5.025423169136047363e-01
2.201361209154129028e-02
3.965537995100021362e-02
4.989460483193397522e-02
3.951356559991836548e-02
3.825487568974494934e-02
2.065601013600826263e-02
1.100852270610630512e-03
9.261269569396972656e-01
4.669248312711715698e-02
1.184406690299510956e-02
1.352228999137878418e+00
3.668121621012687683e-02
3.360932320356369019e-02
2.117839455604553223e-02
4.262182116508483887e-02
2.836134517565369606e-03
1.017280295491218567e-01
7.360444217920303345e-02
7.150953263044357300e-02
5.950409919023513794e-02
4.365912973880767822e-01
2.610208280384540558e-02
3.994514420628547668e-02
4.996606707572937012e-02
3.804233297705650330e-02
3.821051865816116333e-02
2.725544385612010956e-02
1.123825903050601482e-03
9.862079620361328125e-01
7.573197036981582642e-02
1.184378750622272491e-02
1.352223396301269531e+00
4.048082232475280762e-02
3.791793063282966614e-02
2.232405915856361389e-02
5.817378684878349304e-02
2.688634907826781273e-03
1.101541519165039062e-01
9.775116294622421265e-02
6.564997136592864990e-02
5.873078480362892151e-02
4.104473590850830078e-01
3.150299191474914551e-02
5.020991340279579163e-02
5.411357060074806213e-02
4.243564978241920471e-02
4.281108081340789795e-02
2.458649314939975739e-02
9.880810976028442383e-04
7.741272449493408203e-01
4.100313782691955566e-02
1.184317283332347870e-02
1.352220416069030762e+00
4.178344085812568665e-02
3.810760378837585449e-02
2.457404136657714844e-02
7.104619592428207397e-02
2.771929372102022171e-03
1.177092865109443665e-01
3.521689027547836304e-02
2.760588563978672028e-02
6.267672777175903320e-02
3.857741951942443848e-01
1.349426433444023132e-02
4.486560076475143433e-02
3.761840611696243286e-02
4.236346855759620667e-02
4.249751567840576172e-02
1.723384112119674683e-02
1.067149802111089230e-03
8.666539788246154785e-01
3.780904412269592285e-02
1.184299960732460022e-02
1.352223515510559082e+00
4.341773316264152527e-02
3.992803767323493958e-02
2.511648274958133698e-02
5.383102223277091980e-02
2.031262731179594994e-03
1.473145186901092529e-01
6.956386566162109375e-02
5.220974236726760864e-02
7.140236347913742065e-02
4.297404885292053223e-01
2.234244719147682190e-02
5.325089767575263977e-02
4.100943356752395630e-02
5.283604189753532410e-02
5.300235003232955933e-02
2.149318158626556396e-02
1.045108307152986526e-03
7.821408510208129883e-01
3.469397500157356262e-02
1.184310205280780792e-02
1.352227568626403809e+00
5.315597727894783020e-02
4.973138496279716492e-02
3.244329988956451416e-02
4.489868506789207458e-02
2.680941019207239151e-03
1.791647672653198242e-01
6.165041774511337280e-02
4.793154075741767883e-02
6.673093885183334351e-02
4.468910694122314453e-01
2.381681837141513824e-02
5.139050632715225220e-02
4.727432876825332642e-02
4.793112725019454956e-02
4.823672771453857422e-02
2.189828641712665558e-02
8.503719000145792961e-04
7.365714907646179199e-01
3.850688040256500244e-02
1.184379868209362030e-02
1.352230668067932129e+00
6.872576475143432617e-02
6.077290698885917664e-02
4.228391498327255249e-02
5.730785056948661804e-02
2.024499699473381042e-03
1.841969192028045654e-01
8.602682501077651978e-02
6.877525895833969116e-02
7.522810250520706177e-02
5.292979478836059570e-01
3.242921456694602966e-02
6.326176226139068604e-02
5.175752937793731689e-02
6.016836315393447876e-02
6.049376353621482849e-02
3.039175644516944885e-02
7.502866792492568493e-04
6.871272921562194824e-01
4.096009954810142517e-02
1.184372883290052414e-02
1.352219939231872559e+00
8.715142309665679932e-02
8.234009146690368652e-02
5.482969805598258972e-02
1.023555696010589600e-01
1.389916753396391869e-03
1.728215664625167847e-01
1.163617223501205444e-01
9.752649068832397461e-02
8.990501612424850464e-02
5.171813964843750000e-01
4.196729138493537903e-02
6.415203213691711426e-02
5.442098900675773621e-02
6.291696429252624512e-02
6.278938055038452148e-02
3.598447516560554504e-02
7.657462847419083118e-04
6.644272804260253906e-01
3.618083521723747253e-02
1.184303686022758484e-02
1.352223396301269531e+00
1.174650341272354126e-01
1.135683059692382812e-01
7.620853185653686523e-02
1.322965770959854126e-01
1.520778285339474678e-03
1.626616567373275757e-01
9.739459306001663208e-02
8.049092441797256470e-02
8.833631873130798340e-02
5.124310851097106934e-01
3.764199465513229370e-02
5.909943580627441406e-02
5.266630649566650391e-02
5.559248104691505432e-02
5.595117062330245972e-02
3.466570377349853516e-02
6.162454374134540558e-04
5.909585952758789062e-01
4.846118763089179993e-02
1.184352487325668335e-02
1.352227568626403809e+00
1.154203563928604126e-01
1.103543788194656372e-01
7.415412366390228271e-02
1.572162359952926636e-01
1.408187090419232845e-03
1.594838649034500122e-01
7.640539109706878662e-02
6.033109501004219055e-02
7.401061803102493286e-02
2.966385781764984131e-01
3.387266024947166443e-02
5.568284168839454651e-02
3.499054908752441406e-02
5.196281895041465759e-02
5.226196721196174622e-02
3.459212183952331543e-02
4.737180133815854788e-04
4.193352162837982178e-01
3.611318394541740417e-02
1.184276677668094635e-02
1.352218389511108398e+00
8.260029554367065430e-02
7.497600466012954712e-02
5.049521476030349731e-02
1.341194808483123779e-01
8.221724419854581356e-04
1.546480804681777954e-01
5.834322422742843628e-02
4.073647409677505493e-02
8.305870741605758667e-02
1.283224374055862427e-01
3.031585924327373505e-02
6.310936063528060913e-02
1.595363393425941467e-02
5.926482006907463074e-02
5.955696105957031250e-02
2.776376344263553619e-02
4.406109219416975975e-04
3.782383501529693604e-01
3.595763444900512695e-02
1.184198446571826935e-02
1.352205634117126465e+00
7.009018212556838989e-02
7.253718376159667969e-02
4.857687652111053467e-02
1.215525940060615540e-01
5.657816072925925255e-04
1.505532115697860718e-01
5.827885121107101440e-02
4.023219272494316101e-02
7.013604044914245605e-02
1.263825148344039917e-01
2.498447336256504059e-02
5.840385705232620239e-02
1.287790574133396149e-02
5.398156121373176575e-02
5.422190949320793152e-02
1.991944573819637299e-02
3.989879915025085211e-04
3.719989061355590820e-01
3.760830685496330261e-02
1.184178609400987625e-02
1.352212548255920410e+00
1.486448049545288086e-01
9.559568017721176147e-02
7.401891797780990601e-02
1.071561202406883240e-01
8.457057992927730083e-04
1.482560932636260986e-01
5.935283005237579346e-02
4.301631450653076172e-02
7.835482060909271240e-02
1.359430998563766479e-01
2.365059591829776764e-02
6.360357254743576050e-02
1.170619018375873566e-02
6.240286305546760559e-02
6.021559983491897583e-02
2.155414037406444550e-02
4.186309524811804295e-04
4.431948363780975342e-01
3.733665496110916138e-02
1.184089295566082001e-02
1.352208971977233887e+00
1.413441896438598633e-01
1.312212646007537842e-01
6.566686928272247314e-02
1.120063140988349915e-01
7.621840923093259335e-04
1.685477495193481445e-01
4.892389476299285889e-02
3.765092417597770691e-02
9.566696733236312866e-02
1.983658224344253540e-01
2.035680413246154785e-02
7.874757796525955200e-02
1.635973528027534485e-02
7.418977469205856323e-02
7.386172562837600708e-02
2.689460851252079010e-02
6.561936461366713047e-04
5.538330078125000000e-01
3.639984130859375000e-02
1.184206269681453705e-02
1.352215886116027832e+00
9.702032059431076050e-02
1.100870072841644287e-01
5.333929881453514099e-02
1.087161898612976074e-01
6.068538641557097435e-04
1.905025988817214966e-01
4.694089293479919434e-02
3.255708515644073486e-02
1.110478937625885010e-01
1.889300644397735596e-01
1.913516595959663391e-02
8.198162168264389038e-02
1.410530321300029755e-02
8.150494843721389771e-02
7.895354181528091431e-02
2.501874789595603943e-02
5.823176470585167408e-04
4.505523145198822021e-01
3.580793738365173340e-02
1.184125710278749466e-02
1.352215051651000977e+00
6.338793039321899414e-02
6.392069905996322632e-02
2.714787982404232025e-02
9.025020152330398560e-02
6.594186415895819664e-04
1.816658675670623779e-01
6.571958214044570923e-02
4.532607644796371460e-02
1.112596318125724792e-01
1.910982131958007812e-01
2.332475595176219940e-02
8.455991744995117188e-02
2.026626840233802795e-02
7.999327778816223145e-02
8.031083643436431885e-02
2.684058994054794312e-02
5.962164723314344883e-04
3.629615902900695801e-01
4.665559902787208557e-02
1.184250973165035248e-02
1.352228403091430664e+00
3.322524577379226685e-02
3.155641257762908936e-02
3.053062781691551208e-02
8.773720264434814453e-02
5.393504397943615913e-04
2.044158428907394409e-01
8.014370501041412354e-02
5.897646769881248474e-02
1.138541474938392639e-01
2.109345197677612305e-01
3.328289464116096497e-02
8.727784454822540283e-02
1.918409764766693115e-02
8.191030472517013550e-02
8.259940147399902344e-02
3.070257976651191711e-02
6.414260715246200562e-04
3.530929982662200928e-01
3.938785195350646973e-02
1.184300798922777176e-02
1.352222442626953125e+00
3.002361953258514404e-02
2.778712287545204163e-02
2.552362903952598572e-02
1.097080484032630920e-01
4.201294213999062777e-04
2.131981104612350464e-01
1.005144715309143066e-01
8.422864228487014771e-02
1.456909924745559692e-01
2.220632880926132202e-01
4.043209925293922424e-02
1.068965271115303040e-01
1.778508722782135010e-02
1.029968932271003723e-01
1.038366705179214478e-01
4.711862280964851379e-02
7.486538379453122616e-04
3.281192183494567871e-01
3.875441104173660278e-02
1.184340752661228180e-02
1.352222681045532227e+00
2.502651512622833252e-02
2.268106117844581604e-02
1.848689466714859009e-02
1.267263591289520264e-01
4.818585002794861794e-04
2.219251245260238647e-01
1.121063604950904846e-01
7.955642044544219971e-02
1.618253439664840698e-01
2.082580626010894775e-01
4.213354736566543579e-02
1.110882908105850220e-01
1.522350590676069260e-02
1.075069010257720947e-01
1.165999546647071838e-01
4.718606173992156982e-02
7.176563958637416363e-04
4.943195581436157227e-01
3.824070841073989868e-02
1.184319984167814255e-02
1.352220654487609863e+00
2.298172563314437866e-02
2.151558734476566315e-02
1.354665122926235199e-02
1.548877954483032227e-01
4.854604485444724560e-04
2.270634323358535767e-01
9.349906444549560547e-02
6.315815448760986328e-02
1.649300009012222290e-01
2.133254259824752808e-01
3.537633270025253296e-02
1.222641468048095703e-01
1.636215113103389740e-02
1.116281226277351379e-01
1.117206737399101257e-01
5.048613250255584717e-02
6.343226414173841476e-04
5.188247561454772949e-01
4.100313410162925720e-02
1.184356864541769028e-02
1.352220773696899414e+00
2.248967438936233521e-02
2.096481621265411377e-02
1.441571582108736038e-02
1.448865532875061035e-01
5.257363663986325264e-04
2.355473786592483521e-01
6.710921972990036011e-02
4.426651448011398315e-02
1.601651906967163086e-01
1.139201447367668152e-01
2.637438848614692688e-02
1.293904334306716919e-01
1.113192550837993622e-02
1.231337487697601318e-01
1.247760802507400513e-01
3.237172961235046387e-02
1.026989892125129700e-03
6.725411415100097656e-01
3.972997516393661499e-02
1.184343639761209488e-02
1.352218151092529297e+00
2.264383994042873383e-02
2.039466798305511475e-02
1.454237569123506546e-02
1.609827131032943726e-01
4.164645215496420860e-04
2.474074363708496094e-01
6.637736409902572632e-02
3.927652910351753235e-02
1.857256740331649780e-01
1.536440551280975342e-01
2.695428207516670227e-02
1.424248367547988892e-01
1.039449125528335571e-02
1.311449259519577026e-01
1.295420527458190918e-01
3.268999233841896057e-02
1.001636846922338009e-03
6.466733217239379883e-01
3.890055418014526367e-02
1.184354349970817566e-02
1.352222442626953125e+00
2.543049491941928864e-02
2.223619632422924042e-02
1.763974502682685852e-02
1.289294809103012085e-01
4.357658326625823975e-04
2.694400250911712646e-01
7.486508041620254517e-02
5.356948077678680420e-02
2.098487466573715210e-01
9.924110770225524902e-02
3.106885217130184174e-02
1.512853801250457764e-01
1.042073220014572144e-02
1.405077725648880005e-01
1.427091658115386963e-01
2.527673542499542236e-02
7.623379351571202278e-04
5.867710113525390625e-01
3.923711180686950684e-02
1.184393558651208878e-02
1.352232098579406738e+00
2.656653337180614471e-02
2.445092611014842987e-02
2.157762460410594940e-02
1.061515212059020996e-01
4.127203428652137518e-04
2.884726226329803467e-01
1.010987162590026855e-01
7.278017699718475342e-02
2.264173179864883423e-01
9.313771128654479980e-02
3.772149235010147095e-02
1.670667380094528198e-01
1.016558054834604263e-02
1.578594446182250977e-01
1.607354283332824707e-01
3.879240155220031738e-02
7.762252353131771088e-04
6.317639946937561035e-01
4.007000848650932312e-02
1.184459775686264038e-02
1.352237701416015625e+00
3.167154639959335327e-02
2.617923915386199951e-02
2.052709832787513733e-02
1.412597000598907471e-01
4.473431035876274109e-04
3.036823272705078125e-01
9.224902838468551636e-02
5.846175178885459900e-02
2.093158215284347534e-01
1.246905103325843811e-01
3.422877565026283264e-02
1.371905058622360229e-01
1.041556987911462784e-02
1.393363177776336670e-01
1.405023038387298584e-01
2.230875007808208466e-02
9.389670449309051037e-04
8.560686707496643066e-01
3.948280215263366699e-02
1.184396632015705109e-02
1.352227568626403809e+00
4.823110252618789673e-02
3.226014971733093262e-02
2.375238016247749329e-02
1.513558179140090942e-01
5.141153233125805855e-04
3.434284627437591553e-01
5.140315368771553040e-02
3.059019334614276886e-02
2.029692828655242920e-01
1.928765475749969482e-01
2.596294507384300232e-02
1.338852643966674805e-01
1.054349448531866074e-02
1.339186429977416992e-01
1.247617602348327637e-01
2.332889661192893982e-02
5.890652537345886230e-04
6.673505306243896484e-01
3.912644088268280029e-02
1.184351649135351181e-02
1.352230668067932129e+00
7.541400939226150513e-02
5.617140606045722961e-02
3.658184409141540527e-02
1.422356665134429932e-01
6.578133907169103622e-04
3.556682169437408447e-01
4.023822769522666931e-02
3.311090543866157532e-02
2.043802589178085327e-01
2.742591500282287598e-01
1.757942885160446167e-02
1.414897292852401733e-01
2.419267036020755768e-02
1.390689462423324585e-01
1.329762339591979980e-01
3.247902169823646545e-02
8.794667082838714123e-04
9.957013726234436035e-01
3.948522359132766724e-02
1.184365432709455490e-02
1.352240085601806641e+00
1.112509444355964661e-01
9.492846578359603882e-02
6.395488232374191284e-02
8.055678009986877441e-02
8.700793259777128696e-04
4.119380414485931396e-01
4.758880287408828735e-02
4.059514030814170837e-02
2.045453339815139771e-01
3.056671321392059326e-01
1.902468688786029816e-02
1.479191035032272339e-01
2.956344187259674072e-02
1.218808963894844055e-01
1.225395873188972473e-01
3.839869052171707153e-02
8.892344194464385509e-04
9.676675200462341309e-01
4.054633900523185730e-02
1.184397097676992416e-02
1.352248430252075195e+00
1.007626876235008240e-01
8.060839027166366577e-02
5.641773715615272522e-02
7.128559798002243042e-02
8.962780702859163284e-04
4.311417639255523682e-01
5.890692397952079773e-02
4.513627290725708008e-02
3.255832791328430176e-01
3.316574692726135254e-01
2.301118895411491394e-02
2.070317566394805908e-01
2.879597805440425873e-02
1.953332126140594482e-01
1.986909657716751099e-01
3.682656213641166687e-02
1.087683602236211300e-03
7.485342621803283691e-01
4.110962525010108948e-02
1.184437051415443420e-02
1.352252364158630371e+00
9.515405446290969849e-02
8.459661900997161865e-02
4.308289289474487305e-02
7.464183866977691650e-02
4.805198404937982559e-04
4.316338598728179932e-01
6.169029697775840759e-02
4.824345931410789490e-02
3.449683785438537598e-01
4.004199504852294922e-01
2.564556337893009186e-02
2.435651719570159912e-01
3.554275631904602051e-02
2.505812048912048340e-01
2.349412143230438232e-01
4.298419132828712463e-02
5.778829217888414860e-04
4.865893423557281494e-01
4.062523320317268372e-02
1.184415258467197418e-02
1.352257132530212402e+00
5.369933322072029114e-02
4.638360068202018738e-02
2.651520632207393646e-02
1.161080300807952881e-01
4.668330366257578135e-04
4.579799771308898926e-01
8.599399775266647339e-02
6.360487639904022217e-02
4.502737820148468018e-01
2.963918149471282959e-01
3.137502074241638184e-02
2.670200765132904053e-01
2.766834758222103119e-02
2.438706010580062866e-01
2.359556853771209717e-01
4.058537632226943970e-02
4.724495520349591970e-04
4.532542526721954346e-01
4.251649230718612671e-02
1.184435840696096420e-02
1.352266550064086914e+00
5.110658332705497742e-02
4.895357415080070496e-02
3.642439842224121094e-02
1.138782352209091187e-01
3.917888680007308722e-04
4.580340087413787842e-01
8.607799559831619263e-02
6.659782677888870239e-02
3.575369417667388916e-01
2.919419705867767334e-01
3.456616401672363281e-02
2.362713813781738281e-01
2.401529066264629364e-02
2.236035615205764771e-01
2.254084199666976929e-01
3.866607323288917542e-02
5.779854254797101021e-04
4.873339831829071045e-01
4.352478682994842529e-02
1.184464152902364731e-02
1.352269887924194336e+00
1.012697592377662659e-01
9.686723351478576660e-02
6.963895261287689209e-02
1.835385113954544067e-01
3.665592812467366457e-04
5.386330485343933105e-01
7.688849419355392456e-02
5.332784354686737061e-02
3.263015151023864746e-01
3.100593686103820801e-01
3.290233388543128967e-02
2.318610399961471558e-01
2.255154773592948914e-02
2.190556824207305908e-01
2.191397398710250854e-01
3.813491016626358032e-02
4.461179778445512056e-04
3.710401058197021484e-01
4.306935518980026245e-02
1.184405293315649033e-02
1.352272391319274902e+00
1.041309684514999390e-01
1.015846058726310730e-01
7.225714623928070068e-02
1.204117164015769958e-01
3.272954782005399466e-04
4.887538254261016846e-01
7.179683446884155273e-02
5.772573128342628479e-02
2.634142041206359863e-01
3.068682253360748291e-01
3.317962214350700378e-02
1.978471428155899048e-01
2.297765202820301056e-02
1.687595695257186890e-01
1.871416866779327393e-01
3.836154937744140625e-02
4.716584808193147182e-04
4.085721969604492188e-01
4.408233985304832458e-02
1.184317935258150101e-02
1.107589483261108398e+00
9.100290387868881226e-02
8.533858507871627808e-02
5.936142429709434509e-02
1.251900792121887207e-01
3.347880265209823847e-04
4.740645885467529297e-01
7.322113960981369019e-02
5.436104908585548401e-02
2.086892426013946533e-01
2.317016422748565674e-01
3.290562704205513000e-02
1.521264910697937012e-01
2.430200576782226562e-02
1.420942693948745728e-01
1.423519700765609741e-01
3.514938801527023315e-02
4.257847904227674007e-04
3.451249003410339355e-01
4.401233792304992676e-02
9.769467636942863464e-03
1.028258323669433594e+00
4.893179610371589661e-02
4.459223523736000061e-02
2.994679845869541168e-02
1.418444514274597168e-01
3.088778466917574406e-04
5.486061573028564453e-01
3.771693259477615356e-02
3.194316849112510681e-02
2.321838587522506714e-01
4.354817867279052734e-01
1.799245364964008331e-02
1.641130447387695312e-01
2.287395857274532318e-02
1.512768119573593140e-01
1.521842181682586670e-01
4.093974828720092773e-02
4.333282413426786661e-04
3.894373476505279541e-01
4.707600548863410950e-02
9.687287732958793640e-03
1.015364289283752441e+00
5.602751299738883972e-02
5.253110080957412720e-02
3.541332110762596130e-02
1.033293306827545166e-01
3.232948656659573317e-04
5.682526230812072754e-01
1.862064935266971588e-02
2.137453481554985046e-02
2.061687260866165161e-01
6.207635998725891113e-01
1.586831733584403992e-02
1.583310514688491821e-01
2.563312277197837830e-02
1.406245976686477661e-01
1.480741202831268311e-01
4.113811254501342773e-02
4.129505541641265154e-04
3.532318472862243652e-01
4.867511615157127380e-02
9.716547094285488129e-03
1.032425880432128906e+00
5.711798369884490967e-02
5.336800217628479004e-02
3.394917771220207214e-02
7.324236631393432617e-02
3.693621838465332985e-04
6.035597324371337891e-01
2.445924282073974609e-02
3.525735437870025635e-02
1.354504376649856567e-01
9.488434791564941406e-01
1.045202184468507767e-02
1.058143898844718933e-01
3.409788012504577637e-02
1.117581650614738464e-01
1.120612621307373047e-01
1.227588206529617310e-01
4.221179697196930647e-04
3.577558100223541260e-01
5.030857771635055542e-02
9.774280712008476257e-03
1.030973196029663086e+00
5.850949138402938843e-02
5.960279330611228943e-02
3.707430139183998108e-02
4.510161280632019043e-02
3.752726188395172358e-04
6.847197413444519043e-01
2.709741331636905670e-02
3.791700303554534912e-02
1.472227275371551514e-01
8.456200361251831055e-01
1.277851313352584839e-02
1.152592822909355164e-01
5.506786331534385681e-02
1.028041392564773560e-01
1.039290055632591248e-01
9.697738289833068848e-02
4.420424520503729582e-04
3.831970691680908203e-01
5.371500179171562195e-02
9.941168129444122314e-03
1.056385159492492676e+00
5.484696105122566223e-02
5.141011252999305725e-02
3.200756758451461792e-02
4.747911170125007629e-02
5.845116102136671543e-04
6.400543451309204102e-01
2.825075760483741760e-02
3.899559378623962402e-02
1.183146312832832336e-01
6.209257841110229492e-01
1.252387557178735733e-02
9.112259000539779663e-02
3.931492939591407776e-02
8.221763372421264648e-02
8.155421167612075806e-02
1.114954724907875061e-01
4.182386037427932024e-04
3.331088423728942871e-01
5.222259089350700378e-02
9.952451102435588837e-03
1.046596407890319824e+00
5.551602691411972046e-02
5.290652066469192505e-02
3.284283354878425598e-02
5.101273208856582642e-02
4.491993167903274298e-04
6.814774274826049805e-01
3.348292037844657898e-02
3.553809225559234619e-02
1.032821759581565857e-01
4.245578348636627197e-01
1.420375239104032516e-02
6.622461229562759399e-02
3.519504889845848083e-02
5.780819430947303772e-02
5.846260860562324524e-02
8.774883300065994263e-02
4.203587304800748825e-04
3.344573974609375000e-01
5.178913101553916931e-02
9.894894436001777649e-03
8.278347849845886230e-01
5.455589294433593750e-02
5.041506141424179077e-02
3.359091654419898987e-02
5.593150109052658081e-02
4.576971405185759068e-04
6.404392719268798828e-01
4.041198268532752991e-02
4.096701368689537048e-02
6.895323097705841064e-02
2.030606567859649658e-01
1.695801131427288055e-02
4.742449149489402771e-02
3.194686770439147949e-02
4.878230765461921692e-02
4.356788471341133118e-02
8.794561773538589478e-02
4.177412774879485369e-04
3.387802541255950928e-01
5.355720221996307373e-02
7.211915683001279831e-03
2.879781126976013184e-01
5.395085364580154419e-02
4.976205155253410339e-02
3.484330326318740845e-02
6.547509878873825073e-02
6.501658936031162739e-04
6.181552410125732422e-01
5.846757069230079651e-02
5.423104017972946167e-02
7.120253145694732666e-02
1.178039386868476868e-01
2.153675816953182220e-02
5.465466529130935669e-02
1.936827972531318665e-02
4.954913258552551270e-02
4.972071200609207153e-02
8.991305530071258545e-02
4.283108282834291458e-04
3.638204932212829590e-01
5.739616230130195618e-02
7.356158457696437836e-04
4.044341146945953369e-01
5.428653582930564880e-02
5.084606632590293884e-02
3.295762836933135986e-02
8.347719907760620117e-02
3.756007645279169083e-04
3.979899883270263672e-01
5.346612632274627686e-02
5.668828636407852173e-02
7.752590626478195190e-02
1.185050457715988159e-01
1.966383121907711029e-02
5.559591576457023621e-02
2.937836386263370514e-02
5.271347984671592712e-02
5.339387059211730957e-02
9.812107682228088379e-02
4.296756815165281296e-04
3.305820822715759277e-01
6.551592797040939331e-02
2.255655708722770214e-04
2.404891252517700195e-01
5.654096603393554688e-02
5.046104267239570618e-02
3.480982780456542969e-02
8.434838801622390747e-02
3.691072051879018545e-04
4.633149206638336182e-01
5.342287197709083557e-02
6.362023204565048218e-02
6.745666265487670898e-02
4.090955853462219238e-02
1.989874057471752167e-02
5.330554768443107605e-02
2.245341055095195770e-02
5.014917999505996704e-02
5.042743682861328125e-02
1.200639158487319946e-01
4.297012346796691418e-04
3.355170786380767822e-01
6.559023261070251465e-02
1.399500615661963820e-04
6.671218574047088623e-02
5.282415077090263367e-02
4.997481778264045715e-02
3.588797524571418762e-02
7.556255161762237549e-02
3.889496729243546724e-04
2.905117571353912354e-01
5.512268096208572388e-02
6.444443762302398682e-02
6.131662055850028992e-02
1.773776412010192871e-01
1.938812062144279480e-02
4.444737732410430908e-02
2.812414988875389099e-02
4.635193571448326111e-02
4.651523381471633911e-02
1.427733600139617920e-01
4.313010722398757935e-04
3.332867026329040527e-01
6.430634856224060059e-02
2.545210008975118399e-04
2.471689432859420776e-01
5.564051494002342224e-02
5.073126032948493958e-02
3.519566357135772705e-02
7.746525853872299194e-02
4.609903844539076090e-04
3.277491927146911621e-01
6.390227377414703369e-02
8.351625502109527588e-02
6.381757557392120361e-02
2.047986984252929688e-01
2.316162362694740295e-02
5.498039722442626953e-02
2.998156286776065826e-02
5.038652569055557251e-02
5.021629482507705688e-02
1.813443452119827271e-01
4.486463731154799461e-04
3.630541861057281494e-01
6.806724518537521362e-02
6.263594841584563255e-04
3.175266683101654053e-01
5.582054331898689270e-02
5.205882340669631958e-02
3.422781452536582947e-02
7.887796312570571899e-02
4.310927179176360369e-04
4.844934046268463135e-01
7.490079849958419800e-02
1.002117469906806946e-01
6.094028428196907043e-02
2.289117127656936646e-01
2.582564018666744232e-02
4.098040238022804260e-02
2.482402883470058441e-02
3.509946539998054504e-02
3.523513674736022949e-02
2.026265412569046021e-01
4.505479591898620129e-04
3.334437012672424316e-01
6.919927895069122314e-02
6.461753218900412321e-05
2.102849632501602173e-01
5.312333628535270691e-02
4.967991635203361511e-02
3.372902050614356995e-02
8.385890722274780273e-02
4.747217171825468540e-04
2.517914175987243652e-01
9.395070374011993408e-02
1.170703247189521790e-01
5.183760449290275574e-02
2.401822209358215332e-01
3.352843970060348511e-02
3.630742058157920837e-02
2.547436952590942383e-02
3.650360554456710815e-02
3.647206723690032959e-02
2.411951571702957153e-01
4.520928487181663513e-04
3.539666235446929932e-01
7.344167679548263550e-02
2.578873827587813139e-04
2.632619440555572510e-01
4.913339763879776001e-02
4.599703848361968994e-02
3.252286463975906372e-02
9.039620310068130493e-02
5.248311790637671947e-04
4.437108635902404785e-01
8.885119110345840454e-02
1.160964369773864746e-01
6.311110407114028931e-02
1.606847047805786133e-01
3.128887712955474854e-02
5.536832287907600403e-02
9.942092932760715485e-03
5.715259537100791931e-02
5.799160525202751160e-02
2.371970117092132568e-01
4.706218605861067772e-04
3.650378286838531494e-01
7.210391014814376831e-02
4.159011295996606350e-04
2.720052003860473633e-01
5.206924304366111755e-02
4.884470254182815552e-02
3.420912474393844604e-02
1.015537828207015991e-01
6.112193805165588856e-04
2.760508358478546143e-01
1.023862734436988831e-01
1.222726628184318542e-01
6.541237235069274902e-02
1.325513571500778198e-01
3.648047894239425659e-02
5.421662330627441406e-02
1.532732881605625153e-02
5.608599632978439331e-02
5.645295977592468262e-02
2.501870691776275635e-01
4.488958802539855242e-04
3.713186383247375488e-01
6.885706633329391479e-02
9.853199589997529984e-04
2.931309044361114502e-01
5.443085357546806335e-02
5.043483898043632507e-02
3.485048189759254456e-02
1.061277538537979126e-01
6.329565076157450676e-04
1.722482144832611084e-01
1.183760538697242737e-01
1.472514718770980835e-01
8.911951631307601929e-02
1.919872164726257324e-01
3.650880977511405945e-02
5.542914196848869324e-02
2.305965498089790344e-02
6.025853753089904785e-02
5.053260177373886108e-02
2.915621995925903320e-01
4.821599286515265703e-04
3.646485805511474609e-01
6.938345730304718018e-02
4.042201617266982794e-04
1.149790287017822266e-01
5.723226815462112427e-02
5.410709977149963379e-02
3.485911712050437927e-02
1.044130176305770874e-01
6.622723303735256195e-04
2.914372980594635010e-01
1.721812039613723755e-01
2.101139128208160400e-01
1.091510802507400513e-01
2.266869246959686279e-01
5.861185118556022644e-02
7.197640836238861084e-02
2.882858179509639740e-02
7.037766277790069580e-02
7.081814855337142944e-02
3.484094142913818359e-01
5.280158948153257370e-04
4.334787130355834961e-01
7.083327323198318481e-02
4.568311851471662521e-04
2.668995261192321777e-01
6.113178282976150513e-02
5.714659392833709717e-02
3.662610799074172974e-02
1.440816968679428101e-01
6.531738326884806156e-04
3.776550292968750000e-01
1.682152748107910156e-01
1.978929787874221802e-01
1.267519295215606689e-01
2.079252302646636963e-01
5.611290782690048218e-02
8.111801743507385254e-02
2.024951018393039703e-02
7.888154685497283936e-02
8.292467147111892700e-02
3.405921757221221924e-01
5.411441670730710030e-04
4.356694817543029785e-01
6.261947005987167358e-02
6.271763704717159271e-04
1.075423583388328552e-01
7.116641104221343994e-02
6.165063381195068359e-02
4.432550445199012756e-02
1.810702979564666748e-01
6.157046882435679436e-04
3.263805210590362549e-01
1.672303378582000732e-01
1.980255693197250366e-01
1.116759628057479858e-01
1.529385745525360107e-01
5.496868491172790527e-02
7.738164812326431274e-02
1.572116836905479431e-02
7.027456164360046387e-02
7.237082719802856445e-02
3.340370357036590576e-01
5.599598516710102558e-04
5.114217400550842285e-01
6.118534877896308899e-02
9.209703421220183372e-04
9.534625709056854248e-02
1.086300984025001526e-01
1.027001440525054932e-01
6.808429956436157227e-02
1.864726841449737549e-01
5.960750277154147625e-04
2.967946231365203857e-01
1.657080501317977905e-01
1.883798390626907349e-01
1.319051682949066162e-01
1.335007399320602417e-01
6.218359619379043579e-02
8.962516486644744873e-02
9.612083435058593750e-03
9.235984832048416138e-02
9.371799230575561523e-02
3.094633519649505615e-01
6.323778070509433746e-04
5.850031971931457520e-01
6.158145889639854431e-02
4.287647316232323647e-04
3.429133892059326172e-01
1.539161503314971924e-01
1.479142457246780396e-01
9.756149351596832275e-02
1.888971924781799316e-01
6.053632823750376701e-04
2.875092923641204834e-01
1.597386449575424194e-01
1.721695363521575928e-01
1.423051506280899048e-01
1.342375576496124268e-01
5.364632606506347656e-02
9.980903565883636475e-02
1.864030025899410248e-02
9.605617821216583252e-02
1.013854891061782837e-01
2.761316299438476562e-01
6.410517962649464607e-04
5.545616149902343750e-01
6.268227845430374146e-02
9.690613369457423687e-04
1.378431618213653564e-01
1.551642715930938721e-01
1.429444551467895508e-01
9.493178874254226685e-02
1.824024021625518799e-01
5.027668667025864124e-04
2.465080469846725464e-01
1.418796777725219727e-01
1.489093601703643799e-01
1.499809473752975464e-01
1.297266185283660889e-01
4.546095803380012512e-02
1.033874899148941040e-01
1.747753471136093140e-02
9.212733805179595947e-02
9.668219834566116333e-02
2.996511161327362061e-01
6.332598859444260597e-04
5.961152911186218262e-01
6.263992190361022949e-02
1.436678110621869564e-03
6.657257676124572754e-02
6.449202448129653931e-02
6.521190702915191650e-02
4.108809307217597961e-02
1.924305409193038940e-01
5.822101375088095665e-04
2.217223942279815674e-01
1.535914987325668335e-01
1.534975767135620117e-01
1.272812783718109131e-01
1.748100668191909790e-01
5.072044208645820618e-02
9.125684201717376709e-02
2.399967424571514130e-02
8.598424494266510010e-02
8.955265581607818604e-02
2.607820928096771240e-01
6.865534232929348946e-04
6.363143920898437500e-01
6.087788939476013184e-02
4.855980506590640289e-09
4.103210926587053109e-08
5.852622166275978088e-02
5.267018452286720276e-02
5.486959591507911682e-02
1.818284541368484497e-01
9.587129461579024792e-04
3.224147260189056396e-01
1.447081565856933594e-01
1.679563522338867188e-01
1.635560244321823120e-01
1.409353762865066528e-01
4.672843962907791138e-02
1.129033192992210388e-01
1.756254769861698151e-02
1.027584075927734375e-01
1.161796227097511292e-01
2.575832009315490723e-01
7.080679060891270638e-04
6.038584709167480469e-01
6.256557255983352661e-02
4.855980506590640289e-09
4.103210926587053109e-08
7.124575227499008179e-02
5.576737597584724426e-02
3.424721583724021912e-02
1.888548433780670166e-01
7.880409830249845982e-04
3.847833871841430664e-01
2.753623425960540771e-01
2.600481510162353516e-01
2.097676992416381836e-01
1.908875852823257446e-01
8.907198905944824219e-02
1.465392857789993286e-01
2.142522484064102173e-02
1.529672741889953613e-01
1.529294401407241821e-01
4.078436791896820068e-01
6.547996308654546738e-04
5.662869215011596680e-01
6.202847510576248169e-02
4.855980506590640289e-09
4.103210926587053109e-08
1.270122230052947998e-01
1.148236244916915894e-01
7.243639230728149414e-02
2.712375521659851074e-01
7.104066316969692707e-04
3.697451949119567871e-01
3.502890169620513916e-01
4.061234891414642334e-01
2.583394050598144531e-01
3.656630218029022217e-01
1.367804259061813354e-01
1.815519779920578003e-01
3.808879107236862183e-02
1.802400797605514526e-01
1.887855827808380127e-01
5.857552289962768555e-01
5.917169619351625443e-04
5.073131918907165527e-01
6.063945591449737549e-02
4.855980506590640289e-09
4.103210926587053109e-08
9.174984693527221680e-02
9.752301126718521118e-02
5.323174595832824707e-02
3.684041500091552734e-01
6.576131563633680344e-04
3.667535185813903809e-01
3.958753943443298340e-01
4.179184436798095703e-01
2.586130201816558838e-01
4.506842195987701416e-01
1.459567844867706299e-01
1.869199275970458984e-01
5.896449089050292969e-02
1.926057487726211548e-01
1.980483829975128174e-01
5.364487171173095703e-01
6.190513377077877522e-04
5.375112891197204590e-01
6.234265118837356567e-02
4.855980506590640289e-09
4.103210926587053109e-08
5.838167667388916016e-02
5.289338901638984680e-02
2.609360218048095703e-02
4.581144452095031738e-01
6.607510149478912354e-04
3.076065480709075928e-01
2.849620878696441650e-01
3.269175887107849121e-01
2.365377098321914673e-01
1.756586283445358276e-01
1.225519180297851562e-01
1.775914430618286133e-01
2.411752007901668549e-02
1.769047379493713379e-01
1.856609284877777100e-01
4.218161404132843018e-01
6.198954652063548565e-04
5.538346171379089355e-01
6.178000941872596741e-02
4.855980506590640289e-09
4.103210926587053109e-08
4.043243825435638428e-02
4.434017837047576904e-02
2.239526435732841492e-02
4.296716153621673584e-01
6.246574921533465385e-04
2.511223554611206055e-01
2.405863106250762939e-01
2.567041516304016113e-01
2.077354490756988525e-01
8.642746508121490479e-02
8.463480323553085327e-02
1.638819873332977295e-01
1.677958853542804718e-02
1.530432403087615967e-01
1.540197581052780151e-01
3.142041563987731934e-01
6.313639460131525993e-04
5.310590863227844238e-01
6.310363858938217163e-02
4.855980506590640289e-09
4.103210926587053109e-08
3.639800846576690674e-02
3.298045322299003601e-02
2.355645410716533661e-02
3.520257472991943359e-01
5.949053447693586349e-04
2.439182102680206299e-01
1.978257447481155396e-01
2.254104614257812500e-01
1.907340437173843384e-01
7.413969933986663818e-02
7.188174128532409668e-02
1.357364356517791748e-01
9.493200108408927917e-03
1.405323743820190430e-01
1.407796740531921387e-01
1.746917217969894409e-01
6.542623159475624561e-04
6.261036396026611328e-01
6.481240689754486084e-02
4.855980506590640289e-09
4.103210926587053109e-08
3.050707839429378510e-02
2.821369096636772156e-02
1.831833645701408386e-02
2.823369801044464111e-01
5.850405432283878326e-04
1.868900060653686523e-01
2.054359763860702515e-01
2.224605381488800049e-01
1.563093513250350952e-01
9.346858412027359009e-02
7.362371683120727539e-02
1.064817085862159729e-01
8.239281363785266876e-03
1.163926497101783752e-01
1.098148375749588013e-01
1.664007306098937988e-01
6.362625281326472759e-04
5.739331245422363281e-01
6.785717606544494629e-02
4.855980506590640289e-09
4.103210926587053109e-08
2.873700484633445740e-02
2.681859582662582397e-02
1.619971729815006256e-02
2.882373929023742676e-01
5.534241790883243084e-04
1.872573643922805786e-01
2.035520672798156738e-01
2.010880410671234131e-01
1.704789847135543823e-01
9.925783425569534302e-02
7.742460817098617554e-02
1.324715018272399902e-01
7.750806398689746857e-03
1.309975832700729370e-01
1.316821575164794922e-01
2.230749428272247314e-01
6.207453552633523941e-04
5.493063926696777344e-01
6.617502868175506592e-02
4.855980506590640289e-09
4.103210926587053109e-08
3.110410831868648529e-02
2.896033786237239838e-02
1.855612732470035553e-02
2.737591266632080078e-01
5.472143529914319515e-04
2.230369895696640015e-01
2.556709647178649902e-01
2.785325348377227783e-01
2.083242982625961304e-01
1.304168999195098877e-01
9.101881086826324463e-02
1.531713008880615234e-01
1.140613108873367310e-02
1.554920971393585205e-01
1.574798822402954102e-01
2.682269513607025146e-01
5.490134353749454021e-04
5.127509236335754395e-01
6.726249307394027710e-02
4.855980506590640289e-09
4.103210926587053109e-08
3.067980520427227020e-02
2.897608280181884766e-02
1.744196005165576935e-02
2.503324151039123535e-01
5.431702593341469765e-04
2.251822799444198608e-01
2.625230550765991211e-01
2.895741462707519531e-01
1.907895207405090332e-01
1.330773085355758667e-01
9.247446805238723755e-02
1.528026759624481201e-01
1.513359416276216507e-02
1.522985696792602539e-01
1.516887992620468140e-01
2.813347280025482178e-01
5.523284780792891979e-04
4.660183191299438477e-01
6.832427531480789185e-02
4.855980506590640289e-09
4.103210926587053109e-08
3.218038380146026611e-02
3.060336969792842865e-02
1.664985343813896179e-02
2.559933066368103027e-01
6.161325727589428425e-04
1.878669708967208862e-01
2.782123684883117676e-01
2.976729571819305420e-01
1.890419572591781616e-01
1.401181370019912720e-01
9.624071419239044189e-02
1.481039226055145264e-01
2.094403281807899475e-02
1.460333168506622314e-01
1.500249058008193970e-01
3.281373381614685059e-01
5.768681876361370087e-04
4.588733315467834473e-01
5.957506969571113586e-02
4.855980506590640289e-09
4.103210926587053109e-08
3.448199480772018433e-02
2.986847236752510071e-02
2.149076201021671295e-02
2.369470596313476562e-01
6.696428172290325165e-04
1.820968687534332275e-01
2.552403509616851807e-01
2.892272174358367920e-01
2.040757834911346436e-01
1.436311900615692139e-01
8.865498751401901245e-02
1.214860603213310242e-01
1.353744510561227798e-02
1.338288486003875732e-01
1.179706007242202759e-01
3.204967677593231201e-01
5.327875842340290546e-04
4.596343338489532471e-01
5.711752921342849731e-02
4.855980506590640289e-09
4.103210926587053109e-08
3.210404515266418457e-02
2.930172905325889587e-02
1.798204705119132996e-02
2.225283235311508179e-01
6.513016414828598499e-04
1.811493635177612305e-01
1.639138609170913696e-01
1.747327744960784912e-01
1.233875751495361328e-01
1.315692067146301270e-01
5.244029685854911804e-02
8.628597110509872437e-02
9.832753799855709076e-03
9.487351775169372559e-02
9.458044916391372681e-02
2.516158819198608398e-01
5.391548038460314274e-04
4.208438992500305176e-01
5.892628803849220276e-02
4.855980506590640289e-09
4.103210926587053109e-08
3.271976113319396973e-02
2.885385602712631226e-02
1.754143275320529938e-02
1.914089918136596680e-01
7.265502936206758022e-04
1.807960718870162964e-01
1.354339420795440674e-01
1.490837782621383667e-01
7.957154512405395508e-02
1.485446393489837646e-01
4.690704494714736938e-02
8.047620952129364014e-02
9.710232727229595184e-03
6.805168092250823975e-02
6.760212033987045288e-02
2.228406667709350586e-01
4.671071073971688747e-04
4.258934557437896729e-01
6.267348676919937134e-02
4.855980506590640289e-09
4.103210926587053109e-08
5.951171740889549255e-02
5.137189850211143494e-02
3.467283025383949280e-02
1.232467591762542725e-01
6.740101962350308895e-04
1.884975731372833252e-01
1.033659428358078003e-01
1.039950847625732422e-01
8.744570612907409668e-02
6.676639616489410400e-02
3.692443668842315674e-02
4.584773257374763489e-02
9.588380344212055206e-03
4.634416475892066956e-02
4.636237025260925293e-02
2.182393372058868408e-01
4.479742783587425947e-04
3.600037097930908203e-01
6.295033544301986694e-02
4.855980506590640289e-09
4.103210926587053109e-08
7.758307456970214844e-02
7.005690038204193115e-02
4.377342015504837036e-02
9.298302233219146729e-02
5.443986738100647926e-04
2.021735310554504395e-01
1.360355615615844727e-01
1.522570401430130005e-01
8.534456789493560791e-02
8.065970987081527710e-02
5.107024312019348145e-02
7.405943423509597778e-02
9.299430996179580688e-03
6.283539533615112305e-02
6.284979730844497681e-02
2.117307037115097046e-01
4.264571762178093195e-04
3.524554073810577393e-01
6.782366335391998291e-02
4.855980506590640289e-09
4.103210926587053109e-08
8.628135174512863159e-02
7.344590127468109131e-02
5.553228035569190979e-02
1.462915986776351929e-01
5.317396135069429874e-04
1.993352323770523071e-01
1.743015199899673462e-01
1.940108239650726318e-01
9.619706124067306519e-02
1.436493098735809326e-01
6.391499936580657959e-02
4.467761516571044922e-02
1.406785659492015839e-02
5.293833091855049133e-02
5.344433337450027466e-02
3.282534480094909668e-01
4.607855516951531172e-04
3.933323323726654053e-01
6.784595549106597900e-02
4.855980506590640289e-09
4.103210926587053109e-08
5.569078773260116577e-02
5.748960003256797791e-02
3.134428337216377258e-02
1.757269203662872314e-01
5.815435433760285378e-04
2.187211662530899048e-01
2.151838690042495728e-01
2.396685928106307983e-01
1.070741266012191772e-01
1.492913514375686646e-01
7.192797958850860596e-02
7.430926710367202759e-02
1.751261577010154724e-02
8.368526399135589600e-02
8.394850790500640869e-02
3.574813008308410645e-01
4.478226474020630121e-04
3.898564279079437256e-01
6.621564924716949463e-02
4.855980506590640289e-09
4.103210926587053109e-08
4.592052102088928223e-02
4.211571812629699707e-02
2.662607654929161072e-02
1.594598293304443359e-01
7.371953688561916351e-04
2.160389721393585205e-01
2.070127278566360474e-01
2.193144112825393677e-01
9.263549745082855225e-02
2.016106992959976196e-01
6.618438661098480225e-02
6.418763846158981323e-02
1.822207868099212646e-02
6.615190207958221436e-02
6.666591018438339233e-02
3.297032415866851807e-01
5.470399046316742897e-04
3.928520083427429199e-01
6.747829169034957886e-02
4.855980506590640289e-09
4.103210926587053109e-08
7.165454328060150146e-02
6.792173534631729126e-02
4.476190730929374695e-02
1.655128151178359985e-01
8.020839304663240910e-04
2.044030576944351196e-01
1.797602772712707520e-01
1.845040023326873779e-01
1.011754125356674194e-01
1.655161827802658081e-01
6.022654101252555847e-02
7.488406449556350708e-02
1.444730628281831741e-02
8.299762010574340820e-02
8.425770699977874756e-02
2.759937047958374023e-01
4.882899811491370201e-04
4.093628823757171631e-01
7.376690953969955444e-02
4.855980506590640289e-09
4.103210926587053109e-08
1.557620018720626831e-01
1.440873146057128906e-01
9.180405735969543457e-02
1.217775121331214905e-01
7.306509651243686676e-04
1.540133208036422729e-01
1.752520948648452759e-01
1.872475445270538330e-01
7.442745566368103027e-02
1.602796316146850586e-01
5.190341919660568237e-02
5.268714949488639832e-02
1.820973306894302368e-02
5.300569534301757812e-02
5.324567109346389771e-02
2.827131450176239014e-01
4.953427123837172985e-04
4.053605496883392334e-01
7.307156175374984741e-02
4.855980506590640289e-09
4.103210926587053109e-08
1.628185808658599854e-01
1.534994393587112427e-01
9.740983694791793823e-02
8.652199059724807739e-02
6.972576375119388103e-04
1.163110360503196716e-01
1.637406796216964722e-01
1.718523055315017700e-01
7.759374380111694336e-02
1.608149260282516479e-01
5.003280937671661377e-02
4.697285220026969910e-02
1.843637786805629730e-02
4.623773694038391113e-02
4.404196143150329590e-02
2.040092200040817261e-01
5.481559783220291138e-04
3.938740193843841553e-01
7.349387556314468384e-02
4.855980506590640289e-09
4.103210926587053109e-08
1.209297403693199158e-01
1.158514246344566345e-01
6.717069447040557861e-02
9.769912064075469971e-02
7.660290575586259365e-04
1.085533648729324341e-01
1.491735279560089111e-01
1.666790246963500977e-01
8.146196603775024414e-02
2.771146297454833984e-01
4.718388244509696960e-02
4.657854139804840088e-02
1.870815269649028778e-02
4.383868724107742310e-02
4.692941159009933472e-02
2.234477996826171875e-01
5.454642232507467270e-04
4.514946639537811279e-01
7.002035528421401978e-02
4.855980506590640289e-09
4.103210926587053109e-08
6.602612137794494629e-02
5.872826278209686279e-02
2.884021773934364319e-02
1.142280697822570801e-01
7.498427294194698334e-04
1.217246279120445251e-01
1.609853804111480713e-01
1.766185015439987183e-01
8.494782447814941406e-02
1.791299879550933838e-01
4.577204585075378418e-02
5.511384457349777222e-02
1.731321029365062714e-02
5.578507855534553528e-02
5.658559501171112061e-02
2.356197237968444824e-01
7.532354211434721947e-04
4.581124484539031982e-01
7.080807536840438843e-02
4.855980506590640289e-09
4.103210926587053109e-08
1.886284947395324707e-01
1.490595340728759766e-01
1.017644405364990234e-01
1.233612895011901855e-01
8.961966377682983875e-04
1.262261867523193359e-01
1.922182291746139526e-01
2.082862854003906250e-01
1.072935238480567932e-01
1.980890780687332153e-01
6.464907526969909668e-02
5.913818627595901489e-02
1.864733174443244934e-02
5.918839946389198303e-02
5.947429686784744263e-02
2.780494093894958496e-01
7.882650243118405342e-04
4.305967986583709717e-01
6.934222579002380371e-02
4.855980506590640289e-09
4.103210926587053109e-08
1.996309608221054077e-01
1.912901699542999268e-01
9.675730019807815552e-02
1.161120757460594177e-01
7.818473386578261852e-04
1.345808804035186768e-01
1.554968059062957764e-01
1.747577339410781860e-01
1.146199852228164673e-01
1.328004449605941772e-01
4.714990407228469849e-02
6.913454085588455200e-02
1.383757870644330978e-02
6.803208589553833008e-02
6.874645501375198364e-02
2.254311293363571167e-01
6.892093224450945854e-04
4.720754623413085938e-01
7.104583829641342163e-02
4.855980506590640289e-09
4.103210926587053109e-08
1.579041779041290283e-01
1.851865649223327637e-01
4.684643447399139404e-02
1.436094194650650024e-01
7.623835117556154728e-04
8.116553723812103271e-02
1.510391682386398315e-01
1.660492271184921265e-01
1.166018769145011902e-01
1.421128064393997192e-01
4.658386856317520142e-02
6.878221780061721802e-02
1.269094273447990417e-02
6.959317624568939209e-02
6.973753869533538818e-02
2.265231013298034668e-01
8.707442320883274078e-04
5.534575581550598145e-01
6.745877116918563843e-02
4.855980506590640289e-09
4.103210926587053109e-08
6.440269201993942261e-02
6.863170117139816284e-02
3.591541945934295654e-02
1.146965250372886658e-01
7.339171716012060642e-04
7.785087823867797852e-02
1.351124346256256104e-01
1.469930857419967651e-01
1.210112348198890686e-01
1.179516315460205078e-01
4.223427176475524902e-02
7.723388075828552246e-02
1.248046569526195526e-02
8.143068850040435791e-02
8.193514496088027954e-02
2.271295040845870972e-01
6.804305594414472580e-04
4.918722510337829590e-01
6.601802259683609009e-02
4.855980506590640289e-09
4.103210926587053109e-08
2.924057468771934509e-02
3.220058977603912354e-02
1.266855001449584961e-02
9.556116163730621338e-02
7.503627566620707512e-04
4.011275246739387512e-02
1.286203712224960327e-01
1.400454491376876831e-01
1.375213265419006348e-01
1.241934522986412048e-01
3.729926422238349915e-02
8.109468221664428711e-02
1.367146335542201996e-02
8.165378123521804810e-02
8.229496330022811890e-02
2.449457943439483643e-01
9.461455047130584717e-04
7.635859251022338867e-01
6.648162007331848145e-02
4.855980506590640289e-09
4.103210926587053109e-08
2.335624396800994873e-02
2.361352741718292236e-02
1.269978471100330353e-02
8.437937498092651367e-02
7.481549400836229324e-04
6.860674917697906494e-02
1.099131703376770020e-01
1.195045784115791321e-01
1.100437790155410767e-01
1.204354166984558105e-01
3.195694088935852051e-02
6.333063542842864990e-02
1.415219064801931381e-02
6.086241453886032104e-02
6.256709992885589600e-02
1.422499269247055054e-01
9.086887002922594547e-04
5.393178462982177734e-01
6.594432890415191650e-02
4.855980506590640289e-09
4.103210926587053109e-08
2.178584970533847809e-02
2.051288262009620667e-02
1.714062318205833435e-02
8.645542711019515991e-02
8.343149675056338310e-04
1.267173439264297485e-01
1.152001321315765381e-01
1.236044913530349731e-01
9.698991477489471436e-02
1.229695826768875122e-01
3.165275976061820984e-02
5.906392261385917664e-02
1.372257061302661896e-02
5.724619701504707336e-02
5.766963958740234375e-02
1.395930498838424683e-01
8.210848318412899971e-04
5.012314915657043457e-01
6.749510020017623901e-02
4.855980506590640289e-09
4.103210926587053109e-08
2.215141989290714264e-02
2.135585062205791473e-02
1.557951606810092926e-02
9.205516427755355835e-02
7.224932196550071239e-04
1.070346459746360779e-01
1.071347296237945557e-01
1.186414659023284912e-01
8.416812866926193237e-02
1.272747367620468140e-01
2.906757220625877380e-02
5.225773528218269348e-02
1.479839999228715897e-02
4.950151592493057251e-02
5.050281062722206116e-02
1.222978234291076660e-01
7.784415502101182938e-04
4.231264591217041016e-01
7.335300743579864502e-02
4.855980506590640289e-09
4.103210926587053109e-08
2.570169605314731598e-02
2.573519013822078705e-02
1.546369306743144989e-02
8.798679709434509277e-02
7.467961986549198627e-04
1.414399892091751099e-01
9.510377794504165649e-02
1.038581505417823792e-01
9.108881652355194092e-02
1.323471814393997192e-01
2.681666240096092224e-02
5.117440223693847656e-02
1.287990529090166092e-02
4.875047877430915833e-02
4.981083050370216370e-02
9.042028337717056274e-02
5.472296033985912800e-04
3.730561137199401855e-01
6.828132271766662598e-02
4.855980506590640289e-09
4.103210926587053109e-08
2.302223816514015198e-02
2.230944670736789703e-02
1.407791860401630402e-02
8.187103271484375000e-02
7.217185338959097862e-04
1.459316015243530273e-01
1.008405461907386780e-01
9.677037596702575684e-02
8.424896746873855591e-02
1.306936889886856079e-01
2.776764146983623505e-02
4.687955230474472046e-02
1.478159893304109573e-02
4.389433190226554871e-02
5.033108219504356384e-02
9.205499291419982910e-02
3.900817246176302433e-04
3.078883886337280273e-01
6.379798799753189087e-02
4.855980506590640289e-09
4.103210926587053109e-08
2.634639479219913483e-02
2.509089373052120209e-02
2.101437188684940338e-02
7.997770607471466064e-02
7.274704403243958950e-04
4.889371991157531738e-02
8.437197655439376831e-02
7.924981415271759033e-02
8.238298445940017700e-02
1.333048939704895020e-01
2.422746643424034119e-02
4.174716025590896606e-02
1.619685068726539612e-02
3.757150843739509583e-02
3.944896534085273743e-02
8.225525915622711182e-02
3.888824721798300743e-04
2.911794185638427734e-01
6.292290985584259033e-02
4.855980506590640289e-09
4.103210926587053109e-08
3.072073310613632202e-02
2.778782136738300323e-02
1.735000871121883392e-02
6.869512796401977539e-02
7.475263555534183979e-04
1.157840415835380554e-01
4.398130625486373901e-02
5.150821805000305176e-02
3.848852217197418213e-02
1.485326141119003296e-01
1.474587805569171906e-02
2.260689064860343933e-02
1.859583705663681030e-02
2.200711704790592194e-02
2.166746743023395538e-02
5.854012817144393921e-02
3.805872693192213774e-04
2.647664248943328857e-01
6.380019336938858032e-02
4.855980506590640289e-09
4.103210926587053109e-08
4.426755756139755249e-02
3.822418302297592163e-02
3.281366080045700073e-02
5.703442543745040894e-02
7.776521961204707623e-04
1.193295121192932129e-01
4.704136401414871216e-02
4.873684421181678772e-02
4.505917429924011230e-02
1.309250891208648682e-01
1.421439647674560547e-02
2.354971505701541901e-02
1.622997969388961792e-02
2.219304256141185760e-02
2.230984903872013092e-02
6.404758989810943604e-02
3.401533176656812429e-04
2.756291925907135010e-01
6.417623162269592285e-02
4.855980506590640289e-09
4.103210926587053109e-08
7.161471992731094360e-02
6.593673676252365112e-02
5.414573475718498230e-02
4.557703062891960144e-02
8.664897759445011616e-04
1.374468654394149780e-01
3.966381400823593140e-02
4.404493048787117004e-02
4.254990071058273315e-02
1.310634613037109375e-01
1.349711418151855469e-02
2.281268872320652008e-02
1.378057990223169327e-02
2.213352918624877930e-02
2.225197665393352509e-02
5.591921135783195496e-02
3.173855075147002935e-04
2.661882042884826660e-01
5.960257723927497864e-02
4.855980506590640289e-09
4.103210926587053109e-08
1.088383793830871582e-01
8.778446912765502930e-02
4.265376925468444824e-02
4.819232970476150513e-02
8.143942104652523994e-04
1.600487828254699707e-01
3.050844743847846985e-02
3.189950808882713318e-02
1.026493236422538757e-01
1.257522404193878174e-01
1.102482993155717850e-02
4.283894971013069153e-02
1.276558917015790939e-02
4.925741627812385559e-02
4.942990466952323914e-02
5.836915969848632812e-02
3.237666387576609850e-04
2.343319058418273926e-01
5.417842045426368713e-02
4.855980506590640289e-09
4.103210926587053109e-08
1.281075328588485718e-01
1.141073852777481079e-01
7.394055277109146118e-02
3.803790733218193054e-02
1.016442780382931232e-03
1.474861800670623779e-01
3.547226637601852417e-02
3.761066868901252747e-02
1.332116127014160156e-01
1.286700367927551270e-01
1.352763455361127853e-02
5.942443385720252991e-02
1.310028880834579468e-02
6.575433164834976196e-02
6.606870144605636597e-02
5.760175734758377075e-02
3.450264630373567343e-04
2.416761517524719238e-01
4.629843682050704956e-02
4.855980506590640289e-09
1.714981161057949066e-03
1.689069569110870361e-01
1.626509875059127808e-01
8.877856284379959106e-02
3.962234407663345337e-02
9.892191737890243530e-04
6.319876760244369507e-02
4.281038790941238403e-02
4.418785125017166138e-02
5.826234072446823120e-02
1.229246929287910461e-01
1.446755137294530869e-02
3.126497939229011536e-02
1.311164069920778275e-02
3.762903809547424316e-02
3.768199309706687927e-02
6.090158596634864807e-02
3.175134479533880949e-04
2.509771883487701416e-01
4.181510955095291138e-02
4.855980506590640289e-09
1.715150428935885429e-03
6.528221815824508667e-02
6.274536997079849243e-02
4.301386699080467224e-02
5.529639869928359985e-02
9.738334338180720806e-04
8.629495650529861450e-02
4.045866057276725769e-02
4.156780987977981567e-02
1.067535877227783203e-01
1.437212228775024414e-01
1.331211533397436142e-02
6.927986443042755127e-02
1.435189880430698395e-02
5.779260024428367615e-02
5.943915992975234985e-02
6.576841324567794800e-02
3.294728521723300219e-04
2.201941758394241333e-01
4.165365174412727356e-02
4.855980506590640289e-09
1.714768470264971256e-03
8.216098695993423462e-02
7.854070514440536499e-02
4.577230662107467651e-02
4.939125850796699524e-02
7.750394870527088642e-04
1.208520606160163879e-01
3.712944313883781433e-02
4.261500015854835510e-02
7.894953340291976929e-02
1.705837994813919067e-01
1.498198043555021286e-02
4.437631368637084961e-02
1.768464222550392151e-02
4.542466625571250916e-02
4.589019343256950378e-02
8.835543692111968994e-02
3.223161620553582907e-04
2.328072041273117065e-01
3.945711627602577209e-02
4.855980506590640289e-09
1.715137623250484467e-03
1.093424856662750244e-01
1.037852391600608826e-01
6.700871884822845459e-02
4.931761696934700012e-02
1.358645968139171600e-03
1.381811946630477905e-01
3.496173024177551270e-02
3.608225658535957336e-02
5.736308917403221130e-02
1.812033206224441528e-01
1.323496736586093903e-02
2.843824401497840881e-02
2.049885690212249756e-02
2.908045426011085510e-02
2.905738912522792816e-02
4.646985977888107300e-02
3.757794329430907965e-04
2.373115420341491699e-01
3.993540629744529724e-02
4.855980506590640289e-09
1.715164864435791969e-03
1.280539184808731079e-01
1.238561794161796570e-01
7.262276113033294678e-02
4.578269273042678833e-02
1.359514310024678707e-03
2.326018512248992920e-01
6.028532981872558594e-02
6.551722437143325806e-02
8.286800980567932129e-02
2.741842567920684814e-01
1.940391957759857178e-02
3.395299613475799561e-02
2.557479962706565857e-02
3.614407032728195190e-02
3.671031817793846130e-02
7.266502082347869873e-02
4.643525462597608566e-04
4.267062544822692871e-01
3.418932110071182251e-02
4.855980506590640289e-09
1.715483260340988636e-03
1.220899224281311035e-01
1.171649545431137085e-01
7.072258740663528442e-02
4.813688248395919800e-02
1.206779154017567635e-03
2.067466974258422852e-01
7.875539362430572510e-02
8.691772818565368652e-02
6.053704395890235901e-02
3.082260787487030029e-01
2.630480937659740448e-02
3.434871509671211243e-02
3.029767982661724091e-02
3.495617955923080444e-02
3.442183509469032288e-02
1.042268648743629456e-01
4.993189941160380840e-04
4.140378832817077637e-01
4.513105750083923340e-02
4.855980506590640289e-09
1.715561840683221817e-03
6.562554836273193359e-02
6.089117377996444702e-02
3.193883225321769714e-02
5.331565067172050476e-02
2.516615437343716621e-03
2.284710109233856201e-01
4.286310821771621704e-02
4.295177385210990906e-02
3.684240952134132385e-02
3.168939054012298584e-01
1.742085441946983337e-02
1.947963796555995941e-02
3.159759566187858582e-02
1.936984807252883911e-02
1.873211003839969635e-02
7.292968034744262695e-02
5.787925329059362411e-04
4.259872436523437500e-01
3.661705926060676575e-02
4.855980506590640289e-09
1.715491525828838348e-03
5.339033901691436768e-02
5.120404437184333801e-02
3.129993751645088196e-02
4.876156151294708252e-02
3.053675172850489616e-03
2.002458870410919189e-01
2.631036378443241119e-02
2.481268718838691711e-02
3.706358000636100769e-02
2.291616201400756836e-01
1.257803011685609818e-02
1.821531914174556732e-02
1.722859404981136322e-02
1.738782599568367004e-02
1.750276423990726471e-02
5.166146159172058105e-02
5.620993906632065773e-04
4.062531888484954834e-01
3.454664349555969238e-02
4.855980506590640289e-09
1.715532853268086910e-03
1.509824693202972412e-01
1.244451403617858887e-01
3.979613259434700012e-02
3.286204859614372253e-02
3.079078625887632370e-03
1.863757222890853882e-01
9.201230108737945557e-02
5.962625145912170410e-02
7.518030703067779541e-02
1.656317412853240967e-01
2.950489521026611328e-02
2.738768234848976135e-02
1.172521896660327911e-02
2.546055614948272705e-02
2.590585872530937195e-02
3.723359853029251099e-02
5.364207900129258633e-04
3.987952172756195068e-01
3.316204994916915894e-02
4.855980506590640289e-09
1.715508289635181427e-03
1.373657286167144775e-01
1.447356045246124268e-01
6.011491268873214722e-02
4.013850912451744080e-02
2.550215693190693855e-03
1.893449425697326660e-01
1.438654661178588867e-01
8.389001339673995972e-02
7.861269265413284302e-02
2.827348113059997559e-01
3.570148721337318420e-02
5.389998480677604675e-02
2.886960282921791077e-02
4.969362542033195496e-02
5.008688569068908691e-02
1.256978958845138550e-01
4.579462693072855473e-04
3.354720771312713623e-01
3.498810902237892151e-02
5.920619703829288483e-03
4.914576709270477295e-01
9.801217168569564819e-02
9.041345864534378052e-02
5.223761126399040222e-02
1.115299835801124573e-01
1.229911460541188717e-03
2.010025978088378906e-01
7.178832590579986572e-02
4.750477522611618042e-02
1.056197509169578552e-01
1.680275797843933105e-01
2.830795943737030029e-02
5.435932427644729614e-02
1.623415574431419373e-02
5.082426592707633972e-02
5.143877863883972168e-02
6.065024062991142273e-02
4.779655719175934792e-04
3.526267409324645996e-01
3.422335162758827209e-02
1.184109319001436234e-02
9.769640564918518066e-01
6.349050998687744141e-02
6.166683882474899292e-02
2.503296919167041779e-02
1.127497330307960510e-01
5.858843796886503696e-04
1.888591498136520386e-01
3.083562850952148438e-02
2.304551377892494202e-02
5.763794109225273132e-02
1.293880343437194824e-01
1.326730661094188690e-02
3.547648712992668152e-02
1.071001589298248291e-02
3.286338597536087036e-02
3.328901156783103943e-02
3.154743462800979614e-02
4.525738186202943325e-04
3.398965001106262207e-01
3.571762517094612122e-02
1.184059772640466690e-02
1.086627006530761719e+00
3.748121857643127441e-02
4.727970808744430542e-02
2.447137609124183655e-02
1.354817152023315430e-01
4.547727876342833042e-04
2.055580466985702515e-01
1.699036918580532074e-02
1.863727346062660217e-02
2.956313453614711761e-02
1.222137957811355591e-01
8.154584094882011414e-03
2.790433727204799652e-02
7.904733531177043915e-03
2.609924413263797760e-02
2.630728855729103088e-02
3.114657104015350342e-02
4.339802544564008713e-04
4.163356125354766846e-01
3.877504169940948486e-02
1.184076815843582153e-02
1.093494892120361328e+00
3.172737732529640198e-02
2.825850620865821838e-02
1.855902932584285736e-02
5.402643233537673950e-02
6.625303649343550205e-04
1.925920546054840088e-01
2.437523752450942993e-02
2.984733879566192627e-02
2.732647024095058441e-02
1.558952629566192627e-01
7.001597899943590164e-03
1.487675588577985764e-02
7.237505167722702026e-03
1.112510729581117630e-02
1.634846441447734833e-02
4.822412505745887756e-02
4.922143416479229927e-04
4.045846462249755859e-01
4.032902792096138000e-02
1.184198446571826935e-02
1.093502640724182129e+00
2.585788257420063019e-02
2.408359386026859283e-02
1.431095320731401443e-02
1.920669898390769958e-02
6.659203791059553623e-04
1.536771655082702637e-01
3.096992708742618561e-02
2.719294466078281403e-02
3.375469893217086792e-02
3.237455785274505615e-01
7.536103483289480209e-03
2.352859266102313995e-02
1.006569433957338333e-02
2.269486337900161743e-02
2.272424288094043732e-02
7.431842386722564697e-02
4.781519237440079451e-04
4.179027974605560303e-01
4.427527636289596558e-02
1.184305734932422638e-02
1.093515157699584961e+00
2.514592744410037994e-02
2.319528348743915558e-02
1.238345541059970856e-02
2.001558057963848114e-02
1.493084244430065155e-03
1.559115201234817505e-01
2.555618435144424438e-02
3.245229274034500122e-02
3.019929490983486176e-02
3.209381103515625000e-01
1.157232560217380524e-02
1.465355791151523590e-02
1.020498760044574738e-02
1.508500613272190094e-02
1.510263793170452118e-02
8.630646765232086182e-02
5.190615775063633919e-04
2.887128293514251709e-01
4.834302142262458801e-02
1.184413023293018341e-02
1.093525648117065430e+00
2.803754247725009918e-02
2.380471117794513702e-02
1.263839844614267349e-02
3.151200339198112488e-02
1.544951344840228558e-03
1.478203088045120239e-01
2.958322130143642426e-02
4.791703820228576660e-02
5.707176402211189270e-02
2.551440596580505371e-01
1.017017755657434464e-02
2.164790779352188110e-02
1.092053484171628952e-02
2.630042470991611481e-02
2.642186731100082397e-02
7.576874643564224243e-02
4.057143232785165310e-04
3.272387087345123291e-01
5.153850093483924866e-02
1.184417586773633957e-02
1.093525767326354980e+00
2.510967664420604706e-02
2.318060398101806641e-02
1.241299975663423538e-02
2.968488074839115143e-02
1.096322550438344479e-03
1.553212106227874756e-01
2.442362718284130096e-02
3.052139841020107269e-02
6.018039584159851074e-02
2.330714166164398193e-01
8.710743859410285950e-03
2.314696833491325378e-02
1.004034094512462616e-02
2.794670127332210541e-02
2.844708785414695740e-02
6.662081927061080933e-02
3.777867532335221767e-04
3.095996379852294922e-01
4.153137654066085815e-02
1.184323336929082870e-02
1.093516349792480469e+00
2.614221349358558655e-02
2.408543601632118225e-02
1.231484580785036087e-02
3.133798018097877502e-02
4.029672709293663502e-04
9.063857048749923706e-02
2.604917623102664948e-02
2.967487089335918427e-02
4.166480153799057007e-02
2.891068160533905029e-01
7.173860445618629456e-03
2.318806573748588562e-02
1.065341476351022720e-02
2.061272785067558289e-02
2.068932540714740753e-02
5.139397457242012024e-02
2.939705154858529568e-04
2.740761339664459229e-01
5.152043700218200684e-02
1.184360776096582413e-02
1.093514680862426758e+00
2.409211546182632446e-02
2.258933335542678833e-02
1.520505361258983612e-02
3.155955299735069275e-02
4.331745731178671122e-04
1.197539269924163818e-01
2.464470453560352325e-02
2.846660465002059937e-02
4.564904421567916870e-02
2.474140673875808716e-01
6.841882131993770599e-03
3.436542674899101257e-02
1.051416806876659393e-02
3.169967606663703918e-02
3.171443194150924683e-02
3.418608382344245911e-02
2.656627912074327469e-04
2.448817938566207886e-01
5.762001499533653259e-02
1.184442453086376190e-02
1.093518137931823730e+00
2.494622953236103058e-02
2.419470250606536865e-02
1.249315869063138962e-02
3.320413827896118164e-02
4.582550609484314919e-04
5.489726737141609192e-02
3.718605637550354004e-02
3.831179812550544739e-02
3.057635389268398285e-02
2.150125503540039062e-01
8.861202746629714966e-03
1.550651714205741882e-02
9.423987939953804016e-03
1.646060310304164886e-02
1.636996492743492126e-02
4.358312115073204041e-02
2.643466577865183353e-04
2.690086364746093750e-01
6.057924777269363403e-02
1.184455491602420807e-02
1.093515515327453613e+00
2.420892938971519470e-02
2.126945741474628448e-02
1.117423176765441895e-02
3.914076834917068481e-02
3.052507818210870028e-04
4.441232979297637939e-02
2.614704146981239319e-02
2.112174406647682190e-02
2.602165378630161285e-02
2.213523685932159424e-01
7.294382434338331223e-03
1.533416938036680222e-02
1.738263852894306183e-02
1.145517639815807343e-02
1.154170371592044830e-02
2.549959905445575714e-02
2.924464060924947262e-04
2.671633064746856689e-01
5.351609364151954651e-02
1.184513047337532043e-02
1.093522906303405762e+00
5.461872741580009460e-02
5.099026486277580261e-02
3.103163093328475952e-02
3.717963397502899170e-02
2.352055453229695559e-04
5.561122298240661621e-02
3.520324826240539551e-02
1.855742931365966797e-02
4.114887863397598267e-02
1.284104287624359131e-01
6.713937968015670776e-03
2.581891790032386780e-02
1.335668284446001053e-02
2.252360805869102478e-02
2.521551214158535004e-02
2.631135843694210052e-02
3.176633908879011869e-04
3.118660151958465576e-01
5.189745873212814331e-02
1.184508018195629120e-02
1.093523740768432617e+00
8.174514770507812500e-02
7.639092206954956055e-02
3.075207397341728210e-02
3.246643394231796265e-02
3.290786407887935638e-04
1.904357597231864929e-02
8.246179670095443726e-02
7.002269476652145386e-02
6.998910009860992432e-02
1.911260783672332764e-01
2.321657538414001465e-02
3.924822807312011719e-02
7.985740900039672852e-03
3.699634224176406860e-02
3.735695406794548035e-02
5.382761359214782715e-02
3.266847634222358465e-04
2.697902321815490723e-01
5.126250907778739929e-02
1.184427365660667419e-02
1.093517661094665527e+00
8.727388828992843628e-02
7.405655086040496826e-02
4.295794293284416199e-02
3.922007977962493896e-02
2.408080617897212505e-04
1.503801811486482620e-02
5.332082137465476990e-02
5.023834854364395142e-02
3.839523345232009888e-02
1.383183300495147705e-01
1.682705804705619812e-02
2.024067565798759460e-02
1.079393830150365829e-02
1.940123923122882843e-02
1.946214586496353149e-02
5.479766800999641418e-02
2.669509267434477806e-04
2.228828370571136475e-01
5.767200142145156860e-02
1.184406504034996033e-02
1.093513727188110352e+00
6.540063768625259399e-02
6.509111076593399048e-02
3.287034109234809875e-02
6.060823798179626465e-02
3.611960273701697588e-04
3.334729000926017761e-02
3.847431391477584839e-02
4.036044329404830933e-02
3.269945830106735229e-02
1.763516664505004883e-01
1.318067312240600586e-02
1.803193800151348114e-02
1.352165173739194870e-02
1.784551143646240234e-02
1.798785664141178131e-02
5.226650834083557129e-02
2.858601510524749756e-04
2.067554295063018799e-01
5.482192710041999817e-02
1.184368133544921875e-02
1.093513965606689453e+00
4.985781386494636536e-02
4.842842370271682739e-02
2.292119525372982025e-02
4.569227993488311768e-02
3.341647970955818892e-04
4.146460071206092834e-02
3.726855292916297913e-02
4.149174317717552185e-02
4.336640983819961548e-02
1.823786944150924683e-01
1.086896006017923355e-02
2.260289900004863739e-02
1.439349446445703506e-02
2.063005231320858002e-02
2.686680480837821960e-02
4.350277408957481384e-02
3.347904130350798368e-04
2.675491869449615479e-01
5.646091327071189880e-02
1.184354536235332489e-02
1.093512177467346191e+00
4.732452705502510071e-02
4.725077748298645020e-02
2.903989888727664948e-02
3.464809060096740723e-02
3.216814657207578421e-04
2.486406080424785614e-02
3.831004723906517029e-02
4.068565368652343750e-02
4.378267750144004822e-02
2.243382632732391357e-01
1.146734226495027542e-02
2.316463366150856018e-02
1.834897696971893311e-02
2.252745628356933594e-02
2.271337248384952545e-02
4.865115508437156677e-02
3.227050765417516232e-04
2.461163699626922607e-01
6.571847945451736450e-02
1.184346247464418411e-02
1.093513965606689453e+00
1.061851307749748230e-01
1.026947349309921265e-01
6.413318961858749390e-02
4.123884811997413635e-02
3.443098103161901236e-04
3.437854722142219543e-02
4.490544274449348450e-02
5.860462784767150879e-02
5.065882951021194458e-02
3.446651101112365723e-01
1.213701162487268448e-02
2.412125654518604279e-02
2.420990727841854095e-02
2.340634167194366455e-02
2.384615503251552582e-02
5.202748626470565796e-02
4.376097931526601315e-04
3.061673343181610107e-01
6.289029866456985474e-02
1.184344477951526642e-02
1.093518018722534180e+00
1.076543927192687988e-01
1.021603196859359741e-01
6.260203570127487183e-02
6.012272834777832031e-02
3.068775695282965899e-04
2.231580391526222229e-02
1.162660717964172363e-01
1.144404783844947815e-01
8.543980121612548828e-02
3.310001790523529053e-01
2.622340992093086243e-02
4.097408801317214966e-02
2.947372570633888245e-02
3.317848220467567444e-02
3.301846235990524292e-02
7.974354177713394165e-02
3.407165058888494968e-04
2.995709180831909180e-01
5.594462528824806213e-02
1.184393092989921570e-02
1.093523621559143066e+00
4.407921805977821350e-02
4.330783337354660034e-02
2.214735187590122223e-02
4.826267063617706299e-02
3.172085562255233526e-04
4.472096264362335205e-02
4.682575911283493042e-02
4.691410437226295471e-02
3.673461452126502991e-02
2.086198627948760986e-01
1.775696128606796265e-02
2.162236161530017853e-02
1.830548979341983795e-02
2.104496024549007416e-02
2.120448090136051178e-02
5.087850615382194519e-02
3.762825217563658953e-04
2.502627968788146973e-01
5.075426772236824036e-02
1.381695456802845001e-02
1.327366948127746582e+00
6.240095943212509155e-02
6.829649955034255981e-02
2.766256034374237061e-02
3.809544071555137634e-02
2.982146688736975193e-04
3.381327167153358459e-02
3.596813976764678955e-02
3.388163447380065918e-02
4.177602753043174744e-02
1.261847168207168579e-01
1.225305441766977310e-02
2.413106337189674377e-02
8.123134262859821320e-03
2.392076514661312103e-02
2.408534847199916840e-02
4.943266510963439941e-02
2.441198739688843489e-04
1.556526571512222290e-01
4.657980054616928101e-02
1.579026505351066589e-02
1.637985467910766602e+00
1.269965469837188721e-01
1.239612251520156860e-01
3.714910149574279785e-02
2.577278390526771545e-02
2.829552104230970144e-04
3.522013500332832336e-02
7.926195859909057617e-02
6.667426973581314087e-02
4.692732915282249451e-02
2.368483096361160278e-01
1.494794804602861404e-02
2.695734798908233643e-02
1.073438953608274460e-02
2.619843743741512299e-02
2.632493712007999420e-02
9.160418808460235596e-02
2.016456419369205832e-04
1.454364657402038574e-01
4.739307239651679993e-02
1.579002477228641510e-02
1.702366113662719727e+00
1.301037967205047607e-01
1.356619000434875488e-01
6.359366327524185181e-02
1.888261921703815460e-02
2.185280609410256147e-04
8.176591247320175171e-02
1.360786557197570801e-01
1.493770331144332886e-01
6.318517774343490601e-02
5.225039124488830566e-01
2.924478612840175629e-02
3.146674484014511108e-02
3.824583813548088074e-02
3.258314728736877441e-02
3.188956528902053833e-02
3.656116425991058350e-01
1.962892274605110288e-04
1.423591822385787964e-01
4.563364386558532715e-02
1.776282489299774170e-02
1.702359318733215332e+00
8.292830735445022583e-02
8.312773704528808594e-02
5.427470803260803223e-02
7.645361870527267456e-02
2.891099429689347744e-04
6.910644471645355225e-02
9.271489828824996948e-02
1.059426888823509216e-01
6.277439743280410767e-02
2.651626169681549072e-01
3.170712664723396301e-02
3.941261023283004761e-02
3.800917416810989380e-02
3.498658537864685059e-02
3.500858321785926819e-02
8.942671120166778564e-02
2.355915930820629001e-04
1.618479043245315552e-01
4.826803877949714661e-02
1.776236854493618011e-02
1.702357649803161621e+00
6.397589296102523804e-02
6.145294010639190674e-02
3.959586098790168762e-02
6.621345132589340210e-02
4.413036513142287731e-04
6.811021268367767334e-02
6.359392404556274414e-02
5.892665684223175049e-02
6.061309948563575745e-02
1.517816334962844849e-01
2.120302990078926086e-02
4.099018871784210205e-02
1.803359016776084900e-02
4.051880910992622375e-02
4.097098484635353088e-02
4.276168718934059143e-02
2.536349638830870390e-04
2.213511765003204346e-01
4.631743952631950378e-02
1.776229590177536011e-02
1.702364444732666016e+00
3.621590137481689453e-02
3.735388070344924927e-02
2.287209592759609222e-02
6.324361264705657959e-02
4.231852653902024031e-04
7.601787149906158447e-02
2.371298894286155701e-02
2.493979223072528839e-02
5.871255695819854736e-02
1.046756356954574585e-01
8.074982091784477234e-03
3.441857546567916870e-02
9.441779926419258118e-03
3.425446152687072754e-02
3.430941700935363770e-02
2.808958664536476135e-02
2.484830329194664955e-04
2.152377367019653320e-01
4.465326666831970215e-02
1.776302047073841095e-02
1.702367186546325684e+00
3.407151997089385986e-02
3.112266212701797485e-02
1.859524473547935486e-02
2.854782342910766602e-02
3.312841581646353006e-04
8.169709146022796631e-02
2.318544499576091766e-02
2.826138399541378021e-02
6.926338374614715576e-02
1.172012016177177429e-01
7.393211126327514648e-03
3.869901224970817566e-02
8.614344522356987000e-03
4.271468147635459900e-02
4.166594147682189941e-02
8.307346701622009277e-02
2.781671064440160990e-04
2.685393393039703369e-01
4.709691181778907776e-02
2.763208374381065369e-02
1.895439386367797852e+00
2.849944494664669037e-02
2.673309668898582458e-02
1.462891697883605957e-02
1.842804253101348877e-02
3.572053392417728901e-04
9.647659212350845337e-02
5.420040339231491089e-02
5.450672656297683716e-02
7.383683323860168457e-02
1.513775438070297241e-01
1.330119185149669647e-02
5.246543884277343750e-02
7.373678497970104218e-03
5.485323444008827209e-02
5.178523063659667969e-02
1.058401614427566528e-01
2.468096499796956778e-04
1.873128712177276611e-01
4.756565392017364502e-02
1.144879534840583801e-01
2.195541143417358398e+00
2.657123468816280365e-02
2.872799336910247803e-02
1.496442127972841263e-02
2.829861082136631012e-02
2.368435962125658989e-04
1.110204085707664490e-01
4.080869629979133606e-02
4.817170277237892151e-02
8.111377805471420288e-02
1.130553409457206726e-01
1.430144440382719040e-02
5.393196269869804382e-02
7.810039911419153214e-03
5.377170071005821228e-02
5.418099835515022278e-02
8.195823431015014648e-02
2.559953427407890558e-04
2.021293938159942627e-01
4.608947411179542542e-02
1.144864782691001892e-01
2.195538759231567383e+00
2.713124454021453857e-02
2.569615840911865234e-02
1.544642727822065353e-02
4.018216952681541443e-02
2.264627692056819797e-04
1.281632632017135620e-01
5.814483016729354858e-02
6.344623118638992310e-02
8.746667206287384033e-02
1.384275853633880615e-01
2.168331854045391083e-02
6.278918683528900146e-02
8.057363331317901611e-03
6.255611777305603027e-02
6.282063573598861694e-02
1.081701591610908508e-01
2.915811492130160332e-04
2.201561033725738525e-01
4.611231759190559387e-02
1.144872158765792847e-01
2.195553779602050781e+00
2.827601134777069092e-02
2.528923377394676208e-02
1.463136915117502213e-02
5.099129676818847656e-02
2.405289997113868594e-04
1.421132087707519531e-01
7.215512543916702271e-02
8.392924815416336060e-02
1.560507565736770630e-01
1.246857270598411560e-01
2.618439495563507080e-02
1.155587807297706604e-01
8.670194074511528015e-03
1.126438975334167480e-01
1.132261082530021667e-01
1.261005401611328125e-01
4.345777851995080709e-04
3.210485577583312988e-01
5.435882136225700378e-02
1.144899204373359680e-01
2.195549488067626953e+00
2.789954841136932373e-02
2.547549270093441010e-02
1.479619741439819336e-02
6.606761366128921509e-02
2.777642803266644478e-04
1.674256622791290283e-01
1.262596249580383301e-01
1.320298463106155396e-01
2.506770491600036621e-01
1.250270158052444458e-01
3.891462460160255432e-02
1.615274548530578613e-01
7.877392694354057312e-03
1.563948392868041992e-01
1.567202359437942505e-01
1.918989866971969604e-01
5.607135244645178318e-04
4.207180142402648926e-01
6.848848611116409302e-02
1.144937425851821899e-01
2.195558786392211914e+00
2.963213622570037842e-02
2.787290886044502258e-02
1.906814053654670715e-02
6.800969690084457397e-02
3.020455769728869200e-04
1.921532303094863892e-01
1.318610161542892456e-01
1.516228765249252319e-01
2.012184262275695801e-01
1.058279797434806824e-01
4.667055234313011169e-02
1.397044807672500610e-01
9.169498458504676819e-03
1.402046531438827515e-01
1.405112445354461670e-01
2.127372920513153076e-01
5.908128805458545685e-04
5.061980485916137695e-01
5.755220726132392883e-02
1.144962087273597717e-01
2.195561647415161133e+00
3.102809749543666840e-02
2.815018594264984131e-02
1.645337976515293121e-02
8.635097742080688477e-02
2.934244112111628056e-04
2.124719619750976562e-01
1.705522835254669189e-01
1.893924921751022339e-01
2.781985700130462646e-01
1.017748713493347168e-01
6.078192219138145447e-02
2.333406060934066772e-01
1.073422562330961227e-02
2.326584756374359131e-01
2.353763282299041748e-01
2.747448086738586426e-01
6.127587403170764446e-04
4.778000116348266602e-01
5.261098220944404602e-02
1.144966632127761841e-01
2.195552825927734375e+00
3.253027424216270447e-02
2.969553880393505096e-02
1.648201048374176025e-02
1.190198138356208801e-01
3.536872100085020065e-04
2.433163970708847046e-01
2.115574628114700317e-01
2.425254434347152710e-01
3.185682892799377441e-01
1.336135864257812500e-01
7.991923391819000244e-02
2.376299798488616943e-01
1.196690928190946579e-02
2.377402484416961670e-01
2.385276556015014648e-01
2.917874753475189209e-01
6.127116503193974495e-04
4.850590527057647705e-01
8.114758878946304321e-02
1.144958660006523132e-01
2.195554733276367188e+00
6.309114396572113037e-02
5.509970337152481079e-02
3.677896037697792053e-02
1.122625246644020081e-01
3.966619842685759068e-04
2.755315005779266357e-01
2.706785798072814941e-01
2.992928028106689453e-01
3.595140278339385986e-01
1.315817534923553467e-01
9.412838518619537354e-02
2.510776519775390625e-01
1.222165394574403763e-02
2.557672262191772461e-01
2.569089829921722412e-01
2.995513975620269775e-01
6.492437678389251232e-04
4.788883626461029053e-01
5.958774685859680176e-02
1.144961267709732056e-01
2.195557355880737305e+00
8.622572571039199829e-02
8.592464029788970947e-02
5.182407051324844360e-02
1.262088567018508911e-01
4.141413664910942316e-04
2.697583734989166260e-01
1.828297376632690430e-01
2.174152135848999023e-01
3.792953789234161377e-01
2.157711684703826904e-01
7.786526530981063843e-02
2.287819236516952515e-01
1.548662781715393066e-02
2.337506115436553955e-01
2.356606423854827881e-01
2.916831076145172119e-01
6.617973558604717255e-04
4.904642999172210693e-01
6.606195122003555298e-02
1.144980490207672119e-01
2.195567607879638672e+00
8.818034827709197998e-02
7.903222739696502686e-02
5.017146468162536621e-02
1.319780945777893066e-01
3.850874782074242830e-04
2.780677378177642822e-01
2.207542359828948975e-01
2.483100444078445435e-01
4.263027608394622803e-01
2.014375478029251099e-01
8.550621569156646729e-02
2.732613980770111084e-01
1.474458724260330200e-02
2.745151817798614502e-01
2.766495048999786377e-01
3.176577687263488770e-01
7.051427965052425861e-04
5.867635607719421387e-01
5.957724899053573608e-02
1.144969612360000610e-01
2.195562124252319336e+00
7.290934026241302490e-02
7.577228546142578125e-02
3.990184515714645386e-02
1.180922612547874451e-01
4.477874899748712778e-04
2.762441039085388184e-01
2.289316803216934204e-01
2.690227031707763672e-01
4.360730648040771484e-01
2.272557467222213745e-01
9.451812505722045898e-02
3.463681638240814209e-01
1.481638103723526001e-02
3.192451000213623047e-01
3.208754658699035645e-01
3.122647702693939209e-01
6.935613346286118031e-04
5.317367315292358398e-01
5.788238719105720520e-02
1.144972294569015503e-01
2.195560932159423828e+00
4.487181827425956726e-02
4.661151394248008728e-02
2.067430689930915833e-02
1.048838272690773010e-01
4.856630694121122360e-04
2.683461606502532959e-01
2.645412385463714600e-01
2.946230471134185791e-01
5.331256985664367676e-01
2.103119343519210815e-01
1.141520887613296509e-01
3.928925991058349609e-01
1.533854193985462189e-02
3.691774606704711914e-01
3.711216449737548828e-01
3.135793209075927734e-01
7.185894646681845188e-04
5.822156071662902832e-01
6.641313433647155762e-02
1.144996583461761475e-01
2.195580720901489258e+00
2.482465654611587524e-02
2.437411062419414520e-02
2.011315338313579559e-02
1.441496461629867554e-01
5.332697764970362186e-04
2.952118813991546631e-01
2.769916951656341553e-01
3.139971792697906494e-01
5.665881633758544922e-01
1.992076635360717773e-01
1.290788352489471436e-01
4.278901517391204834e-01
1.730418950319290161e-02
4.249028265476226807e-01
4.274969995021820068e-01
3.598547875881195068e-01
7.329602958634495735e-04
6.292042732238769531e-01
6.873925775289535522e-02
1.144976392388343811e-01
2.195576190948486328e+00
6.196134537458419800e-02
6.116845458745956421e-02
5.206660553812980652e-02
1.512095928192138672e-01
5.172523669898509979e-04
2.920221388339996338e-01
3.331339955329895020e-01
3.685484230518341064e-01
5.577668547630310059e-01
1.615829169750213623e-01
1.561971604824066162e-01
4.067665338516235352e-01
2.143277972936630249e-02
4.124001562595367432e-01
4.125347733497619629e-01
4.339925348758697510e-01
7.347489590756595135e-04
6.072512865066528320e-01
7.051280885934829712e-02
1.144973337650299072e-01
2.195572137832641602e+00
6.557159125804901123e-02
6.701217591762542725e-02
5.659743025898933411e-02
1.770073920488357544e-01
5.924311699345707893e-04
3.337679803371429443e-01
3.685624599456787109e-01
3.972371518611907959e-01
6.086758375167846680e-01
2.038617134094238281e-01
1.737878471612930298e-01
4.661468863487243652e-01
2.540821209549903870e-02
4.748592972755432129e-01
4.771619141101837158e-01
5.309337377548217773e-01
7.728477357886731625e-04
6.061631441116333008e-01
7.190147042274475098e-02
1.144956424832344055e-01
2.195576190948486328e+00
3.562649339437484741e-02
3.748327493667602539e-02
3.755038604140281677e-02
2.031269967555999756e-01
6.714200717397034168e-04
3.561232089996337891e-01
4.456706643104553223e-01
4.860510528087615967e-01
6.593258380889892578e-01
1.717644631862640381e-01
2.101583927869796753e-01
4.916575849056243896e-01
3.221279755234718323e-02
5.010567903518676758e-01
4.974170327186584473e-01
6.239145994186401367e-01
7.245081942528486252e-04
5.807465910911560059e-01
8.351237326860427856e-02
1.144948601722717285e-01
2.195567131042480469e+00
3.250271826982498169e-02
3.562793880701065063e-02
3.475860878825187683e-02
2.335294038057327271e-01
6.390093476511538029e-04
3.513785004615783691e-01
4.397052228450775146e-01
4.886516332626342773e-01
6.338286399841308594e-01
1.544514000415802002e-01
2.159359753131866455e-01
5.022808909416198730e-01
3.028826974332332611e-02
5.149804353713989258e-01
5.168310999870300293e-01
6.396366953849792480e-01
7.386677898466587067e-04
5.713145136833190918e-01
8.702398836612701416e-02
1.144934594631195068e-01
2.187913656234741211e+00
3.315333649516105652e-02
3.328821063041687012e-02
2.944442257285118103e-02
2.863442599773406982e-01
6.181162898428738117e-04
3.657762408256530762e-01
4.456137716770172119e-01
4.661785364151000977e-01
6.590586304664611816e-01
1.807324141263961792e-01
2.009863108396530151e-01
5.358102917671203613e-01
2.505116537213325500e-02
5.415868163108825684e-01
5.440369844436645508e-01
6.317391395568847656e-01
7.655381923541426659e-04
5.897240638732910156e-01
1.015405505895614624e-01
1.144933924078941345e-01
2.188802957534790039e+00
3.423902392387390137e-02
3.419958800077438354e-02
2.564707025885581970e-02
3.186944127082824707e-01
7.146059651859104633e-04
3.444860577583312988e-01
3.924447000026702881e-01
4.419214129447937012e-01
6.883737444877624512e-01
3.130640983581542969e-01
1.968986392021179199e-01
5.791878700256347656e-01
2.469774708151817322e-02
5.835845470428466797e-01
5.867956876754760742e-01
5.711098313331604004e-01
7.715179235674440861e-04
5.984021425247192383e-01
1.111013889312744141e-01
1.144949942827224731e-01
2.191169738769531250e+00
3.171291574835777283e-02
3.300442546606063843e-02
2.596282400190830231e-02
2.731827795505523682e-01
6.732454057782888412e-04
3.877821862697601318e-01
4.281794130802154541e-01
4.839566648006439209e-01
7.093439698219299316e-01
2.885647714138031006e-01
2.146623432636260986e-01
6.004273295402526855e-01
2.486380189657211304e-02
6.046742796897888184e-01
6.078436374664306641e-01
5.771041512489318848e-01
7.762737805023789406e-04
5.910629630088806152e-01
1.055417284369468689e-01
1.144943088293075562e-01
2.188841581344604492e+00
3.109458275139331818e-02
3.070764616131782532e-02
2.485621906816959381e-02
2.405195236206054688e-01
6.989597459323704243e-04
3.945944607257843018e-01
4.660820364952087402e-01
4.966217577457427979e-01
6.935155391693115234e-01
2.491247057914733887e-01
2.219823002815246582e-01
5.681847333908081055e-01
2.547988668084144592e-02
5.907360911369323730e-01
5.927201509475708008e-01
6.255942583084106445e-01
7.980242371559143066e-04
6.152739524841308594e-01
1.131358295679092407e-01
1.164642497897148132e-01
2.287846803665161133e+00
3.054672479629516602e-02
3.191477805376052856e-02
2.609903551638126373e-02
2.783339917659759521e-01
7.130982703529298306e-04
4.034305810928344727e-01
5.137171745300292969e-01
5.431046485900878906e-01
7.244437336921691895e-01
2.104986310005187988e-01
2.406134307384490967e-01
6.238319873809814453e-01
2.445095404982566833e-02
6.285176277160644531e-01
6.312697529792785645e-01
7.047514915466308594e-01
8.108048932626843452e-04
6.482173800468444824e-01
1.508501619100570679e-01
1.184419095516204834e-01
2.394862890243530273e+00
3.172661736607551575e-02
3.266535326838493347e-02
2.861350402235984802e-02
2.922551631927490234e-01
7.038222975097596645e-04
4.344696402549743652e-01
5.341811180114746094e-01
6.263902187347412109e-01
7.009276151657104492e-01
1.475964784622192383e-01
2.563999593257904053e-01
6.331046223640441895e-01
2.366605773568153381e-02
6.379179954528808594e-01
6.394236683845520020e-01
7.595207691192626953e-01
8.324655354954302311e-04
6.342440843582153320e-01
1.198593080043792725e-01
1.223858743906021118e-01
2.631344079971313477e+00
3.150010108947753906e-02
3.120461851358413696e-02
2.647225558757781982e-02
3.221918344497680664e-01
7.814493728801608086e-04
4.452697336673736572e-01
5.810419917106628418e-01
6.463729739189147949e-01
7.424881458282470703e-01
1.518073827028274536e-01
2.749202847480773926e-01
6.653138399124145508e-01
2.387646585702896118e-02
6.633902788162231445e-01
6.662549376487731934e-01
7.705963850021362305e-01
8.488754974678158760e-04
6.436106562614440918e-01
1.146563887596130371e-01
1.381750404834747314e-01
2.803546667098999023e+00
3.033892810344696045e-02
3.053866140544414520e-02
2.481302246451377869e-02
3.699186742305755615e-01
8.160126744769513607e-04
4.829465746879577637e-01
5.693820714950561523e-01
6.320664286613464355e-01
7.412413954734802246e-01
1.680750399827957153e-01
2.692961394786834717e-01
6.457822322845458984e-01
2.432142198085784912e-02
6.533370614051818848e-01
6.565482020378112793e-01
7.470144033432006836e-01
8.679298334755003452e-04
6.456390619277954102e-01
1.251939088106155396e-01
5.053449869155883789e-01
3.379284143447875977e+00
3.116149269044399261e-02
3.204493969678878784e-02
2.801319584250450134e-02
3.990243673324584961e-01
9.910297812893986702e-04
5.709253549575805664e-01
5.687872767448425293e-01
6.308070421218872070e-01
7.781486511230468750e-01
2.802284657955169678e-01
2.698151767253875732e-01
6.766289472579956055e-01
2.753186225891113281e-02
6.873627305030822754e-01
6.820552349090576172e-01
7.124677300453186035e-01
8.803670061752200127e-04
6.456888914108276367e-01
1.408700495958328247e-01
5.092909932136535645e-01
3.573681116104125977e+00
3.265105932950973511e-02
3.315451741218566895e-02
2.766543254256248474e-02
4.049370288848876953e-01
9.643053053878247738e-04
6.484767198562622070e-01
6.150218248367309570e-01
7.024486660957336426e-01
6.049767136573791504e-01
1.136149466037750244e-01
2.772871553897857666e-01
5.743374824523925781e-01
2.296874672174453735e-02
5.849952697753906250e-01
5.853968262672424316e-01
8.349477052688598633e-01
8.818830247037112713e-04
6.921078562736511230e-01
1.425080746412277222e-01
5.002144575119018555e-01
2.623086214065551758e+00
3.513336926698684692e-02
3.481083363294601440e-02
2.980949729681015015e-02
4.526421725749969482e-01
1.008084276691079140e-03
6.177865266799926758e-01
5.949897766113281250e-01
6.730040907859802246e-01
7.704749107360839844e-01
9.412249177694320679e-02
2.808163464069366455e-01
6.536932587623596191e-01
2.658865600824356079e-02
6.652787923812866211e-01
6.674529910087585449e-01
8.249878883361816406e-01
9.011531947180628777e-04
7.045194506645202637e-01
1.531492620706558228e-01
5.012720227241516113e-01
2.683965682983398438e+00
3.244110941886901855e-02
3.222983703017234802e-02
2.829905413091182709e-02
4.490692019462585449e-01
1.011336571536958218e-03
7.195624113082885742e-01
6.019633412361145020e-01
6.363123655319213867e-01
7.506542801856994629e-01
9.825964272022247314e-02
2.832650840282440186e-01
6.795113682746887207e-01
2.743079513311386108e-02
6.708210706710815430e-01
6.808861494064331055e-01
8.281484246253967285e-01
9.237470221705734730e-04
7.528403401374816895e-01
1.512660533189773560e-01
4.947364926338195801e-01
2.803989887237548828e+00
3.325171023607254028e-02
3.362008556723594666e-02
2.988533489406108856e-02
4.578911066055297852e-01
1.003865152597427368e-03
6.414781212806701660e-01
5.770548582077026367e-01
6.482412815093994141e-01
7.471370697021484375e-01
1.128654628992080688e-01
2.748790681362152100e-01
6.875556111335754395e-01
2.558473683893680573e-02
6.758638024330139160e-01
6.764775514602661133e-01
8.294270634651184082e-01
9.564158390276134014e-04
7.578776478767395020e-01
1.599056124687194824e-01
4.992161691188812256e-01
2.700709819793701172e+00
3.670980408787727356e-02
3.581655025482177734e-02
3.158108517527580261e-02
4.356416463851928711e-01
1.013703411445021629e-03
6.839891672134399414e-01
5.862196087837219238e-01
6.673220396041870117e-01
9.228997230529785156e-01
1.369815617799758911e-01
2.756588757038116455e-01
8.012238740921020508e-01
2.505984716117382050e-02
7.894091606140136719e-01
7.906129956245422363e-01
8.393629193305969238e-01
1.006939914077520370e-03
7.710283994674682617e-01
1.701140850782394409e-01
4.977545142173767090e-01
2.702877521514892578e+00
3.580530360341072083e-02
3.511137515306472778e-02
2.912975475192070007e-02
3.988202810287475586e-01
1.016290043480694294e-03
6.823009848594665527e-01
6.302544474601745605e-01
7.097533345222473145e-01
9.560465216636657715e-01
1.576209515333175659e-01
2.858758270740509033e-01
8.442769050598144531e-01
2.890451811254024506e-02
8.133422136306762695e-01
8.161196112632751465e-01
9.034007787704467773e-01
9.765712311491370201e-04
7.935387492179870605e-01
1.571115851402282715e-01
4.965811371803283691e-01
2.816016674041748047e+00
3.467020392417907715e-02
3.498616069555282593e-02
2.972941473126411438e-02
4.172454476356506348e-01
1.079673180356621742e-03
1.049703121185302734e+00
6.695032715797424316e-01
7.729441523551940918e-01
9.526317119598388672e-01
1.361079216003417969e-01
3.012822568416595459e-01
8.070879578590393066e-01
2.819416113197803497e-02
8.261536955833435059e-01
8.198214769363403320e-01
9.682497978210449219e-01
9.874587412923574448e-04
8.889378309249877930e-01
9.209872782230377197e-02
4.964523911476135254e-01
2.754153013229370117e+00
3.537764400243759155e-02
3.484207764267921448e-02
2.868474088609218597e-02
4.573341012001037598e-01
9.414959931746125221e-04
8.970160484313964844e-01
6.523672342300415039e-01
7.530542612075805664e-01
9.318693876266479492e-01
1.522326320409774780e-01
3.013209402561187744e-01
8.769371509552001953e-01
2.621862478554248810e-02
8.747426271438598633e-01
8.764626383781433105e-01
9.464560151100158691e-01
1.038571004755795002e-03
8.270254731178283691e-01
1.255485862493515015e-01
5.017581582069396973e-01
2.883280515670776367e+00
3.779672831296920776e-02
3.613284602761268616e-02
3.151541575789451599e-02
5.155835151672363281e-01
1.100323512218892574e-03
7.632080912590026855e-01
6.723120212554931641e-01
7.636961340904235840e-01
1.012859940528869629e+00
1.344474703073501587e-01
3.055483400821685791e-01
9.185402393341064453e-01
2.719528414309024811e-02
9.193913340568542480e-01
9.204418659210205078e-01
9.781861901283264160e-01
1.092670951038599014e-03
9.374053478240966797e-01
1.231451928615570068e-01
5.029532313346862793e-01
2.936974763870239258e+00
4.961139708757400513e-02
4.776746779680252075e-02
4.090739414095878601e-02
5.075557827949523926e-01
1.155022764578461647e-03
8.257598876953125000e-01
7.265939712524414062e-01
7.872759699821472168e-01
1.113161325454711914e+00
1.324023157358169556e-01
3.117159903049468994e-01
1.014975309371948242e+00
3.014236316084861755e-02
1.019672989845275879e+00
1.020902037620544434e+00
1.080784916877746582e+00
1.052246312610805035e-03
9.007172584533691406e-01
1.350282579660415649e-01
5.026999115943908691e-01
3.089780569076538086e+00
5.485426262021064758e-02
5.394440516829490662e-02
4.657155275344848633e-02
6.243224143981933594e-01
1.239859382621943951e-03
8.824003934860229492e-01
7.306389808654785156e-01
8.345280885696411133e-01
1.196889042854309082e+00
1.467301994562149048e-01
3.273269236087799072e-01
9.653801918029785156e-01
3.252953290939331055e-02
1.004720449447631836e+00
9.756293296813964844e-01
1.163907766342163086e+00
1.196056720800697803e-03
1.069618940353393555e+00
1.091775298118591309e-01
5.010701417922973633e-01
2.952129602432250977e+00
6.537371873855590820e-02
6.862737238407135010e-02
5.636438727378845215e-02
5.662085413932800293e-01
1.072176732122898102e-03
9.731156229972839355e-01
7.979294657707214355e-01
9.072690606117248535e-01
1.188680291175842285e+00
1.653309166431427002e-01
3.520503044128417969e-01
1.037057876586914062e+00
3.738589212298393250e-02
1.031713962554931641e+00
1.048944473266601562e+00
1.232292056083679199e+00
1.147789647802710533e-03
1.021404266357421875e+00
1.054630726575851440e-01
5.321108698844909668e-01
3.171827077865600586e+00
6.490352004766464233e-02
6.433278322219848633e-02
5.213441327214241028e-02
5.985184907913208008e-01
1.573436195030808449e-03
9.861472249031066895e-01
7.771746516227722168e-01
8.983643651008605957e-01
1.061824321746826172e+00
1.917566061019897461e-01
3.534578979015350342e-01
9.198161363601684570e-01
4.127243533730506897e-02
9.361329078674316406e-01
9.393925666809082031e-01
1.223674178123474121e+00
1.159137696959078312e-03
1.080590844154357910e+00
9.941614419221878052e-02
5.940324068069458008e-01
3.650856018066406250e+00
2.589375711977481842e-02
2.442181669175624847e-02
2.012628689408302307e-02
5.369970202445983887e-01
1.923904404975473881e-03
1.018142104148864746e+00
6.660298109054565430e-01
7.855536937713623047e-01
9.157279133796691895e-01
1.728769093751907349e-01
3.179686367511749268e-01
8.595235943794250488e-01
3.604898601770401001e-02
8.795298337936401367e-01
8.813171386718750000e-01
1.200884461402893066e+00
1.239797333255410194e-03
1.128910183906555176e+00
9.743188321590423584e-02
5.919272303581237793e-01
3.995501518249511719e+00
9.077366441488265991e-02
8.574140071868896484e-02
3.937068209052085876e-02
4.372876882553100586e-01
1.830516499467194080e-03
1.047958374023437500e+00
5.855911970138549805e-01
6.476321220397949219e-01
8.308814167976379395e-01
1.757505238056182861e-01
2.862827777862548828e-01
8.178867101669311523e-01
3.497197479009628296e-02
8.411348462104797363e-01
8.418090343475341797e-01
1.079181075096130371e+00
1.071069389581680298e-03
9.418168663978576660e-01
1.064761951565742493e-01
6.005991697311401367e-01
4.186729907989501953e+00
1.204843968152999878e-01
1.413159072399139404e-01
4.253465682268142700e-02
3.667877018451690674e-01
1.466088462620973587e-03
1.149667143821716309e+00
5.539620518684387207e-01
6.626315116882324219e-01
7.526984810829162598e-01
2.645961046218872070e-01
2.595731317996978760e-01
7.694020271301269531e-01
3.419956564903259277e-02
7.912211418151855469e-01
7.925018072128295898e-01
9.828124046325683594e-01
1.036353642120957375e-03
9.180970788002014160e-01
1.109696328639984131e-01
6.251449584960937500e-01
4.506970882415771484e+00
1.340551674365997314e-01
1.421958357095718384e-01
7.515046745538711548e-02
3.773658275604248047e-01
1.260878751054406166e-03
9.973978400230407715e-01
6.137163639068603516e-01
7.495986223220825195e-01
7.951262593269348145e-01
1.517754793167114258e-01
2.961099743843078613e-01
8.062836527824401855e-01
3.522051870822906494e-02
8.277145624160766602e-01
8.299184441566467285e-01
1.059920430183410645e+00
1.017776667140424252e-03
9.030423164367675781e-01
1.160181835293769836e-01
6.410208940505981445e-01
4.821033477783203125e+00
6.529400497674942017e-02
6.325823813676834106e-02
4.270819202065467834e-02
4.103907644748687744e-01
1.079877605661749840e-03
1.183213591575622559e+00
5.477505922317504883e-01
6.892818212509155273e-01
6.988791823387145996e-01
1.684296727180480957e-01
2.827748358249664307e-01
7.471483945846557617e-01
3.306261077523231506e-02
7.704454064369201660e-01
7.713001966476440430e-01
1.050446510314941406e+00
1.084527233615517616e-03
9.760020375251770020e-01
1.141148954629898071e-01
6.494672894477844238e-01
5.441979885101318359e+00
5.800091102719306946e-02
6.065762788057327271e-02
2.571807615458965302e-02
3.788319230079650879e-01
1.016967464238405228e-03
1.091685295104980469e+00
6.376839876174926758e-01
7.380190491676330566e-01
7.268097996711730957e-01
1.503165811300277710e-01
3.028276562690734863e-01
7.415029406547546387e-01
3.537306934595108032e-02
7.543644309043884277e-01
7.595305442810058594e-01
1.119904994964599609e+00
1.139433239586651325e-03
9.496169090270996094e-01
1.183504164218902588e-01
6.494722962379455566e-01
5.522239208221435547e+00
3.397409245371818542e-02
3.179831802845001221e-02
3.622130677103996277e-02
3.423281311988830566e-01
1.143951318226754665e-03
1.092093467712402344e+00
7.263979911804199219e-01
8.463966846466064453e-01
7.517398595809936523e-01
1.775390803813934326e-01
3.316013514995574951e-01
7.690051794052124023e-01
3.925732150673866272e-02
7.951927185058593750e-01
7.840298414230346680e-01
1.170697927474975586e+00
1.209826092235743999e-03
1.006109476089477539e+00
1.068637594580650330e-01
6.494631767272949219e-01
5.553594589233398438e+00
3.268001601099967957e-02
2.976962551474571228e-02
1.856401376426219940e-02
4.527128636837005615e-01
1.158354687504470348e-03
8.911536931991577148e-01
7.486577033996582031e-01
8.906622529029846191e-01
8.042085766792297363e-01
1.658726483583450317e-01
3.551997840404510498e-01
8.225848078727722168e-01
4.179466888308525085e-02
8.400731086730957031e-01
8.433861732482910156e-01
1.241833686828613281e+00
1.155233592726290226e-03
1.050965309143066406e+00
1.063178703188896179e-01
6.494683027267456055e-01
5.553601264953613281e+00
2.529520727694034576e-02
2.281371690332889557e-02
1.914625801146030426e-02
5.122710466384887695e-01
1.218665158376097679e-03
8.444172143936157227e-01
7.627298235893249512e-01
9.180541038513183594e-01
8.175075054168701172e-01
1.771647334098815918e-01
3.538444638252258301e-01
8.366154432296752930e-01
4.196644574403762817e-02
8.601202368736267090e-01
8.521775603294372559e-01
1.213997602462768555e+00
1.252618967555463314e-03
1.031803011894226074e+00
1.397920846939086914e-01
6.474103927612304688e-01
5.104615211486816406e+00
2.257428504526615143e-02
1.970031857490539551e-02
1.558738667517900467e-02
5.100930333137512207e-01
1.198844169266521931e-03
5.597135424613952637e-01
9.389306902885437012e-01
1.039150357246398926e+00
8.038021326065063477e-01
3.133267760276794434e-01
4.145267903804779053e-01
8.091762065887451172e-01
6.431297957897186279e-02
7.787753343582153320e-01
7.817038297653198242e-01
1.321574568748474121e+00
1.147648436017334461e-03
1.085188269615173340e+00
1.034061685204505920e-01
6.413364410400390625e-01
4.602835655212402344e+00
2.190303429961204529e-02
2.024559676647186279e-02
1.644355058670043945e-02
6.053442358970642090e-01
1.653199084103107452e-03
4.308639168739318848e-01
8.005849123001098633e-01
9.359605908393859863e-01
7.233784198760986328e-01
2.931695878505706787e-01
3.729698657989501953e-01
7.745144367218017578e-01
5.209095776081085205e-02
7.661008238792419434e-01
7.913196086883544922e-01
1.213542938232421875e+00
1.108868629671633244e-03
1.052738189697265625e+00
1.184012517333030701e-01
6.422956585884094238e-01
4.502837181091308594e+00
2.517686225473880768e-02
2.380307391285896301e-02
1.315661519765853882e-02
5.783579945564270020e-01
1.287420629523694515e-03
2.793799042701721191e-01
7.754659056663513184e-01
8.531126379966735840e-01
6.854121088981628418e-01
2.634907066822052002e-01
3.484834134578704834e-01
6.905809640884399414e-01
5.359753966331481934e-02
7.175255417823791504e-01
7.160908579826354980e-01
1.058193802833557129e+00
1.280880416743457317e-03
1.103575706481933594e+00
1.193768605589866638e-01
6.416140198707580566e-01
4.686832427978515625e+00
2.365004643797874451e-02
1.759757101535797119e-02
1.742035709321498871e-02
5.967547893524169922e-01
1.815687865018844604e-03
2.615526020526885986e-01
7.881429791450500488e-01
7.721152305603027344e-01
7.015851736068725586e-01
1.914988011121749878e-01
3.477145731449127197e-01
7.137563228607177734e-01
4.899290576577186584e-02
7.108613252639770508e-01
7.133721113204956055e-01
8.331855535507202148e-01
1.134936115704476833e-03
9.897745251655578613e-01
1.126861572265625000e-01
6.441109776496887207e-01
4.662296772003173828e+00
2.399103902280330658e-02
2.331023290753364563e-02
2.072194218635559082e-02
6.394251585006713867e-01
1.307043596170842648e-03
2.691586911678314209e-01
6.963664293289184570e-01
7.277337908744812012e-01
7.024961113929748535e-01
2.808209061622619629e-01
3.276789188385009766e-01
7.185456156730651855e-01
5.097199231386184692e-02
7.204908728599548340e-01
7.374825477600097656e-01
8.023890256881713867e-01
1.109490869566798210e-03
9.410865306854248047e-01
1.293777674436569214e-01
6.385553479194641113e-01
4.507787227630615234e+00
2.664661407470703125e-02
2.319132909178733826e-02
1.560425199568271637e-02
5.576539039611816406e-01
1.630556420423090458e-03
3.848107755184173584e-01
6.225560903549194336e-01
7.155543565750122070e-01
6.540185213088989258e-01
2.225460261106491089e-01
2.960578501224517822e-01
6.834979057312011719e-01
5.197007209062576294e-02
6.564785838127136230e-01
6.539332270622253418e-01
3.851157128810882568e-01
1.078098663128912449e-03
9.328595995903015137e-01
1.345100104808807373e-01
6.440749764442443848e-01
4.541826725006103516e+00
3.475638106465339661e-02
3.895174711942672729e-02
1.735046505928039551e-02
5.662317872047424316e-01
1.179144717752933502e-03
4.160380661487579346e-01
7.208896875381469727e-01
7.736576795578002930e-01
5.241736769676208496e-01
2.247747033834457397e-01
2.797192931175231934e-01
5.207508802413940430e-01
5.419588088989257812e-02
5.284939408302307129e-01
5.265830755233764648e-01
5.350706577301025391e-01
1.044390024617314339e-03
9.459540247917175293e-01
1.450254470109939575e-01
6.334365010261535645e-01
4.437688350677490234e+00
6.579400599002838135e-02
5.867636203765869141e-02
4.150397330522537231e-02
4.032177627086639404e-01
1.845180289819836617e-03
2.817831039428710938e-01
4.950106441974639893e-01
5.049490928649902344e-01
2.779627442359924316e-01
2.477234452962875366e-01
2.461399585008621216e-01
3.519589900970458984e-01
6.525024026632308960e-02
3.529421687126159668e-01
3.526268601417541504e-01
5.328449010848999023e-01
1.086552860215306282e-03
9.051442742347717285e-01
1.484884321689605713e-01
5.313395261764526367e-01
4.253482341766357422e+00
8.372603356838226318e-02
7.773514837026596069e-02
5.929882079362869263e-02
2.769547104835510254e-01
1.467386842705309391e-03
4.216877222061157227e-01
3.065878152847290039e-01
3.579450845718383789e-01
2.652656137943267822e-01
2.394016981124877930e-01
1.758014410734176636e-01
3.703919947147369385e-01
4.894890263676643372e-02
3.317448198795318604e-01
3.052825331687927246e-01
3.957665860652923584e-01
1.151017262600362301e-03
9.738413691520690918e-01
1.319974958896636963e-01
5.272644758224487305e-01
4.206517696380615234e+00
1.010118424892425537e-01
9.012256562709808350e-02
6.275887787342071533e-02
2.455874830484390259e-01
7.683714502491056919e-04
3.134922981262207031e-01
2.250159829854965210e-01
2.344884425401687622e-01
2.772731184959411621e-01
2.000571191310882568e-01
1.327522099018096924e-01
3.010057806968688965e-01
3.771211579442024231e-02
3.052276968955993652e-01
2.780926525592803955e-01
3.061048984527587891e-01
1.272314810194075108e-03
1.155537128448486328e+00
1.319659352302551270e-01
5.381306409835815430e-01
4.318265438079833984e+00
6.785594671964645386e-02
6.189398095011711121e-02
4.403495043516159058e-02
2.265048772096633911e-01
6.665629916824400425e-04
2.568071782588958740e-01
2.354561537504196167e-01
2.565867900848388672e-01
2.386644482612609863e-01
2.067655324935913086e-01
1.348084807395935059e-01
2.596930861473083496e-01
4.047755897045135498e-02
3.026124835014343262e-01
3.015219271183013916e-01
2.932766079902648926e-01
1.618962967768311501e-03
1.286787509918212891e+00
1.254186630249023438e-01
5.338600873947143555e-01
4.436385631561279297e+00
3.434507548809051514e-02
3.057846240699291229e-02
2.679895795881748199e-02
2.295861691236495972e-01
5.836713244207203388e-04
4.270280301570892334e-01
2.395768165588378906e-01
2.489585876464843750e-01
2.125110328197479248e-01
2.159729003906250000e-01
1.315593272447586060e-01
2.407059967517852783e-01
3.944400325417518616e-02
2.417844831943511963e-01
2.419858425855636597e-01
3.087868690490722656e-01
1.793184084817767143e-03
1.356673121452331543e+00
1.364734470844268799e-01
5.281542539596557617e-01
4.416903018951416016e+00
2.466147765517234802e-02
2.189473435282707214e-02
3.094343841075897217e-02
2.237766087055206299e-01
5.001750541850924492e-04
3.639858365058898926e-01
2.183405309915542603e-01
2.385340631008148193e-01
1.739396750926971436e-01
2.131203860044479370e-01
1.365188509225845337e-01
2.077570259571075439e-01
3.937131538987159729e-02
2.073463946580886841e-01
2.067258059978485107e-01
3.029211163520812988e-01
1.769409980624914169e-03
1.124432563781738281e+00
1.676734685897827148e-01
5.280897021293640137e-01
4.466289520263671875e+00
5.342432484030723572e-02
5.138450488448143005e-02
6.118008494377136230e-02
2.130865752696990967e-01
5.904144491069018841e-04
3.275131583213806152e-01
2.101561278104782104e-01
2.069865167140960693e-01
1.689384579658508301e-01
2.191719263792037964e-01
1.166407242417335510e-01
2.000193893909454346e-01
4.094196110963821411e-02
2.074557691812515259e-01
2.077297270298004150e-01
2.456257641315460205e-01
1.486952765844762325e-03
1.294484972953796387e+00
1.868315637111663818e-01
5.385187268257141113e-01
4.463898658752441406e+00
5.496377125382423401e-02
5.164713039994239807e-02
6.011487916111946106e-02
2.025599777698516846e-01
5.174688994884490967e-04
3.988765478134155273e-01
1.843806952238082886e-01
2.056668549776077271e-01
1.085720285773277283e-01
2.196700721979141235e-01
1.070969253778457642e-01
1.289192140102386475e-01
3.957255557179450989e-02
1.231239959597587585e-01
1.232994049787521362e-01
2.212904095649719238e-01
1.611800049431622028e-03
1.262310743331909180e+00
1.887190937995910645e-01
5.359038114547729492e-01
4.338109493255615234e+00
2.861285582184791565e-02
2.703467197716236115e-02
3.539177775382995605e-02
1.773181557655334473e-01
5.145659088157117367e-04
3.932397067546844482e-01
1.738291978836059570e-01
1.798916161060333252e-01
1.051134169101715088e-01
2.115463018417358398e-01
9.919679909944534302e-02
1.431959718465805054e-01
3.803878277540206909e-02
1.409577876329421997e-01
1.413733661174774170e-01
1.773099750280380249e-01
1.839462318457663059e-03
1.311289429664611816e+00
1.882177144289016724e-01
5.259582400321960449e-01
4.420459747314453125e+00
2.762948349118232727e-02
2.496273256838321686e-02
3.450338542461395264e-02
1.595125943422317505e-01
6.180134951137006283e-04
3.535292446613311768e-01
1.499923765659332275e-01
1.582947075366973877e-01
1.050939112901687622e-01
2.209224253892898560e-01
1.067245677113533020e-01
1.148639842867851257e-01
3.881196677684783936e-02
1.155194416642189026e-01
1.162175238132476807e-01
1.377947479486465454e-01
1.886691316030919552e-03
1.267942667007446289e+00
1.878564059734344482e-01
5.249897241592407227e-01
4.539049625396728516e+00
5.746652930974960327e-02
4.701428487896919250e-02
7.022643089294433594e-02
1.329134106636047363e-01
5.965392338111996651e-04
3.548985123634338379e-01
2.174853384494781494e-01
1.389404684305191040e-01
1.110325455665588379e-01
2.144421637058258057e-01
9.920319169759750366e-02
1.262138634920120239e-01
3.379425406455993652e-02
1.197517365217208862e-01
1.198885813355445862e-01
1.399204134941101074e-01
2.873327350243926048e-03
1.531383156776428223e+00
1.800071001052856445e-01
5.298241376876831055e-01
4.454953193664550781e+00
4.947156086564064026e-02
4.136079922318458557e-02
3.686929494142532349e-02
1.232216954231262207e-01
5.216549034230411053e-04
3.256917595863342285e-01
2.306508272886276245e-01
1.790888160467147827e-01
2.402860820293426514e-01
3.060665726661682129e-01
1.326551288366317749e-01
2.388411909341812134e-01
5.238283798098564148e-02
2.362603694200515747e-01
2.361751794815063477e-01
1.527030169963836670e-01
2.653582720085978508e-03
1.501867413520812988e+00
1.915458291769027710e-01
5.287469625473022461e-01
4.529091358184814453e+00
3.011622838675975800e-02
3.325957059860229492e-02
3.388155624270439148e-02
1.224557980895042419e-01
4.403071943670511246e-04
2.990621030330657959e-01
2.245701104402542114e-01
2.134024798870086670e-01
1.841794252395629883e-01
2.625235915184020996e-01
1.288673281669616699e-01
2.612349987030029297e-01
6.059246510267257690e-02
2.653872966766357422e-01
2.658972144126892090e-01
1.727558523416519165e-01
2.772356849163770676e-03
1.012585282325744629e+00
1.945275366306304932e-01
5.217800736427307129e-01
4.382905960083007812e+00
3.273480385541915894e-02
2.999113313853740692e-02
4.089441895484924316e-02
1.245710626244544983e-01
4.303721361793577671e-04
2.979214191436767578e-01
2.791718840599060059e-01
2.485044747591018677e-01
2.106466740369796753e-01
4.949148297309875488e-01
1.452065706253051758e-01
1.894194334745407104e-01
1.093724444508552551e-01
2.214953601360321045e-01
2.211411297321319580e-01
1.772948056459426880e-01
1.594325411133468151e-03
1.480883836746215820e+00
1.929539740085601807e-01
5.247598290443420410e-01
4.438861370086669922e+00
2.862078882753849030e-02
2.412848174571990967e-02
3.983502089977264404e-02
1.444940418004989624e-01
4.399987519718706608e-04
3.197478652000427246e-01
3.083688616752624512e-01
2.784708738327026367e-01
2.009189873933792114e-01
3.894876837730407715e-01
1.482017189264297485e-01
1.819621771574020386e-01
9.649051725864410400e-02
1.829215288162231445e-01
1.833073794841766357e-01
1.921461224555969238e-01
1.657739980146288872e-03
1.489802360534667969e+00
1.832705736160278320e-01
5.246205329895019531e-01
4.451636314392089844e+00
2.142829261720180511e-02
1.902475021779537201e-02
2.349895797669887543e-02
1.395408958196640015e-01
6.441392470151185989e-04
4.653133153915405273e-01
3.095934391021728516e-01
2.936476469039916992e-01
2.289577424526214600e-01
2.722888290882110596e-01
1.426611393690109253e-01
2.129607945680618286e-01
7.684162259101867676e-02
2.025029361248016357e-01
2.027862370014190674e-01
2.043000012636184692e-01
1.662581460550427437e-03
1.302072525024414062e+00
1.812785714864730835e-01
5.259348154067993164e-01
4.632445335388183594e+00
1.852127537131309509e-02
1.626181229948997498e-02
2.879857458174228668e-02
1.383280307054519653e-01
5.639017908833920956e-04
3.773470520973205566e-01
2.650921046733856201e-01
2.301324456930160522e-01
2.231878042221069336e-01
2.928556799888610840e-01
1.273228675127029419e-01
1.901841014623641968e-01
6.607510149478912354e-02
2.143017500638961792e-01
2.146408706903457642e-01
2.045633643865585327e-01
1.150915166363120079e-03
8.057054877281188965e-01
1.775336563587188721e-01
5.507591962814331055e-01
4.991291046142578125e+00
2.011910267174243927e-02
1.758267544209957123e-02
3.017382696270942688e-02
1.261310428380966187e-01
5.782430525869131088e-04
3.038577437400817871e-01
3.147662580013275146e-01
2.558676898479461670e-01
2.754890918731689453e-01
3.483470678329467773e-01
1.470107436180114746e-01
2.330014109611511230e-01
8.067234605550765991e-02
2.287189662456512451e-01
2.295061051845550537e-01
2.350336313247680664e-01
8.097780519165098667e-04
6.851378083229064941e-01
1.782967448234558105e-01
5.704987645149230957e-01
5.354201316833496094e+00
1.913802325725555420e-02
1.733577810227870941e-02
2.195118926465511322e-02
1.325221955776214600e-01
6.055073463357985020e-04
3.988608419895172119e-01
3.553474545478820801e-01
3.154545128345489502e-01
3.235328197479248047e-01
3.450082242488861084e-01
1.682429164648056030e-01
2.808825373649597168e-01
8.641225844621658325e-02
2.715192139148712158e-01
2.730295956134796143e-01
2.881858050823211670e-01
1.215451513417065144e-03
7.758557200431823730e-01
1.765440553426742554e-01
6.020815968513488770e-01
5.694596290588378906e+00
1.895211637020111084e-02
1.797676458954811096e-02
2.337830699980258942e-02
1.473071873188018799e-01
6.273738690651953220e-04
4.266715645790100098e-01
4.159954190254211426e-01
3.764740228652954102e-01
3.366835117340087891e-01
2.479446679353713989e-01
1.995754539966583252e-01
3.349577784538269043e-01
8.020285516977310181e-02
3.170229792594909668e-01
3.180610239505767822e-01
3.232929408550262451e-01
1.295819878578186035e-03
9.700346589088439941e-01
1.766932308673858643e-01
6.178752183914184570e-01
6.247040748596191406e+00
1.872297748923301697e-02
1.720249094069004059e-02
2.249536849558353424e-02
1.716726422309875488e-01
6.941345636732876301e-04
2.935064435005187988e-01
4.112540185451507568e-01
3.790127933025360107e-01
4.327870905399322510e-01
1.862222850322723389e-01
1.977959871292114258e-01
4.534651339054107666e-01
6.853130459785461426e-02
3.254252374172210693e-01
3.271137773990631104e-01
3.251105844974517822e-01
8.459775708615779877e-04
6.590634584426879883e-01
1.803404688835144043e-01
6.218252182006835938e-01
6.519040107727050781e+00
1.987937279045581818e-02
1.814002916216850281e-02
2.635757066309452057e-02
1.795881837606430054e-01
6.139581673778593540e-04
3.767577111721038818e-01
4.371841847896575928e-01
3.964294791221618652e-01
5.706181526184082031e-01
2.901992797851562500e-01
2.108598202466964722e-01
5.093174576759338379e-01
6.819102913141250610e-02
5.839173793792724609e-01
5.229580998420715332e-01
3.511105775833129883e-01
7.294670795090496540e-04
6.872601509094238281e-01
1.814706623554229736e-01
6.112138032913208008e-01
6.063969135284423828e+00
2.025985531508922577e-02
1.830161362886428833e-02
2.560300566256046295e-02
2.346001863479614258e-01
5.899078678339719772e-04
2.582353651523590088e-01
4.461823403835296631e-01
4.031592309474945068e-01
6.186555027961730957e-01
3.202073276042938232e-01
2.167182415723800659e-01
5.868999361991882324e-01
8.014501631259918213e-02
5.892758369445800781e-01
5.907448530197143555e-01
3.610866963863372803e-01
6.827465258538722992e-04
7.138966321945190430e-01
1.957191675901412964e-01
6.114694476127624512e-01
6.029608726501464844e+00
2.628463879227638245e-02
2.534826658666133881e-02
3.663318604230880737e-02
2.338849455118179321e-01
5.489267641678452492e-04
2.979958057403564453e-01
4.884011447429656982e-01
4.475939571857452393e-01
6.789938211441040039e-01
3.056889474391937256e-01
2.395078390836715698e-01
6.190722584724426270e-01
8.432620018720626831e-02
6.205994486808776855e-01
6.223773956298828125e-01
4.143683612346649170e-01
7.478073239326477051e-04
6.609119176864624023e-01
2.014665156602859497e-01
6.035304665565490723e-01
5.548727512359619141e+00
4.504752159118652344e-02
4.200534895062446594e-02
4.465528950095176697e-02
2.738156318664550781e-01
3.621499927248805761e-04
3.304722309112548828e-01
5.507711172103881836e-01
5.030265450477600098e-01
7.521973848342895508e-01
2.996420562267303467e-01
2.776128351688385010e-01
7.202916741371154785e-01
6.220788136124610901e-02
7.105567455291748047e-01
7.129627466201782227e-01
4.740892052650451660e-01
6.470960215665400028e-04
7.211430072784423828e-01
1.991712003946304321e-01
5.663233995437622070e-01
5.240083694458007812e+00
4.638746008276939392e-02
4.632703587412834167e-02
7.390665262937545776e-02
3.014776706695556641e-01
5.872774054296314716e-04
3.290487825870513916e-01
6.003030538558959961e-01
5.471639633178710938e-01
7.481421232223510742e-01
3.168016672134399414e-01
2.893485426902770996e-01
7.118132710456848145e-01
7.008641213178634644e-02
7.064075469970703125e-01
7.070954442024230957e-01
5.127767324447631836e-01
7.487984257750213146e-04
7.099195122718811035e-01
2.260574102401733398e-01
2.695290148258209229e-01
4.905775547027587891e+00
3.212336823344230652e-02
2.994129993021488190e-02
4.361924156546592712e-02
3.498017191886901855e-01
5.448818556033074856e-04
3.116007447242736816e-01
5.304539799690246582e-01
5.110712647438049316e-01
7.267748117446899414e-01
3.089111149311065674e-01
2.469826936721801758e-01
6.601036787033081055e-01
6.714252382516860962e-02
6.600903868675231934e-01
6.604781150817871094e-01
5.249703526496887207e-01
6.593674188479781151e-04
6.618461012840270996e-01
2.387288659811019897e-01
2.295876443386077881e-01
4.600226402282714844e+00
2.207246422767639160e-02
2.061316557228565216e-02
3.034172765910625458e-02
3.350294530391693115e-01
4.654672229662537575e-04
3.056795895099639893e-01
5.489039421081542969e-01
5.230694413185119629e-01
7.224538922309875488e-01
2.926110625267028809e-01
2.564414739608764648e-01
6.684149503707885742e-01
5.879891663789749146e-02
6.640979051589965820e-01
6.676890850067138672e-01
5.475760698318481445e-01
6.215515313670039177e-04
6.567727923393249512e-01
2.452886700630187988e-01
2.225829064846038818e-01
4.505251407623291016e+00
2.359140850603580475e-02
2.148051932454109192e-02
2.655510604381561279e-02
3.983123302459716797e-01
3.139827749691903591e-04
3.357817232608795166e-01
5.588127970695495605e-01
5.273988842964172363e-01
8.212668895721435547e-01
2.356837987899780273e-01
2.523183524608612061e-01
7.254738807678222656e-01
5.376386642456054688e-02
7.025778293609619141e-01
6.969012022018432617e-01
5.786792039871215820e-01
6.849545170553028584e-04
6.535323262214660645e-01
2.433690279722213745e-01
2.296997755765914917e-01
4.507494926452636719e+00
2.227256074547767639e-02
1.948795653879642487e-02
2.096889540553092957e-02
4.254502356052398682e-01
6.173902656883001328e-04
3.686443269252777100e-01
5.686289072036743164e-01
5.382882952690124512e-01
7.502162456512451172e-01
1.968027055263519287e-01
2.511762082576751709e-01
6.677586436271667480e-01
4.399028420448303223e-02
6.668715476989746094e-01
6.656247973442077637e-01
5.488806366920471191e-01
7.157483487389981747e-04
7.048298120498657227e-01
2.661908566951751709e-01
2.294166237115859985e-01
4.344229698181152344e+00
4.318556189537048340e-02
4.036752507090568542e-02
4.279748722910881042e-02
4.122812151908874512e-01
6.819783593527972698e-04
3.762849569320678711e-01
5.347018241882324219e-01
5.008874535560607910e-01
8.438912630081176758e-01
2.156539857387542725e-01
2.233803868293762207e-01
7.427994608879089355e-01
3.151408955454826355e-02
7.238872051239013672e-01
7.223472595214843750e-01
4.802834093570709229e-01
7.635646616108715534e-04
7.766377329826354980e-01
3.108329772949218750e-01
2.227197438478469849e-01
4.147828102111816406e+00
4.684507101774215698e-02
4.707935452461242676e-02
4.532628878951072693e-02
4.245539307594299316e-01
1.131274853833019733e-03
3.867529928684234619e-01
5.133382081985473633e-01
4.969687759876251221e-01
7.590538859367370605e-01
2.365371137857437134e-01
2.189222574234008789e-01
6.345092058181762695e-01
2.973783016204833984e-02
6.290501356124877930e-01
6.430265307426452637e-01
5.049652457237243652e-01
8.409114670939743519e-04
8.506360650062561035e-01
3.060639500617980957e-01
2.211225628852844238e-01
4.105743408203125000e+00
3.458653762936592102e-02
3.270990028977394104e-02
3.457223251461982727e-02
4.250441193580627441e-01
1.316879992373287678e-03
4.156611263751983643e-01
5.881727933883666992e-01
5.617220997810363770e-01
9.770509600639343262e-01
2.169417589902877808e-01
2.445351332426071167e-01
8.275931477546691895e-01
2.890727669000625610e-02
7.795708179473876953e-01
7.839252948760986328e-01
5.579306483268737793e-01
8.409255533479154110e-04
8.503466248512268066e-01
3.477305769920349121e-01
2.290045917034149170e-01
3.996798515319824219e+00
2.215201035141944885e-02
2.061420679092407227e-02
2.291070483624935150e-02
4.430561959743499756e-01
7.635041838511824608e-04
3.699350953102111816e-01
6.231566071510314941e-01
6.026676893234252930e-01
1.102177023887634277e+00
2.180227935314178467e-01
2.618653476238250732e-01
9.643072485923767090e-01
2.949677407741546631e-02
9.351293444633483887e-01
9.434776306152343750e-01
5.958198308944702148e-01
8.357827900908887386e-04
8.560231328010559082e-01
3.752030432224273682e-01
2.214283645153045654e-01
4.037240028381347656e+00
3.061290085315704346e-02
2.530767768621444702e-02
2.338707819581031799e-02
4.882364869117736816e-01
8.865391719155013561e-04
3.414607644081115723e-01
6.717230081558227539e-01
6.656804680824279785e-01
1.176913380622863770e+00
3.323835134506225586e-01
2.793425917625427246e-01
9.879192113876342773e-01
2.964076772332191467e-02
1.015607237815856934e+00
9.822136759757995605e-01
6.748080253601074219e-01
8.709842222742736340e-04
1.011631846427917480e+00
4.042560458183288574e-01
2.149261683225631714e-01
3.926535367965698242e+00
3.115369938313961029e-02
3.305246308445930481e-02
2.650564350187778473e-02
5.300440192222595215e-01
8.005860145203769207e-04
3.315575122833251953e-01
6.806020140647888184e-01
6.676075458526611328e-01
1.262874841690063477e+00
3.486929833889007568e-01
2.786075472831726074e-01
1.086601376533508301e+00
3.179170191287994385e-02
1.058398246765136719e+00
1.063029170036315918e+00
7.085635066032409668e-01
9.124401258304715157e-04
9.009248614311218262e-01
4.764097332954406738e-01
2.184386998414993286e-01
3.512996196746826172e+00
2.723568119108676910e-02
3.239888697862625122e-02
2.261093631386756897e-02
5.553554892539978027e-01
1.385149196721613407e-03
3.698642253875732422e-01
6.594919562339782715e-01
6.584193706512451172e-01
1.344010710716247559e+00
4.299644231796264648e-01
2.566541135311126709e-01
1.134478092193603516e+00
3.853314369916915894e-02
1.131484508514404297e+00
1.134686470031738281e+00
7.335067391395568848e-01
9.537648875266313553e-04
9.428192973136901855e-01
5.638935565948486328e-01
2.225724160671234131e-01
3.657701730728149414e+00
2.423854917287826538e-02
2.288307808339595795e-02
2.306139096617698669e-02
5.883232355117797852e-01
1.479463884606957436e-03
4.565601944923400879e-01
6.917973756790161133e-01
6.935534477233886719e-01
1.481723785400390625e+00
4.581541419029235840e-01
2.700988352298736572e-01
1.262422800064086914e+00
4.184337332844734192e-02
1.237373352050781250e+00
1.241615891456604004e+00
8.340880274772644043e-01
7.777946884743869305e-04
7.312687039375305176e-01
5.040831565856933594e-01
2.249702215194702148e-01
3.880497932434082031e+00
2.136096730828285217e-02
1.970636099576950073e-02
2.130495943129062653e-02
5.897139310836791992e-01
1.145665999501943588e-03
5.302170515060424805e-01
7.193503379821777344e-01
7.415341138839721680e-01
1.539525032043457031e+00
4.677631258964538574e-01
2.799165546894073486e-01
1.380846142768859863e+00
4.237790778279304504e-02
1.392090439796447754e+00
1.403167128562927246e+00
8.934845924377441406e-01
7.446666131727397442e-04
7.993565797805786133e-01
5.303263664245605469e-01
1.480975896120071411e-01
2.946591377258300781e+00
2.119405753910541534e-02
1.805127225816249847e-02
2.222826518118381500e-02
5.801641941070556641e-01
1.069903140887618065e-03
6.389445066452026367e-01
6.998363733291625977e-01
7.455224394798278809e-01
1.464943170547485352e+00
4.768633246421813965e-01
2.643150985240936279e-01
1.259788155555725098e+00
4.268689453601837158e-02
1.281088709831237793e+00
1.295216679573059082e+00
9.086499810218811035e-01
7.068973500281572342e-04
7.918809056282043457e-01
5.486770868301391602e-01
1.260074675083160400e-01
2.905810594558715820e+00
1.964581757783889771e-02
1.796858012676239014e-02
2.313124202191829681e-02
5.775575637817382812e-01
1.511971116997301579e-03
6.522824764251708984e-01
7.476131319999694824e-01
8.029289245605468750e-01
1.621788978576660156e+00
4.821048080921173096e-01
2.836775481700897217e-01
1.346688985824584961e+00
4.285174980759620667e-02
1.419126749038696289e+00
1.438688874244689941e+00
9.807412028312683105e-01
8.302175556309521198e-04
8.068951964378356934e-01
4.623812139034271240e-01
1.209296509623527527e-01
2.658776760101318359e+00
1.963394507765769958e-02
1.808684132993221283e-02
2.181965485215187073e-02
5.930768847465515137e-01
1.385790295898914337e-03
6.596436500549316406e-01
8.527534008026123047e-01
8.917462229728698730e-01
1.789905786514282227e+00
4.816231131553649902e-01
3.126243352890014648e-01
1.659439086914062500e+00
4.281764477491378784e-02
1.683939814567565918e+00
1.742955565452575684e+00
1.135285377502441406e+00
7.333810790441930294e-04
7.581763267517089844e-01
4.230626821517944336e-01
9.893666207790374756e-02
2.423890352249145508e+00
1.917543634772300720e-02
1.722994819283485413e-02
2.147502265870571136e-02
6.549928784370422363e-01
1.319207251071929932e-03
6.503452658653259277e-01
8.880859613418579102e-01
9.626663923263549805e-01
1.804756522178649902e+00
4.785542190074920654e-01
3.261537551879882812e-01
1.593872427940368652e+00
3.662430495023727417e-02
1.480178236961364746e+00
1.478103280067443848e+00
1.193931937217712402e+00
7.113929023034870625e-04
7.426559329032897949e-01
4.373887777328491211e-01
8.371347188949584961e-02
2.435944795608520508e+00
1.956470310688018799e-02
1.758763566613197327e-02
2.186669595539569855e-02
7.072974443435668945e-01
7.334877736866474152e-04
7.504239082336425781e-01
9.222314953804016113e-01
1.010511159896850586e+00
1.896926164627075195e+00
3.903355300426483154e-01
3.422631323337554932e-01
1.559153914451599121e+00
2.620791457593441010e-02
1.574091911315917969e+00
1.580077767372131348e+00
1.284639954566955566e+00
6.018084823153913021e-04
6.240937113761901855e-01
3.901975750923156738e-01
7.756356149911880493e-02
2.380704879760742188e+00
2.157680317759513855e-02
1.929361559450626373e-02
2.377207763493061066e-02
7.089605927467346191e-01
5.641483585350215435e-04
7.144017219543457031e-01
9.936603307723999023e-01
1.089771986007690430e+00
1.873413801193237305e+00
2.276140451431274414e-01
3.656693994998931885e-01
1.473371267318725586e+00
2.402023226022720337e-02
1.551570892333984375e+00
1.558837532997131348e+00
1.362829327583312988e+00
6.815658998675644398e-04
7.782769203186035156e-01
3.948021531105041504e-01
7.250153273344039917e-02
2.017732858657836914e+00
2.080572582781314850e-02
1.881347782909870148e-02
2.345028147101402283e-02
7.377222180366516113e-01
7.379041635431349277e-04
7.269659638404846191e-01
1.070308566093444824e+00
1.163720369338989258e+00
1.924789428710937500e+00
1.969581842422485352e-01
3.962204456329345703e-01
1.586233973503112793e+00
2.293114177882671356e-02
1.541911721229553223e+00
1.534932851791381836e+00
1.390253186225891113e+00
6.520831957459449768e-04
7.729631066322326660e-01
4.134435057640075684e-01
6.986404955387115479e-02
2.012153148651123047e+00
1.931281946599483490e-02
1.744921505451202393e-02
2.212925814092159271e-02
7.656008601188659668e-01
6.847256445325911045e-04
8.548346161842346191e-01
9.642875194549560547e-01
1.119435667991638184e+00
1.541286706924438477e+00
1.978826820850372314e-01
3.444955348968505859e-01
1.249021410942077637e+00
2.852094173431396484e-02
1.208765864372253418e+00
1.216293096542358398e+00
1.516883850097656250e+00
6.148615502752363682e-04
6.124156117439270020e-01
4.419061541557312012e-01
7.027545571327209473e-02
1.936170697212219238e+00
1.960256323218345642e-02
1.750274747610092163e-02
2.279182337224483490e-02
8.010506629943847656e-01
7.735221297480165958e-04
1.017607688903808594e+00
1.108410716056823730e+00
1.191279053688049316e+00
1.642824292182922363e+00
2.534681856632232666e-01
3.988229334354400635e-01
1.264196395874023438e+00
2.403440698981285095e-02
1.291609048843383789e+00
1.296327352523803711e+00
1.623301029205322266e+00
5.456630606204271317e-04
5.855891108512878418e-01
4.571578502655029297e-01
7.553140074014663696e-02
1.982240080833435059e+00
2.463839389383792877e-02
2.283309958875179291e-02
2.411886118352413177e-02
7.998787760734558105e-01
3.861320146825164557e-04
1.124286890029907227e+00
1.150582075119018555e+00
1.249586462974548340e+00
1.704486250877380371e+00
2.301762849092483521e-01
4.268330931663513184e-01
1.232694387435913086e+00
2.601270936429500580e-02
1.216533422470092773e+00
1.217623949050903320e+00
1.703020215034484863e+00
6.981641636230051517e-04
6.975675225257873535e-01
4.123539626598358154e-01
7.418170571327209473e-02
1.993564844131469727e+00
2.664655074477195740e-02
2.550844103097915649e-02
2.610243298113346100e-02
7.776899933815002441e-01
3.997470776084810495e-04
1.265944838523864746e+00
1.229869246482849121e+00
1.361809730529785156e+00
1.680553078651428223e+00
2.342592626810073853e-01
4.528716802597045898e-01
1.323048233985900879e+00
2.508246339857578278e-02
1.344885468482971191e+00
1.354749917984008789e+00
1.877592325210571289e+00
6.944555789232254028e-04
7.377072572708129883e-01
4.301449358463287354e-01
7.422002404928207397e-02
2.077613830566406250e+00
3.163450211286544800e-02
3.040643222630023956e-02
2.601599320769309998e-02
8.775180578231811523e-01
2.806876727845519781e-04
1.223907828330993652e+00
1.268383741378784180e+00
1.451430916786193848e+00
1.323704719543457031e+00
2.213989943265914917e-01
4.624617397785186768e-01
8.347181677818298340e-01
2.481758967041969299e-02
8.717864155769348145e-01
8.788044452667236328e-01
1.889262557029724121e+00
7.684839074499905109e-04
6.632677912712097168e-01
4.008103311061859131e-01
7.461084425449371338e-02
2.044446945190429688e+00
2.839406952261924744e-02
2.836081571877002716e-02
2.565919980406761169e-02
8.789231181144714355e-01
3.154791484121233225e-04
1.319748759269714355e+00
1.040282964706420898e+00
1.243636608123779297e+00
6.431235671043395996e-01
4.933993518352508545e-01
3.337535858154296875e-01
3.973980844020843506e-01
3.442240878939628601e-02
2.997566759586334229e-01
3.031857013702392578e-01
1.806965589523315430e+00
1.041294890455901623e-03
7.975500226020812988e-01
3.228340148925781250e-01
7.823557406663894653e-02
2.048101186752319336e+00
3.784255310893058777e-02
3.524547442793846130e-02
3.717831894755363464e-02
7.581066489219665527e-01
2.498270187061280012e-04
1.387596487998962402e+00
7.500067949295043945e-01
8.381200432777404785e-01
7.299017906188964844e-01
2.823706269264221191e-01
2.974394261837005615e-01
4.539504349231719971e-01
3.396859765052795410e-02
3.561164438724517822e-01
3.577162921428680420e-01
1.583779811859130859e+00
1.176395453512668610e-03
1.029863953590393066e+00
3.240720033645629883e-01
7.399553060531616211e-02
2.008323431015014648e+00
4.443668574094772339e-02
4.315878823399543762e-02
4.668205603957176208e-02
5.864832997322082520e-01
3.009719366673380136e-04
1.580932974815368652e+00
6.752383708953857422e-01
6.627877354621887207e-01
4.471999704837799072e-01
2.510073184967041016e-01
1.872955560684204102e-01
2.591777443885803223e-01
3.721755743026733398e-02
2.695421874523162842e-01
1.693628579378128052e-01
1.566601157188415527e+00
1.381074544042348862e-03
1.092415094375610352e+00
3.152144253253936768e-01
7.539167255163192749e-02
1.977048993110656738e+00
5.264633521437644958e-02
5.245444923639297485e-02
5.075474083423614502e-02
4.256020486354827881e-01
2.504187577869743109e-04
1.629225969314575195e+00
7.982569932937622070e-01
9.536082148551940918e-01
6.298199295997619629e-01
2.820436060428619385e-01
3.382918536663055420e-01
3.344401419162750244e-01
4.090040549635887146e-02
4.284265637397766113e-01
4.317528903484344482e-01
1.655396819114685059e+00
1.406143303029239178e-03
9.955382347106933594e-01
3.233251571655273438e-01
8.023106306791305542e-02
1.996186733245849609e+00
5.288741737604141235e-02
5.110230296850204468e-02
5.033629387617111206e-02
4.070248007774353027e-01
2.531463396735489368e-04
1.854954838752746582e+00
9.529240727424621582e-01
1.082950592041015625e+00
7.610240578651428223e-01
4.124631881713867188e-01
3.304632902145385742e-01
4.670380949974060059e-01
4.184083640575408936e-02
4.764327108860015869e-01
4.791063666343688965e-01
1.802871108055114746e+00
1.441726693883538246e-03
1.055478096008300781e+00
3.171000778675079346e-01
7.079190760850906372e-02
1.913336277008056641e+00
3.163063898682594299e-02
2.982955053448677063e-02
3.412901610136032104e-02
5.490155816078186035e-01
2.812698949128389359e-04
1.996250867843627930e+00
9.482706785202026367e-01
1.163008928298950195e+00
7.750977873802185059e-01
2.134045213460922241e-01
3.301618099212646484e-01
4.769797623157501221e-01
4.100119322538375854e-02
5.065076947212219238e-01
5.093472599983215332e-01
1.746751308441162109e+00
1.656144158914685249e-03
9.184450507164001465e-01
3.091076612472534180e-01
6.958647817373275757e-02
1.822757005691528320e+00
2.040928974747657776e-02
1.866131089627742767e-02
1.972703263163566589e-02
5.592203736305236816e-01
1.967199787031859159e-04
2.006772518157958984e+00
1.032869935035705566e+00
1.251070022583007812e+00
6.139847636222839355e-01
3.311264812946319580e-01
3.707027435302734375e-01
3.753618597984313965e-01
2.857303991913795471e-02
3.921290338039398193e-01
3.957781195640563965e-01
1.873646378517150879e+00
1.720950007438659668e-03
1.215234398841857910e+00
3.087613284587860107e-01
6.828107684850692749e-02
1.791342377662658691e+00
1.495510786771774292e-01
1.351725757122039795e-01
9.305004775524139404e-02
5.121262073516845703e-01
1.903860538732260466e-04
2.211420774459838867e+00
1.264932394027709961e+00
1.448352098464965820e+00
5.689201354980468750e-01
9.844100475311279297e-01
4.382267892360687256e-01
3.250490725040435791e-01
3.343991935253143311e-02
3.454152047634124756e-01
3.458210527896881104e-01
2.058818340301513672e+00
1.984665170311927795e-03
1.617343664169311523e+00
2.990657687187194824e-01
7.150960713624954224e-02
1.912840485572814941e+00
2.064242362976074219e-01
2.176207154989242554e-01
1.565442830324172974e-01
5.936511158943176270e-01
1.891748106572777033e-04
2.387948274612426758e+00
1.216010808944702148e+00
1.448502659797668457e+00
5.757443308830261230e-01
1.285024404525756836e+00
4.511993825435638428e-01
3.979144692420959473e-01
5.058053135871887207e-02
3.455247282981872559e-01
3.488005101680755615e-01
2.048203706741333008e+00
1.768709276802837849e-03
1.819019913673400879e+00
2.940071523189544678e-01
7.301060110330581665e-02
1.871542572975158691e+00
1.020328328013420105e-01
1.088938713073730469e-01
1.308346986770629883e-01
7.336319684982299805e-01
1.983009278774261475e-04
1.965564966201782227e+00
3.738616704940795898e-01
5.105869770050048828e-01
4.284837245941162109e-01
1.617774218320846558e-01
8.610259741544723511e-02
2.689360678195953369e-01
3.017738275229930878e-02
1.808216422796249390e-01
1.843389123678207397e-01
1.482876777648925781e+00
1.678901026025414467e-03
1.237669944763183594e+00
2.576077580451965332e-01
7.214385271072387695e-02
1.781735420227050781e+00
8.737783879041671753e-02
7.407335191965103149e-02
7.197534292936325073e-02
6.589368581771850586e-01
2.152748638764023781e-04
1.793938279151916504e+00
3.530600070953369141e-01
4.440250396728515625e-01
4.447560608386993408e-01
2.166674435138702393e-01
1.151954755187034607e-01
2.364298552274703979e-01
4.142576083540916443e-02
2.493594437837600708e-01
2.511570453643798828e-01
1.418967962265014648e+00
1.376417232677340508e-03
1.431741714477539062e+00
2.589622437953948975e-01
7.199621945619583130e-02
1.782636046409606934e+00
4.699966311454772949e-02
3.701786324381828308e-02
4.527262970805168152e-02
2.669948935508728027e-01
2.204701304435729980e-04
1.358745932579040527e+00
2.752102315425872803e-01
5.206223726272583008e-01
4.833210408687591553e-01
2.941509783267974854e-01
9.055420011281967163e-02
2.294354140758514404e-01
2.800315991044044495e-02
2.390351742506027222e-01
2.406462430953979492e-01
9.248309135437011719e-01
1.370268641039729118e-03
1.412393212318420410e+00
2.581552863121032715e-01
7.182611525058746338e-02
1.771351814270019531e+00
3.176848217844963074e-02
2.490564808249473572e-02
3.606294468045234680e-02
1.430082023143768311e-01
2.145680482499301434e-04
1.302637934684753418e+00
3.410185277462005615e-01
5.869863033294677734e-01
4.998022317886352539e-01
2.299133539199829102e-01
5.555371940135955811e-02
2.411715686321258545e-01
2.445018291473388672e-02
2.329506874084472656e-01
2.348434627056121826e-01
8.195080757141113281e-01
1.393694430589675903e-03
1.185542821884155273e+00
2.632496953010559082e-01
7.161549478769302368e-02
1.740822911262512207e+00
1.945823803544044495e-02
1.504881214350461960e-02
2.889532409608364105e-02
3.197737932205200195e-01
2.055154909612610936e-04
1.049226522445678711e+00
4.815269708633422852e-01
5.707583427429199219e-01
5.417146086692810059e-01
1.571851372718811035e-01
1.323304921388626099e-01
2.927467226982116699e-01
1.630089059472084045e-02
3.626748621463775635e-01
3.646254837512969971e-01
7.549393773078918457e-01
1.380415866151452065e-03
1.460532546043395996e+00
2.779044210910797119e-01
7.151716202497482300e-02
1.731027126312255859e+00
3.094209916889667511e-02
2.248571999371051788e-02
2.693739905953407288e-02
3.139572441577911377e-01
2.014971396420150995e-04
9.570109248161315918e-01
3.987243771553039551e-01
5.191389322280883789e-01
6.472827196121215820e-01
2.413839101791381836e-01
1.200953423976898193e-01
3.469677865505218506e-01
1.838982291519641876e-02
3.987804949283599854e-01
4.103947579860687256e-01
1.034708261489868164e+00
1.498490571975708008e-03
1.602656245231628418e+00
2.665211856365203857e-01
7.156690210103988647e-02
1.737606644630432129e+00
2.828262001276016235e-02
2.174198254942893982e-02
2.466864883899688721e-02
4.070839583873748779e-01
1.993271289393305779e-04
1.256503820419311523e+00
3.963038027286529541e-01
5.458815693855285645e-01
6.667828559875488281e-01
1.894219517707824707e-01
1.229310035705566406e-01
3.328096866607666016e-01
1.239114999771118164e-02
3.566102385520935059e-01
3.557531237602233887e-01
9.921358823776245117e-01
1.810359652154147625e-03
1.620311379432678223e+00
2.761376798152923584e-01
7.147266715764999390e-02
1.757068276405334473e+00
2.925353869795799255e-02
2.136916294693946838e-02
1.626794598996639252e-02
3.721254169940948486e-01
1.860158954514190555e-04
1.179477095603942871e+00
4.028372168540954590e-01
5.107468366622924805e-01
4.090031683444976807e-01
3.666504919528961182e-01
1.135150939226150513e-01
1.966034173965454102e-01
2.167210541665554047e-02
1.933022290468215942e-01
1.957367658615112305e-01
1.056011199951171875e+00
1.917927409522235394e-03
1.566462039947509766e+00
2.406878173351287842e-01
7.140295207500457764e-02
1.719859480857849121e+00
1.917831040918827057e-02
1.353588514029979706e-02
2.038738876581192017e-02
3.890047073364257812e-01
1.479306665714830160e-04
1.158800125122070312e+00
2.853362262248992920e-01
3.994778692722320557e-01
3.569845855236053467e-01
2.513661980628967285e-01
9.612737596035003662e-02
1.528448909521102905e-01
1.767094433307647705e-02
1.632924824953079224e-01
1.621885597705841064e-01
7.904145121574401855e-01
1.710867043584585190e-03
1.546254515647888184e+00
2.575374841690063477e-01
7.099186629056930542e-02
1.720618486404418945e+00
2.711661346256732941e-02
2.158565819263458252e-02
2.403773553669452667e-02
4.139127731323242188e-01
1.563866244396194816e-04
1.115168571472167969e+00
3.212812244892120361e-01
3.917754888534545898e-01
3.748542368412017822e-01
2.401785552501678467e-01
8.217106759548187256e-02
1.768966615200042725e-01
1.501768827438354492e-02
1.882385015487670898e-01
1.757370382547378540e-01
7.336006760597229004e-01
2.121479716151952744e-03
1.939813733100891113e+00
2.608362436294555664e-01
7.132807374000549316e-02
1.725687980651855469e+00
3.452050313353538513e-02
2.844914980232715607e-02
3.324965760111808777e-02
3.559397161006927490e-01
1.435240556020289660e-04
6.681532859802246094e-01
3.134942650794982910e-01
4.112402200698852539e-01
4.419215917587280273e-01
1.442528069019317627e-01
8.367536216974258423e-02
1.920346468687057495e-01
1.286410726606845856e-02
2.044962495565414429e-01
2.057699859142303467e-01
7.539468407630920410e-01
2.020687330514192581e-03
1.971097469329833984e+00
2.353130131959915161e-01
7.089107483625411987e-02
1.656565546989440918e+00
5.000552162528038025e-02
4.396975040435791016e-02
3.813934326171875000e-02
3.276834785938262939e-01
1.142166147474199533e-04
8.809738159179687500e-01
2.665135860443115234e-01
3.484785258769989014e-01
4.521028399467468262e-01
3.337284326553344727e-01
7.715712487697601318e-02
2.017236948013305664e-01
1.094135176390409470e-02
2.119110375642776489e-01
1.999339163303375244e-01
7.230351567268371582e-01
2.276780782267451286e-03
1.932074785232543945e+00
2.509572505950927734e-01
7.108885794878005981e-02
1.621924281120300293e+00
7.747260481119155884e-02
6.316542625427246094e-02
7.125344872474670410e-02
3.314071297645568848e-01
1.797717122826725245e-04
8.665745854377746582e-01
2.623925507068634033e-01
3.427274227142333984e-01
4.850228726863861084e-01
3.258798718452453613e-01
7.046862691640853882e-02
2.197739332914352417e-01
1.378906518220901489e-02
2.206301242113113403e-01
2.198690176010131836e-01
5.569190979003906250e-01
2.011315897107124329e-03
1.933296442031860352e+00
2.801702618598937988e-01
7.130304723978042603e-02
1.698628187179565430e+00
1.032773554325103760e-01
8.972689509391784668e-02
9.016767889261245728e-02
3.174368739128112793e-01
1.689267228357493877e-04
7.045822739601135254e-01
2.343143522739410400e-01
2.809740900993347168e-01
5.671699047088623047e-01
2.469427436590194702e-01
6.419008970260620117e-02
2.264343053102493286e-01
1.643054746091365814e-02
2.381743043661117554e-01
2.333547025918960571e-01
4.819331467151641846e-01
2.408415544778108597e-03
2.005683183670043945e+00
3.288440704345703125e-01
4.094577953219413757e-02
7.495151758193969727e-01
1.152381002902984619e-01
8.808268606662750244e-02
1.309130340814590454e-01
2.631411254405975342e-01
1.556155475554987788e-04
6.626238226890563965e-01
2.149868905544281006e-01
2.480336576700210571e-01
5.196661353111267090e-01
2.671601772308349609e-01
4.999680817127227783e-02
2.363196164369583130e-01
1.402316801249980927e-02
2.487065047025680542e-01
2.548163831233978271e-01
5.145755410194396973e-01
2.548859221860766411e-03
2.192019224166870117e+00
3.710826337337493896e-01
1.541300490498542786e-02
5.321190953254699707e-01
7.792489975690841675e-02
7.234395295381546021e-02
8.370073884725570679e-02
2.377048432826995850e-01
1.037594047375023365e-04
5.400854945182800293e-01
1.822503805160522461e-01
2.064598649740219116e-01
5.881991386413574219e-01
5.358714461326599121e-01
4.556676745414733887e-02
2.438624203205108643e-01
1.510233432054519653e-02
2.508910894393920898e-01
2.546582818031311035e-01
4.157380461692810059e-01
2.678727265447378159e-03
2.286906719207763672e+00
3.493206501007080078e-01
1.612050458788871765e-02
6.471011638641357422e-01
1.028922386467456818e-02
9.333727881312370300e-03
1.619153842329978943e-02
2.246025204658508301e-01
1.124232076108455658e-04
6.365515589714050293e-01
1.256958693265914917e-01
1.529081314802169800e-01
5.166678428649902344e-01
5.665896534919738770e-01
2.744202874600887299e-02
2.131868600845336914e-01
2.642223611474037170e-02
2.200577408075332642e-01
2.261408418416976929e-01
3.195844292640686035e-01
2.939447062090039253e-03
2.469667673110961914e+00
4.483447670936584473e-01
8.449407294392585754e-03
7.230662107467651367e-01
7.207895163446664810e-03
7.360261864960193634e-03
5.541295744478702545e-03
1.859814375638961792e-01
1.118902437156066298e-04
7.614833712577819824e-01
6.156044825911521912e-02
5.193448066711425781e-02
3.950594961643218994e-01
5.656482577323913574e-01
1.100034825503826141e-02
1.525554805994033813e-01
2.504946291446685791e-02
1.531455814838409424e-01
1.589812934398651123e-01
1.777064949274063110e-01
2.991114975884556770e-03
2.616027355194091797e+00
3.336127400398254395e-01
6.930595263838768005e-03
2.452316731214523315e-01
1.980795711278915405e-02
2.043599449098110199e-02
1.535230688750743866e-02
1.764656305313110352e-01
1.443099899915978312e-04
1.041829943656921387e+00
9.125908464193344116e-02
5.157369002699851990e-02
2.451904565095901489e-01
4.639210402965545654e-01
1.002591848373413086e-02
8.897276967763900757e-02
1.890192925930023193e-02
9.603997319936752319e-02
9.654315561056137085e-02
1.402738690376281738e-01
3.215591888874769211e-03
2.550058603286743164e+00
3.437978327274322510e-01
7.979427464306354523e-03
2.613378763198852539e-01
2.192980982363224030e-02
2.254397049546241760e-02
1.638624072074890137e-02
1.623662114143371582e-01
1.229163754032924771e-04
1.372525572776794434e+00
6.792547553777694702e-02
7.674290239810943604e-02
2.699176371097564697e-01
4.869357943534851074e-01
1.506814546883106232e-02
8.923243731260299683e-02
2.158825285732746124e-02
8.660684525966644287e-02
8.753931522369384766e-02
1.627445518970489502e-01
3.550769761204719543e-03
2.955946683883666992e+00
3.588618636131286621e-01
1.010734308511018753e-02
2.509247362613677979e-01
8.721856400370597839e-03
9.885372593998908997e-03
7.275084499269723892e-03
1.666511744260787964e-01
1.079594658222049475e-04
1.517060756683349609e+00
8.530649542808532715e-02
9.511580318212509155e-02
3.869079351425170898e-01
7.874500751495361328e-01
1.685959100723266602e-02
1.268967390060424805e-01
3.207302466034889221e-02
1.268314868211746216e-01
1.464046090841293335e-01
2.068135142326354980e-01
3.696395084261894226e-03
3.334215402603149414e+00
2.989002168178558350e-01
9.579954668879508972e-03
1.675898283720016479e-01
6.531577091664075851e-03
6.442796438932418823e-03
5.486560519784688950e-03
1.766382902860641479e-01
1.240404089912772179e-04
1.732621312141418457e+00
9.986203163862228394e-02
1.046190485358238220e-01
4.511834979057312012e-01
7.483973503112792969e-01
1.866664364933967590e-02
1.605179309844970703e-01
3.482711315155029297e-02
1.413944959640502930e-01
1.439620405435562134e-01
2.148959934711456299e-01
3.940729890018701553e-03
3.515338659286499023e+00
2.539342641830444336e-01
1.543030608445405960e-02
1.710930764675140381e-01
7.813231088221073151e-03
8.168580010533332825e-03
5.279393400996923447e-03
1.984833329916000366e-01
1.458345213904976845e-04
2.156789064407348633e+00
7.888242602348327637e-02
8.846372365951538086e-02
4.171734750270843506e-01
9.082146883010864258e-01
1.480824314057826996e-02
1.425916850566864014e-01
4.208345711231231689e-02
1.162148565053939819e-01
1.181686595082283020e-01
2.086026370525360107e-01
3.957614768296480179e-03
3.209801197052001953e+00
2.730181217193603516e-01
6.554687861353158951e-03
2.715486884117126465e-01
1.366230007261037827e-02
1.288025174289941788e-02
7.961334660649299622e-03
1.741261780261993408e-01
1.130599848693236709e-04
2.178359508514404297e+00
8.407743275165557861e-02
9.595268219709396362e-02
2.423298209905624390e-01
7.120805978775024414e-01
1.693261787295341492e-02
1.106216087937355042e-01
3.723070397973060608e-02
9.582613408565521240e-02
9.737935662269592285e-02
2.203226983547210693e-01
3.858665702864527702e-03
3.477660655975341797e+00
4.256447255611419678e-01
7.486997637897729874e-03
1.349956244230270386e-01
7.523658685386180878e-03
7.900704629719257355e-03
4.838132299482822418e-03
1.311520189046859741e-01
1.339340524282306433e-04
1.991394281387329102e+00
6.802853196859359741e-02
8.195267617702484131e-02
2.530404627323150635e-01
7.750221490859985352e-01
1.420761551707983017e-02
8.244937658309936523e-02
3.981710970401763916e-02
7.306616753339767456e-02
7.406186312437057495e-02
2.182083129882812500e-01
3.977502230554819107e-03
3.255079269409179688e+00
4.345664381980895996e-01
7.767672184854745865e-03
6.593863666057586670e-02
7.742942776530981064e-03
8.215278387069702148e-03
6.439982447773218155e-03
1.629674136638641357e-01
1.348571095149964094e-04
2.299085855484008789e+00
4.488161578774452209e-02
6.724128127098083496e-02
1.751381903886795044e-01
6.891172528266906738e-01
1.072773523628711700e-02
4.900858923792839050e-02
3.783133625984191895e-02
3.868101164698600769e-02
3.927933797240257263e-02
2.471236288547515869e-01
3.950479440391063690e-03
3.325433015823364258e+00
3.929789960384368896e-01
5.726096685975790024e-03
2.921522259712219238e-01
5.635107401758432388e-03
6.937462836503982544e-03
5.055648274719715118e-03
1.424108296632766724e-01
1.232712820637971163e-04
2.799013853073120117e+00
5.608418583869934082e-02
7.120908796787261963e-02
1.157172769308090210e-01
5.154452919960021973e-01
1.034045126289129257e-02
3.801140189170837402e-02
3.387095779180526733e-02
3.505793586373329163e-02
2.854406461119651794e-02
2.641443014144897461e-01
4.269835073500871658e-03
3.761885404586791992e+00
4.147448837757110596e-01
1.349265570752322674e-03
9.084498137235641479e-02
5.931997206062078476e-03
6.137698888778686523e-03
5.107333417981863022e-03
1.270117759704589844e-01
1.408880052622407675e-04
3.217846393585205078e+00
3.503620624542236328e-02
6.442977488040924072e-02
2.441476136445999146e-01
8.843338489532470703e-01
7.966585457324981689e-03
8.218117058277130127e-02
4.808770865201950073e-02
5.814891681075096130e-02
6.479250639677047729e-02
2.387702763080596924e-01
4.256482701748609543e-03
3.528354883193969727e+00
4.935838580131530762e-01
2.398934448137879372e-03
8.572624623775482178e-02
5.197351332753896713e-03
5.369297694414854050e-03
4.558431915938854218e-03
1.092816293239593506e-01
1.378779561491683125e-04
3.414002895355224609e+00
4.046870395541191101e-02
5.522207543253898621e-02
2.384912669658660889e-01
8.715751171112060547e-01
7.833542302250862122e-03
6.920959055423736572e-02
4.445948451757431030e-02
4.717271775007247925e-02
5.256699398159980774e-02
3.042683899402618408e-01
4.028647206723690033e-03
3.335368871688842773e+00
4.492691457271575928e-01
7.753709331154823303e-03
8.851093798875808716e-02
6.324475165456533432e-03
6.299811415374279022e-03
4.524409305304288864e-03
1.070613712072372437e-01
1.412312994943931699e-04
3.748486518859863281e+00
4.325130954384803772e-02
7.393769174814224243e-02
1.863711923360824585e-01
7.239304780960083008e-01
7.783936802297830582e-03
4.612082615494728088e-02
5.323766544461250305e-02
3.704371675848960876e-02
3.793944045901298523e-02
3.359347283840179443e-01
4.047770984470844269e-03
3.416192293167114258e+00
5.218613147735595703e-01
1.313689164817333221e-02
2.315599620342254639e-01
5.334334447979927063e-03
5.037806462496519089e-03
4.333171993494033813e-03
8.489185571670532227e-02
1.484265376348048449e-04
4.466166496276855469e+00
4.223278164863586426e-02
7.157805562019348145e-02
1.952632963657379150e-01
8.686354756355285645e-01
6.117595825344324112e-03
8.446481823921203613e-02
5.541824549436569214e-02
6.755289435386657715e-02
9.603786468505859375e-02
3.268271088600158691e-01
4.282886628061532974e-03
3.485678911209106445e+00
4.442503750324249268e-01
1.679250854067504406e-03
8.814976364374160767e-02
5.661795381456613541e-03
5.756933242082595825e-03
4.880605731159448624e-03
9.630168974399566650e-02
1.523185783298686147e-04
4.902059078216552734e+00
3.608115389943122864e-02
7.020269334316253662e-02
3.440014719963073730e-01
8.929539918899536133e-01
4.674724303185939789e-03
1.007627621293067932e-01
5.006455257534980774e-02
9.328669309616088867e-02
9.315554052591323853e-02
3.578843474388122559e-01
4.239048808813095093e-03
3.545436382293701172e+00
5.646631717681884766e-01
2.311698772246018052e-04
5.361607670783996582e-02
5.612771492451429367e-03
5.745642818510532379e-03
4.387469030916690826e-03
8.566030859947204590e-02
1.631310151424258947e-04
5.570812225341796875e+00
4.027289524674415588e-02
7.839569449424743652e-02
2.261826694011688232e-01
1.077369451522827148e+00
7.481110747903585434e-03
6.456414610147476196e-02
4.968039691448211670e-02
5.427593737840652466e-02
5.401318520307540894e-02
4.129504263401031494e-01
3.868435742333531380e-03
3.321182250976562500e+00
6.035818457603454590e-01
4.855980506590640289e-09
3.596826270222663879e-02
5.677298642694950104e-03
5.781974643468856812e-03
4.001099616289138794e-03
8.369304239749908447e-02
1.622600975679233670e-04
6.011957168579101562e+00
3.019920736551284790e-02
1.113278418779373169e-01
1.235078498721122742e-01
5.724586248397827148e-01
5.975494626909494400e-03
3.323108330368995667e-02
4.208628088235855103e-02
2.495956048369407654e-02
2.476890385150909424e-02
5.646306276321411133e-01
3.839661367237567902e-03
3.307834863662719727e+00
5.883535742759704590e-01
4.855980506590640289e-09
3.596262261271476746e-02
5.580376833677291870e-03
5.545742809772491455e-03
4.127175547182559967e-03
2.895716018974781036e-02
1.634989603189751506e-04
5.999909877777099609e+00
3.624071925878524780e-02
1.314214318990707397e-01
1.218035370111465454e-01
4.174234271049499512e-01
6.119173951447010040e-03
4.268486052751541138e-02
4.051581770181655884e-02
3.452597185969352722e-02
3.479104116559028625e-02
6.270041465759277344e-01
3.752737538889050484e-03
3.324872970581054688e+00
6.318024992942810059e-01
4.855980506590640289e-09
3.516530618071556091e-02
5.216747988015413284e-03
5.204823799431324005e-03
4.035578109323978424e-03
2.314045093953609467e-02
1.902304793475195765e-04
6.382890224456787109e+00
4.096784070134162903e-02
1.291659623384475708e-01
1.110929548740386963e-01
6.906832456588745117e-01
6.094592157751321793e-03
3.041928634047508240e-02
4.682843014597892761e-02
2.363587357103824615e-02
2.353193610906600952e-02
6.623545885086059570e-01
3.715960076078772545e-03
3.432194232940673828e+00
7.250043153762817383e-01
4.855980506590640289e-09
7.953039556741714478e-02
6.632237229496240616e-03
6.334437523037195206e-03
4.407911095768213272e-03
3.959700092673301697e-02
1.577132934471592307e-04
6.845988750457763672e+00
5.761919170618057251e-02
1.550533473491668701e-01
1.143000274896621704e-01
9.596682190895080566e-01
7.605709601193666458e-03
2.883066423237323761e-02
4.703716561198234558e-02
2.336092293262481689e-02
2.278327010571956635e-02
8.443443775177001953e-01
3.799692494794726372e-03
3.477953672409057617e+00
7.193483710289001465e-01
4.855980506590640289e-09
7.677011191844940186e-02
8.293692953884601593e-03
8.243449963629245758e-03
6.261106114834547043e-03
2.904128469526767731e-02
1.569848682265728712e-04
7.280277252197265625e+00
5.251230672001838684e-02
2.086847424507141113e-01
1.347644925117492676e-01
1.089843153953552246e+00
7.589831016957759857e-03
3.728796541690826416e-02
5.162306502461433411e-02
2.167155407369136810e-02
2.173997089266777039e-02
8.577824831008911133e-01
3.172676544636487961e-03
3.343825578689575195e+00
7.208217978477478027e-01
4.855980506590640289e-09
7.622353732585906982e-02
7.856850512325763702e-03
7.936646230518817902e-03
5.850478075444698334e-03
2.840378507971763611e-02
9.941572352545335889e-05
7.802195072174072266e+00
7.367957383394241333e-02
2.536004185676574707e-01
1.289260238409042358e-01
1.408909082412719727e+00
1.360696367919445038e-02
3.928185254335403442e-02
7.612016797065734863e-02
3.196410089731216431e-02
2.955074608325958252e-02
1.097307205200195312e+00
3.389024408534169197e-03
3.615151643753051758e+00
3.521018922328948975e-01
4.855980506590640289e-09
7.571633905172348022e-02
1.282414328306913376e-02
1.250540465116500854e-02
8.689276874065399170e-03
2.931192331016063690e-02
8.717927266843616962e-05
8.114024162292480469e+00
1.136378124356269836e-01
3.562228977680206299e-01
1.356195062398910522e-01
1.128416895866394043e+00
1.750099472701549530e-02
3.455836325883865356e-02
6.367751210927963257e-02
3.042219392955303192e-02
3.049699217081069946e-02
1.220295667648315430e+00
3.680869238451123238e-03
4.163521766662597656e+00
1.323224902153015137e-01
4.855980506590640289e-09
7.623437047004699707e-02
1.438294444233179092e-02
1.317126397043466568e-02
1.122348476201295853e-02
4.598598182201385498e-02
9.593229333404451609e-05
8.679151535034179688e+00
1.167016029357910156e-01
3.399502933025360107e-01
1.207635030150413513e-01
1.106935501098632812e+00
1.899790763854980469e-02
3.093194961547851562e-02
5.428995937108993530e-02
2.639885246753692627e-02
2.640214934945106506e-02
1.254668951034545898e+00
3.762895939871668816e-03
4.175292491912841797e+00
1.665225774049758911e-01
4.855980506590640289e-09
7.696001976728439331e-02
1.949796825647354126e-02
1.826122216880321503e-02
1.829242147505283356e-02
6.805330514907836914e-02
8.290375262731686234e-05
9.034972190856933594e+00
9.990183264017105103e-02
3.018336594104766846e-01
1.021725758910179138e-01
1.047293305397033691e+00
1.778418198227882385e-02
2.649745531380176544e-02
5.186169594526290894e-02
2.640711143612861633e-02
2.670007385313510895e-02
1.387969374656677246e+00
3.817914519459009171e-03
4.050792217254638672e+00
1.115868985652923584e-01
4.855980506590640289e-09
7.696069031953811646e-02
3.035179711878299713e-02
2.988366596400737762e-02
2.331902645528316498e-02
4.819830134510993958e-02
8.127769251586869359e-05
9.467831611633300781e+00
8.647646009922027588e-02
2.934466004371643066e-01
9.869643300771713257e-02
1.025110363960266113e+00
1.799490302801132202e-02
2.540448121726512909e-02
5.378457531332969666e-02
2.518804930150508881e-02
2.555813640356063843e-02
1.385543584823608398e+00
3.608142025768756866e-03
3.730510950088500977e+00
6.234875321388244629e-02
4.855980506590640289e-09
2.707443833351135254e-01
3.044561855494976044e-02
3.082264401018619537e-02
2.393520437180995941e-02
4.863591492176055908e-02
7.598184311063960195e-05
9.966020584106445312e+00
7.226925343275070190e-02
2.739582061767578125e-01
1.080287322402000427e-01
1.010483503341674805e+00
1.541547104716300964e-02
2.864013426005840302e-02
5.003780871629714966e-02
2.558689378201961517e-02
2.643845416605472565e-02
1.379465341567993164e+00
3.577228169888257980e-03
3.844345092773437500e+00
4.893657192587852478e-02
4.855980506590640289e-09
2.814685106277465820e-01
1.229013595730066299e-02
1.212812494486570358e-02
8.395443670451641083e-03
5.135976523160934448e-02
8.000245725270360708e-05
1.075769329071044922e+01
6.418458372354507446e-02
2.631733715534210205e-01
1.270668655633926392e-01
1.078948736190795898e+00
1.320794411003589630e-02
3.135505691170692444e-02
5.106784030795097351e-02
2.859301865100860596e-02
2.879159711301326752e-02
1.418337345123291016e+00
3.694771323353052139e-03
3.841761589050292969e+00
5.595929175615310669e-02
1.973322592675685883e-03
5.652988553047180176e-01
2.706647478044033051e-02
2.513661235570907593e-02
1.578935608267784119e-02
5.069398134946823120e-02
9.168060933006927371e-05
1.083442783355712891e+01
5.614731460809707642e-02
2.574360966682434082e-01
1.428887248039245605e-01
1.048422217369079590e+00
1.351727358996868134e-02
3.670876473188400269e-02
5.363003537058830261e-02
3.426096588373184204e-02
3.468496352434158325e-02
1.389950394630432129e+00
3.922213334590196609e-03
4.042321205139160156e+00
4.417057707905769348e-02
2.565810270607471466e-02
1.151411294937133789e+00
2.604138851165771484e-02
2.763823419809341431e-02
1.440884545445442200e-02
5.154879763722419739e-02
8.988370245788246393e-05
1.105893898010253906e+01
5.674561858177185059e-02
2.034564912319183350e-01
1.846135854721069336e-01
1.028153061866760254e+00
8.951433934271335602e-03
4.675457626581192017e-02
4.485554248094558716e-02
4.206146672368049622e-02
4.246166348457336426e-02
1.290054559707641602e+00
4.193324595689773560e-03
4.138109207153320312e+00
4.582395032048225403e-02
3.750005364418029785e-02
1.706358194351196289e+00
1.793726906180381775e-02
2.327533625066280365e-02
1.555286720395088196e-02
6.108478829264640808e-02
9.405434684595093131e-05
1.160585975646972656e+01
5.531261116266250610e-02
2.162123620510101318e-01
1.593176275491714478e-01
1.001480340957641602e+00
1.059178356081247330e-02
4.232417047023773193e-02
4.707765206694602966e-02
4.055647179484367371e-02
3.929459303617477417e-02
1.313329815864562988e+00
2.559115411713719368e-03
2.137318611145019531e+00
4.400232434272766113e-02
4.144607856869697571e-02
2.195205211639404297e+00
1.491223089396953583e-02
1.621857099235057831e-02
1.460281759500503540e-02
6.883013993501663208e-02
9.970070095732808113e-05
1.176372718811035156e+01
5.847482383251190186e-02
2.371607273817062378e-01
1.412997692823410034e-01
6.289156675338745117e-01
1.170960254967212677e-02
3.844880685210227966e-02
4.084983095526695251e-02
3.603479638695716858e-02
3.642619401216506958e-02
1.318747878074645996e+00
2.419773023575544357e-03
2.274309396743774414e+00
4.089634492993354797e-02
4.144759848713874817e-02
2.187794208526611328e+00
1.773629337549209595e-02
2.026293613016605377e-02
1.462697703391313553e-02
5.591047555208206177e-02
1.218457982758991420e-04
1.147460746765136719e+01
5.650300532579421997e-02
2.236105352640151978e-01
1.453747302293777466e-01
7.776702046394348145e-01
1.143303699791431427e-02
4.279552772641181946e-02
4.395022988319396973e-02
3.976264223456382751e-02
4.025360941886901855e-02
1.305495977401733398e+00
2.542659174650907516e-03
2.379035949707031250e+00
3.646461665630340576e-02
4.144944250583648682e-02
2.202644109725952148e+00
1.534132473170757294e-02
1.579441688954830170e-02
1.399311609566211700e-02
5.818646401166915894e-02
1.493364834459498525e-04
1.185714244842529297e+01
6.471145898103713989e-02
2.827283143997192383e-01
1.658804565668106079e-01
9.476820826530456543e-01
1.224371045827865601e-02
4.731363803148269653e-02
5.080796033143997192e-02
4.324476793408393860e-02
4.417445883154869080e-02
1.444059848785400391e+00
2.604577224701642990e-03
2.518667459487915039e+00
4.984145611524581909e-02
4.145296663045883179e-02
2.190700769424438477e+00
9.508891031146049500e-03
9.072989225387573242e-03
8.120815269649028778e-03
6.911157071590423584e-02
1.453882723581045866e-04
1.251912593841552734e+01
9.401629865169525146e-02
3.315587043762207031e-01
1.539788246154785156e-01
9.956073760986328125e-01
1.893932931125164032e-02
4.204913601279258728e-02
5.667814612388610840e-02
4.275957122445106506e-02
4.313467442989349365e-02
1.541916608810424805e+00
2.610136521980166435e-03
2.421288967132568359e+00
4.684405773878097534e-02
4.145442694425582886e-02
2.191111087799072266e+00
9.074165485799312592e-03
8.769690990447998047e-03
9.228629060089588165e-03
1.171833798289299011e-01
1.678287808317691088e-04
1.218895721435546875e+01
1.121424287557601929e-01
3.641288876533508301e-01
1.722313314676284790e-01
1.363354921340942383e+00
2.228648401796817780e-02
4.791723936796188354e-02
6.580125540494918823e-02
4.524798318743705750e-02
4.604353383183479309e-02
1.631510019302368164e+00
2.315962919965386391e-03
2.295444488525390625e+00
5.458595231175422668e-02
4.145506396889686584e-02
2.189244270324707031e+00
9.481012821197509766e-03
9.035728871822357178e-03
7.975754328072071075e-03
1.027267649769783020e-01
2.150971558876335621e-04
1.190211296081542969e+01
7.325014472007751465e-02
2.703127562999725342e-01
1.829804629087448120e-01
5.853027701377868652e-01
1.240801811218261719e-02
4.788473621010780334e-02
5.181635171175003052e-02
4.555325582623481750e-02
4.612854495644569397e-02
1.421642661094665527e+00
2.068949863314628601e-03
2.274081230163574219e+00
5.670276656746864319e-02
4.145413264632225037e-02
2.208789110183715820e+00
8.840770460665225983e-03
8.345683105289936066e-03
7.955363951623439789e-03
7.387727499008178711e-02
2.198453730670735240e-04
1.099130916595458984e+01
4.626587033271789551e-02
2.625904083251953125e-01
1.575483083724975586e-01
5.022639036178588867e-01
9.419606998562812805e-03
4.312419891357421875e-02
4.809016734361648560e-02
4.348028078675270081e-02
4.407843947410583496e-02
1.426487565040588379e+00
1.850402099080383778e-03
2.182729721069335938e+00
5.488548800349235535e-02
4.145515710115432739e-02
2.199208021163940430e+00
8.456901647150516510e-03
8.163494989275932312e-03
6.906501017510890961e-03
7.917913049459457397e-02
1.992434699786826968e-04
1.119842338562011719e+01
4.264258220791816711e-02
2.483166456222534180e-01
1.540591418743133545e-01
4.690830707550048828e-01
8.839184418320655823e-03
4.406319931149482727e-02
4.567128047347068787e-02
4.285302758216857910e-02
4.322782531380653381e-02
1.338914990425109863e+00
1.711032353341579437e-03
2.079164505004882812e+00
6.233012676239013672e-02
4.145576432347297668e-02
2.201553821563720703e+00
8.761045522987842560e-03
8.382223546504974365e-03
7.088399492204189301e-03
1.212201341986656189e-01
2.050719485851004720e-04
1.033445835113525391e+01
3.947495296597480774e-02
2.338362634181976318e-01
1.548509746789932251e-01
5.384593605995178223e-01
7.648756727576255798e-03
4.417956620454788208e-02
3.860522434115409851e-02
4.537039250135421753e-02
4.698242619633674622e-02
1.145151257514953613e+00
1.668552169576287270e-03
1.779473423957824707e+00
8.079022169113159180e-02
4.145614430308341980e-02
2.191832304000854492e+00
9.389438666403293610e-03
9.049648419022560120e-03
7.391634397208690643e-03
7.273829728364944458e-02
2.173510874854400754e-04
1.012341594696044922e+01
4.056901484727859497e-02
2.310733050107955933e-01
1.633139401674270630e-01
6.681823730468750000e-01
6.963773630559444427e-03
4.777669906616210938e-02
4.377605393528938293e-02
5.160974338650703430e-02
5.211181938648223877e-02
1.079594731330871582e+00
1.640489441342651844e-03
1.586586356163024902e+00
1.170255988836288452e-01
4.145787283778190613e-02
2.207524061203002930e+00
9.257938712835311890e-03
8.927667513489723206e-03
6.965581793338060379e-03
6.283752620220184326e-02
2.492916246410459280e-04
9.356676101684570312e+00
3.249379619956016541e-02
2.190154343843460083e-01
1.583042144775390625e-01
5.089867711067199707e-01
6.046422757208347321e-03
4.978448897600173950e-02
3.241758048534393311e-02
5.745154246687889099e-02
5.399986729025840759e-02
8.854975104331970215e-01
1.545154955238103867e-03
1.420805811882019043e+00
1.224161759018898010e-01
4.145712405443191528e-02
2.195635080337524414e+00
9.002492763102054596e-03
8.466375991702079773e-03
7.256094831973314285e-03
7.020214945077896118e-02
2.511384373065084219e-04
8.699545860290527344e+00
3.075707517564296722e-02
1.915309578180313110e-01
1.731247603893280029e-01
5.879065394401550293e-01
6.102097686380147934e-03
5.359848961234092712e-02
3.362557291984558105e-02
5.863986536860466003e-02
5.927887931466102600e-02
1.063980698585510254e+00
1.425100723281502724e-03
1.142634034156799316e+00
1.077092289924621582e-01
4.145601391792297363e-02
2.208832025527954102e+00
1.625085063278675079e-02
1.570358686149120331e-02
1.142979785799980164e-02
6.019796803593635559e-02
2.687801606953144073e-04
8.003633499145507812e+00
3.145623207092285156e-02
1.913172602653503418e-01
1.500471234321594238e-01
6.101292371749877930e-01
6.076606921851634979e-03
4.493830353021621704e-02
3.304760158061981201e-02
5.004311725497245789e-02
5.070079118013381958e-02
8.921846747398376465e-01
2.267191419377923012e-03
1.417252779006958008e+00
1.064637973904609680e-01
4.145533591508865356e-02
2.252033472061157227e+00
1.822069659829139709e-02
1.808170415461063385e-02
1.454609911888837814e-02
5.295668914914131165e-02
2.840450906660407782e-04
6.210071563720703125e+00
2.270985022187232971e-02
1.231450363993644714e-01
1.553450077772140503e-01
6.698133945465087891e-01
4.995539784431457520e-03
4.799995943903923035e-02
3.398233279585838318e-02
5.162345618009567261e-02
5.210127308964729309e-02
8.942725062370300293e-01
1.839063013903796673e-03
1.682748675346374512e+00
1.508227288722991943e-01
4.145424813032150269e-02
2.252031087875366211e+00
1.687123067677021027e-02
1.511144358664751053e-02
1.284442655742168427e-02
4.007010906934738159e-02
2.953415387310087681e-04
6.460543155670166016e+00
2.669815160334110260e-02
1.205731108784675598e-01
1.604835093021392822e-01
7.425549626350402832e-01
5.339738447219133377e-03
4.925150051712989807e-02
3.501744568347930908e-02
5.367742106318473816e-02
5.400632694363594055e-02
9.365828633308410645e-01
2.668998437002301216e-03
1.838459610939025879e+00
1.414035558700561523e-01
4.145346954464912415e-02
2.252037525177001953e+00
1.460068114101886749e-02
1.393833756446838379e-02
1.491272915154695511e-02
4.044642299413681030e-02
2.708000247366726398e-04
6.005782127380371094e+00
3.372880443930625916e-02
1.290453225374221802e-01
1.914169192314147949e-01
8.305475115776062012e-01
5.385192576795816422e-03
6.039943173527717590e-02
3.328298777341842651e-02
6.704445928335189819e-02
6.763786822557449341e-02
9.253010749816894531e-01
2.912732539698481560e-03
2.569547891616821289e+00
1.253722310066223145e-01
4.145346209406852722e-02
2.252033710479736328e+00
1.610145345330238342e-02
1.624469272792339325e-02
1.848343946039676666e-02
4.181495681405067444e-02
2.784141397569328547e-04
5.351613044738769531e+00
2.838239260017871857e-02
1.277712434530258179e-01
1.946564614772796631e-01
7.704651355743408203e-01
7.295019458979368210e-03
6.292655318975448608e-02
3.422033041715621948e-02
7.201432436704635620e-02
7.883978635072708130e-02
8.465420007705688477e-01
3.132023382931947708e-03
2.085524797439575195e+00
1.125634163618087769e-01
4.145382717251777649e-02
2.252041339874267578e+00
1.561440341174602509e-02
1.486982032656669617e-02
1.498617418110370636e-02
5.879303812980651855e-02
3.544359060470014811e-04
5.196799755096435547e+00
3.854325786232948303e-02
1.255520135164260864e-01
2.626306712627410889e-01
7.419365644454956055e-01
8.054989390075206757e-03
7.877613604068756104e-02
3.390716761350631714e-02
9.028731286525726318e-02
8.772407472133636475e-02
8.291376233100891113e-01
2.349563641473650932e-03
2.261525869369506836e+00
1.106381788849830627e-01
4.145511984825134277e-02
2.252048015594482422e+00
3.844066336750984192e-02
3.772573173046112061e-02
3.529224917292594910e-02
5.546050891280174255e-02
4.354654229246079922e-04
5.798421382904052734e+00
4.636142775416374207e-02
1.427050828933715820e-01
3.842757940292358398e-01
7.204969525337219238e-01
1.104904338717460632e-02
1.167208254337310791e-01
3.255660086870193481e-02
1.275622248649597168e-01
1.287990361452102661e-01
7.855408787727355957e-01
2.940429374575614929e-03
2.368678808212280273e+00
1.041533499956130981e-01
4.145330935716629028e-02
2.252037763595581055e+00
4.596727341413497925e-02
4.477111622691154480e-02
3.793037682771682739e-02
6.574627757072448730e-02
3.734859928954392672e-04
5.642563343048095703e+00
5.829361081123352051e-02
1.688492447137832642e-01
4.646802544593811035e-01
8.201716542243957520e-01
1.201532315462827682e-02
1.098896637558937073e-01
3.183817118406295776e-02
1.512626558542251587e-01
1.527609080076217651e-01
8.291858434677124023e-01
3.006702288985252380e-03
2.529103279113769531e+00
1.047614216804504395e-01
4.145376384258270264e-02
2.252040147781372070e+00
3.093475475907325745e-02
3.166230395436286926e-02
2.762368693947792053e-02
1.040825024247169495e-01
3.034415130969136953e-04
4.387925624847412109e+00
6.508886069059371948e-02
1.612912565469741821e-01
4.060605764389038086e-01
8.557686805725097656e-01
1.404094230383634567e-02
1.155650615692138672e-01
3.355489298701286316e-02
1.243536099791526794e-01
1.237029880285263062e-01
7.934292554855346680e-01
2.618244383484125137e-03
2.414688587188720703e+00
1.033399254083633423e-01
4.145286604762077332e-02
2.252022981643676758e+00
2.061796560883522034e-02
1.988295651972293854e-02
1.905173994600772858e-02
1.091321781277656555e-01
3.698068612720817327e-04
5.342192649841308594e+00
4.851241782307624817e-02
1.533895730972290039e-01
4.125888347625732422e-01
8.487967252731323242e-01
1.072955317795276642e-02
1.596807390451431274e-01
3.455583378672599792e-02
1.388754099607467651e-01
1.380904912948608398e-01
5.931460857391357422e-01
4.392412956804037094e-03
3.258356809616088867e+00
1.036823466420173645e-01
4.144992679357528687e-02
2.252028465270996094e+00
2.349145710468292236e-02
2.215619944036006927e-02
1.968220621347427368e-02
9.125269204378128052e-02
2.940272679552435875e-04
3.219121217727661133e+00
6.215064972639083862e-02
1.621978282928466797e-01
3.974526822566986084e-01
6.809871196746826172e-01
1.323034334927797318e-02
1.313523352146148682e-01
3.469147905707359314e-02
1.431013345718383789e-01
1.472984552383422852e-01
5.331574678421020508e-01
4.315073136240243912e-03
3.248277664184570312e+00
1.029359400272369385e-01
4.144943505525588989e-02
2.252013206481933594e+00
2.513500861823558807e-02
2.565512992441654205e-02
2.146973460912704468e-02
1.051408424973487854e-01
2.766651159618049860e-04
3.266553640365600586e+00
4.936649277806282043e-02
1.325442492961883545e-01
3.846742510795593262e-01
8.992007970809936523e-01
1.150848343968391418e-02
1.322107613086700439e-01
3.644368052482604980e-02
1.474618613719940186e-01
1.452279537916183472e-01
3.151291906833648682e-01
4.253375809639692307e-03
3.658825874328613281e+00
9.904377907514572144e-02
4.144716262817382812e-02
2.252007246017456055e+00
2.447333745658397675e-02
2.441965043544769287e-02
1.874402724206447601e-02
1.089351028203964233e-01
2.672017726581543684e-04
2.699518203735351562e+00
4.487344250082969666e-02
9.963470697402954102e-02
3.402569293975830078e-01
8.631533384323120117e-01
1.018167939037084579e-02
1.252062469720840454e-01
3.552550822496414185e-02
1.232353150844573975e-01
1.235766634345054626e-01
1.325563043355941772e-01
4.574871156364679337e-03
3.847178220748901367e+00
9.615467488765716553e-02
4.144808650016784668e-02
2.252018928527832031e+00
2.377924695611000061e-02
2.341261506080627441e-02
2.104061841964721680e-02
9.302003681659698486e-02
2.835989871527999640e-04
1.272822976112365723e+00
4.797731712460517883e-02
8.817762136459350586e-02
3.740587234497070312e-01
9.772793054580688477e-01
1.087975036352872849e-02
1.199948117136955261e-01
3.849594295024871826e-02
1.411112099885940552e-01
1.305849105119705200e-01
2.966786921024322510e-01
4.867776762694120407e-03
4.364461421966552734e+00
9.866400063037872314e-02
4.144708439707756042e-02
2.252009868621826172e+00
2.597060054540634155e-02
2.488424442708492279e-02
1.995955221354961395e-02
9.923998266458511353e-02
2.640002348925918341e-04
1.946916103363037109e+00
4.929805919528007507e-02
9.143830835819244385e-02
4.693570435047149658e-01
1.014291286468505859e+00
1.116569805890321732e-02
1.561973839998245239e-01
4.369335621595382690e-02
1.628933697938919067e-01
1.650072336196899414e-01
3.031822741031646729e-01
4.395741969347000122e-03
4.143228530883789062e+00
9.932629019021987915e-02
4.144731536507606506e-02
2.252017498016357422e+00
2.579035982489585876e-02
2.472064644098281860e-02
2.383292652666568756e-02
1.109156459569931030e-01
2.520107664167881012e-04
1.587417244911193848e+00
4.369660094380378723e-02
5.131889134645462036e-02
3.282120525836944580e-01
1.079534769058227539e+00
1.014235429465770721e-02
1.259269416332244873e-01
4.572872444987297058e-02
1.359449326992034912e-01
1.370586752891540527e-01
2.459402978420257568e-01
4.600194282829761505e-03
5.065063476562500000e+00
1.001224294304847717e-01
4.145061224699020386e-02
2.252022981643676758e+00
2.460222505033016205e-02
2.388059161603450775e-02
2.264445088803768158e-02
1.068942993879318237e-01
3.036649432033300400e-04
1.548831343650817871e+00
4.492929950356483459e-02
5.356765910983085632e-02
5.396531224250793457e-01
1.700677275657653809e+00
1.032817363739013672e-02
1.753498315811157227e-01
5.742588639259338379e-02
1.775047034025192261e-01
1.796825379133224487e-01
2.185493260622024536e-01
3.970033489167690277e-03
3.701824426651000977e+00
1.090797260403633118e-01
4.145130515098571777e-02
2.252026081085205078e+00
2.508858218789100647e-02
2.329772897064685822e-02
2.309458330273628235e-02
8.873668313026428223e-02
3.565656952559947968e-04
1.305799961090087891e+00
4.631736502051353455e-02
4.831571877002716064e-02
9.338070154190063477e-01
2.842079639434814453e+00
1.073332317173480988e-02
2.560658454895019531e-01
7.180808484554290771e-02
2.814171910285949707e-01
2.808845043182373047e-01
1.923947632312774658e-01
3.848763881251215935e-03
3.804729223251342773e+00
1.106044352054595947e-01
4.145176708698272705e-02
2.252025127410888672e+00
2.565941587090492249e-02
2.511707693338394165e-02
2.388240583240985870e-02
8.534971624612808228e-02
3.694325278047472239e-04
1.105293631553649902e+00
4.133829101920127869e-02
5.350874736905097961e-02
9.318110346794128418e-01
2.634638786315917969e+00
9.433844126760959625e-03
2.648434340953826904e-01
7.610055059194564819e-02
2.615121603012084961e-01
2.817525863647460938e-01
1.521841734647750854e-01
3.830839181318879128e-03
3.259182929992675781e+00
1.120127812027931213e-01
4.145238175988197327e-02
2.252024173736572266e+00
2.622722461819648743e-02
2.519598789513111115e-02
2.438692189753055573e-02
8.126863837242126465e-02
3.732041514012962580e-04
5.788371562957763672e-01
4.235696420073509216e-02
6.136076152324676514e-02
1.402612447738647461e+00
3.262551546096801758e+00
9.698090143501758575e-03
3.289168477058410645e-01
1.038894653320312500e-01
3.234737515449523926e-01
3.375045359134674072e-01
1.885098963975906372e-01
3.530118381604552269e-03
3.943945646286010742e+00
1.136232092976570129e-01
4.145245999097824097e-02
2.252019882202148438e+00
2.688336372375488281e-02
2.679940126836299896e-02
2.395540848374366760e-02
7.280213385820388794e-02
4.155791830271482468e-04
4.260629117488861084e-01
4.767882078886032104e-02
7.578514516353607178e-02
8.160961866378784180e-01
2.457581758499145508e+00
1.069952361285686493e-02
2.394961118698120117e-01
9.640451520681381226e-02
2.479293942451477051e-01
2.494638562202453613e-01
2.092977911233901978e-01
3.387745004147291183e-03
2.575401544570922852e+00
1.155881881713867188e-01
4.145320504903793335e-02
2.252020597457885742e+00
2.500358410179615021e-02
2.423464879393577576e-02
2.285074256360530853e-02
8.110893517732620239e-02
4.337066202424466610e-04
1.052853226661682129e+00
5.738843232393264771e-02
7.864559441804885864e-02
7.527105808258056641e-01
1.770059823989868164e+00
1.217052154242992401e-02
2.117575258016586304e-01
8.644346892833709717e-02
2.152666747570037842e-01
2.183118611574172974e-01
2.395057976245880127e-01
3.524038707837462425e-03
2.745206356048583984e+00
1.177386566996574402e-01
4.145391657948493958e-02
2.252019643783569336e+00
2.533612027764320374e-02
2.422932535409927368e-02
2.360558882355690002e-02
8.957240730524063110e-02
3.848976048175245523e-04
4.760473370552062988e-01
5.742435157299041748e-02
7.632175087928771973e-02
7.582148313522338867e-01
1.775406956672668457e+00
1.314261276274919510e-02
2.365766316652297974e-01
7.978824526071548462e-02
2.383976876735687256e-01
2.412066459655761719e-01
1.974329203367233276e-01
3.552172798663377762e-03
2.739724636077880859e+00
1.191322952508926392e-01
4.145520180463790894e-02
2.252035140991210938e+00
2.566701732575893402e-02
2.475339733064174652e-02
2.355068922042846680e-02
1.095808446407318115e-01
3.184335655532777309e-04
4.978343844413757324e-01
4.631357267498970032e-02
6.036426872014999390e-02
7.085692286491394043e-01
1.681501865386962891e+00
1.044936105608940125e-02
2.025072276592254639e-01
8.316472917795181274e-02
1.979885548353195190e-01
1.931782066822052002e-01
1.314584612846374512e-01
3.239872166886925697e-03
2.690268278121948242e+00
1.168347299098968506e-01
4.145480319857597351e-02
2.252042055130004883e+00
2.685803547501564026e-02
2.551830932497978210e-02
2.394355274736881256e-02
9.833563119173049927e-02
2.601295127533376217e-04
4.944938421249389648e-01
4.074002429842948914e-02
4.912729933857917786e-02
6.413691639900207520e-01
1.692090868949890137e+00
9.777662344276905060e-03
1.612448990345001221e-01
7.769618928432464600e-02
1.813623607158660889e-01
1.830963492393493652e-01
1.023824065923690796e-01
2.686689374968409538e-03
1.856165885925292969e+00
1.188097670674324036e-01
4.145310446619987488e-02
2.252042055130004883e+00
2.738001756370067596e-02
2.596762590110301971e-02
2.367506362497806549e-02
9.181848913431167603e-02
2.939493861049413681e-04
5.699363946914672852e-01
3.971111029386520386e-02
5.186062678694725037e-02
6.503701210021972656e-01
1.674282312393188477e+00
9.575021453201770782e-03
1.971564292907714844e-01
7.770026475191116333e-02
2.097849845886230469e-01
2.118703126907348633e-01
8.484891802072525024e-02
2.485463395714759827e-03
2.197154521942138672e+00
1.237020045518875122e-01
4.145364835858345032e-02
2.247837305068969727e+00
2.853434719145298004e-02
2.715831995010375977e-02
2.502917684614658356e-02
8.144195377826690674e-02
2.632960677146911621e-04
7.106646895408630371e-01
5.148747935891151428e-02
4.934753850102424622e-02
4.970912337303161621e-01
1.240279912948608398e+00
1.112493686378002167e-02
1.786772459745407104e-01
7.403320074081420898e-02
1.595324128866195679e-01
1.606065928936004639e-01
3.523290902376174927e-02
2.760517876595258713e-03
1.883042097091674805e+00
1.227417662739753723e-01
4.145477339625358582e-02
2.248039722442626953e+00
3.417240455746650696e-02
3.207321465015411377e-02
2.879462949931621552e-02
9.444963186979293823e-02
2.750827698037028313e-04
8.613999485969543457e-01
5.868729948997497559e-02
5.572685599327087402e-02
3.571762442588806152e-01
9.761153459548950195e-01
1.364547852426767349e-02
1.527051180601119995e-01
7.716087251901626587e-02
1.388980597257614136e-01
1.391733884811401367e-01
5.463482066988945007e-02
2.275487408041954041e-03
1.375575065612792969e+00
1.383421123027801514e-01
4.145517200231552124e-02
2.247406482696533203e+00
4.639206081628799438e-02
4.325176030397415161e-02
3.983532264828681946e-02
9.840150922536849976e-02
2.508057805243879557e-04
1.004604339599609375e+00
6.278311461210250854e-02
5.749072507023811340e-02
3.778592348098754883e-01
1.069469451904296875e+00
1.443466544151306152e-02
1.422426402568817139e-01
7.130483537912368774e-02
1.329543292522430420e-01
1.386402696371078491e-01
7.957437634468078613e-02
1.616053632460534573e-03
1.108827114105224609e+00
1.419495642185211182e-01
4.145579040050506592e-02
2.247517347335815430e+00
5.709412693977355957e-02
5.454045161604881287e-02
4.845969006419181824e-02
9.157204627990722656e-02
2.429289306746795774e-04
9.449294209480285645e-01
6.643015891313552856e-02
5.013310164213180542e-02
3.503260314464569092e-01
1.173564076423645020e+00
1.476974040269851685e-02
1.386996656656265259e-01
6.409744918346405029e-02
1.440604478120803833e-01
1.444241553544998169e-01
7.090135663747787476e-02
9.660167270340025425e-04
9.001792669296264648e-01
1.456787735223770142e-01
4.145443812012672424e-02
2.245132684707641602e+00
7.154943794012069702e-02
6.940824538469314575e-02
6.042660027742385864e-02
9.336754679679870605e-02
2.095022500725463033e-04
1.116685867309570312e+00
4.798857495188713074e-02
3.421673923730850220e-02
3.676210343837738037e-01
1.503917694091796875e+00
1.222011726349592209e-02
1.050977483391761780e-01
7.440439611673355103e-02
9.939936548471450806e-02
9.952987730503082275e-02
6.383761763572692871e-02
9.436017717234790325e-04
8.241177797317504883e-01
1.249299272894859314e-01
4.145466536283493042e-02
2.245047807693481445e+00
7.171769440174102783e-02
6.724608689546585083e-02
5.906433239579200745e-02
8.519601076841354370e-02
2.184493205277249217e-04
1.219207167625427246e+00
2.468542754650115967e-02
1.990222372114658356e-02
2.478678822517395020e-01
1.827653765678405762e+00
6.072459276765584946e-03
8.006654679775238037e-02
8.700086176395416260e-02
7.126146554946899414e-02
7.163824141025543213e-02
6.769494712352752686e-02
8.576142718084156513e-04
8.127782940864562988e-01
1.275361776351928711e-01
4.145404696464538574e-02
2.208095073699951172e+00
4.171326756477355957e-02
3.797794505953788757e-02
3.357957676053047180e-02
6.645796447992324829e-02
2.769411075860261917e-04
1.279641985893249512e+00
2.475057356059551239e-02
1.650588028132915497e-02
2.886241674423217773e-01
1.738036394119262695e+00
6.198104005306959152e-03
9.762157499790191650e-02
8.143182843923568726e-02
1.068450286984443665e-01
1.035780906677246094e-01
7.056273519992828369e-02
8.412354509346187115e-04
7.606887221336364746e-01
1.281228214502334595e-01
4.145283624529838562e-02
2.209167242050170898e+00
2.397700212895870209e-02
2.148002758622169495e-02
2.224393934011459351e-02
4.019725695252418518e-02
1.903773518279194832e-04
1.511476397514343262e+00
1.439921185374259949e-02
2.597408555448055267e-02
2.581744790077209473e-01
1.829394340515136719e+00
3.671331796795129776e-03
9.299717843532562256e-02
1.048735305666923523e-01
8.913339674472808838e-02
9.020264446735382080e-02
2.016558349132537842e-01
7.925087702460587025e-04
7.634760737419128418e-01
1.243107169866561890e-01
4.145234823226928711e-02
2.214877843856811523e+00
2.608080953359603882e-02
2.483975887298583984e-02
2.251801081001758575e-02
2.340047620236873627e-02
2.560176071710884571e-04
1.895850896835327148e+00
3.214753419160842896e-02
4.922753199934959412e-02
4.647029340267181396e-01
1.967950344085693359e+00
6.209002342075109482e-03
1.434441804885864258e-01
1.112232655286788940e-01
1.385591477155685425e-01
1.379944980144500732e-01
2.366946488618850708e-01
8.577570552006363869e-04
7.914339900016784668e-01
1.440860927104949951e-01
4.145232960581779480e-02
2.192915678024291992e+00
8.410742133855819702e-02
6.857053190469741821e-02
5.337725207209587097e-02
2.246083877980709076e-02
2.656086580827832222e-04
2.164904356002807617e+00
2.808413095772266388e-02
4.824511334300041199e-02
4.732428193092346191e-01
1.861129403114318848e+00
5.392063874751329422e-03
1.282037943601608276e-01
9.107665717601776123e-02
1.206389516592025757e-01
1.220136806368827820e-01
1.961174309253692627e-01
8.243354968726634979e-04
6.831119656562805176e-01
1.476768553256988525e-01
4.145348444581031799e-02
2.221279621124267578e+00
4.845288395881652832e-02
4.827484488487243652e-02
2.620831876993179321e-02
2.409780025482177734e-02
2.609805378597229719e-04
2.302713155746459961e+00
1.945206709206104279e-02
2.733505703508853912e-02
4.855908453464508057e-01
1.634177207946777344e+00
3.639328060671687126e-03
1.838209033012390137e-01
7.679416239261627197e-02
1.697099804878234863e-01
1.706481724977493286e-01
1.588443964719772339e-01
8.485027356073260307e-04
6.649066209793090820e-01
1.626403033733367920e-01
4.145425930619239807e-02
2.208768844604492188e+00
2.571350336074829102e-02
2.404385805130004883e-02
2.009828947484493256e-02
1.930476166307926178e-02
2.197672292822971940e-04
2.293597936630249023e+00
2.166673168540000916e-02
2.998718991875648499e-02
4.159041941165924072e-01
1.536278486251831055e+00
4.153624176979064941e-03
1.677304208278656006e-01
6.237454712390899658e-02
1.698164492845535278e-01
1.715848743915557861e-01
1.942619979381561279e-01
7.497852784581482410e-04
6.101580858230590820e-01
2.148625254631042480e-01
4.145782440900802612e-02
2.202824115753173828e+00
1.466705370694398880e-02
1.332588680088520050e-02
1.236127130687236786e-02
1.831967756152153015e-02
1.893096341518685222e-04
2.388077259063720703e+00
1.841047033667564392e-02
1.805393956601619720e-02
2.564615607261657715e-01
1.060425043106079102e+00
3.899607574567198753e-03
8.285983651876449585e-02
3.860260173678398132e-02
7.714711129665374756e-02
6.942451000213623047e-02
1.533863246440887451e-01
6.774922949261963367e-04
6.320925951004028320e-01
1.595586985349655151e-01
4.146044701337814331e-02
1.587993025779724121e+00
1.243792008608579636e-02
1.250665076076984406e-02
1.502182334661483765e-02
2.044403739273548126e-02
1.895563036669045687e-04
2.756845474243164062e+00
1.776416786015033722e-02
1.649656146764755249e-02
2.255317121744155884e-01
8.130710124969482422e-01
4.180772230029106140e-03
6.648001819849014282e-02
2.654642239212989807e-02
6.227919086813926697e-02
6.294313818216323853e-02
1.722300350666046143e-01
6.994429859332740307e-04
6.465522050857543945e-01
1.316377669572830200e-01
4.146098718047142029e-02
1.880339622497558594e+00
1.297421101480722427e-02
1.173844467848539352e-02
1.363516040146350861e-02
1.733162067830562592e-02
1.860464981291443110e-04
2.762959718704223633e+00
1.761742495000362396e-02
9.029892273247241974e-03
1.006957888603210449e-01
9.310996532440185547e-02
4.143748432397842407e-03
3.427960723638534546e-02
5.624744575470685959e-03
2.875750884413719177e-02
2.877910435199737549e-02
1.436567753553390503e-01
7.194117642939090729e-04
6.190416216850280762e-01
1.673926264047622681e-01
3.360071778297424316e-02
7.656356096267700195e-01
1.297655701637268066e-02
1.228106580674648285e-02
1.298094075173139572e-02
1.967960037291049957e-02
1.867273531388491392e-04
2.876357316970825195e+00
2.050767838954925537e-02
6.615381687879562378e-03
1.111448258161544800e-01
4.057845473289489746e-01
5.465343594551086426e-03
5.203237012028694153e-02
3.668759483844041824e-03
3.184184432029724121e-02
3.319509699940681458e-02
1.525839567184448242e-01
7.228849572129547596e-04
6.494926214218139648e-01
1.692501604557037354e-01
1.281114947050809860e-02
5.447403192520141602e-01
1.305802911520004272e-02
1.184849720448255539e-02
1.470822654664516449e-02
1.290657930076122284e-02
1.870920677902176976e-04
3.174108505249023438e+00
1.450621522963047028e-02
1.016620825976133347e-02
1.203183010220527649e-01
8.620446175336837769e-02
3.962373360991477966e-03
4.470316693186759949e-02
4.759310744702816010e-03
3.745284304022789001e-02
3.804556652903556824e-02
1.619586199522018433e-01
7.259094854816794395e-04
6.601094007492065430e-01
1.616713255643844604e-01
6.841193884611129761e-03
5.205209851264953613e-01
1.272195857018232346e-02
1.180304493755102158e-02
1.373869739472866058e-02
1.351023837924003601e-02
1.926480035763233900e-04
3.512584209442138672e+00
2.412221767008304596e-02
9.031612426042556763e-03
8.370959013700485229e-02
1.269911974668502808e-01
6.321255583316087723e-03
3.890469670295715332e-02
6.644601467996835709e-03
3.336371853947639465e-02
3.671616688370704651e-02
1.731911599636077881e-01
7.787502836436033249e-04
6.109145283699035645e-01
1.795296967029571533e-01
4.181462805718183517e-03
7.302553653717041016e-01
1.539436727762222290e-02
1.369517482817173004e-02
1.465847901999950409e-02
1.496469229459762573e-02
1.994420163100585341e-04
3.561263561248779297e+00
2.661888301372528076e-02
9.075815789401531219e-03
6.743302941322326660e-02
1.651353389024734497e-01
6.302417721599340439e-03
2.512048557400703430e-02
1.262590847909450531e-02
2.090680971741676331e-02
2.220605872571468353e-02
2.187559902667999268e-01
7.789472001604735851e-04
6.345120668411254883e-01
1.442219913005828857e-01
4.616417456418275833e-03
2.063160836696624756e-01
1.342732273042201996e-02
1.346673257648944855e-02
1.467490196228027344e-02
1.373475231230258942e-02
1.974810147657990456e-04
3.587674140930175781e+00
2.882860042154788971e-02
8.342374116182327271e-03
5.282827839255332947e-02
1.650153398513793945e-01
7.819439284503459930e-03
2.786761894822120667e-02
8.022480644285678864e-03
2.332479879260063171e-02
2.368964999914169312e-02
2.175386995077133179e-01
7.833229028619825840e-04
6.413908600807189941e-01
1.456803083419799805e-01
3.798912977799773216e-03
1.862401068210601807e-01
1.387515850365161896e-02
1.250555645674467087e-02
1.537063997238874435e-02
1.466416753828525543e-02
1.732071832520887256e-04
3.592154026031494141e+00
3.253890946507453918e-02
9.002446196973323822e-03
6.061277911067008972e-02
1.678475886583328247e-01
7.178478408604860306e-03
2.073359116911888123e-02
3.739814274013042450e-03
2.320314571261405945e-02
2.362276613712310791e-02
2.201123237609863281e-01
8.648426155559718609e-04
6.542294025421142578e-01
1.595193147659301758e-01
3.822887549176812172e-03
2.212801277637481689e-01
1.775459200143814087e-02
1.917201653122901917e-02
1.852555759251117706e-02
1.715055294334888458e-02
2.214407431893050671e-04
3.812966823577880859e+00
4.256461933255195618e-02
1.119420677423477173e-02
3.742235526442527771e-02
1.693727672100067139e-01
7.326490245759487152e-03
1.939661428332328796e-02
4.411085974425077438e-03
1.455704681575298309e-02
1.508922129869461060e-02
2.450125515460968018e-01
8.204068290069699287e-04
5.977501869201660156e-01
1.746641844511032104e-01
3.315365407615900040e-03
3.896971344947814941e-01
3.190324455499649048e-02
2.950377203524112701e-02
2.407932840287685394e-02
2.046393789350986481e-02
3.054708649870008230e-04
3.832961320877075195e+00
3.182058781385421753e-02
1.519050169736146927e-02
4.330705106258392334e-02
1.553117930889129639e-01
5.181644111871719360e-03
2.079088613390922546e-02
6.180096417665481567e-03
1.686437427997589111e-02
1.571619883179664612e-02
2.594060599803924561e-01
8.718007593415677547e-04
6.690070629119873047e-01
1.555094718933105469e-01
3.797630779445171356e-03
1.374659985303878784e-01
4.645707085728645325e-02
3.808107972145080566e-02
3.889736533164978027e-02
1.660568453371524811e-02
2.525054151192307472e-04
4.055219173431396484e+00
2.277935482561588287e-02
2.657445892691612244e-02
3.358725830912590027e-02
1.176367029547691345e-01
4.374758806079626083e-03
1.519164629280567169e-02
7.145025767385959625e-03
1.150996889919042587e-02
1.148405577987432480e-02
2.884924411773681641e-01
9.030193905346095562e-04
6.178780794143676758e-01
1.589411795139312744e-01
3.560504410415887833e-03
1.474555879831314087e-01
6.188406795263290405e-02
5.925949290394783020e-02
4.473843798041343689e-02
1.385177858173847198e-02
3.287975850980728865e-04
3.808322668075561523e+00
5.993118882179260254e-02
2.026971429586410522e-02
7.713992148637771606e-02
7.289119064807891846e-02
9.623642079532146454e-03
3.457155823707580566e-02
5.100047215819358826e-03
2.614721842110157013e-02
2.212350629270076752e-02
2.223395407199859619e-01
9.144610376097261906e-04
6.060236096382141113e-01
1.655195802450180054e-01
4.910134710371494293e-03
2.718532085418701172e-01
3.418244048953056335e-02
3.325654938817024231e-02
2.398314327001571655e-02
1.251860335469245911e-02
3.024889738298952579e-04
3.685137033462524414e+00
4.923015460371971130e-02
1.634417846798896790e-02
7.534960657358169556e-02
4.341342300176620483e-02
9.122502058744430542e-03
3.247065842151641846e-02
4.046875983476638794e-03
2.780721895396709442e-02
2.777035161852836609e-02
1.979093849658966064e-01
1.103965681977570057e-03
7.035033702850341797e-01
1.833895742893218994e-01
3.010919783264398575e-03
3.883846700191497803e-01
4.172326996922492981e-02
3.834350779652595520e-02
3.740521147847175598e-02
1.379889808595180511e-02
4.408867680467665195e-04
4.073258399963378906e+00
4.093445092439651489e-02
1.694921031594276428e-02
4.894818738102912903e-02
6.570778787136077881e-02
9.019799530506134033e-03
2.158339321613311768e-02
4.851863253861665726e-03
1.483982615172863007e-02
1.507862377911806107e-02
2.608151137828826904e-01
1.235718140378594398e-03
7.575722336769104004e-01
1.887210160493850708e-01
3.021671902388334274e-03
8.335284888744354248e-02
6.631969660520553589e-02
6.098478287458419800e-02
5.192379653453826904e-02
1.583434827625751495e-02
4.178988165222108364e-04
3.955042123794555664e+00
2.084657363593578339e-02
2.404689416289329529e-02
2.331659942865371704e-02
6.244701519608497620e-02
4.939526319503784180e-03
1.377802528440952301e-02
5.982010159641504288e-03
1.067677419632673264e-02
1.110866107046604156e-02
2.629766464233398438e-01
9.683737880550324917e-04
6.559624075889587402e-01
1.615529805421829224e-01
3.139356151223182678e-03
1.904506981372833252e-01
7.838390767574310303e-02
7.570483535528182983e-02
6.266780942678451538e-02
1.379208918660879135e-02
2.774769673123955727e-04
3.698887348175048828e+00
2.716187015175819397e-02
1.674626953899860382e-02
1.173119433224201202e-02
1.116923913359642029e-01
6.622497458010911942e-03
5.943762138485908508e-03
6.660705432295799255e-03
5.668576806783676147e-03
5.696781910955905914e-03
2.404501587152481079e-01
8.254581480287015438e-04
5.421115159988403320e-01
1.220154613256454468e-01
1.949322759173810482e-03
2.099206596612930298e-01
7.421964406967163086e-02
6.906786561012268066e-02
5.916329100728034973e-02
1.383600942790508270e-02
3.848490887321531773e-04
3.637693881988525391e+00
4.473234713077545166e-02
1.546853967010974884e-02
1.098067685961723328e-02
2.652585506439208984e-01
9.864983148872852325e-03
5.071909166872501373e-03
1.717239804565906525e-02
5.847081542015075684e-03
6.124493665993213654e-03
2.301925420761108398e-01
7.539339130744338036e-04
5.482630133628845215e-01
1.252745389938354492e-01
5.081862211227416992e-03
5.239517688751220703e-01
2.725718356668949127e-02
2.640876919031143188e-02
2.997171878814697266e-02
1.718669012188911438e-02
4.444249207153916359e-04
3.519532680511474609e+00
2.463799342513084412e-02
1.691143587231636047e-02
4.758566990494728088e-02
4.376927316188812256e-01
5.999789573252201080e-03
1.550880353897809982e-02
2.284129150211811066e-02
2.319463714957237244e-02
2.324738726019859314e-02
2.195991128683090210e-01
5.934496293775737286e-04
4.812023937702178955e-01
1.219397634267807007e-01
4.308336414396762848e-03
6.135161519050598145e-01
4.896078631281852722e-02
4.976949095726013184e-02
5.697165802121162415e-02
1.495064422488212585e-02
4.343600594438612461e-04
3.230887174606323242e+00
1.467932946979999542e-02
1.659011840820312500e-02
5.973123386502265930e-02
4.180402159690856934e-01
5.007093772292137146e-03
2.077684737741947174e-02
2.397398650646209717e-02
2.850518375635147095e-02
2.879187278449535370e-02
2.386756837368011475e-01
6.743036792613565922e-04
5.378544926643371582e-01
1.364341974258422852e-01
4.089406284037977457e-04
2.507151663303375244e-01
4.802940040826797485e-02
3.511552512645721436e-02
4.439502581954002380e-02
1.591048017144203186e-02
5.145018221810460091e-04
2.266188383102416992e+00
1.118537224829196930e-02
1.765544153749942780e-02
4.221404716372489929e-02
2.036628723144531250e-01
3.419506130740046501e-03
1.794170960783958435e-02
1.460054051131010056e-02
2.315113320946693420e-02
2.328532561659812927e-02
2.199182063341140747e-01
6.032789824530482292e-04
4.081052243709564209e-01
1.149901077151298523e-01
1.500790676800534129e-04
7.158179581165313721e-02
3.788536041975021362e-02
4.274749755859375000e-02
2.917930111289024353e-02
1.623245514929294586e-02
2.650007954798638821e-04
2.433000564575195312e+00
1.454080268740653992e-02
1.424007490277290344e-02
2.052580006420612335e-02
9.527418762445449829e-02
2.786512020975351334e-03
1.007183641195297241e-02
1.283665467053651810e-02
1.422790996730327606e-02
1.419998053461313248e-02
2.171050906181335449e-01
5.156057886779308319e-04
4.111496210098266602e-01
9.438220411539077759e-02
4.855980506590640289e-09
7.862088386900722980e-04
3.633575886487960815e-02
3.663970902562141418e-02
3.248444572091102600e-02
1.943870261311531067e-02
2.319893537787720561e-04
2.244664907455444336e+00
1.514644175767898560e-02
1.245387084782123566e-02
3.090422414243221283e-02
1.076101213693618774e-01
3.875045804306864738e-03
2.366361953318119049e-02
1.515627186745405197e-02
2.220275439321994781e-02
2.219139225780963898e-02
2.154059112071990967e-01
5.916990339756011963e-04
4.261459112167358398e-01
9.865433722734451294e-02
4.855980506590640289e-09
4.026984679512679577e-04
3.112854808568954468e-02
2.937626279890537262e-02
2.233946882188320160e-02
1.997333765029907227e-02
2.013733173953369260e-04
1.958600401878356934e+00
2.193232439458370209e-02
1.070982404053211212e-02
3.106649965047836304e-02
1.452117264270782471e-01
3.730371594429016113e-03
1.188488770276308060e-02
1.689025945961475372e-02
1.430997718125581741e-02
1.434671320021152496e-02
1.566804647445678711e-01
4.902752698399126530e-04
3.906586170196533203e-01
1.019639745354652405e-01
4.855980506590640289e-09
9.395260130986571312e-04
2.953762188553810120e-02
3.134789317846298218e-02
2.264397218823432922e-02
2.325689792633056641e-02
1.790858077583834529e-04
