2.011901885271072388e-01
8.976062387228012085e-02
7.002235949039459229e-02
5.858466029167175293e-02
8.619726449251174927e-02
2.673609554767608643e-02
4.069564118981361389e-02
6.408496294170618057e-03
4.112048819661140442e-02
4.822249338030815125e-02
6.432719528675079346e-02
4.969646106474101543e-04
3.842046260833740234e-01
5.457026362419128418e-01
3.732935738298692740e-09
9.396198205649852753e-03
5.135107412934303284e-02
4.803199693560600281e-02
4.604946449398994446e-02
1.710573434829711914e-01
5.783909000456333160e-04
2.920848429203033447e-01
7.976392656564712524e-02
6.823134422302246094e-02
1.407881826162338257e-01
6.657600402832031250e-02
2.512879110872745514e-02
4.622352123260498047e-02
6.822558585554361343e-03
5.101021006703376770e-02
5.163444206118583679e-02
5.718940496444702148e-02
4.626714799087494612e-04
3.897589743137359619e-01
6.284193992614746094e-01
3.732935738298692740e-09
1.219115871936082840e-02
1.131810843944549561e-01
1.168281435966491699e-01
1.149297952651977539e-01
1.147274598479270935e-01
4.283167363610118628e-04
3.402060568332672119e-01
8.908328413963317871e-02
7.223326712846755981e-02
7.802100479602813721e-02
1.515490263700485229e-01
3.748064860701560974e-02
5.729528144001960754e-02
3.311076387763023376e-02
6.565854698419570923e-02
6.575617194175720215e-02
7.265200465917587280e-02
7.861737976782023907e-04
6.414649486541748047e-01
4.288371801376342773e-01
3.732935738298692740e-09
3.130334196612238884e-03
1.063180938363075256e-01
1.079750061035156250e-01
1.350402384996414185e-01
1.066993251442909241e-01
1.031793071888387203e-03
2.000598162412643433e-01
7.249987125396728516e-02
6.781546026468276978e-02
8.614369481801986694e-02
1.569740623235702515e-01
4.095473513007164001e-02
5.795158818364143372e-02
4.710289463400840759e-02
5.842300131916999817e-02
5.858671292662620544e-02
1.126584634184837341e-01
7.312608067877590656e-04
8.395261764526367188e-01
3.622156083583831787e-01
3.732935738298692740e-09
2.348685171455144882e-03
1.045645102858543396e-01
8.581942319869995117e-02
1.232504472136497498e-01
1.008192002773284912e-01
5.967543693259358406e-04
2.628493607044219971e-01
7.826872915029525757e-02
9.992475062608718872e-02
1.199797913432121277e-01
1.799236088991165161e-01
5.762019753456115723e-02
7.863966375589370728e-02
5.877622961997985840e-02
8.060675114393234253e-02
8.117852360010147095e-02
1.477226465940475464e-01
7.779777515679597855e-04
9.233515262603759766e-01
6.001197695732116699e-01
3.732935738298692740e-09
1.139010768383741379e-02
1.083938106894493103e-01
1.004063114523887634e-01
1.090567708015441895e-01
1.166415810585021973e-01
3.676849883049726486e-04
2.933228313922882080e-01
7.749134302139282227e-02
1.026903465390205383e-01
1.432103067636489868e-01
2.805568873882293701e-01
6.426192075014114380e-02
9.329336881637573242e-02
6.312656402587890625e-02
9.200903028249740601e-02
9.275861829519271851e-02
1.562197059392929077e-01
7.410338730551302433e-04
6.119373440742492676e-01
1.939280033111572266e-01
3.732935738298692740e-09
5.336639937013387680e-03
1.192139983177185059e-01
1.123470887541770935e-01
1.073808893561363220e-01
8.836645632982254028e-02
6.022388115525245667e-04
2.047976255416870117e-01
7.567962259054183960e-02
9.298022836446762085e-02
1.801528930664062500e-01
3.166622817516326904e-01
6.911547482013702393e-02
1.163235232234001160e-01
7.797453552484512329e-02
1.030636057257652283e-01
1.030870676040649414e-01
1.382530927658081055e-01
6.881885346956551075e-04
5.818983316421508789e-01
2.944465279579162598e-01
3.732935738298692740e-09
5.777226874670304824e-08
1.237463131546974182e-01
1.160243228077888489e-01
1.163908019661903381e-01
9.471079707145690918e-02
3.168217663187533617e-04
2.508687078952789307e-01
1.158815622329711914e-01
1.467119604349136353e-01
1.784506291151046753e-01
1.430293172597885132e-01
7.778800278902053833e-02
1.027398630976676941e-01
5.811348184943199158e-02
1.070786491036415100e-01
1.074305474758148193e-01
1.780060529708862305e-01
6.965463398955762386e-04
5.713685154914855957e-01
1.273686289787292480e-01
3.732935738298692740e-09
7.648563385009765625e-01
1.054776683449745178e-01
9.934440255165100098e-02
9.722039103507995605e-02
9.356793016195297241e-02
3.267575521022081375e-04
8.854636549949645996e-02
1.065379753708839417e-01
1.337112039327621460e-01
2.598451673984527588e-01
2.391475886106491089e-01
6.436230987310409546e-02
1.837016493082046509e-01
7.120215892791748047e-02
1.790781766176223755e-01
1.796034574508666992e-01
2.499174922704696655e-01
7.138549699448049068e-04
5.838102698326110840e-01
9.730467200279235840e-02
3.732935738298692740e-09
8.603704571723937988e-01
1.022021993994712830e-01
9.233959764242172241e-02
9.582746028900146484e-02
7.206625491380691528e-02
2.421243552817031741e-04
2.248012088239192963e-02
1.427473574876785278e-01
1.703793406486511230e-01
3.864545822143554688e-01
1.658016890287399292e-01
9.662232547998428345e-02
2.980632483959197998e-01
8.765731006860733032e-02
2.607683837413787842e-01
2.699288129806518555e-01
3.156265318393707275e-01
3.820040728896856308e-04
4.496401846408843994e-01
1.000415310263633728e-01
4.836258292198181152e-02
2.275243043899536133e+00
8.994341641664505005e-02
8.310891687870025635e-02
8.195623755455017090e-02
8.157152682542800903e-02
3.346499579492956400e-04
1.787243597209453583e-02
2.405083924531936646e-01
3.117010593414306641e-01
4.918378293514251709e-01
2.059194296598434448e-01
1.626019328832626343e-01
3.462496697902679443e-01
9.696056693792343140e-02
3.532548844814300537e-01
3.537654876708984375e-01
5.396774411201477051e-01
2.436557115288451314e-04
3.979501724243164062e-01
1.151283308863639832e-01
8.290565758943557739e-02
3.004998445510864258e+00
1.756964772939682007e-01
1.441180258989334106e-01
1.317335218191146851e-01
1.272149831056594849e-01
2.455768990330398083e-04
2.176422439515590668e-02
5.311167836189270020e-01
5.118241310119628906e-01
5.906371474266052246e-01
2.939684092998504639e-01
2.665165960788726807e-01
3.148573935031890869e-01
1.515345126390457153e-01
3.212257921695709229e-01
3.222782015800476074e-01
5.926773548126220703e-01
2.325935492990538478e-04
3.164979517459869385e-01
9.538221359252929688e-02
8.291227370500564575e-02
3.005034685134887695e+00
3.000262677669525146e-01
2.616929709911346436e-01
2.192152738571166992e-01
3.234986066818237305e-01
2.487143501639366150e-04
7.027535233646631241e-03
4.316012859344482422e-01
5.007552504539489746e-01
5.902820825576782227e-01
3.626478016376495361e-01
3.096982240676879883e-01
3.652489185333251953e-01
1.335234791040420532e-01
3.639793395996093750e-01
3.626845777034759521e-01
4.642319977283477783e-01
4.773228138219565153e-04
3.394379317760467529e-01
8.547380566596984863e-02
8.291729539632797241e-02
3.005050659179687500e+00
2.003175467252731323e-01
1.872268170118331909e-01
1.738052517175674438e-01
1.677339524030685425e-01
5.883344565518200397e-04
5.373858287930488586e-02
5.207367539405822754e-01
4.673285484313964844e-01
5.197540521621704102e-01
7.200043797492980957e-01
3.050315082073211670e-01
4.071418941020965576e-01
2.519738078117370605e-01
3.432295024394989014e-01
4.064442217350006104e-01
5.824355483055114746e-01
8.223699405789375305e-04
7.246907353401184082e-01
1.445281952619552612e-01
8.291979134082794189e-02
3.005072832107543945e+00
8.608152717351913452e-02
7.720761746168136597e-02
9.499908238649368286e-02
1.957337260246276855e-01
1.373849809169769287e-03
7.788779586553573608e-02
1.689949184656143188e-01
1.859995573759078979e-01
1.887077838182449341e-01
2.657973766326904297e-01
1.284340769052505493e-01
1.732911616563796997e-01
1.265866607427597046e-01
1.733377426862716675e-01
1.725506037473678589e-01
1.593707501888275146e-01
2.690438413992524147e-04
2.969799041748046875e-01
9.155599027872085571e-02
8.291453868150711060e-02
3.005063295364379883e+00
9.143239259719848633e-02
8.393993973731994629e-02
6.959175318479537964e-02
1.665532439947128296e-01
2.505258016753941774e-04
2.082625217735767365e-02
2.031865566968917847e-01
3.014446496963500977e-01
7.393557578325271606e-02
2.826663255691528320e-01
1.540904492139816284e-01
6.758961081504821777e-02
1.389359980821609497e-01
5.797128751873970032e-02
5.790133401751518250e-02
1.065412759780883789e-01
2.942779974546283484e-04
2.941000759601593018e-01
1.139292642474174500e-01
8.291196078062057495e-02
3.005075454711914062e+00
8.102908730506896973e-02
7.506668567657470703e-02
7.441892474889755249e-02
1.843197494745254517e-01
1.801673060981556773e-04
1.722260750830173492e-02
2.519215047359466553e-01
2.962337732315063477e-01
7.750958949327468872e-02
1.850223094224929810e-01
1.153222620487213135e-01
8.460634201765060425e-02
7.676604390144348145e-02
8.499424904584884644e-02
8.545274287462234497e-02
1.977656334638595581e-01
3.439638821873813868e-04
2.922246158123016357e-01
1.935353130102157593e-01
8.291119337081909180e-02
3.005106925964355469e+00
8.217737823724746704e-02
7.448641210794448853e-02
7.028423994779586792e-02
1.788326948881149292e-01
2.920599363278597593e-04
2.625719271600246429e-02
1.935131549835205078e-01
2.036986202001571655e-01
6.647338718175888062e-02
9.180257916450500488e-01
6.101884320378303528e-02
7.959132641553878784e-02
4.230700060725212097e-02
1.004492342472076416e-01
1.014247462153434753e-01
1.672611981630325317e-01
3.608915430959314108e-04
3.158152997493743896e-01
1.519524008035659790e-01
8.291324973106384277e-02
3.005146980285644531e+00
1.988131999969482422e-01
2.168251276016235352e-01
1.506724208593368530e-01
1.535382717847824097e-01
1.264744787476956844e-04
1.928956620395183563e-02
1.238521113991737366e-01
1.327857226133346558e-01
2.383697479963302612e-01
3.759433329105377197e-01
4.989014193415641785e-02
2.634395658969879150e-01
9.838745743036270142e-02
2.756229341030120850e-01
2.779564559459686279e-01
2.781289517879486084e-01
3.588919935282319784e-04
2.580230534076690674e-01
1.717972755432128906e-01
8.291680365800857544e-02
3.005193948745727539e+00
1.036927402019500732e-01
1.027011945843696594e-01
9.526574611663818359e-02
2.294114679098129272e-01
1.182299238280393183e-04
6.354867666959762573e-02
1.636934429407119751e-01
1.910647600889205933e-01
2.231465131044387817e-01
1.106282830238342285e+00
6.315378844738006592e-02
1.952204853296279907e-01
9.808584302663803101e-02
1.920594722032546997e-01
1.894207000732421875e-01
2.364373058080673218e-01
4.446684615686535835e-04
2.199784517288208008e-01
1.410910636186599731e-01
8.291982859373092651e-02
3.005222082138061523e+00
2.033172734081745148e-02
1.834861375391483307e-02
1.197568420320749283e-02
2.823729813098907471e-01
2.702699566725641489e-04
2.612048387527465820e-02
1.726443171501159668e-01
1.963322162628173828e-01
2.476660758256912231e-01
3.336709737777709961e-01
6.327544897794723511e-02
2.800755798816680908e-01
3.429676219820976257e-02
2.376372367143630981e-01
2.329506278038024902e-01
5.065572634339332581e-02
3.223009698558598757e-04
2.666733264923095703e-01
8.373928070068359375e-02
8.292358368635177612e-02
3.035626649856567383e+00
1.207075733691453934e-02
1.324025448411703110e-02
8.108358830213546753e-03
1.852956265211105347e-01
3.159447514917701483e-04
1.987059228122234344e-02
2.680062055587768555e-01
2.963442206382751465e-01
2.636255323886871338e-01
9.322047233581542969e-02
1.265903562307357788e-01
3.325335085391998291e-01
2.102216519415378571e-02
3.672768771648406982e-01
3.493642508983612061e-01
1.270226836204528809e-01
2.634117845445871353e-04
3.047075569629669189e-01
9.684232622385025024e-02
8.292747288942337036e-02
3.035619020462036133e+00
2.868124842643737793e-02
2.835402451455593109e-02
1.928632520139217377e-02
1.906197220087051392e-01
2.787683915812522173e-04
9.233331680297851562e-02
2.556786537170410156e-01
2.667721211910247803e-01
3.306165039539337158e-01
1.654907017946243286e-01
1.080054268240928650e-01
2.664622068405151367e-01
2.161783538758754730e-02
2.403436452150344849e-01
2.415420264005661011e-01
1.116897240281105042e-01
3.361933631822466850e-04
1.537035703659057617e-01
9.605715423822402954e-02
8.293034881353378296e-02
3.035641670227050781e+00
4.091210663318634033e-02
4.953076317906379700e-02
2.450635842978954315e-02
2.513025701045989990e-01
3.936013672500848770e-04
2.140381187200546265e-01
1.566258817911148071e-01
1.832668632268905640e-01
1.203698739409446716e-01
1.085648015141487122e-01
7.745847851037979126e-02
5.267417430877685547e-02
2.370956726372241974e-02
7.949291914701461792e-02
8.144381642341613770e-02
1.118750050663948059e-01
4.190700128674507141e-04
2.250485420227050781e-01
3.879569470882415771e-02
8.292564004659652710e-02
1.777707457542419434e+00
7.108441740274429321e-02
7.562070339918136597e-02
3.819547966122627258e-02
1.256835758686065674e-01
3.252177557442337275e-04
1.668113917112350464e-01
1.265131086111068726e-01
1.508578807115554810e-01
5.944687500596046448e-02
8.107387274503707886e-02
9.453224390745162964e-02
7.760171312838792801e-03
2.282569743692874908e-02
9.205383062362670898e-02
4.177431762218475342e-02
9.711328148841857910e-02
6.309642922133207321e-04
1.715602874755859375e-01
4.359238967299461365e-02
8.292020112276077271e-02
1.644061088562011719e+00
1.097775325179100037e-01
1.229203566908836365e-01
5.373063310980796814e-02
1.336593478918075562e-01
2.044410066446289420e-04
1.999587267637252808e-01
1.931962519884109497e-01
2.328748703002929688e-01
1.861539296805858612e-02
3.192169666290283203e-01
1.147556528449058533e-01
2.486978657543659210e-02
9.670516103506088257e-02
1.944479346275329590e-02
1.924911141395568848e-02
1.609503626823425293e-01
2.529711637180298567e-04
1.775457859039306641e-01
4.914055392146110535e-02
2.514236234128475189e-02
2.067141771316528320e+00
1.374906152486801147e-01
1.150832697749137878e-01
6.399583071470260620e-02
1.185500919818878174e-01
2.603969769552350044e-04
7.445079833269119263e-02
1.771125793457031250e-01
2.178853303194046021e-01
5.067899823188781738e-03
3.150496184825897217e-01
1.249345839023590088e-01
9.094246663153171539e-03
1.218067705631256104e-01
1.076551526784896851e-02
1.088681817054748535e-02
1.966987699270248413e-01
3.572291461750864983e-04
2.116079479455947876e-01
5.765041708946228027e-02
1.898061367683112621e-03
3.263431787490844727e-01
1.901514381170272827e-01
2.032383084297180176e-01
7.297279685735702515e-02
1.760636568069458008e-01
1.459528575651347637e-04
1.066338419914245605e-01
2.503101527690887451e-01
2.387688755989074707e-01
1.169408112764358521e-02
3.641970455646514893e-01
1.399007290601730347e-01
1.722454838454723358e-02
1.143497601151466370e-01
1.966797374188899994e-02
1.967319473624229431e-02
2.693463861942291260e-01
3.084884083364158869e-04
2.063138484954833984e-01
5.921740829944610596e-02
1.343874260783195496e-03
2.222347259521484375e-01
1.692954152822494507e-01
1.690154820680618286e-01
9.361848980188369751e-02
1.686489582061767578e-01
3.192356089130043983e-04
4.528994485735893250e-02
1.598018556833267212e-01
1.591816395521163940e-01
3.593709692358970642e-02
9.270504117012023926e-02
1.231712102890014648e-01
9.792124852538108826e-03
7.123120874166488647e-02
1.930262707173824310e-02
1.943114399909973145e-02
2.153695672750473022e-01
3.239201905671507120e-04
2.136032432317733765e-01
5.348379537463188171e-02
8.071672054938971996e-04
2.544294595718383789e-01
2.639522552490234375e-01
2.760032713413238525e-01
1.710006445646286011e-01
1.216932535171508789e-01
2.884511777665466070e-04
2.297523804008960724e-02
1.876689046621322632e-01
2.005708217620849609e-01
2.117489278316497803e-02
1.956855803728103638e-01
1.619908064603805542e-01
1.532352436333894730e-02
1.250009983777999878e-01
1.586319692432880402e-02
1.580398343503475189e-02
1.425953656435012817e-01
3.926564531866461039e-04
2.724072337150573730e-01
5.643383041024208069e-02
1.718461164273321629e-03
1.568187475204467773e-01
4.013532102108001709e-01
3.494445383548736572e-01
2.926451265811920166e-01
1.377287060022354126e-01
2.008346637012436986e-04
6.079347059130668640e-02
1.621400713920593262e-01
1.782975643873214722e-01
1.771009154617786407e-02
2.069855332374572754e-01
1.459086984395980835e-01
1.690481044352054596e-02
1.541881114244461060e-01
2.156474255025386810e-02
2.082577906548976898e-02
1.566620022058486938e-01
3.870984364766627550e-04
2.530952990055084229e-01
6.115400791168212891e-02
8.219399605877697468e-04
3.324183821678161621e-01
5.311660170555114746e-01
3.489279747009277344e-01
3.159268498420715332e-01
1.269284933805465698e-01
4.893317236565053463e-04
3.246168792247772217e-02
1.669423729181289673e-01
1.835382729768753052e-01
3.670679032802581787e-02
1.973676681518554688e-01
1.676719635725021362e-01
2.962637692689895630e-02
1.901674717664718628e-01
3.089343570172786713e-02
3.145981207489967346e-02
1.394106000661849976e-01
4.194588109385222197e-04
3.398494720458984375e-01
7.025984674692153931e-02
1.605179160833358765e-03
2.497550696134567261e-01
4.038976728916168213e-01
3.650248050689697266e-01
2.853302955627441406e-01
1.460515856742858887e-01
3.197102632839232683e-04
3.903342410922050476e-03
1.709305793046951294e-01
1.775585860013961792e-01
1.388991344720125198e-02
2.416153550148010254e-01
1.798433512449264526e-01
1.294928416609764099e-02
2.938838005065917969e-01
1.355114113539457321e-02
1.388162095099687576e-02
1.369098424911499023e-01
3.828386834356933832e-04
2.514035403728485107e-01
1.017098650336265564e-01
5.095373489893972874e-04
2.266703397035598755e-01
2.438997477293014526e-01
2.227741628885269165e-01
2.483079880475997925e-01
1.508488506078720093e-01
3.006836923304945230e-04
6.737589836120605469e-03
2.153759002685546875e-01
2.296664714813232422e-01
1.385601237416267395e-02
5.978241562843322754e-01
2.068376094102859497e-01
1.405453681945800781e-02
3.208819031715393066e-01
1.159527432173490524e-02
1.165004167705774307e-02
1.899754554033279419e-01
3.995735023636370897e-04
3.924224078655242920e-01
7.374227046966552734e-02
8.513052016496658325e-04
2.391905337572097778e-01
1.061039790511131287e-01
1.161487922072410583e-01
1.145690754055976868e-01
1.341908425092697144e-01
3.142815839964896441e-04
1.755841448903083801e-02
2.805197536945343018e-01
2.678264081478118896e-01
2.173296548426151276e-02
6.156130433082580566e-01
2.757496833801269531e-01
2.428370900452136993e-02
3.811128437519073486e-01
2.481210790574550629e-02
2.484664320945739746e-02
2.128265351057052612e-01
4.396059084683656693e-04
2.832821309566497803e-01
6.242376565933227539e-02
8.827547426335513592e-04
1.466131806373596191e-01
3.283759951591491699e-02
3.207322582602500916e-02
3.443865850567817688e-02
1.567054539918899536e-01
7.109752041287720203e-04
1.086174231022596359e-02
3.938789367675781250e-01
3.685881197452545166e-01
1.415787544101476669e-02
1.420977950096130371e+00
3.489158153533935547e-01
1.404369343072175980e-02
5.762376189231872559e-01
1.458709407597780228e-02
1.455914229154586792e-02
3.343915939331054688e-01
3.018756397068500519e-04
1.725929975509643555e-01
8.360469341278076172e-02
2.405917970463633537e-03
1.561143845319747925e-01
6.738792359828948975e-02
6.807917356491088867e-02
6.717288494110107422e-02
1.766944676637649536e-01
2.183166099712252617e-03
5.730909481644630432e-02
2.691717147827148438e-01
2.870405912399291992e-01
2.958662994205951691e-02
4.403580427169799805e-01
2.623263597488403320e-01
3.262633457779884338e-02
3.385317325592041016e-01
3.338524699211120605e-02
3.383274003863334656e-02
2.306604832410812378e-01
3.013425448443740606e-04
1.628858894109725952e-01
6.738904863595962524e-02
4.286925832275301218e-04
2.024692296981811523e-01
8.023525029420852661e-02
8.106391876935958862e-02
7.405226677656173706e-02
1.925863176584243774e-01
9.019972640089690685e-04
5.202935263514518738e-02
2.142030447721481323e-01
2.232249975204467773e-01
7.251476496458053589e-02
2.173859626054763794e-01
2.186086028814315796e-01
6.658503413200378418e-02
2.506442666053771973e-01
6.888223439455032349e-02
6.842348724603652954e-02
2.001962810754776001e-01
3.105884825345128775e-04
1.891649514436721802e-01
4.876603558659553528e-02
1.628307276405394077e-03
1.652975678443908691e-01
4.635949805378913879e-02
4.202310368418693542e-02
4.560226202011108398e-02
1.426214426755905151e-01
7.195158395916223526e-04
2.161331474781036377e-02
1.980574578046798706e-01
1.986504346132278442e-01
8.005746454000473022e-02
2.511225640773773193e-01
1.986408382654190063e-01
8.085205405950546265e-02
2.683160006999969482e-01
7.894252985715866089e-02
8.114232867956161499e-02
1.446823030710220337e-01
2.419222146272659302e-04
1.565709263086318970e-01
4.528376087546348572e-02
2.190209197578951716e-04
1.976208835840225220e-01
4.328598454594612122e-02
4.787550494074821472e-02
4.362764582037925720e-02
9.851953387260437012e-02
1.799633027985692024e-04
1.372633967548608780e-02
2.152857035398483276e-01
1.971265822649002075e-01
2.775890193879604340e-02
3.103545606136322021e-01
2.188329547643661499e-01
2.855780720710754395e-02
3.515616655349731445e-01
3.218568861484527588e-02
3.254769369959831238e-02
1.824036836624145508e-01
3.072255931328982115e-04
1.693636327981948853e-01
5.930802226066589355e-02
6.349997711367905140e-04
3.856582939624786377e-02
3.954901173710823059e-02
3.841397538781166077e-02
4.359656944870948792e-02
1.390601545572280884e-01
2.013772755162790418e-04
3.796285763382911682e-02
7.684238255023956299e-02
5.485389754176139832e-02
2.049758844077587128e-02
2.136055231094360352e-01
8.542761951684951782e-02
2.430074103176593781e-02
1.581382155418395996e-01
1.202654931694269180e-02
1.196961570531129837e-02
4.083804786205291748e-02
4.025801608804613352e-04
2.169965952634811401e-01
7.161674648523330688e-02
9.049872751347720623e-04
1.109568402171134949e-01
2.146607078611850739e-02
2.568702399730682373e-02
2.585299871861934662e-02
9.190294891595840454e-02
1.849306281656026840e-04
4.519469663500785828e-02
2.737326920032501221e-02
5.488891527056694031e-02
1.570183597505092621e-02
1.451302915811538696e-01
5.458335205912590027e-02
1.993242837488651276e-02
1.429487913846969604e-01
1.941632479429244995e-02
1.982090063393115997e-02
4.174548387527465820e-02
5.350909777916967869e-04
6.259959936141967773e-01
8.866426348686218262e-02
1.046770135872066021e-03
6.546815484762191772e-02
2.027488499879837036e-02
2.302743494510650635e-02
1.939584501087665558e-02
2.505496144294738770e-02
1.332647952949628234e-04
3.361640125513076782e-02
2.310750819742679596e-02
1.613561250269412994e-02
2.471813559532165527e-02
9.183108806610107422e-02
2.172551490366458893e-02
2.278775908052921295e-02
3.201977536082267761e-02
2.205099351704120636e-02
2.222598530352115631e-02
5.358437076210975647e-02
7.701884023845195770e-04
6.279476284980773926e-01
7.416233420372009277e-02
3.732935738298692740e-09
6.022855523042380810e-04
1.679166220128536224e-02
1.763052307069301605e-02
1.517957914620637894e-02
1.022571399807929993e-01
6.704917177557945251e-05
1.186621710658073425e-01
4.526098072528839111e-02
7.500229030847549438e-02
3.391028940677642822e-02
7.960540652275085449e-01
1.384864598512649536e-01
4.038408026099205017e-02
7.714485377073287964e-02
3.340438008308410645e-02
3.895694389939308167e-02
7.670454978942871094e-01
5.605883779935538769e-04
2.603243291378021240e-01
7.169565558433532715e-02
3.732935738298692740e-09
5.038157105445861816e-04
4.117102548480033875e-02
4.493247345089912415e-02
4.504788294434547424e-02
8.984782546758651733e-02
1.396681036567315459e-04
1.783783584833145142e-01
4.222276806831359863e-02
2.823015302419662476e-02
4.086238518357276917e-02
7.846851348876953125e-01
3.007651306688785553e-02
4.860286787152290344e-02
4.519662633538246155e-02
4.680953919887542725e-02
4.597970843315124512e-02
1.398883014917373657e-01
4.994714981876313686e-04
2.533710896968841553e-01
1.036852374672889709e-01
3.732935738298692740e-09
7.475092425011098385e-04
9.839489124715328217e-03
1.003575045615434647e-02
7.322847377508878708e-03
8.456475287675857544e-02
1.209370748256333172e-04
1.198077574372291565e-01
6.373888254165649414e-02
4.573288932442665100e-02
3.267887607216835022e-02
1.012130603194236755e-01
4.927070066332817078e-02
3.654408082365989685e-02
3.064606338739395142e-02
3.207692131400108337e-02
3.192809596657752991e-02
1.805177517235279083e-02
5.151813966222107410e-04
2.791558206081390381e-01
7.539518922567367554e-02
3.732935738298692740e-09
6.788244354538619518e-04
1.195183862000703812e-02
9.035415016114711761e-03
5.190412979573011398e-03
2.242223732173442841e-02
9.750665049068629742e-05
1.277049332857131958e-01
7.960628718137741089e-02
6.005267426371574402e-02
1.372596472501754761e-01
6.830450892448425293e-02
6.399460881948471069e-02
1.194757595658302307e-01
3.470089659094810486e-02
1.176251843571662903e-01
1.172477975487709045e-01
8.091575466096401215e-03
4.672963696066290140e-04
2.541591227054595947e-01
7.825494557619094849e-02
3.732935738298692740e-09
6.159499171189963818e-04
1.557116582989692688e-02
1.643402501940727234e-02
1.755492389202117920e-02
2.276957035064697266e-02
1.120717861340381205e-04
9.342479705810546875e-02
1.522183120250701904e-01
1.249811872839927673e-01
1.035987958312034607e-01
1.478288322687149048e-01
1.168397143483161926e-01
1.265912204980850220e-01
5.690432712435722351e-02
1.219845712184906006e-01
1.220672354102134705e-01
7.056049257516860962e-02
4.597642982844263315e-04
2.659490406513214111e-01
7.867696136236190796e-02
3.732935738298692740e-09
7.146649877540767193e-04
5.008178949356079102e-02
4.739023745059967041e-02
4.244399070739746094e-02
2.433847449719905853e-02
3.363084688317030668e-04
1.054488122463226318e-01
9.269038587808609009e-02
7.240407168865203857e-02
8.540258556604385376e-02
1.100701168179512024e-01
8.797029405832290649e-02
1.034353598952293396e-01
7.810407131910324097e-02
9.821989387273788452e-02
9.851845353841781616e-02
2.161639370024204254e-02
6.220794166438281536e-04
3.877723217010498047e-01
1.082914099097251892e-01
3.732935738298692740e-09
4.613060445990413427e-04
1.106158867478370667e-01
8.405002206563949585e-02
9.366407245397567749e-02
3.628029301762580872e-02
3.751548138097859919e-05
1.347627788782119751e-01
1.920830458402633667e-01
2.040687352418899536e-01
5.693512782454490662e-02
2.343260794878005981e-01
1.489968597888946533e-01
7.539383322000503540e-02
1.507142633199691772e-01
7.526463270187377930e-02
7.460618019104003906e-02
8.833422511816024780e-02
7.404003408737480640e-04
5.266136527061462402e-01
1.379803568124771118e-01
3.732935738298692740e-09
1.159957610070705414e-04
1.313026100397109985e-01
1.296383887529373169e-01
8.657068014144897461e-02
7.007015496492385864e-02
1.729148352751508355e-04
9.966983646154403687e-02
9.926489740610122681e-02
8.195909112691879272e-02
7.547726482152938843e-02
9.757836908102035522e-02
1.109006106853485107e-01
1.027117967605590820e-01
5.595232918858528137e-02
9.864979237318038940e-02
9.850976616144180298e-02
3.756097704172134399e-02
9.628071566112339497e-04
1.011875033378601074e+00
6.995581835508346558e-02
3.732935738298692740e-09
2.813702740240842104e-04
1.353292316198348999e-01
1.090700253844261169e-01
9.875538200139999390e-02
1.143831983208656311e-01
1.215221491293050349e-04
1.093868240714073181e-01
1.287338286638259888e-01
1.255861222743988037e-01
1.087130606174468994e-01
7.883038371801376343e-02
1.521664410829544067e-01
1.131075397133827209e-01
6.196357682347297668e-02
1.141813918948173523e-01
1.163964867591857910e-01
4.240207001566886902e-02
1.115670078434050083e-03
8.591472506523132324e-01
9.726557880640029907e-02
3.732935738298692740e-09
9.247931302525103092e-04
1.883756369352340698e-01
1.732690930366516113e-01
1.094550862908363342e-01
1.254306286573410034e-01
1.903827069327235222e-04
1.520810574293136597e-01
1.148435249924659729e-01
8.874955028295516968e-02
1.129425764083862305e-01
1.804728247225284576e-02
1.508156806230545044e-01
1.541890203952789307e-01
5.541034415364265442e-02
1.534090042114257812e-01
1.547327041625976562e-01
4.062550142407417297e-02
1.202210667543113232e-03
8.789358139038085938e-01
1.016946211457252502e-01
3.732935738298692740e-09
5.777226874670304824e-08
1.293199807405471802e-01
1.388567388057708740e-01
8.770862966775894165e-02
1.877494454383850098e-01
8.885373244993388653e-05
1.466360837221145630e-01
1.565819829702377319e-01
1.232280954718589783e-01
1.407432705163955688e-01
2.476542256772518158e-02
2.030201405286788940e-01
2.086100578308105469e-01
9.615264087915420532e-02
1.937267184257507324e-01
1.814091950654983521e-01
4.242200776934623718e-02
1.352413906715810299e-03
9.584569931030273438e-01
8.122356981039047241e-02
3.732935738298692740e-09
5.777226874670304824e-08
1.543324738740921021e-01
1.522134542465209961e-01
7.173537462949752808e-02
2.206810712814331055e-01
9.549786773277446628e-05
7.993748784065246582e-02
7.799825817346572876e-02
6.037775799632072449e-02
1.658629179000854492e-01
1.419581770896911621e-01
1.088921204209327698e-01
2.202916294336318970e-01
5.799354985356330872e-02
2.131415605545043945e-01
2.157230377197265625e-01
1.795793138444423676e-02
1.114593818783760071e-03
9.765984416007995605e-01
8.381775766611099243e-02
3.732935738298692740e-09
5.777226874670304824e-08
1.516448706388473511e-01
1.494148969650268555e-01
8.228252083063125610e-02
2.807122170925140381e-01
1.829874963732436299e-04
1.367741972208023071e-01
1.171277984976768494e-01
8.603448420763015747e-02
1.139699891209602356e-01
7.474270462989807129e-02
1.436609476804733276e-01
1.600201576948165894e-01
7.760635763406753540e-02
1.541774421930313110e-01
1.547453403472900391e-01
2.197515405714511871e-02
1.005499507300555706e-03
7.309842109680175781e-01
3.967101499438285828e-02
3.732935738298692740e-09
5.777226874670304824e-08
1.809224486351013184e-01
1.781513243913650513e-01
7.987443357706069946e-02
2.888987362384796143e-01
2.009121235460042953e-04
1.270864158868789673e-01
1.023620367050170898e-01
6.731329858303070068e-02
1.068826541304588318e-01
1.185697317123413086e-01
1.143084764480590820e-01
1.484541743993759155e-01
7.772503048181533813e-02
1.489536762237548828e-01
1.461986452341079712e-01
2.169233374297618866e-02
6.538220332004129887e-04
7.723955512046813965e-01
3.240558505058288574e-02
3.732935738298692740e-09
5.777226874670304824e-08
1.610392183065414429e-01
1.659114509820938110e-01
9.247648715972900391e-02
2.549091875553131104e-01
2.331561845494434237e-04
2.391999401152133942e-02
1.201192513108253479e-01
9.795036166906356812e-02
9.044846892356872559e-02
1.074353083968162537e-01
1.841741651296615601e-01
1.441709250211715698e-01
1.106736287474632263e-01
1.385547369718551636e-01
1.405521035194396973e-01
3.537774458527565002e-02
5.432918551377952099e-04
6.532498598098754883e-01
2.903194166719913483e-02
3.732935738298692740e-09
5.777226874670304824e-08
1.977847069501876831e-01
1.949276477098464966e-01
8.582875877618789673e-02
1.438194513320922852e-01
1.906548131955787539e-04
6.674734875559806824e-03
1.264221072196960449e-01
1.146394833922386169e-01
1.101147308945655823e-01
1.342288106679916382e-01
1.765626668930053711e-01
1.613189727067947388e-01
1.413964182138442993e-01
1.575715094804763794e-01
1.584672182798385620e-01
4.452850297093391418e-02
4.779862938448786736e-04
4.633478224277496338e-01
2.337132394313812256e-02
3.732935738298692740e-09
5.777226874670304824e-08
2.515633404254913330e-01
2.456391006708145142e-01
1.353995352983474731e-01
1.906176805496215820e-01
4.730614891741424799e-04
1.893818937242031097e-02
1.758282631635665894e-01
1.938518732786178589e-01
1.076320409774780273e-01
1.314191371202468872e-01
2.322490066289901733e-01
1.747602671384811401e-01
1.803553104400634766e-01
1.618594974279403687e-01
1.612084060907363892e-01
7.654087990522384644e-02
5.002942052669823170e-04
4.788784980773925781e-01
9.066998958587646484e-02
3.732935738298692740e-09
5.777226874670304824e-08
3.647115528583526611e-01
3.073289394378662109e-01
2.167364358901977539e-01
2.841567695140838623e-01
2.370753791183233261e-04
3.567653894424438477e-02
2.909118831157684326e-01
2.507650256156921387e-01
1.163045987486839294e-01
2.380780577659606934e-01
3.458861112594604492e-01
1.373226791620254517e-01
1.959083825349807739e-01
1.541235893964767456e-01
1.510113030672073364e-01
1.430750489234924316e-01
6.719430093653500080e-04
6.978661417961120605e-01
9.505590051412582397e-02
3.732935738298692740e-09
5.777226874670304824e-08
2.389163225889205933e-01
2.200409322977066040e-01
1.620447933673858643e-01
4.011728763580322266e-01
3.842943406198173761e-04
3.173416480422019958e-02
1.035779938101768494e-01
8.673259615898132324e-02
1.092290654778480530e-01
1.931692212820053101e-01
1.599925905466079712e-01
1.544053554534912109e-01
1.144303157925605774e-01
1.533421277999877930e-01
1.574169546365737915e-01
4.016941413283348083e-02
5.897154333069920540e-04
5.627155303955078125e-01
9.654832631349563599e-02
3.732935738298692740e-09
5.777226874670304824e-08
1.274517774581909180e-01
9.733191132545471191e-02
8.965033292770385742e-02
2.351364642381668091e-01
5.512637435458600521e-04
8.359020948410034180e-02
4.695509746670722961e-02
4.570461809635162354e-02
5.809025466442108154e-02
2.224839925765991211e-01
7.500996440649032593e-02
1.150210872292518616e-01
1.157946959137916565e-01
1.144155338406562805e-01
1.147842034697532654e-01
3.736723959445953369e-02
4.708508495241403580e-04
3.872347176074981689e-01
9.253648668527603149e-02
3.732935738298692740e-09
5.777226874670304824e-08
1.988511830568313599e-01
1.914569884538650513e-01
7.426710426807403564e-02
1.332646161317825317e-01
2.824281109496951103e-04
7.734142988920211792e-02
1.519869547337293625e-02
1.159119885414838791e-02
2.020829543471336365e-02
2.621884644031524658e-01
2.008182555437088013e-02
4.361815378069877625e-02
1.133345291018486023e-01
9.480103105306625366e-02
1.333977561444044113e-02
2.434138394892215729e-02
5.644329939968883991e-04
4.408766031265258789e-01
1.157394945621490479e-01
3.732935738298692740e-09
5.777226874670304824e-08
4.385515674948692322e-02
4.257613793015480042e-02
4.634493216872215271e-02
1.024960875511169434e-01
1.960641966434195638e-04
2.612382732331752777e-02
2.075647935271263123e-02
1.921009644865989685e-02
2.293172664940357208e-02
3.852170705795288086e-01
3.187423944473266602e-02
3.645737096667289734e-02
1.498621553182601929e-01
3.775831311941146851e-02
3.590060397982597351e-02
3.650548681616783142e-02
4.595373466145247221e-04
4.047626256942749023e-01
1.552227586507797241e-01
3.732935738298692740e-09
5.777226874670304824e-08
5.738398432731628418e-02
5.796531960368156433e-02
4.060056433081626892e-02
3.648958727717399597e-02
3.688453871291130781e-04
2.407093299552798271e-03
1.725038886070251465e-02
1.621935330331325531e-02
3.290998935699462891e-02
3.371659815311431885e-01
3.460049629211425781e-02
6.012595817446708679e-02
2.009463757276535034e-01
5.952194333076477051e-02
6.011834740638732910e-02
3.336322680115699768e-02
5.250500980764627457e-04
4.920315444469451904e-01
1.598372906446456909e-01
3.732935738298692740e-09
5.777226874670304824e-08
4.801396653056144714e-02
5.815397202968597412e-02
3.303019702434539795e-02
6.465000659227371216e-02
1.682384900050237775e-04
3.002764424309134483e-03
7.001593708992004395e-02
6.776688247919082642e-02
6.595668196678161621e-02
7.941982746124267578e-01
1.210645362734794617e-01
1.510406881570816040e-01
5.205481052398681641e-01
1.164362058043479919e-01
1.130560263991355896e-01
1.818195730447769165e-01
7.270199712365865707e-04
5.141397118568420410e-01
1.644870489835739136e-01
3.732935738298692740e-09
5.777226874670304824e-08
8.031690120697021484e-02
8.146494626998901367e-02
6.495113670825958252e-02
4.837358370423316956e-02
2.029897441389039159e-04
8.018728345632553101e-03
8.761983364820480347e-02
8.945146948099136353e-02
1.114967465400695801e-01
1.112967133522033691e+00
1.321590691804885864e-01
1.767526119947433472e-01
6.250351071357727051e-01
1.722332984209060669e-01
1.459107846021652222e-01
2.103419303894042969e-01
8.672143449075520039e-04
7.947993874549865723e-01
1.619192063808441162e-01
3.732935738298692740e-09
5.777226874670304824e-08
8.044108003377914429e-02
8.011758327484130859e-02
4.448704048991203308e-02
3.779897466301918030e-02
2.657775476109236479e-04
4.834691993892192841e-03
4.486254975199699402e-02
3.590944036841392517e-02
1.329338829964399338e-02
5.100214481353759766e-01
4.521721601486206055e-02
3.585645556449890137e-02
2.709707319736480713e-01
6.561711430549621582e-02
6.527263671159744263e-02
2.668330818414688110e-02
6.592602585442364216e-04
4.178449213504791260e-01
1.640268564224243164e-01
3.732935738298692740e-09
5.777226874670304824e-08
1.530085969716310501e-02
1.674556173384189606e-02
8.201328106224536896e-03
1.715653687715530396e-01
2.033177297562360764e-04
2.036497695371508598e-03
1.905629597604274750e-02
1.768905483186244965e-02
1.124306302517652512e-02
4.852338731288909912e-01
2.667392045259475708e-02
2.111001312732696533e-02
1.681858748197555542e-01
1.951709389686584473e-02
1.965271122753620148e-02
8.547743782401084900e-03
7.756183040328323841e-04
5.903945565223693848e-01
1.617312431335449219e-01
3.732935738298692740e-09
5.777226874670304824e-08
4.436084255576133728e-02
3.636214137077331543e-02
1.174408942461013794e-02
5.185108259320259094e-02
3.036560665350407362e-04
8.019905537366867065e-03
1.828707940876483917e-02
1.397804636508226395e-02
5.070251226425170898e-02
5.764933228492736816e-01
2.226637490093708038e-02
9.903469681739807129e-02
1.155070587992668152e-01
9.595928341150283813e-02
9.479206800460815430e-02
1.560636982321739197e-02
8.172877132892608643e-04
4.862246513366699219e-01
1.625671982765197754e-01
3.732935738298692740e-09
5.777226874670304824e-08
6.980317085981369019e-02
5.402503907680511475e-02
2.799014747142791748e-02
4.086146876215934753e-02
4.180472169537097216e-04
6.753243505954742432e-03
1.840050332248210907e-02
1.874094828963279724e-02
6.689173728227615356e-02
6.158476471900939941e-01
2.413737028837203979e-02
1.263228952884674072e-01
1.425315737724304199e-01
1.283435672521591187e-01
1.253712326288223267e-01
1.860778592526912689e-02
9.352327324450016022e-04
6.642205119132995605e-01
2.007579654455184937e-01
3.732935738298692740e-09
5.777226874670304824e-08
6.501691788434982300e-02
8.155899494886398315e-02
1.935181953012943268e-02
5.840836092829704285e-02
4.781038733199238777e-04
4.318566527217626572e-03
3.401750326156616211e-02
3.346077725291252136e-02
3.863626718521118164e-02
5.970394015312194824e-01
5.111325904726982117e-02
9.019658714532852173e-02
1.656424403190612793e-01
9.013815969228744507e-02
8.945816755294799805e-02
1.453004032373428345e-02
8.010321762412786484e-04
5.123234391212463379e-01
2.056230157613754272e-01
3.732935738298692740e-09
5.777226874670304824e-08
1.081912294030189514e-01
1.327356547117233276e-01
4.747140407562255859e-02
7.903865724802017212e-02
4.226679739076644182e-04
9.866728447377681732e-03
6.135635450482368469e-02
5.758522823452949524e-02
4.224497079849243164e-02
4.860190451145172119e-01
7.824834436178207397e-02
7.986006885766983032e-02
1.998232603073120117e-01
8.884445577859878540e-02
8.697617053985595703e-02
3.182770684361457825e-02
7.055082242004573345e-04
5.224079489707946777e-01
1.895781755447387695e-01
3.732935738298692740e-09
5.777226874670304824e-08
1.346602737903594971e-01
1.471091955900192261e-01
5.810885503888130188e-02
7.594618201255798340e-02
7.703082519583404064e-04
2.393483556807041168e-02
2.460061572492122650e-02
1.946093328297138214e-02
9.886076301336288452e-02
8.711454272270202637e-01
3.265900164842605591e-02
1.604699939489364624e-01
2.581637799739837646e-01
1.624562889337539673e-01
1.631422191858291626e-01
1.291980594396591187e-02
5.533006624318659306e-04
3.386354148387908936e-01
1.566625237464904785e-01
3.732935738298692740e-09
5.777226874670304824e-08
2.283076494932174683e-01
2.311677485704421997e-01
1.145678535103797913e-01
7.649570703506469727e-02
5.590742803178727627e-04
4.274161159992218018e-02
4.516623914241790771e-02
4.160179197788238525e-02
4.359067603945732117e-02
7.940175533294677734e-01
4.996738955378532410e-02
1.031912490725517273e-01
2.938396334648132324e-01
1.066931262612342834e-01
1.151367202401161194e-01
2.628063596785068512e-02
6.998144672252237797e-04
3.667598664760589600e-01
2.063225954771041870e-01
3.732935738298692740e-09
5.777226874670304824e-08
2.551995515823364258e-01
2.227585762739181519e-01
1.078575849533081055e-01
3.543577715754508972e-02
6.416414980776607990e-04
4.195298254489898682e-02
4.485666751861572266e-02
4.723117873072624207e-02
3.766366094350814819e-02
6.667279601097106934e-01
6.714299321174621582e-02
7.528609782457351685e-02
2.886095941066741943e-01
7.716245204210281372e-02
7.750209420919418335e-02
2.828852087259292603e-02
6.312089972198009491e-04
4.884288311004638672e-01
8.708646893501281738e-02
3.732935738298692740e-09
5.777226874670304824e-08
3.217909932136535645e-01
3.420735895633697510e-01
1.738179326057434082e-01
4.101244732737541199e-02
7.595173083245754242e-04
3.239258006215095520e-02
1.645690575242042542e-02
1.081816107034683228e-02
3.438992425799369812e-02
5.864403843879699707e-01
2.932775020599365234e-02
6.681687384843826294e-02
1.976058334112167358e-01
6.864946335554122925e-02
6.908253580331802368e-02
1.489102561026811600e-02
4.490436112973839045e-04
4.075632393360137939e-01
8.251139521598815918e-02
3.732935738298692740e-09
5.777226874670304824e-08
4.275574982166290283e-01
3.896420001983642578e-01
1.836006641387939453e-01
3.291888535022735596e-02
7.571133901365101337e-04
3.406743705272674561e-02
2.573705650866031647e-02
1.828237436711788177e-02
2.238008379936218262e-02
5.449154376983642578e-01
5.175878480076789856e-02
5.571659281849861145e-02
2.578107416629791260e-01
4.795427247881889343e-02
4.510794579982757568e-02
4.653281532227993011e-03
6.963289342820644379e-04
6.461836695671081543e-01
9.720206260681152344e-02
3.732935738298692740e-09
5.777226874670304824e-08
4.726034104824066162e-01
4.228517115116119385e-01
2.400202751159667969e-01
2.668358385562896729e-02
8.889006567187607288e-04
2.269167639315128326e-02
4.598778858780860901e-02
3.821327909827232361e-02
2.343653887510299683e-02
6.976825594902038574e-01
5.920819938182830811e-02
4.672190919518470764e-02
2.756776809692382812e-01
3.316546604037284851e-02
3.328007459640502930e-02
2.779405750334262848e-02
3.865462203975766897e-04
3.530116081237792969e-01
1.236205473542213440e-01
3.732935738298692740e-09
6.001755129545927048e-03
4.007816314697265625e-01
3.716974258422851562e-01
2.250698804855346680e-01
4.872846603393554688e-02
6.225514225661754608e-04
3.933971747756004333e-02
3.200268372893333435e-02
1.457496266812086105e-02
2.238511107861995697e-02
5.010225772857666016e-01
4.549540206789970398e-02
4.434087499976158142e-02
2.457714825868606567e-01
4.828568175435066223e-02
4.730764031410217285e-02
2.460060082376003265e-02
4.187829326838254929e-04
3.463688194751739502e-01
1.274100989103317261e-01
6.908867508172988892e-03
6.040641069412231445e-01
2.275831699371337891e-01
2.109479308128356934e-01
1.672752648591995239e-01
7.890740036964416504e-02
4.073066229466348886e-04
3.372884914278984070e-02
1.252665370702743530e-02
1.055319886654615402e-02
1.808330789208412170e-02
3.180281221866607666e-01
2.156635560095310211e-02
3.614713251590728760e-02
1.054509878158569336e-01
3.757132589817047119e-02
3.742812946438789368e-02
7.079966366291046143e-03
4.063866508658975363e-04
3.236043155193328857e-01
1.855092644691467285e-01
6.908461451530456543e-03
6.040604710578918457e-01
1.841976642608642578e-01
1.679453700780868530e-01
1.550739556550979614e-01
7.054927945137023926e-02
2.264153445139527321e-04
2.300450764596462250e-02
3.819018974900245667e-02
2.563909627497196198e-02
1.552345138043165207e-02
4.068903625011444092e-01
4.371747374534606934e-02
4.443480446934700012e-02
1.580208539962768555e-01
4.657326638698577881e-02
4.627994820475578308e-02
1.581445336341857910e-02
4.259934648871421814e-04
3.113928735256195068e-01
1.351704001426696777e-01
6.909171584993600845e-03
6.040724515914916992e-01
1.285430341958999634e-01
1.202786564826965332e-01
5.649133399128913879e-02
1.665864698588848114e-02
3.660148067865520716e-04
1.775960065424442291e-02
1.250180322676897049e-02
1.094655413180589676e-02
1.428499817848205566e-02
1.827736347913742065e-01
1.537199318408966064e-02
3.156313672661781311e-02
3.184130415320396423e-02
3.128856047987937927e-02
1.487849652767181396e-02
6.498973816633224487e-03
5.330365383997559547e-04
4.207930862903594971e-01
2.602668702602386475e-01
6.909816991537809372e-03
6.040785312652587891e-01
2.533967792987823486e-02
2.758932113647460938e-02
1.742508448660373688e-02
4.948310554027557373e-03
4.340115992818027735e-04
2.817296423017978668e-02
1.757489517331123352e-02
1.740213297307491302e-02
1.059257332235574722e-02
1.142750009894371033e-01
1.642665453255176544e-02
3.077211230993270874e-02
7.280585914850234985e-02
1.218625530600547791e-02
1.129242684692144394e-02
1.425309944897890091e-02
6.479937583208084106e-04
5.803771018981933594e-01
2.335705608129501343e-01
6.910245865583419800e-03
6.040877699851989746e-01
2.155161462724208832e-02
2.271092496812343597e-02
1.639816910028457642e-02
3.839229000732302666e-03
3.280949022155255079e-04
3.838438913226127625e-02
2.565759979188442230e-02
2.285178005695343018e-02
4.822814371436834335e-03
2.129601985216140747e-01
2.757745049893856049e-02
9.141799062490463257e-03
6.464055925607681274e-02
9.234692901372909546e-03
9.294932708144187927e-03
2.648203074932098389e-02
6.749778985977172852e-04
6.474824547767639160e-01
3.847962319850921631e-01
6.909873802214860916e-03
6.040759086608886719e-01
3.705479204654693604e-02
3.931782767176628113e-02
2.659715898334980011e-02
5.709377583116292953e-03
4.204248252790421247e-04
8.927044458687305450e-03
2.530213631689548492e-02
2.565744705498218536e-02
2.356636524200439453e-02
2.902520000934600830e-01
4.223835095763206482e-02
5.204251408576965332e-02
6.688999384641647339e-02
4.331153631210327148e-02
3.612191975116729736e-02
2.738282643258571625e-02
6.789478939026594162e-04
5.366241931915283203e-01
5.221026539802551270e-01
6.909443531185388565e-03
6.040813326835632324e-01
1.581645570695400238e-02
1.457582879811525345e-02
1.190580055117607117e-02
1.686473190784454346e-02
3.611118590924888849e-04
9.346765466034412384e-03
6.629025191068649292e-02
4.767357185482978821e-02
2.790446579456329346e-02
3.021612465381622314e-01
7.207208126783370972e-02
5.825692415237426758e-02
1.694886237382888794e-01
9.317394345998764038e-02
9.072156995534896851e-02
4.943537339568138123e-02
7.144410628825426102e-04
6.318506598472595215e-01
6.051303744316101074e-01
6.908716633915901184e-03
6.040922999382019043e-01
2.363099716603755951e-02
2.136202715337276459e-02
1.653221622109413147e-02
2.668358944356441498e-02
3.640483191702514887e-04
1.493628695607185364e-02
5.573141947388648987e-02
4.959438368678092957e-02
9.871969930827617645e-03
6.823155283927917480e-01
6.514606624841690063e-02
1.672027818858623505e-02
2.621596753597259521e-01
1.749636791646480560e-02
1.739383488893508911e-02
7.396893948316574097e-02
6.928285001777112484e-04
5.679409503936767578e-01
5.653390884399414062e-01
6.909152027219533920e-03
6.041030287742614746e-01
1.621879264712333679e-02
1.730143465101718903e-02
1.395019423216581345e-02
5.244235321879386902e-02
1.007989747449755669e-03
3.945523127913475037e-02
1.111303567886352539e-01
1.058890819549560547e-01
1.831152103841304779e-02
7.703134417533874512e-01
9.937902539968490601e-02
3.354163467884063721e-02
3.575266301631927490e-01
3.546248003840446472e-02
4.108579084277153015e-02
1.355409026145935059e-01
5.781401996500790119e-04
5.463152527809143066e-01
5.908322930335998535e-01
6.909983698278665543e-03
6.041157841682434082e-01
3.762605786323547363e-02
4.519143700599670410e-02
3.350209444761276245e-02
6.601326912641525269e-02
4.206729354336857796e-04
1.746637374162673950e-02
1.119059622287750244e-01
1.224466189742088318e-01
2.943765185773372650e-02
4.146961271762847900e-01
1.187280043959617615e-01
5.179056152701377869e-02
2.052174359560012817e-01
5.453223362565040588e-02
5.416661128401756287e-02
9.764846414327621460e-02
6.824715528637170792e-04
5.702008008956909180e-01
6.088673472404479980e-01
6.910679396241903305e-03
6.041230559349060059e-01
1.922928728163242340e-02
2.373789809644222260e-02
2.139573730528354645e-02
8.184694498777389526e-02
4.412241687532514334e-04
5.793349072337150574e-02
1.323207020759582520e-01
1.363125145435333252e-01
4.061926528811454773e-02
5.117438435554504395e-01
1.300427764654159546e-01
6.669478863477706909e-02
1.585180610418319702e-01
6.750345975160598755e-02
6.685841083526611328e-02
1.379187852144241333e-01
1.063921139575541019e-03
6.748619079589843750e-01
5.604141354560852051e-01
6.910830270498991013e-03
6.041278839111328125e-01
5.490343552082777023e-03
5.953405052423477173e-03
3.792099654674530029e-03
1.187638863921165466e-01
4.920297651551663876e-04
9.447864443063735962e-02
1.471386700868606567e-01
1.519126743078231812e-01
6.629384309053421021e-02
2.711750268936157227e-01
1.231893226504325867e-01
1.138516440987586975e-01
9.851971268653869629e-02
1.167948320508003235e-01
1.167009174823760986e-01
1.435094028711318970e-01
1.770287170074880123e-03
1.369504928588867188e+00
5.378093719482421875e-01
6.910853553563356400e-03
6.041340827941894531e-01
1.845093793235719204e-03
1.864849939011037350e-03
1.089415745809674263e-03
1.305768340826034546e-01
7.077226764522492886e-04
1.393006443977355957e-01
1.406076997518539429e-01
1.484735310077667236e-01
9.005974978208541870e-02
2.318697422742843628e-01
1.122143939137458801e-01
1.533645242452621460e-01
5.854163691401481628e-02
1.496449112892150879e-01
1.483934670686721802e-01
1.646773517131805420e-01
6.259170477278530598e-04
2.975433766841888428e-01
5.518386960029602051e-01
6.911501288414001465e-03
6.041308045387268066e-01
1.537286397069692612e-02
1.007630769163370132e-02
6.546226795762777328e-03
1.420593410730361938e-01
6.324941641651093960e-04
7.901488989591598511e-02
1.307376176118850708e-01
1.370712667703628540e-01
8.653260022401809692e-02
2.268812060356140137e-01
1.074142456054687500e-01
1.357643604278564453e-01
6.136204674839973450e-02
1.492381244897842407e-01
1.402831822633743286e-01
1.650578379631042480e-01
5.799333448521792889e-04
4.438811242580413818e-01
5.573125481605529785e-01
6.911260541528463364e-03
6.041192412376403809e-01
5.301805213093757629e-02
4.909589886665344238e-02
2.914847433567047119e-02
1.482642740011215210e-01
1.043270807713270187e-03
7.363273203372955322e-02
1.156849488615989685e-01
1.160337701439857483e-01
1.073598861694335938e-01
1.393053531646728516e-01
1.070263162255287170e-01
1.835004538297653198e-01
2.891875803470611572e-02
1.890094727277755737e-01
1.870802640914916992e-01
1.390017122030258179e-01
6.795614026486873627e-04
4.409818947315216064e-01
5.490751862525939941e-01
6.910459604114294052e-03
5.875105261802673340e-01
1.067753210663795471e-01
9.176703542470932007e-02
7.574813812971115112e-02
1.151294633746147156e-01
9.921707678586244583e-04
8.910578489303588867e-02
1.017318591475486755e-01
9.942952543497085571e-02
1.321618109941482544e-01
1.762467771768569946e-01
8.398611098527908325e-02
2.449876070022583008e-01
5.242610350251197815e-02
2.338751554489135742e-01
2.545669674873352051e-01
1.216364204883575439e-01
6.845973548479378223e-04
3.523060381412506104e-01
5.374557971954345703e-01
2.491395222023129463e-03
3.161207735538482666e-01
1.745008677244186401e-01
1.590698212385177612e-01
1.440704911947250366e-01
1.040373444557189941e-01
7.742463494651019573e-04
5.874426290392875671e-02
1.017031297087669373e-01
1.048021540045738220e-01
1.306753605604171753e-01
2.253632396459579468e-01
7.968407869338989258e-02
2.418942600488662720e-01
6.357435137033462524e-02
2.345189601182937622e-01
2.321502119302749634e-01
1.394707709550857544e-01
1.036795438267290592e-03
5.460531115531921387e-01
6.038964390754699707e-01
8.079290273599326611e-05
2.108413912355899811e-02
2.634837925434112549e-01
2.308578938245773315e-01
2.213295102119445801e-01
1.025224998593330383e-01
9.175593149848282337e-04
3.415986150503158569e-02
9.290977567434310913e-02
8.637728542089462280e-02
1.243131086230278015e-01
2.633722126483917236e-01
7.473639398813247681e-02
2.137678116559982300e-01
8.553221076726913452e-02
2.204837799072265625e-01
2.184530496597290039e-01
1.125414371490478516e-01
9.763576090335845947e-04
6.643714904785156250e-01
5.595706105232238770e-01
1.408805019309511408e-05
2.040981315076351166e-02
2.557430267333984375e-01
2.112893611192703247e-01
2.306344062089920044e-01
8.782020956277847290e-02
9.358439710922539234e-04
4.554109647870063782e-02
9.337658435106277466e-02
9.137463569641113281e-02
1.164351776242256165e-01
3.626384735107421875e-01
7.851443439722061157e-02
2.117733210325241089e-01
1.191091164946556091e-01
2.165466398000717163e-01
2.164189070463180542e-01
9.505125135183334351e-02
1.187142333947122097e-03
7.883415222167968750e-01
4.764364659786224365e-01
6.146818486740812659e-05
3.419825807213783264e-02
2.804347276687622070e-01
2.469268292188644409e-01
2.429677397012710571e-01
8.538159728050231934e-02
9.884244063869118690e-04
5.014817789196968079e-02
9.274649620056152344e-02
9.366267174482345581e-02
1.104835271835327148e-01
4.470930099487304688e-01
7.739969342947006226e-02
1.739336252212524414e-01
1.391944438219070435e-01
1.779024153947830200e-01
1.762353181838989258e-01
9.668726474046707153e-02
1.377874868921935558e-03
1.105413079261779785e+00
4.401671886444091797e-01
1.812711525417398661e-05
4.273205995559692383e-02
2.950027287006378174e-01
2.725264132022857666e-01
2.680904865264892578e-01
7.274699211120605469e-02
1.053409068845212460e-03
5.528441444039344788e-02
1.321256011724472046e-01
1.333248615264892578e-01
1.301031261682510376e-01
4.432898461818695068e-01
1.059230864048004150e-01
1.884555369615554810e-01
1.405456066131591797e-01
2.242228388786315918e-01
2.219494432210922241e-01
1.563367396593093872e-01
1.515151350758969784e-03
1.069584131240844727e+00
2.840337455272674561e-01
8.818231435725465417e-05
3.451029583811759949e-02
3.216559588909149170e-01
2.944919764995574951e-01
2.596118152141571045e-01
7.718122005462646484e-02
1.257691881619393826e-03
8.356127887964248657e-02
7.785283774137496948e-02
7.758542895317077637e-02
1.211556792259216309e-01
5.069383382797241211e-01
6.276669353246688843e-02
2.396463900804519653e-01
2.152257412672042847e-01
2.333196848630905151e-01
2.651604712009429932e-01
1.044722422957420349e-01
1.502173137851059437e-03
1.401533484458923340e+00
3.158051073551177979e-01
4.003144567832350731e-05
2.237833477556705475e-02
2.465399056673049927e-01
2.416866570711135864e-01
1.863178610801696777e-01
8.112805336713790894e-02
1.819483004510402679e-03
6.140471622347831726e-02
5.277923867106437683e-02
4.594998434185981750e-02
1.234668120741844177e-01
8.401517868041992188e-01
3.814195469021797180e-02
2.077059596776962280e-01
2.782169282436370850e-01
2.144953459501266479e-01
2.156423926353454590e-01
6.697472929954528809e-02
1.735224970616400242e-03
1.507652878761291504e+00
1.131977736949920654e-01
3.436095357756130397e-05
3.688408434391021729e-02
2.255369424819946289e-01
1.977888494729995728e-01
2.154442518949508667e-01
5.170905962586402893e-02
1.306022633798420429e-03
7.218812126666307449e-03
5.712271109223365784e-02
4.686471819877624512e-02
4.714322090148925781e-02
4.828009903430938721e-01
3.682811558246612549e-02
6.959670782089233398e-02
2.525170743465423584e-01
7.146141678094863892e-02
6.954929977655410767e-02
4.522585868835449219e-02
1.546464394778013229e-03
1.410677909851074219e+00
1.026200652122497559e-01
1.990383861993905157e-05
3.432745859026908875e-02
3.269360363483428955e-01
2.854207456111907959e-01
2.578791081905364990e-01
4.607163742184638977e-02
1.562809920869767666e-03
3.290090011432766914e-03
1.028654649853706360e-01
4.854305088520050049e-02
4.237743094563484192e-02
8.179809451103210449e-01
3.325588628649711609e-02
7.725420594215393066e-02
2.659974992275238037e-01
7.739622145891189575e-02
7.406107336282730103e-02
9.229537844657897949e-02
1.586006372235715389e-03
1.486517786979675293e+00
1.266337037086486816e-01
1.158978102466790006e-05
1.959085278213024139e-02
4.764957129955291748e-01
4.446550309658050537e-01
3.954887688159942627e-01
5.442361161112785339e-02
1.576224691234529018e-03
7.668808102607727051e-03
7.720500230789184570e-02
4.942403733730316162e-02
7.459901273250579834e-03
6.017637848854064941e-01
5.426761507987976074e-02
1.174027007073163986e-02
2.343510538339614868e-01
1.109493803232908249e-02
1.166599895805120468e-02
1.473120003938674927e-01
1.772221992723643780e-03
1.226284742355346680e+00
8.675823360681533813e-02
9.185697308566886932e-06
2.389393188059329987e-02
5.179896950721740723e-01
4.869155585765838623e-01
4.482799470424652100e-01
9.806387871503829956e-02
1.261176890693604946e-03
7.275557611137628555e-03
2.552976310253143311e-01
2.393657416105270386e-01
1.152373943477869034e-02
1.146488547325134277e+00
1.600418239831924438e-01
1.982461847364902496e-02
4.004627764225006104e-01
2.075217105448246002e-02
2.157098054885864258e-02
4.098478257656097412e-01
2.311885356903076172e-03
1.801986098289489746e+00
1.039411425590515137e-01
2.310091258550528437e-05
4.558071494102478027e-02
6.117823719978332520e-01
5.398121476173400879e-01
4.865823090076446533e-01
1.573862880468368530e-01
1.027947640977799892e-03
7.504568248987197876e-02
3.553972542285919189e-01
3.299779593944549561e-01
2.146180905401706696e-02
1.173216342926025391e+00
2.104182690382003784e-01
3.004579991102218628e-02
4.290344715118408203e-01
2.748248912394046783e-02
2.812211774289608002e-02
5.598049759864807129e-01
3.118661232292652130e-03
2.499247312545776367e+00
6.071896478533744812e-02
6.014415703248232603e-06
2.134645916521549225e-02
4.203433990478515625e-01
3.837459981441497803e-01
3.592374324798583984e-01
2.108821421861648560e-01
2.431065076962113380e-03
1.126814261078834534e-01
1.087306141853332520e-01
7.759063690900802612e-02
2.113167010247707367e-02
7.189359664916992188e-01
6.032909080386161804e-02
5.965767428278923035e-02
3.198214471340179443e-01
3.945599496364593506e-02
3.929945454001426697e-02
4.981417581439018250e-02
3.166665555909276009e-03
2.304728269577026367e+00
6.394883245229721069e-02
5.255410724203102291e-05
1.767092198133468628e-02
9.619437903165817261e-02
9.776858240365982056e-02
1.768079251050949097e-01
5.200080946087837219e-02
2.853600075468420982e-03
8.426121622323989868e-02
2.763084881007671356e-02
2.933179400861263275e-02
2.381583303213119507e-02
1.221594810485839844e-01
4.665169119834899902e-02
3.515638411045074463e-02
1.057365760207176208e-01
3.555095940828323364e-02
3.519544377923011780e-02
2.108941040933132172e-02
2.653945237398147583e-03
1.318355560302734375e+00
1.165315732359886169e-01
6.395654054358601570e-06
1.848252676427364349e-02
4.873394966125488281e-02
4.404280707240104675e-02
4.716446623206138611e-02
7.162674516439437866e-02
1.357851899228990078e-03
9.371634572744369507e-02
5.810135602951049805e-02
7.306911796331405640e-02
1.844798214733600616e-02
2.746260911226272583e-02
7.698158174753189087e-02
1.817508041858673096e-02
1.815600693225860596e-02
2.292421646416187286e-02
2.287235297262668610e-02
2.813669107854366302e-02
1.011378481052815914e-03
1.042824625968933105e+00
6.497683376073837280e-02
1.142825658462243155e-05
2.396107278764247894e-02
5.482183024287223816e-02
5.499470606446266174e-02
5.765971541404724121e-02
1.466569155454635620e-01
2.203245385317131877e-04
4.728029295802116394e-02
5.646561086177825928e-02
6.868617981672286987e-02
7.328297477215528488e-03
3.616186976432800293e-02
6.921193003654479980e-02
3.360918024554848671e-03
1.025275886058807373e-02
1.401728484779596329e-02
1.460932288318872452e-02
3.790631517767906189e-02
2.244639908894896507e-04
3.616707324981689453e-01
8.976425975561141968e-02
3.732935738298692740e-09
5.777226874670304824e-08
1.259117722511291504e-01
1.196750774979591370e-01
6.101098656654357910e-02
9.491477161645889282e-02
6.639203056693077087e-04
4.683831334114074707e-02
5.578219890594482422e-02
4.836514592170715332e-02
1.182734221220016479e-02
5.790416896343231201e-02
5.167287588119506836e-02
2.505684830248355865e-02
1.265631616115570068e-02
1.727860607206821442e-02
1.673849672079086304e-02
4.490957036614418030e-02
2.344666718272492290e-04
1.911072731018066406e-01
3.640774264931678772e-02
3.732935738298692740e-09
5.777226874670304824e-08
1.394099742174148560e-01
1.572058051824569702e-01
9.355620294809341431e-02
9.176952391862869263e-02
6.140168989077210426e-04
3.026375733315944672e-02
6.921020150184631348e-02
8.231013268232345581e-02
5.791421514004468918e-03
9.838882088661193848e-02
5.732299759984016418e-02
3.047662554308772087e-03
3.569793701171875000e-02
4.634201526641845703e-03
4.721536766737699509e-03
5.157436430454254150e-02
2.691738482099026442e-04
1.534341722726821899e-01
7.358394563198089600e-02
3.732935738298692740e-09
5.777226874670304824e-08
5.679816380143165588e-02
5.742583796381950378e-02
8.444186300039291382e-02
1.203655377030372620e-01
5.400965455919504166e-04
4.036289826035499573e-02
1.333128958940505981e-01
1.313102096319198608e-01
2.637086436152458191e-03
1.506042927503585815e-01
1.028879880905151367e-01
4.249270539730787277e-03
5.927394703030586243e-02
4.808335099369287491e-03
5.066795740276575089e-03
1.004148498177528381e-01
1.909388956846669316e-04
1.931140571832656860e-01
7.787003368139266968e-02
3.732935738298692740e-09
5.777226874670304824e-08
5.045844241976737976e-02
5.557547509670257568e-02
3.448003903031349182e-02
1.275463104248046875e-01
8.962199208326637745e-04
5.129877105355262756e-02
4.110981523990631104e-02
4.084664955735206604e-02
9.541918523609638214e-03
6.583219766616821289e-02
2.939768694341182709e-02
1.594825647771358490e-02
2.623914368450641632e-02
1.237839460372924805e-02
1.274158526211977005e-02
3.865177184343338013e-02
5.012436886318027973e-04
4.436733722686767578e-01
8.600395917892456055e-02
3.732935738298692740e-09
5.777226874670304824e-08
2.053971774876117706e-02
1.970019936561584473e-02
1.619984954595565796e-02
1.335803717374801636e-01
8.231226820498704910e-04
7.414237409830093384e-02
1.041020173579454422e-02
8.037340827286243439e-03
1.014514453709125519e-02
9.714444726705551147e-02
6.524157244712114334e-03
1.981169544160366058e-02
2.861687354743480682e-02
1.950143277645111084e-02
2.024282701313495636e-02
6.001508329063653946e-03
3.184257948305457830e-04
2.494000196456909180e-01
6.948187202215194702e-02
3.732935738298692740e-09
5.777226874670304824e-08
9.749284945428371429e-03
1.477206218987703323e-02
3.538249759003520012e-03
4.329280182719230652e-02
7.771442760713398457e-04
1.177965775132179260e-01
5.558808799833059311e-03
6.149097811430692673e-03
1.701405458152294159e-02
8.441839367151260376e-02
4.642596933990716934e-03
3.017679555341601372e-03
2.684108167886734009e-02
5.001920741051435471e-03
5.275440867990255356e-03
8.742581121623516083e-03
4.466241225600242615e-04
2.968796789646148682e-01
1.390904188156127930e-01
3.732935738298692740e-09
5.777226874670304824e-08
1.588245481252670288e-02
1.534520927816629410e-02
6.280531641095876694e-03
5.609287414699792862e-03
4.262083384674042463e-04
1.190667375922203064e-01
4.946522414684295654e-02
6.182658672332763672e-02
1.386185735464096069e-02
2.896380722522735596e-01
3.294739499688148499e-02
2.229790575802326202e-02
5.653847381472587585e-02
2.138750813901424408e-02
2.219930291175842285e-02
2.541933022439479828e-02
5.567331681959331036e-04
5.730058550834655762e-01
9.647754579782485962e-02
3.732935738298692740e-09
5.777226874670304824e-08
2.280949056148529053e-02
1.618452370166778564e-02
8.924233727157115936e-03
1.055718120187520981e-02
8.196183480322360992e-04
1.581351906061172485e-01
1.411685626953840256e-02
2.145574986934661865e-02
2.970360219478607178e-02
1.690481901168823242e-01
1.324847619980573654e-02
4.227548465132713318e-02
4.467709735035896301e-02
4.017594829201698303e-02
4.068372771143913269e-02
3.867200016975402832e-02
4.955903859809041023e-04
6.924486160278320312e-01
9.938415139913558960e-02
3.732935738298692740e-09
5.777226874670304824e-08
4.589403793215751648e-02
2.860034070909023285e-02
1.411407068371772766e-02
6.201915442943572998e-03
2.122733974829316139e-03
1.792687177658081055e-01
2.992714196443557739e-02
2.987207658588886261e-02
2.515789307653903961e-02
1.225390732288360596e-01
1.479855924844741821e-02
3.833138942718505859e-02
3.570769354701042175e-02
3.417162224650382996e-02
3.451059013605117798e-02
2.343112230300903320e-02
7.756599225103855133e-04
8.337771296501159668e-01
1.022695079445838928e-01
3.732935738298692740e-09
5.777226874670304824e-08
4.314431548118591309e-02
3.773190081119537354e-02
1.518419664353132248e-02
9.806944988667964935e-03
4.305044130887836218e-04
1.982920169830322266e-01
3.000161796808242798e-02
2.906124293804168701e-02
2.335017733275890350e-02
1.479426473379135132e-01
1.877973228693008423e-02
3.031150065362453461e-02
5.431033670902252197e-02
2.661709487438201904e-02
2.652927674353122711e-02
3.302334621548652649e-02
7.986024138517677784e-04
6.097497940063476562e-01
6.851316243410110474e-02
3.732935738298692740e-09
5.777226874670304824e-08
2.861208282411098480e-02
2.951738983392715454e-02
1.808208785951137543e-02
1.468516513705253601e-02
1.257320167496800423e-03
2.411483675241470337e-01
3.211822360754013062e-02
5.322140455245971680e-02
6.736718583852052689e-03
1.754637211561203003e-01
2.467295527458190918e-02
6.089460104703903198e-03
8.535686880350112915e-02
5.147808697074651718e-03
5.568651948124170303e-03
4.358726739883422852e-02
8.693947456777095795e-04
5.761525630950927734e-01
6.585890054702758789e-02
3.732935738298692740e-09
5.777226874670304824e-08
3.627516701817512512e-02
2.892946265637874603e-02
1.868818514049053192e-02
1.455550361424684525e-02
4.704518069047480822e-04
1.212035045027732849e-01
4.852672293782234192e-02
6.567463278770446777e-02
1.080394908785820007e-02
2.851777672767639160e-01
2.245094813406467438e-02
2.173180319368839264e-02
9.667569398880004883e-02
1.939359307289123535e-02
1.937014795839786530e-02
6.073157116770744324e-02
7.301450823433697224e-04
6.166196465492248535e-01
6.577474623918533325e-02
3.732935738298692740e-09
5.777226874670304824e-08
5.979921296238899231e-02
4.973019286990165710e-02
2.486217021942138672e-02
1.767464168369770050e-02
9.486565249972045422e-04
1.190380752086639404e-01
2.294351346790790558e-02
3.978952765464782715e-02
1.219955552369356155e-02
2.319065332412719727e-01
1.394264865666627884e-02
1.600916683673858643e-02
8.295477181673049927e-02
1.779225654900074005e-02
1.787695661187171936e-02
4.034155979752540588e-02
6.931995158083736897e-04
8.648104667663574219e-01
4.109896346926689148e-02
3.732935738298692740e-09
5.777226874670304824e-08
1.056685373187065125e-01
9.631231427192687988e-02
3.779324144124984741e-02
2.272436954081058502e-02
5.355224711820483208e-04
1.655033677816390991e-01
6.192801892757415771e-02
5.351488664746284485e-02
1.575780846178531647e-02
2.029321640729904175e-01
5.663615837693214417e-02
1.978610642254352570e-02
6.577187776565551758e-02
2.210203744471073151e-02
2.226020954549312592e-02
4.549568518996238708e-02
5.183833418413996696e-04
4.967947006225585938e-01
2.875510416924953461e-02
3.732935738298692740e-09
5.777226874670304824e-08
1.448168456554412842e-01
1.263562589883804321e-01
7.612410932779312134e-02
1.223407760262489319e-01
1.107641073758713901e-04
1.839236468076705933e-01
4.407458379864692688e-02
4.748114943504333496e-02
2.096851170063018799e-02
1.863406896591186523e-01
3.446101769804954529e-02
2.562396228313446045e-02
6.401664763689041138e-02
2.422873117029666901e-02
2.927386201918125153e-02
4.711618646979331970e-02
5.660121678374707699e-04
6.818167567253112793e-01
2.575042843818664551e-02
3.732935738298692740e-09
5.777226874670304824e-08
1.214940771460533142e-01
1.063629314303398132e-01
1.046650782227516174e-01
8.493429422378540039e-02
1.504879328422248363e-04
1.909229010343551636e-01
2.722524106502532959e-02
4.740731790661811829e-02
1.706260628998279572e-02
2.418539971113204956e-01
1.203288789838552475e-02
1.915362104773521423e-02
8.056599646806716919e-02
2.066752873361110687e-02
1.952081359922885895e-02
7.689803838729858398e-02
4.455503949429839849e-04
5.009227395057678223e-01
1.807472109794616699e-02
3.732935738298692740e-09
5.777226874670304824e-08
6.976597011089324951e-02
7.019308954477310181e-02
7.785793393850326538e-02
6.528121978044509888e-02
1.179575338028371334e-04
9.152985364198684692e-02
6.195241585373878479e-02
1.113661006093025208e-01
1.022786647081375122e-02
3.481665551662445068e-01
5.873385071754455566e-02
1.276278775185346603e-02
1.595723778009414673e-01
1.158467214554548264e-02
1.214786618947982788e-02
1.265800148248672485e-01
7.619043462909758091e-04
7.679164409637451172e-01
1.858676597476005554e-02
3.732935738298692740e-09
5.777226874670304824e-08
9.897613525390625000e-02
8.187279105186462402e-02
4.465909302234649658e-02
1.674577407538890839e-02
1.881975476862862706e-04
1.504052877426147461e-01
9.148243069648742676e-02
1.121867373585700989e-01
8.889527060091495514e-03
5.220568776130676270e-01
8.730312436819076538e-02
1.167510077357292175e-02
3.243468701839447021e-01
1.291168015450239182e-02
1.125434786081314087e-02
2.427251785993576050e-01
9.039501310326159000e-04
1.001235485076904297e+00
3.364558890461921692e-02
3.732935738298692740e-09
5.777226874670304824e-08
1.315730363130569458e-01
1.081365570425987244e-01
2.339381538331508636e-02
3.065995313227176666e-02
3.907912469003349543e-04
1.190052032470703125e-01
6.031676754355430603e-02
1.246309578418731689e-01
1.504449639469385147e-02
3.671803176403045654e-01
8.301601558923721313e-02
1.863192021846771240e-02
1.927854269742965698e-01
2.212517894804477692e-02
2.169903181493282318e-02
1.916746050119400024e-01
7.339536095969378948e-04
9.380937218666076660e-01
2.530469000339508057e-02
3.732935738298692740e-09
5.777226874670304824e-08
2.239589840173721313e-01
1.821626871824264526e-01
9.119158238172531128e-02
1.327524036169052124e-01
3.021813754457980394e-04
2.659730017185211182e-01
1.003040447831153870e-01
1.861702799797058105e-01
1.302025932818651199e-02
5.544646382331848145e-01
1.045694947242736816e-01
1.523332763463258743e-02
2.465184330940246582e-01
1.718026585876941681e-02
1.717223413288593292e-02
2.070945054292678833e-01
7.632814231328666210e-04
9.327271580696105957e-01
3.478936478495597839e-02
3.732935738298692740e-09
5.777226874670304824e-08
2.061466425657272339e-01
1.697783917188644409e-01
9.318738430738449097e-02
1.320801973342895508e-01
2.576643310021609068e-04
2.505928277969360352e-02
3.137803450226783752e-02
4.893553256988525391e-02
9.721629321575164795e-03
3.454215228557586670e-01
3.460618481040000916e-02
1.189255062490701675e-02
1.446444839239120483e-01
1.177549269050359726e-02
1.191872823983430862e-02
7.194329053163528442e-02
9.910897351801395416e-04
1.192146182060241699e+00
3.568765521049499512e-02
3.732935738298692740e-09
5.777226874670304824e-08
7.834894210100173950e-02
6.544807553291320801e-02
5.588616058230400085e-02
2.052821964025497437e-02
4.488106351345777512e-04
6.649183481931686401e-02
5.226389970630407333e-03
5.289033520966768265e-03
1.366827171295881271e-02
1.099090352654457092e-01
6.595896091312170029e-03
1.687109470367431641e-02
4.176411032676696777e-02
1.600735075771808624e-02
1.623763702809810638e-02
7.610564585775136948e-03
5.494069191627204418e-04
5.023675560951232910e-01
3.935506194829940796e-02
3.732935738298692740e-09
5.777226874670304824e-08
6.385011225938796997e-02
5.085678771138191223e-02
2.155814506113529205e-02
7.735889870673418045e-03
4.159826785326004028e-04
1.169537305831909180e-01
9.952206164598464966e-03
5.742792040109634399e-03
1.103297621011734009e-02
4.363700449466705322e-01
7.111650425940752029e-03
1.174952089786529541e-02
5.264176055788993835e-02
1.315470691770315170e-02
1.052896212786436081e-02
3.709791926667094231e-03
1.106401439756155014e-03
7.563832402229309082e-01
3.850521147251129150e-02
3.732935738298692740e-09
5.777226874670304824e-08
1.228707060217857361e-01
1.092047467827796936e-01
4.369628429412841797e-02
1.415829081088304520e-02
9.101338800974190235e-04
2.338547259569168091e-02
7.824063301086425781e-03
6.194936577230691910e-03
7.502056192606687546e-03
2.153822630643844604e-01
1.040743198245763779e-02
1.236295606940984726e-02
3.955610468983650208e-02
2.425032295286655426e-02
1.380433142185211182e-02
8.589784614741802216e-03
6.513011758215725422e-04
7.164489626884460449e-01
4.463777318596839905e-02
3.732935738298692740e-09
5.777226874670304824e-08
1.372577846050262451e-01
1.227909848093986511e-01
5.969753861427307129e-02
1.392250880599021912e-02
9.303012047894299030e-04
1.559071242809295654e-02
1.228252518922090530e-02
9.127846919000148773e-03
9.032011032104492188e-03
2.939745485782623291e-01
1.149362325668334961e-02
1.873947121202945709e-02
3.356865420937538147e-02
1.612242870032787323e-02
1.840811036527156830e-02
5.246227141469717026e-03
3.943657502532005310e-04
3.397421538829803467e-01
4.890296980738639832e-02
3.732935738298692740e-09
5.777226874670304824e-08
8.562642335891723633e-02
8.182854205369949341e-02
4.382422566413879395e-02
1.414741110056638718e-02
1.026873593218624592e-03
4.413798823952674866e-02
3.612566366791725159e-02
2.560844458639621735e-02
1.732887327671051025e-02
2.567847669124603271e-01
2.947518788278102875e-02
2.221020497381687164e-02
9.357906132936477661e-02
2.348963357508182526e-02
2.378088980913162231e-02
1.664948277175426483e-02
5.140543798916041851e-04
3.587639331817626953e-01
7.564420253038406372e-02
6.908867508172988892e-03
2.073072791099548340e-01
9.878278523683547974e-02
9.357099980115890503e-02
5.702688172459602356e-02
2.697770111262798309e-02
1.452875672839581966e-03
1.188016030937433243e-02
2.548707462847232819e-02
1.555796712636947632e-02
2.997134067118167877e-02
4.984881877899169922e-01
2.108352072536945343e-02
3.287931531667709351e-02
8.623468875885009766e-02
3.762294352054595947e-02
3.398107364773750305e-02
1.257653255015611649e-02
5.107707111164927483e-04
4.550987780094146729e-01
2.569560706615447998e-01
6.217882037162780762e-02
1.089534401893615723e+00
1.384625583887100220e-02
1.496211346238851547e-02
7.775325328111648560e-03
5.016876384615898132e-02
1.672015525400638580e-03
1.076126564294099808e-02
7.720435503870248795e-03
6.139421835541725159e-03
1.687752641737461090e-02
1.698637455701828003e-01
6.683365907520055771e-03
2.066132985055446625e-02
4.239859059453010559e-02
2.260402776300907135e-02
2.268873713910579681e-02
7.525596767663955688e-03
7.020842167548835278e-04
3.770843446254730225e-01
2.907747030258178711e-01
6.218060851097106934e-02
1.089529871940612793e+00
7.620610296726226807e-03
8.312894962728023529e-03
3.808372886851429939e-03
1.436331588774919510e-02
2.439484931528568268e-03
1.158235967159271240e-02
1.212256401777267456e-02
1.029043737798929214e-02
1.308375503867864609e-02
1.680119484663009644e-01
7.276639807969331741e-03
1.681155525147914886e-02
3.765920177102088928e-02
1.434026565402746201e-02
1.438251044601202011e-02
1.299574505537748337e-02
8.410125155933201313e-04
6.969576478004455566e-01
2.863092124462127686e-01
6.218718364834785461e-02
1.089553475379943848e+00
2.032791636884212494e-02
2.396575175225734711e-02
7.214246317744255066e-03
2.466992475092411041e-02
3.080478170886635780e-03
7.429337594658136368e-03
2.146014571189880371e-02
2.440550923347473145e-02
9.254551492631435394e-03
3.035655319690704346e-01
1.951883919537067413e-02
1.335271075367927551e-02
6.151337549090385437e-02
1.286570262163877487e-02
1.279982924461364746e-02
1.721165701746940613e-02
7.655600202269852161e-04
8.677361607551574707e-01
2.912564575672149658e-01
6.218929961323738098e-02
1.092939376831054688e+00
4.563155397772789001e-02
3.963993489742279053e-02
2.125819958746433258e-02
3.034345060586929321e-02
3.935222048312425613e-03
4.749967716634273529e-03
3.063968755304813385e-02
2.423104643821716309e-02
1.342890691012144089e-02
4.228214919567108154e-01
2.284156344830989838e-02
1.245321799069643021e-02
8.374925702810287476e-02
1.272942125797271729e-02
1.283467281609773636e-02
1.325953751802444458e-02
1.414922531694173813e-03
1.283416152000427246e+00
2.951017320156097412e-01
8.291561156511306763e-02
2.335578203201293945e+00
6.493681669235229492e-02
5.813992023468017578e-02
3.084029816091060638e-02
3.604685887694358826e-02
4.810359794646501541e-03
9.153647348284721375e-03
3.925003483891487122e-02
3.991794213652610779e-02
1.182783860713243484e-02
6.450849175453186035e-01
3.264083340764045715e-02
1.859460771083831787e-02
1.520542800426483154e-01
1.870324648916721344e-02
1.876653917133808136e-02
3.025522083044052124e-02
9.919161675497889519e-04
1.194877028465270996e+00
3.807654380798339844e-01
8.291032165288925171e-02
2.662885904312133789e+00
7.880997657775878906e-02
7.606668770313262939e-02
2.897784672677516937e-02
3.156555071473121643e-02
4.888309631496667862e-03
6.354698911309242249e-03
6.179882958531379700e-02
4.953914508223533630e-02
1.863875426352024078e-02
9.353930950164794922e-01
5.291604995727539062e-02
2.533712983131408691e-02
1.898933649063110352e-01
2.785294502973556519e-02
2.750782109797000885e-02
2.423219382762908936e-02
9.768573800101876259e-04
1.200458288192749023e+00
3.966456353664398193e-01
1.243659332394599915e-01
3.920587778091430664e+00
1.005868986248970032e-01
9.184581041336059570e-02
3.984493017196655273e-02
1.988068036735057831e-02
6.266407668590545654e-03
7.790490239858627319e-02
1.393877118825912476e-01
1.122007146477699280e-01
3.775126114487648010e-02
1.568428635597229004e+00
1.020172238349914551e-01
5.119079723954200745e-02
3.611697256565093994e-01
5.436506867408752441e-02
5.553003028035163879e-02
4.717037081718444824e-02
1.860807766206562519e-03
1.888562798500061035e+00
4.196787774562835693e-01
1.796388477087020874e-01
5.161084651947021484e+00
1.917420178651809692e-01
1.631493866443634033e-01
6.597039848566055298e-02
2.078954689204692841e-02
6.686949636787176132e-03
1.157862767577171326e-01
9.881240129470825195e-02
7.086489349603652954e-02
6.712743639945983887e-02
1.410036921501159668e+00
8.010277152061462402e-02
9.245149046182632446e-02
2.941893935203552246e-01
9.621554613113403320e-02
9.557078033685684204e-02
3.406548500061035156e-02
2.381618134677410126e-03
1.776037216186523438e+00
4.493389129638671875e-01
1.934645026922225952e-01
6.248363018035888672e+00
2.136763334274291992e-01
1.812843531370162964e-01
8.022066950798034668e-02
3.742343187332153320e-02
6.537990178912878036e-03
4.834510013461112976e-02
6.521191447973251343e-02
4.884822666645050049e-02
5.498625710606575012e-02
1.218071103096008301e+00
6.717904657125473022e-02
6.712620705366134644e-02
2.317211180925369263e-01
8.156663924455642700e-02
8.177929371595382690e-02
3.042127750813961029e-02
2.202744595706462860e-03
1.735384821891784668e+00
5.193882584571838379e-01
1.934705972671508789e-01
6.248397350311279297e+00
1.958664208650588989e-01
1.636998802423477173e-01
1.054357290267944336e-01
4.000325128436088562e-02
5.780411418527364731e-03
3.016607649624347687e-02
6.904176622629165649e-02
5.487825348973274231e-02
2.862637676298618317e-02
9.787995815277099609e-01
6.289355456829071045e-02
4.770243167877197266e-02
2.494204789400100708e-01
2.745971828699111938e-02
2.770732156932353973e-02
3.808030858635902405e-02
2.299188869073987007e-03
2.334636688232421875e+00
5.335232019424438477e-01
1.934767365455627441e-01
6.248457431793212891e+00
2.381047755479812622e-01
2.162051945924758911e-01
1.480922698974609375e-01
6.637191772460937500e-02
5.294669419527053833e-03
7.177116815000772476e-03
1.390793770551681519e-01
1.207215785980224609e-01
2.823379449546337128e-02
1.850696921348571777e+00
1.410554796457290649e-01
3.541358187794685364e-02
3.972693979740142822e-01
3.996521607041358948e-02
4.004392400383949280e-02
5.581007525324821472e-02
2.291801152750849724e-03
1.865584731101989746e+00
5.468244552612304688e-01
1.934771537780761719e-01
6.248475551605224609e+00
3.984661102294921875e-01
3.447435796260833740e-01
2.129414528608322144e-01
9.503076225519180298e-02
6.034177262336015701e-03
1.464446354657411575e-02
1.535357236862182617e-01
1.307376474142074585e-01
3.864471241831779480e-02
1.814796447753906250e+00
1.469715088605880737e-01
5.078907683491706848e-02
4.060622155666351318e-01
5.038747191429138184e-02
5.097648128867149353e-02
7.673597335815429688e-02
1.576048322021961212e-03
1.275127887725830078e+00
5.473723411560058594e-01
1.934786438941955566e-01
6.248505115509033203e+00
3.930222094058990479e-01
3.650865554809570312e-01
1.972653120756149292e-01
1.596133708953857422e-01
5.398772191256284714e-03
2.696289680898189545e-02
1.312992572784423828e-01
1.165086030960083008e-01
2.792497910559177399e-02
1.592292428016662598e+00
1.442277580499649048e-01
3.800730407238006592e-02
3.620020449161529541e-01
4.110643640160560608e-02
3.521463647484779358e-02
1.005358323454856873e-01
7.753067766316235065e-04
5.965792536735534668e-01
5.590791106224060059e-01
1.934793442487716675e-01
6.248538970947265625e+00
2.345302551984786987e-01
1.828851699829101562e-01
1.511266231536865234e-01
2.265020459890365601e-01
4.449988249689340591e-03
2.114351652562618256e-02
1.275051385164260864e-01
1.239952147006988525e-01
2.937293611466884613e-02
1.333098053932189941e+00
1.022468209266662598e-01
3.982130810618400574e-02
2.890021800994873047e-01
4.143161699175834656e-02
4.150468483567237854e-02
5.359628796577453613e-02
6.187977851368486881e-04
5.701587796211242676e-01
5.620693564414978027e-01
1.934705227613449097e-01
6.248574733734130859e+00
1.419737488031387329e-01
1.434860378503799438e-01
1.088359728455543518e-01
1.764762848615646362e-01
3.790125483646988869e-03
2.168242633342742920e-02
1.157677471637725830e-01
1.129693761467933655e-01
2.545877546072006226e-02
8.630232810974121094e-01
8.022614568471908569e-02
3.357263281941413879e-02
1.563039571046829224e-01
3.470732644200325012e-02
3.483413904905319214e-02
7.243322581052780151e-02
2.814418694470077753e-04
2.218031883239746094e-01
6.309847831726074219e-01
1.709490567445755005e-01
5.434891223907470703e+00
6.036142632365226746e-02
5.470060184597969055e-02
3.657883033156394958e-02
1.066925525665283203e-01
2.234825165942311287e-03
1.053525432944297791e-01
4.475535079836845398e-02
3.407120704650878906e-02
3.496409580111503601e-02
7.497238367795944214e-02
3.666974231600761414e-02
4.283246397972106934e-02
4.481426998972892761e-02
4.469040408730506897e-02
4.483835771679878235e-02
6.742672622203826904e-02
3.146363596897572279e-04
2.429479509592056274e-01
3.816326558589935303e-01
1.264120042324066162e-01
4.196918010711669922e+00
6.499219685792922974e-03
7.437455933541059494e-03
6.627281662076711655e-03
3.346112743020057678e-02
1.590547035448253155e-03
1.711910814046859741e-01
1.424870919436216354e-02
8.651518821716308594e-02
4.451787099242210388e-02
9.502480179071426392e-02
2.687362767755985260e-02
5.151044949889183044e-02
3.553704917430877686e-02
5.338568985462188721e-02
5.349543690681457520e-02
2.512270212173461914e-02
3.255356859881430864e-04
3.300786912441253662e-01
3.528674542903900146e-01
1.258164793252944946e-01
4.767197608947753906e+00
6.091754883527755737e-03
6.687438115477561951e-03
5.484948400408029556e-03
1.868978887796401978e-02
1.601714291609823704e-03
1.198576316237449646e-01
8.230139315128326416e-02
1.015964373946189880e-01
6.892435252666473389e-02
5.122129246592521667e-02
6.094007566571235657e-02
7.968968898057937622e-02
3.106222301721572876e-02
8.476593345403671265e-02
8.471942692995071411e-02
9.921259433031082153e-02
2.424619015073403716e-04
1.437727063894271851e-01
3.348711729049682617e-01
1.258110553026199341e-01
4.637806415557861328e+00
9.351708926260471344e-03
9.840088896453380585e-03
9.110295213758945465e-03
2.920101396739482880e-02
1.329111051745712757e-03
3.445087745785713196e-02
1.388706564903259277e-01
1.616804450750350952e-01
1.108043268322944641e-01
1.535489559173583984e-01
8.735554665327072144e-02
1.291189789772033691e-01
3.285295888781547546e-02
1.342884302139282227e-01
1.346907764673233032e-01
1.102519556879997253e-01
2.519270638003945351e-04
1.775824278593063354e-01
3.560541570186614990e-01
1.254444569349288940e-01
4.549141883850097656e+00
8.385323919355869293e-03
9.996687062084674835e-03
9.623781777918338776e-03
5.001958087086677551e-02
1.612330437637865543e-03
5.477714911103248596e-02
1.292660832405090332e-01
1.381365507841110229e-01
1.684287190437316895e-01
1.064919233322143555e-01
9.070887416601181030e-02
1.987078934907913208e-01
2.025111578404903412e-02
2.074640244245529175e-01
2.094047814607620239e-01
1.133393719792366028e-01
3.707196156028658152e-04
3.112691938877105713e-01
3.991129696369171143e-01
1.023970171809196472e-01
2.807505369186401367e+00
3.805112326517701149e-03
4.091009963303804398e-03
4.080983344465494156e-03
6.427378952503204346e-02
2.270976314321160316e-03
7.685103267431259155e-02
1.401080638170242310e-01
1.360205560922622681e-01
1.992781609296798706e-01
1.447657793760299683e-01
9.836497157812118530e-02
2.392567992210388184e-01
1.596592925488948822e-02
2.744750678539276123e-01
2.797187268733978271e-01
1.481924653053283691e-01
2.910745970439165831e-04
2.529786825180053711e-01
4.398375451564788818e-01
1.108544990420341492e-01
3.146123886108398438e+00
3.781117498874664307e-03
4.904995206743478775e-03
2.809856086969375610e-03
9.703951328992843628e-02
2.480361377820372581e-03
9.563186019659042358e-02
9.853580594062805176e-02
1.070383787155151367e-01
3.198030889034271240e-01
5.677992105484008789e-02
5.683988332748413086e-02
4.330183565616607666e-01
8.872778154909610748e-03
4.052816331386566162e-01
4.018068313598632812e-01
1.379393190145492554e-01
2.323343214811757207e-04
2.045593261718750000e-01
2.776133120059967041e-01
5.475127324461936951e-02
1.429729342460632324e+00
5.202836822718381882e-03
6.324477493762969971e-03
4.947749432176351547e-03
1.031947806477546692e-01
2.923190360888838768e-03
9.803143888711929321e-02
7.870767265558242798e-02
1.007466912269592285e-01
3.809997141361236572e-01
8.200726658105850220e-02
5.087890103459358215e-02
3.820784986019134521e-01
8.696374483406543732e-03
4.936049282550811768e-01
4.905512332916259766e-01
1.454704254865646362e-01
3.197796759195625782e-04
2.679214775562286377e-01
2.436466068029403687e-01
2.362964861094951630e-02
1.310844302177429199e+00
1.223146100528538227e-03
1.452524797059595585e-03
9.278861689381301403e-04
1.072434410452842712e-01
2.497812500223517418e-03
8.012994378805160522e-02
5.639249458909034729e-02
6.721729785203933716e-02
1.494853049516677856e-01
7.127501815557479858e-02
3.457963466644287109e-02
1.638654619455337524e-01
2.232080139219760895e-02
1.742789298295974731e-01
1.714250296354293823e-01
1.069638952612876892e-01
3.105111245531588793e-04
2.161822766065597534e-01
1.553360074758529663e-01
7.545668631792068481e-03
2.893798947334289551e-01
1.788750640116631985e-03
2.510837046429514885e-03
1.717985956929624081e-03
1.068393588066101074e-01
1.285392907448112965e-03
1.024522483348846436e-01
6.339541822671890259e-02
7.053469866514205933e-02
1.423864811658859253e-01
6.184816733002662659e-02
3.569618985056877136e-02
1.510249227285385132e-01
1.458073034882545471e-02
1.593040227890014648e-01
1.600048393011093140e-01
1.229227781295776367e-01
6.122918566688895226e-04
3.249018490314483643e-01
8.715213090181350708e-02
6.713123526424169540e-03
4.310966432094573975e-01
2.149675274267792702e-03
2.201942494139075279e-03
1.308385864831507206e-03
1.083375215530395508e-01
1.809420529752969742e-03
1.417193263769149780e-01
2.511772327125072479e-02
3.441500291228294373e-02
1.546337008476257324e-01
1.244746819138526917e-01
1.084574032574892044e-02
1.705457717180252075e-01
1.280137617141008377e-02
1.725505590438842773e-01
1.791048496961593628e-01
1.016538143157958984e-01
7.256438839249312878e-04
4.110701084136962891e-01
3.664563968777656555e-02
1.406799070537090302e-03
2.313631325960159302e-01
6.286646705120801926e-03
4.760732408612966537e-03
6.724616046994924545e-03
1.198664084076881409e-01
1.448748633265495300e-03
7.924288511276245117e-02
2.728005312383174896e-02
2.436803840100765228e-02
1.472112089395523071e-01
1.140957996249198914e-01
1.466589141637086868e-02
1.649376302957534790e-01
7.660078350454568863e-03
1.753347367048263550e-01
1.752209514379501343e-01
8.199498802423477173e-02
7.540071383118629456e-04
5.456891059875488281e-01
3.424613922834396362e-02
2.670311369001865387e-03
4.668855667114257812e-01
2.417246066033840179e-02
2.030003257095813751e-02
2.725198306143283844e-02
8.939360827207565308e-02
2.792191924527287483e-03
3.806883841753005981e-02
7.195448037236928940e-03
1.161905378103256226e-02
1.645690202713012695e-01
1.848842352628707886e-01
3.596250899136066437e-03
1.818091124296188354e-01
2.319855801761150360e-02
1.895855665206909180e-01
1.907252520322799683e-01
6.720531731843948364e-02
1.184587599709630013e-03
8.653850555419921875e-01
4.531169310212135315e-02
2.452041022479534149e-03
4.802378714084625244e-01
1.033616587519645691e-01
8.752688020467758179e-02
9.064286947250366211e-02
4.958081245422363281e-02
3.598381998017430305e-03
3.422445431351661682e-02
2.773860096931457520e-02
2.490204572677612305e-02
1.030493751168251038e-01
1.338690966367721558e-01
1.594146527349948883e-02
1.258582919836044312e-01
2.303583361208438873e-02
1.458870023488998413e-01
1.335652619600296021e-01
6.364297121763229370e-02
1.716450904496014118e-03
1.308089852333068848e+00
4.887179657816886902e-02
1.018211524933576584e-02
6.394004821777343750e-01
1.376913934946060181e-01
1.134858950972557068e-01
1.377638727426528931e-01
3.246866539120674133e-02
2.339696977287530899e-03
4.927439615130424500e-02
1.192453037947416306e-02
1.582099311053752899e-02
1.337858587503433228e-01
1.905407756567001343e-01
6.943331565707921982e-03
1.601417213678359985e-01
4.308411851525306702e-02
1.710309982299804688e-01
1.711089462041854858e-01
6.229147315025329590e-02
1.807910739444196224e-03
1.595617175102233887e+00
3.308539092540740967e-02
3.169450908899307251e-03
7.110230326652526855e-01
2.203657627105712891e-01
1.940339803695678711e-01
2.441049218177795410e-01
3.426452353596687317e-02
1.717463484965264797e-03
2.169428952038288116e-02
1.132220309227705002e-02
1.944092474877834320e-02
4.926380515098571777e-02
1.729428321123123169e-01
7.769368588924407959e-03
6.447857618331909180e-02
6.121836230158805847e-02
6.877028197050094604e-02
6.820511072874069214e-02
5.512961745262145996e-02
2.577783307060599327e-03
1.943795561790466309e+00
3.765781596302986145e-02
9.831242263317108154e-03
6.911063194274902344e-01
2.739250957965850830e-01
2.412381172180175781e-01
3.337846696376800537e-01
3.029544651508331299e-02
1.496395445428788662e-03
1.275121420621871948e-02
1.210960373282432556e-02
1.731728948652744293e-02
4.249835014343261719e-02
2.941402494907379150e-01
6.627740338444709778e-03
5.920652672648429871e-02
7.020130008459091187e-02
6.429815292358398438e-02
6.324016302824020386e-02
4.995252564549446106e-02
2.733282744884490967e-03
2.110004425048828125e+00
3.937595710158348083e-02
5.191021482460200787e-04
5.524416565895080566e-01
3.301436603069305420e-01
2.981127202510833740e-01
3.404134809970855713e-01
3.010502271354198456e-02
1.591894193552434444e-03
7.651868462562561035e-02
1.079253107309341431e-02
1.518145203590393066e-02
3.449496254324913025e-02
4.691756665706634521e-01
6.480867508798837662e-03
4.695525765419006348e-02
1.178135499358177185e-01
5.141240730881690979e-02
5.110900104045867920e-02
5.603053048253059387e-02
3.030192805454134941e-03
2.304791212081909180e+00
3.438220545649528503e-02
2.935833530500531197e-03
6.294475197792053223e-01
3.471306860446929932e-01
3.124683201313018799e-01
3.727923929691314697e-01
3.151685744524002075e-02
5.356757435947656631e-03
1.876705735921859741e-01
1.421024557203054428e-02
1.615511253476142883e-02
3.194745257496833801e-02
4.040130376815795898e-01
7.405122742056846619e-03
3.903805837035179138e-02
1.190831065177917480e-01
1.731666177511215210e-02
1.663596369326114655e-02
6.534441560506820679e-02
3.116206498816609383e-03
2.502763986587524414e+00
2.938006818294525146e-02
1.995063648791983724e-04
3.260942399501800537e-01
3.385279178619384766e-01
3.073336184024810791e-01
3.573755323886871338e-01
3.280101716518402100e-02
2.137169707566499710e-03
9.785318374633789062e-02
1.392085384577512741e-02
1.820572465658187866e-02
1.235520243644714355e-01
2.801636755466461182e-01
8.560162037611007690e-03
1.498876363039016724e-01
1.199790760874748230e-01
2.261849641799926758e-01
2.259114533662796021e-01
6.218421459197998047e-02
3.065532771870493889e-03
2.608522176742553711e+00
4.572999104857444763e-02
1.124841510318219662e-03
2.909314930438995361e-01
3.343367576599121094e-01
3.040360510349273682e-01
3.543805181980133057e-01
3.179087117314338684e-02
1.909833983518183231e-03
1.143870353698730469e-01
1.252211257815361023e-02
1.384846866130828857e-02
1.481661498546600342e-01
5.714414119720458984e-01
7.097779307514429092e-03
1.445516496896743774e-01
1.234900355339050293e-01
1.846999973058700562e-01
1.843821257352828979e-01
3.972406312823295593e-02
2.801502123475074768e-03
2.472497701644897461e+00
2.520675957202911377e-02
7.960184593684971333e-04
1.883521080017089844e-01
3.760096728801727295e-01
3.371448218822479248e-01
3.850195705890655518e-01
2.891936898231506348e-02
1.421778928488492966e-03
3.679591417312622070e-02
1.321444381028413773e-02
1.507199462503194809e-02
9.849163889884948730e-02
3.241159617900848389e-01
7.479278370738029480e-03
1.173603609204292297e-01
1.119755730032920837e-01
1.263868361711502075e-01
1.262841820716857910e-01
2.545031160116195679e-02
2.644418505951762199e-03
2.377409934997558594e+00
3.691304847598075867e-02
1.780152902938425541e-03
2.619293630123138428e-01
4.016104638576507568e-01
3.594279587268829346e-01
3.902680873870849609e-01
2.614681236445903778e-02
9.552664123475551605e-04
2.253171987831592560e-02
1.690767519176006317e-02
1.184740755707025528e-02
3.911531064659357071e-03
6.254580020904541016e-01
1.047826092690229416e-02
4.904602188616991043e-03
1.374101638793945312e-01
2.507663331925868988e-02
2.322760038077831268e-02
9.006541222333908081e-03
2.884092507883906364e-03
2.538209676742553711e+00
3.111924976110458374e-02
5.760110798291862011e-04
1.117585971951484680e-01
4.169224500656127930e-01
3.978429734706878662e-01
4.159006774425506592e-01
2.423636615276336670e-02
9.738802327774465084e-04
2.613183856010437012e-02
1.479136664420366287e-02
1.388679072260856628e-02
1.438569743186235428e-02
3.241951763629913330e-01
8.097301237285137177e-03
1.040263753384351730e-02
9.391087293624877930e-02
2.719467319548130035e-02
6.792023777961730957e-03
1.424448471516370773e-02
2.450357191264629364e-03
2.117422342300415039e+00
2.441204153001308441e-02
1.769213267834857106e-04
4.374324902892112732e-02
4.288581311702728271e-01
4.091765880584716797e-01
4.408726692199707031e-01
1.731254346668720245e-02
2.739624178502708673e-04
1.244893181137740612e-03
7.162511348724365234e-02
7.026990503072738647e-02
4.099039360880851746e-02
7.965385317802429199e-01
3.924134001135826111e-02
4.435953870415687561e-02
1.603923588991165161e-01
4.032618552446365356e-02
4.663947224617004395e-02
7.094272226095199585e-02
2.879440784454345703e-03
2.685286521911621094e+00
2.082102559506893158e-02
3.732935738298692740e-09
5.777226874670304824e-08
4.513582885265350342e-01
4.027431905269622803e-01
4.430316984653472900e-01
3.225025162100791931e-02
3.388555778656154871e-04
1.055834814906120300e-02
6.258317083120346069e-02
4.893984273076057434e-02
6.780859082937240601e-03
6.183424592018127441e-01
2.985868416726589203e-02
5.868755280971527100e-03
1.271169036626815796e-01
6.303466390818357468e-03
6.164716556668281555e-03
2.864678390324115753e-02
2.558917505666613579e-03
2.231743574142456055e+00
2.437506802380084991e-02
3.732935738298692740e-09
5.777226874670304824e-08
3.505913913249969482e-01
2.974927127361297607e-01
3.449607789516448975e-01
7.023058831691741943e-02
2.347311965422704816e-04
1.642365381121635437e-02
1.465230155736207962e-02
1.260683964937925339e-02
8.706960827112197876e-03
2.239414304494857788e-01
1.011117640882730484e-02
1.178933680057525635e-02
7.636687904596328735e-02
9.946432895958423615e-03
9.860538877546787262e-03
9.497838094830513000e-03
1.157119171693921089e-03
1.337084293365478516e+00
2.538750506937503815e-02
3.732935738298692740e-09
5.777226874670304824e-08
3.389032185077667236e-01
3.195536434650421143e-01
3.350857198238372803e-01
2.942085079848766327e-02
1.409370306646451354e-04
5.993805825710296631e-03
1.093245390802621841e-02
1.186395157128572464e-02
3.957033902406692505e-02
1.745122671127319336e-01
6.664503365755081177e-03
4.105198755860328674e-02
4.842528700828552246e-02
3.831305727362632751e-02
3.870475664734840393e-02
1.803854294121265411e-02
1.556002534925937653e-03
1.138020396232604980e+00
2.008455991744995117e-02
3.732935738298692740e-09
5.777226874670304824e-08
8.618459850549697876e-02
7.297910004854202271e-02
7.824832946062088013e-02
2.633205242455005646e-02
2.366537955822423100e-04
2.448440296575427055e-03
1.008691918104887009e-02
1.021372620016336441e-02
2.672749198973178864e-02
1.210841834545135498e-01
5.844762083142995834e-03
1.962391845881938934e-02
3.170208260416984558e-02
2.858618833124637604e-02
1.991753280162811279e-02
1.692579500377178192e-02
8.469621534459292889e-04
6.963585019111633301e-01
1.568350754678249359e-02
3.732935738298692740e-09
5.777226874670304824e-08
7.329629361629486084e-02
6.706514954566955566e-02
7.295528799295425415e-02
4.014746472239494324e-02
1.661116984905675054e-04
2.736659953370690346e-03
1.299125049263238907e-02
1.253492012619972229e-02
1.116744708269834518e-02
1.469175815582275391e-01
7.259821984916925430e-03
1.084561925381422043e-02
2.714379131793975830e-02
7.914979942142963409e-03
1.103089470416307449e-02
1.028603035956621170e-02
5.694659776054322720e-04
3.752683103084564209e-01
1.263332273811101913e-02
3.732935738298692740e-09
5.777226874670304824e-08
6.137043237686157227e-02
5.553529784083366394e-02
6.129998341202735901e-02
2.728895284235477448e-02
6.141079211374744773e-05
6.458138581365346909e-03
1.616705767810344696e-02
1.773761771619319916e-02
1.487365830689668655e-02
1.063468083739280701e-01
8.626480586826801300e-03
1.321049034595489502e-02
2.134015411138534546e-02
1.352591812610626221e-02
1.345978677272796631e-02
1.727003045380115509e-02
5.667692748829722404e-04
3.707300126552581787e-01
2.419425547122955322e-02
3.732935738298692740e-09
5.777226874670304824e-08
9.964290261268615723e-02
9.924501925706863403e-02
1.173627153038978577e-01
2.270408533513545990e-02
8.765544043853878975e-05
5.309774074703454971e-03
1.979937404394149780e-02
1.937053538858890533e-02
1.155320648103952408e-02
1.606646031141281128e-01
9.989551268517971039e-03
1.020576711744070053e-02
2.682285010814666748e-02
1.009159069508314133e-02
1.061076670885086060e-02
1.534440647810697556e-02
7.535237818956375122e-04
6.259874701499938965e-01
2.576732076704502106e-02
3.732935738298692740e-09
1.592520922422409058e-01
1.307372152805328369e-01
1.256876587867736816e-01
1.015367731451988220e-01
2.758848667144775391e-02
9.635035530664026737e-05
1.295880507677793503e-02
3.953269496560096741e-02
4.113752022385597229e-02
8.384597487747669220e-03
3.683495819568634033e-01
2.135978825390338898e-02
6.941774394363164902e-03
4.557989910244941711e-02
6.973432376980781555e-03
6.710980087518692017e-03
3.729990497231483459e-02
6.832344806753098965e-04
4.518242180347442627e-01
4.362456128001213074e-02
3.732935738298692740e-09
1.592501550912857056e-01
5.573407933115959167e-02
5.661055445671081543e-02
5.572903156280517578e-02
5.009854957461357117e-02
1.585604768479242921e-04
5.196575075387954712e-03
3.343307599425315857e-02
3.625577315688133240e-02
1.311187911778688431e-02
2.779802381992340088e-01
1.791073195636272430e-02
1.348887104541063309e-02
5.137105658650398254e-02
1.202143356204032898e-02
1.307304482907056808e-02
3.340167179703712463e-02
6.021487643010914326e-04
5.630652904510498047e-01
3.756945207715034485e-02
3.732935738298692740e-09
1.592507809400558472e-01
2.114993520081043243e-02
1.875764317810535431e-02
1.240350771695375443e-02
7.287748903036117554e-02
1.491002039983868599e-04
5.271572619676589966e-03
1.411527674645185471e-02
1.582923717796802521e-02
1.657410897314548492e-02
3.418251574039459229e-01
8.084905333817005157e-03
1.041911263018846512e-02
3.124024532735347748e-02
1.136196777224540710e-02
1.134379953145980835e-02
1.655447669327259064e-02
8.173275855369865894e-04
6.359757184982299805e-01
2.899523638188838959e-02
3.732935738298692740e-09
1.592544019222259521e-01
3.622052446007728577e-02
4.818117246031761169e-02
1.941244490444660187e-02
3.676545247435569763e-02
9.319556556874886155e-05
8.679800666868686676e-03
1.841774955391883850e-02
1.917622424662113190e-02
1.583162881433963776e-02
1.325472295284271240e-01
9.496078826487064362e-03
1.427930500358343124e-02
3.145970031619071960e-02
1.479187328368425369e-02
1.485508214682340622e-02
6.933724973350763321e-03
7.544523687101900578e-04
6.087962985038757324e-01
2.444449067115783691e-02
6.908867508172988892e-03
2.614506185054779053e-01
4.407704994082450867e-02
3.985936567187309265e-02
2.524334192276000977e-02
1.888984255492687225e-02
8.695347787579521537e-05
1.268232148140668869e-02
3.318973258137702942e-02
3.164477273821830750e-02
2.411861717700958252e-02
2.203395813703536987e-01
1.498733740299940109e-02
2.169107086956501007e-02
3.360227122902870178e-02
2.207427285611629486e-02
2.216084301471710205e-02
1.346519682556390762e-02
9.279890800826251507e-04
7.556731104850769043e-01
3.324157372117042542e-02
6.908461451530456543e-03
2.614474594593048096e-01
6.590437144041061401e-02
5.708910152316093445e-02
4.047423973679542542e-02
2.326571196317672729e-02
1.103372414945624769e-04
7.928184233605861664e-03
8.419517427682876587e-02
7.325087487697601318e-02
3.240193426609039307e-02
3.929156363010406494e-01
4.130588844418525696e-02
3.204245492815971375e-02
7.680163532495498657e-02
3.108124993741512299e-02
3.121000342071056366e-02
4.104176536202430725e-02
9.895608527585864067e-04
6.130477786064147949e-01
1.657432876527309418e-02
6.909171584993600845e-03
2.614489495754241943e-01
8.924064785242080688e-02
7.147148996591567993e-02
9.587923437356948853e-02
2.559071779251098633e-02
2.197081194026395679e-04
9.656836278736591339e-03
3.408367931842803955e-02
3.617704287171363831e-02
4.324389621615409851e-02
1.435701251029968262e-01
2.147766947746276855e-02
4.532203450798988342e-02
4.105377569794654846e-02
4.175569489598274231e-02
4.182758927345275879e-02
1.251524221152067184e-02
8.819343638606369495e-04
5.638923048973083496e-01
1.774963177740573883e-02
6.909816991537809372e-03
2.614504992961883545e-01
1.029764786362648010e-01
1.023532524704933167e-01
7.221220433712005615e-02
4.101370647549629211e-02
8.468097803415730596e-05
1.252391561865806580e-02
2.568228542804718018e-02
2.458654157817363739e-02
5.736419931054115295e-02
1.560245901346206665e-01
1.628660969436168671e-02
5.672900751233100891e-02
3.078605793416500092e-02
5.556322261691093445e-02
5.634992197155952454e-02
1.366204023361206055e-02
7.754756952635943890e-04
3.311922848224639893e-01
1.930853165686130524e-02
6.910245865583419800e-03
2.614555060863494873e-01
1.654898971319198608e-01
1.079334020614624023e-01
8.707541227340698242e-02
4.703168198466300964e-02
1.101040033972822130e-04
1.236031483858823776e-02
2.813012711703777313e-02
2.479624748229980469e-02
8.371414989233016968e-02
1.804322749376296997e-01
2.001453191041946411e-02
8.406096696853637695e-02
2.665766142308712006e-02
8.258829265832901001e-02
8.778116852045059204e-02
1.391583587974309921e-02
6.827989709563553333e-04
3.616588115692138672e-01
2.428279817104339600e-02
6.909873802214860916e-03
2.614584863185882568e-01
1.781023889780044556e-01
1.401845067739486694e-01
1.152590140700340271e-01
2.683536149561405182e-02
4.131529203732497990e-05
2.045156061649322510e-02
4.791802540421485901e-02
4.651233553886413574e-02
1.063290610909461975e-01
1.384925097227096558e-01
2.991507388651371002e-02
1.070078983902931213e-01
1.682767458260059357e-02
1.019292250275611877e-01
1.013984680175781250e-01
2.437195740640163422e-02
8.635514532215893269e-04
5.560277104377746582e-01
2.361356280744075775e-02
6.909443531185388565e-03
2.614625990390777588e-01
3.042650222778320312e-01
2.120438367128372192e-01
1.980343014001846313e-01
3.191555663943290710e-02
3.233101961086504161e-05
3.026288002729415894e-02
5.340560153126716614e-02
3.780655935406684875e-02
1.497851610183715820e-01
2.525606453418731689e-01
2.929844893515110016e-02
1.289948225021362305e-01
3.427970036864280701e-02
1.401187926530838013e-01
1.415131837129592896e-01
2.779715694487094879e-02
9.558306192047894001e-04
5.927940607070922852e-01
2.383583225309848785e-02
1.796391010284423828e-01
1.123910665512084961e+00
2.648756802082061768e-01
2.117168158292770386e-01
1.792840957641601562e-01
3.908561542630195618e-02
6.626192043768242002e-05
5.250996351242065430e-02
3.628216311335563660e-02
3.221428766846656799e-02
1.994917541742324829e-01
4.035115242004394531e-01
2.384447120130062103e-02
2.035587280988693237e-01
4.384351149201393127e-02
2.308320552110671997e-01
2.324826270341873169e-01
2.852579019963741302e-02
9.987580124288797379e-04
6.723859906196594238e-01
2.602971531450748444e-02
1.796393990516662598e-01
1.123906970024108887e+00
2.978869378566741943e-01
2.390483617782592773e-01
2.621335089206695557e-01
2.609164454042911530e-02
7.702396396780386567e-05
6.670296937227249146e-02
3.763854503631591797e-02
3.408173099160194397e-02
2.265303581953048706e-01
3.924825191497802734e-01
2.368381619453430176e-02
2.021974474191665649e-01
5.277764797210693359e-02
1.986923217773437500e-01
1.994249820709228516e-01
3.159953653812408447e-02
9.185375529341399670e-04
6.265127062797546387e-01
3.298014029860496521e-02
1.796480864286422729e-01
1.123930811882019043e+00
2.638389170169830322e-01
2.272161692380905151e-01
2.798218429088592529e-01
1.598268188536167145e-02
9.817924001254141331e-05
8.786799758672714233e-02
2.761415392160415649e-02
2.594215236604213715e-02
2.604463696479797363e-01
4.771640300750732422e-01
1.827761530876159668e-02
2.514253854751586914e-01
5.862498283386230469e-02
2.460735887289047241e-01
2.452474385499954224e-01
2.117108367383480072e-02
8.272267878055572510e-04
5.527154803276062012e-01
3.953570127487182617e-02
1.796499341726303101e-01
1.123934507369995117e+00
1.819558292627334595e-01
1.509502530097961426e-01
2.351245135068893433e-01
1.729260943830013275e-02
8.833663741825148463e-05
7.302961498498916626e-02
2.812683582305908203e-02
2.592109702527523041e-02
2.075441628694534302e-01
4.123008549213409424e-01
2.216729335486888885e-02
2.095388919115066528e-01
4.950952529907226562e-02
2.052925378084182739e-01
2.052588909864425659e-01
2.031556330621242523e-02
7.950257859192788601e-04
5.159844756126403809e-01
4.748177528381347656e-02
1.796528697013854980e-01
1.123948693275451660e+00
1.183430328965187073e-01
1.077263429760932922e-01
1.301792114973068237e-01
1.798857934772968292e-02
1.516432821517810225e-04
5.687737464904785156e-02
4.775281623005867004e-02
4.294683411717414856e-02
1.188023984432220459e-01
1.782617717981338501e-01
3.184263408184051514e-02
1.444174796342849731e-01
2.839837037026882172e-02
1.419980973005294800e-01
1.422031074762344360e-01
3.561183437705039978e-02
8.777198963798582554e-04
6.252735257148742676e-01
5.985942482948303223e-02
1.796451658010482788e-01
1.096693873405456543e+00
7.707925885915756226e-02
7.290810346603393555e-02
6.269718706607818604e-02
1.488010119646787643e-02
7.412090781144797802e-05
7.734555006027221680e-02
1.219443902373313904e-01
1.137407422065734863e-01
9.199912101030349731e-02
1.761384457349777222e-01
7.647659629583358765e-02
9.835460036993026733e-02
2.511849068105220795e-02
1.076687797904014587e-01
9.511802345514297485e-02
6.182185932993888855e-02
1.294823829084634781e-03
7.614507675170898438e-01
5.911418795585632324e-02
1.796456128358840942e-01
9.272854328155517578e-01
9.468934684991836548e-02
9.287291020154953003e-02
8.915349096059799194e-02
3.120153211057186127e-02
8.051170880207791924e-05
3.049860149621963501e-02
1.103356108069419861e-01
9.134888648986816406e-02
8.904264122247695923e-02
1.648557037115097046e-01
6.730264425277709961e-02
9.009087085723876953e-02
2.309508062899112701e-02
8.896864205598831177e-02
8.926076442003250122e-02
5.761216208338737488e-02
1.692703575827181339e-03
1.446480393409729004e+00
6.792087107896804810e-02
1.796452403068542480e-01
9.421896934509277344e-01
1.450542658567428589e-01
1.480787992477416992e-01
1.346352249383926392e-01
5.702441930770874023e-02
1.109386794269084930e-04
3.220908343791961670e-02
6.838417798280715942e-02
7.413858920335769653e-02
3.019939921796321869e-02
1.367085576057434082e-01
5.079954862594604492e-02
3.625355288386344910e-02
2.719814516603946686e-02
3.485442325472831726e-02
3.407685831189155579e-02
2.977272868156433105e-02
1.072964980266988277e-03
7.048485279083251953e-01
6.956022977828979492e-02
1.796480417251586914e-01
9.368186593055725098e-01
1.335892677307128906e-01
1.183562055230140686e-01
1.412394195795059204e-01
4.369356855750083923e-02
1.102484020520932972e-04
2.679419331252574921e-02
4.303011298179626465e-02
3.419763222336769104e-02
1.101656537503004074e-02
1.600325107574462891e-01
2.834036946296691895e-02
1.121079642325639725e-02
2.459030598402023315e-02
1.603054814040660858e-02
1.542259752750396729e-02
1.915962062776088715e-02
7.785733905620872974e-04
5.408983826637268066e-01
4.331642016768455505e-02
1.753520369529724121e-01
8.294200301170349121e-01
8.717753738164901733e-02
8.162795752286911011e-02
9.842014312744140625e-02
2.848823368549346924e-02
5.054317807662300766e-05
3.179189935326576233e-02
1.185788959264755249e-02
2.282133139669895172e-02
9.099154733121395111e-03
1.881939619779586792e-01
7.796297315508127213e-03
1.012379769235849380e-02
2.360994182527065277e-02
1.262129005044698715e-02
1.267362292855978012e-02
2.177856862545013428e-02
7.922914810478687286e-04
4.931608140468597412e-01
4.961677268147468567e-02
1.722900271415710449e-01
8.934529423713684082e-01
8.987580984830856323e-02
8.433979749679565430e-02
8.633790165185928345e-02
2.999926172196865082e-02
4.608085146173834801e-05
2.923362515866756439e-02
2.031807228922843933e-02
1.617408543825149536e-02
1.141524035483598709e-02
2.466711401939392090e-01
1.247602608054876328e-02
1.339232642203569412e-02
2.556344866752624512e-02
1.112979277968406677e-02
1.115275919437408447e-02
5.915653705596923828e-02
7.266227039508521557e-04
4.612058699131011963e-01
5.174349620938301086e-02
1.725160330533981323e-01
9.206988811492919922e-01
7.897044718265533447e-02
7.449305802583694458e-02
6.519760936498641968e-02
2.651534415781497955e-02
4.366225402918644249e-05
4.115011915564537048e-02
4.060969874262809753e-02
4.793291911482810974e-02
1.094311103224754333e-02
5.293856263160705566e-01
2.460994385182857513e-02
1.118600461632013321e-02
6.427076458930969238e-02
1.133281271904706955e-02
1.132563035935163498e-02
7.556902617216110229e-02
3.319353796541690826e-03
2.073308229446411133e+00
3.066070564091205597e-02
1.788245290517807007e-01
1.284243941307067871e+00
2.789955437183380127e-01
3.100076913833618164e-01
2.247044891119003296e-01
5.808069184422492981e-02
6.593695434276014566e-05
6.804233882576227188e-03
2.586377412080764771e-02
2.669081650674343109e-02
1.078782975673675537e-02
2.309461981058120728e-01
1.717876084148883820e-02
1.135138794779777527e-02
3.614969551563262939e-02
1.209385320544242859e-02
1.239154487848281860e-02
5.276905372738838196e-02
8.742681820876896381e-04
7.909644246101379395e-01
3.822829946875572205e-02
1.794571280479431152e-01
1.285938382148742676e+00
1.230617389082908630e-01
1.310419589281082153e-01
1.045424342155456543e-01
6.128264963626861572e-02
5.609472646028734744e-05
2.443561516702175140e-02
4.141488298773765564e-02
4.531858488917350769e-02
2.025889419019222260e-02
2.985096871852874756e-01
2.829489111900329590e-02
2.766682766377925873e-02
5.687474086880683899e-02
2.190800569951534271e-02
2.141780219972133636e-02
6.111278012394905090e-02
2.103818347677588463e-03
1.304439425468444824e+00
3.839246556162834167e-02
1.787178069353103638e-01
1.306251764297485352e+00
6.841776520013809204e-02
7.087548822164535522e-02
7.596265524625778198e-02
4.806952551007270813e-02
6.806513556512072682e-05
7.761808112263679504e-03
2.044363133609294891e-02
2.340464852750301361e-02
2.535922825336456299e-02
1.172828748822212219e-01
1.362640410661697388e-02
2.569481730461120605e-02
2.856684289872646332e-02
2.563519589602947235e-02
2.578383125364780426e-02
3.618735447525978088e-02
7.799123995937407017e-04
7.163581848144531250e-01
6.070391461253166199e-02
1.797221153974533081e-01
1.297760725021362305e+00
1.079487521201372147e-02
1.141449157148599625e-02
1.742766238749027252e-02
5.239194631576538086e-02
8.144201274262741208e-05
2.030463889241218567e-02
1.486279815435409546e-02
1.538836490362882614e-02
1.044511795043945312e-01
1.831519156694412231e-01
1.008299831300973892e-02
9.819147735834121704e-02
3.605087101459503174e-02
9.487471729516983032e-02
9.575188159942626953e-02
1.710881665349006653e-02
6.270154844969511032e-04
4.977467954158782959e-01
4.825164750218391418e-02
1.501051932573318481e-01
1.113884449005126953e+00
1.796357519924640656e-02
1.592314429581165314e-02
5.530516151338815689e-03
4.582242295145988464e-02
8.263168274424970150e-05
2.876361273229122162e-02
6.452120095491409302e-02
5.979312956333160400e-02
1.880995184183120728e-02
1.644526571035385132e-01
3.566424548625946045e-02
2.320707030594348907e-02
5.635662004351615906e-02
2.449437230825424194e-02
2.453939616680145264e-02
4.870970174670219421e-02
7.772786193527281284e-04
5.412574410438537598e-01
6.249167397618293762e-02
2.359004467725753784e-01
1.515009760856628418e+00
3.150200843811035156e-02
3.059173934161663055e-02
2.042930573225021362e-02
2.223464287817478180e-02
2.586102054920047522e-04
9.894889593124389648e-02
2.909517847001552582e-02
3.102072887122631073e-02
4.500023648142814636e-02
4.785050824284553528e-02
1.621153391897678375e-02
4.631814360618591309e-02
9.688650257885456085e-03
4.470180347561836243e-02
4.494070634245872498e-02
2.739374898374080658e-02
8.000766392797231674e-04
5.835166573524475098e-01
1.409362107515335083e-01
2.407665997743606567e-01
1.546090483665466309e+00
3.183111175894737244e-02
3.211632370948791504e-02
2.486979402601718903e-02
1.574168168008327484e-02
9.038695134222507477e-05
9.149440377950668335e-02
7.052209228277206421e-02
7.291289418935775757e-02
2.169849537312984467e-02
6.847814470529556274e-02
4.029364511370658875e-02
2.083801664412021637e-02
1.732184737920761108e-02
2.165256440639495850e-02
2.188972197473049164e-02
4.105053469538688660e-02
6.861293222755193710e-04
5.596653819084167480e-01
1.548923850059509277e-01
2.404183298349380493e-01
1.535793304443359375e+00
5.352619290351867676e-02
4.632622003555297852e-02
4.692478105425834656e-02
2.689877711236476898e-02
1.148791270679794252e-04
6.360971182584762573e-02
7.322484999895095825e-02
7.607060670852661133e-02
2.274299599230289459e-02
1.035883054137229919e-01
4.441146925091743469e-02
2.445231936872005463e-02
2.251873910427093506e-02
2.560845203697681427e-02
2.583099715411663055e-02
5.581724643707275391e-02
6.720910896547138691e-04
8.047788739204406738e-01
1.887305527925491333e-01
2.976112067699432373e-01
1.672453522682189941e+00
7.946830987930297852e-02
8.084873110055923462e-02
5.242715403437614441e-02
2.368917129933834076e-02
1.683455193415284157e-04
4.861013963818550110e-02
2.108348906040191650e-02
2.588050067424774170e-02
2.960368245840072632e-02
6.955648213624954224e-02
1.298062410205602646e-02
3.258251771330833435e-02
1.956023462116718292e-02
3.410836309194564819e-02
3.435473516583442688e-02
5.102877691388130188e-02
7.031906279735267162e-04
7.715954780578613281e-01
1.964181810617446899e-01
2.981981337070465088e-01
1.764794230461120605e+00
8.960840106010437012e-02
9.754369407892227173e-02
5.810264870524406433e-02
1.360659580677747726e-02
1.508190180175006390e-04
7.911544293165206909e-02
2.040051668882369995e-02
2.508006244897842407e-02
6.839615106582641602e-02
1.115412116050720215e-01
1.251645386219024658e-02
7.550874352455139160e-02
2.620197273790836334e-02
7.764934748411178589e-02
7.806833833456039429e-02
7.012476027011871338e-02
1.438890933059155941e-03
1.033922910690307617e+00
2.207549363374710083e-01
2.959258854389190674e-01
1.731086373329162598e+00
1.040886640548706055e-01
9.335101395845413208e-02
7.020960748195648193e-02
6.734927650541067123e-03
2.267435920657590032e-04
1.033863946795463562e-01
2.495399117469787598e-02
2.736865915358066559e-02
7.966482639312744141e-02
1.727821379899978638e-01
1.641649194061756134e-02
9.158352762460708618e-02
3.728475794196128845e-02
9.452279657125473022e-02
9.476227313280105591e-02
6.279555708169937134e-02
8.627025526948273182e-04
9.090147018432617188e-01
2.344367951154708862e-01
2.983885407447814941e-01
1.688374996185302734e+00
1.037730202078819275e-01
1.012635529041290283e-01
7.232358306646347046e-02
6.340947467833757401e-03
1.767214271239936352e-04
1.399953514337539673e-01
1.764437928795814514e-02
2.151579223573207855e-02
1.000081896781921387e-01
2.007075548171997070e-01
1.113947480916976929e-02
9.353300184011459351e-02
4.260984063148498535e-02
9.852240234613418579e-02
9.896034002304077148e-02
5.648665502667427063e-02
1.872846507467329502e-03
1.204897999763488770e+00
2.363795489072799683e-01
2.946273982524871826e-01
1.677102088928222656e+00
1.784341782331466675e-01
1.586050242185592651e-01
1.157836616039276123e-01
1.546139921993017197e-02
1.698464620858430862e-04
2.241699099540710449e-01
2.329221926629543304e-02
3.086629696190357208e-02
9.445461630821228027e-02
2.477836608886718750e-01
1.299406215548515320e-02
1.045157089829444885e-01
4.602512344717979431e-02
1.114167794585227966e-01
1.108900308609008789e-01
6.622543185949325562e-02
1.432455494068562984e-03
1.104657173156738281e+00
2.481336146593093872e-01
3.017071783542633057e-01
1.782464027404785156e+00
2.148943394422531128e-01
2.069549560546875000e-01
1.100705265998840332e-01
2.193340472877025604e-02
1.581916294526308775e-04
3.002667427062988281e-01
6.040185689926147461e-02
8.201870322227478027e-02
1.539581567049026489e-01
2.712194919586181641e-01
4.211800172924995422e-02
1.571532338857650757e-01
4.754089936614036560e-02
1.681649237871170044e-01
1.677456647157669067e-01
1.350519806146621704e-01
1.356150489300489426e-03
1.305306315422058105e+00
2.649399340152740479e-01
3.000979721546173096e-01
1.716870665550231934e+00
2.780665457248687744e-01
2.607627809047698975e-01
1.928731650114059448e-01
1.071977242827415466e-02
1.409925898769870400e-04
4.327282011508941650e-01
1.118510738015174866e-01
1.454810053110122681e-01
2.087213248014450073e-01
3.066247999668121338e-01
7.576193660497665405e-02
2.066339850425720215e-01
5.750979855656623840e-02
2.081337571144104004e-01
2.112090736627578735e-01
1.849269866943359375e-01
2.698193071410059929e-03
2.982308626174926758e+00
2.370971441268920898e-01
3.022774159908294678e-01
1.690238952636718750e+00
2.082536071538925171e-01
1.470553725957870483e-01
1.493031531572341919e-01
9.545899927616119385e-03
1.130358068621717393e-04
3.841461837291717529e-01
4.676185175776481628e-02
6.701409071683883667e-02
2.245766371488571167e-01
3.977614939212799072e-01
3.070243261754512787e-02
2.336800843477249146e-01
6.861972808837890625e-02
2.714596092700958252e-01
3.130543529987335205e-01
1.188672557473182678e-01
3.761815605685114861e-03
2.449389457702636719e+00
2.186512500047683716e-01
2.897942662239074707e-01
1.770213127136230469e+00
1.049172282218933105e-01
9.028620272874832153e-02
9.287165850400924683e-02
1.434594858437776566e-02
1.125756243709474802e-04
3.514097929000854492e-01
2.871239185333251953e-02
4.500800371170043945e-02
1.536633819341659546e-01
1.949674636125564575e-01
1.835081912577152252e-02
1.640435010194778442e-01
6.536752730607986450e-02
1.945726126432418823e-01
1.850882321596145630e-01
1.035629883408546448e-01
1.202623127028346062e-03
9.560144543647766113e-01
2.254080772399902344e-01
2.923953831195831299e-01
1.420781970024108887e+00
1.174426302313804626e-01
1.013090610504150391e-01
7.970723509788513184e-02
8.704700507223606110e-03
1.325256598647683859e-04
3.431686460971832275e-01
2.498185075819492340e-02
3.664914146065711975e-02
9.263464063405990601e-02
1.944433599710464478e-01
1.539542432874441147e-02
9.239730238914489746e-02
5.168166756629943848e-02
1.003100201487541199e-01
1.013045087456703186e-01
1.173437237739562988e-01
6.610569544136524200e-04
4.823961555957794189e-01
2.375528365373611450e-01
3.095147609710693359e-01
2.743254899978637695e+00
2.349586635828018188e-01
2.126888483762741089e-01
2.734963893890380859e-01
1.047962252050638199e-02
7.952866872074082494e-05
3.085361421108245850e-01
2.246908843517303467e-02
2.737505733966827393e-02
5.175088346004486084e-02
2.747406363487243652e-01
1.486877072602510452e-02
5.761775374412536621e-02
6.200388073921203613e-02
5.941019579768180847e-02
5.958627164363861084e-02
7.696472108364105225e-02
4.214874643366783857e-04
5.624892115592956543e-01
2.205523997545242310e-01
3.391806185245513916e-01
4.623800277709960938e+00
2.675281167030334473e-01
2.448101043701171875e-01
3.043678104877471924e-01
1.773389801383018494e-02
2.250438556075096130e-04
2.342369556427001953e-01
3.293130919337272644e-02
3.120202757418155670e-02
1.058565676212310791e-01
7.296027541160583496e-01
1.823103055357933044e-02
9.440030902624130249e-02
1.170422658324241638e-01
1.018906608223915100e-01
1.034075394272804260e-01
5.748723074793815613e-02
6.802759598940610886e-04
8.362668156623840332e-01
2.004280537366867065e-01
1.968550533056259155e-01
6.076143741607666016e+00
2.862892150878906250e-01
2.544300556182861328e-01
3.269744813442230225e-01
1.587509177625179291e-02
2.153615205315873027e-04
2.772029936313629150e-01
4.623840376734733582e-02
4.469147324562072754e-02
8.101713657379150391e-02
7.501627802848815918e-01
2.734011970460414886e-02
7.289544492959976196e-02
1.381367892026901245e-01
7.380826026201248169e-02
7.403821498155593872e-02
7.391359657049179077e-02
5.925984587520360947e-04
6.199935078620910645e-01
2.037200927734375000e-01
1.916176527738571167e-01
6.957766056060791016e+00
1.321654766798019409e-01
1.195683851838111877e-01
1.200577095150947571e-01
6.402000039815902710e-02
1.547132414998486638e-04
2.836778163909912109e-01
3.545521572232246399e-02
4.431886970996856689e-02
5.784161388874053955e-02
4.782441854476928711e-01
2.110945619642734528e-02
5.493522062897682190e-02
8.585151284933090210e-02
5.396174266934394836e-02
5.461192131042480469e-02
8.696267753839492798e-02
7.270096684806048870e-04
6.151022911071777344e-01
1.059201061725616455e-01
3.635761737823486328e-01
8.885994911193847656e+00
6.183118745684623718e-02
5.339022353291511536e-02
5.088096857070922852e-02
4.389050230383872986e-02
1.977121428353711963e-04
2.646150887012481689e-01
4.100163653492927551e-02
6.344003975391387939e-02
4.289903864264488220e-02
6.642819046974182129e-01
2.373442612588405609e-02
4.192274808883666992e-02
7.390407472848892212e-02
4.143526032567024231e-02
4.139428958296775818e-02
1.460890918970108032e-01
7.852297276258468628e-04
8.645494580268859863e-01
9.610762447118759155e-02
4.901145994663238525e-01
1.003265953063964844e+01
8.432236313819885254e-02
7.536784559488296509e-02
9.443482011556625366e-02
2.939184755086898804e-02
2.084868028759956360e-04
2.707622349262237549e-01
5.067090317606925964e-02
5.223507806658744812e-02
6.546762585639953613e-02
4.909873902797698975e-01
2.957763336598873138e-02
6.476423889398574829e-02
9.771475940942764282e-02
6.449491530656814575e-02
6.470381468534469604e-02
7.634188979864120483e-02
4.556869098450988531e-04
5.668513774871826172e-01
8.570875972509384155e-02
4.872620105743408203e-01
1.155159854888916016e+01
1.266368180513381958e-01
1.160252094268798828e-01
7.435687631368637085e-02
2.919954992830753326e-02
1.962848909897729754e-04
2.127639502286911011e-01
3.736503049731254578e-02
5.460672453045845032e-02
8.023030310869216919e-02
5.507061481475830078e-01
2.003238536417484283e-02
8.327901363372802734e-02
8.770009130239486694e-02
8.223923295736312866e-02
8.210114389657974243e-02
1.441496461629867554e-01
4.238232504576444626e-04
7.014620304107666016e-01
7.672346383333206177e-02
4.801298081874847412e-01
1.174999523162841797e+01
8.075391501188278198e-02
8.309781551361083984e-02
8.982721716165542603e-02
4.414629936218261719e-02
2.130851353285834193e-04
6.264766305685043335e-02
5.826886370778083801e-02
7.849200069904327393e-02
2.453502416610717773e-01
1.182054281234741211e+00
3.376503661274909973e-02
2.223579138517379761e-01
1.786062717437744141e-01
2.185733467340469360e-01
2.183771282434463501e-01
1.846227645874023438e-01
6.978546734899282455e-04
1.028344154357910156e+00
2.101395130157470703e-01
5.047057271003723145e-01
1.221008777618408203e+01
4.297899082303047180e-02
4.064714536070823669e-02
4.503946378827095032e-02
6.796475499868392944e-02
3.736972284968942404e-04
1.046438515186309814e-02
5.551981553435325623e-02
5.496242269873619080e-02
2.278384417295455933e-01
6.952689290046691895e-01
3.196570277214050293e-02
2.391302734613418579e-01
1.178563460707664490e-01
2.865805029869079590e-01
2.869773209095001221e-01
1.102074682712554932e-01
4.196918162051588297e-04
4.265431463718414307e-01
3.195183873176574707e-01
5.583378672599792480e-01
1.307075786590576172e+01
1.031965482980012894e-02
1.047533471137285233e-02
1.334759686142206192e-02
1.020134314894676208e-01
4.081705410499125719e-04
9.443012066185474396e-03
2.705045044422149658e-02
2.657646499574184418e-02
1.770774126052856445e-01
4.878254234790802002e-01
1.509401854127645493e-02
1.799636036157608032e-01
7.518129050731658936e-02
1.791859120130538940e-01
1.935038417577743530e-01
5.124664306640625000e-02
3.632824809756129980e-04
3.428639173507690430e-01
2.541669011116027832e-01
4.993859827518463135e-01
1.212826919555664062e+01
4.894558712840080261e-02
4.535145685076713562e-02
1.720135472714900970e-02
7.005449384450912476e-02
3.047467907890677452e-04
3.077177703380584717e-02
4.853508993983268738e-02
3.777962550520896912e-02
2.939361035823822021e-01
8.743355870246887207e-01
2.678254805505275726e-02
3.314802944660186768e-01
6.070149317383766174e-02
3.214686810970306396e-01
3.234816789627075195e-01
3.255937993526458740e-02
3.437447885517030954e-04
2.944211661815643311e-01
2.792117893695831299e-01
4.913893043994903564e-01
1.272379016876220703e+01
5.346639454364776611e-02
4.985976219177246094e-02
3.269284963607788086e-02
2.829520404338836670e-02
1.750905794324353337e-04
1.293424516916275024e-01
5.441327020525932312e-02
5.016671121120452881e-02
4.948029518127441406e-01
6.900194287300109863e-01
3.553576394915580750e-02
4.807213842868804932e-01
8.775717020034790039e-02
5.130903124809265137e-01
5.161733031272888184e-01
3.114465437829494476e-02
5.089282640255987644e-04
3.086712658405303955e-01
2.944996058940887451e-01
6.849730610847473145e-01
1.549592971801757812e+01
1.013394221663475037e-01
8.005725592374801636e-02
4.307077452540397644e-02
8.950979448854923248e-03
2.026652946369722486e-04
1.065370216965675354e-01
8.082247525453567505e-02
7.017230242490768433e-02
5.275338292121887207e-01
8.147019743919372559e-01
6.560330837965011597e-02
4.818748533725738525e-01
9.758851677179336548e-02
4.745580255985260010e-01
4.740572869777679443e-01
3.738171234726905823e-02
4.363853076938539743e-04
4.287631213665008545e-01
2.927487492561340332e-01
7.973837852478027344e-01
1.717394828796386719e+01
1.657259315252304077e-01
1.286203116178512573e-01
5.517234280705451965e-02
1.202308479696512222e-02
2.587079361546784639e-04
1.103081330657005310e-01
9.022605419158935547e-02
7.472942024469375610e-02
4.663513600826263428e-01
6.557069420814514160e-01
6.766107678413391113e-02
5.411152839660644531e-01
6.098030135035514832e-02
4.306964576244354248e-01
4.305632114410400391e-01
4.330113157629966736e-02
3.917523135896772146e-04
3.460912704467773438e-01
3.286496996879577637e-01
7.832269072532653809e-01
1.848042297363281250e+01
1.464748233556747437e-01
9.374161809682846069e-02
4.937010630965232849e-02
1.389050483703613281e-02
1.525775151094421744e-04
3.011211007833480835e-02
1.024448573589324951e-01
1.026121377944946289e-01
4.002055227756500244e-01
6.864503026008605957e-01
6.691534072160720825e-02
5.313177108764648438e-01
4.791085049510002136e-02
4.925930500030517578e-01
4.921155869960784912e-01
5.054882168769836426e-02
4.352820105850696564e-04
3.300353884696960449e-01
2.913392484188079834e-01
8.134254813194274902e-01
1.723390388488769531e+01
1.685689687728881836e-01
1.605190038681030273e-01
8.121736347675323486e-02
2.256523258984088898e-02
2.951196220237761736e-04
1.457469537854194641e-02
1.566460877656936646e-01
1.451792716979980469e-01
3.648185729980468750e-01
1.587430685758590698e-01
1.040407046675682068e-01
4.616812765598297119e-01
1.193580776453018188e-02
4.582466185092926025e-01
4.558595716953277588e-01
7.238424569368362427e-02
4.334683471824973822e-04
4.146892130374908447e-01
2.879099547863006592e-01
5.925717949867248535e-01
1.144060993194580078e+01
2.713165581226348877e-01
2.162512689828872681e-01
1.306030303239822388e-01
3.011064976453781128e-02
1.033260268741287291e-04
2.483990602195262909e-02
1.673100739717483521e-01
1.814980953931808472e-01
3.593717515468597412e-01
4.400356113910675049e-02
1.138037741184234619e-01
4.505233764648437500e-01
1.157435495406389236e-02
3.864289224147796631e-01
4.236789643764495850e-01
1.043757200241088867e-01
4.817580338567495346e-04
4.041893482208251953e-01
2.897330820560455322e-01
6.414386630058288574e-01
5.620633602142333984e+00
3.060495853424072266e-01
2.680067718029022217e-01
1.264499425888061523e-01
5.403776094317436218e-02
8.146001346176490188e-05
4.047104716300964355e-02
2.165312021970748901e-01
1.725817173719406128e-01
3.688093125820159912e-01
1.962333768606185913e-01
1.329774111509323120e-01
4.615643024444580078e-01
1.651892066001892090e-02
4.453568458557128906e-01
4.431996345520019531e-01
9.459650516510009766e-02
4.110171284992247820e-04
3.940889537334442139e-01
2.600654661655426025e-01
6.623544692993164062e-01
6.025474548339843750e+00
3.603018224239349365e-01
2.930410802364349365e-01
2.083107084035873413e-01
5.355067923665046692e-02
6.088539885240606964e-05
6.667347997426986694e-02
2.045334577560424805e-01
1.709110587835311890e-01
3.258670270442962646e-01
2.898564338684082031e-01
1.186700686812400818e-01
4.605852067470550537e-01
4.485553596168756485e-03
4.418042898178100586e-01
4.407593905925750732e-01
8.367194980382919312e-02
3.704610280692577362e-04
3.975565731525421143e-01
2.467681020498275757e-01
5.141856074333190918e-01
6.470721721649169922e+00
4.812478125095367432e-01
3.810905516147613525e-01
4.118251800537109375e-01
6.806329637765884399e-02
6.455045513575896621e-05
6.601041555404663086e-02
2.063273638486862183e-01
1.523793935775756836e-01
2.671384811401367188e-01
1.644482165575027466e-01
1.361423581838607788e-01
3.844617307186126709e-01
5.950151011347770691e-03
3.684474527835845947e-01
3.675955832004547119e-01
9.889782220125198364e-02
5.605397163890302181e-04
4.618012011051177979e-01
2.590297162532806396e-01
3.930430412292480469e-01
5.734743595123291016e+00
3.048022985458374023e-01
2.619065046310424805e-01
2.950316965579986572e-01
5.905381962656974792e-02
6.430220673792064190e-05
6.216655299067497253e-02
1.293152272701263428e-01
1.078661903738975525e-01
1.186279952526092529e-01
2.117254585027694702e-01
9.837281703948974609e-02
1.890287846326828003e-01
1.983693800866603851e-02
1.702825576066970825e-01
1.691966652870178223e-01
5.231040343642234802e-02
6.648392882198095322e-04
7.350917458534240723e-01
2.729545533657073975e-01
3.090941011905670166e-01
5.622535705566406250e+00
1.620713025331497192e-01
1.256439536809921265e-01
1.617526710033416748e-01
4.010900482535362244e-02
7.129576988518238068e-05
6.349482387304306030e-02
1.487537622451782227e-01
1.231399476528167725e-01
1.222775205969810486e-01
6.418111920356750488e-02
9.828245639801025391e-02
1.937951296567916870e-01
8.265530690550804138e-03
9.401381760835647583e-02
9.382537752389907837e-02
3.486677631735801697e-02
8.627711795270442963e-04
6.958199143409729004e-01
2.964839041233062744e-01
3.097701966762542725e-01
6.398424148559570312e+00
1.269754320383071899e-01
1.015768274664878845e-01
1.844595074653625488e-01
5.191950127482414246e-02
7.302815356524661183e-05
4.651242867112159729e-02
1.323756575584411621e-01
1.226073727011680603e-01
4.074650630354881287e-02
1.722031235694885254e-01
9.890410304069519043e-02
4.903795719146728516e-01
2.017398178577423096e-02
1.891678124666213989e-01
1.877024769783020020e-01
6.884618848562240601e-02
1.955709449248388410e-04
3.443702161312103271e-01
3.023124337196350098e-01
3.071204423904418945e-01
6.466809749603271484e+00
2.947877161204814911e-02
2.354298532009124756e-02
4.503234103322029114e-02
5.331273749470710754e-02
1.292923552682623267e-04
5.819498375058174133e-02
1.700884848833084106e-01
1.550606489181518555e-01
4.259687662124633789e-02
6.353022903203964233e-02
1.225477457046508789e-01
6.652007251977920532e-02
2.499931119382381439e-02
6.256207078695297241e-02
6.210494041442871094e-02
6.784018129110336304e-02
3.117329615633934736e-04
6.479356884956359863e-01
7.196437716484069824e-01
2.883761227130889893e-01
5.768642425537109375e+00
1.294769998639822006e-02
1.618899405002593994e-02
1.469462085515260696e-02
8.404874801635742188e-02
2.562711597420275211e-04
6.166604161262512207e-02
2.018733024597167969e-01
1.820275783538818359e-01
2.641106545925140381e-01
1.016097888350486755e-01
1.505285650491714478e-01
3.214520514011383057e-01
2.598330378532409668e-02
1.222798600792884827e-01
1.194456145167350769e-01
5.145045742392539978e-02
1.845837105065584183e-04
4.485181272029876709e-01
4.050848484039306641e-01
2.895277738571166992e-01
5.498514652252197266e+00
3.234252706170082092e-02
3.628387674689292908e-02
2.547428198158740997e-02
1.317498832941055298e-01
1.680704444879665971e-04
4.478430747985839844e-02
1.564118266105651855e-01
1.444333046674728394e-01
7.651399821043014526e-02
1.270611435174942017e-01
1.245308741927146912e-01
2.539472877979278564e-01
3.367520496249198914e-02
2.701583802700042725e-01
2.718770802021026611e-01
5.151487514376640320e-02
1.870212145149707794e-04
7.369052767753601074e-01
3.741419315338134766e-01
2.845419645309448242e-01
7.312901973724365234e+00
4.280288144946098328e-02
4.210815951228141785e-02
3.442807123064994812e-02
1.140539869666099548e-01
1.214209478348493576e-04
5.614350736141204834e-02
1.537220627069473267e-01
1.362137049436569214e-01
3.710400080308318138e-03
5.025398731231689453e-02
1.183350309729576111e-01
5.595563445240259171e-03
2.674906142055988312e-02
6.217939313501119614e-03
6.241379305720329285e-03
4.443924501538276672e-02
1.534517505206167698e-04
5.114153623580932617e-01
3.578512966632843018e-01
2.374723106622695923e-01
6.436534404754638672e+00
1.373333763331174850e-02
1.589804887771606445e-02
1.123500615358352661e-02
9.859496355056762695e-02
6.728900189045816660e-05
5.624930933117866516e-02
1.818927973508834839e-01
1.283793896436691284e-01
7.522258441895246506e-03
2.101592272520065308e-01
1.426910609006881714e-01
7.024493068456649780e-03
5.453836917877197266e-02
7.778195198625326157e-03
7.284773513674736023e-03
1.115074157714843750e-01
1.698135602055117488e-04
4.081403315067291260e-01
3.610025346279144287e-01
1.016187667846679688e-01
2.122058629989624023e+00
1.532873511314392090e-02
1.687801629304885864e-02
1.351883262395858765e-02
8.768808096647262573e-02
5.702094131265766919e-05
1.065329909324645996e-01
1.799553483724594116e-01
1.305287331342697144e-01
3.818666562438011169e-03
1.736412495374679565e-01
1.437187939882278442e-01
1.141699403524398804e-02
5.634902045130729675e-02
1.266082841902971268e-02
6.686184089630842209e-03
7.497686147689819336e-02
1.387206284562125802e-04
2.740038037300109863e-01
4.390399158000946045e-01
5.639696121215820312e-02
9.866023063659667969e-01
1.680504344403743744e-02
1.869504153728485107e-02
1.419553253799676895e-02
1.074290275573730469e-01
5.005732236895710230e-05
1.623979657888412476e-01
1.047743931412696838e-01
4.491424560546875000e-02
4.593649134039878845e-02
2.745373360812664032e-02
5.757756158709526062e-02
9.028086066246032715e-02
3.763586655259132385e-02
7.793697714805603027e-02
7.740080356597900391e-02
3.479447960853576660e-02
1.235327217727899551e-04
2.635815441608428955e-01
2.845973968505859375e-01
3.197126463055610657e-02
1.536997675895690918e+00
4.341198876500129700e-02
6.200578808784484863e-02
3.706540912389755249e-02
1.245246306061744690e-01
6.953384581720456481e-05
1.639925092458724976e-01
1.086356416344642639e-01
6.116369739174842834e-02
2.166958758607506752e-03
3.312344849109649658e-02
7.373011857271194458e-02
3.861170262098312378e-03
2.100868523120880127e-02
4.323946312069892883e-03
4.237673245370388031e-03
1.455723494291305542e-02
1.351742248516529799e-04
2.545487880706787109e-01
2.460292726755142212e-01
1.021477300673723221e-02
1.625959396362304688e+00
1.881450042128562927e-02
2.811727859079837799e-02
1.604630798101425171e-02
1.339278668165206909e-01
9.687591227702796459e-05
2.089943289756774902e-01
1.435113549232482910e-01
1.052711084485054016e-01
1.846603490412235260e-02
6.069342792034149170e-02
1.023700758814811707e-01
5.199809744954109192e-02
2.663190662860870361e-02
5.076612159609794617e-02
5.329786613583564758e-02
1.649481803178787231e-02
1.442986686015501618e-04
2.891505062580108643e-01
2.318820953369140625e-01
3.408985212445259094e-02
9.254305362701416016e-01
4.212141968309879303e-03
4.878013394773006439e-03
4.113855306059122086e-03
1.507638990879058838e-01
7.910461863502860069e-05
1.753936409950256348e-01
8.533069491386413574e-02
6.386645883321762085e-02
1.189829781651496887e-02
1.607208997011184692e-01
6.596092134714126587e-02
1.570260711014270782e-02
4.354296252131462097e-02
1.457824092358350754e-02
1.463434193283319473e-02
1.646437495946884155e-02
2.700755430851131678e-04
3.327256143093109131e-01
2.159606963396072388e-01
1.549059804528951645e-02
1.138792037963867188e+00
1.027650781907141209e-03
1.351088169030845165e-03
7.941713556647300720e-04
1.766912788152694702e-01
1.413330464856699109e-04
1.449335217475891113e-01
3.580354526638984680e-02
2.198890410363674164e-02
8.224450983107089996e-03
8.843264728784561157e-02
4.117380082607269287e-02
1.078472286462783813e-02
3.490160033106803894e-02
8.737937547266483307e-03
9.258253499865531921e-03
1.145926862955093384e-02
2.920853730756789446e-04
3.645604550838470459e-01
2.593140006065368652e-01
7.334210444241762161e-03
5.015328526496887207e-01
1.514133997261524200e-03
1.068675541318953037e-03
5.791267030872404575e-04
1.261282116174697876e-01
1.189776303363032639e-04
5.259694531559944153e-02
1.474527176469564438e-02
1.140912156552076340e-02
6.578657776117324829e-03
5.029797554016113281e-02
1.330133620649576187e-02
4.515509586781263351e-03
2.909593842923641205e-02
6.682502571493387222e-03
6.197363138198852539e-03
1.141786295920610428e-02
2.902301494032144547e-04
2.231736630201339722e-01
1.741693466901779175e-01
1.349651440978050232e-02
5.359061360359191895e-01
1.866513281129300594e-03
2.645298838615417480e-03
2.518911613151431084e-03
5.879903212189674377e-02
9.302905527874827385e-05
1.056524645537137985e-02
3.017538599669933319e-02
2.012742497026920319e-02
3.505240194499492645e-03
1.334343403577804565e-01
1.972687430679798126e-02
6.163862999528646469e-03
4.614439606666564941e-02
5.927503574639558792e-03
6.026593502610921860e-03
1.278132107108831406e-02
3.429143689572811127e-04
3.212120831012725830e-01
1.892466694116592407e-01
2.880708873271942139e-02
1.126837372779846191e+00
8.972496725618839264e-03
8.404294960200786591e-03
5.524100735783576965e-03
5.554021522402763367e-02
3.861840377794578671e-05
1.468325871974229813e-02
1.051824633032083511e-02
5.654572974890470505e-03
4.543259274214506149e-03
4.447609558701515198e-02
9.569353424012660980e-03
5.864451173692941666e-03
2.292426861822605133e-02
8.114130236208438873e-03
8.027140051126480103e-03
7.273120339959859848e-03
1.896999310702085495e-04
3.075859546661376953e-01
1.307672709226608276e-01
1.664096117019653320e-02
8.967182040214538574e-01
8.499987423419952393e-03
1.023249421268701553e-02
7.498752325773239136e-03
5.265879631042480469e-02
3.010227555932942778e-05
6.672891904599964619e-04
7.933377288281917572e-03
6.565337534993886948e-03
1.486326381564140320e-02
3.239967301487922668e-02
7.083341944962739944e-03
2.237406373023986816e-02
1.864909194409847260e-02
1.864066533744335175e-02
1.858534105122089386e-02
5.534727126359939575e-03
1.525820262031629682e-04
1.713131070137023926e-01
2.232886999845504761e-01
2.359451539814472198e-02
5.007523894309997559e-01
1.060604956001043320e-02
1.138639729470014572e-02
7.019890937954187393e-03
3.539685904979705811e-02
3.987395393778569996e-05
5.731286015361547470e-03
1.272100489586591721e-02
9.595718234777450562e-03
1.012272853404283524e-02
4.879857227206230164e-02
9.597018361091613770e-03
1.639976352453231812e-02
2.661195397377014160e-02
1.353753358125686646e-02
1.369467843323945999e-02
4.594866652041673660e-03
2.187057252740487456e-04
1.672664880752563477e-01
1.355962306261062622e-01
3.675487637519836426e-02
8.641893863677978516e-01
1.102883461862802505e-02
1.178400870412588120e-02
9.479927830398082733e-03
2.849318273365497589e-02
4.656605597119778395e-05
3.679091110825538635e-02
1.569974608719348907e-02
9.783305227756500244e-03
1.342387124896049500e-02
5.747491121292114258e-02
1.392191275954246521e-02
2.049320004880428314e-02
2.884577214717864990e-02
1.770845800638198853e-02
1.795205287635326385e-02
4.758428316563367844e-03
3.205537504982203245e-04
1.837442517280578613e-01
1.261263340711593628e-01
5.157785490155220032e-03
2.840496599674224854e-01
1.760085113346576691e-02
1.860866136848926544e-02
1.626725681126117706e-02
4.641528800129890442e-02
5.437991057988256216e-05
2.068839780986309052e-02
1.511511206626892090e-02
1.412320509552955627e-02
1.441107969731092453e-02
8.073104172945022583e-02
1.473658066242933273e-02
2.429746650159358978e-02
3.573330864310264587e-02
2.223552949726581573e-02
2.175444364547729492e-02
6.837374996393918991e-03
4.378918092697858810e-04
1.993298530578613281e-01
1.469377726316452026e-01
8.960955776274204254e-03
4.856196343898773193e-01
1.971855573356151581e-02
1.986995339393615723e-02
1.556076481938362122e-02
5.250005051493644714e-02
1.062691080733202398e-04
2.711852453649044037e-02
1.349575072526931763e-02
1.082832366228103638e-02
1.633430458605289459e-02
1.091886162757873535e-01
1.252940949052572250e-02
2.601830661296844482e-02
4.221342504024505615e-02
2.483749948441982269e-02
2.472817897796630859e-02
7.171773817390203476e-03
6.261025555431842804e-04
2.691628634929656982e-01
1.568171530961990356e-01
2.962873084470629692e-03
1.426162570714950562e-01
2.226642332971096039e-02
2.333809994161128998e-02
2.156129293143749237e-02
5.969316884875297546e-02
7.170563912950456142e-05
2.533143758773803711e-02
1.103940512984991074e-02
9.816755540668964386e-03
6.604535039514303207e-03
9.189110994338989258e-02
1.039361394941806793e-02
1.038221362978219986e-02
3.410986065864562988e-02
9.586977772414684296e-03
9.543097577989101410e-03
8.523127995431423187e-03
7.326831109821796417e-04
3.203654885292053223e-01
2.020762711763381958e-01
5.790536757558584213e-03
3.958968222141265869e-01
3.379345312714576721e-02
3.599409759044647217e-02
2.623908780515193939e-02
4.979055002331733704e-02
9.854394011199474335e-05
5.380609631538391113e-02
1.307929307222366333e-02
1.077338960021734238e-02
1.020730286836624146e-02
7.550248503684997559e-02
1.216364651918411255e-02
1.653578877449035645e-02
2.786518447101116180e-02
1.515286415815353394e-02
1.555884629487991333e-02
1.051080320030450821e-02
6.738279480487108231e-04
2.696146070957183838e-01
2.056403160095214844e-01
2.149523003026843071e-03
1.658478826284408569e-01
3.940315544605255127e-02
4.950041696429252625e-02
3.202810138463973999e-02
3.647303208708763123e-02
9.566918015480041504e-05
4.076616093516349792e-02
1.714405231177806854e-02
1.485172379761934280e-02
1.302688848227262497e-02
7.335227727890014648e-02
1.633976586163043976e-02
2.080964110791683197e-02
2.697824500501155853e-02
2.080212906002998352e-02
2.075694687664508820e-02
1.086569298058748245e-02
8.055336656980216503e-04
3.087268769741058350e-01
2.449320703744888306e-01
3.732935738298692740e-09
1.269579529762268066e-01
2.460258640348911285e-02
2.682017534971237183e-02
2.413264103233814240e-02
3.147016838192939758e-02
6.478792784037068486e-05
9.688901901245117188e-02
2.213259227573871613e-02
1.801019161939620972e-02
1.852210797369480133e-02
1.057330593466758728e-01
1.968183182179927826e-02
2.809057570993900299e-02
3.569193929433822632e-02
2.658754028379917145e-02
2.660351432859897614e-02
1.013711933046579361e-02
8.794916793704032898e-04
2.685689628124237061e-01
3.539407253265380859e-01
3.732935738298692740e-09
3.917034342885017395e-02
3.640963509678840637e-02
3.500749170780181885e-02
2.606325782835483551e-02
4.047625139355659485e-02
7.755361002637073398e-05
1.230387091636657715e-01
2.967499196529388428e-02
2.799271047115325928e-02
2.576792798936367035e-02
1.713848561048507690e-01
2.554355747997760773e-02
4.021793603897094727e-02
5.617214366793632507e-02
3.674325346946716309e-02
3.654851764440536499e-02
1.690444163978099823e-02
9.323626873083412647e-04
2.614914178848266602e-01
3.404455184936523438e-01
3.732935738298692740e-09
1.637737266719341278e-02
6.756367534399032593e-02
7.218753546476364136e-02
4.942344129085540771e-02
4.260719940066337585e-02
5.835472256876528263e-05
1.207310259342193604e-01
4.002133384346961975e-02
3.482192382216453552e-02
3.146714344620704651e-02
1.930270940065383911e-01
3.473012521862983704e-02
5.024220049381256104e-02
6.580061465501785278e-02
4.300427809357643127e-02
4.474416002631187439e-02
3.244967758655548096e-02
9.122664923779666424e-04
5.442641377449035645e-01
3.081482350826263428e-01
3.732935738298692740e-09
4.478855058550834656e-03
8.722291141748428345e-02
9.530609846115112305e-02
6.694170832633972168e-02
5.637495219707489014e-02
7.019178156042471528e-05
1.486956030130386353e-01
4.744356870651245117e-02
3.853729739785194397e-02
3.686442226171493530e-02
1.937998980283737183e-01
4.017878696322441101e-02
5.775812268257141113e-02
6.073424592614173889e-02
5.314512550830841064e-02
5.261625722050666809e-02
2.792783081531524658e-02
9.195720776915550232e-04
3.247942924499511719e-01
3.377767503261566162e-01
3.732935738298692740e-09
8.876117877662181854e-03
5.973608419299125671e-02
6.254849582910537720e-02
4.548620060086250305e-02
6.902687996625900269e-02
1.265648752450942993e-04
2.043330818414688110e-01
5.659728124737739563e-02
4.454175755381584167e-02
5.292901396751403809e-02
1.519670337438583374e-01
4.719647765159606934e-02
7.801483571529388428e-02
5.298425629734992981e-02
6.702355295419692993e-02
6.169083714485168457e-02
2.112437598407268524e-02
6.667277193628251553e-04
3.719798028469085693e-01
2.688326537609100342e-01
3.732935738298692740e-09
1.806903164833784103e-03
2.508718706667423248e-02
2.474215812981128693e-02
2.824679017066955566e-02
8.437219262123107910e-02
1.570801978232339025e-04
2.201489210128784180e-01
6.636280566453933716e-02
4.860998317599296570e-02
7.610160112380981445e-02
1.163657680153846741e-01
5.116167291998863220e-02
1.093178167939186096e-01
3.385520353913307190e-02
1.019598841667175293e-01
1.019454598426818848e-01
2.174722217023372650e-02
1.097837113775312901e-03
3.993163406848907471e-01
3.213228285312652588e-01
3.732935738298692740e-09
3.784486791118979454e-03
1.804858446121215820e-02
1.941616274416446686e-02
1.314549054950475693e-02
9.287071228027343750e-02
2.019032690441235900e-04
1.439264416694641113e-01
9.501525759696960449e-02
6.287932395935058594e-02
3.025465644896030426e-02
2.680057585239410400e-01
7.211435586214065552e-02
4.432332143187522888e-02
3.318990021944046021e-02
3.921970352530479431e-02
3.924249112606048584e-02
3.502090647816658020e-02
4.192132037132978439e-04
2.597193717956542969e-01
3.244273960590362549e-01
3.732935738298692740e-09
4.720750749111175537e-01
2.266780845820903778e-02
2.479545213282108307e-02
1.480705291032791138e-02
1.309829801321029663e-01
2.426732826279476285e-04
1.614383012056350708e-01
1.146543994545936584e-01
8.236039429903030396e-02
9.801013022661209106e-02
1.379143446683883667e-01
1.014247909188270569e-01
1.473538428544998169e-01
3.222298994660377502e-02
1.378257125616073608e-01
1.373372077941894531e-01
4.537810012698173523e-02
8.489605970680713654e-04
4.649865627288818359e-01
1.340758651494979858e-01
3.732935738298692740e-09
9.680747389793395996e-01
2.110219560563564301e-02
2.238167822360992432e-02
1.580421067774295807e-02
2.055378407239913940e-01
2.660356403794139624e-04
1.575587540864944458e-01
1.280650645494461060e-01
9.847132116556167603e-02
4.542174935340881348e-02
2.205235958099365234e-01
1.051756367087364197e-01
6.901826709508895874e-02
5.863977596163749695e-02
6.232143566012382507e-02
6.210408732295036316e-02
6.207206472754478455e-02
9.937477298080921173e-04
6.697835922241210938e-01
1.249368414282798767e-01
3.732935738298692740e-09
1.807999968528747559e+00
1.316401828080415726e-02
1.480088382959365845e-02
1.275895815342664719e-02
2.946009933948516846e-01
3.188704431522637606e-04
1.204069852828979492e-01
1.129710450768470764e-01
8.584811538457870483e-02
2.694475091993808746e-02
2.671742737293243408e-01
8.825927227735519409e-02
3.761507570743560791e-02
6.963761895895004272e-02
3.675001859664916992e-02
3.679759427905082703e-02
4.746790602803230286e-02
1.747103669913485646e-04
1.578047126531600952e-01
1.155444011092185974e-01
3.732935738298692740e-09
1.808019161224365234e+00
1.659538783133029938e-02
1.988588087260723114e-02
1.553651690483093262e-02
2.387634068727493286e-01
4.176971560809761286e-04
1.089579686522483826e-01
9.807731956243515015e-02
7.500005513429641724e-02
1.376200746744871140e-02
2.597302198410034180e-01
7.686319947242736816e-02
1.892358064651489258e-02
6.669978797435760498e-02
1.861540786921977997e-02
1.867006905376911163e-02
3.332671523094177246e-02
1.400679320795461535e-04
1.440075188875198364e-01
1.322001665830612183e-01
3.732935738298692740e-09
1.808052659034729004e+00
2.964762412011623383e-02
3.363442420959472656e-02
3.247549757361412048e-02
2.072223424911499023e-01
3.742336120922118425e-04
1.387052088975906372e-01
5.889693275094032288e-02
4.020943120121955872e-02
1.675478182733058929e-02
1.416839361190795898e-01
4.609649255871772766e-02
2.325985021889209747e-02
2.479131706058979034e-02
2.067140489816665649e-02
2.047970704734325409e-02
1.909049041569232941e-02
1.057814515661448240e-04
9.783971309661865234e-02
1.305842399597167969e-01
3.732935738298692740e-09
1.808056831359863281e+00
4.044609609991312027e-03
5.162954330444335938e-03
6.539415568113327026e-03
1.779442280530929565e-01
4.351042734924703836e-04
1.454849690198898315e-01
5.212582647800445557e-02
2.617023326456546783e-02
2.200273238122463226e-02
7.756260037422180176e-02
4.461894929409027100e-02
2.786373533308506012e-02
2.293316461145877838e-02
2.689773775637149811e-02
2.639896608889102936e-02
1.300801988691091537e-02
1.588544400874525309e-04
2.642784714698791504e-01
9.444689005613327026e-02
3.732935738298692740e-09
1.808054089546203613e+00
4.883394110947847366e-03
4.133773501962423325e-03
1.703698770143091679e-03
1.280215084552764893e-01
5.486971349455416203e-04
1.783758401870727539e-01
4.953941330313682556e-02
1.372874621301889420e-02
1.113021373748779297e-02
9.374382346868515015e-02
4.610225930809974670e-02
2.724237926304340363e-02
2.109728194773197174e-02
2.447784133255481720e-02
2.555303834378719330e-02
8.314165286719799042e-03
1.166086221928708255e-04
1.265788525342941284e-01
1.077912822365760803e-01
3.732935738298692740e-09
2.179780244827270508e+00
6.225234363228082657e-03
7.263276726007461548e-03
2.029500203207135201e-03
8.966023474931716919e-02
5.174687830731272697e-04
1.836175769567489624e-01
1.253376249223947525e-02
1.607314683496952057e-02
5.035467911511659622e-03
1.172344684600830078e-01
1.621358469128608704e-02
3.676574444398283958e-03
9.811877273023128510e-03
4.336999263614416122e-03
4.247497301548719406e-03
2.735645510256290436e-03
1.156277066911570728e-04
7.299917191267013550e-02
1.098100617527961731e-01
3.732935738298692740e-09
3.547169446945190430e+00
7.432516198605298996e-03
8.942908607423305511e-03
3.140714019536972046e-03
6.105932593345642090e-02
5.303471698425710201e-04
5.132492259144783020e-02
4.318998660892248154e-03
1.419415231794118881e-03
7.574041839689016342e-03
1.449459791183471680e-01
6.156524177640676498e-03
8.770258165895938873e-03
1.622209139168262482e-02
1.065195072442293167e-02
1.024561002850532532e-02
1.595202484168112278e-03
1.495898613939061761e-04
1.074030920863151550e-01
1.022109612822532654e-01
3.732935738298692740e-09
3.585664033889770508e+00
1.416379958391189575e-02
1.521591562777757645e-02
8.324054069817066193e-03
3.822455927729606628e-02
3.978069871664047241e-04
1.165720541030168533e-02
6.721362471580505371e-03
3.307286649942398071e-03
7.811533752828836441e-03
1.422670930624008179e-01
6.279198452830314636e-03
1.366472896188497543e-02
1.557483058422803879e-02
1.030085328966379166e-02
1.060457993298768997e-02
3.863276913762092590e-03
1.959195797098800540e-04
1.199325695633888245e-01
7.020985335111618042e-02
3.732935738298692740e-09
3.627115249633789062e+00
1.074946299195289612e-02
1.140697021037340164e-02
7.625151425600051880e-03
2.353297732770442963e-02
3.597042232286185026e-04
1.183052454143762589e-02
8.282371796667575836e-03
5.151716060936450958e-03
2.095464430749416351e-02
7.977601140737533569e-02
9.302078746259212494e-03
3.195825591683387756e-02
1.546433288604021072e-02
3.384169936180114746e-02
3.456759452819824219e-02
7.390597369521856308e-03
1.842703641159459949e-04
1.210373267531394958e-01
5.919275805354118347e-02
3.732935738298692740e-09
3.627146959304809570e+00
1.633637957274913788e-02
1.654746197164058685e-02
1.105521339923143387e-02
1.727768033742904663e-02
3.841001598630100489e-04
1.476160716265439987e-02
1.263569016009569168e-02
9.613885544240474701e-03
3.382700309157371521e-02
9.798084944486618042e-02
1.127677410840988159e-02
3.945120424032211304e-02
1.662419922649860382e-02
4.268880188465118408e-02
4.188185930252075195e-02
1.572856307029724121e-02
3.604170924518257380e-04
2.185624092817306519e-01
5.563499405980110168e-02
3.732935738298692740e-09
3.627165555953979492e+00
1.949921436607837677e-02
2.209000848233699799e-02
1.216367166489362717e-02
3.034996986389160156e-02
3.286999708507210016e-04
1.489277649670839310e-02
1.712934114038944244e-02
1.426897291094064713e-02
5.088804289698600769e-02
9.791880846023559570e-02
1.534627098590135574e-02
2.124158293008804321e-02
2.952015958726406097e-02
1.830809004604816437e-02
1.800103671848773956e-02
2.377424575388431549e-02
4.405657819006592035e-04
2.833681404590606689e-01
5.657880380749702454e-02
3.732935738298692740e-09
3.627157211303710938e+00
2.884038351476192474e-02
2.953966893255710602e-02
2.135785855352878571e-02
5.103201791644096375e-02
3.827985201496630907e-04
1.709111183881759644e-01
3.089428506791591644e-02
2.082297392189502716e-02
5.080090090632438660e-02
1.516148298978805542e-01
2.653067000210285187e-02
8.369091898202896118e-02
2.686445415019989014e-02
5.452984198927879333e-02
5.432181060314178467e-02
1.793008111417293549e-02
4.678632540162652731e-04
2.752563655376434326e-01
6.962624192237854004e-02
3.732935738298692740e-09
3.627167701721191406e+00
3.671197220683097839e-02
3.655892610549926758e-02
1.997703127562999725e-02
3.670911863446235657e-02
4.576028732117265463e-04
6.533148884773254395e-02
6.719608604907989502e-02
5.015419796109199524e-02
2.749050967395305634e-02
1.382586956024169922e-01
4.583792015910148621e-02
3.010257147252559662e-02
5.096239224076271057e-02
2.969784103333950043e-02
2.924404107034206390e-02
3.282907977700233459e-02
3.401186841074377298e-04
2.444117665290832520e-01
5.938552320003509521e-02
3.732935738298692740e-09
3.812891721725463867e+00
4.490901157259941101e-02
5.172378942370414734e-02
3.862895071506500244e-02
7.021089643239974976e-02
2.618448052089661360e-04
5.000195279717445374e-02
1.085122004151344299e-01
8.797343820333480835e-02
7.422796636819839478e-02
2.855311334133148193e-01
9.209492057561874390e-02
1.105220541357994080e-01
1.141584739089012146e-01
1.099665537476539612e-01
1.091910824179649353e-01
5.037553980946540833e-02
3.519504389259964228e-04
2.724640071392059326e-01
4.588754102587699890e-02
3.732935738298692740e-09
2.500417947769165039e+00
3.820604458451271057e-02
3.794093802571296692e-02
3.215733543038368225e-02
1.323096901178359985e-01
5.876030190847814083e-04
4.227472841739654541e-02
6.467290967702865601e-02
6.881149858236312866e-02
3.957551345229148865e-02
3.580107167363166809e-02
5.464785173535346985e-02
6.181607022881507874e-02
1.255988981574773788e-02
6.588429957628250122e-02
6.606032699346542358e-02
8.316548168659210205e-02
3.664293326437473297e-04
2.874771654605865479e-01
5.682120844721794128e-02
3.732935738298692740e-09
2.397691488265991211e+00
2.139854431152343750e-02
2.497044764459133148e-02
2.012958377599716187e-02
8.913534879684448242e-02
3.788880130741745234e-04
5.687117576599121094e-02
1.055698171257972717e-01
1.216903254389762878e-01
5.529164150357246399e-02
6.924866884946823120e-02
8.217605948448181152e-02
9.588048607110977173e-02
1.444202195852994919e-02
9.980479627847671509e-02
9.926092624664306641e-02
1.275016516447067261e-01
3.044553741347044706e-04
2.357597351074218750e-01
4.407699778676033020e-02
3.732935738298692740e-09
1.881254196166992188e+00
2.447701431810855865e-02
2.590148337185382843e-02
3.963572904467582703e-02
4.504414275288581848e-02
4.323383327573537827e-04
6.203700229525566101e-02
1.264301985502243042e-01
1.480139344930648804e-01
7.839947938919067383e-02
8.192355185747146606e-02
1.086025461554527283e-01
1.323382705450057983e-01
3.780495747923851013e-02
1.447795778512954712e-01
1.439733356237411499e-01
1.441523283720016479e-01
2.938612597063183784e-04
2.528426945209503174e-01
4.384090378880500793e-02
3.732935738298692740e-09
1.824906945228576660e+00
1.615214161574840546e-02
1.758688874542713165e-02
1.007351838052272797e-02
5.373314023017883301e-02
2.056187367998063564e-04
4.875676333904266357e-02
2.004794478416442871e-01
2.059374600648880005e-01
8.688912540674209595e-02
8.614140003919601440e-02
1.666411012411117554e-01
1.550359129905700684e-01
4.611186683177947998e-02
1.611732095479965210e-01
1.611672192811965942e-01
1.999197155237197876e-01
3.893559332937002182e-04
2.358959466218948364e-01
4.022033140063285828e-02
3.732935738298692740e-09
1.856991410255432129e+00
5.848975107073783875e-02
6.339534372091293335e-02
4.010117799043655396e-02
7.341268658638000488e-02
7.160534005379304290e-05
7.439298182725906372e-02
1.799751073122024536e-01
1.977113932371139526e-01
9.097849577665328979e-02
9.656167775392532349e-02
1.577534079551696777e-01
1.779271215200424194e-01
5.206995084881782532e-02
1.850196123123168945e-01
1.851174384355545044e-01
2.199378609657287598e-01
3.547625674400478601e-04
2.986728847026824951e-01
3.718297928571701050e-02
3.732935738298692740e-09
1.920130133628845215e+00
5.812584236264228821e-02
6.575123965740203857e-02
4.637282714247703552e-02
6.163835525512695312e-02
6.859742279630154371e-05
1.899406462907791138e-01
1.338813751935958862e-01
1.668945103883743286e-01
8.330181241035461426e-02
4.170494154095649719e-02
1.166243329644203186e-01
1.580674499273300171e-01
2.424849011003971100e-02
1.623952984809875488e-01
1.605227440595626831e-01
2.034521847963333130e-01
4.301084845792502165e-04
4.376632273197174072e-01
3.281128779053688049e-02
3.732935738298692740e-09
1.951449394226074219e+00
7.624296098947525024e-02
8.836776763200759888e-02
5.385826900601387024e-02
7.701537758111953735e-02
8.557856926927343011e-05
1.413775086402893066e-01
1.650761812925338745e-01
1.976351290941238403e-01
8.162420988082885742e-02
7.384651154279708862e-02
1.582926362752914429e-01
1.515951752662658691e-01
6.176618114113807678e-02
1.572644114494323730e-01
1.556711941957473755e-01
2.025721520185470581e-01
3.925778728444129229e-04
4.775150716304779053e-01
3.401191905140876770e-02
3.732935738298692740e-09
9.600050449371337891e-01
3.959365934133529663e-02
4.286414384841918945e-02
3.122527711093425751e-02
9.262415766716003418e-02
9.228295675711706281e-05
1.045774444937705994e-01
2.316713482141494751e-01
2.569003999233245850e-01
8.527936786413192749e-02
2.345556467771530151e-01
2.075900286436080933e-01
2.449588775634765625e-01
9.550407528877258301e-02
1.303211897611618042e-01
1.330986768007278442e-01
2.890425920486450195e-01
4.148382286075502634e-04
3.979469835758209229e-01
4.176189377903938293e-02
3.732935738298692740e-09
6.241123676300048828e-01
1.377192605286836624e-02
1.535233203321695328e-02
1.063098106533288956e-02
1.181738004088401794e-01
1.251774519914761186e-04
7.297676056623458862e-02
1.721486896276473999e-01
1.916605681180953979e-01
5.393994972109794617e-02
7.080987840890884399e-02
1.737508773803710938e-01
2.451432198286056519e-01
4.418795183300971985e-02
2.761251926422119141e-01
2.717930078506469727e-01
1.442093402147293091e-01
7.475839811377227306e-04
5.986502170562744141e-01
3.787538781762123108e-02
3.732935738298692740e-09
3.461327850818634033e-01
2.637157030403614044e-02
3.729140758514404297e-02
2.228284068405628204e-02
1.000813469290733337e-01
1.693301601335406303e-04
1.882601715624332428e-02
1.622244864702224731e-01
1.798443049192428589e-01
1.569468379020690918e-01
4.209722951054573059e-02
1.607627868652343750e-01
3.280092477798461914e-01
3.378902748227119446e-02
3.174898922443389893e-01
3.108581006526947021e-01
1.058242693543434143e-01
7.508561830036342144e-04
7.129511237144470215e-01
4.908962175250053406e-02
3.732935738298692740e-09
2.875260412693023682e-01
2.675740234553813934e-02
3.162146732211112976e-02
1.748623326420783997e-02
7.806415110826492310e-02
3.078127920161932707e-04
1.143726427108049393e-02
1.348732113838195801e-01
1.609722822904586792e-01
1.482961773872375488e-01
3.094922006130218506e-02
1.171111837029457092e-01
3.014592230319976807e-01
2.171543799340724945e-02
3.133814334869384766e-01
3.120830059051513672e-01
1.625784672796726227e-02
1.305786892771720886e-03
1.124014019966125488e+00
6.170681118965148926e-02
3.732935738298692740e-09
5.459395647048950195e-01
3.856110572814941406e-02
5.185873433947563171e-02
2.621142566204071045e-02
2.846443466842174530e-02
2.532518701627850533e-04
5.257603246718645096e-03
1.695842146873474121e-01
1.885432004928588867e-01
1.144594475626945496e-01
5.312709882855415344e-02
1.478833705186843872e-01
2.491230517625808716e-01
3.185436502099037170e-02
2.612559199333190918e-01
2.612258493900299072e-01
4.155196994543075562e-02
1.773867639712989330e-03
1.254934668540954590e+00
3.322217240929603577e-02
3.732935738298692740e-09
6.460488438606262207e-01
1.098132785409688950e-02
1.211042702198028564e-02
7.475710008293390274e-03
5.440996214747428894e-02
3.363864088896661997e-04
1.280305813997983932e-02
2.173592597246170044e-01
2.546343505382537842e-01
1.316443681716918945e-01
8.129388839006423950e-02
2.041451185941696167e-01
2.160020321607589722e-01
5.818125605583190918e-02
2.219496965408325195e-01
2.221750468015670776e-01
6.171043589711189270e-02
1.432421966455876827e-03
1.309428215026855469e+00
3.069165535271167755e-02
3.732935738298692740e-09
3.803195953369140625e-01
2.890963805839419365e-03
3.312469227239489555e-03
2.546696225181221962e-03
3.130259737372398376e-02
4.899455816484987736e-04
1.606787741184234619e-02
2.321967482566833496e-01
2.574526965618133545e-01
1.591873615980148315e-01
8.654731512069702148e-02
2.362797260284423828e-01
1.734712570905685425e-01
7.135546207427978516e-02
1.695512086153030396e-01
1.708620786666870117e-01
1.774325817823410034e-01
1.826993306167423725e-03
1.645723700523376465e+00
4.739193245768547058e-02
3.732935738298692740e-09
4.374457895755767822e-01
2.115834504365921021e-03
3.785222768783569336e-03
8.347879629582166672e-04
3.920989111065864563e-02
5.440881941467523575e-04
9.242800064384937286e-03
2.309693694114685059e-01
2.281564921140670776e-01
1.180735900998115540e-01
1.775563806295394897e-01
2.562806904315948486e-01
2.093893140554428101e-01
9.018063545227050781e-02
2.353214025497436523e-01
2.373441010713577271e-01
1.533670574426651001e-01
2.241907175630331039e-03
1.837657809257507324e+00
7.942228019237518311e-02
3.732935738298692740e-09
6.826512217521667480e-01
6.399855017662048340e-03
8.001837879419326782e-03
4.704729188233613968e-03
4.311281442642211914e-02
5.460023530758917332e-04
1.566259190440177917e-02
2.851901352405548096e-01
2.858241498470306396e-01
4.279106855392456055e-02
1.393315792083740234e-01
2.984829545021057129e-01
1.173291429877281189e-01
1.218759119510650635e-01
9.490045160055160522e-02
9.606830030679702759e-02
2.011826038360595703e-01
2.651211107149720192e-03
2.203969717025756836e+00
7.704836875200271606e-02
3.732935738298692740e-09
3.915406465530395508e-01
6.622734945267438889e-03
7.802279200404882431e-03
4.341620020568370819e-03
4.628177359700202942e-02
5.042658303864300251e-04
2.021671505644917488e-03
2.866048514842987061e-01
3.140316903591156006e-01
2.219147980213165283e-02
1.721051484346389771e-01
3.038078248500823975e-01
9.052459150552749634e-02
1.241309270262718201e-01
6.008271872997283936e-02
5.720363557338714600e-02
2.534211575984954834e-01
2.546638483181595802e-03
2.321314811706542969e+00
5.339011549949645996e-02
3.732935738298692740e-09
2.564310729503631592e-01
1.040881499648094177e-02
1.273652818053960800e-02
2.109364606440067291e-02
3.986866399645805359e-02
3.217047487851232290e-04
1.679738401435315609e-03
3.406176567077636719e-01
3.584775030612945557e-01
5.538078024983406067e-02
2.130760401487350464e-01
3.723633289337158203e-01
1.609190106391906738e-01
1.671395301818847656e-01
2.084689885377883911e-01
1.650978922843933105e-01
2.171993702650070190e-01
2.188907237723469734e-03
1.934236049652099609e+00
6.857643276453018188e-02
3.732935738298692740e-09
1.304909139871597290e-01
1.349704060703516006e-02
1.494868565350770950e-02
2.324864454567432404e-02
8.519545197486877441e-02
6.344546563923358917e-04
1.211143005639314651e-02
3.201442360877990723e-01
3.195327818393707275e-01
2.969958446919918060e-02
1.771141737699508667e-01
3.616267740726470947e-01
6.753624230623245239e-02
1.928759664297103882e-01
7.296675443649291992e-02
7.154304534196853638e-02
2.219654321670532227e-01
3.155978163704276085e-03
2.227479696273803711e+00
6.357698887586593628e-02
3.732935738298692740e-09
2.493659108877182007e-01
1.756722107529640198e-02
1.878278143703937531e-02
2.926231920719146729e-02
1.290154606103897095e-01
5.572984809987246990e-04
2.762810699641704559e-02
2.406393140554428101e-01
2.467762082815170288e-01
2.935047633945941925e-02
2.763940989971160889e-01
2.517011761665344238e-01
4.553188383579254150e-02
2.474733442068099976e-01
2.967722713947296143e-02
2.903383038938045502e-02
2.193852663040161133e-01
3.140471177175641060e-03
2.282753705978393555e+00
5.824267491698265076e-02
3.732935738298692740e-09
2.309991866350173950e-01
2.118895389139652252e-02
2.513433434069156647e-02
5.038559436798095703e-02
1.258639693260192871e-01
6.016581319272518158e-04
4.770261049270629883e-02
2.786374986171722412e-01
2.850635945796966553e-01
1.444648206233978271e-02
3.738298118114471436e-01
3.132681548595428467e-01
3.005745820701122284e-02
2.864531278610229492e-01
3.962996974587440491e-02
3.182474151253700256e-02
2.369609326124191284e-01
2.972578397020697594e-03
2.052456140518188477e+00
6.949030607938766479e-02
3.732935738298692740e-09
9.633281081914901733e-02
2.375823259353637695e-02
2.886592596769332886e-02
4.800922796130180359e-02
1.539713144302368164e-01
6.707045831717550755e-04
3.438966348767280579e-03
2.455358505249023438e-01
2.543565332889556885e-01
2.401974610984325409e-02
3.839182853698730469e-01
3.356257975101470947e-01
6.691833585500717163e-02
2.827787697315216064e-01
6.940406560897827148e-02
6.743686646223068237e-02
2.003442049026489258e-01
3.012566594406962395e-03
2.175872802734375000e+00
7.411319762468338013e-02
3.732935738298692740e-09
1.736574321985244751e-01
2.984639815986156464e-02
3.160481154918670654e-02
4.293531179428100586e-02
1.716403216123580933e-01
6.795299705117940903e-04
2.756599336862564087e-02
1.683897227048873901e-01
1.453592777252197266e-01
3.546973690390586853e-02
2.103627473115921021e-01
1.832446008920669556e-01
7.992737740278244019e-02
2.834952771663665771e-01
8.608414977788925171e-02
8.630561083555221558e-02
1.079770401120185852e-01
2.278814557939767838e-03
1.357817649841308594e+00
5.577545985579490662e-02
3.732935738298692740e-09
1.625685244798660278e-01
3.237663581967353821e-02
3.409659862518310547e-02
4.396968707442283630e-02
1.751181334257125854e-01
3.006886981893330812e-04
3.754397854208946228e-03
1.681944131851196289e-01
1.552557200193405151e-01
3.711136430501937866e-02
3.185236752033233643e-01
2.385502457618713379e-01
7.711083441972732544e-02
2.653610408306121826e-01
6.654191017150878906e-02
6.765550374984741211e-02
7.156742364168167114e-02
2.326539717614650726e-03
1.439794540405273438e+00
6.582835316658020020e-02
3.732935738298692740e-09
1.244268342852592468e-01
4.420957341790199280e-02
4.583473876118659973e-02
5.213592946529388428e-02
1.323290765285491943e-01
3.196326142642647028e-04
2.560687996447086334e-02
1.691788285970687866e-01
1.841816157102584839e-01
1.118856575340032578e-02
3.484334945678710938e-01
2.401986718177795410e-01
2.923719398677349091e-02
2.984238266944885254e-01
2.932999283075332642e-02
2.944350242614746094e-02
1.761452294886112213e-02
1.805706880986690521e-03
1.037074565887451172e+00
3.374898433685302734e-02
3.732935738298692740e-09
1.071602031588554382e-01
3.532338142395019531e-02
3.716180101037025452e-02
4.587909951806068420e-02
1.062625646591186523e-01
3.126348601654171944e-04
5.526592954993247986e-03
1.750048249959945679e-01
1.713963747024536133e-01
1.311734667979180813e-03
3.326073586940765381e-01
2.403486967086791992e-01
4.208836238831281662e-03
2.876013815402984619e-01
3.366230754181742668e-03
3.265813924372196198e-03
4.052688553929328918e-02
9.476160630583763123e-04
6.874213218688964844e-01
2.601543627679347992e-02
3.732935738298692740e-09
1.023991629481315613e-01
3.489625453948974609e-02
3.595098108053207397e-02
4.992735758423805237e-02
1.073281541466712952e-01
3.048875078093260527e-04
2.439120411872863770e-02
1.972830295562744141e-01
1.913265585899353027e-01
1.703470363281667233e-03
3.944005668163299561e-01
2.732685804367065430e-01
3.770778886973857880e-03
3.091327548027038574e-01
3.791993716731667519e-03
3.718431107699871063e-03
3.415469452738761902e-02
5.931513151153922081e-04
5.824833512306213379e-01
2.448175288736820221e-02
3.732935738298692740e-09
3.497950034216046333e-03
4.970993101596832275e-02
5.109267309308052063e-02
6.682866811752319336e-02
1.272694021463394165e-01
2.500502741895616055e-04
8.968668989837169647e-03
1.414978504180908203e-01
1.495756357908248901e-01
1.500664628110826015e-03
3.134281635284423828e-01
2.028731703758239746e-01
3.471739357337355614e-03
2.645415365695953369e-01
3.590723499655723572e-03
3.573975525796413422e-03
2.855942584574222565e-02
8.963153813965618610e-04
6.704000830650329590e-01
2.485431730747222900e-02
3.732935738298692740e-09
1.447143405675888062e-02
9.522587060928344727e-02
1.017036512494087219e-01
8.481859415769577026e-02
1.208344921469688416e-01
2.139808348147198558e-04
9.040014818310737610e-03
1.006924286484718323e-01
9.930817037820816040e-02
2.528570359572768211e-03
3.545744121074676514e-01
1.718544512987136841e-01
5.298575852066278458e-03
2.846562564373016357e-01
5.335025023669004440e-03
5.482690408825874329e-03
1.574656553566455841e-02
1.662667491473257542e-03
1.303114771842956543e+00
3.655150160193443298e-02
3.732935738298692740e-09
1.961767114698886871e-02
1.135821938514709473e-01
1.230134963989257812e-01
1.229016110301017761e-01
8.304891735315322876e-02
2.772046718746423721e-04
3.167596086859703064e-02
8.062019199132919312e-02
1.088351011276245117e-01
1.507724984548985958e-03
2.784022986888885498e-01
1.230428218841552734e-01
7.565227802842855453e-03
1.803214699029922485e-01
1.057938206940889359e-02
8.514392189681529999e-03
2.885108999907970428e-02
4.657882673200219870e-04
3.574480116367340088e-01
4.650921002030372620e-02
3.732935738298692740e-09
1.748777478933334351e-01
4.250118508934974670e-02
3.688343241810798645e-02
6.863731890916824341e-02
4.967895150184631348e-02
1.867655228124931455e-04
3.755947202444076538e-02
8.098610490560531616e-02
9.746074676513671875e-02
2.861751429736614227e-02
2.037157863378524780e-01
1.250834017992019653e-01
6.051329895853996277e-02
1.844879388809204102e-01
5.904896929860115051e-02
5.881431698799133301e-02
5.285507440567016602e-02
4.828053351957350969e-04
3.655295073986053467e-01
8.988851308822631836e-02
3.732935738298692740e-09
3.620183169841766357e-01
2.731098420917987823e-02
2.913168817758560181e-02
4.264135658740997314e-02
2.735577523708343506e-02
1.453860459150746465e-04
6.353545188903808594e-02
7.660564035177230835e-02
8.292730897665023804e-02
4.146857932209968567e-02
9.665820747613906860e-02
1.037727594375610352e-01
7.548864930868148804e-02
9.141355007886886597e-02
8.260413259267807007e-02
8.484515547752380371e-02
8.402546495199203491e-02
6.504062912426888943e-04
4.918036162853240967e-01
1.143822446465492249e-01
3.732935738298692740e-09
3.624648153781890869e-01
1.727896742522716522e-02
1.779402978718280792e-02
3.062611259520053864e-02
2.387578971683979034e-02
1.104898328776471317e-04
1.046507358551025391e-01
8.908233046531677246e-02
9.880822896957397461e-02
7.436429709196090698e-02
5.746306106448173523e-02
1.064527407288551331e-01
1.343781352043151855e-01
6.087385490536689758e-02
1.392605006694793701e-01
1.377295553684234619e-01
1.574974954128265381e-01
8.372903685085475445e-04
6.125517487525939941e-01
1.462027281522750854e-01
3.732935738298692740e-09
3.616547882556915283e-01
1.998341083526611328e-02
2.045781351625919342e-02
2.555969171226024628e-02
3.890125080943107605e-02
3.730686512426473200e-05
1.665536761283874512e-01
1.082166805863380432e-01
1.201298162341117859e-01
1.290533542633056641e-01
6.020945310592651367e-02
1.264407485723495483e-01
2.168038338422775269e-01
4.215421155095100403e-02
2.242888808250427246e-01
2.248442620038986206e-01
2.395916581153869629e-01
1.212130882777273655e-03
8.249302506446838379e-01
2.088193148374557495e-01
3.732935738298692740e-09
3.610786497592926025e-01
2.085329033434391022e-02
2.238300442695617676e-02
2.294077910482883453e-02
4.604457318782806396e-02
3.069392550969496369e-05
2.780671417713165283e-01
1.332938671112060547e-01
1.561881154775619507e-01
1.806635856628417969e-01
1.855286806821823120e-01
1.523078233003616333e-01
3.173490464687347412e-01
3.590204939246177673e-02
3.282999396324157715e-01
3.215977847576141357e-01
3.782897889614105225e-01
1.403659931384027004e-03
1.274131059646606445e+00
2.286481857299804688e-01
3.732935738298692740e-09
3.629824221134185791e-01
2.669516205787658691e-02
2.514086104929447174e-02
2.615118585526943207e-02
5.454475805163383484e-02
1.872507891675923020e-05
3.426752388477325439e-01
1.813170909881591797e-01
2.050775438547134399e-01
2.391718775033950806e-01
1.844937652349472046e-01
2.044544816017150879e-01
4.085223674774169922e-01
3.339651972055435181e-02
4.250123500823974609e-01
4.224902689456939697e-01
5.667446851730346680e-01
2.199659356847405434e-03
1.509429574012756348e+00
2.772235870361328125e-01
3.732935738298692740e-09
3.650670051574707031e-01
2.096693217754364014e-02
2.140703611075878143e-02
3.053123317658901215e-02
1.309688836336135864e-01
2.656458127603400499e-05
3.795765936374664307e-01
2.174183875322341919e-01
2.563338279724121094e-01
3.148379325866699219e-01
3.187260627746582031e-01
2.406751960515975952e-01
5.302323102951049805e-01
5.618317052721977234e-02
5.484039783477783203e-01
5.468304753303527832e-01
7.093911170959472656e-01
2.305436879396438599e-03
1.460972189903259277e+00
2.884556353092193604e-01
3.732935738298692740e-09
3.601780831813812256e-01
8.802604861557483673e-03
9.457282721996307373e-03
1.581408642232418060e-02
8.999848365783691406e-02
6.834021041868254542e-05
4.346413612365722656e-01
2.446664422750473022e-01
2.928046286106109619e-01
4.143208265304565430e-01
1.290041506290435791e-01
2.660835981369018555e-01
6.952598690986633301e-01
3.507174924015998840e-02
7.175879478454589844e-01
7.145040631294250488e-01
4.128614366054534912e-01
1.902366522699594498e-03
1.425375819206237793e+00
2.961980402469635010e-01
3.732935738298692740e-09
3.621108531951904297e-01
2.904358552768826485e-03
2.837161300703883171e-03
1.635446678847074509e-03
1.487119644880294800e-01
3.949062738684006035e-05
5.445999503135681152e-01
2.791280448436737061e-01
3.446908295154571533e-01
4.964939057826995850e-01
2.411343306303024292e-01
3.043418526649475098e-01
8.250961899757385254e-01
3.789241611957550049e-02
8.530839085578918457e-01
8.505289554595947266e-01
5.119199752807617188e-01
2.378088887780904770e-03
1.617230772972106934e+00
3.463723361492156982e-01
3.732935738298692740e-09
3.659894764423370361e-01
4.335614386945962906e-03
5.224365741014480591e-03
4.758336115628480911e-03
1.568676978349685669e-01
5.055204383097589016e-05
6.775291562080383301e-01
3.723374903202056885e-01
4.681968390941619873e-01
5.873121619224548340e-01
1.366536468267440796e-01
4.175487458705902100e-01
9.696306586265563965e-01
2.788123302161693573e-02
1.002829194068908691e+00
9.983591437339782715e-01
6.487815380096435547e-01
2.470305887982249260e-03
1.922542929649353027e+00
3.057342469692230225e-01
3.732935738298692740e-09
3.720672130584716797e-01
1.332464534789323807e-02
1.201538369059562683e-02
1.327158417552709579e-02
1.134550571441650391e-01
4.256491956766694784e-05
6.219927668571472168e-01
4.336703717708587646e-01
5.341756939888000488e-01
6.039513349533081055e-01
1.052081659436225891e-01
4.905967712402343750e-01
9.481840729713439941e-01
4.086165502667427063e-02
9.778666496276855469e-01
9.800993800163269043e-01
6.886672973632812500e-01
4.165410995483398438e-03
2.670251131057739258e+00
3.135944902896881104e-01
3.732935738298692740e-09
3.676512241363525391e-01
3.740448877215385437e-02
3.145611286163330078e-02
5.205991864204406738e-02
1.146528199315071106e-01
3.617651964304968715e-05
4.706468582153320312e-01
3.524292409420013428e-01
4.252835810184478760e-01
7.175278663635253906e-01
1.395943760871887207e-01
3.833898603916168213e-01
1.103079795837402344e+00
3.208148851990699768e-02
1.137688755989074707e+00
1.135379195213317871e+00
6.342194676399230957e-01
3.006241517141461372e-03
1.691926956176757812e+00
2.827873826026916504e-01
3.732935738298692740e-09
3.626216650009155273e-01
5.188946798443794250e-02
5.053851380944252014e-02
9.078186750411987305e-02
1.140885725617408752e-01
3.789427864830940962e-05
5.599226951599121094e-01
3.916777670383453369e-01
4.783798456192016602e-01
8.957395553588867188e-01
2.205887883901596069e-01
4.625981152057647705e-01
1.384313583374023438e+00
3.021003864705562592e-02
1.411219477653503418e+00
1.408245086669921875e+00
7.062622904777526855e-01
2.653704956173896790e-03
1.559769630432128906e+00
2.739757299423217773e-01
3.732935738298692740e-09
3.730616271495819092e-01
5.444666743278503418e-02
5.563152953982353210e-02
8.767502754926681519e-02
1.112562119960784912e-01
4.256621832610107958e-05
5.668980479240417480e-01
5.104048848152160645e-01
5.951540470123291016e-01
9.561629295349121094e-01
1.841932684183120728e-01
5.761889219284057617e-01
1.466753363609313965e+00
5.775159969925880432e-02
1.527898430824279785e+00
1.527678489685058594e+00
8.018388748168945312e-01
2.775546163320541382e-03
2.042276620864868164e+00
2.909513115882873535e-01
3.732935738298692740e-09
3.730614483356475830e-01
5.896092578768730164e-02
5.638829991221427917e-02
1.010239124298095703e-01
1.312209367752075195e-01
3.694519909913651645e-05
4.462200701236724854e-01
5.570979714393615723e-01
6.440808176994323730e-01
1.049197793006896973e+00
2.160564213991165161e-01
6.422932744026184082e-01
1.566744804382324219e+00
8.677389472723007202e-02
1.574978828430175781e+00
1.567596435546875000e+00
8.532163500785827637e-01
3.285746322944760323e-03
2.271334409713745117e+00
3.015866577625274658e-01
3.732935738298692740e-09
3.730640113353729248e-01
5.750218406319618225e-02
5.546371266245841980e-02
9.525430202484130859e-02
1.471825987100601196e-01
3.986130832345224917e-05
2.237239032983779907e-01
2.255650609731674194e-01
3.153915405273437500e-01
1.000733375549316406e+00
4.799851179122924805e-01
2.669840157032012939e-01
1.338158726692199707e+00
1.150166988372802734e-01
1.406896948814392090e+00
1.407514214515686035e+00
4.043850898742675781e-01
2.893681405112147331e-03
3.144978761672973633e+00
2.175526171922683716e-01
3.732935738298692740e-09
2.646197974681854248e-01
6.983776390552520752e-02
6.862240284681320190e-02
1.238244101405143738e-01
2.140224426984786987e-01
7.859873585402965546e-05
7.699629664421081543e-02
1.488264799118041992e-01
9.040937572717666626e-02
5.852915048599243164e-01
4.774745702743530273e-01
1.534950882196426392e-01
9.354794025421142578e-01
7.351151853799819946e-02
9.563925266265869141e-01
9.567723274230957031e-01
3.148941099643707275e-01
3.485561581328511238e-03
2.753347158432006836e+00
1.866095811128616333e-01
3.732935738298692740e-09
2.386065386235713959e-02
6.298235058784484863e-02
6.378785520792007446e-02
1.341689229011535645e-01
5.184192955493927002e-02
1.149919698946177959e-04
1.774260401725769043e-02
1.066765114665031433e-01
2.318231314420700073e-01
5.652134418487548828e-01
3.338202238082885742e-01
3.077295422554016113e-01
7.314288020133972168e-01
3.227047622203826904e-02
7.538793087005615234e-01
7.545948028564453125e-01
4.026511907577514648e-01
1.271047745831310749e-03
6.934928297996520996e-01
1.753716021776199341e-01
3.732935738298692740e-09
7.135281804949045181e-03
6.593135744333267212e-02
6.279430538415908813e-02
1.159701943397521973e-01
1.300909370183944702e-02
6.892912642797455192e-05
1.104342192411422729e-02
2.176558524370193481e-01
2.326982468366622925e-01
2.851195037364959717e-01
1.548921018838882446e-01
2.885220348834991455e-01
2.627398669719696045e-01
3.510426357388496399e-02
5.850667953491210938e-01
5.842783451080322266e-01
3.739093840122222900e-01
9.006729815155267715e-04
9.138836860656738281e-01
1.643107533454895020e-01
3.732935738298692740e-09
1.763628050684928894e-02
5.846552923321723938e-02
5.591657757759094238e-02
1.067243590950965881e-01
4.622627422213554382e-02
1.119031221605837345e-04
1.407710742205381393e-02
1.745926141738891602e-01
1.870236396789550781e-01
1.654151231050491333e-01
2.706489562988281250e-01
2.336879223585128784e-01
3.681199252605438232e-01
3.443567827343940735e-02
2.717139422893524170e-01
2.695754468441009521e-01
2.605488598346710205e-01
7.202252745628356934e-04
3.132009208202362061e-01
1.454335600137710571e-01
3.732935738298692740e-09
2.114033140242099762e-02
5.223202705383300781e-02
5.144051089882850647e-02
9.113319963216781616e-02
4.282844439148902893e-02
9.532121475785970688e-05
1.317771524190902710e-01
1.096178591251373291e-01
1.191389560699462891e-01
1.602238118648529053e-01
2.176579833030700684e-01
1.673272103071212769e-01
3.215886056423187256e-01
3.952376544475555420e-02
2.564078569412231445e-01
2.510489523410797119e-01
2.187649607658386230e-01
9.922133758664131165e-04
1.222878336906433105e+00
1.394574046134948730e-01
3.732935738298692740e-09
1.152751129120588303e-02
5.919946357607841492e-02
5.417990684509277344e-02
8.708719164133071899e-02
5.756868794560432434e-02
1.092683014576323330e-04
4.750531911849975586e-02
7.131692767143249512e-02
8.882264047861099243e-02
1.538329571485519409e-01
3.268708586692810059e-01
7.576582580804824829e-02
2.153211086988449097e-01
4.572962597012519836e-02
1.478049904108047485e-01
1.480497717857360840e-01
2.077146917581558228e-01
8.586519979871809483e-04
6.817448139190673828e-01
1.394994258880615234e-01
3.732935738298692740e-09
2.330378256738185883e-02
1.401899456977844238e-01
1.415524333715438843e-01
2.098217457532882690e-01
5.168396607041358948e-02
1.855252776294946671e-04
5.930729582905769348e-02
7.700880616903305054e-02
9.580067545175552368e-02
8.215395361185073853e-02
2.525058090686798096e-01
9.713429957628250122e-02
7.432169467210769653e-02
4.968680813908576965e-02
7.620649784803390503e-02
7.579716295003890991e-02
2.655952870845794678e-01
1.199100050143897533e-03
8.869549632072448730e-01
1.350663751363754272e-01
3.732935738298692740e-09
2.079577557742595673e-02
1.632495969533920288e-01
1.539981961250305176e-01
2.264181971549987793e-01
5.451072379946708679e-02
2.078483958030119538e-04
1.917919516563415527e-02
1.076448336243629456e-01
1.364162117242813110e-01
3.290067613124847412e-02
3.536604344844818115e-01
1.196069046854972839e-01
3.596521914005279541e-02
6.508979201316833496e-02
3.847307860851287842e-01
3.870105445384979248e-01
3.256071507930755615e-01
1.251742825843393803e-03
8.763138651847839355e-01
1.329132467508316040e-01
3.732935738298692740e-09
1.651674695312976837e-02
1.227047666907310486e-01
1.131236180663108826e-01
2.135998606681823730e-01
6.669486314058303833e-02
1.838015305111184716e-04
3.756986930966377258e-02
1.845383644104003906e-01
2.228977233171463013e-01
1.868771761655807495e-01
2.012504786252975464e-01
1.778932362794876099e-01
4.713988304138183594e-01
7.878977060317993164e-02
4.889570176601409912e-01
4.871430397033691406e-01
3.347613811492919922e-01
9.789535542950034142e-04
1.005258083343505859e+00
1.303304582834243774e-01
3.732935738298692740e-09
2.332618832588195801e-02
7.784957438707351685e-02
7.853806018829345703e-02
1.554885059595108032e-01
8.746478706598281860e-02
1.796897704480215907e-04
4.014451056718826294e-02
3.421215116977691650e-01
3.879135847091674805e-01
2.165603488683700562e-01
6.657402962446212769e-02
3.645991384983062744e-01
4.195017516613006592e-01
5.229189991950988770e-02
4.337868392467498779e-01
4.355472028255462646e-01
3.362954556941986084e-01
1.280283206142485142e-03
1.047487378120422363e+00
1.584278494119644165e-01
3.732935738298692740e-09
1.484790723770856857e-02
8.782454580068588257e-02
7.220089435577392578e-02
8.283870667219161987e-02
1.515324115753173828e-01
2.065142616629600525e-04
8.812639862298965454e-02
3.084692656993865967e-01
3.298160135746002197e-01
2.052623592317104340e-02
5.359890684485435486e-02
2.854490578174591064e-01
2.653414905071258545e-01
6.622434407472610474e-02
2.902266085147857666e-01
2.952747642993927002e-01
3.165216147899627686e-01
8.062378619797527790e-04
9.025738835334777832e-01
1.488721966743469238e-01
3.732935738298692740e-09
1.929106935858726501e-02
1.019722819328308105e-01
1.063283979892730713e-01
2.864493429660797119e-01
2.508041858673095703e-01
2.647350775077939034e-04
1.070757284760475159e-01
3.143397271633148193e-01
3.379054963588714600e-01
1.320389658212661743e-02
2.697464525699615479e-01
2.634076476097106934e-01
1.982909440994262695e-01
1.436054706573486328e-01
1.361127942800521851e-01
1.335455328226089478e-01
2.962556183338165283e-01
6.539634778164327145e-04
6.554902195930480957e-01
1.451681405305862427e-01
3.732935738298692740e-09
7.490272168070077896e-03
9.669047594070434570e-02
9.723142534494400024e-02
1.556160300970077515e-01
3.380316197872161865e-01
3.150084230583161116e-04
2.523373961448669434e-01
3.157351911067962646e-01
3.814702928066253662e-01
9.469028562307357788e-03
3.194380998611450195e-01
2.759166955947875977e-01
2.576648890972137451e-01
1.130462065339088440e-01
2.661393582820892334e-01
2.684255838394165039e-01
3.607060909271240234e-01
6.623812369070947170e-04
7.393261790275573730e-01
1.500136107206344604e-01
3.732935738298692740e-09
1.448803301900625229e-02
6.585187464952468872e-02
7.816631346940994263e-02
9.557696431875228882e-02
2.882934510707855225e-01
2.638310834299772978e-04
4.174026250839233398e-01
3.312011957168579102e-01
3.656561672687530518e-01
9.291133843362331390e-03
9.252943843603134155e-02
2.794170677661895752e-01
4.383215215057134628e-03
8.312971144914627075e-02
4.516870155930519104e-02
4.440457746386528015e-02
4.307244718074798584e-01
2.859296509996056557e-04
2.842739820480346680e-01
2.270281314849853516e-01
3.732935738298692740e-09
1.787930727005004883e-03
1.092077791690826416e-02
1.157851051539182663e-02
2.375333569943904877e-02
2.573002576828002930e-01
4.112030146643519402e-04
3.161730766296386719e-01
2.943312227725982666e-01
3.289878964424133301e-01
1.528859138488769531e-02
1.905256062746047974e-01
2.318121939897537231e-01
9.750337339937686920e-03
9.555827826261520386e-02
6.449007242918014526e-02
6.564617902040481567e-02
3.190782368183135986e-01
2.518401015549898148e-04
2.404678314924240112e-01
2.119290381669998169e-01
3.732935738298692740e-09
5.840735975652933121e-03
4.853100050240755081e-03
5.309833679348230362e-03
5.055757705122232437e-03
2.420237064361572266e-01
3.667772689368575811e-04
3.030295372009277344e-01
1.123771965503692627e-01
1.347232609987258911e-01
7.428833097219467163e-02
7.075291872024536133e-02
5.909089744091033936e-02
4.194644093513488770e-02
2.181686647236347198e-02
4.151144251227378845e-02
6.418345123529434204e-02
2.495976537466049194e-01
2.533094666432589293e-04
5.680816769599914551e-01
2.183109968900680542e-01
3.732935738298692740e-09
1.149568613618612289e-02
1.392055675387382507e-02
1.107464730739593506e-02
1.404108386486768723e-02
1.696600168943405151e-01
2.397585776634514332e-04
2.568002939224243164e-01
1.161063387989997864e-01
1.267956346273422241e-01
6.875970959663391113e-02
9.105407446622848511e-02
6.861955672502517700e-02
3.338697180151939392e-02
2.411722578108310699e-02
6.028636172413825989e-02
6.015964969992637634e-02
2.051953822374343872e-01
1.766600325936451554e-04
1.716657876968383789e-01
2.328634411096572876e-01
3.732935738298692740e-09
5.777226874670304824e-08
2.148227952420711517e-02
1.854075305163860321e-02
1.179930102080106735e-02
5.578755214810371399e-02
1.400508335791528225e-04
3.067714273929595947e-01
9.542004019021987915e-02
1.027259454131126404e-01
5.356593057513237000e-02
7.047930359840393066e-02
5.848561599850654602e-02
5.863477662205696106e-02
2.466824091970920563e-02
6.166135147213935852e-02
6.063817068934440613e-02
2.111146599054336548e-01
1.628281461307778955e-04
1.745616048574447632e-01
2.191110402345657349e-01
3.732935738298692740e-09
5.777226874670304824e-08
4.537115618586540222e-02
3.530242666602134705e-02
2.533031441271305084e-02
8.402326703071594238e-02
3.505865970510058105e-05
2.866399288177490234e-01
1.175871491432189941e-01
1.478382200002670288e-01
1.314826011657714844e-01
5.282020568847656250e-02
7.268586009740829468e-02
1.149819865822792053e-01
1.531910151243209839e-02
1.176069006323814392e-01
1.194083690643310547e-01
2.738980054855346680e-01
1.834340655477717519e-04
1.987532377243041992e-01
2.554180324077606201e-01
3.732935738298692740e-09
5.777226874670304824e-08
5.580312013626098633e-02
5.477795004844665527e-02
4.678210616111755371e-02
6.584515422582626343e-02
2.650022179295774549e-05
2.480740994215011597e-01
1.189062371850013733e-01
1.471301317214965820e-01
1.922362595796585083e-01
5.864894017577171326e-02
6.976405531167984009e-02
1.661948710680007935e-01
1.357067096978425980e-02
1.660232394933700562e-01
1.658665537834167480e-01
2.930428981781005859e-01
1.370158715872094035e-04
2.102103680372238159e-01
3.434756696224212646e-01
3.732935738298692740e-09
5.777226874670304824e-08
6.471372395753860474e-02
5.288306996226310730e-02
4.770487919449806213e-02
8.960813283920288086e-02
3.690788798849098384e-05
3.493294417858123779e-01
1.111652925610542297e-01
1.355767995119094849e-01
8.745201677083969116e-02
7.763302326202392578e-02
7.144853472709655762e-02
7.149136811494827271e-02
2.658617496490478516e-02
7.709087431430816650e-02
7.666777819395065308e-02
2.737253308296203613e-01
9.353893256047740579e-05
1.419556587934494019e-01
9.593935012817382812e-01
3.732935738298692740e-09
5.777226874670304824e-08
6.056055426597595215e-02
5.910874530673027039e-02
5.563791468739509583e-02
1.007001474499702454e-01
6.435343675548210740e-05
2.163305431604385376e-01
1.068739965558052063e-01
1.459329426288604736e-01
2.831494994461536407e-02
9.839627891778945923e-02
6.781315058469772339e-02
2.441781759262084961e-02
2.704533003270626068e-02
2.251643501222133636e-02
2.297575026750564575e-02
2.405220717191696167e-01
7.602101686643436551e-05
1.377488225698471069e-01
5.064974427223205566e-01
3.732935738298692740e-09
5.777226874670304824e-08
7.020875811576843262e-02
6.182944774627685547e-02
5.740278586745262146e-02
9.296490997076034546e-02
1.109757213271223009e-04
3.634400665760040283e-01
1.218843460083007812e-01
1.646837741136550903e-01
7.254450023174285889e-02
4.813439026474952698e-02
7.412538677453994751e-02
5.771155282855033875e-02
2.608419768512248993e-02
5.144954845309257507e-02
5.087777972221374512e-02
2.407969087362289429e-01
9.145622607320547104e-05
1.523356884717941284e-01
4.165285527706146240e-01
3.732935738298692740e-09
5.777226874670304824e-08
8.338278532028198242e-02
6.943831592798233032e-02
7.064957171678543091e-02
8.034057170152664185e-02
4.519977301242761314e-05
2.027455121278762817e-01
1.183863580226898193e-01
1.780052930116653442e-01
1.074488162994384766e-01
3.537821397185325623e-02
8.289981633424758911e-02
8.570363372564315796e-02
1.691465266048908234e-02
8.696603775024414062e-02
8.696418255567550659e-02
2.741099894046783447e-01
1.213291325257159770e-04
1.620109677314758301e-01
4.170643389225006104e-01
3.732935738298692740e-09
5.777226874670304824e-08
1.216700077056884766e-01
1.081967279314994812e-01
1.933972090482711792e-01
7.984277606010437012e-02
1.059024361893534660e-04
3.093439042568206787e-01
1.165324524044990540e-01
1.905010938644409180e-01
1.707528345286846161e-02
1.670135706663131714e-01
7.874535769224166870e-02
1.953409053385257721e-02
3.053168952465057373e-02
1.926562376320362091e-02
1.921215094625949860e-02
2.649755179882049561e-01
1.248514017788693309e-04
1.651587933301925659e-01
4.008499681949615479e-01
3.732935738298692740e-09
5.777226874670304824e-08
1.348449885845184326e-01
1.205188259482383728e-01
2.325899600982666016e-01
7.505328208208084106e-02
8.241363684646785259e-05
2.785121500492095947e-01
1.594061255455017090e-01
2.229165583848953247e-01
1.492421794682741165e-02
1.690873503684997559e-01
1.109443530440330505e-01
8.849543519318103790e-03
6.341303884983062744e-02
9.615755639970302582e-03
1.041297428309917450e-02
3.344054222106933594e-01
1.156482394435442984e-04
1.353176385164260864e-01
4.266933202743530273e-01
3.732935738298692740e-09
5.777226874670304824e-08
1.281103491783142090e-01
1.199071109294891357e-01
2.107738256454467773e-01
9.784580022096633911e-02
7.223489228636026382e-05
2.187994122505187988e-01
1.390569359064102173e-01
1.853615492582321167e-01
2.040086872875690460e-02
1.381651312112808228e-01
1.070306003093719482e-01
1.821005903184413910e-02
5.474453046917915344e-02
2.058170177042484283e-02
2.093937247991561890e-02
3.837703764438629150e-01
1.015871894196607172e-04
1.526763290166854858e-01
4.397380352020263672e-01
3.732935738298692740e-09
5.777226874670304824e-08
1.038552448153495789e-01
9.334407001733779907e-02
9.922486543655395508e-02
1.627522706985473633e-01
8.342597720911726356e-05
1.812665015459060669e-01
1.406185179948806763e-01
1.770417243242263794e-01
5.135640129446983337e-02
1.327566653490066528e-01
9.645343571901321411e-02
4.586868360638618469e-02
3.723781555891036987e-02
3.946120664477348328e-02
3.963410481810569763e-02
1.232775747776031494e-01
1.033372755046002567e-04
1.507227569818496704e-01
3.920133113861083984e-01
3.732935738298692740e-09
5.777226874670304824e-08
1.642978638410568237e-01
1.247975826263427734e-01
9.151985496282577515e-02
1.404524296522140503e-01
1.391498371958732605e-04
1.314248591661453247e-01
1.660145819187164307e-01
1.161048114299774170e-01
7.817815244197845459e-02
2.095909565687179565e-01
6.434109061956405640e-02
6.663047522306442261e-02
2.801446616649627686e-02
7.049879431724548340e-02
7.080196589231491089e-02
7.090727239847183228e-02
9.243896784028038383e-05
1.761397272348403931e-01
4.505313336849212646e-01
3.732935738298692740e-09
5.777226874670304824e-08
2.638389468193054199e-01
2.298267632722854614e-01
1.627051234245300293e-01
1.138571798801422119e-01
2.769868588075041771e-04
5.136084556579589844e-02
2.195250391960144043e-01
2.230338603258132935e-01
8.512058109045028687e-02
3.733282983303070068e-01
9.600671380758285522e-02
6.632345914840698242e-02
3.930292651057243347e-02
7.088179141283035278e-02
7.126104831695556641e-02
1.662634462118148804e-01
1.155192949227057397e-04
2.274138182401657104e-01
3.737114965915679932e-01
3.732935738298692740e-09
5.777226874670304824e-08
3.189602792263031006e-01
2.873675823211669922e-01
2.937444150447845459e-01
1.503279805183410645e-01
4.487733822315931320e-04
3.577538579702377319e-02
2.682243883609771729e-01
2.640186548233032227e-01
5.144237354397773743e-02
4.182198941707611084e-01
1.165491715073585510e-01
3.869470208883285522e-02
3.880999609827995300e-02
4.046719893813133240e-02
4.073777422308921814e-02
2.155687063932418823e-01
1.795269199647009373e-04
2.542514801025390625e-01
4.210081398487091064e-01
3.732935738298692740e-09
5.777226874670304824e-08
3.561393022537231445e-01
3.110624253749847412e-01
3.201454877853393555e-01
1.742757409811019897e-01
7.699048146605491638e-04
6.720332056283950806e-02
4.006130397319793701e-01
4.210354983806610107e-01
5.241815373301506042e-02
5.135113596916198730e-01
1.747279167175292969e-01
2.155804634094238281e-02
5.743907019495964050e-02
2.241157926619052887e-02
2.216803468763828278e-02
4.498805701732635498e-01
2.098386030411347747e-04
2.622033357620239258e-01
4.771273136138916016e-01
3.732935738298692740e-09
5.777226874670304824e-08
1.378379464149475098e-01
1.212157905101776123e-01
1.948831826448440552e-01
2.475814819335937500e-01
8.914484060369431973e-04
1.449050847440958023e-02
5.789119601249694824e-01
7.846896052360534668e-01
2.680351585149765015e-02
8.855531811714172363e-01
2.947821319103240967e-01
3.221360221505165100e-02
1.283334642648696899e-01
7.822787016630172729e-02
3.394578024744987488e-02
7.966254353523254395e-01
2.474167558830231428e-04
3.264191448688507080e-01
3.906734883785247803e-01
3.732935738298692740e-09
5.777226874670304824e-08
4.028905928134918213e-01
3.453363478183746338e-01
5.737818777561187744e-02
3.901816606521606445e-01
1.131328288465738297e-03
3.421043232083320618e-02
7.239560484886169434e-01
8.734676241874694824e-01
4.067915305495262146e-02
1.516056895256042480e+00
2.675731480121612549e-01
7.905296236276626587e-02
1.957372575998306274e-01
8.632569760084152222e-02
8.864879608154296875e-02
8.366029858589172363e-01
3.010510408785194159e-04
5.932947993278503418e-01
4.417867362499237061e-01
3.732935738298692740e-09
5.777226874670304824e-08
5.801061913371086121e-02
5.402523651719093323e-02
1.859414577484130859e-01
5.012446045875549316e-01
1.889479812234640121e-03
3.210248425602912903e-02
5.846933722496032715e-01
6.662930250167846680e-01
5.808424949645996094e-02
1.101870059967041016e+00
2.326677590608596802e-01
8.407405763864517212e-02
1.499879956245422363e-01
7.606174796819686890e-02
8.109727501869201660e-02
7.986672520637512207e-01
1.990008749999105930e-04
3.159164488315582275e-01
3.805599510669708252e-01
3.732935738298692740e-09
5.777226874670304824e-08
8.234252780675888062e-02
7.395056635141372681e-02
1.089083924889564514e-01
6.459134221076965332e-01
2.004769397899508476e-03
8.700110763311386108e-02
5.969147682189941406e-01
6.362436413764953613e-01
7.417634874582290649e-02
1.181478857994079590e+00
2.177204638719558716e-01
4.420102760195732117e-02
1.493245214223861694e-01
6.374620646238327026e-02
6.311386823654174805e-02
8.081942200660705566e-01
9.674037573859095573e-05
2.291336804628372192e-01
5.440316200256347656e-01
3.732935738298692740e-09
5.777226874670304824e-08
3.828400745987892151e-02
4.382073879241943359e-02
6.011477112770080566e-02
7.596492767333984375e-01
2.513344166800379753e-03
2.542151510715484619e-01
7.645488381385803223e-01
8.240215182304382324e-01
1.455852538347244263e-01
1.202910304069519043e+00
2.854750156402587891e-01
8.793833851814270020e-02
1.677840352058410645e-01
9.004024416208267212e-02
9.209612756967544556e-02
1.093338847160339355e+00
8.235938730649650097e-05
1.769759654998779297e-01
5.535008907318115234e-01
3.732935738298692740e-09
5.777226874670304824e-08
5.203648284077644348e-02
5.385057628154754639e-02
6.150439381599426270e-02
7.023816704750061035e-01
3.691326128318905830e-03
9.850410372018814087e-02
1.035278916358947754e+00
1.070745587348937988e+00
1.462927609682083130e-01
1.839822292327880859e+00
3.855803012847900391e-01
8.468864113092422485e-02
2.278249710798263550e-01
8.869961649179458618e-02
8.961250633001327515e-02
1.391541838645935059e+00
1.279875868931412697e-04
1.900414973497390747e-01
6.187149882316589355e-01
3.732935738298692740e-09
5.777226874670304824e-08
6.479983031749725342e-02
6.233331561088562012e-02
2.812362462282180786e-02
9.019195437431335449e-01
3.773439675569534302e-03
1.415117233991622925e-01
7.555100321769714355e-01
8.088052272796630859e-01
2.051352709531784058e-01
1.340832114219665527e+00
2.461259812116622925e-01
1.134256199002265930e-01
1.646881550550460815e-01
1.009669527411460876e-01
1.021478697657585144e-01
1.205590367317199707e+00
9.541489271214231849e-05
1.245882436633110046e-01
8.373270034790039062e-01
3.732935738298692740e-09
5.777226874670304824e-08
1.378821674734354019e-02
1.231451053172349930e-02
5.920434836298227310e-03
9.994724392890930176e-01
4.595246631652116776e-03
1.237988099455833435e-01
6.669781208038330078e-01
6.609228253364562988e-01
2.134827375411987305e-01
1.230933785438537598e+00
2.006682604551315308e-01
1.192565783858299255e-01
1.271765679121017456e-01
1.287558525800704956e-01
1.317013353109359741e-01
9.837880134582519531e-01
8.589436038164421916e-05
1.030699387192726135e-01
9.559270739555358887e-01
3.732935738298692740e-09
5.777226874670304824e-08
1.869177632033824921e-02
1.762017793953418732e-02
1.082270313054323196e-02
6.527525782585144043e-01
4.955970216542482376e-03
4.379029944539070129e-02
5.156745314598083496e-01
4.693739712238311768e-01
2.309137582778930664e-01
1.034368038177490234e+00
1.452422589063644409e-01
1.241575554013252258e-01
1.002823486924171448e-01
1.239172518253326416e-01
1.244602203369140625e-01
9.215150475502014160e-01
8.763978257775306702e-05
6.056531146168708801e-02
5.624963641166687012e-01
3.732935738298692740e-09
5.777226874670304824e-08
2.958390861749649048e-02
2.122811786830425262e-02
1.641040295362472534e-02
2.613224685192108154e-01
4.483235999941825867e-03
8.442941121757030487e-03
3.638126552104949951e-01
3.823012113571166992e-01
2.088665962219238281e-01
7.315182089805603027e-01
1.132626533508300781e-01
1.111856102943420410e-01
3.968299552798271179e-02
1.107160821557044983e-01
1.121238246560096741e-01
6.973673701286315918e-01
8.634594996692612767e-05
4.657106101512908936e-02
7.080017924308776855e-01
3.732935738298692740e-09
5.777226874670304824e-08
2.831713669002056122e-02
2.862777560949325562e-02
1.542316377162933350e-02
3.770300149917602539e-01
4.375027026981115341e-03
5.204652622342109680e-02
3.753205835819244385e-01
3.598667085170745850e-01
2.052074223756790161e-01
6.743927001953125000e-01
1.100790873169898987e-01
1.168253123760223389e-01
5.844231322407722473e-02
1.081204414367675781e-01
1.143714785575866699e-01
6.192624568939208984e-01
7.109056605258956552e-05
6.260289996862411499e-02
7.561790943145751953e-01
3.732935738298692740e-09
5.777226874670304824e-08
5.867294594645500183e-02
4.895641282200813293e-02
1.689131371676921844e-02
2.581987082958221436e-01
3.764320863410830498e-03
9.971436113119125366e-03
3.531219065189361572e-01
3.796823918819427490e-01
1.683287471532821655e-01
5.413934588432312012e-01
9.517420083284378052e-02
8.674266189336776733e-02
4.632663354277610779e-02
8.029440790414810181e-02
7.985202223062515259e-02
4.762658178806304932e-01
8.671395335113629699e-05
9.689445048570632935e-02
8.475437164306640625e-01
3.732935738298692740e-09
5.777226874670304824e-08
7.881750911474227905e-02
7.111828774213790894e-02
2.691765688359737396e-02
2.105748653411865234e-01
3.840063465759158134e-03
9.774222970008850098e-03
3.601707518100738525e-01
4.017730057239532471e-01
1.649089902639389038e-01
2.963156998157501221e-01
1.079679727554321289e-01
9.470919519662857056e-02
4.702929779887199402e-02
9.414887428283691406e-02
9.465529769659042358e-02
4.734429419040679932e-01
6.200421921676024795e-05
3.429843857884407043e-02
8.101037144660949707e-01
3.732935738298692740e-09
5.777226874670304824e-08
1.182008087635040283e-01
1.013682261109352112e-01
3.355013206601142883e-02
1.510207802057266235e-01
2.828039228916168213e-03
2.784458734095096588e-02
3.501760065555572510e-01
3.284698128700256348e-01
9.867546707391738892e-02
3.375389575958251953e-01
1.098150983452796936e-01
5.091318488121032715e-02
7.015549391508102417e-02
4.796861112117767334e-02
4.840354993939399719e-02
4.251301288604736328e-01
7.014255243120715022e-05
6.385269761085510254e-02
9.374716877937316895e-01
3.732935738298692740e-09
5.777226874670304824e-08
1.129655316472053528e-01
9.973871707916259766e-02
3.557371348142623901e-02
1.233007684350013733e-01
2.447945065796375275e-03
1.889527589082717896e-02
2.714059650897979736e-01
3.587158620357513428e-01
9.295395761728286743e-02
3.574017584323883057e-01
1.043025329709053040e-01
5.232602357864379883e-02
5.211592838168144226e-02
5.648666620254516602e-02
5.678773298859596252e-02
4.456306695938110352e-01
5.020401658839546144e-05
5.081059411168098450e-02
6.752193570137023926e-01
3.732935738298692740e-09
5.777226874670304824e-08
1.255096346139907837e-01
1.044345796108245850e-01
3.034553490579128265e-02
1.972097754478454590e-01
1.778671168722212315e-03
6.477938499301671982e-03
3.920102417469024658e-01
4.282510578632354736e-01
1.340984404087066650e-01
3.830904662609100342e-01
1.252874284982681274e-01
7.283791154623031616e-02
5.411322414875030518e-02
6.527668237686157227e-02
6.583174318075180054e-02
4.029785692691802979e-01
4.787446232512593269e-05
4.548000171780586243e-02
9.088127017021179199e-01
3.732935738298692740e-09
5.777226874670304824e-08
1.716950088739395142e-01
1.566981375217437744e-01
8.269774913787841797e-02
1.804380863904953003e-01
3.534495830535888672e-03
6.490515079349279404e-03
1.977884322404861450e-01
2.614826858043670654e-01
2.122442722320556641e-01
4.719770848751068115e-01
9.422566741704940796e-02
1.142129600048065186e-01
6.125016137957572937e-02
1.100829839706420898e-01
1.095838919281959534e-01
3.039178252220153809e-01
6.710327579639852047e-05
4.762935265898704529e-02
8.107578754425048828e-01
3.732935738298692740e-09
5.777226874670304824e-08
2.526531219482421875e-01
2.296063154935836792e-01
1.658447831869125366e-01
4.534673690795898438e-01
2.667263150215148926e-03
1.096143200993537903e-02
2.337547093629837036e-01
2.342212945222854614e-01
1.996237486600875854e-01
3.761231005191802979e-01
7.942418009042739868e-02
1.354654282331466675e-01
6.117621064186096191e-02
1.035719290375709534e-01
1.311704069375991821e-01
2.372131943702697754e-01
1.015801899484358728e-04
6.236788630485534668e-02
7.006161212921142578e-01
3.732935738298692740e-09
5.777226874670304824e-08
1.717607378959655762e-01
1.385384500026702881e-01
1.061717346310615540e-01
2.293193340301513672e-01
2.425225684419274330e-03
8.821070194244384766e-03
2.244146615266799927e-01
1.881965398788452148e-01
2.628908455371856689e-01
3.154658079147338867e-01
7.817859202623367310e-02
8.856412023305892944e-02
4.873012378811836243e-02
8.325592428445816040e-02
1.269618123769760132e-01
1.620381623506546021e-01
1.471927535021677613e-04
8.494954556226730347e-02
7.008516192436218262e-01
3.732935738298692740e-09
5.777226874670304824e-08
1.327397376298904419e-01
1.160461306571960449e-01
5.245046690106391907e-02
1.658242791891098022e-01
1.702735200524330139e-03
1.692852191627025604e-02
7.576145976781845093e-02
8.704861253499984741e-02
3.873369693756103516e-01
2.092728763818740845e-01
2.507887780666351318e-02
1.001003384590148926e-01
2.647890709340572357e-02
1.512048840522766113e-01
1.525814980268478394e-01
6.921245902776718140e-02
1.384742645313963294e-04
6.037659943103790283e-02
7.214555144309997559e-01
3.732935738298692740e-09
5.777226874670304824e-08
1.351927369832992554e-01
1.254055947065353394e-01
4.018300399184226990e-02
2.635587453842163086e-01
1.205935259349644184e-03
4.203500226140022278e-02
6.600252538919448853e-02
5.990043282508850098e-02
3.644317090511322021e-01
2.474949806928634644e-01
2.464812248945236206e-02
1.103840470314025879e-01
2.560935355722904205e-02
1.735268086194992065e-01
1.752538681030273438e-01
8.901002258062362671e-02
1.143864719779230654e-04
6.476540118455886841e-02
7.113068699836730957e-01
3.732935738298692740e-09
5.777226874670304824e-08
1.661229133605957031e-01
1.385325938463211060e-01
6.195159628987312317e-02
8.200543373823165894e-02
9.811682393774390221e-04
4.079768061637878418e-02
9.634066373109817505e-02
8.536086231470108032e-02
3.024491369724273682e-01
2.877940535545349121e-01
4.135767742991447449e-02
1.985030770301818848e-01
3.325496241450309753e-02
1.234072074294090271e-01
1.242900565266609192e-01
2.801714241504669189e-01
1.292514352826401591e-04
7.856806367635726929e-02
7.247071266174316406e-01
3.732935738298692740e-09
5.777226874670304824e-08
3.106897473335266113e-01
2.744402289390563965e-01
1.191737875342369080e-01
1.226586475968360901e-01
1.814569230191409588e-03
2.324290573596954346e-02
8.864518254995346069e-02
7.829114049673080444e-02
2.064421176910400391e-01
3.637299239635467529e-01
4.521192982792854309e-02
2.502879314124584198e-02
4.566743597388267517e-02
2.221221290528774261e-02
2.258467115461826324e-02
2.257149666547775269e-01
1.089146171580068767e-04
6.035258993506431580e-02
7.013717293739318848e-01
3.732935738298692740e-09
5.777226874670304824e-08
4.052550494670867920e-01
3.640621006488800049e-01
2.082759290933609009e-01
2.168812006711959839e-01
2.648932859301567078e-03
1.217281352728605270e-02
2.112592607736587524e-01
1.963701993227005005e-01
2.904370725154876709e-01
4.557349681854248047e-01
8.899394422769546509e-02
1.320164948701858521e-01
6.777473539113998413e-02
6.198047101497650146e-02
6.188337877392768860e-02
2.679017484188079834e-01
1.165371140814386308e-04
6.234096363186836243e-02
6.799551844596862793e-01
3.732935738298692740e-09
5.777226874670304824e-08
3.652414381504058838e-01
2.937845289707183838e-01
1.904121041297912598e-01
2.570272088050842285e-01
2.753109438344836235e-03
4.970718547701835632e-02
2.106999307870864868e-01
1.789492368698120117e-01
3.269868195056915283e-01
6.033892631530761719e-01
7.476264238357543945e-02
1.580057144165039062e-01
8.851880580186843872e-02
1.448103338479995728e-01
1.446703821420669556e-01
2.256925702095031738e-01
1.004080040729604661e-04
6.229011714458465576e-02
6.735189557075500488e-01
3.732935738298692740e-09
5.777226874670304824e-08
1.632974743843078613e-01
1.475513577461242676e-01
8.573824167251586914e-02
2.472637891769409180e-01
2.006650203838944435e-03
2.456030994653701782e-02
9.766701608896255493e-02
7.397419959306716919e-02
2.421157062053680420e-02
7.598648071289062500e-01
4.065604135394096375e-02
1.493123080581426620e-02
9.839367866516113281e-02
1.437801402062177658e-02
1.437811087816953659e-02
8.127538114786148071e-02
9.958320879377424717e-05
5.808444693684577942e-02
7.104320526123046875e-01
3.732935738298692740e-09
5.777226874670304824e-08
7.518212497234344482e-02
5.273506045341491699e-02
3.031763993203639984e-02
1.305899769067764282e-01
1.996434526517987251e-03
4.306871443986892700e-03
1.040675640106201172e-01
1.008059903979301453e-01
4.279733821749687195e-02
2.611792981624603271e-01
2.882785163819789886e-02
1.934870891273021698e-02
3.869380056858062744e-02
1.061301026493310928e-02
1.069920510053634644e-02
1.191660165786743164e-01
1.101896996260620654e-04
7.959382236003875732e-02
7.693159580230712891e-01
3.732935738298692740e-09
5.777226874670304824e-08
1.348275542259216309e-01
1.201852187514305115e-01
5.419154092669487000e-02
8.900650590658187866e-02
1.884053344838321209e-03
6.372911389917135239e-03
1.577581912279129028e-01
1.722236126661300659e-01
2.272241115570068359e-01
5.371649861335754395e-01
5.469121038913726807e-02
1.100675687193870544e-01
7.646962255239486694e-02
1.010859981179237366e-01
9.766735881567001343e-02
4.545686542987823486e-01
1.118985164794139564e-04
7.476782053709030151e-02
8.023648858070373535e-01
3.732935738298692740e-09
5.777226874670304824e-08
1.701477319002151489e-01
1.579777747392654419e-01
6.952875107526779175e-02
1.068849563598632812e-01
1.237197429873049259e-03
1.513264793902635574e-02
1.679814010858535767e-01
1.430745273828506470e-01
9.452912211418151855e-02
1.058036804199218750e+00
6.882548332214355469e-02
4.221308231353759766e-02
2.090182304382324219e-01
3.753320500254631042e-02
3.833818808197975159e-02
3.722706139087677002e-01
1.114883707487024367e-04
5.460991337895393372e-02
8.794237971305847168e-01
3.732935738298692740e-09
5.777226874670304824e-08
1.175441518425941467e-01
1.305888891220092773e-01
5.547116324305534363e-02
2.301748245954513550e-01
2.087763277813792229e-03
1.387748774141073227e-02
1.616762429475784302e-01
1.706933826208114624e-01
1.757488399744033813e-01
6.847159266471862793e-01
5.893200635910034180e-02
1.011669114232063293e-01
1.403077691793441772e-01
8.465562015771865845e-02
8.516281098127365112e-02
3.722920715808868408e-01
1.089974757633171976e-04
4.823274910449981689e-02
5.822350382804870605e-01
3.732935738298692740e-09
5.777226874670304824e-08
6.625753641128540039e-02
6.191697716712951660e-02
2.999707870185375214e-02
2.417443990707397461e-01
2.163980156183242798e-03
1.909724436700344086e-02
1.387926340103149414e-01
1.621712893247604370e-01
2.075737118721008301e-01
6.572033166885375977e-01
5.111873149871826172e-02
9.244719147682189941e-02
9.671950340270996094e-02
7.322845607995986938e-02
7.325442880392074585e-02
3.541502058506011963e-01
1.067568882717750967e-04
5.333647131919860840e-02
2.251366376876831055e-01
3.732935738298692740e-09
5.777226874670304824e-08
1.562254596501588821e-02
1.328314095735549927e-02
5.952985957264900208e-03
1.686254143714904785e-01
1.051687519066035748e-03
1.816539280116558075e-02
6.560765951871871948e-02
5.347032472491264343e-02
1.027228534221649170e-01
2.413394004106521606e-01
1.528594177216291428e-02
4.387241601943969727e-02
5.164241790771484375e-02
7.821644842624664307e-02
7.816811650991439819e-02
1.992063969373703003e-01
1.008069375529885292e-04
6.003467366099357605e-02
1.550374180078506470e-01
3.732935738298692740e-09
5.777226874670304824e-08
7.334747817367315292e-03
8.303086273372173309e-03
1.921481802128255367e-03
1.105446442961692810e-01
1.820375211536884308e-03
2.177865244448184967e-02
3.064209409058094025e-02
1.926150918006896973e-02
3.164160624146461487e-02
6.812197715044021606e-02
5.479190032929182053e-03
9.886775165796279907e-03
1.289453357458114624e-02
1.305804681032896042e-02
1.326344162225723267e-02
4.692507162690162659e-02
6.181688513606786728e-05
4.313086345791816711e-02
1.589909195899963379e-01
3.732935738298692740e-09
5.777226874670304824e-08
1.392634958028793335e-02
1.614752598106861115e-02
6.900209933519363403e-03
3.736582770943641663e-02
5.104629672132432461e-04
1.897072605788707733e-02
5.133599508553743362e-03
4.324305336922407150e-03
3.097690641880035400e-02
3.061334230005741119e-02
1.019373186863958836e-03
1.432447787374258041e-02
1.080608926713466644e-03
1.089604664593935013e-02
9.673956781625747681e-03
4.114395380020141602e-02
9.227946429746225476e-05
6.326493620872497559e-02
2.153420448303222656e-01
3.732935738298692740e-09
5.777226874670304824e-08
2.728021703660488129e-02
1.734863966703414917e-02
8.310320787131786346e-03
4.320631548762321472e-02
9.095377172343432903e-04
2.643309719860553741e-02
2.599074132740497589e-02
2.557186782360076904e-02
4.375965893268585205e-02
3.192327916622161865e-02
5.315926391631364822e-03
2.252196334302425385e-02
8.663011831231415272e-04
1.955304294824600220e-02
2.051521837711334229e-02
7.887963205575942993e-02
7.320183794945478439e-05
5.517386272549629211e-02
1.906890869140625000e-01
3.732935738298692740e-09
5.777226874670304824e-08
4.186134412884712219e-02
2.511183358728885651e-02
2.218911051750183105e-02
1.122855022549629211e-02
2.199090318754315376e-03
3.467983007431030273e-02
3.005777299404144287e-02
3.356884792447090149e-02
9.401741623878479004e-02
6.207163631916046143e-02
6.423545535653829575e-03
3.137238323688507080e-02
3.528049215674400330e-03
2.855418436229228973e-02
2.785852551460266113e-02
3.685242310166358948e-02
5.622663229587487876e-05
4.476961493492126465e-02
1.514234691858291626e-01
3.732935738298692740e-09
5.777226874670304824e-08
5.150793120265007019e-02
5.157649517059326172e-02
3.619674593210220337e-02
2.070260792970657349e-02
2.957947144750505686e-04
5.974854528903961182e-02
4.762441292405128479e-02
5.295918509364128113e-02
6.480237096548080444e-02
6.606072932481765747e-02
1.609221287071704865e-02
1.883148215711116791e-02
1.368303596973419189e-02
2.123402617871761322e-02
2.133491635322570801e-02
6.352296471595764160e-02
5.757205144618637860e-05
3.043496608734130859e-02
1.625894457101821899e-01
3.732935738298692740e-09
5.777226874670304824e-08
5.467078089714050293e-02
5.724042654037475586e-02
4.173432663083076477e-02
5.461867526173591614e-02
4.339613951742649078e-04
5.058258771896362305e-02
8.750548213720321655e-02
1.087301746010780334e-01
4.826616123318672180e-02
1.015497148036956787e-01
2.740662544965744019e-02
1.909813098609447479e-02
3.664312139153480530e-02
1.880923658609390259e-02
1.542415469884872437e-02
8.806968480348587036e-02
4.678834011428989470e-05
2.476294897496700287e-02
1.512765735387802124e-01
3.732935738298692740e-09
5.777226874670304824e-08
6.063325703144073486e-02
6.556884199380874634e-02
4.017447307705879211e-02
7.421687990427017212e-02
1.084877992980182171e-03
5.495260283350944519e-02
1.010991260409355164e-01
1.342529207468032837e-01
8.032061159610748291e-02
2.879421114921569824e-01
3.960256651043891907e-02
7.511014491319656372e-02
4.755671322345733643e-02
1.492346823215484619e-02
1.536834519356489182e-02
1.172716245055198669e-01
4.305879701860249043e-05
2.214944921433925629e-02
1.528482884168624878e-01
3.732935738298692740e-09
5.777226874670304824e-08
5.014726892113685608e-02
5.091774091124534607e-02
2.618029899895191193e-02
1.049879193305969238e-01
6.641435320489108562e-04
3.731969371438026428e-02
9.710294008255004883e-02
1.357704997062683105e-01
3.712205588817596436e-02
2.975080013275146484e-01
4.366729781031608582e-02
1.453548949211835861e-02
5.765906348824501038e-02
1.441436354070901871e-02
1.419621054083108902e-02
1.475235223770141602e-01
4.731773515231907368e-05
2.980706095695495605e-02
2.712053656578063965e-01
3.732935738298692740e-09
5.777226874670304824e-08
6.767579168081283569e-02
6.968433409929275513e-02
4.181673005223274231e-02
1.539349108934402466e-01
8.145796018652617931e-04
5.492170527577400208e-02
8.429867029190063477e-02
9.119518846273422241e-02
4.090974852442741394e-02
2.936494946479797363e-01
3.638046607375144958e-02
1.293605845421552658e-02
5.086854472756385803e-02
1.274075452238321304e-02
1.465970277786254883e-02
1.099937558174133301e-01
5.402709939517080784e-05
3.863188251852989197e-02
4.915571212768554688e-01
3.732935738298692740e-09
5.777226874670304824e-08
8.916425704956054688e-02
8.781915903091430664e-02
4.562173411250114441e-02
1.231920793652534485e-01
6.832733633928000927e-04
4.754413664340972900e-02
8.098503947257995605e-02
8.891006559133529663e-02
1.749803274869918823e-01
1.989907771348953247e-01
3.489148616790771484e-02
8.226232230663299561e-02
6.339954584836959839e-02
7.770520448684692383e-02
7.928366214036941528e-02
9.463318437337875366e-02
6.082298932597041130e-05
6.057928875088691711e-02
5.563118457794189453e-01
3.732935738298692740e-09
5.777226874670304824e-08
1.709950715303421021e-01
1.437159925699234009e-01
6.522209197282791138e-02
1.548868864774703979e-01
1.114485668949782848e-03
3.785299137234687805e-02
8.546277880668640137e-02
9.533071517944335938e-02
2.774015069007873535e-01
2.008891105651855469e-01
3.230861201882362366e-02
1.320724934339523315e-01
3.966019302606582642e-02
1.013768985867500305e-01
1.022691354155540466e-01
9.816611558198928833e-02
5.727840834879316390e-05
4.870581999421119690e-02
5.726407170295715332e-01
3.732935738298692740e-09
5.777226874670304824e-08
9.146871417760848999e-02
9.228429943323135376e-02
3.866255283355712891e-02
7.643804699182510376e-02
6.677469355054199696e-04
6.220005452632904053e-02
9.955549985170364380e-02
1.012795343995094299e-01
2.428407669067382812e-01
2.655867040157318115e-01
4.001167416572570801e-02
1.929843984544277191e-02
4.374149441719055176e-02
3.181491419672966003e-02
3.239144384860992432e-02
1.505326628684997559e-01
5.695474101230502129e-05
4.263906553387641907e-02
7.491316199302673340e-01
3.732935738298692740e-09
5.777226874670304824e-08
6.698742508888244629e-02
6.759426742792129517e-02
3.324568644165992737e-02
9.939506649971008301e-02
1.101016998291015625e-03
5.369962751865386963e-02
1.169959679245948792e-01
1.329193860292434692e-01
3.471564352512359619e-01
3.823736906051635742e-01
5.846792086958885193e-02
5.207619443535804749e-02
6.025792285799980164e-02
4.806527122855186462e-02
4.868654534220695496e-02
2.206874340772628784e-01
5.965468881186097860e-05
4.439428448677062988e-02
9.127091765403747559e-01
3.732935738298692740e-09
5.777226874670304824e-08
1.367326825857162476e-01
1.158181801438331604e-01
7.395280152559280396e-02
1.554345339536666870e-01
7.830114918760955334e-04
7.600251585245132446e-02
1.857707351446151733e-01
1.802468746900558472e-01
3.877918720245361328e-01
4.996247291564941406e-01
7.967852801084518433e-02
1.888975650072097778e-01
8.960942178964614868e-02
9.582535177469253540e-02
2.090696096420288086e-01
4.667394459247589111e-01
6.660009967163205147e-05
4.714379087090492249e-02
7.551905512809753418e-01
3.732935738298692740e-09
5.777226874670304824e-08
3.261502087116241455e-01
2.997889816761016846e-01
1.516615003347396851e-01
2.527463734149932861e-01
6.252604653127491474e-04
1.404274851083755493e-01
2.933155596256256104e-01
3.108855783939361572e-01
1.095153018832206726e-01
6.046255230903625488e-01
1.239752396941184998e-01
6.808195263147354126e-02
1.068832278251647949e-01
5.078941211104393005e-02
5.919888243079185486e-02
5.207335352897644043e-01
6.667432171525433660e-05
5.957502126693725586e-02
9.028153419494628906e-01
3.732935738298692740e-09
5.777226874670304824e-08
4.308372735977172852e-01
3.875322341918945312e-01
2.123541682958602905e-01
3.368088304996490479e-01
1.231453381478786469e-03
1.755880862474441528e-01
3.160665929317474365e-01
3.377375304698944092e-01
4.279888570308685303e-01
7.958542704582214355e-01
1.457848548889160156e-01
2.064160853624343872e-01
1.284589022397994995e-01
1.889909505844116211e-01
1.895089596509933472e-01
4.095762073993682861e-01
9.994176798500120640e-05
6.625010073184967041e-02
6.613566279411315918e-01
3.732935738298692740e-09
5.777226874670304824e-08
8.738324791193008423e-02
1.235019043087959290e-01
8.516778796911239624e-02
2.409725189208984375e-01
1.889614039100706577e-03
1.753815561532974243e-01
9.127631038427352905e-02
1.256073862314224243e-01
8.990219235420227051e-02
4.438240230083465576e-01
7.540903240442276001e-02
4.895285144448280334e-02
9.995683282613754272e-02
5.705631151795387268e-02
5.752202495932579041e-02
1.538747400045394897e-01
8.393146708840504289e-05
4.938950017094612122e-02
6.220611929893493652e-01
3.732935738298692740e-09
5.777226874670304824e-08
4.699287936091423035e-02
3.904269263148307800e-02
2.209213934838771820e-02
1.825044900178909302e-01
1.826207153499126434e-03
1.252737939357757568e-01
1.000440940260887146e-01
9.173449873924255371e-02
3.718831390142440796e-02
4.458890855312347412e-01
6.060187518596649170e-02
2.093819715082645416e-02
9.072533994913101196e-02
2.008334547281265259e-02
2.047733776271343231e-02
1.184359714388847351e-01
6.021655281074345112e-05
4.237991571426391602e-02
4.960381090641021729e-01
3.732935738298692740e-09
5.777226874670304824e-08
6.733895093202590942e-02
6.473379582166671753e-02
3.684193268418312073e-02
8.889690786600112915e-02
2.185097895562648773e-03
8.007055521011352539e-02
6.897289305925369263e-02
6.680110841989517212e-02
9.071785211563110352e-02
4.290843904018402100e-01
2.840655110776424408e-02
3.180627152323722839e-02
5.400840938091278076e-02
2.055308967828750610e-02
2.050982974469661713e-02
1.339731365442276001e-01
7.818854646757245064e-05
4.761668667197227478e-02
4.858096539974212646e-01
3.732935738298692740e-09
5.777226874670304824e-08
8.696951717138290405e-02
9.961173683404922485e-02
4.747404530644416809e-02
7.215272635221481323e-02
1.183313434012234211e-03
9.479814767837524414e-02
1.247922554612159729e-01
9.494654089212417603e-02
3.023877441883087158e-01
9.733635783195495605e-01
8.018759638071060181e-02
1.642983406782150269e-01
7.781126350164413452e-02
1.956694573163986206e-01
1.974701136350631714e-01
3.194634616374969482e-01
5.492669879458844662e-05
3.646849468350410461e-02
4.751968681812286377e-01
3.732935738298692740e-09
5.777226874670304824e-08
1.514760404825210571e-01
1.623920053243637085e-01
6.407035142183303833e-02
9.474015980958938599e-02
7.977685891091823578e-04
9.373000264167785645e-02
1.929019242525100708e-01
1.559854000806808472e-01
2.008898258209228516e-01
1.945270180702209473e+00
7.742900401353836060e-02
9.914427995681762695e-02
2.015109211206436157e-01
9.196289628744125366e-02
9.306236356496810913e-02
1.810076385736465454e-01
7.353643741225823760e-05
6.217648461461067200e-02
4.785550534725189209e-01
3.732935738298692740e-09
5.777226874670304824e-08
1.122215688228607178e-01
1.171482428908348083e-01
4.945762827992439270e-02
1.572402566671371460e-01
2.640899037942290306e-03
7.951632142066955566e-02
2.894091308116912842e-01
2.540826797485351562e-01
2.306781858205795288e-01
3.666436195373535156e+00
1.681717187166213989e-01
9.094408899545669556e-02
3.267582654953002930e-01
8.088320493698120117e-02
8.085761219263076782e-02
3.942907750606536865e-01
6.769058381905779243e-05
4.539717361330986023e-02
4.900775849819183350e-01
3.732935738298692740e-09
5.777226874670304824e-08
4.443914070725440979e-02
4.993100464344024658e-02
2.432481944561004639e-02
1.917888373136520386e-01
1.637003035284578800e-03
7.320121675729751587e-02
1.530750095844268799e-01
1.225461736321449280e-01
2.240408658981323242e-01
2.308225393295288086e+00
6.375125795602798462e-02
1.169731914997100830e-01
1.322865337133407593e-01
1.102402433753013611e-01
1.087963581085205078e-01
1.029665693640708923e-01
6.079563172534108162e-05
3.526997193694114685e-02
5.258775353431701660e-01
3.732935738298692740e-09
5.777226874670304824e-08
1.717443577945232391e-02
1.402994617819786072e-02
6.554739084094762802e-03
2.254855632781982422e-01
1.210411544889211655e-03
2.424144186079502106e-02
7.805007696151733398e-02
7.978959381580352783e-02
4.187230169773101807e-01
3.274697363376617432e-01
2.867394126951694489e-02
3.497320041060447693e-02
4.823220893740653992e-02
3.546173498034477234e-02
3.671533241868019104e-02
1.026945337653160095e-01
4.659645492210984230e-05
3.493562340736389160e-02
4.202257096767425537e-01
3.732935738298692740e-09
5.777226874670304824e-08
1.340406853705644608e-02
1.508272532373666763e-02
2.270184690132737160e-03
1.210079565644264221e-01
4.651455674320459366e-04
6.081871315836906433e-02
2.699099294841289520e-02
1.919181272387504578e-02
6.732563674449920654e-02
3.469868376851081848e-02
1.179700810462236404e-02
2.804808318614959717e-02
1.515053212642669678e-02
3.245394304394721985e-02
3.342323377728462219e-02
3.327769413590431213e-02
4.054391683894209564e-05
7.814566791057586670e-02
3.452180922031402588e-01
3.732935738298692740e-09
5.777226874670304824e-08
3.302459046244621277e-02
1.826227270066738129e-02
4.235626664012670517e-03
2.712130360305309296e-02
3.073415427934378386e-04
1.072691902518272400e-01
3.240523487329483032e-02
1.956800930202007294e-02
8.221685886383056641e-02
5.390335619449615479e-02
1.339284051209688187e-02
4.644532874226570129e-02
6.626967806369066238e-03
4.127918928861618042e-02
4.136070981621742249e-02
1.854924671351909637e-02
4.864267611992545426e-05
2.885715477168560028e-02
1.574556976556777954e-01
3.732935738298692740e-09
5.777226874670304824e-08
5.177187919616699219e-02
1.956678740680217743e-02
1.396306138485670090e-02
1.723895408213138580e-02
3.896925190929323435e-04
1.147079840302467346e-01
3.737434744834899902e-02
3.008688427507877350e-02
1.893081516027450562e-01
8.165942877531051636e-02
3.580676391720771790e-03
9.862497448921203613e-02
1.431005913764238358e-02
7.598216086626052856e-02
7.797960191965103149e-02
4.022648558020591736e-02
5.378282730816863477e-05
3.687646612524986267e-02
1.320430189371109009e-01
3.732935738298692740e-09
5.777226874670304824e-08
6.580691784620285034e-02
3.472783789038658142e-02
2.222096733748912811e-02
1.340436097234487534e-02
1.336143235675990582e-03
8.067462593317031860e-02
3.372214734554290771e-02
3.682405874133110046e-02
8.438316732645034790e-02
2.210969179868698120e-01
1.154750864952802658e-02
3.570728749036788940e-02
3.170023486018180847e-02
2.930620312690734863e-02
2.999113500118255615e-02
3.973642364144325256e-02
5.671789040206931531e-05
3.760238736867904663e-02
1.189162507653236389e-01
3.732935738298692740e-09
5.777226874670304824e-08
8.208244293928146362e-02
7.107180356979370117e-02
3.181682154536247253e-02
1.915229670703411102e-02
4.835241416003555059e-04
1.320027559995651245e-01
8.700951188802719116e-02
1.101845428347587585e-01
1.899936608970165253e-02
2.949979603290557861e-01
4.396683350205421448e-02
4.204412922263145447e-03
6.323126703500747681e-02
2.973739989101886749e-03
2.980406628921627998e-03
1.112314686179161072e-01
4.121363235753960907e-05
3.780454024672508240e-02
1.411341875791549683e-01
3.732935738298692740e-09
5.777226874670304824e-08
7.746157050132751465e-02
5.636149644851684570e-02
3.530389070510864258e-02
4.089326784014701843e-02
6.427249754779040813e-04
1.057382225990295410e-01
1.121999397873878479e-01
1.364929527044296265e-01
1.356348115950822830e-02
4.667531549930572510e-01
6.656742841005325317e-02
4.277161788195371628e-03
1.227603182196617126e-01
3.817247226834297180e-03
4.092322196811437607e-03
1.507221460342407227e-01
4.396203439682722092e-05
3.745855018496513367e-02
1.204606294631958008e-01
3.732935738298692740e-09
5.777226874670304824e-08
8.568489551544189453e-02
4.272289946675300598e-02
2.791551314294338226e-02
8.143630623817443848e-02
1.394334831275045872e-03
7.377589493989944458e-02
1.643670201301574707e-01
2.053273320198059082e-01
1.304955501109361649e-02
5.597891211509704590e-01
9.668873995542526245e-02
4.302597139030694962e-03
2.031465321779251099e-01
4.336276557296514511e-03
4.572511184960603714e-03
2.706410586833953857e-01
6.141271296655759215e-05
4.733489081263542175e-02
2.249674052000045776e-01
3.732935738298692740e-09
5.777226874670304824e-08
6.840854138135910034e-02
4.575553536415100098e-02
2.158399485051631927e-02
1.134961619973182678e-01
1.164868008345365524e-03
7.692405581474304199e-02
1.722093820571899414e-01
1.983938366174697876e-01
2.455424517393112183e-02
5.314944982528686523e-01
9.924367815256118774e-02
8.836518041789531708e-03
2.115002423524856567e-01
9.238371625542640686e-03
9.433705359697341919e-03
2.895554304122924805e-01
7.376344728982076049e-05
4.631448909640312195e-02
3.062427043914794922e-01
3.732935738298692740e-09
5.777226874670304824e-08
8.236589282751083374e-02
6.634011864662170410e-02
3.175698593258857727e-02
1.765815019607543945e-01
7.420144975185394287e-04
1.159646287560462952e-01
2.311045527458190918e-01
2.566820085048675537e-01
3.310154750943183899e-02
6.513485312461853027e-01
1.264872997999191284e-01
1.643375121057033539e-02
2.167605608701705933e-01
1.874430291354656219e-02
1.772560365498065948e-02
3.391235172748565674e-01
6.972644041525200009e-05
5.285298451781272888e-02
3.985664844512939453e-01
3.732935738298692740e-09
5.777226874670304824e-08
9.802713245153427124e-02
9.036479145288467407e-02
4.477578401565551758e-02
1.854786723852157593e-01
6.505536730401217937e-04
1.247317716479301453e-01
1.893351823091506958e-01
2.221869975328445435e-01
1.792264729738235474e-01
5.231176614761352539e-01
1.096404716372489929e-01
1.633176393806934357e-02
2.420418709516525269e-01
1.719927787780761719e-02
1.746225170791149139e-02
2.150681465864181519e-01
7.284397725015878677e-05
6.016559526324272156e-02
3.180290162563323975e-01
3.732935738298692740e-09
5.777226874670304824e-08
1.317843943834304810e-01
1.156651377677917480e-01
5.378476902842521667e-02
2.181551903486251831e-01
8.213500841520726681e-04
1.356804966926574707e-01
2.054675817489624023e-01
2.331587076187133789e-01
1.553806811571121216e-01
5.655108094215393066e-01
9.843361377716064453e-02
1.092094406485557556e-01
2.163172215223312378e-01
1.066639050841331482e-01
1.090412363409996033e-01
2.323433011770248413e-01
6.968933303141966462e-05
5.326682329177856445e-02
3.629033565521240234e-01
3.732935738298692740e-09
5.777226874670304824e-08
9.112418442964553833e-02
8.717319369316101074e-02
3.507268801331520081e-02
1.275609880685806274e-01
1.212412142194807529e-03
8.503394573926925659e-02
1.768490672111511230e-01
1.962810009717941284e-01
1.559809446334838867e-01
7.047395706176757812e-01
1.028401255607604980e-01
2.481187880039215088e-02
2.111918926239013672e-01
1.210036408156156540e-02
1.210776343941688538e-02
3.152906596660614014e-01
6.496467540273442864e-05
5.437331274151802063e-02
6.233706474304199219e-01
3.732935738298692740e-09
5.777226874670304824e-08
7.381009310483932495e-02
5.571720376610755920e-02
2.779859490692615509e-02
1.215897798538208008e-01
1.043849508278071880e-03
2.967610396444797516e-02
2.354025393724441528e-01
2.696161568164825439e-01
3.778067603707313538e-02
9.951295852661132812e-01
1.311933696269989014e-01
1.463571190834045410e-02
2.510075271129608154e-01
1.530335843563079834e-02
1.493742782622575760e-02
4.543073177337646484e-01
6.634554301854223013e-05
5.642398074269294739e-02
4.086391925811767578e-01
3.732935738298692740e-09
5.777226874670304824e-08
1.716517359018325806e-01
1.049704179167747498e-01
6.535639613866806030e-02
2.331450432538986206e-01
9.446527692489326000e-04
5.437989905476570129e-02
4.680036008358001709e-01
5.257503390312194824e-01
2.688771784305572510e-01
1.278146266937255859e+00
2.369888871908187866e-01
1.705852895975112915e-02
3.204636275768280029e-01
2.144046872854232788e-02
2.796361781656742096e-02
1.045220851898193359e+00
6.087093424866907299e-05
5.536928772926330566e-02
3.535772562026977539e-01
3.732935738298692740e-09
5.777226874670304824e-08
3.852631747722625732e-01
2.888459265232086182e-01
1.316081732511520386e-01
3.949024379253387451e-01
6.032266537658870220e-04
1.298872679471969604e-01
5.212064385414123535e-01
5.260483622550964355e-01
3.229330107569694519e-02
1.606039404869079590e+00
2.547031044960021973e-01
1.705337129533290863e-02
3.876579701900482178e-01
1.824319548904895782e-02
1.776185631752014160e-02
9.963769316673278809e-01
5.955737651675008237e-05
5.721470713615417480e-02
3.334777653217315674e-01
3.732935738298692740e-09
5.777226874670304824e-08
4.916851520538330078e-01
3.831308782100677490e-01
2.031182795763015747e-01
6.236371397972106934e-01
8.581173024140298367e-04
1.241903677582740784e-01
4.311857521533966064e-01
4.702909886837005615e-01
4.244507849216461182e-01
1.912413120269775391e+00
2.618570327758789062e-01
1.853032112121582031e-01
4.331639111042022705e-01
1.711776703596115112e-01
1.709131747484207153e-01
5.633587241172790527e-01
5.983822848065756261e-05
5.357089638710021973e-02
3.512950837612152100e-01
3.732935738298692740e-09
5.777226874670304824e-08
7.617808133363723755e-02
1.124270334839820862e-01
8.479384332895278931e-02
4.225220382213592529e-01
2.425618236884474754e-03
7.177787274122238159e-02
2.910617589950561523e-01
3.390007317066192627e-01
6.716000288724899292e-02
2.316660165786743164e+00
1.946416497230529785e-01
3.092352114617824554e-02
5.033558011054992676e-01
1.506568863987922668e-02
1.505146455019712448e-02
4.598669707775115967e-01
5.751475691795349121e-05
5.841966345906257629e-02
3.628574907779693604e-01
3.732935738298692740e-09
5.777226874670304824e-08
3.211643174290657043e-02
3.328509628772735596e-02
1.736115291714668274e-02
2.256795018911361694e-01
4.092304501682519913e-03
2.733700163662433624e-02
1.437069624662399292e-01
1.658427864313125610e-01
6.699106842279434204e-02
8.151417374610900879e-01
1.409791260957717896e-01
3.264993801712989807e-02
2.636131942272186279e-01
3.232349455356597900e-02
3.304215520620346069e-02
1.659457385540008545e-01
6.875614781165495515e-05
6.121819093823432922e-02
3.770190775394439697e-01
3.732935738298692740e-09
5.777226874670304824e-08
6.139786541461944580e-02
6.858909130096435547e-02
3.751419857144355774e-02
1.411801427602767944e-01
2.398822922259569168e-03
3.192414296790957451e-03
1.150035038590431213e-01
1.167678609490394592e-01
2.797134779393672943e-02
5.881815552711486816e-01
8.509409427642822266e-02
1.143312547355890274e-02
1.805394738912582397e-01
4.697463940829038620e-03
4.751883447170257568e-03
1.672081202268600464e-01
2.056464436464011669e-04
8.331777900457382202e-02
3.802133798599243164e-01
3.732935738298692740e-09
5.777226874670304824e-08
9.868621081113815308e-02
1.099871024489402771e-01
4.663776233792304993e-02
1.232268288731575012e-01
1.358182984404265881e-03
5.987394135445356369e-03
3.069235682487487793e-01
1.004672050476074219e-01
1.528465747833251953e-02
1.785434365272521973e+00
1.711815148591995239e-01
8.006206713616847992e-03
4.605633020401000977e-01
7.549181580543518066e-03
7.617441471666097641e-03
5.450438261032104492e-01
5.055752626503817737e-05
4.958675801753997803e-02
4.028786122798919678e-01
3.732935738298692740e-09
5.777226874670304824e-08
1.594643443822860718e-01
1.494434028863906860e-01
6.296866387128829956e-02
1.013364568352699280e-01
3.450163931120187044e-04
1.095390296541154385e-03
2.463452816009521484e-01
2.121616750955581665e-01
3.963768854737281799e-02
1.982368946075439453e+00
1.433864831924438477e-01
1.909120194613933563e-02
3.969739377498626709e-01
1.776797883212566376e-02
1.806012541055679321e-02
3.389717638492584229e-01
5.830064765177667141e-05
7.595958560705184937e-02
4.219753742218017578e-01
3.732935738298692740e-09
5.777226874670304824e-08
9.324872493743896484e-02
9.028729051351547241e-02
4.353593662381172180e-02
1.185256242752075195e-01
4.795465210918337107e-04
8.635902777314186096e-04
3.215734064579010010e-01
2.959491014480590820e-01
9.458201378583908081e-02
3.309545516967773438e+00
2.313232421875000000e-01
4.545195400714874268e-02
7.735404968261718750e-01
4.222624003887176514e-02
4.333487153053283691e-02
5.696710944175720215e-01
4.730058935820125043e-05
4.876963794231414795e-02
4.244180619716644287e-01
3.732935738298692740e-09
5.777226874670304824e-08
3.242941200733184814e-02
3.916822746396064758e-02
1.998387835919857025e-02
2.159533053636550903e-01
4.120111407246440649e-04
1.958438567817211151e-02
4.182477295398712158e-01
3.513219058513641357e-01
1.467190831899642944e-01
2.403726577758789062e+00
3.291532695293426514e-01
7.267244160175323486e-02
6.878196597099304199e-01
8.797023445367813110e-02
7.066297531127929688e-02
8.233458399772644043e-01
4.934321987093426287e-05
9.966998547315597534e-02
4.011451303958892822e-01
3.732935738298692740e-09
5.777226874670304824e-08
1.955194771289825439e-02
1.039283536374568939e-02
6.119005382061004639e-03
4.084962308406829834e-01
5.137029220350086689e-04
2.709157019853591919e-02
2.809940278530120850e-02
3.114773333072662354e-02
2.312014549970626831e-01
1.985162645578384399e-01
3.682867810130119324e-02
1.174098476767539978e-01
1.004583537578582764e-01
1.741808652877807617e-01
1.773316860198974609e-01
1.953254938125610352e-01
4.262344373273663223e-05
5.346523225307464600e-02
3.476959168910980225e-01
3.732935738298692740e-09
5.777226874670304824e-08
2.214962802827358246e-02
1.357494294643402100e-02
2.622287021949887276e-03
2.066202312707901001e-01
3.355676599312573671e-04
1.923831179738044739e-03
2.087089419364929199e-02
2.198086492717266083e-02
5.758674070239067078e-02
9.312963485717773438e-02
2.055923454463481903e-02
3.051492618396878242e-03
2.248168550431728363e-02
2.249486045911908150e-03
5.028408020734786987e-03
1.014135219156742096e-02
3.456633930909447372e-05
4.291808605194091797e-02
2.204806804656982422e-01
3.732935738298692740e-09
5.777226874670304824e-08
2.034126408398151398e-02
1.940487138926982880e-02
2.796877175569534302e-03
2.843820117413997650e-02
5.056595546193420887e-04
2.675893483683466911e-03
5.435619037598371506e-03
1.924407482147216797e-02
2.927455352619290352e-03
3.969091549515724182e-02
4.837599117308855057e-03
1.341145136393606663e-03
6.030960474163293839e-03
1.501780585385859013e-03
1.520725549198687077e-03
7.690854836255311966e-03
3.706538336700759828e-05
4.024076461791992188e-02
2.040749341249465942e-01
3.732935738298692740e-09
5.777226874670304824e-08
1.727628149092197418e-02
9.429927915334701538e-03
5.118580535054206848e-03
6.922886241227388382e-03
4.838279855903238058e-04
5.986596224829554558e-04
3.956750500947237015e-03
3.166745649650692940e-03
7.924496196210384369e-03
3.011601231992244720e-02
2.146053127944469452e-03
1.757781207561492920e-02
2.761275740340352058e-03
1.542219426482915878e-02
1.614399999380111694e-02
4.046518355607986450e-02
3.688993820105679333e-05
4.449516534805297852e-02
2.572518885135650635e-01
3.732935738298692740e-09
5.777226874670304824e-08
2.138879336416721344e-02
1.371931564062833786e-02
1.003016158938407898e-02
1.122791785746812820e-02
2.391069196164608002e-03
4.952325485646724701e-03
2.480773441493511200e-02
5.409403517842292786e-02
1.131228078156709671e-02
7.351978123188018799e-02
4.551361314952373505e-03
2.396994503214955330e-03
7.127795368432998657e-03
2.291459590196609497e-03
2.356474986299872398e-03
4.079144075512886047e-02
3.482365355012007058e-05
4.576208069920539856e-02
2.863477766513824463e-01
3.732935738298692740e-09
5.777226874670304824e-08
2.837583981454372406e-02
2.195025980472564697e-02
1.612964831292629242e-02
4.640825558453798294e-03
6.285753916017711163e-04
5.601589754223823547e-02
1.060675978660583496e-01
1.113914847373962402e-01
1.561248395591974258e-02
3.356385231018066406e-01
3.795030340552330017e-02
6.902924273163080215e-03
3.193800151348114014e-02
6.178661715239286423e-03
6.189498584717512131e-03
9.285208582878112793e-02
3.457440834608860314e-05
4.334183409810066223e-02
2.686628401279449463e-01
3.732935738298692740e-09
5.777226874670304824e-08
3.123773448169231415e-02
2.459608577191829681e-02
1.916501484811306000e-02
1.444716751575469971e-02
6.256197229959070683e-04
8.350284770131111145e-03
5.754892900586128235e-02
6.405165046453475952e-02
5.408668424934148788e-03
1.968067139387130737e-01
3.015741705894470215e-02
3.468489507213234901e-03
6.653035432100296021e-02
3.259292803704738617e-03
3.438594751060009003e-03
5.146548524498939514e-02
3.973830825998447835e-05
4.932225868105888367e-02
2.891827225685119629e-01
3.732935738298692740e-09
5.777226874670304824e-08
4.264529421925544739e-02
2.502900920808315277e-02
1.720224507153034210e-02
4.821702837944030762e-02
4.650596238207072020e-04
9.880529716610908508e-03
6.009231135249137878e-02
6.899819523096084595e-02
8.391452021896839142e-03
1.647307276725769043e-01
2.751930616796016693e-02
5.344382021576166153e-03
5.252579972147941589e-02
5.178562831133604050e-03
5.232295487076044083e-03
1.414575427770614624e-01
4.899460691376589239e-05
5.750618875026702881e-02
4.008795022964477539e-01
3.732935738298692740e-09
5.777226874670304824e-08
7.035620510578155518e-02
3.475604578852653503e-02
1.872089691460132599e-02
5.213728174567222595e-02
7.585100247524678707e-04
3.275404917076230049e-03
1.038621887564659119e-01
9.560313075780868530e-02
2.014070376753807068e-02
1.202945187687873840e-01
4.463103413581848145e-02
9.092811495065689087e-03
7.869713753461837769e-02
8.865190669894218445e-03
9.060916490852832794e-03
9.030672907829284668e-02
4.967677887179888785e-05
5.017197132110595703e-02
5.679175853729248047e-01
3.732935738298692740e-09
5.777226874670304824e-08
8.673366904258728027e-02
6.305281072854995728e-02
2.917208708822727203e-02
6.098222732543945312e-02
7.672974024899303913e-04
2.905410481616854668e-03
1.105419024825096130e-01
9.186036139726638794e-02
1.174677815288305283e-02
2.370498627424240112e-01
5.135573819279670715e-02
6.362991407513618469e-03
4.700914025306701660e-02
6.490500178188085556e-03
6.441121920943260193e-03
7.048175483942031860e-02
5.415296254795975983e-05
6.075983121991157532e-02
7.240468859672546387e-01
3.732935738298692740e-09
5.777226874670304824e-08
1.090519428253173828e-01
9.864047914743423462e-02
5.045391619205474854e-02
5.143042281270027161e-02
3.630616702139377594e-04
2.121591940522193909e-03
6.031294539570808411e-02
5.983772873878479004e-02
2.564465999603271484e-02
2.148981094360351562e-01
4.545317590236663818e-02
7.347605656832456589e-03
4.873197153210639954e-02
7.537146564573049545e-03
7.621888536959886551e-03
7.459053397178649902e-02
5.801214138045907021e-05
5.440680682659149170e-02
6.703259348869323730e-01
3.732935738298692740e-09
5.777226874670304824e-08
1.913441866636276245e-01
1.348532289266586304e-01
6.013333797454833984e-02
8.958254009485244751e-02
9.693514439277350903e-04
2.460426185280084610e-03
5.763296410441398621e-02
6.077499315142631531e-02
1.353648751974105835e-01
2.077318429946899414e-01
2.180071175098419189e-02
7.819775491952896118e-02
2.852351032197475433e-02
7.580199092626571655e-02
7.664566487073898315e-02
1.055647507309913635e-01
4.202450872980989516e-05
5.671278759837150574e-02
7.459028363227844238e-01
3.732935738298692740e-09
5.777226874670304824e-08
1.218244656920433044e-01
1.003192067146301270e-01
3.628255799412727356e-02
6.230205669999122620e-02
3.622908843681216240e-04
4.074949771165847778e-03
7.250433415174484253e-02
7.888517528772354126e-02
2.302617579698562622e-01
2.370988875627517700e-01
3.069630451500415802e-02
1.166267767548561096e-01
3.501884639263153076e-02
1.121912822127342224e-01
1.142092347145080566e-01
6.872601062059402466e-02
4.541202724794857204e-05
7.382807880640029907e-02
6.552379131317138672e-01
3.732935738298692740e-09
5.777226874670304824e-08
4.706847667694091797e-02
5.014937743544578552e-02
2.313444949686527252e-02
1.257580518722534180e-01
3.814390802290290594e-04
2.559347543865442276e-03
1.004498228430747986e-01
9.926965087652206421e-02
4.195893928408622742e-02
3.189796209335327148e-01
3.839683160185813904e-02
2.355982363224029541e-02
3.934918716549873352e-02
2.602387219667434692e-02
2.547061443328857422e-02
1.202967390418052673e-01
4.644920772989280522e-05
6.898216158151626587e-02
6.999766230583190918e-01
3.732935738298692740e-09
5.777226874670304824e-08
8.572804927825927734e-02
8.661093562841415405e-02
4.355564340949058533e-02
6.919971853494644165e-02
5.713646532967686653e-04
2.485437085852026939e-03
2.906934916973114014e-01
1.947190314531326294e-01
5.979377031326293945e-02
4.451791346073150635e-01
1.149550750851631165e-01
2.685832977294921875e-02
5.884782969951629639e-02
4.370847344398498535e-02
4.409395530819892883e-02
3.817540109157562256e-01
3.836265750578604639e-05
6.636055558919906616e-02
6.911967396736145020e-01
3.732935738298692740e-09
5.777226874670304824e-08
2.068304419517517090e-01
1.941118985414505005e-01
9.313329309225082397e-02
1.500609368085861206e-01
1.017294707708060741e-03
4.535903688520193100e-03
3.308392763137817383e-01
3.920513093471527100e-01
5.597705766558647156e-02
5.757975578308105469e-01
1.376042515039443970e-01
6.492294371128082275e-02
1.269888877868652344e-01
6.753239780664443970e-02
6.672594696283340454e-02
3.761757314205169678e-01
4.517748675425536931e-05
5.119007825851440430e-02
6.674825549125671387e-01
3.732935738298692740e-09
5.777226874670304824e-08
3.077041804790496826e-01
2.809441089630126953e-01
1.418299227952957153e-01
3.306027948856353760e-01
7.967879646457731724e-04
1.133521180599927902e-02
3.147129118442535400e-01
2.809673249721527100e-01
3.298757076263427734e-01
6.235484480857849121e-01
1.628714948892593384e-01
1.733011752367019653e-01
1.644528359174728394e-01
1.620459705591201782e-01
1.616464704275131226e-01
2.719956338405609131e-01
4.069815622642636299e-05
5.186858400702476501e-02
6.836991310119628906e-01
3.732935738298692740e-09
5.777226874670304824e-08
1.399726122617721558e-01
1.215063929557800293e-01
8.234427124261856079e-02
1.971304267644882202e-01
1.166138215921819210e-03
1.035756245255470276e-02
1.754888296127319336e-01
1.971528679132461548e-01
2.829057276248931885e-01
4.841090142726898193e-01
1.103979647159576416e-01
1.548042148351669312e-01
1.517103761434555054e-01
1.436203718185424805e-01
1.441390067338943481e-01
2.085912227630615234e-01
4.220316259306855500e-05
7.134850323200225830e-02
6.515210270881652832e-01
3.732935738298692740e-09
5.777226874670304824e-08
4.252922534942626953e-02
3.991767764091491699e-02
2.196549810469150543e-02
1.479460000991821289e-01
1.138558494858443737e-03
7.089432794600725174e-03
8.649462461471557617e-02
1.088770031929016113e-01
6.276796013116836548e-02
4.257630407810211182e-01
7.781997323036193848e-02
4.454352334141731262e-02
1.312598139047622681e-01
4.917173460125923157e-02
4.956963658332824707e-02
1.382789611816406250e-01
4.461630669538863003e-05
6.174339726567268372e-02
6.829276680946350098e-01
3.732935738298692740e-09
5.777226874670304824e-08
7.548850774765014648e-02
5.302521586418151855e-02
2.916050516068935394e-02
9.036844968795776367e-02
9.009402128867805004e-04
3.998138010501861572e-03
8.539193868637084961e-02
4.709096625447273254e-02
1.277051866054534912e-02
6.262366175651550293e-01
2.449020743370056152e-02
1.208716537803411484e-02
1.110019385814666748e-01
1.190319377928972244e-02
1.220452133566141129e-02
1.214741468429565430e-01
4.564221671898849308e-05
6.285522133111953735e-02
6.522121429443359375e-01
3.732935738298692740e-09
5.777226874670304824e-08
1.018509790301322937e-01
9.612954407930374146e-02
4.269732534885406494e-02
5.418177321553230286e-02
1.038758899085223675e-03
2.218735404312610626e-03
9.578593820333480835e-02
4.146917536854743958e-02
2.255394123494625092e-02
1.186869263648986816e+00
3.148554638028144836e-02
1.863589882850646973e-02
1.523596495389938354e-01
1.201921422034502029e-02
1.894370280206203461e-02
2.517207562923431396e-01
3.674111212603747845e-05
3.997879847884178162e-02
6.192455887794494629e-01
3.732935738298692740e-09
5.777226874670304824e-08
1.560846418142318726e-01
1.530410349369049072e-01
6.219430640339851379e-02
4.745427891612052917e-02
2.343234373256564140e-03
8.641262538731098175e-03
1.336971372365951538e-01
1.404018849134445190e-01
4.991070926189422607e-02
1.632840514183044434e+00
9.501510113477706909e-02
2.814203314483165741e-02
2.190909981727600098e-01
4.097204282879829407e-02
4.058052971959114075e-02
2.563197910785675049e-01
3.884518810082226992e-05
4.526287689805030823e-02
6.385303139686584473e-01
3.732935738298692740e-09
5.777226874670304824e-08
9.754544496536254883e-02
9.838978201150894165e-02
4.760255292057991028e-02
1.379250884056091309e-01
2.265244489535689354e-03
1.694595813751220703e-02
1.168957948684692383e-01
1.153935417532920837e-01
7.197999209165573120e-02
2.844015121459960938e+00
9.110581874847412109e-02
2.520574629306793213e-02
2.825443446636199951e-01
3.240823373198509216e-02
3.279584646224975586e-02
3.103750944137573242e-01
4.088670903001911938e-05
3.987203538417816162e-02
6.166641712188720703e-01
3.732935738298692740e-09
5.777226874670304824e-08
3.929415717720985413e-02
4.067118838429450989e-02
2.106091938912868500e-02
1.663942188024520874e-01
2.529336605221033096e-03
6.828274112194776535e-03
5.193855240941047668e-02
5.415335297584533691e-02
8.066819608211517334e-02
2.265823602676391602e+00
4.446732997894287109e-02
4.404782876372337341e-02
1.405307501554489136e-01
3.661075606942176819e-02
7.683975994586944580e-02
1.847558766603469849e-01
3.614870001911185682e-05
4.660871624946594238e-02
5.171996951103210449e-01
3.732935738298692740e-09
5.777226874670304824e-08
9.285699576139450073e-03
9.992827661335468292e-03
2.941954880952835083e-03
9.469421952962875366e-02
1.932359882630407810e-03
5.927397403866052628e-03
1.924569532275199890e-02
3.022291325032711029e-02
1.356741935014724731e-01
3.609305918216705322e-01
1.339532900601625443e-02
1.164938881993293762e-02
4.556655883789062500e-02
7.185530662536621094e-02
7.298070192337036133e-02
1.184843778610229492e-01
3.629039201769046485e-05
3.604269027709960938e-02
4.851445257663726807e-01
3.732935738298692740e-09
5.777226874670304824e-08
6.715696305036544800e-03
1.019146759063005447e-02
2.040751511231064796e-03
2.306381799280643463e-02
1.505526364780962467e-03
2.025992842391133308e-03
1.850084774196147919e-02
1.911509037017822266e-02
5.210444331169128418e-02
5.726183578372001648e-02
6.617052946239709854e-03
9.278459474444389343e-03
1.328828185796737671e-02
2.410247735679149628e-02
2.632699720561504364e-02
5.461768433451652527e-02
4.600296961143612862e-05
5.049064755439758301e-02
7.061476707458496094e-01
3.732935738298692740e-09
5.777226874670304824e-08
8.043419569730758667e-03
1.077214349061250687e-02
2.250525634735822678e-03
1.727875880897045135e-02
1.436776481568813324e-03
1.830194145441055298e-03
1.814222335815429688e-02
1.801532320678234100e-02
2.343375049531459808e-02
8.346446603536605835e-02
7.776396814733743668e-03
1.781851425766944885e-02
1.950504817068576813e-02
3.347132354974746704e-03
3.281392157077789307e-03
6.259003281593322754e-02
2.380836849624756724e-05
3.176366165280342102e-02
3.619967997074127197e-01
3.732935738298692740e-09
5.777226874670304824e-08
1.586028747260570526e-02
1.076130475848913193e-02
1.221955940127372742e-02
4.472191911190748215e-03
2.371988957747817039e-03
3.167861141264438629e-03
2.557170949876308441e-02
2.440848387777805328e-02
2.251144684851169586e-02
2.522580623626708984e-01
7.649943232536315918e-03
1.368284318596124649e-02
3.975529596209526062e-02
1.634422130882740021e-02
1.719882898032665253e-02
4.285290837287902832e-02
3.070845923502929509e-05
3.253864869475364685e-02
3.204341232776641846e-01
3.732935738298692740e-09
5.777226874670304824e-08
3.969633951783180237e-02
3.137918561697006226e-02
2.447849698364734650e-02
6.492883432656526566e-03
2.043027663603425026e-03
9.275775402784347534e-03
2.877747453749179840e-02
2.037309855222702026e-02
5.479320511221885681e-02
2.529052197933197021e-01
9.516657330095767975e-03
1.480426173657178879e-02
4.128453508019447327e-02
1.378336828202009201e-02
1.397709548473358154e-02
4.955637827515602112e-02
9.525902714813128114e-05
6.740207225084304810e-02
4.047648012638092041e-01
3.732935738298692740e-09
5.777226874670304824e-08
5.646393820643424988e-02
5.509875342249870300e-02
4.335728287696838379e-02
1.753541058860719204e-03
2.593874698504805565e-03
2.425866900011897087e-03
7.043036166578531265e-03
7.207097951322793961e-03
4.571836069226264954e-02
3.302539587020874023e-01
3.142730565741658211e-03
3.021261654794216156e-02
3.384959325194358826e-02
2.910841442644596100e-02
2.807404659688472748e-02
1.424929220229387283e-02
1.976336498046293855e-04
1.150282323360443115e-01
5.263271927833557129e-01
3.732935738298692740e-09
5.777226874670304824e-08
6.595926731824874878e-02
6.352021545171737671e-02
5.318291485309600830e-02
1.636890810914337635e-03
2.254553604871034622e-03
1.818478223867714405e-03
9.095066227018833160e-03
7.614911999553442001e-03
4.794781282544136047e-02
3.718756139278411865e-01
8.422527462244033813e-03
3.156028687953948975e-02
5.011148750782012939e-02
2.919267676770687103e-02
2.955351769924163818e-02
1.222279760986566544e-02
3.382137510925531387e-04
1.918339729309082031e-01
6.898614764213562012e-01
3.732935738298692740e-09
5.777226874670304824e-08
7.470968365669250488e-02
6.189153715968132019e-02
5.321485176682472229e-02
8.519715629518032074e-03
2.271963050588965416e-03
2.407981315627694130e-03
5.593979358673095703e-02
3.305588662624359131e-02
7.246547192335128784e-02
4.055216610431671143e-01
1.893839426338672638e-02
4.726440086960792542e-02
8.544450253248214722e-02
4.432240128517150879e-02
4.448589682579040527e-02
5.809443071484565735e-02
4.807267396245151758e-04
2.327627688646316528e-01
7.320999503135681152e-01
3.732935738298692740e-09
5.777226874670304824e-08
7.795643806457519531e-02
6.867896765470504761e-02
4.406023025512695312e-02
8.486814796924591064e-03
2.703072736039757729e-03
2.164215082302689552e-03
1.416074857115745544e-02
1.504526752978563309e-02
6.352833658456802368e-02
5.819960236549377441e-01
1.348172128200531006e-02
4.501076415181159973e-02
7.650844007730484009e-02
4.270392283797264099e-02
4.338282346725463867e-02
1.813672482967376709e-02
4.728525236714631319e-04
2.447557449340820312e-01
8.417385220527648926e-01
3.732935738298692740e-09
5.777226874670304824e-08
9.257509559392929077e-02
8.175583183765411377e-02
5.071653053164482117e-02
8.418626151978969574e-03
4.269669298082590103e-03
5.069014150649309158e-03
4.132624715566635132e-02
4.514004662632942200e-02
7.566475123167037964e-02
5.332683920860290527e-01
2.163656614720821381e-02
4.676051065325737000e-02
9.905934333801269531e-02
4.471030831336975098e-02
4.500031471252441406e-02
2.155903726816177368e-02
4.531180311460047960e-04
2.511995732784271240e-01
8.697956204414367676e-01
3.732935738298692740e-09
5.777226874670304824e-08
1.174248680472373962e-01
1.041778549551963806e-01
6.183515861630439758e-02
4.540994763374328613e-02
5.420027766376733780e-03
9.067052043974399567e-03
5.122672393918037415e-02
4.930593445897102356e-02
2.609364688396453857e-01
9.093030095100402832e-01
3.384537622332572937e-02
6.957335025072097778e-02
9.285231679677963257e-02
6.415171176195144653e-02
6.630377471446990967e-02
7.316008955240249634e-02
5.052806227467954159e-04
2.551732063293457031e-01
9.822824597358703613e-01
3.732935738298692740e-09
5.777226874670304824e-08
1.689523011445999146e-01
1.470991820096969604e-01
7.350134849548339844e-02
6.276676803827285767e-02
5.270513240247964859e-03
1.450489833950996399e-02
1.917423456907272339e-01
1.861988455057144165e-01
1.817908287048339844e-01
1.006167292594909668e+00
1.021997928619384766e-01
1.020427420735359192e-01
2.083348482847213745e-01
9.832403063774108887e-02
1.005320921540260315e-01
2.298884540796279907e-01
4.947549314238131046e-04
2.745409905910491943e-01
9.531728625297546387e-01
3.732935738298692740e-09
5.777226874670304824e-08
1.257410645484924316e-01
1.126948818564414978e-01
5.725228786468505859e-02
1.182324513792991638e-01
6.796495523303747177e-03
9.345178492367267609e-03
1.465348452329635620e-01
1.608067899942398071e-01
3.092007339000701904e-01
6.430611014366149902e-01
1.037076488137245178e-01
1.807687729597091675e-01
1.980659216642379761e-01
1.749183982610702515e-01
1.753412932157516479e-01
1.161251962184906006e-01
5.131943034939467907e-04
2.672206163406372070e-01
1.009721636772155762e+00
3.732935738298692740e-09
5.777226874670304824e-08
9.331893920898437500e-02
8.035145699977874756e-02
5.202341079711914062e-02
2.708548307418823242e-01
7.082244846969842911e-03
2.165122330188751221e-02
6.824487447738647461e-02
6.270312517881393433e-02
2.511976063251495361e-01
2.697318494319915771e-01
1.465260237455368042e-02
1.471654027700424194e-01
7.979276031255722046e-02
1.437597125768661499e-01
1.436554342508316040e-01
1.867168582975864410e-02
4.630314360838383436e-04
2.421075850725173950e-01
1.146198630332946777e+00
3.732935738298692740e-09
5.777226874670304824e-08
1.474424153566360474e-01
1.170982420444488525e-01
8.237924426794052124e-02
8.409019559621810913e-02
6.711076479405164719e-03
1.722755841910839081e-02
4.173627868294715881e-02
2.206233702600002289e-02
1.772793084383010864e-01
1.797249764204025269e-01
6.532872561365365982e-03
9.702577441930770874e-02
3.935095667839050293e-02
4.464269801974296570e-02
4.448078200221061707e-02
1.544992346316576004e-02
5.011199391447007656e-04
3.078862428665161133e-01
1.299763560295104980e+00
3.732935738298692740e-09
5.777226874670304824e-08
2.990314066410064697e-01
2.637628614902496338e-01
1.513331681489944458e-01
3.093956597149372101e-02
8.447788655757904053e-03
1.213226001709699631e-02
3.108944185078144073e-02
2.693642117083072662e-02
2.545185983180999756e-01
9.976673126220703125e-02
6.306370254606008530e-03
1.160349473357200623e-01
2.018778771162033081e-02
9.577397257089614868e-02
9.804213047027587891e-02
6.252712756395339966e-02
4.878584586549550295e-04
2.969156801700592041e-01
1.190112113952636719e+00
3.732935738298692740e-09
5.777226874670304824e-08
3.833416700363159180e-01
3.421442508697509766e-01
2.179706692695617676e-01
2.190113067626953125e-02
3.841113531962037086e-03
9.485384449362754822e-03
3.626726940274238586e-02
3.612774983048439026e-02
5.263512954115867615e-02
7.662719488143920898e-02
1.551713515073060989e-02
3.930898383259773254e-02
7.674891501665115356e-03
3.472945094108581543e-02
3.542483225464820862e-02
4.907520487904548645e-02
4.944063257426023483e-04
2.574286758899688721e-01
1.523039221763610840e+00
3.732935738298692740e-09
5.777226874670304824e-08
2.263906449079513550e-01
2.019767761230468750e-01
1.721275895833969116e-01
4.701873660087585449e-02
3.668357385322451591e-03
8.608717471361160278e-03
4.077027738094329834e-02
4.330405592918395996e-02
1.693520396947860718e-01
9.081679582595825195e-02
1.707341335713863373e-02
9.583347290754318237e-02
1.015275716781616211e-02
5.235331133008003235e-02
6.551651656627655029e-02
5.480252578854560852e-02
4.251796344760805368e-04
2.433993220329284668e-01
1.907292485237121582e+00
3.732935738298692740e-09
5.777226874670304824e-08
1.239144206047058105e-01
1.143583357334136963e-01
8.037475496530532837e-02
5.550627782940864563e-02
5.055418238043785095e-03
1.004291325807571411e-02
4.124752432107925415e-02
5.042170360684394836e-02
2.566925436258316040e-02
1.051872745156288147e-01
1.336662936955690384e-02
2.297055721282958984e-02
1.116529572755098343e-02
2.311146818101406097e-02
2.325253002345561981e-02
7.498175650835037231e-02
5.037710070610046387e-04
2.775469124317169189e-01
1.901183724403381348e+00
3.732935738298692740e-09
5.777226874670304824e-08
6.557323783636093140e-02
6.160821393132209778e-02
3.457184508442878723e-02
7.440569251775741577e-02
3.644625889137387276e-03
2.125907503068447113e-02
6.592621654272079468e-02
6.624337285757064819e-02
4.987834766507148743e-02
9.077561646699905396e-02
1.711102761328220367e-02
3.232577070593833923e-02
1.055752951651811600e-02
3.087153844535350800e-02
3.124122321605682373e-02
9.993699938058853149e-02
3.825298917945474386e-04
1.502397954463958740e-01
1.172282576560974121e+00
3.732935738298692740e-09
5.777226874670304824e-08
1.242327690124511719e-01
1.229114159941673279e-01
4.836544394493103027e-02
1.767081022262573242e-01
3.613395383581519127e-03
3.095499612390995026e-02
1.337029188871383667e-01
1.484864801168441772e-01
6.561752408742904663e-02
3.422631025314331055e-01
4.362753033638000488e-02
3.899338841438293457e-02
3.907427564263343811e-02
3.506861999630928040e-02
3.529619425535202026e-02
2.766769826412200928e-01
3.040897427126765251e-04
1.250482350587844849e-01
6.260276436805725098e-01
3.732935738298692740e-09
5.777226874670304824e-08
2.451380938291549683e-01
2.371496409177780151e-01
1.106186807155609131e-01
9.820029884576797485e-02
2.659818390384316444e-03
3.740948066115379333e-02
1.143746003508567810e-01
1.022957041859626770e-01
1.585815846920013428e-01
4.722600057721138000e-02
3.870240598917007446e-02
9.715255349874496460e-02
2.101350761950016022e-02
9.861349314451217651e-02
9.935921430587768555e-02
2.000527381896972656e-01
2.302494103787466884e-04
1.410764604806900024e-01
5.971732735633850098e-01
3.732935738298692740e-09
5.777226874670304824e-08
1.089355722069740295e-01
1.063838973641395569e-01
7.247596234083175659e-02
7.965188473463058472e-02
3.118477063253521919e-03
5.027880147099494934e-02
1.671342104673385620e-01
1.581167727708816528e-01
2.749399244785308838e-01
1.033939346671104431e-01
5.850632861256599426e-02
2.068804353475570679e-01
3.402666375041007996e-02
1.460870355367660522e-01
1.741547435522079468e-01
3.372936546802520752e-01
8.809670689515769482e-04
3.863566815853118896e-01
5.950844883918762207e-01
3.732935738298692740e-09
5.777226874670304824e-08
7.050325721502304077e-02
6.692150980234146118e-02
4.417853057384490967e-02
9.762214869260787964e-02
1.833927235566079617e-03
3.913511335849761963e-02
5.715563893318176270e-02
6.293015927076339722e-02
2.790071666240692139e-01
1.794619672000408173e-02
1.821967400610446930e-02
1.271403729915618896e-01
9.831841103732585907e-03
1.213667094707489014e-01
1.231971606612205505e-01
1.840185672044754028e-01
5.059153772890567780e-04
3.142569363117218018e-01
5.811796188354492188e-01
3.732935738298692740e-09
5.777226874670304824e-08
2.293912507593631744e-02
1.949079148471355438e-02
1.063308212906122208e-02
7.501821964979171753e-02
1.729813870042562485e-03
2.774091064929962158e-02
1.555068045854568481e-02
1.530132163316011429e-02
1.158312335610389709e-01
4.283964168280363083e-03
5.052516236901283264e-03
1.203084215521812439e-01
2.749092876911163330e-03
1.243707463145256042e-01
1.254709213972091675e-01
4.235148429870605469e-02
2.348159177927300334e-04
1.648702621459960938e-01
5.629972815513610840e-01
3.732935738298692740e-09
5.777226874670304824e-08
7.239958737045526505e-03
1.062467694282531738e-02
2.447870327159762383e-03
1.983840577304363251e-02
1.568557578139007092e-03
1.234142109751701355e-02
1.484450697898864746e-02
1.540349330753087997e-02
3.750302642583847046e-02
7.555889431387186050e-03
3.608849598094820976e-03
1.484951470047235489e-02
3.945120552089065313e-04
1.813412085175514221e-02
1.875443011522293091e-02
4.768860340118408203e-02
2.551278157625347376e-04
1.806148290634155273e-01
4.688281714916229248e-01
3.732935738298692740e-09
5.777226874670304824e-08
1.120910514146089554e-02
1.432791817933320999e-02
5.404251161962747574e-03
1.201786566525697708e-02
8.755883318372070789e-04
7.433582097291946411e-03
3.398759663105010986e-02
3.268837556242942810e-02
5.174091458320617676e-02
9.742278489284217358e-04
8.720152080059051514e-03
3.932131454348564148e-02
6.126611842773854733e-04
3.773152455687522888e-02
3.926222398877143860e-02
6.656169146299362183e-02
2.481055853422731161e-04
1.689105182886123657e-01
5.753321051597595215e-01
3.732935738298692740e-09
5.777226874670304824e-08
1.959657482802867889e-02
1.852138899266719818e-02
9.938341565430164337e-03
1.392512302845716476e-02
1.039981958456337452e-03
1.992581784725189209e-02
2.458417415618896484e-02
2.671281434595584869e-02
5.946571752429008484e-02
1.446497440338134766e-02
3.954557236284017563e-03
3.191467374563217163e-02
1.304268953390419483e-03
3.030490316450595856e-02
3.085078857839107513e-02
4.240223765373229980e-02
3.163537185173481703e-04
1.892936080694198608e-01
6.365846991539001465e-01
3.732935738298692740e-09
5.777226874670304824e-08
3.497384488582611084e-02
2.869097329676151276e-02
2.139346301555633545e-02
1.627890020608901978e-02
1.074895844794809818e-03
1.714448258280754089e-02
2.825067006051540375e-02
2.639485336840152740e-02
2.490250207483768463e-02
6.399413198232650757e-02
6.453180219978094101e-03
1.459623873233795166e-02
3.321390599012374878e-03
1.429406087845563889e-02
1.449278835207223892e-02
3.791174665093421936e-02
3.177033213432878256e-04
2.440925091505050659e-01
5.763609409332275391e-01
3.732935738298692740e-09
5.777226874670304824e-08
3.535938262939453125e-02
3.749310970306396484e-02
2.851760387420654297e-02
1.701583899557590485e-02
1.649113371968269348e-03
1.434624195098876953e-02
4.207776859402656555e-02
3.889259323477745056e-02
2.298343367874622345e-02
1.304761618375778198e-01
1.140037178993225098e-02
1.679061912000179291e-02
9.089377708733081818e-03
1.666889898478984833e-02
1.751291565597057343e-02
4.820991680026054382e-02
2.525640302337706089e-04
1.387616693973541260e-01
4.790432453155517578e-01
3.732935738298692740e-09
5.777226874670304824e-08
4.487458243966102600e-02
4.691385105252265930e-02
3.230910375714302063e-02
3.452859818935394287e-02
2.361567690968513489e-03
2.479601465165615082e-02
4.168062284588813782e-02
3.744788095355033875e-02
3.207715228199958801e-02
2.329083830118179321e-01
1.222074776887893677e-02
2.297834493219852448e-02
1.919977366924285889e-02
2.284690551459789276e-02
2.347214519977569580e-02
4.962958768010139465e-02
3.390852361917495728e-04
1.973491907119750977e-01
6.204118728637695312e-01
3.732935738298692740e-09
5.777226874670304824e-08
5.085730552673339844e-02
4.702065512537956238e-02
3.478204458951950073e-02
5.500001832842826843e-02
3.268109634518623352e-03
2.910209633409976959e-02
4.079188778996467590e-02
3.780342265963554382e-02
2.155919373035430908e-02
2.903798818588256836e-01
1.243818830698728561e-02
1.798408664762973785e-02
2.093075402081012726e-02
1.817061007022857666e-02
1.843596808612346649e-02
3.734226897358894348e-02
3.259767254348844290e-04
1.823517829179763794e-01
7.478871941566467285e-01
3.732935738298692740e-09
5.777226874670304824e-08
4.051976278424263000e-02
5.084155872464179993e-02
2.652315795421600342e-02
6.971559673547744751e-02
2.957412041723728180e-03
3.164228796958923340e-02
3.950972110033035278e-02
3.782444819808006287e-02
1.990595646202564240e-02
2.939148247241973877e-01
1.162026170641183853e-02
1.379306986927986145e-02
2.136759459972381592e-02
1.370294671505689621e-02
1.402787584811449051e-02
4.985877871513366699e-02
1.947304263012483716e-04
1.716975420713424683e-01
1.275594472885131836e+00
3.732935738298692740e-09
5.777226874670304824e-08
5.892875418066978455e-02
5.615591630339622498e-02
3.301993384957313538e-02
7.506198436021804810e-02
2.971741603687405586e-03
2.831614576280117035e-02
4.754944518208503723e-02
4.512885585427284241e-02
3.932335972785949707e-02
2.964076995849609375e-01
1.413470972329378128e-02
1.788094453513622284e-02
2.201738022267818451e-02
1.797115243971347809e-02
1.810095831751823425e-02
7.284882664680480957e-02
2.501830749679356813e-04
1.603252738714218140e-01
1.570964455604553223e+00
3.732935738298692740e-09
5.777226874670304824e-08
8.971110731363296509e-02
8.762699365615844727e-02
4.963302239775657654e-02
7.627617567777633667e-02
3.227689536288380623e-03
1.715520210564136505e-02
6.767231225967407227e-02
6.904449313879013062e-02
3.786604106426239014e-02
2.192694991827011108e-01
1.995729841291904449e-02
2.088128589093685150e-02
1.908087171614170074e-02
2.022429369390010834e-02
2.050214819610118866e-02
1.494276970624923706e-01
2.271962730446830392e-04
1.591068506240844727e-01
2.097576618194580078e+00
3.732935738298692740e-09
5.777226874670304824e-08
1.846613138914108276e-01
1.575856953859329224e-01
6.486203521490097046e-02
1.004379093647003174e-01
3.059124574065208435e-03
1.878156699240207672e-02
5.382788181304931641e-02
6.332085281610488892e-02
2.177459001541137695e-02
2.041302472352981567e-01
1.888053305447101593e-02
1.210591662675142288e-02
1.836048997938632965e-02
1.131868828088045120e-02
1.250600721687078476e-02
8.035965263843536377e-02
2.094902010867372155e-04
6.433370709419250488e-02
2.133373975753784180e+00
3.732935738298692740e-09
5.777226874670304824e-08
1.073424592614173889e-01
1.004561558365821838e-01
5.652762576937675476e-02
1.166940107941627502e-01
3.961419686675071716e-03
1.796215190552175045e-03
5.443448200821876526e-02
5.420765280723571777e-02
1.474249642342329025e-02
2.523273527622222900e-01
1.779442466795444489e-02
8.625667542219161987e-03
2.026313543319702148e-02
8.728738874197006226e-03
9.128067642450332642e-03
5.500536039471626282e-02
2.339875209145247936e-04
7.288391143083572388e-02
2.015347480773925781e+00
3.732935738298692740e-09
5.777226874670304824e-08
7.261064648628234863e-02
6.834741681814193726e-02
3.702976927161216736e-02
8.392433077096939087e-02
3.253946313634514809e-03
1.007483340799808502e-02
6.632813066244125366e-02
6.145924702286720276e-02
8.775312453508377075e-02
2.909154891967773438e-01
2.071234397590160370e-02
3.683834150433540344e-02
2.371522225439548492e-02
1.408966723829507828e-02
1.447185408324003220e-02
6.586080789566040039e-02
2.417491778032854199e-04
7.881259173154830933e-02
1.962242960929870605e+00
3.732935738298692740e-09
5.777226874670304824e-08
1.130410060286521912e-01
9.376295655965805054e-02
5.748121067881584167e-02
9.594001621007919312e-02
3.070273669436573982e-03
8.805694989860057831e-03
6.700731813907623291e-02
9.359126538038253784e-02
8.133729547262191772e-02
2.862951755523681641e-01
2.313854545354843140e-02
3.730118647217750549e-02
2.533620037138462067e-02
4.101444408297538757e-02
4.123261198401451111e-02
5.752866342663764954e-02
1.547230349387973547e-04
7.618784159421920776e-02
1.928676486015319824e+00
3.732935738298692740e-09
5.777226874670304824e-08
2.237367630004882812e-01
2.076468318700790405e-01
1.109148189425468445e-01
1.657640486955642700e-01
3.658725181594491005e-03
9.264796972274780273e-04
1.455473154783248901e-01
1.657088249921798706e-01
1.230634674429893494e-01
3.376622200012207031e-01
4.010823741555213928e-02
5.322603508830070496e-02
3.328757360577583313e-02
6.251269578933715820e-02
6.352454423904418945e-02
1.091696321964263916e-01
2.294474252266809344e-04
7.168231159448623657e-02
1.805291175842285156e+00
3.732935738298692740e-09
5.777226874670304824e-08
3.731411993503570557e-01
3.416380882263183594e-01
2.021630257368087769e-01
2.184388637542724609e-01
3.868591040372848511e-03
4.462022799998521805e-03
1.462256908416748047e-01
1.886365264654159546e-01
1.087641343474388123e-01
3.598978817462921143e-01
4.878513142466545105e-02
4.045189544558525085e-02
3.679345548152923584e-02
3.801294043660163879e-02
3.128541633486747742e-02
1.756589412689208984e-01
1.054405802278779447e-04
6.723511219024658203e-02
1.760014057159423828e+00
3.732935738298692740e-09
5.777226874670304824e-08
2.285431027412414551e-01
1.932105422019958496e-01
1.437086910009384155e-01
2.646996676921844482e-01
4.977570846676826477e-03
9.612753055989742279e-03
1.920642107725143433e-01
1.632345616817474365e-01
8.101125806570053101e-02
3.649016916751861572e-01
5.272723361849784851e-02
3.560220822691917419e-02
3.897397220134735107e-02
3.470207005739212036e-02
3.489932417869567871e-02
1.475376486778259277e-01
7.724668103037402034e-05
6.422545760869979858e-02
1.820994019508361816e+00
3.732935738298692740e-09
5.777226874670304824e-08
7.765893638134002686e-02
6.666391342878341675e-02
4.823387041687965393e-02
2.162127643823623657e-01
4.082798492163419724e-03
4.574642982333898544e-03
7.811629027128219604e-02
7.838507741689682007e-02
1.477245334535837173e-02
3.666605949401855469e-01
2.653020806610584259e-02
1.353466045111417770e-02
3.932434320449829102e-02
1.343146245926618576e-02
7.560448255389928818e-03
7.857681065797805786e-02
9.044713806360960007e-05
4.753891006112098694e-02
1.675448417663574219e+00
3.732935738298692740e-09
5.777226874670304824e-08
7.574888318777084351e-02
6.820555776357650757e-02
4.198005422949790955e-02
1.462081819772720337e-01
3.323470475152134895e-03
1.792610273696482182e-03
7.175976783037185669e-02
7.926707714796066284e-02
1.365367695689201355e-02
1.105712652206420898e-01
2.607659995555877686e-02
1.038648094981908798e-02
1.851820386946201324e-02
8.270655758678913116e-03
1.013774517923593521e-02
7.797476649284362793e-02
7.331644883379340172e-05
3.869554772973060608e-02
1.542913079261779785e+00
3.732935738298692740e-09
5.777226874670304824e-08
1.410836428403854370e-01
1.327222138643264771e-01
5.189426615834236145e-02
6.630074232816696167e-02
1.565524959005415440e-03
5.682982504367828369e-03
1.930864453315734863e-01
1.844816952943801880e-01
2.192776463925838470e-02
3.799918591976165771e-01
4.715799167752265930e-02
1.213351637125015259e-02
7.167023420333862305e-02
1.310571562498807907e-02
1.306855678558349609e-02
2.510728538036346436e-01
7.800086314091458917e-05
3.760267794132232666e-02
1.561559677124023438e+00
3.732935738298692740e-09
5.777226874670304824e-08
1.949955821037292480e-01
1.886573582887649536e-01
7.079763710498809814e-02
1.211457848548889160e-01
7.050703861750662327e-04
7.759688887745141983e-03
1.805815547704696655e-01
1.795214265584945679e-01
7.063213735818862915e-02
6.136929988861083984e-01
6.127868220210075378e-02
4.991057887673377991e-02
8.347243070602416992e-02
4.568603634834289551e-02
4.732410237193107605e-02
2.544855475425720215e-01
7.684186857659369707e-05
5.175710096955299377e-02
1.617125511169433594e+00
3.732935738298692740e-09
5.777226874670304824e-08
1.237960159778594971e-01
1.378793120384216309e-01
5.497002601623535156e-02
5.367364287376403809e-01
6.990359979681670666e-04
8.996191434562206268e-03
1.954983621835708618e-01
1.970328539609909058e-01
9.225799888372421265e-02
8.322126269340515137e-01
6.850907206535339355e-02
6.802576035261154175e-02
1.330916881561279297e-01
4.128343984484672546e-02
4.112216457724571228e-02
3.262552320957183838e-01
8.810346480458974838e-05
7.447073608636856079e-02
1.607391715049743652e+00
3.732935738298692740e-09
5.777226874670304824e-08
4.084542021155357361e-02
4.208944365382194519e-02
2.129010856151580811e-02
3.169874846935272217e-01
1.401781453751027584e-03
4.595601465553045273e-03
5.561420321464538574e-02
5.101425573229789734e-02
7.182263582944869995e-02
4.886164143681526184e-02
1.756654493510723114e-02
3.755815699696540833e-02
2.746865712106227875e-02
3.292073309421539307e-02
3.345499560236930847e-02
7.263148576021194458e-02
1.864707883214578032e-04
1.150217354297637939e-01
1.525558471679687500e+00
3.732935738298692740e-09
5.777226874670304824e-08
1.143030822277069092e-02
1.037022564560174942e-02
4.971073474735021591e-03
1.320175975561141968e-01
7.017481257207691669e-04
3.581888275220990181e-03
7.289514690637588501e-02
7.265836745500564575e-02
3.289686143398284912e-02
1.913224346935749054e-02
1.860914751887321472e-02
1.897610723972320557e-02
2.259492175653576851e-03
1.907589845359325409e-02
1.930685341358184814e-02
1.069270297884941101e-01
1.575134956510737538e-04
9.364638477563858032e-02
1.005474448204040527e+00
3.732935738298692740e-09
5.777226874670304824e-08
1.233337447047233582e-02
1.773738861083984375e-02
5.402190610766410828e-03
3.488193824887275696e-02
7.568431901745498180e-04
5.037091672420501709e-03
1.200210452079772949e-01
1.198715940117835999e-01
6.209755316376686096e-02
2.321841381490230560e-02
2.793158032000064850e-02
3.341277316212654114e-02
7.148439181037247181e-04
3.309274837374687195e-02
3.259217366576194763e-02
1.373060792684555054e-01
1.174073549918830395e-04
5.497658252716064453e-02
7.831323742866516113e-01
3.732935738298692740e-09
5.777226874670304824e-08
2.223896421492099762e-02
2.299296669661998749e-02
7.619580719619989395e-03
5.543957278132438660e-02
9.813890792429447174e-04
5.506409797817468643e-03
1.337902694940567017e-01
1.350762844085693359e-01
1.287502348423004150e-01
1.251474115997552872e-02
3.057272732257843018e-02
6.740792840719223022e-02
9.874046081677079201e-04
5.976927280426025391e-02
5.999301746487617493e-02
1.487453430891036987e-01
2.088925830321386456e-04
7.318938523530960083e-02
3.094319999217987061e-01
3.732935738298692740e-09
5.777226874670304824e-08
2.701541595160961151e-02
3.815575689077377319e-02
1.675205864012241364e-02
8.725859969854354858e-02
1.158530474640429020e-03
5.163620691746473312e-03
1.431533843278884888e-01
1.407415121793746948e-01
9.430596977472305298e-02
2.466250024735927582e-02
3.466469421982765198e-02
9.690070152282714844e-02
1.987146446481347084e-03
6.216619536280632019e-02
6.251578778028488159e-02
1.866051703691482544e-01
2.481635019648820162e-04
1.252754330635070801e-01
4.071273803710937500e-01
3.732935738298692740e-09
5.777226874670304824e-08
4.234563931822776794e-02
4.631952568888664246e-02
2.091371081769466400e-02
6.278640776872634888e-02
1.168205519206821918e-03
7.715931162238121033e-03
2.018722295761108398e-01
1.973436623811721802e-01
1.543919295072555542e-01
5.882566049695014954e-02
5.250320956110954285e-02
9.774550050497055054e-02
1.588603481650352478e-03
8.298545330762863159e-02
8.395358920097351074e-02
1.813219636678695679e-01
2.289532567374408245e-04
8.701782673597335815e-02
4.448801577091217041e-01
3.732935738298692740e-09
5.777226874670304824e-08
6.835760921239852905e-02
6.414439529180526733e-02
2.911565266549587250e-02
1.003556922078132629e-01
1.439971267245709896e-03
1.533536985516548157e-02
1.893690675497055054e-01
2.310932129621505737e-01
1.763660162687301636e-01
6.323086470365524292e-02
6.545754522085189819e-02
1.149058341979980469e-01
1.655065454542636871e-03
1.124980524182319641e-01
1.130828261375427246e-01
2.033957690000534058e-01
2.653889532666653395e-04
1.249098852276802063e-01
5.124378800392150879e-01
3.732935738298692740e-09
5.777226874670304824e-08
9.688538312911987305e-02
9.744649380445480347e-02
4.358452931046485901e-02
1.334717422723770142e-01
1.430002623237669468e-03
2.059670165181159973e-02
2.432504296302795410e-01
2.470060735940933228e-01
2.407236695289611816e-01
4.447666183114051819e-02
7.123690843582153320e-02
1.564998030662536621e-01
5.894065252505242825e-04
1.504888385534286499e-01
1.489408463239669800e-01
2.222379893064498901e-01
2.186092751799151301e-04
1.211510896682739258e-01
5.239121317863464355e-01
3.732935738298692740e-09
5.777226874670304824e-08
1.386026293039321899e-01
1.068949475884437561e-01
5.220534279942512512e-02
1.106305345892906189e-01
1.243167207576334476e-03
2.392902038991451263e-02
2.208352088928222656e-01
2.012280225753784180e-01
3.028484284877777100e-01
3.885118663311004639e-02
6.198117136955261230e-02
1.929809302091598511e-01
1.901392359286546707e-03
1.772468239068984985e-01
1.877156049013137817e-01
1.967837363481521606e-01
2.316496102139353752e-04
1.376011520624160767e-01
5.074715018272399902e-01
3.732935738298692740e-09
5.777226874670304824e-08
1.281582713127136230e-01
1.071044802665710449e-01
6.238242983818054199e-02
1.011410281062126160e-01
1.207979861646890640e-03
2.921765483915805817e-02
2.269361764192581177e-01
1.930518597364425659e-01
2.829245030879974365e-01
3.781114891171455383e-02
6.654351204633712769e-02
1.784229427576065063e-01
8.512448985129594803e-04
1.744123250246047974e-01
1.761919707059860229e-01
2.164040803909301758e-01
1.743792090564966202e-04
7.912962883710861206e-02
4.368902146816253662e-01
3.732935738298692740e-09
5.777226874670304824e-08
1.668282598257064819e-01
1.418568938970565796e-01
7.328164577484130859e-02
1.099572405219078064e-01
1.987442141398787498e-03
3.659585490822792053e-02
1.916800290346145630e-01
1.870897263288497925e-01
2.561053335666656494e-01
4.957604408264160156e-02
5.176903679966926575e-02
1.644588708877563477e-01
3.099093912169337273e-03
1.793200224637985229e-01
1.793655604124069214e-01
1.817276626825332642e-01
1.186406007036566734e-04
7.773705571889877319e-02
5.526964664459228516e-01
3.732935738298692740e-09
5.777226874670304824e-08
2.775439023971557617e-01
2.377349585294723511e-01
1.507483869791030884e-01
6.444149464368820190e-02
1.209038775414228439e-03
4.087914153933525085e-02
1.272073388099670410e-01
1.332028508186340332e-01
1.821254938840866089e-01
3.604196012020111084e-02
4.707681015133857727e-02
1.147405281662940979e-01
3.025880781933665276e-03
1.123655661940574646e-01
1.110151633620262146e-01
1.529364585876464844e-01
1.206944943987764418e-04
6.163129210472106934e-02
6.776092648506164551e-01
3.732935738298692740e-09
5.777226874670304824e-08
3.476324081420898438e-01
3.295754492282867432e-01
1.537213325500488281e-01
6.532960385084152222e-02
1.268716761842370033e-03
3.881632164120674133e-02
1.170321106910705566e-01
1.234856173396110535e-01
1.965975016355514526e-01
2.982999570667743683e-02
4.681349918246269226e-02
1.538849920034408569e-01
3.434928832575678825e-03
1.449811756610870361e-01
1.465728431940078735e-01
1.249111071228981018e-01
1.785319036571308970e-04
9.736573696136474609e-02
5.811160206794738770e-01
3.732935738298692740e-09
5.777226874670304824e-08
3.354749679565429688e-01
3.006248474121093750e-01
1.476467698812484741e-01
5.441859737038612366e-02
2.045141998678445816e-03
4.556245729327201843e-02
1.390140205621719360e-01
1.664335131645202637e-01
1.687510460615158081e-01
8.968931436538696289e-02
5.052662268280982971e-02
1.377453356981277466e-01
6.665648426860570908e-03
1.351382583379745483e-01
1.367685645818710327e-01
1.760190129280090332e-01
8.989682100946083665e-05
6.983736157417297363e-02
6.740751266479492188e-01
3.732935738298692740e-09
5.777226874670304824e-08
1.278155893087387085e-01
1.527967602014541626e-01
9.747161716222763062e-02
6.195389851927757263e-02
1.472785603255033493e-03
5.750021338462829590e-02
1.840789318084716797e-01
1.796340942382812500e-01
1.991336941719055176e-01
9.553775191307067871e-02
6.600486487150192261e-02
1.531101316213607788e-01
5.457268562167882919e-03
1.514524519443511963e-01
1.521358340978622437e-01
2.461568564176559448e-01
9.447837510379031301e-05
6.219738721847534180e-02
8.306915163993835449e-01
3.732935738298692740e-09
5.777226874670304824e-08
3.482262417674064636e-02
3.780839964747428894e-02
2.407718636095523834e-02
1.246628984808921814e-01
8.461166289635002613e-04
7.249856740236282349e-02
1.771848648786544800e-01
2.567059397697448730e-01
1.560251265764236450e-01
4.331701621413230896e-02
7.191556692123413086e-02
1.467483788728713989e-01
4.823351744562387466e-03
1.202497482299804688e-01
1.223675832152366638e-01
2.750908434391021729e-01
8.239125600084662437e-05
6.601922214031219482e-02
5.696960091590881348e-01
3.732935738298692740e-09
5.777226874670304824e-08
6.534980144351720810e-03
6.498053204268217087e-03
3.031980246305465698e-03
1.467050909996032715e-01
1.441694679670035839e-03
9.840204566717147827e-02
3.068710267543792725e-01
3.361956179141998291e-01
1.530031859874725342e-01
1.279706507921218872e-01
1.167907118797302246e-01
1.418651938438415527e-01
1.277023274451494217e-02
1.374734491109848022e-01
1.383823305368423462e-01
3.519779145717620850e-01
8.237113797804340720e-05
6.665442138910293579e-02
4.914558827877044678e-01
3.732935738298692740e-09
5.777226874670304824e-08
1.656537503004074097e-02
1.803917251527309418e-02
1.024889759719371796e-02
2.258517742156982422e-01
6.033765967004001141e-04
1.069530621170997620e-01
3.467988967895507812e-01
3.526772260665893555e-01
1.625727415084838867e-01
1.548055261373519897e-01
1.311417818069458008e-01
1.469841748476028442e-01
1.942855678498744965e-02
1.700596362352371216e-01
1.718521863222122192e-01
4.080578386783599854e-01
8.190735388780012727e-05
7.922089844942092896e-02
5.030550956726074219e-01
3.732935738298692740e-09
5.777226874670304824e-08
1.442986261099576950e-02
1.119290944188833237e-02
8.817001245915889740e-03
2.715208232402801514e-01
7.044241647236049175e-04
1.205027326941490173e-01
3.087523281574249268e-01
3.278726637363433838e-01
1.442438513040542603e-01
7.041395455598831177e-02
1.132417842745780945e-01
1.262637227773666382e-01
1.265861093997955322e-02
9.666693955659866333e-02
9.491858631372451782e-02
3.416379392147064209e-01
1.130254022427834570e-04
9.083867073059082031e-02
4.738207757472991943e-01
3.732935738298692740e-09
5.777226874670304824e-08
3.110852092504501343e-03
3.213077085092663765e-03
2.042312407866120338e-03
2.502861917018890381e-01
9.491540840826928616e-04
9.118560701608657837e-02
1.923165321350097656e-01
2.168522328138351440e-01
6.909764558076858521e-02
1.638732664287090302e-02
6.741761416196823120e-02
5.903025344014167786e-02
2.137549454346299171e-03
5.596317723393440247e-02
5.423406139016151428e-02
5.644549429416656494e-02
1.634694781387224793e-04
1.342006176710128784e-01
4.656470715999603271e-01
3.732935738298692740e-09
5.777226874670304824e-08
1.451289746910333633e-02
1.493756752461194992e-02
1.067718956619501114e-02
3.223876357078552246e-01
1.399643719196319580e-03
4.324287176132202148e-02
2.286902219057083130e-01
2.120356112718582153e-01
8.678994327783584595e-02
3.279238939285278320e-02
8.023857325315475464e-02
7.973277568817138672e-02
9.936233982443809509e-04
7.437468320131301880e-02
7.379242032766342163e-02
1.552661657333374023e-01
2.076001110253855586e-04
1.630992144346237183e-01
4.967710971832275391e-01
3.732935738298692740e-09
5.777226874670304824e-08
6.560184061527252197e-03
7.644970435649156570e-03
2.850860590115189552e-03
1.597988456487655640e-01
1.213089213706552982e-03
3.332516178488731384e-02
1.814814805984497070e-01
1.941834241151809692e-01
4.702938720583915710e-02
1.877344585955142975e-02
6.407050043344497681e-02
4.628102853894233704e-02
8.537895628251135349e-04
1.143892779946327209e-01
4.503350332379341125e-02
1.616295985877513885e-02
2.077124081552028656e-04
1.586403995752334595e-01
8.061643242835998535e-01
3.732935738298692740e-09
5.777226874670304824e-08
3.575019771233201027e-03
4.449123516678810120e-03
2.259113127365708351e-03
5.784859880805015564e-02
1.437347382307052612e-03
4.045436903834342957e-02
1.418306380510330200e-01
1.608293801546096802e-01
9.475704282522201538e-02
7.924134284257888794e-02
4.836110398173332214e-02
8.398211747407913208e-02
5.037810769863426685e-04
7.769071310758590698e-02
7.989440113306045532e-02
2.235605753958225250e-02
2.532007638365030289e-04
1.745379716157913208e-01
4.835955202579498291e-01
3.732935738298692740e-09
5.777226874670304824e-08
6.613280624151229858e-03
8.344872854650020599e-03
4.400344099849462509e-03
6.114594265818595886e-02
1.811468624509871006e-03
4.382455348968505859e-02
1.198676303029060364e-01
1.310329437255859375e-01
2.405864186584949493e-02
5.854875966906547546e-02
3.946183249354362488e-02
4.005336016416549683e-02
1.100627123378217220e-03
2.893144078552722931e-02
2.907609939575195312e-02
1.792514882981777191e-02
2.420631499262526631e-04
2.036995887756347656e-01
4.735511541366577148e-01
3.732935738298692740e-09
5.777226874670304824e-08
3.136179177090525627e-03
3.400786546990275383e-03
1.748684444464743137e-03
4.745680466294288635e-02
2.315364778041839600e-03
7.491150498390197754e-02
8.467119932174682617e-02
9.178143739700317383e-02
3.313614800572395325e-02
2.159894444048404694e-02
2.966818772256374359e-02
2.926599420607089996e-02
9.043092723004519939e-04
2.782979048788547516e-02
2.766153961420059204e-02
2.524271607398986816e-02
2.933417563326656818e-04
2.479430586099624634e-01
4.207571446895599365e-01
3.732935738298692740e-09
5.777226874670304824e-08
1.511240261606872082e-03
1.589659019373357296e-03
7.337036659009754658e-04
6.746163219213485718e-02
3.338200272992253304e-03
1.945186778903007507e-02
5.927035585045814514e-02
7.291396707296371460e-02
4.205251857638359070e-02
2.463855408132076263e-02
2.324485778808593750e-02
3.733866289258003235e-02
1.580763957463204861e-03
3.514512255787849426e-02
3.522906452417373657e-02
1.253653317689895630e-02
4.299978318158537149e-04
3.152873516082763672e-01
3.631012737751007080e-01
3.732935738298692740e-09
5.777226874670304824e-08
3.680933034047484398e-03
3.318232251331210136e-03
2.158127026632428169e-03
6.146308779716491699e-02
3.648514626547694206e-03
6.812334060668945312e-02
4.084606096148490906e-02
4.391470924019813538e-02
5.593318864703178406e-02
1.902569644153118134e-02
1.473631430417299271e-02
5.068344995379447937e-02
2.116207499057054520e-03
4.604655504226684570e-02
4.624344035983085632e-02
1.655691117048263550e-02
5.320578929968178272e-04
4.427778422832489014e-01
4.026594460010528564e-01
3.732935738298692740e-09
5.777226874670304824e-08
2.878035604953765869e-02
2.345445938408374786e-02
1.433478761464357376e-02
8.789452165365219116e-02
4.681233782321214676e-03
6.595179438591003418e-02
2.414295822381973267e-02
2.202046103775501251e-02
7.565023005008697510e-02
2.517998777329921722e-02
8.500148542225360870e-03
8.253159373998641968e-02
3.044909797608852386e-03
7.613942772150039673e-02
7.626137137413024902e-02
1.401455700397491455e-02
6.344766006805002689e-04
5.739229321479797363e-01
2.488465309143066406e-01
3.732935738298692740e-09
5.777226874670304824e-08
6.761536747217178345e-02
5.945250764489173889e-02
3.971531987190246582e-02
8.980352431535720825e-02
5.304233636707067490e-03
7.150440663099288940e-02
2.005182765424251556e-02
2.001787535846233368e-02
8.106940984725952148e-02
4.674668237566947937e-02
7.661838084459304810e-03
7.579387724399566650e-02
6.793638225644826889e-03
7.087616622447967529e-02
6.960373371839523315e-02
2.284315228462219238e-02
8.547909674234688282e-04
7.181537747383117676e-01
2.131424695253372192e-01
3.732935738298692740e-09
5.777226874670304824e-08
9.979092329740524292e-02
8.356199413537979126e-02
6.429804116487503052e-02
8.855491876602172852e-02
6.234159227460622787e-03
6.895602494478225708e-02
2.087211422622203827e-02
1.843092404305934906e-02
7.454728335142135620e-02
8.280063420534133911e-02
7.456559687852859497e-03
5.594765767455101013e-02
1.195359509438276291e-02
6.044784188270568848e-02
6.060598418116569519e-02
2.249079383909702301e-02
1.097208703868091106e-03
8.879770636558532715e-01
9.157246351242065430e-02
3.732935738298692740e-09
5.777226874670304824e-08
1.307250112295150757e-01
1.131773963570594788e-01
8.657374233007431030e-02
5.031609535217285156e-02
9.098500013351440430e-03
5.912301316857337952e-02
2.414163015782833099e-02
2.921185456216335297e-02
5.229970812797546387e-02
1.266428679227828979e-01
1.035791635513305664e-02
3.959733247756958008e-02
2.065975405275821686e-02
3.508288413286209106e-02
3.570315241813659668e-02
3.278191760182380676e-02
1.319643110036849976e-03
9.930945038795471191e-01
1.397769600152969360e-01
3.732935738298692740e-09
5.777226874670304824e-08
1.448047161102294922e-01
1.357875764369964600e-01
1.026799678802490234e-01
4.761331900954246521e-02
8.723627775907516479e-03
2.044105902314186096e-02
2.138458937406539917e-02
2.392984367907047272e-02
5.512792989611625671e-02
1.575828492641448975e-01
9.788036346435546875e-03
3.939957544207572937e-02
2.317057736217975616e-02
3.586542233824729919e-02
3.474931791424751282e-02
3.331814706325531006e-02
1.158981584012508392e-03
1.027552604675292969e+00
8.206160366535186768e-02
3.732935738298692740e-09
5.777226874670304824e-08
1.440531164407730103e-01
1.319954693317413330e-01
1.034598648548126221e-01
4.392400756478309631e-02
1.126025337725877762e-02
2.139419503509998322e-02
2.969226799905300140e-02
2.946224622428417206e-02
3.869983926415443420e-02
1.589501649141311646e-01
1.177176367491483688e-02
3.655742481350898743e-02
2.195531316101551056e-02
3.407160937786102295e-02
3.417022153735160828e-02
3.312917798757553101e-02
1.139286905527114868e-03
1.104287981986999512e+00
1.929857581853866577e-02
3.732935738298692740e-09
5.777226874670304824e-08
1.408205926418304443e-01
1.274757832288742065e-01
9.612957388162612915e-02
4.059806838631629944e-02
1.126605551689863205e-02
1.670062355697154999e-02
3.183529153466224670e-02
4.080617800354957581e-02
3.419925644993782043e-02
1.648708581924438477e-01
1.389527786523103714e-02
3.011075593531131744e-02
2.769009023904800415e-02
2.812465839087963104e-02
2.941298298537731171e-02
4.317648336291313171e-02
1.135883620008826256e-03
1.080073714256286621e+00
1.843463815748691559e-02
3.732935738298692740e-09
5.777226874670304824e-08
1.429495662450790405e-01
1.300163269042968750e-01
9.324512630701065063e-02
4.531823471188545227e-02
1.170505583286285400e-02
2.342566289007663727e-02
3.888099268078804016e-02
4.312616586685180664e-02
2.001623623073101044e-02
1.492375582456588745e-01
1.533431280404329300e-02
1.873190142214298248e-02
2.752830088138580322e-02
1.562924496829509735e-02
1.750723272562026978e-02
5.657782033085823059e-02
1.277288654819130898e-03
1.155026078224182129e+00
2.802739106118679047e-02
3.732935738298692740e-09
5.777226874670304824e-08
1.436180770397186279e-01
1.271077841520309448e-01
9.172835201025009155e-02
3.809623792767524719e-02
7.671205792576074600e-03
1.438689883798360825e-02
3.775175288319587708e-02
4.678924009203910828e-02
1.860422827303409576e-02
1.553665995597839355e-01
1.611264236271381378e-02
1.320586353540420532e-02
2.505268715322017670e-02
1.220969483256340027e-02
1.228294800966978073e-02
5.519623681902885437e-02
1.295920112170279026e-03
1.115162849426269531e+00
5.146284028887748718e-02
3.732935738298692740e-09
5.777226874670304824e-08
1.551537960767745972e-01
1.378423422574996948e-01
1.021541953086853027e-01
4.201305285096168518e-02
2.094650408253073692e-03
1.734628900885581970e-02
6.486374139785766602e-02
8.100187778472900391e-02
6.883434485644102097e-03
2.231647223234176636e-01
2.336968481540679932e-02
5.319725722074508667e-03
3.746731206774711609e-02
5.278194788843393326e-03
5.302093923091888428e-03
7.304456830024719238e-02
1.295671099796891212e-03
1.146493434906005859e+00
2.980700694024562836e-02
3.732935738298692740e-09
5.777226874670304824e-08
1.703169792890548706e-01
1.506278365850448608e-01
1.054282411932945251e-01
5.645830556750297546e-02
4.212095402181148529e-03
2.794435946270823479e-03
8.983077853918075562e-02
1.114070191979408264e-01
4.198955371975898743e-02
3.076617419719696045e-01
2.011475898325443268e-02
3.569592908024787903e-02
4.239192605018615723e-02
9.136713109910488129e-03
9.730423800647258759e-03
8.435785025358200073e-02
1.187672489322721958e-03
1.130343794822692871e+00
5.068476125597953796e-02
3.732935738298692740e-09
5.777226874670304824e-08
1.633780002593994141e-01
1.561955660581588745e-01
9.993223100900650024e-02
5.337914824485778809e-02
1.801642705686390400e-03
5.429843906313180923e-03
7.023807615041732788e-02
7.766494899988174438e-02
1.082857605069875717e-02
2.738393247127532959e-01
2.023987099528312683e-02
6.846383213996887207e-03
4.321329295635223389e-02
6.926484405994415283e-03
6.897373590618371964e-03
8.756711333990097046e-02
1.397123560309410095e-03
1.218268632888793945e+00
2.691877819597721100e-02
3.732935738298692740e-09
5.777226874670304824e-08
1.782018691301345825e-01
1.553518027067184448e-01
1.179336532950401306e-01
5.617810413241386414e-02
2.521093469113111496e-03
8.795153349637985229e-03
1.473861783742904663e-01
9.549715369939804077e-02
6.914588809013366699e-02
2.675962746143341064e-01
4.158486053347587585e-02
5.428125336766242981e-02
4.395865276455879211e-02
5.548605322837829590e-02
5.582145974040031433e-02
1.009185537695884705e-01
1.019852817989885807e-03
8.175392150878906250e-01
3.080841712653636932e-02
3.732935738298692740e-09
5.777226874670304824e-08
2.359636574983596802e-01
2.208419442176818848e-01
1.529008001089096069e-01
7.108759880065917969e-02
1.325290533713996410e-03
5.060753785073757172e-03
1.361176818609237671e-01
1.424886733293533325e-01
7.677552849054336548e-02
3.067199289798736572e-01
4.520791769027709961e-02
5.605200305581092834e-02
4.473429918289184570e-02
5.655502155423164368e-02
5.753688514232635498e-02
1.230821013450622559e-01
7.413492421619594097e-04
8.403139114379882812e-01
6.193285062909126282e-02
3.732935738298692740e-09
5.777226874670304824e-08
2.516165673732757568e-01
2.185158282518386841e-01
1.472518444061279297e-01
8.421073108911514282e-02
1.232806011103093624e-03
1.629236340522766113e-02
3.696857392787933350e-02
3.324342891573905945e-02
4.859995841979980469e-02
1.168965622782707214e-01
1.115135382860898972e-02
4.784223809838294983e-02
1.634274981915950775e-02
4.747246578335762024e-02
4.821753874421119690e-02
7.620897144079208374e-02
4.390804970171302557e-04
4.344101846218109131e-01
3.271452337503433228e-02
3.732935738298692740e-09
5.777226874670304824e-08
5.411518737673759460e-02
4.121564701199531555e-02
4.686382785439491272e-02
6.346706300973892212e-02
8.691202383488416672e-04
3.944996371865272522e-02
3.777438774704933167e-02
3.588450327515602112e-02
1.877153851091861725e-02
1.008360385894775391e-01
1.558292657136917114e-02
1.389396935701370239e-02
1.214258093386888504e-02
1.399239897727966309e-02
1.415027957409620285e-02
4.531672596931457520e-02
4.191947809886187315e-04
3.548128604888916016e-01
2.632031403481960297e-02
3.732935738298692740e-09
5.777226874670304824e-08
3.035542555153369904e-02
2.699474431574344635e-02
1.488378643989562988e-02
9.421193599700927734e-02
1.071730745024979115e-03
2.109067142009735107e-02
6.948319822549819946e-02
6.172214075922966003e-02
1.989106647670269012e-02
1.197060123085975647e-01
2.452487312257289886e-02
1.027221698313951492e-02
9.038166143000125885e-03
3.622251376509666443e-02
5.181799456477165222e-02
3.871026635169982910e-02
3.539495810400694609e-04
2.533170282840728760e-01
2.939299307763576508e-02
3.732935738298692740e-09
5.777226874670304824e-08
4.889146983623504639e-02
4.679989814758300781e-02
6.802012771368026733e-02
9.991908818483352661e-02
3.043754550162702799e-04
1.218132581561803818e-02
9.332298487424850464e-02
8.012246340513229370e-02
3.070937655866146088e-02
2.135963588953018188e-01
2.900939248502254486e-02
2.369510382413864136e-02
1.424381975084543228e-02
2.352312766015529633e-02
2.369105815887451172e-02
6.565797328948974609e-02
2.632156538311392069e-04
1.223311647772789001e-01
5.974563583731651306e-02
3.732935738298692740e-09
5.777226874670304824e-08
4.192201420664787292e-02
4.200670495629310608e-02
2.851364761590957642e-02
1.104271113872528076e-01
5.645041819661855698e-04
2.306821383535861969e-02
1.165081784129142761e-01
9.502296894788742065e-02
3.994025662541389465e-02
1.797140836715698242e-01
4.805795475840568542e-02
2.686013840138912201e-02
2.217921055853366852e-02
2.739626727998256683e-02
2.740873955190181732e-02
1.209201440215110779e-01
2.725219819694757462e-04
2.088013887405395508e-01
7.442263513803482056e-02
3.732935738298692740e-09
5.777226874670304824e-08
5.448043718934059143e-02
6.213383749127388000e-02
3.903843462467193604e-02
1.048257723450660706e-01
8.403787505812942982e-04
5.093139782547950745e-02
9.970758110284805298e-02
8.021239191293716431e-02
8.171745389699935913e-02
1.290349215269088745e-01
2.993132174015045166e-02
5.531110242009162903e-02
1.820234954357147217e-02
5.405478551983833313e-02
5.434789136052131653e-02
1.033094599843025208e-01
2.711153356358408928e-04
1.838678866624832153e-01
7.377512007951736450e-02
3.732935738298692740e-09
5.777226874670304824e-08
7.775098085403442383e-02
8.311524987220764160e-02
4.349867999553680420e-02
1.033832356333732605e-01
6.087507936172187328e-04
1.228532101958990097e-02
1.024369001388549805e-01
1.026047095656394958e-01
1.016108766198158264e-01
1.209733709692955017e-01
3.521093726158142090e-02
7.648140192031860352e-02
1.201678905636072159e-02
7.467284798622131348e-02
7.523333281278610229e-02
1.038217172026634216e-01
2.385191764915362000e-04
1.761353164911270142e-01
5.947837233543395996e-02
3.732935738298692740e-09
5.777226874670304824e-08
1.756356842815876007e-02
1.827180013060569763e-02
1.377923414111137390e-02
7.709188014268875122e-02
7.577948272228240967e-04
1.374383806250989437e-03
1.234029456973075867e-01
1.296586841344833374e-01
1.564774364233016968e-01
1.028748452663421631e-01
3.727161139249801636e-02
1.148947998881340027e-01
1.063201483339071274e-02
1.120293214917182922e-01
9.960067272186279297e-02
1.458726823329925537e-01
2.448727900628000498e-04
1.632205098867416382e-01
7.704570144414901733e-02
3.732935738298692740e-09
5.777226874670304824e-08
5.680007860064506531e-03
4.978405777364969254e-03
2.018481725826859474e-03
1.058276072144508362e-01
1.046146615408360958e-03
7.841421174816787243e-04
1.994529515504837036e-01
1.868833899497985840e-01
1.707869619131088257e-01
1.535317450761795044e-01
5.996666476130485535e-02
1.055887117981910706e-01
1.711406558752059937e-02
1.045992150902748108e-01
1.028747931122779846e-01
2.192613631486892700e-01
5.019097006879746914e-04
3.180041611194610596e-01
7.669077068567276001e-02
3.732935738298692740e-09
5.777226874670304824e-08
5.195638630539178848e-03
6.214015185832977295e-03
2.012426732107996941e-03
5.452870950102806091e-02
1.832896843552589417e-03
1.114407903514802456e-03
1.563448756933212280e-01
1.453989446163177490e-01
2.463378310203552246e-01
5.310239270329475403e-02
4.632427170872688293e-02
1.863424330949783325e-01
6.589572411030530930e-03
1.848905831575393677e-01
1.847088783979415894e-01
2.415267229080200195e-01
4.763655888382345438e-04
3.816702067852020264e-01
1.217789277434349060e-01
3.732935738298692740e-09
5.777226874670304824e-08
8.614459075033664703e-03
1.383445877581834793e-02
5.156944971531629562e-03
6.451359391212463379e-02
1.650406629778444767e-03
5.995714454911649227e-04
1.220581755042076111e-01
1.413970440626144409e-01
2.878983318805694580e-01
6.845299154520034790e-02
3.187097981572151184e-02
2.036239355802536011e-01
8.121180348098278046e-03
2.073010355234146118e-01
2.002865225076675415e-01
2.132434844970703125e-01
3.546375082805752754e-04
3.565424978733062744e-01
1.018205806612968445e-01
3.732935738298692740e-09
5.777226874670304824e-08
2.026049792766571045e-02
1.793848164379596710e-02
8.807285688817501068e-03
6.660749763250350952e-02
1.959537155926227570e-03
1.739053637720644474e-03
6.955647468566894531e-02
7.944900542497634888e-02
1.387284398078918457e-01
5.622632801532745361e-02
2.400600351393222809e-02
7.226391881704330444e-02
6.283257622271776199e-03
7.599603384733200073e-02
7.801853865385055542e-02
8.016853779554367065e-02
2.663896011654287577e-04
2.345653623342514038e-01
1.007158756256103516e-01
3.732935738298692740e-09
5.777226874670304824e-08
4.618797078728675842e-02
4.062248021364212036e-02
2.227836847305297852e-02
2.499813772737979889e-02
2.218248555436730385e-03
4.374758806079626083e-03
9.026499837636947632e-02
8.386703580617904663e-02
1.221222281455993652e-01
5.622895434498786926e-02
2.788846194744110107e-02
8.281369507312774658e-02
8.250585757195949554e-03
8.403903990983963013e-02
8.475951105356216431e-02
9.798538684844970703e-02
3.084392519667744637e-04
2.928633391857147217e-01
1.012255772948265076e-01
3.732935738298692740e-09
5.777226874670304824e-08
6.650086492300033569e-02
6.635746359825134277e-02
3.714120388031005859e-02
2.847258560359477997e-02
1.686088624410331249e-03
2.754320157691836357e-03
1.360138505697250366e-01
1.344099044799804688e-01
1.828344613313674927e-01
1.073947772383689880e-01
5.053635314106941223e-02
1.338834911584854126e-01
1.681119017302989960e-02
1.312189251184463501e-01
1.313467621803283691e-01
1.267371326684951782e-01
3.826532338280230761e-04
3.789655864238739014e-01
9.851499646902084351e-02
3.732935738298692740e-09
5.777226874670304824e-08
8.673933148384094238e-02
8.065716177225112915e-02
5.315539613366127014e-02
4.117199778556823730e-02
1.980859320610761642e-03
6.208701524883508682e-03
1.290124505758285522e-01
1.286793351173400879e-01
1.088337674736976624e-01
1.511905938386917114e-01
5.819374322891235352e-02
8.181682974100112915e-02
3.302658721804618835e-02
8.070147037506103516e-02
8.031008392572402954e-02
1.288830786943435669e-01
3.797217796090990305e-04
2.838560342788696289e-01
9.343452006578445435e-02
3.732935738298692740e-09
5.777226874670304824e-08
8.933434635400772095e-02
8.958476781845092773e-02
4.860432073473930359e-02
5.705600604414939880e-02
1.678555621765553951e-03
1.853415742516517639e-02
1.462062597274780273e-01
1.506787389516830444e-01
8.417386561632156372e-02
1.783707141876220703e-01
7.140920311212539673e-02
5.848344042897224426e-02
4.572646692395210266e-02
5.801627039909362793e-02
5.823444202542304993e-02
1.545756012201309204e-01
5.099871195852756500e-04
3.846063911914825439e-01
9.629744291305541992e-02
3.732935738298692740e-09
5.777226874670304824e-08
9.612649679183959961e-02
8.968331664800643921e-02
4.617360234260559082e-02
8.275406807661056519e-02
2.281397813931107521e-03
1.965044252574443817e-02
1.620370000600814819e-01
1.667868643999099731e-01
8.311279863119125366e-02
2.120123058557510376e-01
7.862844318151473999e-02
5.806135013699531555e-02
5.773942545056343079e-02
5.776277184486389160e-02
5.793770030140876770e-02
1.845478266477584839e-01
4.799865128006786108e-04
4.177382886409759521e-01
1.031126379966735840e-01
3.732935738298692740e-09
5.777226874670304824e-08
1.174950227141380310e-01
1.073842421174049377e-01
5.891627073287963867e-02
7.341947406530380249e-02
2.097744261845946312e-03
2.679687738418579102e-02
2.140490561723709106e-01
1.884519308805465698e-01
8.856641501188278198e-02
2.574670612812042236e-01
9.474793076515197754e-02
6.382489949464797974e-02
5.927498266100883484e-02
6.358066946268081665e-02
6.311442703008651733e-02
2.075850814580917358e-01
3.398734552320092916e-04
4.039330184459686279e-01
1.002008914947509766e-01
3.732935738298692740e-09
5.777226874670304824e-08
1.607439070940017700e-01
1.492889076471328735e-01
8.557476848363876343e-02
9.122496098279953003e-02
1.983131282031536102e-03
2.843219600617885590e-02
1.918160915374755859e-01
1.741140037775039673e-01
3.305847346782684326e-01
2.913840413093566895e-01
8.846139907836914062e-02
2.363194376230239868e-01
6.295329332351684570e-02
2.306245118379592896e-01
2.306717187166213989e-01
2.370629310607910156e-01
3.528104862198233604e-04
3.406280577182769775e-01
1.052390635013580322e-01
3.732935738298692740e-09
5.777226874670304824e-08
1.233389675617218018e-01
1.167689934372901917e-01
7.081142812967300415e-02
8.423618227243423462e-02
1.599287730641663074e-03
2.357111312448978424e-02
1.837413907051086426e-01
1.829159855842590332e-01
5.700871348381042480e-01
2.950399816036224365e-01
8.581397682428359985e-02
3.836275637149810791e-01
6.441146880388259888e-02
4.224165380001068115e-01
3.872109353542327881e-01
2.525345385074615479e-01
2.631703391671180725e-04
2.126802951097488403e-01
9.108064323663711548e-02
3.732935738298692740e-09
5.777226874670304824e-08
1.004295349121093750e-01
9.132984280586242676e-02
5.216547846794128418e-02
7.007159292697906494e-02
1.965058268979191780e-03
3.012803755700588226e-02
1.949284523725509644e-01
1.924433559179306030e-01
2.476087361574172974e-01
2.932070195674896240e-01
9.414827078580856323e-02
1.885397583246231079e-01
6.691121309995651245e-02
1.720886826515197754e-01
1.734910458326339722e-01
3.175942003726959229e-01
2.971337817143648863e-04
2.292949706315994263e-01
1.039527282118797302e-01
3.732935738298692740e-09
5.777226874670304824e-08
1.198108419775962830e-01
1.104788407683372498e-01
6.701738387346267700e-02
7.985279709100723267e-02
1.887994236312806606e-03
2.980007790029048920e-02
1.882221251726150513e-01
2.055299431085586548e-01
4.479776918888092041e-01
3.134631216526031494e-01
9.315687417984008789e-02
3.110208511352539062e-01
7.695653289556503296e-02
3.552958667278289795e-01
3.094287216663360596e-01
5.312799811363220215e-01
3.380029520485550165e-04
2.099679261445999146e-01
1.010070815682411194e-01
3.732935738298692740e-09
5.777226874670304824e-08
2.063205391168594360e-01
1.943559497594833374e-01
1.235822662711143494e-01
8.737066388130187988e-02
1.834486727602779865e-03
3.315345942974090576e-02
4.717794358730316162e-01
4.414503574371337891e-01
7.534646987915039062e-01
3.767310678958892822e-01
1.486017405986785889e-01
4.698892533779144287e-01
8.503270149230957031e-02
4.856978952884674072e-01
5.678878426551818848e-01
9.053017497062683105e-01
3.998839238192886114e-04
2.880505919456481934e-01
1.051367521286010742e-01
3.732935738298692740e-09
5.777226874670304824e-08
2.514478564262390137e-01
2.581255137920379639e-01
1.388925760984420776e-01
1.396030932664871216e-01
3.158986335620284081e-03
6.116322800517082214e-02
2.741900980472564697e-01
2.733357250690460205e-01
1.002063155174255371e+00
4.746527671813964844e-01
1.416735500097274780e-01
3.403430879116058350e-01
1.004096269607543945e-01
6.741639971733093262e-01
6.774834990501403809e-01
5.680763721466064453e-01
4.461524076759815216e-04
2.753137648105621338e-01
1.583488136529922485e-01
3.732935738298692740e-09
1.219095569103956223e-02
3.489861488342285156e-01
3.344250619411468506e-01
2.062477022409439087e-01
2.594037652015686035e-01
3.228738205507397652e-03
5.787217617034912109e-02
4.209086894989013672e-01
2.652084529399871826e-01
9.909484386444091797e-01
5.538413524627685547e-01
1.435574144124984741e-01
3.352380692958831787e-01
1.216844543814659119e-01
2.561672329902648926e-01
2.574542462825775146e-01
4.430414736270904541e-01
5.757439066655933857e-04
4.863067865371704102e-01
1.568133085966110229e-01
3.732935738298692740e-09
1.219100970774888992e-02
1.716725081205368042e-01
1.551352590322494507e-01
1.143584027886390686e-01
2.623170912265777588e-01
3.284277161583304405e-03
5.215556547045707703e-02
3.773269355297088623e-01
4.356099367141723633e-01
7.628049850463867188e-01
6.712639927864074707e-01
2.087871283292770386e-01
6.120101809501647949e-01
1.382514834403991699e-01
5.860752463340759277e-01
5.856701135635375977e-01
4.764907658100128174e-01
6.698811776004731655e-04
4.485048055648803711e-01
1.134502887725830078e-01
3.732935738298692740e-09
1.219238340854644775e-02
5.894610285758972168e-02
7.416623085737228394e-02
2.657978236675262451e-02
2.131884098052978516e-01
2.949261106550693512e-03
3.730345144867897034e-02
3.367972671985626221e-01
3.219633698463439941e-01
2.817443311214447021e-01
7.647749781608581543e-01
1.977861076593399048e-01
1.842605620622634888e-01
1.518719196319580078e-01
1.859956532716751099e-01
1.857217699289321899e-01
3.685685694217681885e-01
7.522011292167007923e-04
4.281403720378875732e-01
1.228401586413383484e-01
3.732935738298692740e-09
1.219272892922163010e-02
7.891293615102767944e-02
6.362876296043395996e-02
3.128797933459281921e-02
1.364361047744750977e-01
2.810769947245717049e-03
6.205985322594642639e-03
1.139552295207977295e-01
1.358284503221511841e-01
9.125205874443054199e-02
1.624247878789901733e-01
7.692694664001464844e-02
1.101246550679206848e-01
5.499264597892761230e-02
1.109529808163642883e-01
1.108244284987449646e-01
8.537139743566513062e-02
6.726551218889653683e-04
2.570300698280334473e-01
1.195661053061485291e-01
3.732935738298692740e-09
1.219346746802330017e-02
1.300094872713088989e-01
1.315070390701293945e-01
5.989271402359008789e-02
1.256637424230575562e-01
1.061744173057377338e-03
2.215169137343764305e-03
2.592791020870208740e-01
2.503821551799774170e-01
6.997976452112197876e-02
9.145128726959228516e-02
1.174019798636436462e-01
1.105707287788391113e-01
1.476670522242784500e-02
7.109070569276809692e-02
7.129813730716705322e-02
8.272784203290939331e-02
2.614025434013456106e-04
1.663150191307067871e-01
1.635714918375015259e-01
3.732935738298692740e-09
1.219211611896753311e-02
1.583125740289688110e-01
1.531137079000473022e-01
7.038036733865737915e-02
1.383361071348190308e-01
6.761764525435864925e-04
6.537526845932006836e-03
3.121951520442962646e-01
3.014371693134307861e-01
9.296032041311264038e-02
7.039847224950790405e-02
1.278248429298400879e-01
1.017416119575500488e-01
7.579199969768524170e-02
1.005670949816703796e-01
1.005612388253211975e-01
1.006044819951057434e-01
1.970295706996694207e-04
1.569520086050033569e-01
1.489174962043762207e-01
3.732935738298692740e-09
1.219300832599401474e-02
1.014345884323120117e-01
1.078936457633972168e-01
6.200140342116355896e-02
1.966926902532577515e-01
8.455920033156871796e-04
4.964637756347656250e-02
2.808940112590789795e-01
3.362495005130767822e-01
1.070074066519737244e-01
2.104791849851608276e-01
1.758145838975906372e-01
1.109226122498512268e-01
1.004344597458839417e-01
1.228214278817176819e-01
1.216919794678688049e-01
1.189614608883857727e-01
2.423317200737074018e-04
1.196590885519981384e-01
1.682126522064208984e-01
3.732935738298692740e-09
1.219368819147348404e-02
5.994614958763122559e-02
5.732649192214012146e-02
2.595970593392848969e-02
2.747792005538940430e-01
8.112800423987209797e-04
3.165136650204658508e-02
3.403298556804656982e-01
3.730399608612060547e-01
1.204455271363258362e-01
2.952655404806137085e-02
1.769909113645553589e-01
1.616307049989700317e-01
2.472215890884399414e-02
1.455309391021728516e-01
1.437992453575134277e-01
1.417198032140731812e-01
2.629143127705901861e-04
1.763656735420227051e-01
1.910678148269653320e-01
3.732935738298692740e-09
1.219550892710685730e-02
8.784148842096328735e-03
8.061941713094711304e-03
2.607877366244792938e-03
3.031844198703765869e-01
1.147711183875799179e-03
1.336234528571367264e-02
3.719605207443237305e-01
3.972869813442230225e-01
5.629383027553558350e-02
1.896377466619014740e-02
1.595525890588760376e-01
1.567125171422958374e-01
1.508920919150114059e-02
1.621725410223007202e-01
1.632377505302429199e-01
9.671369940042495728e-02
1.470541901653632522e-04
7.662627846002578735e-02
2.253575325012207031e-01
3.732935738298692740e-09
1.219654176384210587e-02
7.746179122477769852e-03
1.093320082873106003e-02
2.436628099530935287e-03
3.175379335880279541e-01
6.576000596396625042e-04
1.224337890744209290e-02
5.482643246650695801e-01
5.116110444068908691e-01
1.792163401842117310e-01
9.100243449211120605e-02
2.269982248544692993e-01
2.184535264968872070e-01
1.150233298540115356e-02
7.545235008001327515e-02
7.544217258691787720e-02
3.068966567516326904e-01
1.868203980848193169e-04
1.041190996766090393e-01
1.870327144861221313e-01
3.732935738298692740e-09
1.219693105667829514e-02
1.218045502901077271e-02
1.312987040728330612e-02
5.919943097978830338e-03
3.705867230892181396e-01
4.720090946648269892e-04
3.518419107422232628e-03
6.606796979904174805e-01
6.443276405334472656e-01
5.010969042778015137e-01
2.042826861143112183e-01
2.855656147003173828e-01
4.989818632602691650e-01
3.341620415449142456e-02
4.598475396633148193e-01
4.606325626373291016e-01
3.203748166561126709e-01
3.941075410693883896e-04
1.670124530792236328e-01
2.377134114503860474e-01
3.732935738298692740e-09
1.219676900655031204e-02
2.021677233278751373e-02
2.782878279685974121e-02
1.295041386038064957e-02
4.363931715488433838e-01
1.104804177884943783e-04
6.387870758771896362e-03
4.225164353847503662e-01
4.082005023956298828e-01
3.943709135055541992e-01
1.597497463226318359e-01
2.113464474678039551e-01
4.706616401672363281e-01
5.685753002762794495e-02
4.313434660434722900e-01
4.332182407379150391e-01
1.098679900169372559e-01
3.870340588036924601e-04
3.175445497035980225e-01
1.967640519142150879e-01
3.732935738298692740e-09
1.219731848686933517e-02
3.392890468239784241e-02
3.644399717450141907e-02
2.165586315095424652e-02
3.479611873626708984e-01
1.330278464592993259e-03
1.398078165948390961e-03
3.807640075683593750e-01
3.679636716842651367e-01
3.513514101505279541e-01
3.729974031448364258e-01
1.790598630905151367e-01
3.698966205120086670e-01
8.251994848251342773e-02
3.365201056003570557e-01
3.358436822891235352e-01
9.929823875427246094e-02
3.112477716058492661e-04
2.958576381206512451e-01
1.742110997438430786e-01
3.732935738298692740e-09
1.219741720706224442e-02
4.668464884161949158e-02
4.678258672356605530e-02
2.978813648223876953e-02
2.047371119260787964e-01
7.563817198388278484e-04
1.579018775373697281e-03
3.592674434185028076e-01
3.515084981918334961e-01
4.251596331596374512e-02
4.332317113876342773e-01
1.787628680467605591e-01
5.174370482563972473e-02
1.351195126771926880e-01
5.679115653038024902e-02
5.512507632374763489e-02
1.476546376943588257e-01
4.699438286479562521e-04
3.397993147373199463e-01
1.722840666770935059e-01
3.732935738298692740e-09
1.219632197171449661e-02
5.743530765175819397e-02
5.625669658184051514e-02
3.774936124682426453e-02
2.196013182401657104e-01
1.264901831746101379e-03
1.761210616677999496e-03
3.681329786777496338e-01
3.926171958446502686e-01
4.823128506541252136e-02
4.235421717166900635e-01
2.254244834184646606e-01
4.081781953573226929e-02
1.651584655046463013e-01
5.919250473380088806e-02
5.923727154731750488e-02
1.656646877527236938e-01
5.333269946277141571e-04
3.877560794353485107e-01
1.962139010429382324e-01
3.732935738298692740e-09
1.220028102397918701e-02
5.675391480326652527e-02
5.431743338704109192e-02
4.173669591546058655e-02
2.979570925235748291e-01
1.292767468839883804e-03
8.451100438833236694e-03
4.908480942249298096e-01
4.642678201198577881e-01
9.126872569322586060e-02
6.675418019294738770e-01
3.058670461177825928e-01
1.011307239532470703e-01
2.372215539216995239e-01
9.630713611841201782e-02
9.735091775655746460e-02
2.717300951480865479e-01
5.005085258744657040e-04
3.721580207347869873e-01
1.339396685361862183e-01
3.732935738298692740e-09
1.042528892867267132e-03
4.790088534355163574e-02
4.416884854435920715e-02
2.909868955612182617e-02
2.552535831928253174e-01
1.615395653061568737e-03
1.220642495900392532e-02
3.294239342212677002e-01
2.670949995517730713e-01
7.803973555564880371e-02
4.134107530117034912e-01
1.885488033294677734e-01
9.945354610681533813e-02
2.142203599214553833e-01
1.069579049944877625e-01
1.066853404045104980e-01
1.619863063097000122e-01
3.435489488765597343e-04
3.646686077117919922e-01
1.180695295333862305e-01
3.732935738298692740e-09
3.469989678706042469e-05
7.554290443658828735e-02
7.027047872543334961e-02
3.410432860255241394e-02
2.170679569244384766e-01
5.874708294868469238e-04
4.775004461407661438e-03
2.329242080450057983e-01
2.140866070985794067e-01
4.325206950306892395e-02
5.260076522827148438e-01
1.734430342912673950e-01
6.133535131812095642e-02
2.285073995590209961e-01
6.080658733844757080e-02
6.152608990669250488e-02
1.158666610717773438e-01
3.013990935869514942e-04
2.967915832996368408e-01
1.130226477980613708e-01
3.732935738298692740e-09
5.325899110175669193e-04
1.085832715034484863e-01
1.053706780076026917e-01
4.794660210609436035e-02
1.978383809328079224e-01
3.629548882599920034e-04
5.438884720206260681e-03
1.650410592555999756e-01
1.567522436380386353e-01
2.181261964142322540e-02
4.393619000911712646e-01
1.446907222270965576e-01
3.044191747903823853e-02
2.002038508653640747e-01
3.026080690324306488e-02
3.009402751922607422e-02
7.488124072551727295e-02
3.149339754600077868e-04
3.385340273380279541e-01
1.097489595413208008e-01
3.732935738298692740e-09
3.413179365452378988e-04
1.455281376838684082e-01
1.377903819084167480e-01
6.535816937685012817e-02
1.391129940748214722e-01
8.026597206480801105e-04
6.840842310339212418e-03
1.051719784736633301e-01
1.141293048858642578e-01
4.268026445060968399e-03
2.940947711467742920e-01
1.046831980347633362e-01
6.948828697204589844e-03
1.694386601448059082e-01
1.559081766754388809e-02
1.586078852415084839e-02
7.449546456336975098e-02
3.021755255758762360e-04
3.537151813507080078e-01
1.231728866696357727e-01
3.732935738298692740e-09
4.058046324644237757e-04
1.033488735556602478e-01
9.434447437524795532e-02
4.479150101542472839e-02
1.111977323889732361e-01
8.666506619192659855e-04
1.191140431910753250e-02
1.421694308519363403e-01
1.281490921974182129e-01
5.440066102892160416e-03
6.323949694633483887e-01
1.278054118156433105e-01
4.629241302609443665e-03
2.316975146532058716e-01
1.273545902222394943e-02
1.266941707581281662e-02
9.963131695985794067e-02
3.020055883098393679e-04
2.876279354095458984e-01
1.120805516839027405e-01
3.732935738298692740e-09
5.889545427635312080e-04
7.255516201257705688e-02
6.771081686019897461e-02
3.419329971075057983e-02
1.485475599765777588e-01
7.394491694867610931e-04
1.646833121776580811e-02
2.046822309494018555e-01
1.767049282789230347e-01
5.172192119061946869e-03
5.436962246894836426e-01
1.591755747795104980e-01
8.115387521684169769e-03
2.276698350906372070e-01
7.817321456968784332e-03
7.283584680408239365e-03
1.520998328924179077e-01
3.100476460531353951e-04
2.687139511108398438e-01
9.939145296812057495e-02
3.732935738298692740e-09
4.907064721919596195e-04
1.750532835721969604e-01
1.649015396833419800e-01
6.408698856830596924e-02
1.582633554935455322e-01
4.928126581944525242e-04
1.601974107325077057e-02
2.531672418117523193e-01
2.709971964359283447e-01
1.133493613451719284e-02
8.480777740478515625e-01
2.358202487230300903e-01
1.393746491521596909e-02
2.763142287731170654e-01
1.064940821379423141e-02
1.216025184839963913e-02
1.557943969964981079e-01
3.758283273782581091e-04
3.773802816867828369e-01
6.839541345834732056e-02
3.732935738298692740e-09
8.339816704392433167e-04
2.523099184036254883e-01
2.321354150772094727e-01
1.184268817305564880e-01
2.020423561334609985e-01
4.853434802498668432e-04
3.786092251539230347e-02
2.154774218797683716e-01
2.168716192245483398e-01
1.420214120298624039e-02
6.205604672431945801e-01
1.858907192945480347e-01
1.738759502768516541e-02
3.152197599411010742e-01
1.610815338790416718e-02
1.654649898409843445e-02
1.263942122459411621e-01
4.618590755853801966e-04
4.689052999019622803e-01
3.432329744100570679e-02
3.732935738298692740e-09
4.627426678780466318e-04
4.061855971813201904e-01
3.834921419620513916e-01
2.183038741350173950e-01
2.126533538103103638e-01
6.501873140223324299e-04
7.809241861104965210e-02
2.293001860380172729e-01
2.267395704984664917e-01
2.141163684427738190e-02
7.908813357353210449e-01
1.913857460021972656e-01
2.491806633770465851e-02
3.224751651287078857e-01
2.379307709634304047e-02
2.382864803075790405e-02
1.722405403852462769e-01
3.408711636438965797e-04
4.062800407409667969e-01
3.915646299719810486e-02
3.732935738298692740e-09
3.961404727306216955e-04
2.791808843612670898e-01
2.233303040266036987e-01
1.349556297063827515e-01
2.064811736345291138e-01
9.997489396482706070e-04
6.047044694423675537e-02
1.312484741210937500e-01
1.334209293127059937e-01
5.018928647041320801e-02
2.975192368030548096e-01
1.228916347026824951e-01
6.118922308087348938e-02
2.333074063062667847e-01
5.553829669952392578e-02
5.577749386429786682e-02
8.750811964273452759e-02
5.952043575234711170e-04
5.838158130645751953e-01
4.092887043952941895e-02
3.732935738298692740e-09
1.873169676400721073e-04
6.875029951333999634e-02
9.021206945180892944e-02
2.433489076793193817e-02
1.455339938402175903e-01
1.359383924864232540e-03
3.984542563557624817e-02
9.328737109899520874e-02
8.295672386884689331e-02
3.890733048319816589e-02
1.932662874460220337e-01
7.626513391733169556e-02
4.927371814846992493e-02
8.218578994274139404e-02
4.716075584292411804e-02
4.694770649075508118e-02
6.030221655964851379e-02
3.013954265043139458e-04
2.175085097551345825e-01
4.067948833107948303e-02
3.732935738298692740e-09
5.035679205320775509e-04
7.866361737251281738e-02
5.897283926606178284e-02
3.527495637536048889e-02
1.463154554367065430e-01
4.109818546567112207e-04
3.077596426010131836e-02
1.046521440148353577e-01
9.772133082151412964e-02
5.328048393130302429e-02
3.379226624965667725e-01
8.942303806543350220e-02
6.237186118960380554e-02
1.024802103638648987e-01
6.011897698044776917e-02
6.033317744731903076e-02
8.471683412790298462e-02
1.377774286083877087e-03
6.347295045852661133e-01
4.008887335658073425e-02
3.732935738298692740e-09
2.731866843532770872e-04
1.519421786069869995e-01
1.427859216928482056e-01
5.997942015528678894e-02
2.303791046142578125e-01
6.375967059284448624e-04
3.238311409950256348e-02
1.559552997350692749e-01
1.460990905761718750e-01
7.269354909658432007e-02
3.054639995098114014e-01
1.354609876871109009e-01
8.013486862182617188e-02
1.046475395560264587e-01
7.984730601310729980e-02
7.687021046876907349e-02
2.562710046768188477e-01
1.517690980108454823e-04
1.249758824706077576e-01
5.735115706920623779e-02
3.732935738298692740e-09
4.073773379786871374e-05
1.814320534467697144e-01
1.682322174310684204e-01
7.307937741279602051e-02
3.372390270233154297e-01
3.307246661279350519e-04
4.516274109482765198e-02
2.123969048261642456e-01
1.836793869733810425e-01
6.277883797883987427e-02
6.434342265129089355e-01
1.859130114316940308e-01
7.259824872016906738e-02
2.715284526348114014e-01
7.025670260190963745e-02
7.082709670066833496e-02
2.497691363096237183e-01
4.986584535799920559e-04
2.194175124168395996e-01
8.549430221319198608e-02
3.732935738298692740e-09
3.714772174134850502e-05
1.228197440505027771e-01
1.324074417352676392e-01
6.026607379317283630e-02
1.007483959197998047e+00
4.045880341436713934e-04
4.548595473170280457e-02
2.077654749155044556e-01
1.758299320936203003e-01
1.087884083390235901e-01
2.687413990497589111e-01
1.698995828628540039e-01
1.252398043870925903e-01
9.626702219247817993e-02
1.176753938198089600e-01
1.178500056266784668e-01
1.978185623884201050e-01
1.336134300800040364e-04
9.673949331045150757e-02
1.560866683721542358e-01
3.732935738298692740e-09
5.770732532255351543e-04
4.255127906799316406e-02
4.364175722002983093e-02
2.362487278878688812e-02
6.468238234519958496e-01
2.367112319916486740e-04
4.884767532348632812e-02
1.594191193580627441e-01
1.584353148937225342e-01
1.323560923337936401e-01
2.239027470350265503e-01
1.179490908980369568e-01
1.501541733741760254e-01
6.132932379841804504e-02
1.399883478879928589e-01
1.406324356794357300e-01
9.967627376317977905e-02
1.515705953352153301e-04
8.785267919301986694e-02
1.805754899978637695e-01
3.732935738298692740e-09
5.777226874670304824e-08
7.441043853759765625e-03
8.203330449759960175e-03
4.010597243905067444e-03
3.313227593898773193e-01
3.382586000952869654e-04
5.503923818469047546e-02
7.511415332555770874e-02
6.288255006074905396e-02
1.437902003526687622e-01
2.191876322031021118e-01
5.977390334010124207e-02
1.665880382061004639e-01
3.169820830225944519e-02
1.599308848381042480e-01
1.601578742265701294e-01
3.891338035464286804e-02
1.580567623022943735e-04
1.128130927681922913e-01
2.583683729171752930e-01
3.732935738298692740e-09
5.777226874670304824e-08
7.459081709384918213e-03
1.105007249861955643e-02
2.161058830097317696e-03
1.847567111253738403e-01
4.611531912814825773e-04
6.545195728540420532e-02
5.309385061264038086e-02
4.395517334342002869e-02
1.329140663146972656e-01
2.890998721122741699e-01
3.637329861521720886e-02
1.491633504629135132e-01
2.778191305696964264e-02
1.425672769546508789e-01
1.451842486858367920e-01
4.336839541792869568e-02
2.128414926119148731e-04
1.420689821243286133e-01
2.628978788852691650e-01
3.732935738298692740e-09
5.777226874670304824e-08
8.894835598766803741e-03
2.009434439241886139e-02
4.451069515198469162e-03
7.677213102579116821e-02
2.263111673528328538e-04
7.752144336700439453e-02
1.704056933522224426e-02
1.231142878532409668e-02
1.388167887926101685e-01
4.102363288402557373e-01
1.164466422051191330e-02
1.581329554319381714e-01
5.441368743777275085e-02
1.523652523756027222e-01
1.526924520730972290e-01
9.980138391256332397e-03
2.334577002329751849e-04
1.360107511281967163e-01
2.546571493148803711e-01
3.732935738298692740e-09
5.777226874670304824e-08
8.317538537085056305e-03
1.125499233603477478e-02
2.551030600443482399e-03
5.528363958001136780e-02
3.059920563828200102e-04
8.511173725128173828e-02
1.059824321419000626e-02
8.857659064233303070e-03
1.384994387626647949e-01
3.722459077835083008e-01
8.561079390347003937e-03
1.588780432939529419e-01
7.101123780012130737e-02
1.518425941467285156e-01
1.574093699455261230e-01
1.478424761444330215e-02
2.584098838269710541e-04
1.259835958480834961e-01
2.834459543228149414e-01
3.732935738298692740e-09
5.777226874670304824e-08
9.154236875474452972e-03
1.685930602252483368e-02
1.732100173830986023e-02
3.615238144993782043e-02
4.020650812890380621e-04
1.217116639018058777e-01
1.528384257107973099e-02
1.824456639587879181e-02
1.090527549386024475e-01
2.746603786945343018e-01
1.175418496131896973e-02
1.146571859717369080e-01
9.810125082731246948e-02
1.123919114470481873e-01
1.113562583923339844e-01
1.427506655454635620e-02
2.142013545380905271e-04
1.352145522832870483e-01
3.033594787120819092e-01
3.732935738298692740e-09
5.777226874670304824e-08
1.416952908039093018e-02
1.405438408255577087e-02
2.037276513874530792e-02
2.534440346062183380e-02
5.631063249893486500e-04
1.066049709916114807e-01
1.583093404769897461e-02
1.871272921562194824e-02
3.852064907550811768e-02
7.675866037607192993e-02
1.298050116747617722e-02
4.078382626175880432e-02
8.867621421813964844e-02
3.879104554653167725e-02
3.945263847708702087e-02
2.401431463658809662e-02
3.703713882714509964e-04
1.583207249641418457e-01
2.840442955493927002e-01
3.732935738298692740e-09
5.777226874670304824e-08
1.617243699729442596e-02
1.731828041374683380e-02
1.880284398794174194e-02
4.411501809954643250e-02
1.242405385710299015e-03
1.018865182995796204e-01
2.170174755156040192e-02
3.256951272487640381e-02
2.005121111869812012e-02
1.712705641984939575e-01
1.742381416261196136e-02
2.656356990337371826e-02
5.000665783882141113e-02
2.797722071409225464e-02
2.759528905153274536e-02
3.304724767804145813e-02
4.118235083296895027e-04
3.058960735797882080e-01
2.763086855411529541e-01
3.732935738298692740e-09
5.777226874670304824e-08
2.476400695741176605e-02
1.870497874915599823e-02
2.512849308550357819e-02
4.316221177577972412e-02
1.039040856994688511e-03
6.339813023805618286e-02
3.035645186901092529e-02
3.132745996117591858e-02
2.673483826220035553e-02
1.743409186601638794e-01
1.913735643029212952e-02
4.139745607972145081e-02
4.040258005261421204e-02
2.516741305589675903e-02
2.496359311044216156e-02
4.338087514042854309e-02
3.951841790694743395e-04
2.287935018539428711e-01
2.693225443363189697e-01
3.732935738298692740e-09
5.777226874670304824e-08
2.633809298276901245e-02
2.636369317770004272e-02
2.023366279900074005e-02
4.285268858075141907e-02
6.562665221281349659e-04
8.799323439598083496e-02
2.465128898620605469e-02
2.508872188627719879e-02
2.805470861494541168e-02
4.580689966678619385e-02
2.062335051596164703e-02
3.094682097434997559e-02
1.049807947129011154e-02
3.027821891009807587e-02
2.200262248516082764e-02
4.354774951934814453e-02
3.192897711414843798e-04
2.416517287492752075e-01
2.706495225429534912e-01
3.732935738298692740e-09
5.777226874670304824e-08
5.895056948065757751e-02
5.067928507924079895e-02
2.972797118127346039e-02
4.805344715714454651e-02
2.170439111068844795e-04
1.134329065680503845e-01
7.497549802064895630e-02
6.637998670339584351e-02
1.592498831450939178e-02
1.433502286672592163e-01
5.645273253321647644e-02
1.740006357431411743e-02
6.472912430763244629e-02
1.825646124780178070e-02
1.799204945564270020e-02
6.415154784917831421e-02
3.344468714203685522e-04
2.773377895355224609e-01
2.878005802631378174e-01
3.732935738298692740e-09
5.777226874670304824e-08
1.032910645008087158e-01
9.213024377822875977e-02
5.139105394482612610e-02
8.807931095361709595e-02
2.172798413084819913e-04
1.437492370605468750e-01
1.091312170028686523e-01
9.434930235147476196e-02
1.913518272340297699e-02
1.732844114303588867e-01
7.042077183723449707e-02
1.956325955688953400e-02
7.058257609605789185e-02
1.684812642633914948e-02
1.689543575048446655e-02
5.350773409008979797e-02
4.904248635284602642e-04
4.008258581161499023e-01
3.113444149494171143e-01
3.732935738298692740e-09
5.777226874670304824e-08
1.499807983636856079e-01
1.467653661966323853e-01
7.293132692575454712e-02
1.685318201780319214e-01
2.728573745116591454e-04
1.473749577999114990e-01
3.933512791991233826e-02
3.916670754551887512e-02
2.459524758160114288e-02
1.067661419510841370e-01
3.038260154426097870e-02
1.754741556942462921e-02
3.292790427803993225e-02
2.018113993108272552e-02
2.032980509102344513e-02
5.473665520548820496e-02
3.354527289047837257e-04
2.999007403850555420e-01
2.992606461048126221e-01
3.732935738298692740e-09
5.777226874670304824e-08
9.761828929185867310e-02
8.988943696022033691e-02
5.617006495594978333e-02
1.389287114143371582e-01
3.032341192010790110e-04
1.811068803071975708e-01
7.113731652498245239e-02
9.684535115957260132e-02
7.544680032879114151e-03
2.663128077983856201e-01
4.102631285786628723e-02
5.764211062341928482e-03
7.707472890615463257e-02
4.796864464879035950e-03
4.692474380135536194e-03
1.818600445985794067e-01
5.669637466780841351e-04
4.070839881896972656e-01
2.278309911489486694e-01
3.732935738298692740e-09
5.777226874670304824e-08
4.276915267109870911e-02
4.810960963368415833e-02
3.459987044334411621e-02
5.180351808667182922e-02
4.229629121255129576e-04
2.075413018465042114e-01
5.176770687103271484e-02
1.151888146996498108e-01
6.778502836823463440e-03
1.748926043510437012e-01
3.842349722981452942e-02
7.824443280696868896e-03
8.402542024850845337e-02
6.331877782940864563e-03
6.348673254251480103e-03
1.539369672536849976e-01
7.568481378257274628e-04
6.507373452186584473e-01
2.734011709690093994e-01
3.732935738298692740e-09
5.777226874670304824e-08
3.541538491845130920e-02
3.013622574508190155e-02
3.286039829254150391e-02
4.709777235984802246e-02
3.479641163721680641e-04
2.103593200445175171e-01
1.054196953773498535e-01
1.485235095024108887e-01
9.075420908629894257e-03
2.260139137506484985e-01
8.428668975830078125e-02
7.541844155639410019e-03
9.583235532045364380e-02
9.470368735492229462e-03
9.133630432188510895e-03
1.455409675836563110e-01
1.086918520741164684e-03
9.189600944519042969e-01
1.952763944864273071e-01
3.732935738298692740e-09
5.777226874670304824e-08
1.485638618469238281e-01
1.351735740900039673e-01
8.944030851125717163e-02
6.374338269233703613e-02
5.206426721997559071e-04
3.264712393283843994e-01
2.044048458337783813e-01
2.075756937265396118e-01
1.012929342687129974e-02
3.588872849941253662e-01
1.220405474305152893e-01
1.234911289066076279e-02
1.828246563673019409e-01
1.081833336502313614e-02
1.074507832527160645e-02
2.684215605258941650e-01
1.250037574209272861e-03
1.066612243652343750e+00
7.611624151468276978e-02
3.732935738298692740e-09
5.777226874670304824e-08
2.008395940065383911e-01
1.881711483001708984e-01
1.423263102769851685e-01
1.447621434926986694e-01
6.355733494274318218e-04
4.480691850185394287e-01
9.015119075775146484e-02
1.135770976543426514e-01
5.269685015082359314e-02
2.893147468566894531e-01
6.244501471519470215e-02
4.773755744099617004e-02
1.375723928213119507e-01
4.641951993107795715e-02
4.662340506911277771e-02
1.492301821708679199e-01
1.425998285412788391e-03
1.216799378395080566e+00
1.408811509609222412e-01
3.732935738298692740e-09
2.439218945801258087e-02
9.424674510955810547e-02
7.725626975297927856e-02
8.728644996881484985e-02
7.172799855470657349e-02
7.698735571466386318e-04
2.637830376625061035e-01
2.332446537911891937e-02
3.373859077692031860e-02
2.471099048852920532e-02
8.850365132093429565e-02
2.230048179626464844e-02
2.290359139442443848e-02
4.777722433209419250e-02
2.218887768685817719e-02
2.196936309337615967e-02
5.609229207038879395e-02
1.158279716037213802e-03
7.652938961982727051e-01
2.415855228900909424e-02
1.381723117083311081e-02
1.306426882743835449e+00
2.705439738929271698e-02
2.566213719546794891e-02
2.564350701868534088e-02
4.425709322094917297e-02
4.433322174008935690e-04
1.995734423398971558e-01
2.945980243384838104e-02
3.640665858983993530e-02
2.286022715270519257e-02
1.666930466890335083e-01
2.163929305970668793e-02
2.471300028264522552e-02
4.951316118240356445e-02
2.202537655830383301e-02
2.188035100698471069e-02
2.930424548685550690e-02
8.248391095548868179e-04
7.605270743370056152e-01
1.804420165717601776e-02
2.072604745626449585e-02
1.985293984413146973e+00
3.027920424938201904e-02
2.770326100289821625e-02
2.428337000310420990e-02
2.141272276639938354e-02
3.786056768149137497e-04
1.538868993520736694e-01
2.039531618356704712e-02
1.641707867383956909e-02
2.060424350202083588e-02
1.583691984415054321e-01
1.508950535207986832e-02
2.250827662646770477e-02
3.996913507580757141e-02
2.106234617531299591e-02
2.104764245450496674e-02
1.378025021404027939e-02
6.419559940695762634e-04
6.039154529571533203e-01
2.606545947492122650e-02
2.072718739509582520e-02
2.167001485824584961e+00
5.192527547478675842e-02
6.138302013278007507e-02
4.257191345095634460e-02
2.189621329307556152e-02
3.293942136224359274e-04
8.638577908277511597e-02
4.812059178948402405e-02
2.908544056117534637e-02
6.466556340456008911e-02
2.957454621791839600e-01
3.403240069746971130e-02
5.669369176030158997e-02
1.072280779480934143e-01
6.736034154891967773e-02
6.786114722490310669e-02
8.712556213140487671e-02
7.032908615656197071e-04
6.884776949882507324e-01
2.356193028390407562e-02
2.072879113256931305e-02
2.167029380798339844e+00
1.088401302695274353e-01
1.077997684478759766e-01
8.613473176956176758e-02
3.631735220551490784e-02
2.772176812868565321e-04
1.119351163506507874e-01
5.154209956526756287e-02
3.832756355404853821e-02
7.455516606569290161e-02
2.623986303806304932e-01
6.061508879065513611e-02
7.450121641159057617e-02
7.526161521673202515e-02
6.109859421849250793e-02
7.035548239946365356e-02
7.259219139814376831e-02
1.061822753399610519e-03
7.934636473655700684e-01
2.908879518508911133e-02
2.073012664914131165e-02
2.167049646377563477e+00
4.090745374560356140e-02
4.378569126129150391e-02
4.501609876751899719e-02
4.269414022564888000e-02
1.588406303199008107e-04
3.760287538170814514e-02
1.198847889900207520e-01
1.001907885074615479e-01
3.478705510497093201e-02
6.967449188232421875e-01
1.174076423048973083e-01
2.684040181338787079e-02
1.562009453773498535e-01
2.424100972712039948e-02
2.441819570958614349e-02
8.803812414407730103e-02
1.409804448485374451e-03
1.076812863349914551e+00
2.198746614158153534e-02
2.072907239198684692e-02
2.167039632797241211e+00
3.203888610005378723e-02
3.282999247312545776e-02
2.141852676868438721e-02
7.777655124664306641e-02
2.646860375534743071e-04
1.735053025186061859e-02
3.785414993762969971e-02
2.642588876187801361e-02
5.494635179638862610e-02
1.645043343305587769e-01
2.953287214040756226e-02
5.850888416171073914e-02
5.137091502547264099e-02
6.602881103754043579e-02
6.521323323249816895e-02
1.647935062646865845e-02
1.573996036313474178e-03
1.317563176155090332e+00
2.917052060365676880e-02
2.072848752140998840e-02
2.167040586471557617e+00
1.062344014644622803e-02
9.380631148815155029e-03
5.192105192691087723e-03
9.296914190053939819e-02
8.719754259800538421e-05
8.702155202627182007e-02
1.597380451858043671e-02
1.368871424347162247e-02
2.474543452262878418e-02
2.569350004196166992e-01
1.262471824884414673e-02
2.549649216234683990e-02
7.564679533243179321e-02
2.576052956283092499e-02
2.570925466716289520e-02
1.430474687367677689e-02
1.532864291220903397e-03
1.056734681129455566e+00
5.212473496794700623e-02
2.072725817561149597e-02
2.167057275772094727e+00
6.044069770723581314e-03
6.661965046077966690e-03
1.999791013076901436e-03
4.542190209031105042e-02
1.218100296682678163e-04
5.249790474772453308e-02
2.525733970105648041e-02
3.240523859858512878e-02
2.035085111856460571e-02
1.306948661804199219e-01
1.732697337865829468e-02
2.016164921224117279e-02
3.808308020234107971e-02
2.044362202286720276e-02
2.037726156413555145e-02
3.498358279466629028e-02
1.844668295234441757e-03
1.529029250144958496e+00
6.948527693748474121e-02
2.072763815522193909e-02
2.167090415954589844e+00
1.603354141116142273e-02
1.909760199487209320e-02
9.175382554531097412e-03
2.333487011492252350e-02
3.594956360757350922e-04
8.986002206802368164e-02
3.234781324863433838e-02
3.906806558370590210e-02
2.360224723815917969e-02
1.600690037012100220e-01
1.977380178868770599e-02
2.451049722731113434e-02
3.886001184582710266e-02
2.418598718941211700e-02
2.416977472603321075e-02
5.503225326538085938e-02
1.780975610017776489e-03
1.397517561912536621e+00
7.530149817466735840e-02
2.072933129966259003e-02
2.167129516601562500e+00
3.053969331085681915e-02
2.115605771541595459e-02
1.257477421313524246e-02
2.640825696289539337e-02
2.666490327101200819e-04
6.994643062353134155e-02
4.588440060615539551e-02
4.861409589648246765e-02
3.019255958497524261e-02
1.739161759614944458e-01
3.548526763916015625e-02
3.256852924823760986e-02
4.908985272049903870e-02
3.450845181941986084e-02
3.439951315522193909e-02
3.287971392273902893e-02
2.400269964709877968e-03
1.948742866516113281e+00
1.075382158160209656e-01
2.073093317449092865e-02
2.167155504226684570e+00
5.685262754559516907e-02
4.017771780490875244e-02
2.223581634461879730e-02
2.767554484307765961e-02
4.624171124305576086e-04
7.012557238340377808e-02
4.229843616485595703e-02
4.568828269839286804e-02
4.392266273498535156e-02
5.252685546875000000e-01
1.907564513385295868e-02
4.349836707115173340e-02
2.975665964186191559e-02
4.470523819327354431e-02
4.457972571253776550e-02
3.265698254108428955e-02
2.319029532372951508e-03
1.735926628112792969e+00
1.035595312714576721e-01
2.073227427899837494e-02
2.167168140411376953e+00
6.412159651517868042e-02
5.436713621020317078e-02
3.686232492327690125e-02
2.037712372839450836e-02
3.657222550828009844e-04
2.651147544384002686e-01
2.258972264826297760e-02
1.946565322577953339e-02
5.143661424517631531e-02
2.533237636089324951e-01
2.347966469824314117e-02
5.339704826474189758e-02
4.408769682049751282e-02
6.120359897613525391e-02
5.189574882388114929e-02
2.059511840343475342e-02
2.456018701195716858e-03
1.465602993965148926e+00
1.030386164784431458e-01
2.073325961828231812e-02
2.167180538177490234e+00
6.067675352096557617e-02
4.926472902297973633e-02
4.657549783587455750e-02
2.119121141731739044e-02
3.611478314269334078e-04
2.546919584274291992e-01
1.354231312870979309e-02
9.987457655370235443e-03
6.384740024805068970e-02
1.230832561850547791e-01
1.449812296777963638e-02
5.990948900580406189e-02
3.174979612231254578e-02
6.615427136421203613e-02
6.602375209331512451e-02
2.059010230004787445e-02
2.485461765900254250e-03
1.896300315856933594e+00
1.379186064004898071e-01
2.073387615382671356e-02
2.167184114456176758e+00
6.385198235511779785e-02
5.397962406277656555e-02
5.182351544499397278e-02
2.501279115676879883e-02
2.292325953021645546e-04
3.255186080932617188e-01
4.182404279708862305e-02
5.139049887657165527e-02
6.732721626758575439e-02
3.787273168563842773e-01
3.791142627596855164e-02
6.508275121450424194e-02
8.984734863042831421e-02
6.625953316688537598e-02
6.622850894927978516e-02
7.419589906930923462e-02
1.867034938186407089e-03
1.091894149780273438e+00
1.517008095979690552e-01
2.073293924331665039e-02
2.201041221618652344e+00
7.063182443380355835e-02
5.959315970540046692e-02
4.941216111183166504e-02
3.047610819339752197e-02
1.451841526431962848e-04
1.876578330993652344e-01
2.198883332312107086e-02
3.395477309823036194e-02
7.869590073823928833e-02
2.828581929206848145e-01
2.477352321147918701e-02
5.901825428009033203e-02
6.383265554904937744e-02
6.005347892642021179e-02
6.015637516975402832e-02
8.602299541234970093e-02
1.436742604710161686e-03
1.186060070991516113e+00
6.493305414915084839e-02
2.073170803487300873e-02
1.806370377540588379e+00
9.064844995737075806e-02
7.853821665048599243e-02
6.265643239021301270e-02
2.667663432657718658e-02
4.461902135517448187e-04
1.682521104812622070e-01
1.354048401117324829e-02
2.097954787313938141e-02
8.179119974374771118e-02
1.339475065469741821e-01
2.101993001997470856e-02
8.109003305435180664e-02
3.083223104476928711e-02
8.402497321367263794e-02
8.350644260644912720e-02
8.235230296850204468e-02
1.526679494418203831e-03
1.257175207138061523e+00
7.790537923574447632e-02
7.287214044481515884e-03
1.607135176658630371e+00
8.529936522245407104e-02
7.429727911949157715e-02
6.071192026138305664e-02
4.429457709193229675e-02
3.996198938693851233e-04
2.377621978521347046e-01
1.218990609049797058e-02
1.832276768982410431e-02
7.040953636169433594e-02
1.317278891801834106e-01
1.560436934232711792e-02
3.769705072045326233e-02
3.806919977068901062e-02
4.857955500483512878e-02
4.840314388275146484e-02
5.873085185885429382e-02
1.483585336245596409e-03
1.253230929374694824e+00
1.187946423888206482e-01
2.210402162745594978e-03
1.076211571693420410e+00
1.100473329424858093e-01
9.361580759286880493e-02
7.828166335821151733e-02
3.294594958424568176e-02
4.018396139144897461e-04
3.185630440711975098e-01
2.314533852040767670e-02
2.105685323476791382e-02
7.970319688320159912e-02
1.667028814554214478e-01
2.611256577074527740e-02
7.832579314708709717e-02
3.146544471383094788e-02
8.069219440221786499e-02
8.037794381380081177e-02
1.356477886438369751e-01
1.636493019759654999e-03
1.396646499633789062e+00
1.126229986548423767e-01
3.930488601326942444e-04
2.397792786359786987e-01
8.442267030477523804e-02
7.168328016996383667e-02
5.373806133866310120e-02
4.775651171803474426e-02
3.428544441703706980e-04
3.522788584232330322e-01
3.168527409434318542e-02
4.323710501194000244e-02
5.192813649773597717e-02
1.705937236547470093e-01
1.947115547955036163e-02
6.263518333435058594e-02
2.117856033146381378e-02
6.646028906106948853e-02
6.545116752386093140e-02
1.488698273897171021e-01
1.512982067652046680e-03
1.247846245765686035e+00
7.159423083066940308e-02
3.398154221940785646e-04
1.675779074430465698e-01
9.502562135457992554e-02
8.224418014287948608e-02
6.235732510685920715e-02
4.170407354831695557e-02
4.716600815299898386e-04
4.203653633594512939e-01
7.234511431306600571e-03
1.795174926519393921e-02
2.901513874530792236e-02
1.914008408784866333e-01
5.085140466690063477e-03
2.626659721136093140e-02
2.900921367108821869e-02
2.551173418760299683e-02
2.562857232987880707e-02
7.189404219388961792e-02
1.235371339134871960e-03
1.177549362182617188e+00
4.459800198674201965e-02
3.585438244044780731e-04
1.393988132476806641e-01
8.970453590154647827e-02
7.490778714418411255e-02
6.417819857597351074e-02
6.820625159889459610e-03
3.671933955047279596e-04
5.285961031913757324e-01
7.237328216433525085e-03
1.010267343372106552e-02
3.699611499905586243e-02
1.719947606325149536e-01
5.095218773931264877e-03
3.746585920453071594e-02
3.246602788567543030e-02
2.509401179850101471e-02
2.502446807920932770e-02
1.157299708575010300e-02
7.586369756609201431e-04
6.645244956016540527e-01
5.601844191551208496e-02
4.200580588076263666e-04
1.461942940950393677e-01
1.892960071563720703e-01
1.643311828374862671e-01
1.362694352865219116e-01
1.785551942884922028e-02
1.914303138619288802e-04
6.153781414031982422e-01
4.074038937687873840e-02
3.690893575549125671e-02
4.410196468234062195e-02
1.700748801231384277e-01
1.019630674272775650e-02
3.656435757875442505e-02
3.747804462909698486e-02
4.861455038189888000e-02
4.769983515143394470e-02
6.208331882953643799e-02
1.011888612993061543e-03
6.790094971656799316e-01
3.865465894341468811e-02
9.817513637244701385e-05
1.458068042993545532e-01
3.022401630878448486e-01
2.598234415054321289e-01
2.159609049558639526e-01
6.985545903444290161e-02
6.392435898305848241e-05
4.056693017482757568e-01
3.033038042485713959e-02
5.667812749743461609e-02
4.261571541428565979e-02
2.126582860946655273e-01
1.728320494294166565e-02
3.817635402083396912e-02
4.380819201469421387e-02
3.200872242450714111e-02
3.198945894837379456e-02
1.348194032907485962e-01
1.173819415271282196e-03
9.804410338401794434e-01
3.520276024937629700e-02
1.699554122751578689e-04
1.106946095824241638e-01
2.173097580671310425e-01
1.542644649744033813e-01
1.288554519414901733e-01
2.815635502338409424e-02
6.421570287784561515e-05
2.579040527343750000e-01
3.082100488245487213e-02
6.537148356437683105e-02
4.707650467753410339e-02
8.047321438789367676e-01
1.790343038737773895e-02
4.526241496205329895e-02
4.563749954104423523e-02
3.806592524051666260e-02
3.816445544362068176e-02
1.561573594808578491e-01
8.915939251892268658e-04
6.840981841087341309e-01
3.449248149991035461e-02
9.090068488148972392e-05
1.352961808443069458e-01
7.053733617067337036e-02
5.871028825640678406e-02
3.595203533768653870e-02
7.394917774945497513e-03
3.332271808176301420e-05
3.003412187099456787e-01
2.626249380409717560e-02
8.454651385545730591e-02
8.642854541540145874e-02
9.211480021476745605e-01
2.176060341298580170e-02
7.767230272293090820e-02
8.464013785123825073e-02
6.908960640430450439e-02
6.979537010192871094e-02
1.816015690565109253e-01
7.896046736277639866e-04
6.468544602394104004e-01
1.778461970388889313e-02
4.266848263796418905e-04
1.550253182649612427e-01
8.217988908290863037e-02
5.236307904124259949e-02
3.104031085968017578e-02
2.050057984888553619e-02
3.918232323485426605e-05
2.595022022724151611e-01
3.450803831219673157e-02
8.912775665521621704e-02
5.040368810296058655e-02
5.788579583168029785e-01
3.447087481617927551e-02
5.723342671990394592e-02
1.132411584258079529e-01
4.850187897682189941e-02
4.828456044197082520e-02
2.048419266939163208e-01
1.200700062327086926e-03
8.949994444847106934e-01
3.813922777771949768e-02
3.200524661224335432e-04
2.694061100482940674e-01
1.300300508737564087e-01
1.155051589012145996e-01
4.580353572964668274e-02
1.833032257854938507e-02
7.440848276019096375e-05
2.379085570573806763e-01
2.989721857011318207e-02
6.360479444265365601e-02
4.437245801091194153e-02
2.730968892574310303e-01
2.211384475231170654e-02
3.663692250847816467e-02
7.530663162469863892e-02
3.092067874968051910e-02
3.110552392899990082e-02
1.680107265710830688e-01
1.435715705156326294e-03
1.017332553863525391e+00
5.097811296582221985e-02
1.718254497973248363e-04
2.020507901906967163e-01
6.516964733600616455e-02
7.124873250722885132e-02
4.550417885184288025e-02
1.957917027175426483e-02
8.632210665382444859e-05
2.306303530931472778e-01
1.503628864884376526e-02
3.452500700950622559e-02
1.952735893428325653e-02
1.241777911782264709e-01
8.994444273412227631e-03
1.606125943362712860e-02
2.356003224849700928e-02
1.483757793903350830e-02
1.491163671016693115e-02
1.455386728048324585e-01
1.532844151370227337e-03
1.042765140533447266e+00
5.181577801704406738e-02
2.108825283357873559e-04
2.609488666057586670e-01
5.238147079944610596e-02
5.337775871157646179e-02
5.706398561596870422e-02
2.129982598125934601e-02
6.479134754044935107e-05
3.209309875965118408e-01
2.167295478284358978e-02
4.242054000496864319e-02
3.448991850018501282e-02
5.618693828582763672e-01
1.317915227264165878e-02
3.417749702930450439e-02
6.786472350358963013e-02
3.355812281370162964e-02
3.349813446402549744e-02
1.504602879285812378e-01
1.897756359539926052e-03
1.299565434455871582e+00
4.701688885688781738e-02
3.198110207449644804e-04
1.164383068680763245e-01
2.799625694751739502e-02
2.751034498214721680e-02
3.134610131382942200e-02
4.680815339088439941e-02
7.030687265796586871e-05
4.265606030821800232e-02
8.966865949332714081e-03
2.089191414415836334e-02
2.609131671488285065e-02
2.332305312156677246e-01
4.559373483061790466e-03
2.536083199083805084e-02
1.413116510957479477e-02
2.527449466288089752e-02
2.540903724730014801e-02
1.109662353992462158e-01
1.679093111306428909e-03
1.084268450736999512e+00
4.478088021278381348e-02
7.694769010413438082e-05
5.585501790046691895e-01
7.520738989114761353e-03
7.683130446821451187e-03
6.997734308242797852e-03
1.667892187833786011e-02
8.024308044696226716e-05
1.636232249438762665e-02
4.228384699672460556e-03
6.639795843511819839e-03
1.886176876723766327e-02
3.039572574198246002e-02
3.462255001068115234e-03
1.817988790571689606e-02
4.687839653342962265e-03
1.647942326962947845e-02
1.633620448410511017e-02
7.158944755792617798e-02
1.208514091558754444e-03
7.401470541954040527e-01
4.746483638882637024e-02
1.268901542061939836e-04
1.206452026963233948e-01
2.060282044112682343e-02
9.393868036568164825e-03
3.907836508005857468e-03
1.499244291335344315e-02
2.190103987231850624e-04
1.070019695907831192e-02
1.361698005348443985e-02
7.373586297035217285e-03
1.717750169336795807e-02
4.300265014171600342e-02
5.713902413845062256e-03
1.630410738289356232e-02
1.147874724119901657e-02
1.610320806503295898e-02
1.493128295987844467e-02
3.417801856994628906e-02
6.310571334324777126e-04
5.558543801307678223e-01
5.666799470782279968e-02
1.142825658462243155e-05
5.476190522313117981e-02
2.983435988426208496e-02
1.883658580482006073e-02
8.449629880487918854e-03
5.751100182533264160e-02
1.117804422392509878e-04
4.804204776883125305e-02
8.977537974715232849e-03
8.750171400606632233e-03
1.199784036725759506e-02
9.681713581085205078e-02
4.847765434533357620e-03
1.103491336107254028e-02
1.470949966460466385e-02
1.131162047386169434e-02
1.128779817372560501e-02
6.352028995752334595e-02
9.163834620267152786e-04
6.317716240882873535e-01
4.391342774033546448e-02
3.732935738298692740e-09
1.115532219409942627e-02
3.597677126526832581e-02
2.452925778925418854e-02
1.302541885524988174e-02
7.306457310914993286e-02
1.764844200806692243e-04
7.877735421061515808e-03
5.252918694168329239e-03
1.440465450286865234e-02
1.132373977452516556e-02
6.265120208263397217e-02
2.870984608307480812e-03
1.295908540487289429e-02
9.577572345733642578e-03
1.472782995551824570e-02
1.376491319388151169e-02
9.945932775735855103e-02
8.651637472212314606e-04
6.848776936531066895e-01
4.398395121097564697e-02
3.732935738298692740e-09
3.102373564615845680e-03
3.737942129373550415e-02
2.950455248355865479e-02
6.591831799596548080e-03
4.473854601383209229e-02
8.760945638641715050e-05
7.432196754962205887e-03
2.840254455804824829e-03
3.649898571893572807e-03
2.088979445397853851e-02
5.161129310727119446e-02
1.369552686810493469e-03
2.169805765151977539e-02
8.054704405367374420e-03
1.975801028311252594e-02
1.959818042814731598e-02
8.984252065420150757e-02
9.213888552039861679e-04
7.256526350975036621e-01
4.329838231205940247e-02
3.732935738298692740e-09
3.179148770868778229e-03
5.829639360308647156e-02
4.955313727259635925e-02
1.597145572304725647e-02
2.069053240120410919e-02
4.123660255572758615e-05
3.214194206520915031e-03
3.259884892031550407e-03
5.801678169518709183e-03
1.685888879001140594e-02
1.071580871939659119e-01
1.949957106262445450e-03
1.551409531384706497e-02
1.139714196324348450e-02
1.393040735274553299e-02
1.398100703954696655e-02
8.361020684242248535e-02
8.791538421064615250e-04
5.878400206565856934e-01
4.290710017085075378e-02
3.732935738298692740e-09
2.715820679441094398e-03
6.653596460819244385e-02
6.696397811174392700e-02
1.868757046759128571e-02
9.443183429539203644e-03
6.161210330901667476e-05
7.256794720888137817e-03
1.049529295414686203e-02
1.640777476131916046e-02
1.558642089366912842e-02
8.256838470697402954e-02
4.680735524743795395e-03
1.423109043389558792e-02
1.379281003028154373e-02
1.394383329898118973e-02
1.778793148696422577e-02
1.222630813717842102e-01
1.000588876195251942e-03
7.185721993446350098e-01
4.255911335349082947e-02
3.732935738298692740e-09
2.815889427438378334e-03
8.165290951728820801e-02
5.938810482621192932e-02
1.950358040630817413e-02
2.053634030744433403e-03
2.093235343636479229e-05
1.031444594264030457e-02
7.768878247588872910e-03
1.850711298175156116e-03
1.847492344677448273e-02
7.946135848760604858e-02
3.398992121219635010e-03
1.466648653149604797e-02
9.653073735535144806e-03
1.467824727296829224e-02
1.467091869562864304e-02
8.987838029861450195e-02
7.180212996900081635e-04
4.452386796474456787e-01
4.105691984295845032e-02
3.732935738298692740e-09
2.481088740751147270e-03
1.344439387321472168e-01
7.130774855613708496e-02
2.980635315179824829e-02
2.356046112254261971e-03
2.118694283126387745e-05
1.548655796796083450e-03
7.342523429542779922e-03
9.651849977672100067e-03
2.281767874956130981e-02
6.483478099107742310e-02
4.013934638351202011e-03
2.210356295108795166e-02
9.648284874856472015e-03
2.088714204728603363e-02
2.102343551814556122e-02
1.194278895854949951e-01
8.279826142825186253e-04
5.285642147064208984e-01
3.961121663451194763e-02
3.732935738298692740e-09
2.118219854310154915e-03
1.631134152412414551e-01
1.232267841696739197e-01
7.044693082571029663e-02
1.453401613980531693e-02
3.448147981544025242e-05
4.129023291170597076e-03
6.463749334216117859e-03
5.843353923410177231e-03
2.360426075756549835e-02
7.766008377075195312e-02
3.219010308384895325e-03
2.191574871540069580e-02
8.402251638472080231e-03
1.969549991190433502e-02
1.970501057803630829e-02
7.910596579313278198e-02
8.227534126490354538e-04
6.679856777191162109e-01
4.030460119247436523e-02
3.732935738298692740e-09
3.495341865345835686e-03
1.649663597345352173e-01
1.317026466131210327e-01
6.894693523645401001e-02
5.137267988175153732e-03
2.147391205653548241e-05
2.835895866155624390e-03
1.807705871760845184e-02
2.802636474370956421e-02
2.897412516176700592e-02
5.819235369563102722e-02
1.180188078433275223e-02
2.303924597799777985e-02
2.156279236078262329e-02
2.217523194849491119e-02
2.226958237588405609e-02
7.490640878677368164e-02
9.952519321814179420e-04
5.490784645080566406e-01
3.870899602770805359e-02
3.732935738298692740e-09
7.274145609699189663e-04
1.794649511575698853e-01
1.818847656250000000e-01
1.235447898507118225e-01
5.901203956454992294e-03
4.923325832351110876e-05
6.215695291757583618e-03
9.548123925924301147e-03
5.130347330123186111e-03
5.146203562617301941e-02
1.277415901422500610e-01
8.030832745134830475e-03
4.635980352759361267e-02
4.227237030863761902e-02
4.138881340622901917e-02
4.169574379920959473e-02
5.614481866359710693e-03
9.883091552183032036e-04
8.064541220664978027e-01
3.359781578183174133e-02
3.732935738298692740e-09
3.694499318953603506e-04
8.546660095453262329e-02
7.106520980596542358e-02
1.236187592148780823e-01
1.499727088958024979e-02
5.411258825915865600e-05
2.647782303392887115e-02
4.163757339119911194e-02
2.813224494457244873e-02
5.794155597686767578e-02
2.574962377548217773e-02
2.325835637748241425e-02
5.181775987148284912e-02
3.022890537977218628e-03
5.250410363078117371e-02
5.279113724827766418e-02
2.021759003400802612e-02
1.034810673445463181e-03
6.019447445869445801e-01
2.149986289441585541e-02
3.732935738298692740e-09
5.727927782572805882e-04
5.492223799228668213e-02
4.503856599330902100e-02
1.026452556252479553e-01
4.925972316414117813e-03
2.200682683906052262e-05
1.216715481132268906e-02
3.978996723890304565e-02
3.295220062136650085e-02
1.958955526351928711e-01
1.027807369828224182e-01
2.460333704948425293e-02
1.729311943054199219e-01
1.284877955913543701e-02
1.624200493097305298e-01
1.624149233102798462e-01
6.876645493321120739e-04
1.565860235132277012e-03
1.137270331382751465e+00
1.128769945353269577e-02
3.732935738298692740e-09
1.120760338380932808e-03
1.578368805348873138e-02
1.213222742080688477e-02
3.168833255767822266e-02
1.898623257875442505e-02
1.439029711036710069e-05
9.264961630105972290e-02
1.636202074587345123e-02
1.810531876981258392e-02
1.189817860722541809e-01
7.281477004289627075e-02
1.544287893921136856e-02
1.149221658706665039e-01
5.505636800080537796e-03
1.087651476263999939e-01
1.066604554653167725e-01
6.478680879808962345e-04
1.474816701374948025e-03
1.080332875251770020e+00
1.729693077504634857e-02
3.732935738298692740e-09
4.796803405042737722e-04
1.103101763874292374e-02
1.733847707509994507e-02
5.148661322891712189e-03
1.932461746037006378e-02
2.152378147002309561e-05
1.863082684576511383e-02
1.618590205907821655e-02
7.295443210750818253e-03
5.033519491553306580e-02
2.508142264559864998e-03
1.131939981132745743e-02
4.824711009860038757e-02
2.681808313354849815e-03
4.363277181982994080e-02
4.333003982901573181e-02
1.809762441553175449e-03
1.265728496946394444e-03
1.111012816429138184e+00
1.117592770606279373e-02
3.732935738298692740e-09
1.462391810491681099e-04
4.759633168578147888e-02
5.257712304592132568e-02
3.211366012692451477e-02
5.458199977874755859e-02
4.144414560869336128e-05
2.139856107532978058e-02
1.509633660316467285e-02
7.038936018943786621e-03
1.561031769961118698e-02
3.857031464576721191e-03
8.064062334597110748e-03
1.623707823455333710e-02
1.530724228359758854e-03
1.397210638970136642e-02
1.405966002494096756e-02
1.399246393702924252e-03
2.055004239082336426e-03
1.412723183631896973e+00
9.208681061863899231e-03
3.732935738298692740e-09
8.915823855204507709e-05
2.328795194625854492e-02
2.558911778032779694e-02
1.679846271872520447e-02
2.075603790581226349e-02
4.940750659443438053e-05
9.032321162521839142e-03
1.092486735433340073e-02
4.549896810203790665e-03
1.348782423883676529e-02
7.569249719381332397e-03
6.560280919075012207e-03
1.200848724693059921e-02
5.952013889327645302e-04
1.324295718222856522e-02
1.341877505183219910e-02
5.143441725522279739e-03
1.241930294781923294e-03
9.470909237861633301e-01
9.532642550766468048e-03
3.732935738298692740e-09
7.840978651074692607e-05
1.093195099383592606e-02
1.551535446196794510e-02
2.973224967718124390e-03
1.776191592216491699e-02
3.140006083413027227e-05
4.640097729861736298e-03
5.492666270583868027e-03
1.286605140194296837e-03
5.464369896799325943e-03
1.187650021165609360e-02
3.995626699179410934e-03
1.014217268675565720e-02
9.017763659358024597e-04
8.890269324183464050e-03
8.883885107934474945e-03
4.497088026255369186e-03
9.892935631796717644e-04
8.540647625923156738e-01
9.378043934702873230e-03
3.732935738298692740e-09
1.083249298972077668e-04
6.072669755667448044e-03
7.504373323172330856e-03
4.981778562068939209e-03
1.858940161764621735e-02
2.770232276816386729e-05
5.795307084918022156e-02
4.604460205882787704e-03
2.554742153733968735e-03
1.313667465001344681e-02
2.355121262371540070e-02
2.796890446916222572e-03
2.199546247720718384e-02
1.264605321921408176e-03
1.978876069188117981e-02
2.017808519303798676e-02
3.288896754384040833e-03
1.460933475755155087e-03
9.318037629127502441e-01
1.061185915023088455e-02
3.732935738298692740e-09
1.745640183798968792e-04
6.702138576656579971e-03
7.959634996950626373e-03
3.964104223996400833e-03
2.982590161263942719e-02
3.565056613297201693e-05
8.164545148611068726e-02
3.261064179241657257e-03
1.541882636956870556e-03
1.261917036026716232e-02
2.702639251947402954e-02
1.665348187088966370e-03
1.469961833208799362e-02
2.047485904768109322e-03
1.300223544239997864e-02
1.288709789514541626e-02
8.556749671697616577e-03
1.007262035273015499e-03
8.600714206695556641e-01
1.458754763007164001e-02
3.732935738298692740e-09
8.134231029544025660e-05
1.030410546809434891e-02
1.444993447512388229e-02
7.958180271089076996e-03
3.007098473608493805e-02
3.796442979364655912e-05
7.169603556394577026e-02
3.987800795584917068e-03
3.976655134465545416e-04
7.273624185472726822e-03
1.381070632487535477e-02
1.682996400631964207e-03
3.277958370745182037e-03
1.962269656360149384e-03
2.945872722193598747e-03
2.953226910904049873e-03
6.425852421671152115e-03
9.542976622469723225e-04
7.428738474845886230e-01
1.754172705113887787e-02
3.732935738298692740e-09
7.369116792688146234e-05
1.478022336959838867e-02
1.728736422955989838e-02
8.241008035838603973e-03
1.730303280055522919e-02
1.109091317630372941e-04
7.699806243181228638e-02
2.370815025642514229e-03
2.098760567605495453e-03
1.300598401576280594e-02
4.105876013636589050e-02
2.101584570482373238e-03
1.086846832185983658e-02
6.469292100518941879e-03
9.777267463505268097e-03
9.402203373610973358e-03
9.259988553822040558e-03
9.172538411803543568e-04
1.081449031829833984e+00
2.033741585910320282e-02
3.732935738298692740e-09
1.501187070971354842e-04
5.720127373933792114e-03
6.834236439317464828e-03
3.703463124111294746e-03
2.805196493864059448e-02
9.974132990464568138e-05
1.145308837294578552e-02
4.356993827968835831e-03
2.701757475733757019e-03
2.448437176644802094e-02
3.386056050658226013e-02
3.099241061136126518e-03
1.790255121886730194e-02
1.982173882424831390e-03
1.530633401125669479e-02
1.556080859154462814e-02
5.778867751359939575e-03
1.963487127795815468e-03
5.423809885978698730e-01
2.577009797096252441e-02
3.732935738298692740e-09
4.510968574322760105e-05
1.152401207946240902e-03
1.644584001041948795e-03
5.347271799109876156e-04
1.937478221952915192e-02
1.605616853339597583e-04
1.492806710302829742e-03
1.182754710316658020e-02
4.304407164454460144e-03
1.772002503275871277e-02
3.793075680732727051e-02
7.700094487518072128e-03
1.885730214416980743e-02
2.064503496512770653e-03
1.753719151020050049e-02
1.761003397405147552e-02
6.760228425264358521e-04
6.707766442559659481e-04
3.362689316272735596e-01
2.754689753055572510e-02
3.732935738298692740e-09
4.340463874541455880e-06
2.869390184059739113e-03
1.640526228584349155e-03
1.100391964428126812e-03
2.947580628097057343e-02
1.463490916648879647e-04
1.506788074038922787e-03
9.215766564011573792e-03
5.522791296243667603e-03
1.174359675496816635e-02
3.332268074154853821e-02
7.049636915326118469e-03
1.096630189567804337e-02
4.237379878759384155e-03
4.533406812697649002e-03
4.511390812695026398e-03
9.486980852670967579e-04
8.824834949336946011e-04
6.457750201225280762e-01
3.539900854229927063e-02
3.732935738298692740e-09
5.777226874670304824e-08
2.148531377315521240e-03
2.562418580055236816e-03
1.227052067406475544e-03
2.623907290399074554e-02
1.634915388422086835e-04
2.176589798182249069e-03
4.757966380566358566e-03
1.277666538953781128e-03
1.056394726037979126e-02
4.863315820693969727e-02
2.717318711802363396e-03
1.285856962203979492e-02
5.543120671063661575e-03
9.526041336357593536e-03
9.676243178546428680e-03
9.413657826371490955e-04
2.781740331556648016e-04
2.264264971017837524e-01
4.866572096943855286e-02
3.732935738298692740e-09
5.777226874670304824e-08
2.567620249465107918e-03
2.669780282303690910e-03
1.459253602661192417e-03
2.397328801453113556e-02
1.841224293457344174e-04
1.072739437222480774e-02
1.410886296071112156e-03
8.808925631456077099e-04
1.739468611776828766e-02
4.914776608347892761e-02
8.936448139138519764e-04
1.787081733345985413e-02
5.591689143329858780e-03
2.179370820522308350e-02
2.122306823730468750e-02
7.269922643899917603e-04
2.654073759913444519e-04
2.979291975498199463e-01
4.102902486920356750e-02
3.732935738298692740e-09
5.777226874670304824e-08
1.689797826111316681e-02
1.707763411104679108e-02
1.722466386854648590e-02
6.163401063531637192e-03
1.880791242001578212e-04
1.272078324109315872e-02
3.654050407931208611e-03
4.091140348464250565e-03
4.417274147272109985e-03
7.762349396944046021e-02
3.290788270533084869e-03
3.151397220790386200e-03
1.187562290579080582e-02
2.639688551425933838e-03
2.358927391469478607e-03
3.845011116936802864e-03
1.747466158121824265e-04
4.094043970108032227e-01
4.371584579348564148e-02
3.732935738298692740e-09
5.777226874670304824e-08
5.758072808384895325e-02
5.298557877540588379e-02
4.246984794735908508e-02
1.192946825176477432e-02
2.133074012817814946e-04
5.182288959622383118e-02
9.015657939016819000e-03
1.003531087189912796e-02
6.562588736414909363e-03
1.096524000167846680e-01
6.312148179858922958e-03
7.618852425366640091e-03
2.172847278416156769e-02
6.862251553684473038e-03
7.069400046020746231e-03
8.798384107649326324e-03
3.807098546531051397e-04
1.959107369184494019e-01
4.938448593020439148e-02
3.732935738298692740e-09
5.777226874670304824e-08
7.448542118072509766e-02
6.832776218652725220e-02
5.997933074831962585e-02
7.362315896898508072e-03
2.157884446205571294e-04
1.821534894406795502e-02
2.164256572723388672e-02
2.497171051800251007e-02
3.009102540090680122e-03
1.186650767922401428e-01
1.558319013565778732e-02
3.895282046869397163e-03
3.837387636303901672e-02
4.214666318148374557e-03
4.259595647454261780e-03
2.105637826025485992e-02
5.069631733931601048e-04
2.941474020481109619e-01
5.456101521849632263e-02
3.732935738298692740e-09
5.777226874670304824e-08
9.990358352661132812e-02
9.972494095563888550e-02
7.429508119821548462e-02
3.359800949692726135e-02
1.502969971625134349e-04
5.167925357818603516e-02
3.116034716367721558e-02
3.298759087920188904e-02
3.985763993114233017e-03
1.682745665311813354e-01
2.386865951120853424e-02
5.076712463051080704e-03
6.266859173774719238e-02
5.000151693820953369e-03
4.915213678032159805e-03
3.463532403111457825e-02
2.213655243394896388e-04
9.766145795583724976e-02
5.570934712886810303e-02
3.732935738298692740e-09
5.777226874670304824e-08
9.986073523759841919e-02
8.764912933111190796e-02
6.338436901569366455e-02
4.719228670001029968e-02
1.696784165687859058e-04
3.144861385226249695e-02
3.334841504693031311e-02
3.740325570106506348e-02
9.193054400384426117e-03
2.027437537908554077e-01
2.608247660100460052e-02
9.616578929126262665e-03
6.980854272842407227e-02
8.488599210977554321e-03
8.599021472036838531e-03
3.709271922707557678e-02
3.015001129824668169e-04
1.009120643138885498e-01
5.939755216240882874e-02
3.732935738298692740e-09
5.777226874670304824e-08
1.027889028191566467e-01
9.624367952346801758e-02
6.812001019716262817e-02
5.229950323700904846e-02
1.761708408594131470e-04
4.742498323321342468e-02
3.476304933428764343e-02
3.718738630414009094e-02
2.238130010664463043e-02
2.478564977645874023e-01
2.682304196059703827e-02
2.096022851765155792e-02
9.181671589612960815e-02
1.607851684093475342e-02
1.610220782458782196e-02
3.821381554007530212e-02
8.894448983483016491e-04
5.954003930091857910e-01
6.507269293069839478e-02
3.732935738298692740e-09
5.777226874670304824e-08
1.156464144587516785e-01
1.099088564515113831e-01
7.529131323099136353e-02
5.789009854197502136e-02
1.663499715505167842e-04
5.992156639695167542e-02
3.624403849244117737e-02
4.051924124360084534e-02
2.443663030862808228e-02
2.824186980724334717e-01
2.858585119247436523e-02
2.272452972829341888e-02
9.597826004028320312e-02
2.283266372978687286e-02
2.276921831071376801e-02
4.346828535199165344e-02
9.036685805767774582e-04
3.265828788280487061e-01
9.593673795461654663e-02
3.732935738298692740e-09
5.777226874670304824e-08
1.067671403288841248e-01
1.004685238003730774e-01
7.276043295860290527e-02
5.964647606015205383e-02
1.446495734853670001e-04
7.644373923540115356e-02
4.019133746623992920e-02
3.887751698493957520e-02
2.687277644872665405e-02
2.756904661655426025e-01
2.952547930181026459e-02
2.655723132193088531e-02
1.024548411369323730e-01
2.413102425634860992e-02
2.427449263632297516e-02
3.470331802964210510e-02
2.624949847813695669e-04
1.259041577577590942e-01
1.020464077591896057e-01
3.732935738298692740e-09
5.777226874670304824e-08
9.968843311071395874e-02
9.231265634298324585e-02
6.253572553396224976e-02
5.132932588458061218e-02
1.763016189215704799e-04
1.291114836931228638e-01
4.198085889220237732e-02
4.160842671990394592e-02
3.736894950270652771e-02
2.731552720069885254e-01
3.089064359664916992e-02
3.762212023138999939e-02
7.621014863252639771e-02
3.354668989777565002e-02
3.400420770049095154e-02
4.071416705846786499e-02
1.424309011781588197e-04
1.214551553130149841e-01
1.073210611939430237e-01
3.732935738298692740e-09
5.777226874670304824e-08
9.714003652334213257e-02
8.931536227464675903e-02
6.479891389608383179e-02
4.616901278495788574e-02
1.809112000046297908e-04
1.543860584497451782e-01
5.549148842692375183e-02
5.465983226895332336e-02
3.773999959230422974e-02
3.465735912322998047e-01
3.737347200512886047e-02
3.663152456283569336e-02
8.960955590009689331e-02
3.498726710677146912e-02
3.526126965880393982e-02
7.546814531087875366e-02
2.182080643251538277e-04
1.943378001451492310e-01
1.007620915770530701e-01
3.732935738298692740e-09
5.777226874670304824e-08
1.240715160965919495e-01
1.151480674743652344e-01
8.826121687889099121e-02
5.073402449488639832e-02
2.078344550682231784e-04
1.762142628431320190e-01
5.177510902285575867e-02
4.500421881675720215e-02
4.282065108418464661e-02
2.643095552921295166e-01
3.643857315182685852e-02
4.115744307637214661e-02
7.903562486171722412e-02
3.736676648259162903e-02
3.787592425942420959e-02
4.269417002797126770e-02
2.701207413338124752e-04
2.219028025865554810e-01
9.436614066362380981e-02
3.732935738298692740e-09
5.777226874670304824e-08
1.600092500448226929e-01
1.552920341491699219e-01
1.047884821891784668e-01
6.666697561740875244e-02
2.471985935699194670e-04
2.365023940801620483e-01
6.121924519538879395e-02
5.816376209259033203e-02
7.707215100526809692e-02
4.060595929622650146e-01
4.250794649124145508e-02
7.388124614953994751e-02
1.217544451355934143e-01
6.822483241558074951e-02
6.869737058877944946e-02
5.992051959037780762e-02
4.001487104687839746e-04
2.252577096223831177e-01
5.216868594288825989e-02
3.732935738298692740e-09
5.777226874670304824e-08
1.974913477897644043e-01
1.935272663831710815e-01
1.333934366703033447e-01
7.489097118377685547e-02
3.612273430917412043e-04
3.131655752658843994e-01
6.566979736089706421e-02
5.412304773926734924e-02
1.054594293236732483e-01
5.586043000221252441e-01
4.604526236653327942e-02
1.011723205447196960e-01
1.281036585569381714e-01
9.147099405527114868e-02
9.227869659662246704e-02
5.605436861515045166e-02
7.452287827618420124e-04
4.864039421081542969e-01
4.881789162755012512e-02
3.732935738298692740e-09
5.777226874670304824e-08
1.696619540452957153e-01
1.569405347108840942e-01
1.204345226287841797e-01
9.557870775461196899e-02
3.295682545285671949e-04
3.221668004989624023e-01
6.694787740707397461e-02
5.585764721035957336e-02
1.316538900136947632e-01
4.561486542224884033e-01
4.651984572410583496e-02
1.315340846776962280e-01
1.167477145791053772e-01
1.155095100402832031e-01
1.162594258785247803e-01
4.539604857563972473e-02
8.023847476579248905e-04
4.716788828372955322e-01
5.233335494995117188e-02
3.732935738298692740e-09
5.777226874670304824e-08
1.144037619233131409e-01
1.090430021286010742e-01
8.536115288734436035e-02
1.054793223738670349e-01
3.316681832075119019e-04
3.694023191928863525e-01
6.761837005615234375e-02
5.022327601909637451e-02
1.403793543577194214e-01
3.392674922943115234e-01
4.698640108108520508e-02
1.359633356332778931e-01
9.718036651611328125e-02
1.235652863979339600e-01
1.257227063179016113e-01
3.361223265528678894e-02
5.569606437347829342e-04
4.595503807067871094e-01
7.864871621131896973e-02
3.732935738298692740e-09
5.777226874670304824e-08
6.715321540832519531e-02
6.172494217753410339e-02
4.715001583099365234e-02
1.302911341190338135e-01
2.910134207922965288e-04
3.331687748432159424e-01
7.519424706697463989e-02
4.871892929077148438e-02
1.351039260625839233e-01
1.468220502138137817e-01
4.556516185402870178e-02
1.223959699273109436e-01
4.383949935436248779e-02
1.166598200798034668e-01
1.174426078796386719e-01
2.726245857775211334e-02
4.444883961696177721e-04
2.867961227893829346e-01
1.353151202201843262e-01
3.732935738298692740e-09
5.777226874670304824e-08
5.955210328102111816e-02
4.879423603415489197e-02
3.569207713007926941e-02
1.573042869567871094e-01
4.632441268768161535e-04
2.609912157058715820e-01
1.520413309335708618e-01
7.714188843965530396e-02
1.043540909886360168e-01
5.904629826545715332e-02
9.738055616617202759e-02
9.160151332616806030e-02
3.574065864086151123e-02
8.968990296125411987e-02
9.077874571084976196e-02
6.098126992583274841e-02
4.506935365498065948e-04
2.453153878450393677e-01
1.313738375902175903e-01
3.732935738298692740e-09
5.777226874670304824e-08
1.106156408786773682e-01
1.138374507427215576e-01
4.888103902339935303e-02
2.067535966634750366e-01
8.846964337863028049e-04
2.014568448066711426e-01
1.339791566133499146e-01
9.669006615877151489e-02
1.133584603667259216e-01
3.597709164023399353e-02
8.472687751054763794e-02
1.020484939217567444e-01
3.392357751727104187e-02
9.347013384103775024e-02
9.556436538696289062e-02
7.796407490968704224e-02
5.179389263503253460e-04
3.187035620212554932e-01
1.598196625709533691e-01
3.732935738298692740e-09
5.777226874670304824e-08
7.709374278783798218e-02
7.824251055717468262e-02
4.165999963879585266e-02
2.436002492904663086e-01
6.813080981373786926e-04
1.657854616641998291e-01
2.031522542238235474e-01
1.777210682630538940e-01
6.630314141511917114e-02
2.709678709506988525e-01
1.330265700817108154e-01
7.912923395633697510e-02
1.696465462446212769e-01
6.038131192326545715e-02
6.077668443322181702e-02
1.448620408773422241e-01
4.632538184523582458e-04
3.598934710025787354e-01
1.663306504487991333e-01
3.732935738298692740e-09
9.379674680531024933e-03
6.267913430929183960e-02
7.011824101209640503e-02
3.220047056674957275e-02
3.463914692401885986e-01
4.550626326818019152e-04
1.220969632267951965e-01
1.313229352235794067e-01
8.616006374359130859e-02
2.639001607894897461e-02
1.486179232597351074e-01
7.864584773778915405e-02
3.261349722743034363e-02
5.319023132324218750e-02
1.550899352878332138e-02
1.569885946810245514e-02
5.839723348617553711e-02
8.644070476293563843e-04
6.117525696754455566e-01
1.681812852621078491e-01
3.732935738298692740e-09
9.379238821566104889e-03
1.818858645856380463e-02
1.638481952250003815e-02
5.515744909644126892e-03
3.718818128108978271e-01
3.148918331135064363e-04
1.358862072229385376e-01
6.516334414482116699e-02
4.701579734683036804e-02
2.499552071094512939e-02
1.126276627182960510e-01
4.486897587776184082e-02
2.016593702137470245e-02
2.809819392859935760e-02
1.767460443079471588e-02
1.748570986092090607e-02
3.668844699859619141e-02
1.239042379893362522e-03
9.993712306022644043e-01
1.701165437698364258e-01
3.732935738298692740e-09
9.379339404404163361e-03
6.091380957514047623e-03
7.051256950944662094e-03
7.165899965912103653e-03
2.734389007091522217e-01
4.667622561100870371e-04
1.731873899698257446e-01
4.137301445007324219e-02
3.214630857110023499e-02
3.353979066014289856e-02
7.908793538808822632e-02
2.374104224145412445e-02
1.562800817191600800e-02
1.202880125492811203e-02
1.393397897481918335e-02
2.645509690046310425e-02
3.108363412320613861e-02
1.462183892726898193e-03
1.067631363868713379e+00
1.740623712539672852e-01
3.732935738298692740e-09
9.380165487527847290e-03
9.901127777993679047e-03
1.463674847036600113e-02
8.155981078743934631e-03
1.429283767938613892e-01
3.709498269017785788e-04
1.277586221694946289e-01
1.254768017679452896e-02
1.735061034560203552e-02
2.240934967994689941e-02
2.324157357215881348e-01
9.854796342551708221e-03
2.356988191604614258e-02
2.179148234426975250e-02
2.327504195272922516e-02
2.322488091886043549e-02
5.346082523465156555e-02
1.882402109913527966e-03
1.469192504882812500e+00
2.100972384214401245e-01
1.381765026599168777e-02
2.958729863166809082e-01
2.378622256219387054e-02
2.819997258484363556e-02
1.177479233592748642e-02
9.785014390945434570e-02
2.665350912138819695e-04
3.057603538036346436e-02
1.390374079346656799e-02
2.319808118045330048e-02
2.371988445520401001e-02
2.274293303489685059e-01
9.071745909750461578e-03
2.126570604741573334e-02
3.170779347419738770e-02
2.233438193798065186e-02
2.368498034775257111e-02
6.975144147872924805e-02
1.446218579076230526e-03
1.072550296783447266e+00
1.918223649263381958e-01
1.381719112396240234e-02
2.958696782588958740e-01
2.639141120016574860e-02
2.556396462023258209e-02
1.792478561401367188e-02
4.354751110076904297e-02
2.286208764417096972e-04
4.054974298924207687e-03
1.923497207462787628e-02
2.004315145313739777e-02
2.616499550640583038e-02
9.749054908752441406e-02
1.067322026938199997e-02
2.359533309936523438e-02
2.184837125241756439e-02
2.444748766720294952e-02
2.456172555685043335e-02
3.433537855744361877e-02
1.674580387771129608e-03
1.196098923683166504e+00
2.162867337465286255e-01
1.381939277052879333e-02
2.958796322345733643e-01
3.269685432314872742e-02
3.445885702967643738e-02
2.879449911415576935e-02
4.551630094647407532e-02
2.173672692151740193e-04
1.449012104421854019e-02
3.437039256095886230e-02
3.071383573114871979e-02
2.453142590820789337e-02
1.373398452997207642e-01
2.278602123260498047e-02
1.989939063787460327e-02
4.084712639451026917e-02
2.671143412590026855e-02
2.680760063230991364e-02
4.831683635711669922e-02
1.271196291781961918e-03
9.023694992065429688e-01
2.323101907968521118e-01
1.382004749029874802e-02
2.958805561065673828e-01
3.959063068032264709e-02
3.409666568040847778e-02
2.558983117341995239e-02
3.712533041834831238e-02
1.547552092233672738e-04
2.692651748657226562e-02
4.537519440054893494e-02
3.332197293639183044e-02
5.444228649139404297e-02
4.595816433429718018e-01
3.059242106974124908e-02
3.367374092340469360e-02
2.191895805299282074e-02
3.508916497230529785e-02
3.526889905333518982e-02
2.414448559284210205e-02
1.127595198340713978e-03
1.135324120521545410e+00
2.371551990509033203e-01
1.382085587829351425e-02
2.958872020244598389e-01
5.267350375652313232e-02
5.858048796653747559e-02
3.633707761764526367e-02
7.286550849676132202e-02
3.575877344701439142e-04
4.678629711270332336e-02
4.192051291465759277e-02
3.261519595980644226e-02
5.102070793509483337e-02
8.099291473627090454e-02
2.824622951447963715e-02
2.692195586860179901e-02
1.409307867288589478e-02
2.635768987238407135e-02
2.637657709419727325e-02
3.165535256266593933e-02
1.023905701003968716e-03
8.704218268394470215e-01
2.521794736385345459e-01
1.381886284798383713e-02
2.958792448043823242e-01
7.839756458997726440e-02
6.622660905122756958e-02
4.814407229423522949e-02
7.156775146722793579e-02
3.491482057143002748e-04
3.111033141613006592e-02
4.946087300777435303e-02
4.354749247431755066e-02
4.386308416724205017e-02
8.756346255540847778e-02
3.196135908365249634e-02
2.844296954572200775e-02
1.981858909130096436e-02
2.688633836805820465e-02
2.677502669394016266e-02
5.292335525155067444e-02
1.037420239299535751e-03
7.834253311157226562e-01
2.956386208534240723e-01
1.381821930408477783e-02
2.958852946758270264e-01
5.556916072964668274e-02
4.991134628653526306e-02
5.539113655686378479e-02
4.331236705183982849e-02
1.653134968364611268e-04
3.760492056608200073e-02
6.192965433001518250e-02
5.858541652560234070e-02
7.003643363714218140e-02
1.153324022889137268e-01
4.182182624936103821e-02
5.548734590411186218e-02
2.979700081050395966e-02
5.134015157818794250e-02
5.195718631148338318e-02
5.604873225092887878e-02
1.040362287312746048e-03
7.333204150199890137e-01
2.997601330280303955e-01
1.381890941411256790e-02
2.958899140357971191e-01
8.165716379880905151e-02
7.520860433578491211e-02
7.203940302133560181e-02
8.310446888208389282e-02
1.311404485022649169e-04
6.480267643928527832e-02
6.405424326658248901e-02
4.850294068455696106e-02
4.097600653767585754e-02
8.676052838563919067e-02
4.363003373146057129e-02
3.329247608780860901e-02
1.884222775697708130e-02
3.258664533495903015e-02
3.249995037913322449e-02
3.383669257164001465e-02
8.791952277533710003e-04
7.303581237792968750e-01
2.780200242996215820e-01
1.381884235888719559e-02
4.859362840652465820e-01
1.461412757635116577e-01
1.281436532735824585e-01
9.390709549188613892e-02
1.196757256984710693e-01
1.151456963270902634e-04
1.914284676313400269e-01
9.020856767892837524e-02
7.346367835998535156e-02
4.471199586987495422e-02
1.011821404099464417e-01
5.063032731413841248e-02
3.870120644569396973e-02
2.563576400279998779e-02
3.785421699285507202e-02
3.827847912907600403e-02
6.041265651583671570e-02
1.253502094186842442e-03
1.154698967933654785e+00
2.588001191616058350e-01
4.145603626966476440e-02
7.609087824821472168e-01
1.750281453132629395e-01
1.567508727312088013e-01
1.028264686465263367e-01
9.120947122573852539e-02
1.646045857341960073e-04
4.870585501194000244e-01
8.574810624122619629e-02
7.875496894121170044e-02
4.468198493123054504e-02
1.627035588026046753e-01
5.142075940966606140e-02
3.689120709896087646e-02
3.287543356418609619e-02
3.989152237772941589e-02
3.993009775876998901e-02
8.947823196649551392e-02
9.931480744853615761e-04
8.100284934043884277e-01
3.732979297637939453e-01
4.352820217609405518e-01
2.028799057006835938e+00
8.835159987211227417e-02
8.248061686754226685e-02
6.508239358663558960e-02
5.773402377963066101e-02
4.246192984282970428e-04
4.696453511714935303e-01
3.638069704174995422e-02
3.991150483489036560e-02
5.580401793122291565e-02
1.953603774309158325e-01
1.758316904306411743e-02
4.696996882557868958e-02
2.970997430384159088e-02
4.599077999591827393e-02
4.600188136100769043e-02
6.539977341890335083e-02
1.287775579839944839e-03
1.157137870788574219e+00
4.809818267822265625e-01
4.491070210933685303e-01
2.069430112838745117e+00
5.683559179306030273e-02
5.269170925021171570e-02
3.923631086945533752e-02
3.574853390455245972e-02
1.096660154871642590e-03
3.675772249698638916e-01
1.761293560266494751e-01
1.868146061897277832e-01
6.713525205850601196e-02
5.155276656150817871e-01
1.232397183775901794e-01
5.343842506408691406e-02
8.291802555322647095e-02
5.397637560963630676e-02
5.402581766247749329e-02
3.038651049137115479e-01
9.189057745970785618e-04
5.163097977638244629e-01
4.332424700260162354e-01
4.491243660449981689e-01
2.053392648696899414e+00
4.831725358963012695e-02
4.252049699425697327e-02
4.365760087966918945e-02
2.312369644641876221e-02
3.820075653493404388e-04
1.909385919570922852e-01
1.294948011636734009e-01
1.380394846200942993e-01
1.096138134598731995e-01
3.482721745967864990e-01
7.699624449014663696e-02
8.217767626047134399e-02
5.554047226905822754e-02
9.130763262510299683e-02
9.381141513586044312e-02
2.604549229145050049e-01
7.244329899549484253e-04
3.692819178104400635e-01
4.032861292362213135e-01
4.491303861141204834e-01
2.040498018264770508e+00
1.017055138945579529e-01
9.311456233263015747e-02
8.780608326196670532e-02
4.422122612595558167e-02
7.974443142302334309e-04
2.393082380294799805e-01
1.136270985007286072e-01
1.273647248744964600e-01
2.148210853338241577e-01
2.663681805133819580e-01
5.188751593232154846e-02
1.767738312482833862e-01
3.683117404580116272e-02
1.881963163614273071e-01
1.873864531517028809e-01
2.740931212902069092e-01
2.198161324486136436e-03
5.468059182167053223e-01
3.586975336074829102e-01
4.491250216960906982e-01
2.056746959686279297e+00
1.054538488388061523e-01
1.014356315135955811e-01
9.450013190507888794e-02
3.453980013728141785e-02
6.730497698299586773e-04
2.251461893320083618e-01
9.674785286188125610e-02
1.261761933565139771e-01
2.680191397666931152e-01
3.146114349365234375e-01
4.135300219058990479e-02
1.932056695222854614e-01
4.815460368990898132e-02
1.911402940750122070e-01
1.937356591224670410e-01
2.149839401245117188e-01
4.212021594867110252e-04
3.345360755920410156e-01
3.669926226139068604e-01
4.491162300109863281e-01
2.046474456787109375e+00
9.441115707159042358e-02
9.057255834341049194e-02
8.143009990453720093e-02
4.659999907016754150e-02
1.233619404956698418e-03
3.239739239215850830e-01
9.633690118789672852e-02
1.338144391775131226e-01
2.028673291206359863e-01
4.432224035263061523e-01
3.879711404442787170e-02
1.762113720178604126e-01
6.087015941739082336e-02
1.792552918195724487e-01
1.799337714910507202e-01
2.278638929128646851e-01
6.908182404004037380e-04
3.704728186130523682e-01
3.386403024196624756e-01
4.361385405063629150e-01
1.692587018013000488e+00
5.471733212471008301e-02
4.814447835087776184e-02
4.809331521391868591e-02
5.391852185130119324e-02
1.084038303815759718e-04
4.782024323940277100e-01
1.645119339227676392e-01
2.152445763349533081e-01
8.188769966363906860e-02
4.146291315555572510e-01
7.023893296718597412e-02
6.049019098281860352e-02
6.307687610387802124e-02
4.866771027445793152e-02
4.878016933798789978e-02
3.872369527816772461e-01
4.804369236808270216e-04
2.697557210922241211e-01
3.242904841899871826e-01
4.332717657089233398e-01
1.728537440299987793e+00
4.085728526115417480e-02
3.745958209037780762e-02
3.315827623009681702e-02
7.286319881677627563e-02
4.269054988981224597e-05
5.670947432518005371e-01
2.489515393972396851e-01
3.026850521564483643e-01
7.379179447889328003e-02
7.633431553840637207e-01
1.089562550187110901e-01
4.994635283946990967e-02
7.497375458478927612e-02
5.432640388607978821e-02
5.495224520564079285e-02
5.812379717826843262e-01
4.627803864423185587e-04
2.426427602767944336e-01
3.181847035884857178e-01
4.349331855773925781e-01
1.679967880249023438e+00
2.670180499553680420e-01
2.385910749435424805e-01
1.353617161512374878e-01
1.266786456108093262e-01
1.878987495729234070e-05
6.445369124412536621e-01
2.190474718809127808e-01
2.993092238903045654e-01
8.964217454195022583e-02
8.879990577697753906e-01
8.538758754730224609e-02
6.095178425312042236e-02
1.146945133805274963e-01
6.255955249071121216e-02
6.300216913223266602e-02
5.081394314765930176e-01
9.419759735465049744e-04
5.881683826446533203e-01
3.503051102161407471e-01
4.327608644962310791e-01
1.708166241645812988e+00
8.138307929039001465e-02
7.473656535148620605e-02
6.504741311073303223e-02
1.714410781860351562e-01
3.800638078246265650e-04
8.155941963195800781e-01
3.115239441394805908e-01
4.112091362476348877e-01
1.351655274629592896e-01
9.013169407844543457e-01
1.325596272945404053e-01
9.285526722669601440e-02
1.275474578142166138e-01
1.003042235970497131e-01
1.010447144508361816e-01
6.573604345321655273e-01
4.700120480265468359e-04
2.890340983867645264e-01
3.588888943195343018e-01
4.297052323818206787e-01
1.686315536499023438e+00
4.561595246195793152e-02
4.790917038917541504e-02
3.969119489192962646e-02
2.023493647575378418e-01
2.453629567753523588e-04
9.852135181427001953e-01
3.611985146999359131e-01
4.449221789836883545e-01
1.905297785997390747e-01
8.039094805717468262e-01
1.429307609796524048e-01
1.177823469042778015e-01
1.115223690867424011e-01
1.316846758127212524e-01
1.316865533590316772e-01
7.512006163597106934e-01
4.338139260653406382e-04
3.548272848129272461e-01
3.232763707637786865e-01
4.312498271465301514e-01
1.735387206077575684e+00
1.044099405407905579e-02
9.522552601993083954e-03
5.898518022149801254e-03
2.476852983236312866e-01
1.423572975909337401e-04
7.879343032836914062e-01
3.720406591892242432e-01
4.758678972721099854e-01
1.934494823217391968e-01
6.544439792633056641e-01
1.465133279561996460e-01
1.251796931028366089e-01
8.899635076522827148e-02
1.226805076003074646e-01
1.335297375917434692e-01
7.486926913261413574e-01
2.549794153310358524e-04
2.012258917093276978e-01
3.405901193618774414e-01
4.336404502391815186e-01
1.722429633140563965e+00
6.970007438212633133e-03
5.675977561622858047e-03
2.611248753964900970e-03
2.699711918830871582e-01
2.452467160765081644e-04
5.435601472854614258e-01
3.589375913143157959e-01
4.475724995136260986e-01
2.358263283967971802e-01
4.149375855922698975e-01
1.376599371433258057e-01
1.476120352745056152e-01
6.484338641166687012e-02
1.679902076721191406e-01
1.710854172706604004e-01
7.976491451263427734e-01
4.109658766537904739e-04
2.908062040805816650e-01
3.462389707565307617e-01
4.337259829044342041e-01
1.722765922546386719e+00
1.623847149312496185e-02
1.618269830942153931e-02
1.009905803948640823e-02
2.752206623554229736e-01
2.172999229514971375e-04
2.882083356380462646e-01
4.545134305953979492e-01
5.269637703895568848e-01
3.446188867092132568e-01
3.465334475040435791e-01
1.802081912755966187e-01
2.275718599557876587e-01
7.404651492834091187e-02
2.371423244476318359e-01
2.380692511796951294e-01
8.754175305366516113e-01
3.079877933487296104e-04
4.267741441726684570e-01
3.664039373397827148e-01
4.332157075405120850e-01
1.276513695716857910e+00
1.975533552467823029e-02
1.762087643146514893e-02
1.686335727572441101e-02
3.299999237060546875e-01
1.078679924830794334e-04
6.427065283060073853e-02
3.981502950191497803e-01
4.777384698390960693e-01
4.374177753925323486e-01
1.786561459302902222e-01
1.600650101900100708e-01
3.096202909946441650e-01
2.000658772885799408e-02
3.188689649105072021e-01
3.207614123821258545e-01
7.871642112731933594e-01
4.111156158614903688e-04
4.547967016696929932e-01
2.588478624820709229e-01
2.623657286167144775e-01
7.164659500122070312e-01
2.020549029111862183e-02
1.714927516877651215e-02
2.537624351680278778e-02
3.787898123264312744e-01
9.284790576202794909e-05
1.764082722365856171e-02
1.774648874998092651e-01
1.675430536270141602e-01
3.033031225204467773e-01
1.162582412362098694e-01
4.193996265530586243e-02
2.180418372154235840e-01
1.062499638646841049e-02
1.929544210433959961e-01
1.943360120058059692e-01
3.214163482189178467e-01
6.361766136251389980e-04
3.997821807861328125e-01
1.314522624015808105e-01
1.760466955602169037e-02
5.127627849578857422e-01
2.631524764001369476e-02
2.326512150466442108e-02
4.720756039023399353e-02
2.429646998643875122e-01
1.240281417267397046e-04
2.685836851596832275e-01
1.150448918342590332e-01
1.704855114221572876e-01
2.485285997390747070e-01
1.248031258583068848e-01
5.056948587298393250e-02
1.591084450483322144e-01
4.269425291568040848e-03
1.609170585870742798e-01
1.639473438262939453e-01
5.441283583641052246e-01
5.076669622212648392e-04
2.440157532691955566e-01
1.488649547100067139e-01
3.466834081336855888e-03
3.258922398090362549e-01
3.417580202221870422e-02
3.089298307895660400e-02
4.977278038859367371e-02
2.210342139005661011e-01
1.058575653587467968e-04
3.018365940079092979e-03
1.208083853125572205e-01
1.888266056776046753e-01
2.579104341566562653e-02
2.582482993602752686e-01
4.964326694607734680e-02
2.820537984371185303e-02
1.326739042997360229e-02
3.534207120537757874e-02
3.524724021553993225e-02
8.618775755167007446e-02
7.690463098697364330e-04
6.084508299827575684e-01
1.058095917105674744e-01
1.515983138233423233e-02
5.535978674888610840e-01
4.201853275299072266e-02
3.670083358883857727e-02
5.288365110754966736e-02
1.820068508386611938e-01
5.531947317649610341e-05
2.826131135225296021e-02
4.791756346821784973e-02
1.631858795881271362e-01
9.175366163253784180e-02
2.437371760606765747e-01
5.091757699847221375e-02
6.431733071804046631e-02
2.060881070792675018e-02
3.282512724399566650e-02
3.308054432272911072e-02
3.552784919738769531e-01
4.311157681513577700e-04
3.488789498805999756e-01
8.203724771738052368e-02
2.434518933296203613e-02
6.668279170989990234e-01
4.015614092350006104e-02
3.282776847481727600e-02
4.624901339411735535e-02
1.614783555269241333e-01
4.966439519193954766e-05
1.200248375535011292e-01
1.523879319429397583e-01
2.398359775543212891e-01
1.963143050670623779e-02
2.335544377565383911e-01
6.765416264533996582e-02
1.400157343596220016e-02
1.955663226544857025e-02
2.421752922236919403e-02
2.459052763879299164e-02
3.807895183563232422e-01
6.117863231338560581e-04
4.809627234935760498e-01
7.055317610502243042e-02
2.152232825756072998e-02
7.003905773162841797e-01
4.432081058621406555e-02
3.584634512662887573e-02
4.879753291606903076e-02
1.508671790361404419e-01
3.438400381128303707e-05
4.406385496258735657e-02
1.115443706512451172e-01
1.870075911283493042e-01
2.349178679287433624e-02
8.445712178945541382e-02
4.850823804736137390e-02
2.019935287535190582e-02
1.153213530778884888e-02
1.170951593667268753e-02
1.164404209703207016e-02
2.905977666378021240e-01
2.425662823952734470e-04
2.792592048645019531e-01
6.443379074335098267e-02
2.391593344509601593e-02
6.732463240623474121e-01
5.950972810387611389e-02
5.086519941687583923e-02
5.475085601210594177e-02
8.570745587348937988e-02
4.995110793970525265e-05
1.084462553262710571e-02
1.087124720215797424e-01
1.521820425987243652e-01
2.879838831722736359e-02
2.163827419281005859e-01
4.857487604022026062e-02
1.869000680744647980e-02
1.226475462317466736e-02
2.277828939259052277e-02
2.328683435916900635e-02
4.643458425998687744e-01
1.827006344683468342e-04
2.435311824083328247e-01
6.103964522480964661e-02
2.004054933786392212e-02
6.176417469978332520e-01
1.058684214949607849e-01
9.326507896184921265e-02
9.156054258346557617e-02
1.262574642896652222e-01
5.169821088202297688e-05
4.336283728480339050e-02
1.013560667634010315e-01
1.741605252027511597e-01
2.716056443750858307e-02
2.314122468233108521e-01
4.386452957987785339e-02
2.999124350026249886e-03
2.159236930310726166e-02
7.605967577546834946e-03
7.363745942711830139e-03
3.483441174030303955e-01
2.327625843463465571e-04
3.560447692871093750e-01
8.487880975008010864e-02
2.117133885622024536e-02
6.361089348793029785e-01
7.130295038223266602e-02
5.337031558156013489e-02
6.145973876118659973e-02
1.420562714338302612e-01
1.172998672700487077e-04
2.828305214643478394e-02
2.183479070663452148e-01
2.192360907793045044e-01
6.405292544513940811e-03
1.571895331144332886e-01
8.433777093887329102e-02
3.683299198746681213e-02
2.144403196871280670e-02
4.144920036196708679e-02
3.720941767096519470e-02
3.198565542697906494e-01
4.433699359651654959e-04
5.696710944175720215e-01
8.804363012313842773e-02
2.160797454416751862e-02
6.386065483093261719e-01
4.493175074458122253e-02
3.989826515316963196e-02
5.043266341090202332e-02
9.982803463935852051e-02
1.482040242990478873e-04
9.637957066297531128e-02
8.333230018615722656e-02
1.333568841218948364e-01
1.615330018103122711e-02
1.963973492383956909e-01
2.813762985169887543e-02
8.468748070299625397e-03
2.285657823085784912e-02
7.945564575493335724e-03
8.052784018218517303e-03
1.376300901174545288e-01
6.160342018119990826e-04
3.026480972766876221e-01
1.193305030465126038e-01
2.111057005822658539e-02
6.343502402305603027e-01
5.924959853291511536e-02
5.435097217559814453e-02
8.835122734308242798e-02
8.774407953023910522e-02
1.803845370886847377e-04
2.866605855524539948e-02
5.715607479214668274e-02
8.835085481405258179e-02
1.842976734042167664e-02
1.833274960517883301e-01
1.736742071807384491e-02
1.090010907500982285e-02
9.534473530948162079e-03
1.003921870142221451e-02
1.000493671745061874e-02
1.011394932866096497e-01
2.000974345719441772e-04
1.920913457870483398e-01
1.517340689897537231e-01
1.903267949819564819e-02
6.777703166007995605e-01
1.274961084127426147e-01
1.179502233862876892e-01
1.498848199844360352e-01
7.073298841714859009e-02
2.891499898396432400e-04
3.994512557983398438e-02
1.405516415834426880e-01
1.829350441694259644e-01
1.990140415728092194e-02
1.817459613084793091e-01
3.913272544741630554e-02
9.480200707912445068e-03
8.022749796509742737e-03
9.612482041120529175e-03
9.873792529106140137e-03
1.621539145708084106e-01
1.629084727028384805e-04
1.733129471540451050e-01
2.537658810615539551e-01
2.166188508272171021e-02
6.464038491249084473e-01
1.468206942081451416e-01
1.372874379158020020e-01
1.796936392784118652e-01
8.983319252729415894e-02
4.461895732674747705e-04
1.274535804986953735e-02
2.164521217346191406e-01
2.397246360778808594e-01
9.336941689252853394e-02
1.861582398414611816e-01
5.904701352119445801e-02
5.424101650714874268e-02
1.205347757786512375e-02
5.547157302498817444e-02
5.519008636474609375e-02
2.260530591011047363e-01
1.647406024858355522e-04
3.712544143199920654e-01
3.051824271678924561e-01
2.320748567581176758e-02
7.096676826477050781e-01
1.432911604642868042e-01
1.157994344830513000e-01
1.730067133903503418e-01
1.656917780637741089e-01
5.605507758446037769e-04
1.308622956275939941e-02
3.029246628284454346e-01
3.563014268875122070e-01
1.645117998123168945e-01
3.204982280731201172e-01
7.939193397760391235e-02
8.102300018072128296e-02
2.318453229963779449e-02
8.324431627988815308e-02
8.376404643058776855e-02
3.767196238040924072e-01
3.211419389117509127e-04
2.776038646697998047e-01
3.555796146392822266e-01
2.069476060569286346e-02
7.041035294532775879e-01
4.204311966896057129e-02
3.559168800711631775e-02
3.824008628726005554e-02
2.350474447011947632e-01
7.867741514928638935e-04
3.763714060187339783e-02
2.466512173414230347e-01
2.919858396053314209e-01
5.444988235831260681e-02
5.983967185020446777e-01
7.144426554441452026e-02
2.546881139278411865e-02
3.369340673089027405e-02
2.975899539887905121e-02
2.978236973285675049e-02
3.813985884189605713e-01
1.509622234152629972e-04
2.224102765321731567e-01
3.760651648044586182e-01
2.305738627910614014e-02
7.117936015129089355e-01
2.736007608473300934e-02
2.424746751785278320e-02
3.590348735451698303e-02
2.681548595428466797e-01
8.949747425504028797e-04
1.044665277004241943e-02
2.678708136081695557e-01
2.773664295673370361e-01
9.103963524103164673e-02
4.171384871006011963e-01
6.558003276586532593e-02
4.421615600585937500e-02
2.749245613813400269e-02
4.299816489219665527e-02
4.325857385993003845e-02
3.877381980419158936e-01
1.719840365694835782e-04
2.585071027278900146e-01
4.343973100185394287e-01
2.587192319333553314e-02
7.077484130859375000e-01
3.747697174549102783e-02
2.944813668727874756e-02
5.445346608757972717e-02
1.434902101755142212e-01
1.095988322049379349e-03
7.298953086137771606e-02
2.338301390409469604e-01
2.741385400295257568e-01
1.465458273887634277e-01
2.412515878677368164e-01
5.305283144116401672e-02
6.880632787942886353e-02
1.833302527666091919e-02
6.888335198163986206e-02
6.944154947996139526e-02
3.411138951778411865e-01
1.593495107954367995e-04
2.154697626829147339e-01
3.967023789882659912e-01
2.068574540317058563e-02
5.750869512557983398e-01
4.811605811119079590e-02
5.345676466822624207e-02
9.510415792465209961e-02
1.276496946811676025e-01
1.209036097861826420e-03
1.123978570103645325e-01
2.283329516649246216e-01
2.496110945940017700e-01
2.133564800024032593e-01
1.777060478925704956e-01
4.549252986907958984e-02
1.060529723763465881e-01
1.338268537074327469e-02
9.835388511419296265e-02
9.838791936635971069e-02
3.849036395549774170e-01
1.674919185461476445e-04
2.320231646299362183e-01
4.600304663181304932e-01
2.073016948997974396e-02
3.095779120922088623e-01
3.858138993382453918e-02
4.232664033770561218e-02
4.294616356492042542e-02
1.437902599573135376e-01
1.284972764551639557e-03
1.620268374681472778e-01
2.191536426544189453e-01
2.471030503511428833e-01
3.516439199447631836e-01
1.116239428520202637e-01
4.289457201957702637e-02
1.546297669410705566e-01
6.369629409164190292e-03
1.504439115524291992e-01
1.503440886735916138e-01
3.836183547973632812e-01
2.389859873801469803e-04
2.868645489215850830e-01
5.220288634300231934e-01
6.341523025184869766e-03
3.136285245418548584e-01
2.609041519463062286e-02
2.817299030721187592e-02
3.272885084152221680e-02
7.329214364290237427e-02
1.365632168017327785e-03
2.705980278551578522e-02
2.747817039489746094e-01
3.124374449253082275e-01
2.132946401834487915e-01
3.073421120643615723e-01
5.236792564392089844e-02
9.429174661636352539e-02
2.088576741516590118e-02
8.998177200555801392e-02
9.126863628625869751e-02
5.102455615997314453e-01
2.719948242884129286e-04
3.289601802825927734e-01
5.720634460449218750e-01
2.633524127304553986e-04
9.702121466398239136e-02
4.042325075715780258e-03
4.654474556446075439e-03
3.247490152716636658e-03
7.324431091547012329e-02
1.368120429106056690e-03
5.443265195935964584e-03
1.674555540084838867e-01
1.984908580780029297e-01
2.768326699733734131e-01
1.470824480056762695e-01
3.200867399573326111e-02
1.140705049037933350e-01
9.146795608103275299e-03
1.053373217582702637e-01
1.062054410576820374e-01
3.732738196849822998e-01
4.063821397721767426e-04
3.839107453823089600e-01
5.247418284416198730e-01
4.318514766055159271e-05
1.242689862847328186e-01
1.048901025205850601e-02
1.043712254613637924e-02
6.172268185764551163e-03
1.024571526795625687e-02
1.391748897731304169e-03
2.390039898455142975e-02
3.081694841384887695e-01
3.186660110950469971e-01
2.822453081607818604e-01
2.100982666015625000e-01
5.506664887070655823e-02
1.111816540360450745e-01
1.395882572978734970e-02
1.033340319991111755e-01
1.048213616013526917e-01
3.449948728084564209e-01
3.163588989991694689e-04
3.130603730678558350e-01
5.342605113983154297e-01
1.319817092735320330e-04
5.805682018399238586e-02
7.958710193634033203e-03
1.036668103188276291e-02
7.804663851857185364e-03
1.196393650025129318e-02
1.516005839221179485e-03
9.205383248627185822e-03
2.665983140468597412e-01
2.523931562900543213e-01
2.684371173381805420e-01
1.614506840705871582e-01
4.985396191477775574e-02
1.017454490065574646e-01
1.025110576301813126e-02
9.198423475027084351e-02
9.342119097709655762e-02
3.303278982639312744e-01
2.908206370193511248e-04
2.503254413604736328e-01
6.033111214637756348e-01
1.080831934814341366e-04
1.100522559136152267e-02
4.356999322772026062e-02
3.612258285284042358e-02
1.268160063773393631e-02
3.662697598338127136e-02
1.494728494435548782e-03
4.303418099880218506e-02
1.796908974647521973e-01
1.910029649734497070e-01
1.899592727422714233e-01
1.381510645151138306e-01
3.419661149382591248e-02
8.194676041603088379e-02
9.643972851336002350e-03
7.888288050889968872e-02
7.956114411354064941e-02
2.280866503715515137e-01
3.137030871585011482e-04
2.150378972291946411e-01
3.100174665451049805e-01
2.893866912927478552e-04
3.312312439084053040e-02
4.121281206607818604e-02
3.112139366567134857e-02
1.455337554216384888e-02
2.299816906452178955e-02
1.017838134430348873e-03
1.304024551063776016e-02
1.184366941452026367e-01
1.243027821183204651e-01
1.545502692461013794e-01
1.975861191749572754e-01
2.237106859683990479e-02
7.063647359609603882e-02
1.475840527564287186e-02
6.606275588274002075e-02
6.645408272743225098e-02
1.870638132095336914e-01
3.534029528964310884e-04
3.143174648284912109e-01
5.512753129005432129e-01
7.328015635721385479e-05
3.815368935465812683e-02
4.283131286501884460e-02
3.155337274074554443e-02
1.926763355731964111e-02
2.288472466170787811e-02
1.308546517975628376e-03
1.092858538031578064e-01
7.954254001379013062e-02
9.306316822767257690e-02
1.472637802362442017e-01
3.295807242393493652e-01
1.655819453299045563e-02
6.110154464840888977e-02
2.757724188268184662e-02
5.849744752049446106e-02
5.905285477638244629e-02
1.918619126081466675e-01
5.029253079555928707e-04
3.411580622196197510e-01
2.086802721023559570e-01
1.623844582354649901e-04
5.039547756314277649e-02
4.472774267196655273e-02
3.308648988604545593e-02
2.354346029460430145e-02
2.025904320180416107e-02
1.027364633046090603e-03
1.316448003053665161e-01
6.660378724336624146e-02
6.994866579771041870e-02
1.425588130950927734e-01
5.377017259597778320e-01
1.390484999865293503e-02
5.786978825926780701e-02
4.587471485137939453e-02
5.584707856178283691e-02
5.621634423732757568e-02
1.344137340784072876e-01
8.011046447791159153e-04
6.373262405395507812e-01
1.242350265383720398e-01
2.359121572226285934e-04
7.191000133752822876e-02
5.476300790905952454e-02
4.508268460631370544e-02
2.385126799345016479e-02
2.241379767656326294e-02
5.010201130062341690e-04
9.142819046974182129e-02
6.450971961021423340e-02
7.288452237844467163e-02
7.343111187219619751e-02
7.318837642669677734e-01
1.319436728954315186e-02
7.110670208930969238e-02
6.832166761159896851e-02
6.750977039337158203e-02
6.728979200124740601e-02
1.138746365904808044e-01
1.490965136326849461e-03
9.636051058769226074e-01
1.710514575242996216e-01
3.139149921480566263e-04
7.183416932821273804e-02
5.301028862595558167e-02
4.054258391261100769e-02
3.972625359892845154e-02
2.046136558055877686e-02
5.106671014800667763e-04
8.059167116880416870e-02
6.550239771604537964e-02
8.390729874372482300e-02
5.437956750392913818e-02
1.176180005073547363e+00
1.717699319124221802e-02
6.902579218149185181e-02
8.977705240249633789e-02
7.467561960220336914e-02
7.519731670618057251e-02
9.788630157709121704e-02
1.138255116529762745e-03
9.442691206932067871e-01
1.405659168958663940e-01
1.780972816050052643e-04
5.136705562472343445e-02
6.647858023643493652e-02
5.906825140118598938e-02
5.750628188252449036e-02
2.635705657303333282e-02
5.768077098764479160e-04
7.680729776620864868e-02
6.921023875474929810e-02
7.153283804655075073e-02
6.417673081159591675e-02
1.158048748970031738e+00
1.762241497635841370e-02
2.205938659608364105e-02
9.907317161560058594e-02
2.085018716752529144e-02
2.105481363832950592e-02
8.395916223526000977e-02
1.326986472122371197e-03
1.146416544914245605e+00
1.738359928131103516e-01
2.271367557113990188e-04
5.324080586433410645e-02
8.100826293230056763e-02
7.850239425897598267e-02
1.006956696510314941e-01
7.378900796175003052e-02
5.709791439585387707e-04
8.047579228878021240e-02
5.058255791664123535e-02
6.118663027882575989e-02
6.022590398788452148e-02
1.579371333122253418e+00
1.297099888324737549e-02
2.389669604599475861e-02
1.103853806853294373e-01
2.214547060430049896e-02
2.230905555188655853e-02
8.997734636068344116e-02
1.521842903457581997e-03
1.282592892646789551e+00
1.825820654630661011e-01
3.296931681688874960e-04
1.289805769920349121e-02
6.558639556169509888e-02
5.727369710803031921e-02
8.920338004827499390e-02
9.425222873687744141e-02
7.392419502139091492e-04
1.249233484268188477e-01
3.957388922572135925e-02
6.425098329782485962e-02
6.731727719306945801e-02
1.628370404243469238e+00
9.948914870619773865e-03
2.704235352575778961e-02
1.131662204861640930e-01
2.530606649816036224e-02
2.550800703465938568e-02
1.160978451371192932e-01
1.626653247512876987e-03
1.438827037811279297e+00
1.634214371442794800e-01
7.390970858978107572e-05
3.268547728657722473e-02
5.698458850383758545e-02
5.033401772379875183e-02
8.319377899169921875e-02
4.291734099388122559e-02
5.618915893137454987e-04
1.038036942481994629e-01
3.371976315975189209e-02
5.593568086624145508e-02
5.426445230841636658e-02
1.988705277442932129e+00
8.791815489530563354e-03
2.256509102880954742e-02
1.240303516387939453e-01
7.386627793312072754e-02
7.539827376604080200e-02
2.406481951475143433e-01
1.666656695306301117e-03
1.419026374816894531e+00
1.483810991048812866e-01
3.812903596553951502e-04
3.478019312024116516e-02
4.748828336596488953e-02
3.867082297801971436e-02
2.995993755757808685e-02
3.832164779305458069e-02
5.197373684495687485e-04
1.146158799529075623e-01
3.362689539790153503e-02
5.043463781476020813e-02
5.711345747113227844e-02
2.175638437271118164e+00
9.269800037145614624e-03
6.205142661929130554e-02
1.456558406352996826e-01
5.952896550297737122e-02
6.005920097231864929e-02
2.105424404144287109e-01
1.824275706894695759e-03
1.470038533210754395e+00
1.499797850847244263e-01
4.026341193821281195e-04
1.297572534531354904e-02
1.232311353087425232e-01
1.053552627563476562e-01
5.735290423035621643e-02
6.464274972677230835e-02
6.215890753082931042e-04
1.826046258211135864e-01
4.506725072860717773e-02
6.125069782137870789e-02
9.649229049682617188e-02
2.517258882522583008e+00
1.224361639469861984e-02
8.668603748083114624e-02
1.672238856554031372e-01
9.498962759971618652e-02
9.529190510511398315e-02
2.251061946153640747e-01
2.153683686628937721e-03
1.965062022209167480e+00
1.506730765104293823e-01
1.644020667299628258e-04
1.282153744250535965e-02
1.488078683614730835e-01
1.330566406250000000e-01
8.141217380762100220e-02
8.158791810274124146e-02
6.787318270653486252e-04
2.378424853086471558e-01
3.987107425928115845e-02
5.994418263435363770e-02
3.242271244525909424e-01
2.777074575424194336e+00
1.215613912791013718e-02
1.358603388071060181e-01
1.992588490247726440e-01
1.254873573780059814e-01
1.266724616289138794e-01
2.011271715164184570e-01
2.170438878238201141e-03
2.072975397109985352e+00
1.057381331920623779e-01
3.732935738298692740e-09
9.889072971418499947e-04
2.254646569490432739e-01
1.943755596876144409e-01
1.357151269912719727e-01
1.047080755233764648e-01
1.167384558357298374e-03
2.108089923858642578e-01
6.478384137153625488e-02
1.023088917136192322e-01
5.076516792178153992e-02
3.154156446456909180e+00
1.957445405423641205e-02
2.125034295022487640e-02
2.229373455047607422e-01
2.144220657646656036e-02
2.171421609818935394e-02
2.527912855148315430e-01
2.209393307566642761e-03
2.334872007369995117e+00
7.385739684104919434e-02
3.732935738298692740e-09
5.777226874670304824e-08
5.553083494305610657e-02
5.923455953598022461e-02
6.178748607635498047e-02
8.566715568304061890e-02
1.246572821401059628e-03
2.037016600370407104e-01
1.000374779105186462e-01
1.251226812601089478e-01
9.405320882797241211e-02
3.332434415817260742e+00
3.477214276790618896e-02
4.062197729945182800e-02
2.425320148468017578e-01
7.905354350805282593e-02
8.011405915021896362e-02
2.279295921325683594e-01
2.560091437771916389e-03
2.609437227249145508e+00
8.588746935129165649e-02
3.732935738298692740e-09
5.777226874670304824e-08
4.245291277766227722e-02
6.802672892808914185e-02
2.289528585970401764e-02
5.516980215907096863e-02
1.067939563654363155e-03
1.548164039850234985e-01
7.832210510969161987e-02
1.022723391652107239e-01
4.070168435573577881e-01
3.659956693649291992e+00
2.235560677945613861e-02
1.728165745735168457e-01
2.551074624061584473e-01
1.846391707658767700e-01
1.648905277252197266e-01
1.377905905246734619e-01
2.313052536919713020e-03
2.304940223693847656e+00
4.775573685765266418e-02
3.732935738298692740e-09
5.777226874670304824e-08
2.493182867765426636e-01
2.316885739564895630e-01
1.374010443687438965e-01
4.137050732970237732e-02
1.810644171200692654e-03
1.645685881376266479e-01
1.031739935278892517e-01
1.393600255250930786e-01
9.487571567296981812e-02
1.099179983139038086e+00
2.966758422553539276e-02
4.123316705226898193e-02
7.715219259262084961e-02
3.407795727252960205e-02
3.449131175875663757e-02
7.497026771306991577e-02
1.486687920987606049e-03
1.714696288108825684e+00
6.850660592317581177e-02
3.732935738298692740e-09
5.777226874670304824e-08
5.826615914702415466e-02
5.885222181677818298e-02
3.696971014142036438e-02
5.696021392941474915e-02
1.000746487989090383e-04
7.966475933790206909e-02
1.178445816040039062e-01
1.435821205377578735e-01
4.751529172062873840e-02
8.957252502441406250e-01
2.605297602713108063e-02
1.759958639740943909e-02
1.337813865393400192e-02
1.670284755527973175e-02
1.699244603514671326e-02
7.064229995012283325e-02
4.569325537886470556e-04
3.004455268383026123e-01
6.489259004592895508e-02
3.732935738298692740e-09
5.777226874670304824e-08
3.733957186341285706e-02
4.591109976172447205e-02
3.402881696820259094e-02
6.987100094556808472e-02
5.524049993255175650e-05
6.432154774665832520e-02
1.522542387247085571e-01
1.839726418256759644e-01
4.425228759646415710e-02
3.058109581470489502e-01
3.542910888791084290e-02
1.897948235273361206e-02
1.838993094861507416e-02
1.768957078456878662e-02
1.797985471785068512e-02
7.829774171113967896e-02
3.852041845675557852e-04
6.256071925163269043e-01
5.375339090824127197e-02
3.732935738298692740e-09
5.777226874670304824e-08
2.718930505216121674e-02
3.467598930001258850e-02
3.442214801907539368e-02
7.368581742048263550e-02
3.422691079322248697e-04
1.490186061710119247e-02
1.751383394002914429e-01
2.156179398298263550e-01
9.427008032798767090e-02
1.558891534805297852e-01
4.197199642658233643e-02
2.705592103302478790e-02
1.871740631759166718e-02
2.691551484167575836e-02
2.711145579814910889e-02
1.868404299020767212e-01
5.812564049847424030e-04
4.310174882411956787e-01
6.835409998893737793e-02
3.732935738298692740e-09
5.777226874670304824e-08
2.765383385121822357e-02
2.854011952877044678e-02
1.685340888798236847e-02
8.156717568635940552e-02
5.771261057816445827e-04
2.056951262056827545e-02
1.834515780210494995e-01
2.473698258399963379e-01
1.327444911003112793e-01
2.579227387905120850e-01
4.848793148994445801e-02
3.039889968931674957e-02
2.279555611312389374e-02
2.790566720068454742e-02
2.998197078704833984e-02
1.136702671647071838e-01
7.287877961061894894e-04
4.302200376987457275e-01
5.228101834654808044e-02
3.732935738298692740e-09
5.777226874670304824e-08
7.729031145572662354e-03
8.027069270610809326e-03
3.007289953529834747e-03
7.359016686677932739e-02
3.248800931032747030e-04
1.729377359151840210e-02
2.582617104053497314e-01
2.868317067623138428e-01
1.592130213975906372e-01
3.728815019130706787e-01
5.362972617149353027e-02
4.487600922584533691e-02
2.795488201081752777e-02
5.058624222874641418e-02
4.522581025958061218e-02
2.396531850099563599e-01
3.967683296650648117e-04
3.152439892292022705e-01
6.522882729768753052e-02
3.732935738298692740e-09
5.777226874670304824e-08
2.286141365766525269e-02
1.007838174700737000e-02
7.854979485273361206e-03
1.167436614632606506e-01
5.685267387889325619e-04
2.788982726633548737e-02
3.102127611637115479e-01
3.578604161739349365e-01
1.186056509613990784e-01
1.061924397945404053e-01
7.207826524972915649e-02
4.161939024925231934e-02
2.110496908426284790e-02
4.283388331532478333e-02
4.284519329667091370e-02
2.846356332302093506e-01
5.639793816953897476e-04
3.932738602161407471e-01
9.366693347692489624e-02
3.732935738298692740e-09
5.777226874670304824e-08
3.322594985365867615e-02
2.424228191375732422e-02
1.116610597819089890e-02
2.061341404914855957e-01
1.310638181166723371e-04
3.480018302798271179e-02
2.622407376766204834e-01
3.013614714145660400e-01
1.411078572273254395e-01
5.446350574493408203e-02
6.450912356376647949e-02
5.529640242457389832e-02
1.960386522114276886e-02
5.579135194420814514e-02
5.530388280749320984e-02
2.077937275171279907e-01
6.401416030712425709e-04
4.370523989200592041e-01
9.827822446823120117e-02
3.732935738298692740e-09
5.777226874670304824e-08
6.090887263417243958e-02
3.547586873173713684e-02
2.042509987950325012e-02
2.398679256439208984e-01
2.739376795943826437e-04
4.924677684903144836e-02
3.559873104095458984e-01
3.936459124088287354e-01
1.468683034181594849e-01
5.151235461235046387e-01
8.764183521270751953e-02
6.657332926988601685e-02
4.781311750411987305e-02
6.695148348808288574e-02
6.896192580461502075e-02
4.943207502365112305e-01
7.938854396343231201e-04
7.210895419120788574e-01
4.245312511920928955e-02
3.732935738298692740e-09
5.777226874670304824e-08
5.077809467911720276e-02
2.698943577706813812e-02
1.139884162694215775e-02
1.296308040618896484e-01
2.899342507589608431e-04
8.593395352363586426e-02
2.479894608259201050e-01
3.020930290222167969e-01
1.659784317016601562e-01
2.154930382966995239e-01
7.103227823972702026e-02
7.619688659906387329e-02
1.907271333038806915e-02
7.561673969030380249e-02
7.634439319372177124e-02
2.705188989639282227e-01
9.971807012334465981e-04
5.909474492073059082e-01
4.981365799903869629e-02
3.732935738298692740e-09
5.777226874670304824e-08
3.538149222731590271e-02
2.466258592903614044e-02
1.625270955264568329e-02
1.225244402885437012e-01
6.191869615577161312e-04
5.882493779063224792e-02
1.549212485551834106e-01
1.735596060752868652e-01
1.967224329710006714e-01
5.970604717731475830e-02
4.712096974253654480e-02
1.016905680298805237e-01
8.236899040639400482e-03
1.018756553530693054e-01
1.023156642913818359e-01
1.598860770463943481e-01
5.200028535909950733e-04
4.455676376819610596e-01
4.636589810252189636e-02
3.732935738298692740e-09
5.777226874670304824e-08
5.422240123152732849e-02
3.701882064342498779e-02
2.066232450306415558e-02
1.279068589210510254e-01
4.783995682373642921e-04
2.444670163094997406e-02
2.243677824735641479e-01
2.540382444858551025e-01
2.133777141571044922e-01
8.480534702539443970e-02
7.976137846708297729e-02
1.145121976733207703e-01
5.604071076959371567e-03
1.100535169243812561e-01
1.147721484303474426e-01
2.293348312377929688e-01
4.570501332636922598e-04
3.949991166591644287e-01
7.813200354576110840e-02
3.732935738298692740e-09
5.777226874670304824e-08
1.052900180220603943e-01
4.103859886527061462e-02
3.430334106087684631e-02
1.665005683898925781e-01
4.120631783735007048e-04
5.129333212971687317e-02
2.818202674388885498e-01
3.091938495635986328e-01
3.262934684753417969e-01
1.523810327053070068e-01
9.577433019876480103e-02
1.771349757909774780e-01
1.961976103484630585e-02
1.616478562355041504e-01
1.628373414278030396e-01
2.985647916793823242e-01
6.153029971756041050e-04
5.680222511291503906e-01
8.554240316152572632e-02
3.732935738298692740e-09
5.777226874670304824e-08
1.339166462421417236e-01
8.343323320150375366e-02
4.351570829749107361e-02
1.830977648496627808e-01
3.452569653745740652e-04
2.886959910392761230e-02
1.728051900863647461e-01
2.012896984815597534e-01
2.795078456401824951e-01
1.112001165747642517e-01
6.555538624525070190e-02
1.849163025617599487e-01
5.863439757376909256e-03
1.872507929801940918e-01
1.889860033988952637e-01
1.664887219667434692e-01
5.164315807633101940e-04
5.823264718055725098e-01
9.311756491661071777e-02
3.732935738298692740e-09
5.777226874670304824e-08
1.537144929170608521e-01
1.075493693351745605e-01
8.280712366104125977e-02
1.637927740812301636e-01
9.269518341170623899e-05
2.700841613113880157e-02
2.550116479396820068e-01
2.833532989025115967e-01
4.634985923767089844e-01
2.457336187362670898e-01
9.402894973754882812e-02
2.559038698673248291e-01
1.788038946688175201e-02
2.508650720119476318e-01
2.529207468032836914e-01
2.675156891345977783e-01
8.755807648412883282e-04
7.290374636650085449e-01
1.020390391349792480e-01
3.732935738298692740e-09
5.777226874670304824e-08
1.522171050310134888e-01
1.227670609951019287e-01
9.268362075090408325e-02
1.407694071531295776e-01
2.195785054937005043e-04
2.248441241681575775e-02
1.913535594940185547e-01
2.465064078569412231e-01
4.671083390712738037e-01
3.581312596797943115e-01
7.749895006418228149e-02
2.549719512462615967e-01
1.621639542281627655e-02
2.308464199304580688e-01
2.383666187524795532e-01
2.700387537479400635e-01
7.048198021948337555e-04
7.943759560585021973e-01
8.906637877225875854e-02
3.732935738298692740e-09
5.777226874670304824e-08
8.204212784767150879e-02
7.578954845666885376e-02
6.114808842539787292e-02
1.579450219869613647e-01
9.110751125263050199e-05
1.883729547262191772e-02
2.379362136125564575e-01
2.713221013545989990e-01
4.131490290164947510e-01
2.071851491928100586e-01
8.513573557138442993e-02
2.494610995054244995e-01
1.094804424792528152e-02
2.483535408973693848e-01
2.455597966909408569e-01
2.661051154136657715e-01
7.788906805217266083e-04
5.986006855964660645e-01
1.538943648338317871e-01
3.732935738298692740e-09
5.777226874670304824e-08
4.492912814021110535e-02
4.238770529627799988e-02
4.818828031420707703e-02
2.112663984298706055e-01
1.142991022788919508e-04
1.512970868498086929e-02
1.701223999261856079e-01
1.966493278741836548e-01
4.757320880889892578e-01
5.236316323280334473e-01
6.565899401903152466e-02
2.380467653274536133e-01
1.414837222546339035e-02
2.241499572992324829e-01
2.294691056013107300e-01
2.129572629928588867e-01
7.987256976775825024e-04
6.733873486518859863e-01
1.100965514779090881e-01
3.732935738298692740e-09
5.777226874670304824e-08
3.036925382912158966e-02
3.114411793649196625e-02
2.473855577409267426e-02
1.438290476799011230e-01
1.607631129445508122e-04
5.049056839197874069e-03
1.350647211074829102e-01
1.564054936170578003e-01
4.157097041606903076e-01
7.620469927787780762e-01
5.278152227401733398e-02
3.447301089763641357e-01
1.219104230403900146e-02
3.269348144531250000e-01
3.228933513164520264e-01
1.812288314104080200e-01
9.178810287266969681e-04
6.824745535850524902e-01
1.044623851776123047e-01
3.732935738298692740e-09
5.777226874670304824e-08
2.201949059963226318e-02
2.246581576764583588e-02
2.040876634418964386e-02
1.908425092697143555e-01
2.246488584205508232e-04
3.388023702427744865e-03
1.647312343120574951e-01
1.757721155881881714e-01
6.262261271476745605e-01
6.594100594520568848e-01
6.648863106966018677e-02
3.949222862720489502e-01
1.067161280661821365e-02
3.309533894062042236e-01
3.366607427597045898e-01
1.888532042503356934e-01
7.917876355350017548e-04
6.459622979164123535e-01
1.069274917244911194e-01
3.732935738298692740e-09
4.171350896358489990e-01
4.086661711335182190e-02
4.310717806220054626e-02
3.728486597537994385e-02
2.184376716613769531e-01
3.013435634784400463e-04
3.850352717563509941e-03
1.517889052629470825e-01
1.579112559556961060e-01
8.282451629638671875e-01
1.012936234474182129e+00
6.075115874409675598e-02
4.403807222843170166e-01
1.859255693852901459e-02
4.313808381557464600e-01
4.320054054260253906e-01
1.573513597249984741e-01
8.314910228364169598e-04
7.070072293281555176e-01
1.239912733435630798e-01
3.732935738298692740e-09
4.171330928802490234e-01
8.872260898351669312e-02
9.138055890798568726e-02
7.707317918539047241e-02
1.919103115797042847e-01
3.446650516707450151e-04
6.061050575226545334e-03
1.852467805147171021e-01
1.872808188199996948e-01
3.282094895839691162e-01
7.309933304786682129e-01
7.401146739721298218e-02
2.312337011098861694e-01
3.256404772400856018e-02
2.191551327705383301e-01
2.231103181838989258e-01
1.522700637578964233e-01
7.816280121915042400e-04
5.590187907218933105e-01
1.323000937700271606e-01
3.732935738298692740e-09
4.171444475650787354e-01
7.061630487442016602e-02
7.178208976984024048e-02
6.260064989328384399e-02
2.121505141258239746e-01
4.578880034387111664e-04
5.485503468662500381e-03
3.985979035496711731e-02
3.100643120706081390e-02
7.790401577949523926e-02
1.045162796974182129e+00
2.051239088177680969e-02
5.764807388186454773e-02
5.005021765828132629e-02
5.925433710217475891e-02
6.060376390814781189e-02
2.305454947054386139e-02
7.656309753656387329e-04
7.695856094360351562e-01
1.195448860526084900e-01
3.732935738298692740e-09
4.171453714370727539e-01
2.900059334933757782e-02
2.944932132959365845e-02
2.588342316448688507e-02
1.110140308737754822e-01
5.496601224876940250e-04
5.601177457720041275e-03
2.825689874589443207e-02
3.108383715152740479e-02
1.417935937643051147e-01
9.675062298774719238e-01
1.002377923578023911e-02
1.155938506126403809e-01
6.648672372102737427e-02
1.128652319312095642e-01
1.150625124573707581e-01
1.638125441968441010e-02
1.082769478671252728e-03
1.062721610069274902e+00
9.917932003736495972e-02
3.732935738298692740e-09
4.171521365642547607e-01
2.306310832500457764e-02
2.430370450019836426e-02
2.081744186580181122e-02
3.835249319672584534e-02
6.656572222709655762e-04
1.108499336987733841e-02
8.022060617804527283e-03
6.159508600831031799e-03
1.621627956628799438e-01
1.182599544525146484e+00
1.720029511488974094e-03
8.022650331258773804e-02
8.764144778251647949e-02
7.855381816625595093e-02
7.838920503854751587e-02
1.627976261079311371e-02
1.241418067365884781e-03
1.016634464263916016e+00
9.510000795125961304e-02
3.732935738298692740e-09
4.171411693096160889e-01
5.018761381506919861e-02
5.505228042602539062e-02
4.209189489483833313e-02
3.943467512726783752e-02
8.847105782479047775e-04
4.254383966326713562e-03
7.249904330819845200e-03
4.072414245456457138e-03
6.353387981653213501e-02
1.090999007225036621e+00
3.921143710613250732e-03
4.276340082287788391e-02
8.142399042844772339e-02
4.477390274405479431e-02
4.486871883273124695e-02
3.164595365524291992e-01
1.402747817337512970e-03
1.211877703666687012e+00
9.331514686346054077e-02
3.732935738298692740e-09
1.126736283302307129e+00
4.687655344605445862e-02
5.142429843544960022e-02
3.154496476054191589e-02
6.291180849075317383e-03
1.036903471685945988e-03
9.158077649772167206e-03
6.704244762659072876e-03
6.471597123891115189e-03
1.350291725248098373e-02
1.135302901268005371e+00
4.626437555998563766e-03
5.583189427852630615e-03
9.297101944684982300e-02
6.866354495286941528e-03
6.916674319654703140e-03
1.656305976212024689e-02
1.057811663486063480e-03
7.637624740600585938e-01
9.679139405488967896e-02
2.763483673334121704e-02
2.958754777908325195e+00
4.511040449142456055e-02
4.857880994677543640e-02
3.590987995266914368e-02
1.403573751449584961e-01
1.143134082667529583e-03
8.902943693101406097e-03
7.364694029092788696e-03
5.712702870368957520e-03
2.652221359312534332e-02
8.533082008361816406e-01
2.088516252115368843e-03
2.077240683138370514e-02
6.825701147317886353e-02
5.034149158746004105e-03
5.103399977087974548e-03
2.490984834730625153e-02
6.504372577182948589e-04
5.849732756614685059e-01
1.122345700860023499e-01
1.381793469190597534e-01
4.243162155151367188e+00
7.250426802784204483e-03
8.621996268630027771e-03
3.757447004318237305e-03
3.200934454798698425e-02
1.206879969686269760e-03
1.172977220267057419e-02
1.879120827652513981e-03
2.496708417311310768e-03
9.722406975924968719e-03
7.359140515327453613e-01
7.986451382748782635e-04
2.346938848495483398e-02
5.224229767918586731e-02
1.577676273882389069e-02
2.717665024101734161e-02
3.522063838317990303e-03
5.440840031951665878e-04
5.076000690460205078e-01
1.606040149927139282e-01
1.381843090057373047e-01
4.386293888092041016e+00
3.021290525794029236e-03
3.032116219401359558e-03
2.410778542980551720e-03
7.962852832861244678e-04
1.176535850390791893e-03
2.805206738412380219e-02
2.933959243819117546e-03
5.852966103702783585e-03
4.218880459666252136e-02
5.793446898460388184e-01
1.321764197200536728e-03
3.325497731566429138e-02
4.245632886886596680e-02
2.957430295646190643e-02
3.030570410192012787e-02
8.307663723826408386e-03
7.731534424237906933e-04
6.829376220703125000e-01
1.575517803430557251e-01
1.381930857896804810e-01
4.386343002319335938e+00
7.823384366929531097e-03
4.195181187242269516e-03
4.906127694994211197e-03
6.947869900614023209e-03
9.231309522874653339e-04
2.070421911776065826e-02
2.809532685205340385e-03
3.389984369277954102e-03
7.326107472181320190e-02
7.180503010749816895e-01
8.747352403588593006e-04
4.835455492138862610e-02
4.066215828061103821e-02
3.667254745960235596e-02
3.661036491394042969e-02
4.778646398335695267e-03
9.750563767738640308e-04
6.462655067443847656e-01
1.398930102586746216e-01
1.381967216730117798e-01
4.386368274688720703e+00
6.073348224163055420e-03
6.372594740241765976e-03
5.842471029609441757e-03
8.430553600192070007e-03
6.790461484342813492e-04
2.077593840658664703e-02
2.013562247157096863e-03
2.019683364778757095e-03
4.014534875750541687e-02
6.115724444389343262e-01
1.326168072409927845e-03
2.465488761663436890e-02
5.184734240174293518e-02
2.475413121283054352e-02
2.503780089318752289e-02
1.355497073382139206e-02
1.003608340397477150e-03
7.334722876548767090e-01
1.771176904439926147e-01
1.381939500570297241e-01
4.386360645294189453e+00
1.490855216979980469e-02
1.345183327794075012e-02
1.036227401345968246e-02
2.450571395456790924e-02
4.873769357800483704e-04
2.552169561386108398e-02
1.488899462856352329e-03
1.269917469471693039e-03
1.189092993736267090e-01
6.654979586601257324e-01
6.828462355770170689e-04
7.073464244604110718e-02
5.983276292681694031e-02
7.444229722023010254e-02
7.380863279104232788e-02
8.260712027549743652e-03
1.081577618606388569e-03
7.952902317047119141e-01
2.009283304214477539e-01
1.381872743368148804e-01
4.386362552642822266e+00
3.956852853298187256e-02
3.235642611980438232e-02
1.936944574117660522e-02
2.108329208567738533e-03
3.443837340455502272e-04
2.927804179489612579e-02
3.338277339935302734e-03
1.929736230522394180e-03
1.088243126869201660e-01
6.362853646278381348e-01
1.097644562833011150e-03
8.258232474327087402e-02
5.713766813278198242e-02
8.594036102294921875e-02
8.615706115961074829e-02
3.127277595922350883e-03
1.217164564877748489e-03
1.138307213783264160e+00
2.145972996950149536e-01
1.381850391626358032e-01
4.386379718780517578e+00
6.595266610383987427e-02
6.164348125457763672e-02
3.730622306466102600e-02
3.356967819854617119e-03
3.239559300709515810e-04
3.123004548251628876e-02
3.440104424953460693e-03
2.475008601322770119e-03
7.072899490594863892e-02
5.651094913482666016e-01
1.106269191950559616e-03
5.756132677197456360e-02
4.093101620674133301e-02
4.560994729399681091e-02
4.579013586044311523e-02
2.780350623652338982e-03
1.056294888257980347e-03
8.683838844299316406e-01
2.490339726209640503e-01
1.381861716508865356e-01
4.386460781097412109e+00
9.204376488924026489e-02
7.897537201642990112e-02
5.981766059994697571e-02
5.081397015601396561e-03
2.949997142422944307e-04
4.230877757072448730e-02
9.716355241835117340e-03
1.286834478378295898e-02
2.779812552034854889e-02
2.584465742111206055e-01
2.728876424953341484e-03
2.250449359416961670e-02
4.336670041084289551e-02
2.243711985647678375e-02
2.268342114984989166e-02
2.020385861396789551e-02
1.214444753713905811e-03
9.858219027519226074e-01
2.903835475444793701e-01
1.381931006908416748e-01
3.681554079055786133e+00
8.684799820184707642e-02
7.617094367742538452e-02
6.024774909019470215e-02
1.545970048755407333e-02
3.343722783029079437e-04
7.044519484043121338e-02
1.288428902626037598e-02
5.995421204715967178e-03
4.035558179020881653e-02
3.053344488143920898e-01
2.696957439184188843e-03
2.849605120718479156e-02
4.386956617236137390e-02
2.790605463087558746e-02
2.796712517738342285e-02
5.227422341704368591e-03
1.545824459753930569e-03
1.007480859756469727e+00
2.956003248691558838e-01
1.381980776786804199e-01
3.842439413070678711e+00
9.579247236251831055e-02
8.235616981983184814e-02
6.293778866529464722e-02
2.997706271708011627e-02
4.314458929002285004e-04
9.099968522787094116e-02
7.863114587962627411e-03
2.991988323628902435e-03
4.086600989103317261e-02
3.238825798034667969e-01
1.354693318717181683e-03
2.881518751382827759e-02
4.231132194399833679e-02
2.847842313349246979e-02
2.871459163725376129e-02
5.739881191402673721e-03
9.047668427228927612e-04
4.918969571590423584e-01
3.081783950328826904e-01
1.382022351026535034e-01
3.816265106201171875e+00
9.859146922826766968e-02
8.829901367425918579e-02
6.942883133888244629e-02
1.456258725374937057e-02
3.537809243425726891e-04
1.085819005966186523e-01
5.786636844277381897e-03
7.355635985732078552e-03
5.273127555847167969e-02
2.807605564594268799e-01
2.638134174048900604e-03
3.804233297705650330e-02
4.807361587882041931e-02
3.780885040760040283e-02
3.800586983561515808e-02
2.313446067273616791e-02
5.820707883685827255e-04
3.508894145488739014e-01
2.900650203227996826e-01
1.382069587707519531e-01
3.776641845703125000e+00
1.174433454871177673e-01
9.880772978067398071e-02
7.261541485786437988e-02
1.723561249673366547e-02
2.701137273106724024e-04
1.348563283681869507e-01
1.713778078556060791e-02
1.729892939329147339e-02
7.806693762540817261e-02
3.111565113067626953e-01
8.605428040027618408e-03
5.316013097763061523e-02
5.361245945096015930e-02
5.353658273816108704e-02
5.385305359959602356e-02
3.830539807677268982e-02
4.063454980496317148e-04
3.388718664646148682e-01
3.054856359958648682e-01
1.382127851247787476e-01
3.755435943603515625e+00
1.124970987439155579e-01
1.031874492764472961e-01
7.261409610509872437e-02
2.446352504193782806e-02
2.950148482341319323e-04
1.458888649940490723e-01
2.354048751294612885e-02
3.086853958666324615e-02
1.102457270026206970e-01
4.765113890171051025e-01
1.070297975093126297e-02
7.476251572370529175e-02
1.136640310287475586e-01
7.776102423667907715e-02
7.834615558385848999e-02
4.256188869476318359e-02
1.496915501775220037e-04
1.985752135515213013e-01
2.984410822391510010e-01
1.382105946540832520e-01
3.858951807022094727e+00
1.065878272056579590e-01
9.203089028596878052e-02
6.200725957751274109e-02
2.771540544927120209e-02
3.223462263122200966e-04
1.351795792579650879e-01
3.829146176576614380e-02
4.143130779266357422e-02
1.296886503696441650e-01
6.248822212219238281e-01
1.231712754815816879e-02
8.971878141164779663e-02
6.283393502235412598e-02
8.816161006689071655e-02
8.871193975210189819e-02
4.842066764831542969e-02
1.346743520116433501e-04
2.243662625551223755e-01
3.330767154693603516e-01
1.381995677947998047e-01
1.378266692161560059e+00
9.907666593790054321e-02
8.624795079231262207e-02
5.404943600296974182e-02
5.148710310459136963e-02
5.970746860839426517e-04
1.249372288584709167e-01
6.161002442240715027e-02
6.540604680776596069e-02
1.709432452917098999e-01
7.252425551414489746e-01
1.901063695549964905e-02
1.247377991676330566e-01
6.018368527293205261e-02
1.251420825719833374e-01
1.245987787842750549e-01
7.865613698959350586e-02
1.616381778148934245e-04
2.499359846115112305e-01
3.866538107395172119e-01
8.587953448295593262e-02
2.481461763381958008e+00
2.224735021591186523e-01
1.937560588121414185e-01
1.379513591527938843e-01
5.683964490890502930e-02
8.395818877033889294e-04
1.247804388403892517e-01
9.574595093727111816e-02
1.020217612385749817e-01
2.456421852111816406e-01
6.278858780860900879e-01
2.741344086825847626e-02
1.476215273141860962e-01
6.717652082443237305e-02
1.511100679636001587e-01
1.506899148225784302e-01
1.464622616767883301e-01
2.420513192191720009e-04
4.122665822505950928e-01
4.469145834445953369e-01
2.148392051458358765e-02
8.777808547019958496e-01
2.560290992259979248e-01
2.379283756017684937e-01
1.662076562643051147e-01
8.342540264129638672e-02
1.020845491439104080e-03
1.144612729549407959e-01
1.478020995855331421e-01
1.599322557449340820e-01
2.417395114898681641e-01
5.846467614173889160e-01
4.364347457885742188e-02
1.597180664539337158e-01
5.323211848735809326e-02
1.581698507070541382e-01
1.600467711687088013e-01
2.352743148803710938e-01
2.014120545936748385e-04
3.979323804378509521e-01
2.807098329067230225e-01
8.186348713934421539e-03
4.109210968017578125e-01
2.688776552677154541e-01
2.496746331453323364e-01
1.806008219718933105e-01
1.111202314496040344e-01
3.566949453670531511e-04
5.195315554738044739e-02
1.812056899070739746e-01
1.785248517990112305e-01
2.415756136178970337e-01
4.464563429355621338e-01
4.820431768894195557e-02
1.433741301298141479e-01
3.992926701903343201e-02
1.410527676343917847e-01
1.407740861177444458e-01
2.586273849010467529e-01
1.910313731059432030e-04
3.012660443782806396e-01
2.670392394065856934e-01
3.915224224328994751e-03
1.710994839668273926e-01
2.298918813467025757e-01
1.909334510564804077e-01
1.480110436677932739e-01
1.540179401636123657e-01
2.621140738483518362e-04
3.268011286854743958e-02
2.611794471740722656e-01
2.727714776992797852e-01
3.203287422657012939e-01
4.418493211269378662e-01
6.983657926321029663e-02
1.961028426885604858e-01
4.599027708172798157e-02
1.985030174255371094e-01
1.989609003067016602e-01
3.652328550815582275e-01
2.429076848784461617e-04
3.437605798244476318e-01
2.797359228134155273e-01
2.818434732034802437e-03
2.745642662048339844e-01
6.243827939033508301e-02
4.904924705624580383e-02
3.369927033782005310e-02
2.162805348634719849e-01
4.952943418174982071e-04
3.591496124863624573e-02
3.821188509464263916e-01
4.016594886779785156e-01
2.346796840429306030e-01
4.818184077739715576e-01
9.985101968050003052e-02
1.506896167993545532e-01
3.481182828545570374e-02
1.169451847672462463e-01
1.166095361113548279e-01
4.990397691726684570e-01
1.827260275604203343e-04
2.859141528606414795e-01
9.748489409685134888e-02
2.825059927999973297e-03
3.512983322143554688e-01
7.119559496641159058e-02
5.048325657844543457e-02
2.584591694176197052e-02
2.923451364040374756e-01
3.946055658161640167e-04
8.015678077936172485e-02
4.035867154598236084e-01
4.264501631259918213e-01
1.699752062559127808e-01
6.654990911483764648e-01
1.083997115492820740e-01
8.604992181062698364e-02
4.339973255991935730e-02
9.216118603944778442e-02
8.940350264310836792e-02
5.905931591987609863e-01
2.088010223815217614e-04
2.853007018566131592e-01
1.004895344376564026e-01
1.058002351783216000e-03
2.038900107145309448e-01
9.628251940011978149e-02
8.960821479558944702e-02
4.366244748234748840e-02
3.912508487701416016e-01
3.062061441596597433e-04
6.692718714475631714e-02
4.747922420501708984e-01
5.308150649070739746e-01
1.488305181264877319e-01
8.077699542045593262e-01
1.267901510000228882e-01
7.040465623140335083e-02
6.879667192697525024e-02
7.699622958898544312e-02
7.743263244628906250e-02
7.777745723724365234e-01
2.963296428788453341e-04
3.422068655490875244e-01
7.355932146310806274e-02
9.442248847335577011e-04
1.775487214326858521e-01
1.464546471834182739e-01
1.344651728868484497e-01
6.665799766778945923e-02
4.851433932781219482e-01
3.992776328232139349e-04
2.826558053493499756e-02
6.076731681823730469e-01
6.342150568962097168e-01
1.423842906951904297e-01
6.993635296821594238e-01
1.617339849472045898e-01
7.414281368255615234e-02
7.725477218627929688e-02
7.079061120748519897e-02
7.066574692726135254e-02
7.713740468025207520e-01
4.144605773035436869e-04
5.603246688842773438e-01
6.883236020803451538e-02
1.406869734637439251e-03
3.053463399410247803e-01
1.062342599034309387e-01
1.090137660503387451e-01
7.238829880952835083e-02
5.812126994132995605e-01
4.768092185258865356e-04
2.583137154579162598e-02
6.351150870323181152e-01
6.516703367233276367e-01
1.899679452180862427e-01
1.555741667747497559e+00
1.685328483581542969e-01
9.045830368995666504e-02
6.419724225997924805e-02
8.586886525154113770e-02
8.592796325683593750e-02
9.493592381477355957e-01
1.410777913406491280e-04
2.129935473203659058e-01
1.249937713146209717e-01
2.754748100414872169e-03
1.793091297149658203e-01
5.965125560760498047e-02
4.989286884665489197e-02
3.149111568927764893e-02
7.236010432243347168e-01
4.779332957696169615e-04
7.176714483648538589e-03
6.339603066444396973e-01
6.529278159141540527e-01
2.402527928352355957e-01
5.486127734184265137e-01
1.600297242403030396e-01
1.452506631612777710e-01
3.157149627804756165e-02
1.422417610883712769e-01
1.421687304973602295e-01
7.818851470947265625e-01
1.693087542662397027e-04
1.074304208159446716e-01
1.532445996999740601e-01
1.908431411720812321e-03
3.983222544193267822e-01
8.011872880160808563e-03
7.266929373145103455e-03
3.905285149812698364e-03
8.611007332801818848e-01
1.232864335179328918e-03
1.154487859457731247e-02
6.147126555442810059e-01
6.061068177223205566e-01
3.021375238895416260e-01
1.225951090455055237e-01
1.447382122278213501e-01
1.402525454759597778e-01
1.160267367959022522e-02
1.380846351385116577e-01
1.377368718385696411e-01
7.441346645355224609e-01
1.286963670281693339e-04
8.437054604291915894e-02
1.351207494735717773e-01
2.837919630110263824e-03
3.456459045410156250e-01
4.797230940312147141e-03
6.963566411286592484e-03
1.366395503282546997e-03
6.450585722923278809e-01
1.607333309948444366e-03
8.243304491043090820e-02
5.823959708213806152e-01
5.912719368934631348e-01
3.713003695011138916e-01
8.163619786500930786e-02
1.318258792161941528e-01
1.426108032464981079e-01
1.188246533274650574e-02
1.381161659955978394e-01
1.370452791452407837e-01
6.515235304832458496e-01
1.208564499393105507e-04
9.518218785524368286e-02
2.171319276094436646e-01
2.346045570448040962e-03
2.854735851287841797e-01
2.553402632474899292e-02
2.034013532102108002e-02
5.779805127531290054e-03
4.775545299053192139e-01
1.631230697967112064e-03
3.437113761901855469e-02
5.296692252159118652e-01
5.002415180206298828e-01
2.205311655998229980e-01
1.212790384888648987e-01
1.163279488682746887e-01
1.381488442420959473e-01
1.261843089014291763e-02
1.336407810449600220e-01
1.348872035741806030e-01
5.676061511039733887e-01
1.167826994787901640e-04
9.739037603139877319e-02
1.584437489509582520e-01
7.383109536021947861e-03
9.439010173082351685e-02
2.890106104314327240e-02
2.152089029550552368e-02
8.214433677494525909e-03
4.048510789871215820e-01
1.596687478013336658e-03
5.901969969272613525e-02
3.192113935947418213e-01
2.876211702823638916e-01
5.020222663879394531e-01
1.302679777145385742e-01
9.266158938407897949e-02
2.760601639747619629e-01
1.174180954694747925e-02
2.735414803028106689e-01
2.586161196231842041e-01
3.965483605861663818e-01
1.987576688406988978e-04
1.274995654821395874e-01
1.176256909966468811e-01
8.609442156739532948e-04
3.103957176208496094e-01
4.231151938438415527e-02
3.591078147292137146e-02
1.837020926177501678e-02
2.958336770534515381e-01
1.046914490871131420e-03
3.898155689239501953e-02
2.810157835483551025e-01
2.778505980968475342e-01
3.703038692474365234e-01
1.564324945211410522e-01
9.890863299369812012e-02
1.998557299375534058e-01
1.076873391866683960e-02
2.512266337871551514e-01
2.517871558666229248e-01
3.325172960758209229e-01
3.351404739078134298e-04
1.694059371948242188e-01
1.079057678580284119e-01
4.857141990214586258e-03
9.540373086929321289e-02
5.625202134251594543e-02
4.590414091944694519e-02
2.472114376723766327e-02
2.429933547973632812e-01
1.292501925490796566e-03
7.838243246078491211e-02
3.601181507110595703e-01
3.516460955142974854e-01
8.344718068838119507e-02
1.484501659870147705e-01
9.295351058244705200e-02
1.470129936933517456e-01
1.325765904039144516e-02
1.366939991712570190e-01
1.395630538463592529e-01
3.128261566162109375e-01
4.084626853000372648e-04
2.193596810102462769e-01
1.421832442283630371e-01
2.191301668062806129e-03
4.661226272583007812e-02
8.223973959684371948e-02
5.393432453274726868e-02
3.437939658761024475e-02
1.956837922334671021e-01
1.352392020635306835e-03
8.331822603940963745e-02
3.060760200023651123e-01
2.250147312879562378e-01
8.481082320213317871e-02
1.157327219843864441e-01
8.343627303838729858e-02
4.099256917834281921e-02
1.125174015760421753e-02
3.347945585846900940e-02
3.773612529039382935e-02
2.355215549468994141e-01
5.032898043282330036e-04
2.438024282455444336e-01
2.215806990861892700e-01
3.732935738298692740e-09
4.300932399928569794e-03
7.355744391679763794e-02
5.584049224853515625e-02
3.310367092490196228e-02
2.917344570159912109e-01
1.604054123163223267e-03
1.002247259020805359e-01
3.022577464580535889e-01
3.140204846858978271e-01
1.141284406185150146e-01
1.161390841007232666e-01
1.115278080105781555e-01
5.010112002491950989e-02
1.362723112106323242e-02
6.608122587203979492e-02
5.946731567382812500e-02
2.844040691852569580e-01
4.314243269618600607e-04
2.645496428012847900e-01
2.348478585481643677e-01
3.732935738298692740e-09
5.777226874670304824e-08
6.742719560861587524e-02
6.212126836180686951e-02
1.827548258006572723e-02
2.634790241718292236e-01
1.346421777270734310e-03
1.183553412556648254e-01
3.951561450958251953e-01
3.129148483276367188e-01
1.547988206148147583e-01
1.030319333076477051e-01
9.283979982137680054e-02
7.437039911746978760e-02
1.353946048766374588e-02
6.191216781735420227e-02
6.278345733880996704e-02
2.308342903852462769e-01
5.321142962202429771e-04
2.256286144256591797e-01
1.756237745285034180e-01
3.732935738298692740e-09
5.777226874670304824e-08
8.045650273561477661e-02
6.438380479812622070e-02
2.937101759016513824e-02
2.827711701393127441e-01
1.244174898602068424e-03
9.406769275665283203e-02
2.756120860576629639e-01
2.494267225265502930e-01
2.501886487007141113e-01
1.875489950180053711e-01
7.937709242105484009e-02
9.709759801626205444e-02
1.470096874982118607e-02
8.525060862302780151e-02
8.643925935029983521e-02
2.128899246454238892e-01
3.891536907758563757e-04
2.150908708572387695e-01
2.045540809631347656e-01
3.732935738298692740e-09
5.777226874670304824e-08
9.387517720460891724e-02
7.866162806749343872e-02
3.648088872432708740e-02
4.495643675327301025e-01
1.384087488986551762e-03
1.010029688477516174e-01
4.204872548580169678e-01
4.241919815540313721e-01
2.117505818605422974e-01
3.480103909969329834e-01
9.829157590866088867e-02
8.813092112541198730e-02
4.947651550173759460e-02
8.009440451860427856e-02
8.156596869230270386e-02
2.117603272199630737e-01
4.851912090089172125e-04
2.139983326196670532e-01
2.519318759441375732e-01
3.732935738298692740e-09
5.777226874670304824e-08
1.204315051436424255e-01
1.065227016806602478e-01
5.665691569447517395e-02
3.023205101490020752e-01
1.902473042719066143e-03
1.087839305400848389e-01
3.233390748500823975e-01
3.022108674049377441e-01
2.135525196790695190e-01
2.437698394060134888e-01
8.694551140069961548e-02
8.905299752950668335e-02
4.011169448494911194e-02
8.300915360450744629e-02
8.318862318992614746e-02
1.142297387123107910e-01
4.164804704487323761e-04
2.142223864793777466e-01
2.619855403900146484e-01
3.732935738298692740e-09
5.777226874670304824e-08
9.904867410659790039e-02
8.173135668039321899e-02
4.094953835010528564e-02
2.600473463535308838e-01
1.801644102670252323e-03
1.367339938879013062e-01
4.104923456907272339e-02
4.441777989268302917e-02
4.134200513362884521e-01
1.504006981849670410e-01
1.168939005583524704e-02
1.137695908546447754e-01
2.738956548273563385e-02
1.072874888777732849e-01
1.088952422142028809e-01
1.371784061193466187e-01
4.924808745272457600e-04
2.619214951992034912e-01
1.380714327096939087e-01
3.732935738298692740e-09
5.777226874670304824e-08
9.042272716760635376e-02
7.081425935029983521e-02
2.864154987037181854e-02
1.117797121405601501e-01
5.077524692751467228e-04
1.554321199655532837e-01
3.772333636879920959e-02
4.258535802364349365e-02
3.658109605312347412e-01
8.683022111654281616e-02
7.908712141215801239e-03
1.475691199302673340e-01
8.606373332440853119e-03
1.224990710616111755e-01
1.247322559356689453e-01
9.493213891983032227e-02
5.916702211834490299e-04
4.096960723400115967e-01
1.560162752866744995e-01
3.732935738298692740e-09
5.777226874670304824e-08
2.258161157369613647e-01
1.843150407075881958e-01
6.310295313596725464e-02
2.824393846094608307e-02
5.761362845078110695e-04
1.927200555801391602e-01
7.894536107778549194e-02
1.008913293480873108e-01
3.518681526184082031e-01
8.517993241548538208e-02
1.837286166846752167e-02
1.791226863861083984e-01
4.140051081776618958e-03
1.638382822275161743e-01
1.653592884540557861e-01
2.888183891773223877e-01
5.048876046203076839e-04
3.109954893589019775e-01
9.843962639570236206e-02
3.732935738298692740e-09
5.777226874670304824e-08
2.592450678348541260e-01
2.125400453805923462e-01
1.056629791855812073e-01
4.259111359715461731e-02
3.274702467024326324e-04
2.236495018005371094e-01
2.001044750213623047e-01
2.305702418088912964e-01
5.573666095733642578e-01
9.800218790769577026e-02
4.534211754798889160e-02
2.248610407114028931e-01
6.797507405281066895e-03
2.126998901367187500e-01
2.145080566406250000e-01
3.126100301742553711e-01
3.957003355026245117e-04
3.347060978412628174e-01
8.878763765096664429e-02
3.732935738298692740e-09
5.777226874670304824e-08
3.851435184478759766e-01
3.159523010253906250e-01
1.710465550422668457e-01
9.241010993719100952e-02
9.573960560373961926e-04
2.707761526107788086e-01
1.387553215026855469e-01
1.771734952926635742e-01
3.879665136337280273e-01
1.437681466341018677e-01
4.542638361454010010e-02
1.552155166864395142e-01
1.089597493410110474e-02
1.471522897481918335e-01
1.480683237314224243e-01
2.366133183240890503e-01
4.083208332303911448e-04
2.892250716686248779e-01
9.828737378120422363e-02
3.732935738298692740e-09
5.777226874670304824e-08
2.696652114391326904e-01
2.155075222253799438e-01
1.263159960508346558e-01
1.469413042068481445e-01
9.390797931700944901e-04
3.154073655605316162e-01
4.899112507700920105e-02
6.139600276947021484e-02
1.060171127319335938e-01
1.465575546026229858e-01
1.232647802680730820e-02
6.017899513244628906e-02
1.225186046212911606e-02
6.288006156682968140e-02
6.324036419391632080e-02
1.250626295804977417e-01
5.082057905383408070e-04
3.102374970912933350e-01
7.733012735843658447e-02
3.732935738298692740e-09
5.777226874670304824e-08
4.252673313021659851e-02
5.226411297917366028e-02
2.633978240191936493e-02
6.841123849153518677e-02
7.595127099193632603e-04
3.782073557376861572e-01
4.058192297816276550e-02
4.668342694640159607e-02
3.943071886897087097e-02
7.062988728284835815e-02
1.029949355870485306e-02
2.198090218007564545e-02
8.189301006495952606e-03
2.338295243680477142e-02
2.339815162122249603e-02
7.606333494186401367e-02
5.703183705918490887e-04
3.330321609973907471e-01
3.745596483349800110e-02
3.732935738298692740e-09
5.777226874670304824e-08
6.452962011098861694e-02
6.954702734947204590e-02
3.033420443534851074e-02
3.297745063900947571e-02
6.684910622425377369e-04
8.166576176881790161e-02
6.952006369829177856e-02
6.195222213864326477e-02
1.944207027554512024e-02
1.457543969154357910e-01
1.444282010197639465e-02
3.500631311908364296e-03
8.502686396241188049e-03
5.416015163064002991e-03
5.383396986871957779e-03
3.691610321402549744e-02
7.707500481046736240e-05
1.212275624275207520e-01
2.687592990696430206e-02
3.732935738298692740e-09
5.777226874670304824e-08
1.144674196839332581e-01
1.142737269401550293e-01
4.437356069684028625e-02
4.510493949055671692e-02
4.620473773684352636e-04
3.370031341910362244e-02
1.216888204216957092e-01
1.144217029213905334e-01
1.756951771676540375e-02
5.047512054443359375e-01
3.381764516234397888e-02
9.467212483286857605e-03
5.809717252850532532e-02
9.039639495313167572e-03
9.324169717729091644e-03
9.484686702489852905e-02
8.167225314537063241e-05
7.720497995615005493e-02
2.896440215408802032e-02
3.732935738298692740e-09
5.777226874670304824e-08
1.394889056682586670e-01
1.364447623491287231e-01
5.208989977836608887e-02
5.945030227303504944e-02
4.270294739399105310e-04
1.470322161912918091e-02
6.226418539881706238e-02
7.327904552221298218e-02
1.060871127992868423e-02
1.807375699281692505e-01
1.594133675098419189e-02
3.868707688525319099e-03
1.989448629319667816e-02
3.563059726729989052e-03
3.815984120592474937e-03
4.937881231307983398e-02
1.154278288595378399e-04
1.408888101577758789e-01
3.242861106991767883e-02
3.732935738298692740e-09
5.777226874670304824e-08
9.144270420074462891e-02
1.038452982902526855e-01
4.491991922259330750e-02
8.370995521545410156e-02
6.136505980975925922e-04
5.668477714061737061e-02
4.454206302762031555e-02
5.440082028508186340e-02
1.434293016791343689e-02
1.615273505449295044e-01
1.215707790106534958e-02
6.655267905443906784e-03
1.636251993477344513e-02
5.816273391246795654e-03
5.990071687847375870e-03
5.201530456542968750e-02
1.233134389622136950e-04
3.046906888484954834e-01
4.207788035273551941e-02
3.732935738298692740e-09
5.777226874670304824e-08
3.094637952744960785e-02
3.453347459435462952e-02
1.723501831293106079e-02
1.199000254273414612e-01
6.829220801591873169e-04
4.751393198966979980e-02
3.479386493563652039e-02
4.238459467887878418e-02
1.186589896678924561e-02
3.202679380774497986e-02
6.630638148635625839e-03
2.260016277432441711e-03
6.672841962426900864e-03
2.270186319947242737e-03
2.355672651901841164e-03
1.095443964004516602e-01
9.041182784130796790e-05
8.782533556222915649e-02
4.559114947915077209e-02
3.732935738298692740e-09
5.777226874670304824e-08
1.011133100837469101e-02
7.143788039684295654e-03
3.286945866420865059e-03
6.683278828859329224e-02
8.444211562164127827e-04
7.529438287019729614e-02
4.230533912777900696e-02
4.663839936256408691e-02
6.956814322620630264e-03
3.263475373387336731e-02
6.882137153297662735e-03
4.902761895209550858e-03
1.744798384606838226e-03
4.079042002558708191e-03
4.183734767138957977e-03
9.476199746131896973e-02
9.114910062635317445e-05
7.511905580759048462e-02
4.034540429711341858e-02
3.732935738298692740e-09
5.777226874670304824e-08
8.122117258608341217e-03
8.622334338724613190e-03
1.725356094539165497e-03
6.478115171194076538e-02
4.927823320031166077e-04
3.601284697651863098e-02
5.742041394114494324e-02
8.407974243164062500e-02
1.647870056331157684e-02
4.532696306705474854e-02
1.223841030150651932e-02
1.031302381306886673e-02
2.474850974977016449e-03
9.556054137647151947e-03
9.807209484279155731e-03
8.488321304321289062e-02
8.440081728622317314e-05
7.685147970914840698e-02
3.209802135825157166e-02
3.732935738298692740e-09
5.777226874670304824e-08
8.902651257812976837e-03
9.529460221529006958e-03
2.945645479485392570e-03
1.013122797012329102e-01
5.474837962538003922e-04
2.657118439674377441e-02
5.584578588604927063e-02
6.137060001492500305e-02
3.809222206473350525e-02
2.568241022527217865e-02
9.012053720653057098e-03
1.405459549278020859e-02
1.578554511070251465e-03
1.483527943491935730e-02
1.525818090885877609e-02
5.770873650908470154e-02
1.005660524242557585e-04
9.261119365692138672e-02
1.972299069166183472e-02
3.732935738298692740e-09
5.777226874670304824e-08
1.220711600035429001e-02
2.065643481910228729e-02
4.503334872424602509e-03
9.014362096786499023e-02
1.332408748567104340e-03
3.201118111610412598e-02
6.340229511260986328e-02
7.331776618957519531e-02
1.863670162856578827e-02
5.898186564445495605e-02
1.221136469393968582e-02
8.402313105762004852e-03
4.123227670788764954e-03
9.511278010904788971e-03
8.851076476275920868e-03
6.439230591058731079e-02
1.928514102473855019e-04
1.470708250999450684e-01
2.920668572187423706e-02
3.732935738298692740e-09
5.777226874670304824e-08
2.044958807528018951e-02
2.468821965157985687e-02
1.756628789007663727e-02
2.281310409307479858e-02
2.480989089235663414e-03
6.994300335645675659e-02
6.895760446786880493e-02
7.685259729623794556e-02
1.517731975764036179e-02
1.202635169029235840e-01
1.673637144267559052e-02
1.211270969361066818e-02
8.194063790142536163e-03
1.286458689719438553e-02
1.264670025557279587e-02
9.989881515502929688e-02
2.158986753784120083e-04
1.891233175992965698e-01
2.130948938429355621e-02
3.732935738298692740e-09
5.777226874670304824e-08
3.137464076280593872e-02
3.196200728416442871e-02
1.904504746198654175e-02
4.771607741713523865e-02
7.703420706093311310e-04
9.476711601018905640e-02
7.555392384529113770e-02
7.871890813112258911e-02
1.428339350968599319e-02
1.379435658454895020e-01
1.954500377178192139e-02
7.932187989354133606e-03
1.806766726076602936e-02
7.789935916662216187e-03
7.978205569088459015e-03
1.025296822190284729e-01
2.394138573436066508e-04
1.325877606868743896e-01
2.321805059909820557e-02
3.732935738298692740e-09
5.777226874670304824e-08
3.483576700091362000e-02
3.704899922013282776e-02
2.521666139364242554e-02
6.444834917783737183e-02
3.985700604971498251e-04
2.687748335301876068e-02
1.044153198599815369e-01
1.135817840695381165e-01
1.609506644308567047e-02
2.536648809909820557e-01
2.760675363242626190e-02
9.755307808518409729e-03
3.426396474242210388e-02
9.655308909714221954e-03
9.675431065261363983e-03
1.217304840683937073e-01
2.374716568738222122e-04
1.422968357801437378e-01
2.926964871585369110e-02
3.732935738298692740e-09
5.777226874670304824e-08
3.999130800366401672e-02
3.897884860634803772e-02
2.508834563195705414e-02
6.317308545112609863e-02
6.832673097960650921e-04
2.115247212350368500e-02
1.266912072896957397e-01
1.336320787668228149e-01
1.786144264042377472e-02
2.834347784519195557e-01
3.704570606350898743e-02
1.067774649709463120e-02
3.662264347076416016e-02
8.772406727075576782e-03
8.832786232233047485e-03
1.106178686022758484e-01
1.939851354109123349e-04
1.482366323471069336e-01
2.052198909223079681e-02
3.732935738298692740e-09
5.777226874670304824e-08
3.588244318962097168e-02
3.161760047078132629e-02
1.621157117187976837e-02
1.032175794243812561e-01
4.181904660072177649e-04
1.793205365538597107e-02
1.293945163488388062e-01
1.492692232131958008e-01
1.978791505098342896e-02
2.995744347572326660e-01
4.146518185734748840e-02
9.552347473800182343e-03
4.048815369606018066e-02
9.517756290733814240e-03
9.872916154563426971e-03
1.093525663018226624e-01
2.181982999900355935e-04
1.640703082084655762e-01
1.934885047376155853e-02
3.732935738298692740e-09
5.777226874670304824e-08
6.391122192144393921e-02
4.832541570067405701e-02
2.325234748423099518e-02
1.243905127048492432e-01
2.510240301489830017e-04
6.144078448414802551e-03
1.331287473440170288e-01
1.143884435296058655e-01
2.320916764438152313e-02
3.373824059963226318e-01
3.564261645078659058e-02
1.115979999303817749e-02
4.536953195929527283e-02
1.226838771253824234e-02
1.235164608806371689e-02
1.428662985563278198e-01
2.096368552884086967e-04
1.433608233928680420e-01
2.340566553175449371e-02
3.732935738298692740e-09
5.777226874670304824e-08
9.371948987245559692e-02
7.480225712060928345e-02
4.184017702937126160e-02
1.074755191802978516e-01
1.875460147857666016e-04
5.469508469104766846e-03
1.236533820629119873e-01
1.228306889533996582e-01
2.659176290035247803e-02
4.088520705699920654e-01
3.756073489785194397e-02
1.269898191094398499e-02
4.941214248538017273e-02
1.250331383198499680e-02
1.277074590325355530e-02
1.435824036598205566e-01
3.299102245364338160e-04
2.538864910602569580e-01
2.573476731777191162e-02
3.732935738298692740e-09
5.777226874670304824e-08
1.268177032470703125e-01
1.153128221631050110e-01
5.474133417010307312e-02
1.180346831679344177e-01
2.339100901735946536e-04
4.644792992621660233e-03
1.162114739418029785e-01
1.288718283176422119e-01
2.520736865699291229e-02
3.418886363506317139e-01
3.464297577738761902e-02
1.182448957115411758e-02
4.209022596478462219e-02
1.178247760981321335e-02
1.155104208737611771e-02
1.342133730649948120e-01
1.721128355711698532e-04
1.272957921028137207e-01
2.636582590639591217e-02
3.732935738298692740e-09
5.777226874670304824e-08
1.163661852478981018e-01
8.271030336618423462e-02
3.651493787765502930e-02
1.182977184653282166e-01
3.260551020503044128e-04
3.314625471830368042e-03
1.855241060256958008e-01
1.773112565279006958e-01
2.307321317493915558e-02
5.623542666435241699e-01
5.758023262023925781e-02
1.310532819479703903e-02
6.331845372915267944e-02
1.257675141096115112e-02
1.267838943749666214e-02
2.121206521987915039e-01
1.747224741848185658e-04
1.274976432323455811e-01
2.428828366100788116e-02
3.732935738298692740e-09
5.777226874670304824e-08
5.490034446120262146e-02
4.753093048930168152e-02
2.459530346095561981e-02
1.465542316436767578e-01
3.860330616589635611e-04
1.356543600559234619e-02
2.082344740629196167e-01
2.302666753530502319e-01
5.532269179821014404e-02
4.908013343811035156e-01
6.164334714412689209e-02
1.738999225199222565e-02
7.344048470258712769e-02
2.212891541421413422e-02
2.279072999954223633e-02
2.590949535369873047e-01
2.146139740943908691e-04
2.809230983257293701e-01
2.123444713652133942e-02
3.732935738298692740e-09
5.777226874670304824e-08
9.564957022666931152e-02
7.813004404306411743e-02
4.115748405456542969e-02
1.960676759481430054e-01
3.787434252444654703e-04
1.629847288131713867e-02
2.712228298187255859e-01
4.041074812412261963e-01
1.234138309955596924e-01
6.294789314270019531e-01
6.598976254463195801e-02
4.100146144628524780e-02
7.787444442510604858e-02
6.446839869022369385e-02
4.098626598715782166e-02
4.696423709392547607e-01
2.740008058026432991e-04
2.302391380071640015e-01
2.951227314770221710e-02
3.732935738298692740e-09
5.777226874670304824e-08
2.233482152223587036e-01
1.909560710191726685e-01
9.337666630744934082e-02
2.010670900344848633e-01
2.869491872843354940e-04
6.062372121959924698e-03
3.356370031833648682e-01
4.495346844196319580e-01
1.305130273103713989e-01
6.984456181526184082e-01
1.095784306526184082e-01
6.971451640129089355e-02
7.748162746429443359e-02
6.899432092905044556e-02
5.328251048922538757e-02
4.211324751377105713e-01
4.488240228965878487e-04
3.719743788242340088e-01
2.435241639614105225e-02
3.732935738298692740e-09
5.777226874670304824e-08
3.510396480560302734e-01
2.878443598747253418e-01
1.543043404817581177e-01
3.441275060176849365e-01
5.603315657936036587e-04
9.092821739614009857e-03
4.075188338756561279e-01
3.678118288516998291e-01
8.538760989904403687e-02
7.514645457267761230e-01
9.785633534193038940e-02
3.221368417143821716e-02
8.234360814094543457e-02
3.256992623209953308e-02
3.265812247991561890e-02
3.178796470165252686e-01
2.843760594259947538e-04
2.355956882238388062e-01
2.963456511497497559e-02
3.732935738298692740e-09
5.777226874670304824e-08
2.150055915117263794e-01
1.645099073648452759e-01
9.513320773839950562e-02
3.747602999210357666e-01
9.031572844833135605e-04
2.025302313268184662e-02
2.292155474424362183e-01
2.280128449201583862e-01
4.067559167742729187e-02
4.994177818298339844e-01
6.842693686485290527e-02
1.659591495990753174e-02
7.143118977546691895e-02
1.682246103882789612e-02
1.682389713823795319e-02
1.947262138128280640e-01
1.703542657196521759e-04
9.356830269098281860e-02
2.439271844923496246e-02
3.732935738298692740e-09
5.777226874670304824e-08
4.107226803898811340e-02
4.493749141693115234e-02
2.258034981787204742e-02
2.480343133211135864e-01
5.959059926681220531e-04
1.364120561629533768e-02
1.136188432574272156e-01
1.258929222822189331e-01
1.262583304196596146e-02
3.147254884243011475e-01
4.018053039908409119e-02
6.585391238331794739e-03
4.914909601211547852e-02
8.114674128592014313e-03
8.140341378748416901e-03
9.528306871652603149e-02
1.195335644297301769e-04
9.477809071540832520e-02
1.342533808201551437e-02
3.732935738298692740e-09
5.777226874670304824e-08
6.201615929603576660e-02
5.159090459346771240e-02
2.617088146507740021e-02
1.752347946166992188e-01
3.557224990800023079e-04
3.358650207519531250e-02
1.529105752706527710e-01
1.632454544305801392e-01
3.499175235629081726e-02
4.443855583667755127e-01
4.735091701149940491e-02
1.563228853046894073e-02
3.796098008751869202e-02
1.993136107921600342e-02
1.812840625643730164e-02
1.833795309066772461e-01
5.048750899732112885e-04
1.610887199640274048e-01
4.039606824517250061e-02
3.732935738298692740e-09
5.777226874670304824e-08
1.133812889456748962e-01
1.055445745587348938e-01
4.393423721194267273e-02
1.870255023241043091e-01
5.882172845304012299e-04
4.663126543164253235e-02
2.896554470062255859e-01
2.955435216426849365e-01
1.036336123943328857e-01
1.047556757926940918e+00
9.152126312255859375e-02
4.221625253558158875e-02
1.240100637078285217e-01
4.255710542201995850e-02
4.182937741279602051e-02
4.145954549312591553e-01
8.644253830425441265e-05
9.190870076417922974e-02
3.582715615630149841e-02
3.732935738298692740e-09
5.777226874670304824e-08
1.460027247667312622e-01
1.372856497764587402e-01
6.051449105143547058e-02
2.036794871091842651e-01
4.892905708402395248e-04
4.478532448410987854e-02
2.501185834407806396e-01
2.160197645425796509e-01
1.135911643505096436e-01
9.832679629325866699e-01
6.420651078224182129e-02
3.876960650086402893e-02
9.196165949106216431e-02
3.916634246706962585e-02
4.008267819881439209e-02
4.579605162143707275e-01
1.631157210795208812e-04
9.895258396863937378e-02
1.098982319235801697e-01
3.732935738298692740e-09
5.777226874670304824e-08
8.989719301462173462e-02
8.608108013868331909e-02
4.224396124482154846e-02
2.900813519954681396e-01
8.590488578192889690e-04
5.675015971064567566e-02
2.697977721691131592e-01
2.629437446594238281e-01
6.284561008214950562e-02
8.414681553840637207e-01
7.522793859243392944e-02
2.996051870286464691e-02
9.566992521286010742e-02
3.054125048220157623e-02
3.017247281968593597e-02
5.474948287010192871e-01
1.390147954225540161e-04
9.266313165426254272e-02
1.135310530662536621e-01
3.732935738298692740e-09
5.777226874670304824e-08
3.134688735008239746e-02
3.097960539162158966e-02
1.618894189596176147e-02
4.046242237091064453e-01
8.010228048078715801e-04
4.574506357312202454e-02
1.658147424459457397e-01
1.636087447404861450e-01
7.296641916036605835e-02
3.294797241687774658e-01
3.749318048357963562e-02
1.526239514350891113e-02
4.348507523536682129e-02
3.746322914958000183e-02
3.424618020653724670e-02
3.517781794071197510e-01
1.687344629317522049e-04
1.107428967952728271e-01
9.925249963998794556e-02
3.732935738298692740e-09
5.777226874670304824e-08
9.005990810692310333e-03
7.426891475915908813e-03
3.610433312132954597e-03
4.221985340118408203e-01
1.400166307576000690e-03
3.938593715429306030e-02
4.199591279029846191e-02
4.077394306659698486e-02
6.367468833923339844e-02
9.770735353231430054e-02
9.269268251955509186e-03
1.426531001925468445e-02
1.477670669555664062e-02
2.522215060889720917e-02
2.071964368224143982e-02
1.341548711061477661e-01
1.594294008100405335e-04
1.193413957953453064e-01
9.392895549535751343e-02
3.732935738298692740e-09
5.777226874670304824e-08
1.141129154711961746e-02
1.311545446515083313e-02
2.344563370570540428e-03
9.934672713279724121e-02
9.865143802016973495e-04
2.832020819187164307e-02
1.477079465985298157e-02
1.608827523887157440e-02
2.891675336286425591e-03
4.981182143092155457e-02
5.663642659783363342e-03
8.679700549691915512e-04
1.160828629508614540e-03
8.358822669833898544e-04
8.196677081286907196e-04
2.584313740953803062e-03
1.552738394821062684e-04
1.191389635205268860e-01
1.003119572997093201e-01
3.732935738298692740e-09
5.777226874670304824e-08
9.673516266047954559e-03
1.046224683523178101e-02
3.428297117352485657e-03
1.419594511389732361e-02
1.066519878804683685e-03
2.994634211063385010e-02
1.382838841527700424e-02
1.354056317359209061e-02
1.231699157506227493e-02
6.524352822452783585e-03
2.238024258986115456e-03
7.626758422702550888e-03
1.027858466841280460e-03
7.748813834041357040e-03
7.632234599441289902e-03
1.354966592043638229e-02
1.669992925599217415e-04
9.889700263738632202e-02
1.035484373569488525e-01
3.732935738298692740e-09
5.777226874670304824e-08
1.287522912025451660e-02
1.286836620420217514e-02
5.733001977205276489e-03
4.425052553415298462e-03
9.139584726653993130e-04
2.964782528579235077e-02
4.328763578087091446e-03
5.047700833529233932e-03
3.753440454602241516e-02
5.256018042564392090e-02
6.756045040674507618e-04
6.021330598741769791e-03
1.521654776297509670e-03
7.662238087505102158e-03
7.758164778351783752e-03
4.768793005496263504e-03
2.488669706508517265e-04
1.270722001791000366e-01
1.058081984519958496e-01
3.732935738298692740e-09
5.777226874670304824e-08
1.429497916251420975e-02
1.903972961008548737e-02
7.557051256299018860e-03
3.024851204827427864e-03
7.837934535928070545e-04
2.849446982145309448e-02
1.401639729738235474e-02
1.306075137108564377e-02
1.583035476505756378e-02
1.044814363121986389e-01
5.113222636282444000e-03
4.551800433546304703e-03
2.199759706854820251e-03
4.121444653719663620e-03
4.109838511794805527e-03
1.437967270612716675e-02
2.402440441073849797e-04
1.746858507394790649e-01
1.161952391266822815e-01
3.732935738298692740e-09
5.777226874670304824e-08
2.406425587832927704e-02
1.713023521006107330e-02
9.393501095473766327e-03
6.661487277597188950e-03
5.952712381258606911e-04
6.213100161403417587e-03
1.168923545628786087e-02
8.692803792655467987e-03
1.953138597309589386e-02
1.487550418823957443e-02
2.130454638972878456e-03
8.998611010611057281e-03
9.534379933029413223e-04
8.488725870847702026e-03
7.438607048243284225e-03
1.416954398155212402e-02
2.352174051338806748e-04
1.607889682054519653e-01
1.225595399737358093e-01
3.732935738298692740e-09
5.777226874670304824e-08
3.260527178645133972e-02
3.003943711519241333e-02
1.201474200934171677e-02
8.489194326102733612e-03
5.216684658080339432e-04
1.904053613543510437e-03
1.278421003371477127e-02
1.401453465223312378e-02
2.681280113756656647e-02
2.777156792581081390e-02
3.107721917331218719e-03
1.299397274851799011e-02
4.214201180730015039e-04
1.245768647640943527e-02
1.257610786706209183e-02
2.412699162960052490e-02
3.037564747501164675e-04
2.065010219812393188e-01
1.295807808637619019e-01
3.732935738298692740e-09
5.777226874670304824e-08
4.889991879463195801e-02
2.274662256240844727e-02
1.284945476800203323e-02
5.978012457489967346e-03
4.119436780456453562e-04
1.018577162176370621e-02
1.779304072260856628e-02
2.483162842690944672e-02
3.759714961051940918e-02
3.699167445302009583e-02
4.184340592473745346e-03
1.572106033563613892e-02
1.043155440129339695e-03
1.488324720412492752e-02
1.517880428582429886e-02
1.062979828566312790e-02
7.021722849458456039e-04
3.669451177120208740e-01
1.371497511863708496e-01
3.732935738298692740e-09
5.777226874670304824e-08
6.019797921180725098e-02
4.808543249964714050e-02
2.088523469865322113e-02
1.017125044018030167e-02
5.151843652129173279e-04
7.658535148948431015e-03
2.509686164557933807e-02
2.160736359655857086e-02
4.072749987244606018e-02
3.271235898137092590e-02
5.117774941027164459e-03
2.067144960165023804e-02
9.924307232722640038e-04
1.969615183770656586e-02
1.992989145219326019e-02
1.497162878513336182e-02
8.083083666861057281e-04
4.930116236209869385e-01
1.515074521303176880e-01
3.732935738298692740e-09
5.777226874670304824e-08
1.026853024959564209e-01
7.108340412378311157e-02
3.186974301934242249e-02
1.512707304209470749e-02
6.555682630278170109e-04
4.788270685821771622e-03
3.699808195233345032e-02
3.201100602746009827e-02
4.202086851000785828e-02
3.319811820983886719e-02
8.381874300539493561e-03
2.239414304494857788e-02
2.386795124039053917e-03
2.067243307828903198e-02
2.107836864888668060e-02
8.277650922536849976e-02
8.939470280893146992e-04
5.398006439208984375e-01
1.634436696767807007e-01
3.732935738298692740e-09
5.777226874670304824e-08
1.335512697696685791e-01
1.061802506446838379e-01
5.731930956244468689e-02
1.795912161469459534e-02
6.152683054096996784e-04
4.714943002909421921e-03
3.802537918090820312e-02
3.506536781787872314e-02
1.266758739948272705e-01
1.481556445360183716e-01
9.566044434905052185e-03
5.864025279879570007e-02
3.812812268733978271e-03
5.582003667950630188e-02
5.639309063553810120e-02
9.264501184225082397e-02
9.330331813544034958e-04
6.056905388832092285e-01
1.698795706033706665e-01
3.732935738298692740e-09
5.777226874670304824e-08
2.010685205459594727e-01
1.577714234590530396e-01
6.719207018613815308e-02
3.903299570083618164e-02
3.712309699039906263e-04
4.590085707604885101e-03
3.752754628658294678e-02
3.725602850317955017e-02
2.840951383113861084e-01
1.649364978075027466e-01
1.367754582315683365e-02
8.023316413164138794e-02
7.908455096185207367e-03
1.038964614272117615e-01
9.623146802186965942e-02
4.840667545795440674e-02
6.698174402117729187e-04
3.779986798763275146e-01
1.839186400175094604e-01
3.732935738298692740e-09
5.777226874670304824e-08
1.991455554962158203e-01
1.097886934876441956e-01
6.186096742749214172e-02
2.680846117436885834e-02
6.823451840318739414e-04
3.804249921813607216e-03
5.523775517940521240e-02
5.425041913986206055e-02
2.813305556774139404e-01
9.545884281396865845e-02
1.533558499068021774e-02
1.201362013816833496e-01
1.235593948513269424e-02
1.181700453162193298e-01
1.178570166230201721e-01
4.175505414605140686e-02
4.477215989027172327e-04
2.416607737541198730e-01
2.129451185464859009e-01
3.732935738298692740e-09
5.777226874670304824e-08
8.083894103765487671e-02
6.595644354820251465e-02
3.344112634658813477e-02
2.884312905371189117e-02
5.984554882161319256e-04
1.275453623384237289e-02
5.112081766128540039e-02
6.127781793475151062e-02
2.360488176345825195e-01
4.946115985512733459e-02
2.054223977029323578e-02
1.111035570502281189e-01
4.394948948174715042e-03
8.292594552040100098e-02
1.036211475729942322e-01
6.158043816685676575e-02
1.754533150233328342e-04
8.842798322439193726e-02
1.240252256393432617e-01
3.732935738298692740e-09
5.777226874670304824e-08
1.602517999708652496e-02
1.330784987658262253e-02
9.639726020395755768e-03
5.961045250296592712e-02
4.516825138125568628e-04
1.631059334613382816e-03
1.858986169099807739e-01
1.737546175718307495e-01
2.668632566928863525e-01
4.577283561229705811e-02
4.551992937922477722e-02
1.040963903069496155e-01
6.038750056177377701e-03
1.052086129784584045e-01
1.069109067320823669e-01
3.413247764110565186e-01
2.765932877082377672e-04
1.230107322335243225e-01
2.202193886041641235e-01
3.732935738298692740e-09
5.777226874670304824e-08
2.440671809017658234e-02
2.676217816770076752e-02
1.949023082852363586e-02
1.140445843338966370e-01
2.004289563046768308e-04
5.862407386302947998e-03
1.387904137372970581e-01
2.233477830886840820e-01
2.393570095300674438e-01
1.004631891846656799e-01
4.803510382771492004e-02
8.301124721765518188e-02
9.125322103500366211e-03
8.688258379697799683e-02
8.643684536218643188e-02
1.796086579561233521e-01
3.540335164871066809e-04
1.757953912019729614e-01
2.343338727951049805e-01
3.732935738298692740e-09
5.777226874670304824e-08
6.019910052418708801e-02
5.963530018925666809e-02
4.247688129544258118e-02
6.585821509361267090e-02
3.307248698547482491e-04
2.306624315679073334e-02
9.013146162033081055e-02
1.055529490113258362e-01
1.591908186674118042e-01
1.688466519117355347e-01
2.780475281178951263e-02
7.633975893259048462e-02
1.325494050979614258e-02
7.402069121599197388e-02
7.415003329515457153e-02
9.756062179803848267e-02
3.367851022630929947e-04
2.478412389755249023e-01
2.125395089387893677e-01
3.732935738298692740e-09
5.777226874670304824e-08
3.289979323744773865e-02
3.110232017934322357e-02
2.741929329931735992e-02
1.189494803547859192e-01
1.874031149782240391e-04
7.894312031567096710e-03
5.508874729275703430e-02
5.690522864460945129e-02
9.374461323022842407e-02
1.034371629357337952e-01
2.179731987416744232e-02
4.905883595347404480e-02
1.162470411509275436e-02
4.858362302184104919e-02
4.882229864597320557e-02
6.445202976465225220e-02
3.234368341509252787e-04
1.998929530382156372e-01
2.825114727020263672e-01
3.732935738298692740e-09
5.777226874670304824e-08
7.354059070348739624e-02
8.574668318033218384e-02
4.098229482769966125e-02
8.707708865404129028e-02
2.090860507450997829e-04
1.219828333705663681e-02
1.529300212860107422e-02
1.286133471876382828e-02
4.878717660903930664e-02
5.952481552958488464e-02
6.197065114974975586e-03
2.276824414730072021e-02
2.506806515157222748e-03
2.481940947473049164e-02
2.456653863191604614e-02
2.237015031278133392e-02
2.779960341285914183e-04
1.683017760515213013e-01
2.832144498825073242e-01
3.732935738298692740e-09
5.777226874670304824e-08
1.349358726292848587e-02
1.405869051814079285e-02
1.785221137106418610e-02
2.210701443254947662e-02
2.148326166206970811e-04
8.629942312836647034e-04
1.661312021315097809e-02
9.588602930307388306e-03
5.417686328291893005e-02
4.561417177319526672e-02
2.718614647164940834e-03
2.841033972799777985e-02
3.491992363706231117e-03
3.021823428571224213e-02
3.045140206813812256e-02
5.591852590441703796e-02
3.021969168912619352e-04
1.981591582298278809e-01
3.062223792076110840e-01
3.732935738298692740e-09
5.777226874670304824e-08
1.353663858026266098e-02
1.529601588845252991e-02
9.316544979810714722e-03
1.325190532952547073e-02
3.241761878598481417e-04
2.210104372352361679e-03
1.225856598466634750e-02
1.060816738754510880e-02
6.349184364080429077e-02
1.402133256196975708e-01
2.240403555333614349e-03
3.304227441549301147e-02
8.739164099097251892e-03
3.079484403133392334e-02
3.095728904008865356e-02
8.479893207550048828e-02
2.861248503904789686e-04
2.023787945508956909e-01
2.828007042407989502e-01
3.732935738298692740e-09
5.777226874670304824e-08
1.106128189712762833e-02
1.512958761304616928e-02
8.230122737586498260e-03
4.982614424079656601e-03
6.447562482208013535e-04
2.403163583949208260e-03
2.172396145761013031e-02
2.118170261383056641e-02
1.310621649026870728e-01
6.672670692205429077e-02
6.173125002533197403e-03
7.629090547561645508e-02
7.473371922969818115e-03
7.820903509855270386e-02
7.793882489204406738e-02
4.990934208035469055e-02
1.892774744192138314e-04
2.147206515073776245e-01
3.051666319370269775e-01
3.732935738298692740e-09
5.777226874670304824e-08
6.795960012823343277e-03
9.447989054024219513e-03
4.416564945131540298e-03
3.759602783247828484e-03
7.072961889207363129e-04
4.075687844306230545e-03
3.636100888252258301e-02
4.425740242004394531e-02
1.852462738752365112e-01
8.148413151502609253e-02
8.188604377210140228e-03
9.427627176046371460e-02
6.682255771011114120e-03
8.417255431413650513e-02
8.222014456987380981e-02
1.016290858387947083e-01
1.772001996869221330e-04
1.695064157247543335e-01
2.943093478679656982e-01
3.732935738298692740e-09
5.777226874670304824e-08
3.295425325632095337e-03
3.832882968708872795e-03
2.534127328544855118e-03
6.493026390671730042e-03
7.215325604192912579e-04
1.486446359194815159e-03
4.452365636825561523e-02
3.261926397681236267e-02
2.092942744493484497e-01
8.692174404859542847e-02
6.329223513603210449e-03
7.947283983230590820e-02
3.602402983233332634e-03
7.716318964958190918e-02
7.869125157594680786e-02
9.039929509162902832e-02
2.714132424443960190e-04
1.633339822292327881e-01
2.868348658084869385e-01
3.732935738298692740e-09
5.777226874670304824e-08
3.530039684846997261e-03
4.677820485085248947e-03
1.875150366686284542e-03
3.789576468989253044e-03
6.713912007398903370e-04
1.523224753327667713e-03
5.610008537769317627e-02
4.360736533999443054e-02
1.714223623275756836e-01
1.272410303354263306e-01
1.246867049485445023e-02
7.327152043581008911e-02
4.163716454058885574e-03
7.105473428964614868e-02
1.337892562150955200e-01
5.616186186671257019e-02
1.639429101487621665e-04
1.204517856240272522e-01
2.863389253616333008e-01
3.732935738298692740e-09
5.777226874670304824e-08
1.189073082059621811e-02
9.090486913919448853e-03
7.207978516817092896e-03
7.114395499229431152e-03
6.771606858819723129e-04
1.843474688939750195e-03
4.856396093964576721e-02
4.915472865104675293e-02
2.534846961498260498e-01
7.874252647161483765e-02
1.200754567980766296e-02
1.216317247599363327e-02
4.253048915416002274e-03
2.272463776171207428e-02
2.306251786649227142e-02
5.276467278599739075e-02
1.607593294465914369e-04
1.347085088491439819e-01
2.858205139636993408e-01
3.732935738298692740e-09
5.777226874670304824e-08
1.621502079069614410e-02
1.191909890621900558e-02
1.448020804673433304e-02
3.347730264067649841e-03
1.263243029825389385e-03
5.584541708230972290e-03
1.859204471111297607e-02
1.625849306583404541e-02
2.836329489946365356e-02
5.545812193304300308e-03
4.511263687163591385e-03
1.589968055486679077e-02
7.314570830203592777e-04
1.536924485117197037e-02
1.531292218714952469e-02
9.244413115084171295e-03
1.419561012880876660e-04
1.210171878337860107e-01
3.012913763523101807e-01
3.732935738298692740e-09
5.777226874670304824e-08
9.163875132799148560e-03
1.421119272708892822e-02
9.116613306105136871e-03
6.918355822563171387e-03
8.874819613993167877e-04
3.372715786099433899e-03
5.058447364717721939e-03
4.503088071942329407e-03
8.868708275258541107e-03
2.685373276472091675e-02
1.469829119741916656e-03
2.926876768469810486e-03
1.566332415677607059e-03
2.726828446611762047e-03
2.706473693251609802e-03
2.149415435269474983e-03
1.050046703312546015e-04
1.482675522565841675e-01
3.763440549373626709e-01
3.732935738298692740e-09
5.777226874670304824e-08
1.644324697554111481e-02
1.453514862805604935e-02
9.446612559258937836e-03
4.975356161594390869e-03
1.270939595997333527e-03
5.048634950071573257e-03
4.179094452410936356e-03
4.659522324800491333e-03
2.268555341288447380e-03
6.152795162051916122e-03
2.277623629197478294e-03
2.742044394835829735e-03
5.544811137951910496e-04
2.291736193001270294e-03
2.272939542308449745e-03
1.544390339404344559e-02
7.180307147791609168e-05
6.139333173632621765e-02
5.554152727127075195e-01
3.732935738298692740e-09
5.777226874670304824e-08
2.852695621550083160e-02
2.700298465788364410e-02
2.199721895158290863e-02
6.175175309181213379e-03
1.060754992067813873e-03
2.417689887806773186e-03
1.674801297485828400e-02
1.780748926103115082e-02
1.236957311630249023e-02
2.874622307717800140e-02
5.304482299834489822e-03
4.661158192902803421e-03
2.907686633989214897e-03
4.689420107752084732e-03
4.624119959771633148e-03
2.270890213549137115e-02
1.065651958924718201e-04
1.100060567259788513e-01
5.979974865913391113e-01
3.732935738298692740e-09
5.777226874670304824e-08
6.902913004159927368e-02
5.995600298047065735e-02
4.537940025329589844e-02
1.261210907250642776e-02
1.252337009645998478e-03
7.861745543777942657e-03
1.253620907664299011e-02
1.409678813070058823e-02
1.000867690891027451e-02
6.224839016795158386e-02
4.287329968065023422e-03
5.141729954630136490e-03
7.695626467466354370e-03
4.987918306142091751e-03
4.963925108313560486e-03
1.220032293349504471e-02
6.876404222566634417e-05
6.535395234823226929e-02
5.546696186065673828e-01
3.732935738298692740e-09
5.777226874670304824e-08
7.855118066072463989e-02
7.310758531093597412e-02
5.147856846451759338e-02
3.253276273608207703e-02
1.391718746162950993e-03
3.648175159469246864e-03
1.653314568102359772e-02
2.052091620862483978e-02
8.827255107462406158e-03
8.518794178962707520e-02
4.908711183816194534e-03
4.574514925479888916e-03
1.067155320197343826e-02
4.412767942994832993e-03
4.445869009941816330e-03
1.558038685470819473e-02
8.090760093182325363e-05
4.858851805329322815e-02
6.484060287475585938e-01
3.732935738298692740e-09
5.777226874670304824e-08
9.160617738962173462e-02
7.714823633432388306e-02
5.780221149325370789e-02
3.536979481577873230e-02
1.322410418651998043e-03
1.367791905067861080e-03
2.731519751250743866e-02
2.788851410150527954e-02
1.645903452299535275e-03
1.194242835044860840e-01
6.552161183208227158e-03
7.530896109528839588e-04
1.377002522349357605e-02
7.471690769307315350e-04
7.679600385017693043e-04
1.617456041276454926e-02
4.762745811603963375e-05
5.509267747402191162e-02
7.604246139526367188e-01
3.732935738298692740e-09
5.777226874670304824e-08
1.096925958991050720e-01
9.716295450925827026e-02
8.942582458257675171e-02
4.928304255008697510e-02
1.116041559725999832e-03
6.239019334316253662e-03
3.444825112819671631e-02
3.345626592636108398e-02
1.862438744865357876e-03
1.395890563726425171e-01
8.926055394113063812e-03
1.312594511546194553e-03
1.534204278141260147e-02
1.350929844193160534e-03
1.293978653848171234e-03
1.686471700668334961e-02
5.038728340878151357e-05
3.678644075989723206e-02
8.409067988395690918e-01
3.732935738298692740e-09
5.777226874670304824e-08
1.073701977729797363e-01
1.012404859066009521e-01
8.062537759542465210e-02
4.877704381942749023e-02
1.173669123090803623e-03
1.241577439941465855e-03
2.003398723900318146e-02
2.023381553590297699e-02
5.878600850701332092e-02
1.043685898184776306e-01
6.396893411874771118e-03
1.898249797523021698e-02
1.203039567917585373e-02
1.894363947212696075e-02
1.900466345250606537e-02
2.459299564361572266e-02
4.079396603628993034e-05
3.255515918135643005e-02
9.145091176033020020e-01
3.732935738298692740e-09
5.777226874670304824e-08
8.886720985174179077e-02
8.300302177667617798e-02
5.727614834904670715e-02
4.890461638569831848e-02
6.693077739328145981e-04
1.470100251026451588e-03
2.827348746359348297e-02
2.699562720954418182e-02
2.962777949869632721e-02
1.095130667090415955e-01
7.685252930968999863e-03
2.630213834345340729e-02
1.131557952612638474e-02
2.607177942991256714e-02
2.635140158236026764e-02
2.420040965080261230e-02
4.804612763109616935e-05
4.764465987682342529e-02
1.027158379554748535e+00
3.732935738298692740e-09
5.777226874670304824e-08
8.464914560317993164e-02
7.732629776000976562e-02
5.029653385281562805e-02
3.302351012825965881e-02
9.049741202034056187e-04
1.779247540980577469e-03
3.954811394214630127e-02
2.359458245337009430e-02
9.878623485565185547e-02
1.229943111538887024e-01
7.208479102700948715e-03
2.956862188875675201e-02
1.293921936303377151e-02
1.190254464745521545e-03
1.205716165713965893e-03
2.497261948883533478e-02
5.406001218943856657e-05
5.670567229390144348e-02
1.008560538291931152e+00
3.732935738298692740e-09
5.777226874670304824e-08
7.968740910291671753e-02
7.146669179201126099e-02
5.005893111228942871e-02
5.062310025095939636e-02
1.034655957482755184e-03
2.600983716547489166e-03
8.714417368173599243e-02
8.852574974298477173e-02
2.450824342668056488e-02
1.485949009656906128e-01
2.078142575919628143e-02
6.653335411101579666e-03
1.186956837773323059e-02
1.240360457450151443e-02
1.195396576076745987e-02
2.802410721778869629e-02
5.253336348687298596e-05
5.030946061015129089e-02
1.062282919883728027e+00
3.732935738298692740e-09
5.777226874670304824e-08
9.174364805221557617e-02
8.264547586441040039e-02
5.816541239619255066e-02
6.546918302774429321e-02
1.218004967086017132e-03
2.039840677753090858e-03
5.021505430340766907e-02
4.662483558058738708e-02
1.918904669582843781e-02
1.426636576652526855e-01
1.478888187557458878e-02
7.299957331269979477e-03
1.261926069855690002e-02
6.928981747478246689e-03
7.447374984622001648e-03
2.643506973981857300e-02
6.002650479786098003e-05
5.598269402980804443e-02
1.115823268890380859e+00
3.732935738298692740e-09
5.777226874670304824e-08
1.200784146785736084e-01
1.120663955807685852e-01
7.245343178510665894e-02
4.437331482768058777e-02
1.685711904428899288e-03
2.428417094051837921e-03
3.112069331109523773e-02
2.848433516919612885e-02
5.495947599411010742e-02
2.167546749114990234e-01
1.013580989092588425e-02
2.679789625108242035e-02
1.684627681970596313e-02
2.600360475480556488e-02
2.662414871156215668e-02
4.033739119768142700e-02
5.807194975204765797e-05
6.635509431362152100e-02
1.372103333473205566e+00
3.732935738298692740e-09
5.777226874670304824e-08
1.402671933174133301e-01
1.355255097150802612e-01
8.933225274085998535e-02
4.737658798694610596e-02
1.929503283463418484e-03
3.272984409704804420e-03
4.038251563906669617e-02
4.876753687858581543e-02
8.268668502569198608e-02
1.952202916145324707e-01
1.679680868983268738e-02
2.667480893433094025e-02
1.647532731294631958e-02
2.412808500230312347e-02
2.408472634851932526e-02
4.365752264857292175e-02
6.566693627974018455e-05
5.713726952672004700e-02
1.228518128395080566e+00
3.732935738298692740e-09
5.777226874670304824e-08
1.322191953659057617e-01
1.305309385061264038e-01
8.408238738775253296e-02
7.517694681882858276e-02
2.435029251500964165e-03
2.719732699915766716e-03
5.670410394668579102e-02
5.469707772135734558e-02
7.560284808278083801e-03
3.153989613056182861e-01
1.676637493073940277e-02
4.042071755975484848e-03
2.549440599977970123e-02
4.050261806696653366e-03
4.067537840455770493e-03
5.122123286128044128e-02
9.170716657536104321e-05
7.738675922155380249e-02
1.474938869476318359e+00
3.732935738298692740e-09
5.777226874670304824e-08
6.720926612615585327e-02
5.913541838526725769e-02
5.365579202771186829e-02
7.176247984170913696e-02
2.777226036414504051e-03
3.428628901019692421e-03
3.549216315150260925e-02
3.648679703474044800e-02
9.791390970349311829e-03
1.923748254776000977e-01
1.105650607496500015e-02
5.945954471826553345e-03
1.866789348423480988e-02
5.520706996321678162e-03
5.533453077077865601e-03
3.973419591784477234e-02
1.050487044267356396e-04
9.146983176469802856e-02
1.595517158508300781e+00
3.732935738298692740e-09
5.777226874670304824e-08
6.520474702119827271e-02
5.632742121815681458e-02
4.133307933807373047e-02
5.290290340781211853e-02
2.457854570820927620e-03
3.487783251330256462e-03
2.882491983473300934e-02
3.454736247658729553e-02
8.300622925162315369e-03
2.277608662843704224e-01
9.773195721209049225e-03
4.268299322575330734e-03
1.531123835593461990e-02
4.210176412016153336e-03
4.254070576280355453e-03
5.143576860427856445e-02
6.018851127009838820e-05
5.189439281821250916e-02
1.676962852478027344e+00
3.732935738298692740e-09
5.777226874670304824e-08
4.943649470806121826e-02
4.369004070758819580e-02
3.317822515964508057e-02
5.187317728996276855e-02
2.693125279620289803e-03
4.654282238334417343e-03
3.572573140263557434e-02
2.448330819606781006e-02
4.433916881680488586e-02
3.103961050510406494e-01
1.103629637509584427e-02
1.623391732573509216e-02
2.197956107556819916e-02
1.610122062265872955e-02
1.605238579213619232e-02
1.703496575355529785e-01
5.243388659437187016e-05
4.956121370196342468e-02
1.676649570465087891e+00
3.732935738298692740e-09
5.777226874670304824e-08
8.597636222839355469e-02
8.166115731000900269e-02
7.815022021532058716e-02
5.025183781981468201e-02
2.297873375937342644e-03
1.992434822022914886e-02
8.939799666404724121e-02
9.638098627328872681e-02
4.113809391856193542e-02
8.686679005622863770e-01
2.475086413323879242e-02
2.226870320737361908e-02
7.148989289999008179e-02
1.247469615191221237e-02
1.255766302347183228e-02
4.532208442687988281e-01
4.840889960178174078e-05
3.422102332115173340e-02
1.716391563415527344e+00
3.732935738298692740e-09
5.777226874670304824e-08
1.049964800477027893e-01
1.034497320652008057e-01
5.196072533726692200e-02
7.503715902566909790e-02
2.995160641148686409e-03
1.429663691669702530e-02
1.385804414749145508e-01
1.409530490636825562e-01
6.745596975088119507e-02
8.110997676849365234e-01
4.349134489893913269e-02
2.095392905175685883e-02
5.951438471674919128e-02
2.119145542383193970e-02
2.136806212365627289e-02
2.650494575500488281e-01
8.033707126742228866e-05
5.089913681149482727e-02
1.851621627807617188e+00
3.732935738298692740e-09
5.777226874670304824e-08
6.087657809257507324e-02
5.781488493084907532e-02
3.379416465759277344e-02
4.098882973194122314e-01
4.484050441533327103e-03
1.180042792111635208e-02
5.537664890289306641e-02
6.005849316716194153e-02
3.508703038096427917e-02
7.627553343772888184e-01
1.725739799439907074e-02
1.576582528650760651e-02
3.257854282855987549e-02
3.476610407233238220e-02
3.464609012007713318e-02
1.097532287240028381e-01
8.766222163103520870e-05
5.528887733817100525e-02
1.703041434288024902e+00
3.732935738298692740e-09
5.777226874670304824e-08
1.027565076947212219e-02
1.108027342706918716e-02
4.750493448227643967e-03
2.628793418407440186e-01
3.146879142150282860e-03
1.312111038714647293e-02
1.183803845196962357e-02
1.330172643065452576e-02
1.676429808139801025e-02
2.040691375732421875e-01
3.545578802004456520e-03
6.576160434633493423e-03
6.847698707133531570e-03
7.197560276836156845e-03
7.374624256044626236e-03
6.632441282272338867e-02
8.094257646007463336e-05
5.186283960938453674e-02
1.613727450370788574e+00
3.732935738298692740e-09
5.777226874670304824e-08
8.776112459599971771e-03
1.245741080492734909e-02
5.063747521489858627e-03
8.837193250656127930e-02
2.434672554954886436e-03
8.037026040256023407e-03
1.650598458945751190e-02
1.756124384701251984e-02
1.002397295087575912e-02
1.800636015832424164e-02
5.001138430088758469e-03
5.212757270783185959e-03
2.288888907060027122e-03
5.334123503416776657e-03
5.350405815988779068e-03
7.221604138612747192e-02
7.593246846226975322e-05
4.650257155299186707e-02
1.473257422447204590e+00
3.732935738298692740e-09
5.777226874670304824e-08
1.055133994668722153e-02
8.648891933262348175e-03
5.171566735953092575e-03
1.043294072151184082e-01
1.713256002403795719e-03
9.841316379606723785e-03
3.048378229141235352e-02
3.309312462806701660e-02
7.960757613182067871e-02
1.593982428312301636e-02
6.307546049356460571e-03
4.520313814282417297e-02
2.676418982446193695e-03
4.152877628803253174e-02
4.444902017712593079e-02
1.013444960117340088e-01
7.431209087371826172e-05
4.591451585292816162e-02
1.413719773292541504e+00
3.732935738298692740e-09
5.777226874670304824e-08
1.943215914070606232e-02
1.716141216456890106e-02
5.412033293396234512e-03
5.239253118634223938e-02
1.774272881448268890e-03
8.134569972753524780e-03
2.284690178930759430e-02
1.260923221707344055e-02
8.934403769671916962e-03
3.239730000495910645e-02
2.579923020675778389e-03
3.774566575884819031e-03
4.355261567980051041e-03
3.457571147009730339e-03
3.643274074420332909e-03
2.722979336977005005e-02
7.720277790213003755e-05
5.775393918156623840e-02
1.381012797355651855e+00
3.732935738298692740e-09
5.777226874670304824e-08
3.941494598984718323e-02
3.350804746150970459e-02
1.485317666083574295e-02
3.578424453735351562e-02
8.179847500286996365e-04
1.435306761413812637e-02
1.679697260260581970e-02
1.775428093969821930e-02
7.650022860616445541e-03
1.051207482814788818e-01
4.910958465188741684e-03
3.591029671952128410e-03
6.706146523356437683e-03
2.782660536468029022e-03
2.928162924945354462e-03
3.666171059012413025e-02
9.841881546890363097e-05
7.249316573143005371e-02
1.421426773071289062e+00
3.732935738298692740e-09
5.777226874670304824e-08
5.282324925065040588e-02
4.328384995460510254e-02
2.319077402353286743e-02
3.914549946784973145e-02
9.954215493053197861e-04
1.920825988054275513e-02
2.975483797490596771e-02
3.148126229643821716e-02
1.708026416599750519e-02
8.921953290700912476e-02
6.976553704589605331e-03
7.765773683786392212e-03
7.506823632866144180e-03
8.213485591113567352e-03
7.299995515495538712e-03
5.451205745339393616e-02
1.936359185492619872e-04
1.613430976867675781e-01
1.520552039146423340e+00
3.732935738298692740e-09
5.777226874670304824e-08
4.400835931301116943e-02
3.721396252512931824e-02
2.442552708089351654e-02
4.121125116944313049e-02
7.209943723864853382e-04
2.595175243914127350e-02
2.155115269124507904e-02
2.397360838949680328e-02
5.566082894802093506e-03
5.420104786753654480e-02
5.135508719831705093e-03
2.673667622730135918e-03
6.836643908172845840e-03
2.670407528057694435e-03
2.802916569635272026e-03
3.971314057707786560e-02
3.223271341994404793e-04
2.682810127735137939e-01
1.620542168617248535e+00
3.732935738298692740e-09
5.777226874670304824e-08
1.058261692523956299e-01
5.573614314198493958e-02
2.775727771222591400e-02
7.169084995985031128e-02
7.423719507642090321e-04
2.004705928266048431e-02
1.520165149122476578e-02
2.680308185517787933e-02
6.193289067596197128e-03
4.889382794499397278e-02
5.686983931809663773e-03
3.051043255254626274e-03
5.731294397264719009e-03
2.659162506461143494e-03
3.022369695827364922e-03
3.463723883032798767e-02
4.266888136044144630e-04
3.096397221088409424e-01
1.343034148216247559e+00
3.732935738298692740e-09
5.777226874670304824e-08
1.302532106637954712e-01
1.148175820708274841e-01
5.504761263728141785e-02
6.845480948686599731e-02
6.651868461631238461e-04
3.664845228195190430e-02
2.869694679975509644e-02
3.594988957047462463e-02
9.115063585340976715e-03
8.666346222162246704e-02
1.009625941514968872e-02
4.341528750956058502e-03
9.774420410394668579e-03
4.322644788771867752e-03
4.377632867544889450e-03
3.196852281689643860e-02
4.653347714338451624e-04
4.060755074024200439e-01
1.479869842529296875e+00
3.732935738298692740e-09
5.777226874670304824e-08
1.346927881240844727e-01
1.168889030814170837e-01
9.223026037216186523e-02
5.367381498217582703e-02
2.770054386928677559e-03
3.656153380870819092e-02
1.844414137303829193e-02
2.529207430779933929e-02
1.066509634256362915e-02
7.455462962388992310e-02
6.284656003117561340e-03
5.470702890306711197e-03
9.587301872670650482e-03
5.402779672294855118e-03
5.703417118638753891e-03
4.396801069378852844e-02
5.695818108506500721e-04
4.480404853820800781e-01
1.294419765472412109e+00
3.732935738298692740e-09
5.777226874670304824e-08
8.796378225088119507e-02
7.239916175603866577e-02
8.955045789480209351e-02
6.302122771739959717e-02
1.049970625899732113e-03
3.535408154129981995e-02
1.827447675168514252e-02
2.783495187759399414e-02
1.738847233355045319e-02
1.581484824419021606e-01
7.579644676297903061e-03
8.011029101908206940e-03
4.445750731974840164e-03
8.087049238383769989e-03
7.850936613976955414e-03
3.875616192817687988e-02
4.506434488575905561e-04
4.488980472087860107e-01
9.374305605888366699e-01
3.732935738298692740e-09
5.777226874670304824e-08
2.015493363142013550e-01
1.672457456588745117e-01
1.443566083908081055e-01
8.207461982965469360e-02
1.312961801886558533e-03
5.964200198650360107e-02
4.799291118979454041e-02
5.626754462718963623e-02
1.511855050921440125e-02
9.079676121473312378e-02
1.557526830583810806e-02
8.492767810821533203e-03
8.416633121669292450e-03
8.021335117518901825e-03
7.612289395183324814e-03
1.065757498145103455e-01
6.869987118989229202e-04
5.705223679542541504e-01
7.886717915534973145e-01
3.732935738298692740e-09
5.777226874670304824e-08
1.726176738739013672e-01
1.720260977745056152e-01
1.482206434011459351e-01
7.738889008760452271e-02
1.998409628868103027e-03
5.631163343787193298e-02
8.798394352197647095e-02
9.560847282409667969e-02
1.320071518421173096e-02
1.865377873182296753e-01
2.382752858102321625e-02
9.203891269862651825e-03
1.578056998550891876e-02
9.314003400504589081e-03
9.397814981639385223e-03
7.346016913652420044e-02
7.787647773511707783e-04
7.603831291198730469e-01
6.525617241859436035e-01
3.732935738298692740e-09
5.777226874670304824e-08
1.186700090765953064e-01
1.361159831285476685e-01
8.401128649711608887e-02
9.712209552526473999e-02
2.720447257161140442e-03
8.313560485839843750e-02
2.470806241035461426e-02
2.595859766006469727e-02
1.856505870819091797e-02
1.933078020811080933e-01
3.750964067876338959e-03
1.907271519303321838e-02
1.568359322845935822e-02
2.084756642580032349e-02
2.103541791439056396e-02
3.009973280131816864e-02
7.905403035692870617e-04
8.277580142021179199e-01
9.461596608161926270e-01
3.732935738298692740e-09
5.777226874670304824e-08
2.980018407106399536e-02
2.890766412019729614e-02
1.477240305393934250e-02
5.653035640716552734e-02
3.827263368293642998e-03
5.128036066889762878e-02
6.296833977103233337e-03
4.536796361207962036e-03
2.886237017810344696e-02
3.245946466922760010e-01
1.647558878175914288e-03
1.237219572067260742e-02
1.807757653295993805e-02
1.567425578832626343e-02
1.614924706518650055e-02
1.917580259032547474e-03
8.349302224814891815e-04
8.342025876045227051e-01
6.174921393394470215e-01
3.732935738298692740e-09
5.777226874670304824e-08
2.431224333122372627e-03
2.509440528228878975e-03
1.524943043477833271e-03
1.654003933072090149e-02
4.283055197447538376e-03
5.667439103126525879e-02
7.249990478157997131e-03
6.728867534548044205e-03
6.387156993150711060e-02
4.291113317012786865e-01
1.171752810478210449e-03
2.670964598655700684e-02
2.341773360967636108e-02
2.494717389345169067e-02
2.547538839280605316e-02
2.419207943603396416e-03
8.710580295883119106e-04
8.736512064933776855e-01
8.182757496833801270e-01
3.732935738298692740e-09
5.777226874670304824e-08
1.484531536698341370e-02
1.489059161394834518e-02
9.504207409918308258e-03
4.096437618136405945e-02
7.605373393744230270e-03
3.027244657278060913e-02
1.220217067748308182e-02
1.339079905301332474e-02
7.595381140708923340e-02
6.137391328811645508e-01
4.572466015815734863e-03
3.249415382742881775e-02
2.992239035665988922e-02
3.019349090754985809e-02
3.225657716393470764e-02
7.094354834407567978e-03
1.021633739583194256e-03
9.969691634178161621e-01
5.359929203987121582e-01
3.732935738298692740e-09
5.777226874670304824e-08
1.381215173751115799e-02
1.540024485439062119e-02
9.004704654216766357e-03
5.512805283069610596e-02
1.012173295021057129e-02
1.183968782424926758e-02
8.073504082858562469e-03
4.456555005162954330e-03
5.251203104853630066e-02
7.730954289436340332e-01
1.357922330498695374e-03
1.653419621288776398e-02
3.563715517520904541e-02
2.214390598237514496e-02
2.222126722335815430e-02
3.299016505479812622e-03
1.004319521598517895e-03
1.046198248863220215e+00
9.294896721839904785e-01
3.732935738298692740e-09
5.777226874670304824e-08
5.618532653898000717e-03
5.723587702959775925e-03
4.097299184650182724e-03
3.340691700577735901e-02
1.087452191859483719e-02
8.175265975296497345e-03
9.772215969860553741e-03
7.242610212415456772e-03
1.125950142741203308e-01
9.087799191474914551e-01
1.926089287735521793e-03
5.296074226498603821e-02
4.202832654118537903e-02
5.206629633903503418e-02
4.840039834380149841e-02
7.068025413900613785e-03
9.680246002972126007e-04
1.076113700866699219e+00
9.502112269401550293e-01
3.732935738298692740e-09
5.777226874670304824e-08
4.030376207083463669e-03
3.400281071662902832e-03
2.328678499907255173e-03
3.424737229943275452e-02
1.170307490974664688e-02
1.865398325026035309e-02
7.860918529331684113e-03
4.257574211806058884e-03
1.496326923370361328e-01
9.905355572700500488e-01
1.567677012644708157e-03
5.876900628209114075e-02
4.571946337819099426e-02
5.583184957504272461e-02
5.627799034118652344e-02
3.045085817575454712e-03
9.552009869366884232e-04
1.034206986427307129e+00
5.461092591285705566e-01
3.732935738298692740e-09
5.777226874670304824e-08
4.565676208585500717e-03
5.587556865066289902e-03
3.063625888898968697e-03
5.468709394335746765e-02
1.157203037291765213e-02
4.789552465081214905e-02
8.452560752630233765e-03
4.891972523182630539e-03
2.262509316205978394e-01
1.017050743103027344e+00
1.909701619297266006e-03
1.018659994006156921e-01
4.756461456418037415e-02
9.848681837320327759e-02
9.780781716108322144e-02
5.002760794013738632e-03
7.675984525121748447e-04
5.477290153503417969e-01
5.676831603050231934e-01
3.732935738298692740e-09
5.777226874670304824e-08
9.068570099771022797e-03
1.039189565926790237e-02
6.595877464860677719e-03
3.232089802622795105e-02
7.762005086988210678e-03
7.001543045043945312e-02
1.339596044272184372e-02
9.616437368094921112e-03
1.103910729289054871e-01
7.153539061546325684e-01
2.741629490628838539e-03
4.313639178872108459e-02
2.870132960379123688e-02
4.324254021048545837e-02
4.291860759258270264e-02
9.462985210120677948e-03
3.816180396825075150e-04
3.211337625980377197e-01
6.805936694145202637e-01
3.732935738298692740e-09
5.777226874670304824e-08
4.320379346609115601e-03
5.739548709243535995e-03
3.062204224988818169e-03
1.807510666549205780e-02
7.926476188004016876e-03
7.331213355064392090e-02
1.132694538682699203e-02
6.751144770532846451e-03
6.763243675231933594e-02
6.523888707160949707e-01
2.781323390081524849e-03
2.160044573247432709e-02
2.770855091512203217e-02
2.255231328308582306e-02
2.278892882168292999e-02
4.711100831627845764e-03
2.193052350776270032e-04
2.433149218559265137e-01
7.279992103576660156e-01
3.732935738298692740e-09
5.777226874670304824e-08
2.235218649730086327e-03
2.506505232304334641e-03
1.597274094820022583e-03
2.620827220380306244e-02
6.647010799497365952e-03
3.536529839038848877e-02
7.451473269611597061e-03
5.644028540700674057e-03
5.890236794948577881e-02
5.881661772727966309e-01
2.804987831041216850e-03
1.855553872883319855e-02
2.493133954703807831e-02
1.837092638015747070e-02
1.865400746464729309e-02
1.045481185428798199e-03
1.945158001035451889e-04
2.088125199079513550e-01
8.667047023773193359e-01
3.732935738298692740e-09
5.777226874670304824e-08
3.701336390804499388e-04
3.893636458087712526e-04
2.380920341238379478e-04
3.776155784726142883e-02
5.510461982339620590e-03
8.348789997398853302e-03
8.374216966331005096e-03
5.254745949059724808e-03
3.130624443292617798e-02
4.381150007247924805e-01
1.995304366573691368e-03
1.238245423883199692e-02
2.014146186411380768e-02
1.264675706624984741e-02
1.232606545090675354e-02
2.323074964806437492e-03
2.040165709331631660e-04
1.680836230516433716e-01
1.003105878829956055e+00
3.732935738298692740e-09
5.777226874670304824e-08
5.802019149996340275e-04
4.354411212261766195e-04
1.905285607790574431e-04
1.491391565650701523e-02
3.569295629858970642e-03
1.586596854031085968e-02
8.899035863578319550e-03
5.521922837942838669e-03
4.982442036271095276e-02
4.215413630008697510e-01
2.193987602367997169e-03
1.887001655995845795e-02
1.866678893566131592e-02
1.855312287807464600e-02
1.830242387950420380e-02
2.732999389991164207e-03
2.219746238552033901e-04
1.913602799177169800e-01
1.183192253112792969e+00
3.732935738298692740e-09
5.777226874670304824e-08
7.029167027212679386e-04
9.632692090235650539e-04
3.202912630513310432e-04
1.929652132093906403e-02
4.160322248935699463e-03
2.334601245820522308e-03
1.545585971325635910e-02
1.122843474149703979e-02
2.812263369560241699e-02
2.772100865840911865e-01
3.390432102605700493e-03
1.183841098099946976e-02
1.834159158170223236e-02
1.184672955423593521e-02
1.164230238646268845e-02
9.969221428036689758e-04
1.750952797010540962e-04
1.384239941835403442e-01
1.223280072212219238e+00
3.732935738298692740e-09
5.777226874670304824e-08
1.295127323828637600e-03
1.415088423527777195e-03
6.512725376524031162e-04
8.862084709107875824e-03
1.181738451123237610e-03
4.704502876847982407e-03
2.471064217388629913e-02
1.788377575576305389e-02
7.589705288410186768e-03
1.803878545761108398e-01
4.940759856253862381e-03
2.681956859305500984e-03
1.682781428098678589e-02
2.817696658894419670e-03
2.904961584135890007e-03
2.940134378150105476e-03
2.179730945499613881e-04
1.042532250285148621e-01
1.302772998809814453e+00
3.732935738298692740e-09
5.777226874670304824e-08
2.939055440947413445e-03
3.132784040644764900e-03
1.380297006107866764e-03
2.745319902896881104e-02
2.015002770349383354e-03
1.331040542572736740e-02
2.027462981641292572e-02
1.575857587158679962e-02
3.156040236353874207e-02
6.811600178480148315e-02
4.880482796579599380e-03
7.996615022420883179e-03
1.748414151370525360e-02
7.679615169763565063e-03
7.892801426351070404e-03
4.539870191365480423e-03
2.199822774855419993e-04
1.480133980512619019e-01
1.312767505645751953e+00
3.732935738298692740e-09
5.777226874670304824e-08
4.382906947284936905e-03
4.402086604386568069e-03
2.756177680566906929e-03
3.037978522479534149e-02
7.512994925491511822e-04
1.280836295336484909e-02
5.644095595926046371e-03
4.020495340228080750e-03
4.660283029079437256e-02
2.411825656890869141e-01
1.285759732127189636e-03
9.210090152919292450e-03
1.885985024273395538e-02
9.203034453094005585e-03
9.240350686013698578e-03
9.759708773344755173e-04
2.040452527580782771e-04
1.465622186660766602e-01
1.429970383644104004e+00
3.732935738298692740e-09
5.777226874670304824e-08
7.463732268661260605e-03
6.389031186699867249e-03
4.481907002627849579e-03
2.104336954653263092e-02
1.095556304790079594e-03
1.682620495557785034e-02
8.723120205104351044e-03
8.143004961311817169e-03
4.108775779604911804e-02
2.407879382371902466e-01
2.035967772826552391e-03
1.407566014677286148e-02
2.307851053774356842e-02
1.117151696234941483e-02
9.998259134590625763e-03
2.509599784389138222e-03
2.292334684170782566e-04
2.385626286268234253e-01
1.405609726905822754e+00
3.732935738298692740e-09
5.777226874670304824e-08
9.908824227750301361e-03
1.071267202496528625e-02
6.216113921254873276e-03
1.756530068814754486e-02
4.720054566860198975e-04
5.118671804666519165e-03
1.577338762581348419e-02
1.236696261912584305e-02
3.924671933054924011e-02
4.552563130855560303e-01
3.722616471350193024e-03
1.341995131224393845e-02
3.337175771594047546e-02
1.288595516234636307e-02
1.317856740206480026e-02
4.362888634204864502e-03
1.478876947658136487e-04
9.781052917242050171e-02
1.389856338500976562e+00
3.732935738298692740e-09
5.777226874670304824e-08
9.825864806771278381e-03
9.465311653912067413e-03
5.336146801710128784e-03
1.244973298162221909e-02
1.272479654289782047e-03
3.118995577096939087e-02
1.836669258773326874e-02
1.459329854696989059e-02
4.612343013286590576e-02
5.350977778434753418e-01
4.541531205177307129e-03
1.640802621841430664e-02
3.679936751723289490e-02
1.700157485902309418e-02
1.598387956619262695e-02
4.277337808161973953e-03
1.757433637976646423e-04
1.245498880743980408e-01
1.464341998100280762e+00
3.732935738298692740e-09
5.777226874670304824e-08
1.090176124125719070e-02
1.031563989818096161e-02
5.279161036014556885e-03
1.722520776093006134e-02
9.567890665493905544e-04
3.226365521550178528e-02
1.953556388616561890e-02
1.662476919591426849e-02
4.670049622654914856e-02
8.342399001121520996e-01
4.671947564929723740e-03
1.418992131948471069e-02
4.616395756602287292e-02
2.248181588947772980e-02
2.273434400558471680e-02
3.709863172844052315e-03
2.448739542160183191e-04
1.809770911931991577e-01
1.536624908447265625e+00
3.732935738298692740e-09
5.777226874670304824e-08
1.272909063845872879e-02
1.305574830621480942e-02
7.183456793427467346e-03
2.379187010228633881e-02
9.781930129975080490e-04
3.325692564249038696e-02
1.945268549025058746e-02
1.662204973399639130e-02
3.496346250176429749e-02
3.606598079204559326e-01
4.573028534650802612e-03
1.417828630656003952e-02
3.200830891728401184e-02
1.450423523783683777e-02
1.432919967919588089e-02
6.539729889482259750e-03
2.615092962514609098e-04
2.439801841974258423e-01
1.447219252586364746e+00
3.732935738298692740e-09
5.777226874670304824e-08
1.366601418703794479e-02
1.352474559098482132e-02
7.639477495104074478e-03
3.261655941605567932e-02
3.562892088666558266e-04
2.803856693208217621e-02
2.651266567409038544e-02
2.021168172359466553e-02
2.812950871884822845e-02
6.564725041389465332e-01
5.746146198362112045e-03
9.815333411097526550e-03
4.057751968502998352e-02
9.820534847676753998e-03
9.989890269935131073e-03
4.978575743734836578e-03
3.065931377932429314e-04
2.459148168563842773e-01
1.675479888916015625e+00
3.732935738298692740e-09
5.777226874670304824e-08
1.195377856492996216e-02
1.190390158444643021e-02
6.438054610043764114e-03
3.198693320155143738e-02
7.429264951497316360e-04
2.632009983062744141e-02
2.238726615905761719e-02
2.153853140771389008e-02
4.273989424109458923e-02
5.376530289649963379e-01
5.287145730108022690e-03
1.529596652835607529e-02
3.991951048374176025e-02
1.534485723823308945e-02
1.560955215245485306e-02
4.279949236661195755e-03
2.980940043926239014e-04
3.038078248500823975e-01
1.686013340950012207e+00
3.732935738298692740e-09
5.777226874670304824e-08
1.190224569290876389e-02
1.168746128678321838e-02
6.406918168067932129e-03
3.365416452288627625e-02
6.656800978817045689e-04
2.971407957375049591e-02
2.486952580511569977e-02
2.018955908715724945e-02
4.462768509984016418e-02
6.243615746498107910e-01
4.845711868256330490e-03
1.598219387233257294e-02
4.432697594165802002e-02
2.152006886899471283e-02
2.182738482952117920e-02
6.260646041482686996e-03
3.683525428641587496e-04
3.098851740360260010e-01
1.632672309875488281e+00
3.732935738298692740e-09
5.777226874670304824e-08
1.851737499237060547e-02
1.862071640789508820e-02
1.052346080541610718e-02
3.380940854549407959e-02
1.057932735420763493e-03
1.675491034984588623e-02
2.915465831756591797e-02
2.470084093511104584e-02
6.480176746845245361e-02
6.750984191894531250e-01
6.527878344058990479e-03
2.290371060371398926e-02
4.226149246096611023e-02
2.243436127901077271e-02
2.249797619879245758e-02
1.328453700989484787e-02
4.118593933526426554e-04
3.364490568637847900e-01
1.426106929779052734e+00
3.732935738298692740e-09
5.777226874670304824e-08
2.768586017191410065e-02
2.729788236320018768e-02
1.498795021325349808e-02
4.950505867600440979e-02
6.507145590148866177e-04
3.376156790181994438e-03
2.680361270904541016e-02
2.271502651274204254e-02
7.577779144048690796e-02
7.304291725158691406e-01
6.101224571466445923e-03
2.554506994783878326e-02
4.708914086222648621e-02
2.515771985054016113e-02
2.515459060668945312e-02
1.438788603991270065e-02
3.766043519135564566e-04
2.778725922107696533e-01
1.473834991455078125e+00
3.732935738298692740e-09
5.777226874670304824e-08
3.644071891903877258e-02
3.715502843260765076e-02
2.212749607861042023e-02
6.288245320320129395e-02
9.000191348604857922e-04
1.776917837560176849e-03
1.764696650207042694e-02
1.580116152763366699e-02
9.528685361146926880e-02
6.849388480186462402e-01
4.007738549262285233e-03
2.827566675841808319e-02
4.437034204602241516e-02
3.063146211206912994e-02
3.145058080554008484e-02
9.772293269634246826e-03
2.891668700613081455e-04
2.952263355255126953e-01
1.429405212402343750e+00
3.732935738298692740e-09
5.777226874670304824e-08
3.027913533151149750e-02
3.039346635341644287e-02
1.530596334487199783e-02
4.675215482711791992e-02
1.283328165300190449e-03
3.220168640837073326e-03
9.062360040843486786e-03
7.966565899550914764e-03
1.050987541675567627e-01
4.502701461315155029e-01
1.882356940768659115e-03
3.769459947943687439e-02
3.044311143457889557e-02
3.659808263182640076e-02
3.570896759629249573e-02
3.601007862016558647e-03
4.372709954623132944e-04
3.778903484344482422e-01
1.562012672424316406e+00
3.732935738298692740e-09
5.777226874670304824e-08
6.518982350826263428e-03
6.337808910757303238e-03
4.833915736526250839e-03
3.700425103306770325e-02
6.628306000493466854e-04
2.730491803959012032e-03
8.856755681335926056e-03
8.164330385625362396e-03
8.977529406547546387e-02
5.098191499710083008e-01
2.319259103387594223e-03
2.968170680105686188e-02
3.228601440787315369e-02
2.901746146380901337e-02
2.900330536067485809e-02
5.448341369628906250e-03
4.516676999628543854e-04
2.529278993606567383e-01
1.471851706504821777e+00
3.732935738298692740e-09
5.777226874670304824e-08
4.120771307498216629e-03
3.900867654010653496e-03
2.162838587537407875e-03
3.864208981394767761e-02
5.935535300523042679e-04
5.304215010255575180e-03
3.971809986978769302e-03
4.004849586635828018e-03
4.816154018044471741e-02
2.481637597084045410e-01
1.089818193577229977e-03
1.583839394152164459e-02
1.742649637162685394e-02
1.511082053184509277e-02
1.514434441924095154e-02
1.017151679843664169e-02
5.068147438578307629e-04
2.892377674579620361e-01
1.463849902153015137e+00
3.732935738298692740e-09
5.777226874670304824e-08
6.218047346919775009e-03
6.610365118831396103e-03
3.124039620161056519e-03
2.699625492095947266e-02
6.502590258605778217e-04
5.749909672886133194e-03
2.132024848833680153e-03
2.593376673758029938e-03
4.790672287344932556e-02
4.173050820827484131e-01
4.977702046744525433e-04
1.476398203521966934e-02
1.083990186452865601e-02
1.440765429288148880e-02
1.482808589935302734e-02
1.125513296574354172e-02
5.317715113051235676e-04
5.593822002410888672e-01
1.591367363929748535e+00
3.732935738298692740e-09
5.777226874670304824e-08
1.101061794906854630e-02
1.076442468911409378e-02
4.810633603483438492e-03
1.833310909569263458e-02
1.045313081704080105e-03
1.332192588597536087e-02
2.957643242552876472e-03
4.432749468833208084e-03
7.586035877466201782e-02
4.602421224117279053e-01
7.324058678932487965e-04
2.381992340087890625e-02
1.666074059903621674e-02
3.380909189581871033e-02
3.358997777104377747e-02
1.969333179295063019e-02
2.445246791467070580e-04
2.389674633741378784e-01
1.747643470764160156e+00
3.732935738298692740e-09
5.777226874670304824e-08
1.744263805449008942e-02
1.774516887962818146e-02
8.116154931485652924e-03
1.409924868494272232e-02
9.152940474450588226e-04
2.431598864495754242e-02
6.875267717987298965e-03
8.745108731091022491e-03
4.086389020085334778e-02
4.420048296451568604e-01
1.487527624703943729e-03
1.542217656970024109e-02
1.608822308480739594e-02
1.449900399893522263e-02
1.461987476795911789e-02
2.415638230741024017e-02
1.201557533931918442e-04
1.140247955918312073e-01
1.519091248512268066e+00
3.732935738298692740e-09
5.777226874670304824e-08
7.828903384506702423e-03
7.790906820446252823e-03
4.159400239586830139e-03
2.367118606343865395e-03
1.164177316240966320e-03
9.295190684497356415e-03
8.809875696897506714e-03
1.026132237166166306e-02
4.075326398015022278e-02
3.248645961284637451e-01
1.831262023188173771e-03
1.257402449846267700e-02
1.425181794911623001e-02
1.224239915609359741e-02
1.226876676082611084e-02
2.381210587918758392e-02
7.414202991640195251e-05
4.969971999526023865e-02
1.712006926536560059e+00
3.732935738298692740e-09
5.777226874670304824e-08
1.884855213575065136e-03
1.716547296382486820e-03
6.033953395672142506e-04
1.023241132497787476e-02
1.182613428682088852e-03
9.046539664268493652e-03
1.394668687134981155e-02
1.495332177728414536e-02
2.426317334175109863e-02
1.076470240950584412e-01
2.589080715551972389e-03
8.381109684705734253e-03
4.922999069094657898e-03
7.661268580704927444e-03
7.982653565704822540e-03
2.340148389339447021e-02
5.614571273326873779e-05
3.446770086884498596e-02
1.575668931007385254e+00
3.732935738298692740e-09
5.777226874670304824e-08
1.111336401663720608e-03
1.488923444412648678e-03
3.331331536173820496e-04
1.137648150324821472e-02
9.269479778595268726e-04
1.821493846364319324e-03
2.008300274610519409e-02
1.928134076297283173e-02
2.799204550683498383e-02
1.073985025286674500e-01
3.915695939213037491e-03
7.789710070937871933e-03
3.932886291295289993e-03
8.212546817958354950e-03
7.695633918046951294e-03
2.552785165607929230e-02
4.996484494768083096e-05
2.839837409555912018e-02
1.357086181640625000e+00
3.732935738298692740e-09
5.777226874670304824e-08
1.173711288720369339e-02
1.058182865381240845e-02
5.441214889287948608e-03
5.878665018826723099e-03
7.938688504509627819e-04
5.433703772723674774e-04
3.080469369888305664e-02
2.870748192071914673e-02
2.279654704034328461e-02
1.282409131526947021e-01
6.143497768789529800e-03
8.174894377589225769e-03
3.324083751067519188e-03
7.900193333625793457e-03
7.947727106511592865e-03
4.482184723019599915e-02
5.855103881913237274e-05
3.679381683468818665e-02
1.779829502105712891e+00
3.732935738298692740e-09
5.777226874670304824e-08
4.672983288764953613e-02
3.685946390032768250e-02
1.948127336800098419e-02
1.387777831405401230e-02
9.104353957809507847e-04
7.823329069651663303e-04
3.956668451428413391e-02
3.753286227583885193e-02
3.327282145619392395e-02
5.086576938629150391e-01
7.878498174250125885e-03
1.112601906061172485e-02
1.603145897388458252e-02
1.113747339695692062e-02
1.082131266593933105e-02
4.596291854977607727e-02
5.985791722196154296e-05
3.944877907633781433e-02
1.252404093742370605e+00
3.732935738298692740e-09
5.777226874670304824e-08
9.524313360452651978e-02
8.025851845741271973e-02
4.465882852673530579e-02
9.861814789474010468e-03
1.071206643246114254e-03
3.271913854405283928e-03
2.763343416154384613e-02
2.695209532976150513e-02
2.283715270459651947e-02
1.034163832664489746e-01
5.423560272902250290e-03
8.227054029703140259e-03
6.228843238204717636e-03
7.889716885983943939e-03
7.979775778949260712e-03
2.838361263275146484e-02
1.892917352961376309e-04
1.234081685543060303e-01
1.134391903877258301e+00
3.732935738298692740e-09
5.777226874670304824e-08
1.497727483510971069e-01
1.221087798476219177e-01
6.914899498224258423e-02
1.524457335472106934e-02
7.752245292067527771e-04
1.032979134470224380e-02
3.028580732643604279e-02
2.956681698560714722e-02
1.763259060680866241e-02
1.181401535868644714e-01
5.958745721727609634e-03
1.031191274523735046e-02
6.712049245834350586e-03
6.259171292185783386e-03
6.257338915020227432e-03
2.842742763459682465e-02
3.173912118654698133e-04
2.406268566846847534e-01
1.616767287254333496e+00
3.732935738298692740e-09
5.777226874670304824e-08
1.904979497194290161e-01
1.630697995424270630e-01
9.033537656068801880e-02
2.230614610016345978e-02
7.556311902590095997e-04
1.587578095495700836e-02
3.229614719748497009e-02
3.029313683509826660e-02
4.037007316946983337e-02
1.388757675886154175e-01
6.956325378268957138e-03
1.630829460918903351e-02
1.079695019870996475e-02
1.585380546748638153e-02
1.560740452259778976e-02
3.823557868599891663e-02
3.773815406020730734e-04
2.727645635604858398e-01
2.314793586730957031e+00
3.732935738298692740e-09
5.777226874670304824e-08
1.990269422531127930e-01
1.649071425199508667e-01
9.671276807785034180e-02
3.295374661684036255e-02
5.550302448682487011e-04
3.023136220872402191e-02
3.982343897223472595e-02
4.215328022837638855e-02
3.300940990447998047e-02
1.325576752424240112e-01
8.600211702287197113e-03
1.385747268795967102e-02
1.074712723493576050e-02
1.298401504755020142e-02
1.320344489067792892e-02
4.514293000102043152e-02
3.887325001414865255e-04
3.072703778743743896e-01
1.562686562538146973e+00
3.732935738298692740e-09
5.777226874670304824e-08
1.931183338165283203e-01
1.588452309370040894e-01
8.894623070955276489e-02
4.277640581130981445e-02
5.356601323001086712e-04
4.676893353462219238e-02
3.676132857799530029e-02
3.866172954440116882e-02
1.760423555970191956e-02
2.972375750541687012e-01
7.947455160319805145e-03
6.228307727724313736e-03
1.937098987400531769e-02
5.185271147638559341e-03
5.115136038511991501e-03
3.921061381697654724e-02
4.268548509571701288e-04
3.246194422245025635e-01
6.350620388984680176e-01
3.732935738298692740e-09
5.777226874670304824e-08
1.942039728164672852e-01
1.550765484571456909e-01
8.497204631567001343e-02
4.995437338948249817e-02
1.187246409244835377e-03
5.858868360519409180e-02
2.817933075129985809e-02
2.944655530154705048e-02
1.444520708173513412e-02
1.441933661699295044e-01
6.269227713346481323e-03
9.018893353641033173e-03
1.699160225689411163e-02
8.854842744767665863e-03
8.783806115388870239e-03
3.882081061601638794e-02
4.539961228147149086e-04
3.685562610626220703e-01
1.145338416099548340e+00
3.732935738298692740e-09
5.777226874670304824e-08
1.820310205221176147e-01
1.494098156690597534e-01
7.831201702356338501e-02
5.676465108990669250e-02
5.530666094273328781e-04
8.500004559755325317e-02
2.351637929677963257e-02
2.503055334091186523e-02
1.359780784696340561e-02
8.087650686502456665e-02
6.087994668632745743e-03
5.137564148753881454e-03
1.458066329360008240e-02
3.431336255744099617e-03
3.474415512755513191e-03
3.538441285490989685e-02
5.191208911128342152e-04
4.122393131256103516e-01
5.145307183265686035e-01
3.732935738298692740e-09
5.777226874670304824e-08
1.716396063566207886e-01
1.402574926614761353e-01
7.638234645128250122e-02
5.384956672787666321e-02
7.924968376755714417e-04
1.063922047615051270e-01
2.490678429603576660e-02
2.573002874851226807e-02
3.297984227538108826e-02
6.926924735307693481e-02
5.356801208108663559e-03
1.084854174405336380e-02
1.173819880932569504e-02
1.028250064700841904e-02
1.094629522413015366e-02
3.820029273629188538e-02
6.161819328553974628e-04
4.801260530948638916e-01
4.717721045017242432e-01
3.732935738298692740e-09
5.777226874670304824e-08
1.706387996673583984e-01
1.367426961660385132e-01
7.064643502235412598e-02
4.859429597854614258e-02
5.154939717613160610e-04
1.464058756828308105e-01
2.614293433725833893e-02
2.621723525226116180e-02
5.424036458134651184e-02
7.377266883850097656e-02
5.899996962398290634e-03
1.936741732060909271e-02
2.508146502077579498e-02
1.764997467398643494e-02
1.744044199585914612e-02
3.799522295594215393e-02
7.205731235444545746e-04
5.581290721893310547e-01
3.954055607318878174e-01
3.732935738298692740e-09
5.777226874670304824e-08
1.643470525741577148e-01
1.345372200012207031e-01
6.878205388784408569e-02
5.394205451011657715e-02
4.100364458281546831e-04
2.254046052694320679e-01
2.630676329135894775e-02
2.907427400350570679e-02
5.148836970329284668e-02
1.516444832086563110e-01
5.886843893676996231e-03
1.358483266085386276e-02
1.691766642034053802e-02
1.228373032063245773e-02
1.204547006636857986e-02
7.293400168418884277e-02
8.871729369275271893e-04
7.427206635475158691e-01
2.941579520702362061e-01
3.732935738298692740e-09
5.777226874670304824e-08
1.897193342447280884e-01
1.525463014841079712e-01
8.427184820175170898e-02
5.249114707112312317e-02
3.924541233573108912e-04
2.730179727077484131e-01
7.736811786890029907e-02
6.660301238298416138e-02
1.060208026319742203e-02
1.921619176864624023e-01
1.451568678021430969e-02
2.578118117526173592e-03
1.312462333589792252e-02
2.257141517475247383e-03
2.337606390938162804e-03
1.445248126983642578e-01
1.216825563460588455e-03
9.369140267372131348e-01
1.981361955404281616e-01
3.732935738298692740e-09
5.777226874670304824e-08
2.699657976627349854e-01
2.262434959411621094e-01
1.203308328986167908e-01
5.922479555010795593e-02
4.738290153909474611e-04
3.602873384952545166e-01
1.316169053316116333e-01
1.453766971826553345e-01
1.090173795819282532e-02
9.064554423093795776e-02
2.427524887025356293e-02
5.626644473522901535e-03
1.126741897314786911e-02
5.893883761018514633e-03
5.787080619484186172e-03
1.444555371999740601e-01
1.526144333183765411e-03
1.170691013336181641e+00
9.293314814567565918e-02
3.732935738298692740e-09
3.753134980797767639e-02
3.212141692638397217e-01
2.676127254962921143e-01
1.477736383676528931e-01
1.797285526990890503e-01
4.135534691158682108e-04
4.401175081729888916e-01
1.530836522579193115e-01
1.398266106843948364e-01
8.650126866996288300e-03
2.553884088993072510e-01
2.729947306215763092e-02
3.255123272538185120e-03
2.966363914310932159e-02
3.302197204902768135e-03
3.177800215780735016e-03
1.557817012071609497e-01
1.531715854071080685e-03
1.281649708747863770e+00
8.072641491889953613e-02
3.732935738298692740e-09
8.914349675178527832e-01
2.576951086521148682e-01
1.925840377807617188e-01
1.003646180033683777e-01
2.184746265411376953e-01
4.597719234880059958e-04
5.160986781120300293e-01
6.396768242120742798e-02
8.255083113908767700e-02
9.552492760121822357e-03
2.854012846946716309e-01
9.773440659046173096e-03
3.403358161449432373e-03
2.847860194742679596e-02
2.889201743528246880e-03
2.972858026623725891e-03
1.295338422060012817e-01
1.716988743282854557e-03
1.294828295707702637e+00
1.344136148691177368e-01
3.732935738298692740e-09
2.576667785644531250e+00
5.407216772437095642e-02
3.785678371787071228e-02
2.316074632108211517e-02
1.257411390542984009e-01
1.273976522497832775e-03
6.033148169517517090e-01
3.126300498843193054e-02
2.492636628448963165e-02
2.025423385202884674e-02
3.160713613033294678e-01
7.103340234607458115e-03
7.014241535216569901e-03
2.050543762743473053e-02
6.620603147894144058e-03
6.738962139934301376e-03
8.206036686897277832e-02
1.673273742198944092e-03
1.272895932197570801e+00
8.696731179952621460e-02
1.105441227555274963e-01
4.416114330291748047e+00
5.560208484530448914e-02
4.714195802807807922e-02
2.177659422159194946e-02
5.506511032581329346e-02
1.002732315100729465e-03
5.523142218589782715e-01
3.559387102723121643e-02
7.658307906240224838e-03
1.121792476624250412e-02
2.849517166614532471e-01
1.129869837313890457e-02
3.879911499097943306e-03
1.063444931060075760e-02
3.820468904450535774e-03
3.677820786833763123e-03
1.628775894641876221e-02
1.686823670752346516e-03
1.322649359703063965e+00
9.676849842071533203e-02
1.105458661913871765e-01
4.416143894195556641e+00
1.080768108367919922e-01
1.032854914665222168e-01
4.312193393707275391e-02
6.335716694593429565e-02
3.602464857976883650e-04
4.816851913928985596e-01
6.497290730476379395e-02
4.351158440113067627e-02
1.014649588614702225e-02
6.649091839790344238e-01
1.617208309471607208e-02
3.262298414483666420e-03
2.765767835080623627e-02
3.845774801447987556e-03
3.784528700634837151e-03
2.298310399055480957e-02
8.523156866431236267e-04
7.061411738395690918e-01
4.092419892549514771e-02
1.105543375015258789e-01
4.416188716888427734e+00
1.366270780563354492e-01
1.255301088094711304e-01
5.579611659049987793e-02
7.955020666122436523e-02
5.264479550532996655e-04
4.118313491344451904e-01
5.004276335239410400e-02
2.938058786094188690e-02
1.161522138863801956e-02
2.992706894874572754e-01
1.167162880301475525e-02
3.947583492845296860e-03
2.003041841089725494e-02
4.279766697436571121e-03
4.253741819411516190e-03
2.021081559360027313e-02
8.821603260003030300e-04
8.237860798835754395e-01
3.778600320219993591e-02
1.105560958385467529e-01
5.664395809173583984e+00
9.087262302637100220e-02
9.457051008939743042e-02
4.117204248905181885e-02
8.484569936990737915e-02
1.419525651726871729e-04
3.411530554294586182e-01
6.405341625213623047e-02
5.309937894344329834e-02
1.890036463737487793e-02
3.976595699787139893e-01
1.620282046496868134e-02
6.486343685537576675e-03
1.834427937865257263e-02
6.353158503770828247e-03
6.480313837528228760e-03
4.779566451907157898e-02
9.136390290223062038e-04
8.269262909889221191e-01
9.133091568946838379e-02
1.105563864111900330e-01
6.658232212066650391e+00
3.443795070052146912e-02
3.142512962222099304e-02
1.576228626072406769e-02
1.397017687559127808e-01
1.763792097335681319e-04
3.385092020034790039e-01
2.358722127974033356e-02
1.575642451643943787e-02
3.134925290942192078e-02
3.233750462532043457e-01
4.483669996261596680e-03
7.905359379947185516e-03
1.168785896152257919e-02
8.765459991991519928e-03
8.827044628560543060e-03
2.134851925075054169e-02
1.314816530793905258e-03
9.809196591377258301e-01
1.427958607673645020e-01
1.105501055717468262e-01
6.911716461181640625e+00
8.552688173949718475e-03
7.368899881839752197e-03
3.356911940500140190e-03
1.067859530448913574e-01
1.536995987407863140e-04
3.698918521404266357e-01
2.510293154045939445e-03
8.989625610411167145e-03
4.260446503758430481e-02
3.433616459369659424e-01
5.341221112757921219e-04
1.336915791034698486e-02
8.390522561967372894e-03
1.526341680437326431e-02
1.408688444644212723e-02
9.952226281166076660e-02
6.425373139791190624e-04
6.483977437019348145e-01
9.924282878637313843e-02
1.105488538742065430e-01
6.911788463592529297e+00
1.150816306471824646e-02
1.046515721827745438e-02
2.826898125931620598e-03
8.101128041744232178e-03
1.224004663527011871e-04
2.778377830982208252e-01
4.928666632622480392e-03
8.576587773859500885e-03
5.243384838104248047e-02
2.738826572895050049e-01
9.134854190051555634e-04
2.429825626313686371e-02
8.701833896338939667e-03
1.751883141696453094e-02
1.488524675369262695e-02
6.161680817604064941e-02
8.816495537757873535e-04
8.551595807075500488e-01
7.651375979185104370e-02
1.105489805340766907e-01
6.911876678466796875e+00
1.468637678772211075e-02
1.487405132502317429e-02
7.829577662050724030e-03
1.284341514110565186e-02
8.451090980088338256e-05
3.221038579940795898e-01
1.071174349635839462e-02
2.749090828001499176e-02
4.028218612074851990e-02
1.688024401664733887e-01
2.635016106069087982e-03
1.624018140137195587e-02
7.039951626211404800e-03
1.513015944510698318e-02
1.363726425915956497e-02
9.401459246873855591e-02
7.920913049019873142e-04
8.230802416801452637e-01
5.150250717997550964e-02
1.105537414550781250e-01
6.919522762298583984e+00
1.942873373627662659e-02
2.809313498437404633e-02
1.022134255617856979e-02
1.928566582500934601e-02
9.203163790516555309e-05
2.561423480510711670e-01
7.937776856124401093e-03
1.256159693002700806e-02
1.069969311356544495e-01
6.137432456016540527e-01
9.822860592976212502e-04
3.120771236717700958e-02
1.777891628444194794e-02
3.116552531719207764e-02
3.117777965962886810e-02
2.987372875213623047e-02
6.240971270017325878e-04
4.379450976848602295e-01
4.856152459979057312e-02
1.105564758181571960e-01
6.921897411346435547e+00
2.915321104228496552e-02
2.853656373918056488e-02
6.418690085411071777e-03
6.392626673914492130e-04
1.568669104017317295e-04
2.699273079633712769e-02
1.193485409021377563e-02
2.859081886708736420e-02
7.717810571193695068e-02
1.878276318311691284e-01
8.391186129301786423e-04
2.800157479941844940e-02
1.432845368981361389e-02
2.687823586165904999e-02
2.764070034027099609e-02
6.169031187891960144e-02
4.977515782229602337e-04
4.605050384998321533e-01
6.984882056713104248e-02
1.105579510331153870e-01
6.921937465667724609e+00
3.822575882077217102e-02
3.359725698828697205e-02
1.422427874058485031e-02
3.082513809204101562e-03
2.397126518189907074e-04
9.756588377058506012e-03
4.072417970746755600e-03
9.802409447729587555e-03
7.879874855279922485e-02
4.790087640285491943e-01
6.469312938861548901e-04
2.766908146440982819e-02
2.730219997465610504e-02
2.936618588864803314e-02
2.933978475630283356e-02
2.131803520023822784e-02
3.246634732931852341e-04
2.116666287183761597e-01
3.585503995418548584e-02
1.105617657303810120e-01
6.921985149383544922e+00
5.338583886623382568e-02
4.425209388136863708e-02
1.892237924039363861e-02
5.920209456235170364e-03
1.169288516393862665e-04
1.107533648610115051e-02
5.774935241788625717e-03
1.067074667662382126e-02
8.924460411071777344e-02
3.704539537429809570e-01
6.303821573965251446e-04
3.278259560465812683e-02
2.334378659725189209e-02
3.569585084915161133e-02
3.604156151413917542e-02
3.455531224608421326e-02
2.223109331680461764e-04
1.221133247017860413e-01
4.430335387587547302e-02
1.105675324797630310e-01
6.922015666961669922e+00
8.922666311264038086e-02
4.490957781672477722e-02
2.370142936706542969e-02
2.445295220240950584e-03
9.647605475038290024e-05
7.243892643600702286e-03
5.327602382749319077e-03
4.750826861709356308e-03
1.029230952262878418e-01
5.130532383918762207e-01
7.268373738043010235e-04
4.092126712203025818e-02
2.968261204659938812e-02
4.041919112205505371e-02
4.084468260407447815e-02
1.730298995971679688e-02
1.974296028492972255e-04
1.782045811414718628e-01
4.264423251152038574e-02
1.105684340000152588e-01
6.529727935791015625e+00
1.011717841029167175e-01
8.319964259862899780e-02
3.626153245568275452e-02
8.731407579034566879e-04
3.558086973498575389e-05
7.004826515913009644e-02
3.443372435867786407e-03
1.310274004936218262e-02
6.579991430044174194e-02
2.345498204231262207e-01
4.670545749831944704e-04
2.333468757569789886e-02
1.037885621190071106e-02
2.498777955770492554e-02
2.441698871552944183e-02
4.392409324645996094e-02
2.241625479655340314e-04
1.718040257692337036e-01
3.945070877671241760e-02
1.105584725737571716e-01
4.960009098052978516e+00
1.123164892196655273e-01
8.503562211990356445e-02
4.852857068181037903e-02
1.551051624119281769e-03
1.296410337090492249e-04
5.555618926882743835e-02
4.759045783430337906e-03
1.295956503599882126e-02
4.231087863445281982e-02
3.356679379940032959e-01
6.721168756484985352e-04
3.040297143161296844e-02
1.089062541723251343e-02
2.079018950462341309e-02
2.115080505609512329e-02
2.289878576993942261e-02
2.000529348151758313e-04
1.517364531755447388e-01
4.790845885872840881e-02
1.105509623885154724e-01
2.857156991958618164e+00
1.847420483827590942e-01
1.458985060453414917e-01
8.375648409128189087e-02
4.107798915356397629e-03
8.949858602136373520e-05
6.608238071203231812e-02
1.918730675242841244e-03
1.333803404122591019e-03
3.949932381510734558e-02
5.518103241920471191e-01
1.019573304802179337e-03
2.960631065070629120e-02
1.895695738494396210e-02
1.758491247892379761e-02
1.804900355637073517e-02
1.043600216507911682e-02
3.927713260054588318e-04
3.749913871288299561e-01
5.577703937888145447e-02
7.401542272418737411e-03
3.176399230957031250e+00
2.570752799510955811e-01
2.085820585489273071e-01
9.770342707633972168e-02
1.985868625342845917e-02
3.261984384153038263e-04
1.672325730323791504e-01
3.844006359577178955e-02
1.140557508915662766e-02
1.128897741436958313e-01
1.107603073120117188e+00
6.858697161078453064e-03
4.315873980522155762e-02
4.810095950961112976e-02
3.903554379940032959e-02
3.914827108383178711e-02
3.040527924895286560e-03
7.271794602274894714e-04
6.734693646430969238e-01
5.505743622779846191e-02
7.142504211515188217e-03
2.093369960784912109e+00
2.711053788661956787e-01
1.652567684650421143e-01
9.941611438989639282e-02
3.939810767769813538e-02
5.354611203074455261e-04
2.492530792951583862e-01
5.390523374080657959e-02
3.066024929285049438e-02
1.487483978271484375e-01
1.432527184486389160e+00
1.235305797308683395e-02
6.234981119632720947e-02
7.857058197259902954e-02
6.028349325060844421e-02
7.051495462656021118e-02
9.001825004816055298e-03
6.338147795759141445e-04
5.949484705924987793e-01
5.313759669661521912e-02
7.778139319270849228e-03
2.373569250106811523e+00
1.324138492345809937e-01
1.107161045074462891e-01
5.934905633330345154e-02
4.537990689277648926e-02
4.919912898913025856e-04
2.724833488464355469e-01
4.029221367090940475e-03
5.658416543155908585e-03
9.743753820657730103e-02
2.962470352649688721e-01
9.090960957109928131e-04
3.919171914458274841e-02
7.969339378178119659e-03
3.551523014903068542e-02
3.594264015555381775e-02
5.046762060374021530e-03
5.574470851570367813e-04
4.260513782501220703e-01
5.888819694519042969e-02
7.852762937545776367e-03
1.941751956939697266e+00
3.431189432740211487e-02
2.851882018148899078e-02
1.470699440687894821e-02
3.512838110327720642e-02
2.370664587942883372e-04
1.289162188768386841e-01
8.195728994905948639e-03
1.291635353118181229e-02
5.505701899528503418e-02
1.915132999420166016e-01
1.640243339352309704e-03
2.242006920278072357e-02
1.068025827407836914e-02
1.965607888996601105e-02
1.905219443142414093e-02
8.903034962713718414e-03
5.984823219478130341e-04
3.958254754543304443e-01
7.258056849241256714e-02
7.775616366416215897e-03
1.407984137535095215e+00
3.678308101370930672e-03
4.096545744687318802e-03
2.363753505051136017e-03
1.454244554042816162e-02
3.605231177061796188e-04
5.988990142941474915e-02
8.230599574744701385e-03
6.140646990388631821e-03
1.197386085987091064e-01
3.737314939498901367e-01
1.298969727940857410e-03
4.965148493647575378e-02
1.644277386367321014e-02
4.682481661438941956e-02
4.804033041000366211e-02
7.368294056504964828e-03
5.500730476342141628e-04
4.721172749996185303e-01
7.527019828557968140e-02
7.104605901986360550e-03
4.921157658100128174e-01
1.710597984492778778e-02
1.856652460992336273e-02
1.126179564744234085e-02
2.311352454125881195e-02
2.854435879271477461e-04
5.297718942165374756e-02
4.574963822960853577e-03
3.741192398592829704e-03
1.300551146268844604e-01
4.668043553829193115e-01
7.227145251818001270e-04
5.379287526011466980e-02
9.805561043322086334e-03
5.228849127888679504e-02
5.184920504689216614e-02
7.806863635778427124e-03
3.944903437513858080e-04
3.595717847347259521e-01
8.217788487672805786e-02
7.170569617301225662e-03
5.493425726890563965e-01
1.609368063509464264e-02
1.833553425967693329e-02
1.088379044085741043e-02
2.120784856379032135e-02
2.472844498697668314e-04
7.190177589654922485e-02
1.491258386522531509e-03
1.799730001948773861e-03
1.225416287779808044e-01
5.721641182899475098e-01
5.271656555123627186e-04
5.079125985503196716e-02
1.619630120694637299e-02
4.958713054656982422e-02
4.958711192011833191e-02
9.221234358847141266e-03
4.496714973356574774e-04
3.441311419010162354e-01
7.986550778150558472e-02
7.219780236482620239e-03
6.841028332710266113e-01
5.205849185585975647e-03
5.663973744958639145e-03
4.882949404418468475e-03
1.441747415810823441e-02
3.108921519014984369e-04
6.606695055961608887e-02
1.359741203486919403e-03
2.844593254849314690e-03
1.090643834322690964e-02
3.250772058963775635e-01
4.733620444312691689e-04
7.502066437155008316e-03
1.027016621083021164e-02
6.959323305636644363e-03
6.617274135351181030e-03
1.101305615156888962e-02
5.955980159342288971e-04
4.991909265518188477e-01
1.011408343911170959e-01
7.671739440411329269e-03
5.492387413978576660e-01
8.031885139644145966e-03
1.298341434448957443e-02
3.819394158199429512e-03
1.065291743725538254e-02
4.638442769646644592e-04
9.569395333528518677e-02
1.827919739298522472e-03
2.061509760096669197e-03
1.053917501121759415e-02
1.457522809505462646e-01
3.863848105538636446e-04
4.405051004141569138e-03
5.530102644115686417e-03
3.439847147092223167e-03
3.607551800087094307e-03
2.153380215167999268e-02
8.191557135432958603e-04
7.432851791381835938e-01
1.402472853660583496e-01
7.473489735275506973e-03
7.017931938171386719e-01
8.284426294267177582e-03
1.001462247222661972e-02
5.674321204423904419e-03
9.960922412574291229e-03
4.849423421546816826e-04
1.138445958495140076e-01
1.146755530498921871e-03
1.509121968410909176e-03
2.166390977799892426e-02
3.753733336925506592e-01
3.449760843068361282e-04
1.193062495440244675e-02
1.484288740903139114e-02
1.082103420048952103e-02
1.075382251292467117e-02
3.256316110491752625e-02
7.325790938921272755e-04
6.412414908409118652e-01
3.755719661712646484e-01
7.036817725747823715e-03
7.436175346374511719e-01
9.001689963042736053e-03
1.079250965267419815e-02
5.251775030046701431e-03
9.442145936191082001e-03
7.208081078715622425e-04
1.506188362836837769e-01
3.035731613636016846e-03
4.690673667937517166e-03
1.616043411195278168e-02
4.178475439548492432e-01
6.643836386501789093e-04
1.071291044354438782e-02
1.374141592532396317e-02
9.119494818150997162e-03
9.356540627777576447e-03
4.355650022625923157e-02
8.149450295604765415e-04
6.478642225265502930e-01
5.508964657783508301e-01
7.969393394887447357e-03
5.878009796142578125e-01
5.406285170465707779e-03
7.169546559453010559e-03
3.779196413233876228e-03
3.150995122268795967e-03
8.460108074359595776e-04
1.553023159503936768e-01
2.350894967094063759e-03
4.328540060669183731e-03
2.619432471692562103e-02
3.102446496486663818e-01
4.787472134921699762e-04
1.276375073939561844e-02
1.227746903896331787e-02
9.965971112251281738e-03
9.433947503566741943e-03
3.405638411641120911e-02
7.445508963428437710e-04
4.907988011837005615e-01
7.404907345771789551e-01
7.124499883502721786e-03
5.932468771934509277e-01
2.798116533085703850e-03
3.168990835547447205e-03
2.067255554720759392e-03
5.004488863050937653e-03
8.633296820335090160e-04
1.567309498786926270e-01
2.585065783932805061e-03
3.633880754932761192e-03
6.334472913295030594e-03
2.828255295753479004e-01
5.496059311553835869e-04
2.657725708559155464e-03
9.985640645027160645e-03
3.045390127226710320e-03
3.013375448063015938e-03
3.538678213953971863e-02
7.584467530250549316e-04
5.301124453544616699e-01
9.280926585197448730e-01
7.758995052427053452e-03
4.747134149074554443e-01
4.840257170144468546e-04
5.063298158347606659e-04
2.603939210530370474e-04
6.892969366163015366e-03
6.305508431978523731e-04
1.724557876586914062e-01
9.227247792296111584e-04
2.191834384575486183e-03
2.376762451604008675e-03
1.442231982946395874e-01
1.671651843935251236e-04
1.226728316396474838e-03
5.564920138567686081e-03
1.654867897741496563e-03
1.699202693998813629e-03
2.077234350144863129e-02
6.417474360205233097e-04
5.181925892829895020e-01
1.093219637870788574e+00
7.138567045331001282e-03
6.075597405433654785e-01
9.743031114339828491e-04
1.170823350548744202e-03
2.225636271759867668e-04
1.466040313243865967e-02
5.440509412437677383e-04
1.276231557130813599e-02
1.865041558630764484e-03
2.237403532490134239e-03
1.066574547439813614e-02
4.257224872708320618e-02
4.572664911393076181e-04
2.993822097778320312e-03
3.975527361035346985e-04
8.484435267746448517e-03
8.148703724145889282e-03
1.544258464127779007e-02
4.681313002947717905e-04
2.913866043090820312e-01
1.267080903053283691e+00
8.140225894749164581e-03
2.237469196319580078e+00
7.436187006533145905e-04
1.494182622991502285e-03
4.080246726516634226e-04
1.358638703823089600e-02
1.188069698400795460e-03
7.377704605460166931e-03
4.435674753040075302e-03
3.361998824402689934e-03
1.689647324383258820e-03
3.432798385620117188e-02
9.150926489382982254e-04
6.633105804212391376e-04
8.004981209523975849e-04
7.123548421077430248e-04
7.125157862901687622e-04
1.461156178265810013e-02
3.895252884831279516e-04
2.235692888498306274e-01
1.485610961914062500e+00
2.491395222023129463e-03
6.958982348442077637e-01
2.200201852247118950e-03
1.987086609005928040e-03
1.080177840776741505e-03
1.365876942873001099e-02
1.323353149928152561e-03
9.707778692245483398e-03
1.038241758942604065e-02
4.697878379374742508e-03
2.017939230427145958e-03
4.490792751312255859e-02
1.585737220011651516e-03
1.308496110141277313e-03
1.063172705471515656e-03
8.346633985638618469e-04
8.636622224003076553e-04
1.237153913825750351e-02
3.996915183961391449e-04
2.785120010375976562e-01
1.557243943214416504e+00
8.079290273599326611e-05
2.166582792997360229e-01
4.257947672158479691e-03
4.463725257664918900e-03
3.349306061863899231e-03
1.641832105815410614e-02
1.827482134103775024e-03
1.211870461702346802e-02
4.886183887720108032e-03
5.368180572986602783e-03
2.718983218073844910e-03
4.020540416240692139e-02
9.298154618591070175e-04
1.608137041330337524e-03
9.168533724732697010e-04
1.607897109352052212e-03
1.573086250573396683e-03
1.722534745931625366e-02
2.215850836364552379e-04
1.765639185905456543e-01
1.770235061645507812e+00
1.408805019309511408e-05
1.751559525728225708e-01
1.038089115172624588e-02
9.182714857161045074e-03
7.207850459963083267e-03
1.745948381721973419e-02
1.969958888366818428e-03
7.246480882167816162e-02
7.494391407817602158e-03
7.463844493031501770e-03
1.045921910554170609e-02
4.209557175636291504e-02
1.340726972557604313e-03
4.976685624569654465e-03
1.053909189067780972e-03
4.632376134395599365e-03
4.945531487464904785e-03
1.437504868954420090e-02
1.321017043665051460e-04
7.056262344121932983e-02
1.884053587913513184e+00
6.146818486740812659e-05
1.673282235860824585e-01
1.560608390718698502e-02
1.264750678092241287e-02
8.689886890351772308e-03
2.258834987878799438e-02
1.890868414193391800e-03
9.626654535531997681e-02
1.286744605749845505e-02
1.358127966523170471e-02
1.058564335107803345e-02
6.883430480957031250e-02
2.940710401162505150e-03
5.627857055515050888e-03
2.067812019959092140e-03
5.791054572910070419e-03
5.454151425510644913e-03
1.953786611557006836e-02
9.122642950387671590e-05
5.704006180167198181e-02
2.248808860778808594e+00
1.812711525417398661e-05
8.509678393602371216e-02
1.489180047065019608e-02
1.459735631942749023e-02
9.767216630280017853e-03
2.393878251314163208e-02
2.004266018047928810e-03
1.480272263288497925e-01
9.181730449199676514e-03
8.889189921319484711e-03
4.431754816323518753e-03
6.589492410421371460e-02
1.712182536721229553e-03
2.100603189319372177e-03
2.601614920422434807e-03
2.573206787928938866e-03
2.696522744372487068e-03
1.718022115528583527e-02
9.295146446675062180e-05
5.610737204551696777e-02
2.495130300521850586e+00
8.818231435725465417e-05
3.144377097487449646e-02
1.507452223449945450e-02
1.360392570495605469e-02
8.601211942732334137e-03
3.312047943472862244e-02
2.315568970516324043e-03
1.372633576393127441e-01
7.797304540872573853e-03
8.876930922269821167e-03
4.621786531060934067e-03
8.236571401357650757e-02
1.705666654743254185e-03
2.111735288053750992e-03
3.264580620452761650e-03
1.948731369338929653e-03
2.008905867114663124e-03
2.286799438297748566e-02
9.664515528129413724e-05
5.965958908200263977e-02
2.666596174240112305e+00
4.003144567832350731e-05
3.346884250640869141e-02
1.367520261555910110e-02
1.241443213075399399e-02
7.676089648157358170e-03
2.962062694132328033e-02
2.219761488959193230e-03
1.523446589708328247e-01
1.028578821569681168e-02
1.097486168146133423e-02
9.001662023365497589e-03
7.230380922555923462e-02
2.220663009211421013e-03
3.917913418263196945e-03
3.511215327307581902e-03
2.587238792330026627e-03
3.770280629396438599e-03
2.483188174664974213e-02
1.234582741744816303e-04
7.381065934896469116e-02
2.820640563964843750e+00
3.436095357756130397e-05
3.087574802339076996e-02
1.766166836023330688e-02
1.659789495170116425e-02
9.885579347610473633e-03
3.452168032526969910e-02
3.064181655645370483e-03
1.315189599990844727e-01
1.933285407721996307e-02
1.731860637664794922e-02
1.753550022840499878e-02
1.613994091749191284e-01
3.744171233847737312e-03
7.296122610569000244e-03
4.865422844886779785e-03
6.303919944912195206e-03
6.447775755077600479e-03
3.420282900333404541e-02
1.103300019167363644e-04
5.327023193240165710e-02
2.843545913696289062e+00
1.990383861993905157e-05
4.241042211651802063e-02
2.060919255018234253e-02
1.998421363532543182e-02
1.179955899715423584e-02
4.503915831446647644e-02
3.440328873693943024e-03
8.342937380075454712e-02
3.096694499254226685e-02
3.407724946737289429e-02
4.224072024226188660e-02
1.053098961710929871e-01
5.943013820797204971e-03
1.566597260534763336e-02
5.135090555995702744e-03
1.492215413600206375e-02
1.496668625622987747e-02
3.299050033092498779e-02
1.375095307594165206e-04
6.286763399839401245e-02
3.178989410400390625e+00
1.158978102466790006e-05
2.874135039746761322e-02
1.802857033908367157e-02
1.631562598049640656e-02
9.723291732370853424e-03
7.038303464651107788e-02
3.371088532730937004e-03
8.274340629577636719e-02
3.859307244420051575e-02
3.447335585951805115e-02
9.430947899818420410e-02
1.046805158257484436e-01
7.073864340782165527e-03
3.534245491027832031e-02
3.389110555872321129e-03
3.376451134681701660e-02
3.270781412720680237e-02
2.497750520706176758e-02
1.459660561522468925e-04
7.896575331687927246e-02
2.705080270767211914e+00
9.185697308566886932e-06
3.692266717553138733e-02
2.006004005670547485e-02
1.827882416546344757e-02
1.095506548881530762e-02
6.433064490556716919e-02
2.043471671640872955e-03
1.033623293042182922e-01
3.824104741215705872e-02
2.649516053497791290e-02
1.211918219923973083e-01
1.447083652019500732e-01
6.815864238888025284e-03
4.275670647621154785e-02
5.035484209656715393e-03
4.037649556994438171e-02
4.098385572433471680e-02
1.492866594344377518e-02
1.910702412715181708e-04
9.696421772241592407e-02
2.646597623825073242e+00
2.310091258550528437e-05
2.287875860929489136e-02
3.118036687374114990e-02
3.006980754435062408e-02
1.812522299587726593e-02
5.046173557639122009e-02
2.413185546174645424e-03
1.480989307165145874e-01
4.013937711715698242e-02
2.581262588500976562e-02
1.556060761213302612e-01
2.146192789077758789e-01
7.345324382185935974e-03
5.396308377385139465e-02
7.173862308263778687e-03
5.196273326873779297e-02
5.179880186915397644e-02
1.390742231160402298e-02
1.580788666615262628e-04
1.116100773215293884e-01
2.055635690689086914e+00
6.014415703248232603e-06
1.996327377855777740e-02
3.808927536010742188e-02
3.672339394688606262e-02
2.221799455583095551e-02
2.760313451290130615e-02
2.803066978231072426e-03
1.650161147117614746e-01
4.261878132820129395e-02
2.129088900983333588e-02
1.682629585266113281e-01
2.931700646877288818e-01
6.690888199955224991e-03
6.007832288742065430e-02
8.883177302777767181e-03
5.863146111369132996e-02
6.298974156379699707e-02
8.516130037605762482e-03
1.612701598787680268e-04
1.229169964790344238e-01
1.232085347175598145e+00
5.255410724203102291e-05
4.826863761991262436e-03
4.892015829682350159e-02
4.830688238143920898e-02
3.114255331456661224e-02
2.131023071706295013e-02
1.928017125464975834e-03
2.051088213920593262e-01
3.550220280885696411e-02
2.162324823439121246e-02
2.070438861846923828e-01
3.797204494476318359e-01
7.498834282159805298e-03
6.962091475725173950e-02
1.223490852862596512e-02
6.956325471401214600e-02
7.180625945329666138e-02
4.668651148676872253e-03
3.042755706701427698e-04
3.222014904022216797e-01
1.867702603340148926e+00
6.395654054358601570e-06
1.508571673184633255e-02
3.212657570838928223e-02
3.280924260616302490e-02
1.682673953473567963e-02
4.580179974436759949e-02
1.407343544997274876e-03
2.604224979877471924e-01
1.770145073533058167e-02
1.051071193069219589e-02
2.099484652280807495e-01
5.012466311454772949e-01
3.478635102510452271e-03
7.081953436136245728e-02
1.580785028636455536e-02
7.273428887128829956e-02
7.290346175432205200e-02
4.585267510265111923e-03
4.272366932127624750e-04
3.184849321842193604e-01
8.769281506538391113e-01
1.142825658462243155e-05
9.841264545684680343e-05
1.149661559611558914e-02
1.174725126475095749e-02
8.650434203445911407e-03
3.326563537120819092e-02
1.328097307123243809e-03
2.769951224327087402e-01
3.099085576832294464e-02
1.493797171860933304e-02
2.653155624866485596e-01
5.860075354576110840e-01
5.464289337396621704e-03
8.998295664787292480e-02
1.769953779876232147e-02
8.567589521408081055e-02
8.633325248956680298e-02
4.321039654314517975e-03
4.895007587037980556e-04
3.782317638397216797e-01
7.582051157951354980e-01
3.732935738298692740e-09
5.777226874670304824e-08
1.864106953144073486e-02
1.674557477235794067e-02
6.830590311437845230e-03
5.807542800903320312e-02
1.326908357441425323e-03
2.274041920900344849e-01
4.327771440148353577e-02
2.202006429433822632e-02
3.029643595218658447e-01
6.152881383895874023e-01
7.697931956499814987e-03
1.022271290421485901e-01
1.968215219676494598e-02
9.910992532968521118e-02
1.007435545325279236e-01
7.020330522209405899e-03
4.756946582347154617e-04
4.051946699619293213e-01
7.860520482063293457e-01
3.732935738298692740e-09
5.777226874670304824e-08
1.133970823138952255e-02
1.161205861717462540e-02
6.142139434814453125e-03
5.562056601047515869e-02
1.968251308426260948e-03
1.724359244108200073e-01
5.635096132755279541e-02
3.232276067137718201e-02
4.130791127681732178e-01
5.653979778289794922e-01
1.016135234385728836e-02
1.418143063783645630e-01
1.907751709222793579e-02
1.345873326063156128e-01
1.362814307212829590e-01
2.082060091197490692e-02
5.178787978366017342e-04
4.942826032638549805e-01
6.457766294479370117e-01
3.732935738298692740e-09
5.777226874670304824e-08
3.525758907198905945e-02
3.487810119986534119e-02
2.100808359682559967e-02
1.175844594836235046e-01
2.225351519882678986e-03
1.600970774888992310e-01
3.451799228787422180e-02
1.705670356750488281e-02
3.631510436534881592e-01
7.759644389152526855e-01
5.265304818749427795e-03
1.234002485871315002e-01
2.456814609467983246e-02
1.202063560485839844e-01
1.115479543805122375e-01
7.949923165142536163e-03
6.111624534241855145e-04
5.593250989913940430e-01
7.563285827636718750e-01
3.732935738298692740e-09
5.777226874670304824e-08
2.069258503615856171e-02
2.107949554920196533e-02
1.253013778477907181e-02
5.693915858864784241e-02
2.142555313184857368e-03
9.454885870218276978e-02
3.574175015091896057e-02
1.459514722228050232e-02
4.095520973205566406e-01
8.420856595039367676e-01
6.753936409950256348e-03
1.376687139272689819e-01
2.702776901423931122e-02
1.339339017868041992e-01
1.347939819097518921e-01
7.315278053283691406e-03
8.014143095351755619e-04
8.046347498893737793e-01
1.053027153015136719e+00
3.732935738298692740e-09
5.777226874670304824e-08
7.405573967844247818e-03
7.230220362544059753e-03
4.147039726376533508e-03
2.935685217380523682e-02
2.856594277545809746e-03
1.037626862525939941e-01
3.317871689796447754e-02
1.482522021979093552e-02
4.312106370925903320e-01
8.693708777427673340e-01
4.994980525225400925e-03
1.356648206710815430e-01
2.792770974338054657e-02
1.341098994016647339e-01
1.331172138452529907e-01
5.491966847330331802e-03
8.615916012786328793e-04
9.140348434448242188e-01
1.079449415206909180e+00
3.732935738298692740e-09
5.777226874670304824e-08
1.171535695903003216e-03
1.052285428158938885e-03
5.799206555821001530e-04
2.552863396704196930e-02
3.892952576279640198e-03
8.281740546226501465e-02
3.267297893762588501e-02
2.050818316638469696e-02
4.020182788372039795e-01
9.871447682380676270e-01
6.527899298816919327e-03
1.279798299074172974e-01
2.970021031796932220e-02
1.242947578430175781e-01
1.256391257047653198e-01
5.701499525457620621e-03
1.059974310919642448e-03
1.059613585472106934e+00
9.666501879692077637e-01
3.732935738298692740e-09
5.777226874670304824e-08
1.999011961743235588e-03
1.628079335205256939e-03
6.447606137953698635e-04
5.686573684215545654e-03
3.532406641170382500e-03
7.397050410509109497e-02
6.926765199750661850e-03
4.847757983952760696e-03
2.588532865047454834e-01
9.191512465476989746e-01
1.773309311829507351e-03
8.700016885995864868e-02
2.656932361423969269e-02
8.404523134231567383e-02
8.498129248619079590e-02
5.286982748657464981e-03
1.255896757356822491e-03
1.212892293930053711e+00
5.799210071563720703e-01
3.732935738298692740e-09
5.777226874670304824e-08
2.215457148849964142e-03
4.155872389674186707e-03
1.213525538332760334e-03
1.151892077177762985e-02
4.836184438318014145e-03
1.780715435743331909e-01
2.080835169181227684e-03
3.024631412699818611e-03
1.547826528549194336e-01
3.581697940826416016e-01
4.763086617458611727e-04
2.356582880020141602e-02
1.156256627291440964e-02
2.201186306774616241e-02
2.203559316694736481e-02
1.812770962715148926e-02
1.348590129055082798e-03
1.136748313903808594e+00
4.218139946460723877e-01
3.732935738298692740e-09
5.777226874670304824e-08
1.973147271201014519e-03
2.719069598242640495e-03
9.632715955376625061e-04
1.297029573470354080e-02
1.875597983598709106e-03
1.344798654317855835e-01
2.414553193375468254e-03
6.783470977097749710e-03
5.242978408932685852e-02
3.262959122657775879e-01
3.463070897851139307e-04
3.663867339491844177e-02
1.056351978331804276e-02
2.234681509435176849e-02
2.273187786340713501e-02
1.746016927063465118e-02
1.378647633828222752e-03
1.328504204750061035e+00
5.817123055458068848e-01
3.732935738298692740e-09
5.777226874670304824e-08
2.444026526063680649e-03
2.508890582248568535e-03
1.429959200322628021e-03
2.739707706496119499e-03
1.009738654829561710e-03
1.776964515447616577e-01
2.235129708424210548e-03
5.934276152402162552e-03
6.816180795431137085e-02
5.254773423075675964e-02
3.302139521110802889e-04
2.581579843536019325e-03
1.058044750243425369e-02
4.688061773777008057e-03
2.190033672377467155e-03
2.028877660632133484e-02
1.449998817406594753e-03
1.211725234985351562e+00
4.570475518703460693e-01
3.732935738298692740e-09
5.777226874670304824e-08
4.519336391240358353e-03
3.674141364172101021e-03
1.828104723244905472e-03
1.807989366352558136e-02
1.950977835804224014e-03
1.743818074464797974e-01
4.020205233246088028e-03
6.806932389736175537e-03
6.078245863318443298e-02
3.104879558086395264e-01
7.251969655044376850e-04
1.382567267864942551e-02
1.673272624611854553e-02
1.972678489983081818e-02
2.032248489558696747e-02
3.225494921207427979e-02
1.398214488290250301e-03
1.273660540580749512e+00
5.068737864494323730e-01
3.732935738298692740e-09
5.777226874670304824e-08
3.579774638637900352e-03
3.933685366064310074e-03
1.866987557150423527e-03
1.861366443336009979e-02
2.686950610950589180e-03
1.234582960605621338e-01
6.706295069307088852e-03
1.021572574973106384e-02
1.907082833349704742e-02
4.827264547348022461e-01
1.007630839012563229e-03
1.305933389812707901e-02
1.751318015158176422e-02
6.142700091004371643e-03
5.852928850799798965e-03
4.180664941668510437e-02
1.761820516549050808e-03
1.477419376373291016e+00
6.320775151252746582e-01
3.732935738298692740e-09
5.777226874670304824e-08
4.789626225829124451e-03
3.952447324991226196e-03
2.528220415115356445e-03
1.381826493889093399e-02
3.730418160557746887e-03
2.155264616012573242e-01
9.486715309321880341e-03
1.332610007375478745e-02
4.782307147979736328e-02
4.638677835464477539e-01
1.486510620452463627e-03
1.661026664078235626e-02
1.604912802577018738e-02
9.725921787321567535e-03
9.881458245217800140e-03
4.936176538467407227e-02
1.775475800968706608e-03
1.705541610717773438e+00
2.268070429563522339e-01
3.732935738298692740e-09
5.777226874670304824e-08
7.619949057698249817e-03
6.450788583606481552e-03
3.090784652158617973e-03
2.729352749884128571e-02
2.533046528697013855e-03
3.282567560672760010e-01
6.637476384639739990e-03
1.655213721096515656e-02
1.825692318379878998e-02
2.357659786939620972e-01
1.105815637856721878e-03
8.827815763652324677e-03
1.549847703427076340e-02
6.311774719506502151e-03
6.102714687585830688e-03
6.132050231099128723e-02
1.441446249373257160e-03
1.328117728233337402e+00
4.278832674026489258e-01
3.732935738298692740e-09
5.777226874670304824e-08
1.348291337490081787e-02
1.383475307375192642e-02
7.685253396630287170e-03
1.315438468009233475e-02
1.405962393619120121e-03
3.873952925205230713e-01
6.216652691364288330e-03
1.957117207348346710e-02
2.780981361865997314e-02
1.851452738046646118e-01
1.028309459798038006e-03
6.459781434386968613e-03
1.522542629390954971e-02
6.373550277203321457e-03
6.381669547408819199e-03
6.729515641927719116e-02
8.282961789518594742e-04
9.079517722129821777e-01
1.846932023763656616e-01
3.732935738298692740e-09
5.777226874670304824e-08
1.779890246689319611e-02
1.398119702935218811e-02
1.066147536039352417e-02
5.008485168218612671e-03
1.345898024737834930e-03
3.212271928787231445e-01
8.727590553462505341e-03
3.310443833470344543e-02
3.333613276481628418e-02
3.944315016269683838e-01
1.491621951572597027e-03
1.320548634976148605e-02
1.255547255277633667e-02
1.381476316601037979e-02
1.515121478587388992e-02
8.834830671548843384e-02
9.991017868742346764e-04
1.019112467765808105e+00
7.902002334594726562e-02
3.732935738298692740e-09
5.777226874670304824e-08
2.722396701574325562e-02
2.467452175915241241e-02
1.349476259201765060e-02
1.082143653184175491e-02
1.944542280398309231e-03
3.173437118530273438e-01
2.165219001471996307e-02
3.558984771370887756e-02
1.325985323637723923e-02
3.378005027770996094e-01
1.885995268821716309e-03
6.654947996139526367e-03
9.152941405773162842e-03
6.124764215201139450e-03
6.187277380377054214e-03
1.171790733933448792e-01
1.252478803507983685e-03
1.462441444396972656e+00
1.324372887611389160e-01
3.732935738298692740e-09
5.777226874670304824e-08
2.552518248558044434e-02
2.700396440923213959e-02
1.656030677258968353e-02
6.657560821622610092e-03
9.758225060068070889e-04
2.111744135618209839e-01
2.213621698319911957e-02
4.220728948712348938e-02
1.229406241327524185e-02
2.990865111351013184e-01
3.936492372304201126e-03
4.190120846033096313e-03
9.048708714544773102e-03
3.913432359695434570e-03
4.070824943482875824e-03
1.490582823753356934e-01
8.685234934091567993e-04
9.558181762695312500e-01
6.144514307379722595e-02
3.732935738298692740e-09
5.777226874670304824e-08
8.667699992656707764e-03
9.890371002256870270e-03
6.434144917875528336e-03
1.192875672131776810e-02
5.882399273104965687e-04
2.323464155197143555e-01
1.811181753873825073e-02
4.204517975449562073e-02
5.946708843111991882e-02
2.396597862243652344e-01
3.272167639806866646e-03
1.189993973821401596e-02
8.906762115657329559e-03
1.154741365462541580e-02
1.161266956478357315e-02
1.741001456975936890e-01
7.487810216844081879e-04
7.962992787361145020e-01
3.415001556277275085e-02
3.732935738298692740e-09
5.777226874670304824e-08
6.740114185959100723e-03
6.838341709226369858e-03
3.300085663795471191e-03
1.560901105403900146e-02
4.752305976580828428e-04
3.304022848606109619e-01
3.187647089362144470e-02
6.074960157275199890e-02
7.111767679452896118e-02
3.144147619605064392e-02
5.082599818706512451e-03
1.206547766923904419e-02
3.440053435042500496e-03
1.604881882667541504e-02
1.702690869569778442e-02
2.042926996946334839e-01
5.826698034070432186e-04
7.127035260200500488e-01
5.428116023540496826e-02
3.732935738298692740e-09
5.777226874670304824e-08
1.148924883455038071e-02
1.259309146553277969e-02
6.824428681284189224e-03
3.086124174296855927e-02
3.825062885880470276e-04
2.301212549209594727e-01
3.264890238642692566e-02
6.027003005146980286e-02
7.295381277799606323e-02
2.174961566925048828e-02
5.294802132993936539e-03
1.418669242411851883e-02
3.456297563388943672e-03
1.428793463855981827e-02
1.191661600023508072e-02
2.011954635381698608e-01
6.795356166549026966e-04
5.756717324256896973e-01
5.307029560208320618e-02
3.732935738298692740e-09
5.777226874670304824e-08
1.977215893566608429e-02
2.146348357200622559e-02
1.235832367092370987e-02
4.114110022783279419e-02
9.756495128385722637e-04
3.343507945537567139e-01
2.598685026168823242e-02
5.976442992687225342e-02
4.474844411015510559e-02
1.979122683405876160e-02
4.355199169367551804e-03
8.591866120696067810e-03
1.569439307786524296e-03
9.286300279200077057e-03
8.970511145889759064e-03
2.071272730827331543e-01
9.781732223927974701e-04
9.957036972045898438e-01
6.096378341317176819e-02
3.732935738298692740e-09
5.777226874670304824e-08
1.928923837840557098e-02
1.972558908164501190e-02
1.091261208057403564e-02
2.221402525901794434e-02
5.947480094619095325e-04
4.311590492725372314e-01
2.441549859941005707e-02
4.598664119839668274e-02
3.855905309319496155e-02
1.541637349873781204e-02
3.909415099769830704e-03
9.206836111843585968e-03
1.385424751788377762e-03
1.076457649469375610e-02
1.096243131905794144e-02
1.011725887656211853e-01
7.108002319000661373e-04
6.454196572303771973e-01
3.414048254489898682e-02
3.732935738298692740e-09
5.777226874670304824e-08
4.047086928039789200e-03
4.021493252366781235e-03
3.648428246378898621e-03
7.335776928812265396e-03
8.965197048382833600e-05
2.015512734651565552e-01
1.199653744697570801e-02
2.002796530723571777e-02
2.707354724407196045e-02
2.064889483153820038e-02
2.198128961026668549e-03
7.415786385536193848e-03
9.580985642969608307e-04
8.807789534330368042e-03
9.045841172337532043e-03
4.919979348778724670e-02
4.356227873358875513e-04
3.442943990230560303e-01
3.418185189366340637e-02
3.732935738298692740e-09
5.777226874670304824e-08
2.907735994085669518e-03
2.683488884940743446e-03
1.557718031108379364e-03
4.442702513188123703e-03
5.615950431092642248e-05
1.239768937230110168e-01
5.458412691950798035e-03
7.398108486086130142e-03
1.175043731927871704e-02
2.073197998106479645e-02
9.338026866316795349e-04
3.024729201570153236e-03
8.655773126520216465e-04
3.630781546235084534e-03
3.674109699204564095e-03
7.636823505163192749e-02
4.031911084894090891e-04
2.446347028017044067e-01
3.040078282356262207e-02
3.732935738298692740e-09
5.777226874670304824e-08
4.020569846034049988e-03
4.355092998594045639e-03
2.546795876696705818e-03
3.235276555642485619e-03
6.585487426491454244e-05
3.046520352363586426e-01
2.902543870732188225e-03
8.147616870701313019e-03
3.813455812633037567e-03
3.025277517735958099e-02
5.384305259212851524e-04
1.186669804155826569e-03
1.217057346366345882e-03
1.226807478815317154e-03
1.193589065223932266e-03
1.702695153653621674e-02
2.496299566701054573e-04
1.629103869199752808e-01
2.398354746401309967e-02
3.732935738298692740e-09
5.777226874670304824e-08
8.861866779625415802e-03
1.158922631293535233e-02
6.456557661294937134e-03
2.750884974375367165e-03
1.151584656327031553e-04
2.069003582000732422e-01
4.424209240823984146e-03
1.447166409343481064e-02
9.079097770154476166e-03
2.530589886009693146e-02
9.765575523488223553e-04
3.461542772129178047e-03
1.543519552797079086e-03
1.956066349521279335e-03
1.942721777595579624e-03
2.640700154006481171e-02
2.052651398116722703e-04
2.806366980075836182e-01
2.783914469182491302e-02
3.732935738298692740e-09
5.777226874670304824e-08
7.096635177731513977e-03
9.060208685696125031e-03
4.487843718379735947e-03
3.570513799786567688e-03
5.672794577549211681e-05
2.537691891193389893e-01
9.552794508635997772e-03
2.403233945369720459e-02
2.170043252408504486e-02
2.787509001791477203e-02
1.796340569853782654e-03
6.606427952647209167e-03
1.805687439627945423e-03
6.578682456165552139e-03
6.369809154421091080e-03
2.299558557569980621e-02
1.717973646009340882e-04
1.305097639560699463e-01
2.461345493793487549e-02
3.732935738298692740e-09
5.777226874670304824e-08
5.847718566656112671e-03
6.464306265115737915e-03
3.281309967860579491e-03
6.716974079608917236e-03
5.850521847605705261e-05
3.033553063869476318e-01
1.169110834598541260e-02
3.724064305424690247e-02
2.293746173381805420e-02
3.502960875630378723e-02
2.280634129419922829e-03
4.749295767396688461e-03
2.095495583489537239e-03
3.350367536768317223e-03
3.379345871508121490e-03
7.598835974931716919e-02
3.808604960795491934e-04
2.650797665119171143e-01
1.712712086737155914e-02
3.732935738298692740e-09
5.777226874670304824e-08
1.161619671620428562e-03
1.246483647264540195e-03
5.100892740301787853e-04
1.596492342650890350e-02
8.722909115022048354e-05
2.339660078287124634e-01
1.959976367652416229e-02
5.838404968380928040e-02
7.180581334978342056e-03
8.339103311300277710e-02
3.548887325450778008e-03
2.912535564973950386e-03
5.116492509841918945e-03
2.622679574415087700e-03
2.456887857988476753e-03
1.485193818807601929e-01
2.088979672407731414e-04
1.467609405517578125e-01
1.429265271872282028e-02
3.732935738298692740e-09
5.777226874670304824e-08
4.535132611636072397e-04
5.156964180059731007e-04
1.341724564554169774e-04
2.121888101100921631e-02
9.303728438680991530e-05
1.958930492401123047e-01
2.428791113197803497e-02
6.109076738357543945e-02
3.093704581260681152e-03
4.545396193861961365e-02
3.994090016931295395e-03
5.102500319480895996e-03
3.911747131496667862e-03
6.383340805768966675e-03
6.492879241704940796e-03
1.551385074853897095e-01
1.760489394655451179e-04
1.783971190452575684e-01
1.618747413158416748e-02
3.732935738298692740e-09
5.777226874670304824e-08
6.345039000734686852e-04
1.197490608319640160e-03
4.329220391809940338e-04
4.474772140383720398e-02
1.260267017642036080e-04
3.047456443309783936e-01
2.477315068244934082e-02
6.705608963966369629e-02
1.385878771543502808e-02
3.643068298697471619e-02
4.437472671270370483e-03
3.812076523900032043e-03
3.510860027745366096e-03
5.111504346132278442e-03
5.085159558802843094e-03
1.123981103301048279e-01
1.230286579811945558e-04
1.178329065442085266e-01
1.700794324278831482e-02
3.732935738298692740e-09
5.777226874670304824e-08
2.023060107603669167e-03
2.483979566022753716e-03
1.529981032945215702e-03
2.087956480681896210e-02
1.232128270203247666e-04
1.410400420427322388e-01
3.319627046585083008e-02
7.598433643579483032e-02
2.217531390488147736e-02
4.702834412455558777e-02
6.040299776941537857e-03
5.742839071899652481e-03
4.229974467307329178e-03
7.184699177742004395e-03
7.118354085832834244e-03
1.727264374494552612e-01
1.764805783750489354e-04
1.239315494894981384e-01
1.809614337980747223e-02
3.732935738298692740e-09
5.777226874670304824e-08
4.195374902337789536e-03
4.341390449553728104e-03
3.527032211422920227e-03
1.841581799089908600e-02
1.375325809931382537e-04
5.452154204249382019e-03
2.866332232952117920e-02
5.606206133961677551e-02
2.635855041444301605e-02
1.022104099392890930e-01
5.930410698056221008e-03
6.119436118751764297e-03
4.966177511960268021e-03
8.784466423094272614e-03
8.734423667192459106e-03
1.313093304634094238e-01
2.319694031029939651e-04
2.080757170915603638e-01
2.211377583444118500e-02
3.732935738298692740e-09
5.777226874670304824e-08
2.518840320408344269e-02
2.196577005088329315e-02
2.129000425338745117e-02
2.651138044893741608e-02
1.694800303084775805e-04
1.031414326280355453e-02
6.098277866840362549e-02
9.686379879713058472e-02
1.612840406596660614e-02
1.171720027923583984e-01
1.381723210215568542e-02
2.698070136830210686e-03
1.230421196669340134e-02
3.738127648830413818e-03
3.839425975456833839e-03
1.397669464349746704e-01
2.100582933053374290e-04
1.709670275449752808e-01
2.384330332279205322e-02
3.732935738298692740e-09
5.777226874670304824e-08
6.576742231845855713e-02
5.863567814230918884e-02
4.492608830332756042e-02
4.767192527651786804e-02
8.929774776333943009e-05
1.316486392170190811e-02
1.119846478104591370e-01
1.675451844930648804e-01
1.767156645655632019e-02
2.029405087232589722e-01
2.397850900888442993e-02
6.690075155347585678e-03
2.568545378744602203e-02
7.681968156248331070e-03
8.615896105766296387e-03
2.864029705524444580e-01
3.300940443295985460e-04
1.794474571943283081e-01
2.701528370380401611e-02
3.732935738298692740e-09
5.777226874670304824e-08
7.006245851516723633e-02
6.300202757120132446e-02
4.874505475163459778e-02
9.329583495855331421e-02
6.988522363826632500e-05
1.564727909862995148e-02
1.299019604921340942e-01
1.666437387466430664e-01
1.868597231805324554e-02
2.703916132450103760e-01
2.873890101909637451e-02
5.534895230084657669e-03
3.076124936342239380e-02
6.350460927933454514e-03
6.430502515286207199e-03
2.538434565067291260e-01
2.096224343404173851e-04
2.701905965805053711e-01
2.083145081996917725e-02
3.732935738298692740e-09
5.777226874670304824e-08
6.196294352412223816e-02
5.852283164858818054e-02
4.335249587893486023e-02
1.653226912021636963e-01
1.178831444121897221e-04
7.630789186805486679e-03
1.211417987942695618e-01
1.600538343191146851e-01
1.951762847602367401e-02
2.804503142833709717e-01
2.837273478507995605e-02
5.817547440528869629e-03
3.086975030601024628e-02
6.697665899991989136e-03
6.722501013427972794e-03
2.174225002527236938e-01
2.096508251270279288e-04
2.722994387149810791e-01
1.825533807277679443e-02
3.732935738298692740e-09
5.777226874670304824e-08
6.556519120931625366e-02
5.889952182769775391e-02
4.488007724285125732e-02
2.035611122846603394e-01
6.753750494681298733e-05
3.590750321745872498e-02
1.131374835968017578e-01
1.496702581644058228e-01
3.180551156401634216e-02
2.202335149049758911e-01
2.613397501409053802e-02
9.374816901981830597e-03
2.880756556987762451e-02
1.096267253160476685e-02
1.088544260710477829e-02
1.425444036722183228e-01
2.639848680701106787e-04
3.064216077327728271e-01
2.132633887231349945e-02
3.732935738298692740e-09
5.777226874670304824e-08
6.688075512647628784e-02
6.026963517069816589e-02
4.420623183250427246e-02
2.052298784255981445e-01
6.070692325010895729e-05
1.856178976595401764e-02
1.544524282217025757e-01
1.758044511079788208e-01
4.486669600009918213e-02
2.280137091875076294e-01
3.352170065045356750e-02
1.217751670628786087e-02
3.106937743723392487e-02
1.584447361528873444e-02
1.581027172505855560e-02
2.078500539064407349e-01
3.009010106325149536e-04
2.860510051250457764e-01
2.698252908885478973e-02
3.732935738298692740e-09
5.777226874670304824e-08
6.621914356946945190e-02
5.941782519221305847e-02
4.373447224497795105e-02
1.843734532594680786e-01
3.964989809901453555e-05
1.048268452286720276e-01
1.191690787672996521e-01
1.565630584955215454e-01
7.924092561006546021e-02
9.089142084121704102e-02
2.749530971050262451e-02
2.278363145887851715e-02
2.575828693807125092e-02
2.609083056449890137e-02
2.468249201774597168e-02
1.483299136161804199e-01
4.500694631133228540e-04
3.266119658946990967e-01
2.580294758081436157e-02
3.732935738298692740e-09
5.777226874670304824e-08
6.790462136268615723e-02
5.927878245711326599e-02
4.177783802151679993e-02
1.680742949247360229e-01
4.857479871134273708e-05
5.749725177884101868e-02
1.134500801563262939e-01
1.438570171594619751e-01
8.345198631286621094e-02
1.012304201722145081e-01
2.688703127205371857e-02
1.897790841758251190e-02
2.280716598033905029e-02
2.275555022060871124e-02
2.349454909563064575e-02
1.335711032152175903e-01
5.596174742095172405e-04
4.504729211330413818e-01
3.617368265986442566e-02
3.732935738298692740e-09
5.777226874670304824e-08
6.614059209823608398e-02
5.974968150258064270e-02
4.446973279118537903e-02
1.505202949047088623e-01
5.276633237372152507e-05
4.125501215457916260e-02
1.055535301566123962e-01
1.349329054355621338e-01
8.179358392953872681e-02
9.280377626419067383e-02
2.637503854930400848e-02
2.430846728384494781e-02
2.079031057655811310e-02
2.464009262621402740e-02
2.564364112913608551e-02
1.224915757775306702e-01
5.073738866485655308e-04
3.517173826694488525e-01
1.019586026668548584e-01
3.732935738298692740e-09
5.777226874670304824e-08
7.671344280242919922e-02
6.872557848691940308e-02
5.275683104991912842e-02
1.210815384984016418e-01
5.972328290226869285e-05
7.467856258153915405e-02
1.110464259982109070e-01
1.450686007738113403e-01
9.404782205820083618e-02
1.306145489215850830e-01
2.655769325792789459e-02
2.503447234630584717e-02
2.120514400303363800e-02
2.516926266252994537e-02
2.473209798336029053e-02
8.616054803133010864e-02
5.148720811121165752e-04
4.625659883022308350e-01
2.029564827680587769e-01
3.732935738298692740e-09
5.777226874670304824e-08
9.087703377008438110e-02
8.104719966650009155e-02
5.613739416003227234e-02
1.574948430061340332e-01
1.614384382264688611e-04
3.649952588602900505e-03
1.043832525610923767e-01
1.232617199420928955e-01
7.302007824182510376e-02
1.443645805120468140e-01
2.437844313681125641e-02
2.188839018344879150e-02
2.294377051293849945e-02
2.384267747402191162e-02
2.402680180966854095e-02
6.637272983789443970e-02
6.257944623939692974e-04
5.611093044281005859e-01
3.017260432243347168e-01
3.732935738298692740e-09
5.777226874670304824e-08
1.154752001166343689e-01
1.086225807666778564e-01
7.563550025224685669e-02
1.670763045549392700e-01
3.531650581862777472e-04
1.183925345540046692e-01
9.608712047338485718e-02
1.038384661078453064e-01
7.105892896652221680e-02
1.702960580587387085e-01
2.299893461167812347e-02
2.122071199119091034e-02
2.305668592453002930e-02
2.314125001430511475e-02
2.336678840219974518e-02
8.679398149251937866e-02
6.365579902194440365e-04
5.759549736976623535e-01
4.428578913211822510e-01
3.732935738298692740e-09
5.777226874670304824e-08
1.152247786521911621e-01
1.080234721302986145e-01
7.648360729217529297e-02
1.609085947275161743e-01
5.780262290500104427e-04
2.028938084840774536e-01
8.004740625619888306e-02
8.406286686658859253e-02
7.141163200139999390e-02
1.644123792648315430e-01
1.936946250498294830e-02
2.331467531621456146e-02
1.697237975895404816e-02
2.448756992816925049e-02
2.448052726686000824e-02
1.017595306038856506e-01
9.575362200848758221e-04
9.350077509880065918e-01
5.673783421516418457e-01
3.732935738298692740e-09
5.777226874670304824e-08
6.165068224072456360e-02
5.436852574348449707e-02
4.799377918243408203e-02
1.571364998817443848e-01
7.254409720189869404e-04
1.063916906714439392e-01
5.793276429176330566e-02
7.355050742626190186e-02
6.082551553845405579e-02
2.267189025878906250e-01
1.466489676386117935e-02
1.742652058601379395e-02
1.620324701070785522e-02
1.760255172848701477e-02
1.823379099369049072e-02
1.101866960525512695e-01
7.565019768662750721e-04
6.492111086845397949e-01
6.661503314971923828e-01
3.732935738298692740e-09
5.777226874670304824e-08
4.630150273442268372e-02
4.029480740427970886e-02
2.888551540672779083e-02
1.216280236840248108e-01
9.689037105999886990e-04
5.067634861916303635e-03
2.342619560658931732e-02
2.131386660039424896e-02
4.314245656132698059e-02
2.424269467592239380e-01
6.896792445331811905e-03
1.490981411188840866e-02
1.204917300492525101e-02
1.813119463622570038e-02
1.812395639717578888e-02
1.005488112568855286e-01
1.095729181542992592e-03
9.737583994865417480e-01
8.488820195198059082e-01
3.732935738298692740e-09
5.777226874670304824e-08
4.923916980624198914e-02
4.272596165537834167e-02
3.294141963124275208e-02
6.304740160703659058e-02
1.119852648116648197e-03
3.583336248993873596e-03
2.482701838016510010e-02
3.655647113919258118e-02
2.320988476276397705e-02
8.788805603981018066e-01
6.209271494299173355e-03
6.844114977866411209e-03
1.511720288544893265e-02
6.933034863322973251e-03
6.472695618867874146e-03
2.082714438438415527e-01
8.658641017973423004e-04
7.408821582794189453e-01
9.426119327545166016e-01
3.732935738298692740e-09
5.777226874670304824e-08
1.113556399941444397e-01
9.542658925056457520e-02
8.170875161886215210e-02
2.767914533615112305e-02
1.184683758765459061e-03
6.208843085914850235e-03
5.915176495909690857e-02
5.931174755096435547e-02
9.587506763637065887e-03
5.136034488677978516e-01
8.336484432220458984e-03
4.048137459903955460e-03
3.591377288103103638e-02
3.675492713227868080e-03
4.664395470172166824e-03
6.306171417236328125e-01
9.244705433957278728e-04
6.755852699279785156e-01
1.032740473747253418e+00
3.732935738298692740e-09
5.777226874670304824e-08
1.225379928946495056e-01
1.136264801025390625e-01
5.737519636750221252e-02
6.047162786126136780e-02
1.569634303450584412e-03
8.496480993926525116e-03
3.873344510793685913e-02
3.717096522450447083e-02
5.012300331145524979e-03
6.676545739173889160e-01
9.198932908475399017e-03
1.645778305828571320e-03
3.343731537461280823e-02
2.179971896111965179e-03
1.642684568651020527e-03
1.798871010541915894e-01
9.235368925146758556e-04
5.907581448554992676e-01
1.072505831718444824e+00
3.732935738298692740e-09
5.777226874670304824e-08
4.616085812449455261e-02
4.198845848441123962e-02
2.758445590734481812e-02
1.539926677942276001e-01
1.827048603445291519e-03
1.397698745131492615e-02
2.858608961105346680e-02
3.136613592505455017e-02
2.482109703123569489e-03
6.114019155502319336e-01
6.617574021220207214e-03
1.356075634248554707e-03
2.917700260877609253e-02
1.163125620223581791e-03
1.026504090987145901e-03
3.489885851740837097e-02
9.585646912455558777e-04
7.381887435913085938e-01
1.087963223457336426e+00
3.732935738298692740e-09
5.777226874670304824e-08
6.112866103649139404e-03
5.532765761017799377e-03
6.688097957521677017e-03
9.343250840902328491e-02
1.754152122884988785e-03
2.708234451711177826e-02
2.306316606700420380e-02
2.668480575084686279e-02
1.621021889150142670e-02
4.181092679500579834e-01
5.574772600084543228e-03
6.022984627634286880e-03
2.501372434198856354e-02
1.440745661966502666e-03
1.512177637778222561e-03
2.144674025475978851e-02
9.092946420423686504e-04
6.881793141365051270e-01
1.099352359771728516e+00
3.732935738298692740e-09
5.777226874670304824e-08
5.850671324878931046e-03
5.917418748140335083e-03
1.946891658008098602e-03
4.285036399960517883e-02
1.758876373060047626e-03
5.587335303425788879e-02
2.025782875716686249e-02
2.620944380760192871e-02
1.959194056689739227e-02
4.171893894672393799e-01
4.286097828298807144e-03
9.257524274289608002e-03
2.580310963094234467e-02
8.208683691918849945e-03
8.119175210595130920e-03
2.894428931176662445e-02
8.959027472883462906e-04
7.358489632606506348e-01
1.104245543479919434e+00
3.732935738298692740e-09
5.777226874670304824e-08
9.284719824790954590e-03
5.380015820264816284e-03
1.178794889710843563e-03
3.984532132744789124e-02
1.508943736553192139e-03
1.082729175686836243e-01
2.328659407794475555e-02
3.302727267146110535e-02
4.451550915837287903e-02
4.677257537841796875e-01
7.646575104445219040e-03
1.489704102277755737e-02
2.860197983682155609e-02
1.781650632619857788e-02
1.797055639326572418e-02
4.478539153933525085e-02
8.825301774777472019e-04
4.598803818225860596e-01
1.123935103416442871e+00
3.732935738298692740e-09
5.777226874670304824e-08
1.162150036543607712e-02
1.116982009261846542e-02
2.939069876447319984e-03
3.929371014237403870e-02
1.646486227400600910e-03
1.630883514881134033e-01
3.154399245977401733e-02
3.208997100591659546e-02
1.411626767367124557e-02
4.557251930236816406e-01
4.636837169528007507e-03
8.765258826315402985e-03
2.989296801388263702e-02
8.507938124239444733e-03
8.279462344944477081e-03
6.282592564821243286e-02
7.309942157007753849e-04
2.521759569644927979e-01
1.134950995445251465e+00
3.732935738298692740e-09
5.777226874670304824e-08
1.400913670659065247e-02
1.199269760400056839e-02
3.326225094497203827e-03
4.248379543423652649e-02
1.671952777542173862e-03
2.120674103498458862e-01
3.849885612726211548e-02
4.802951216697692871e-02
2.376361750066280365e-02
5.461687445640563965e-01
8.976508863270282745e-03
9.849636815488338470e-03
4.324078559875488281e-02
1.223688852041959763e-02
9.438452310860157013e-03
5.223505571484565735e-02
3.648823185358196497e-04
2.248632162809371948e-01
1.153858304023742676e+00
3.732935738298692740e-09
5.777226874670304824e-08
3.053239546716213226e-02
1.619123667478561401e-02
4.263878799974918365e-03
5.075992271304130554e-02
1.976755680516362190e-03
2.765785157680511475e-01
1.540102344006299973e-02
1.440511178225278854e-02
1.965136267244815826e-02
2.631296217441558838e-01
2.902350388467311859e-03
6.296059582382440567e-03
1.845494844019412994e-02
6.790023762732744217e-03
5.532725248485803604e-03
2.018599025905132294e-02
2.792816376313567162e-04
1.636768877506256104e-01
1.073160171508789062e+00
3.732935738298692740e-09
5.777226874670304824e-08
4.202609881758689880e-02
3.361555933952331543e-02
7.027746643871068954e-03
3.694221749901771545e-02
1.091523445211350918e-03
3.939298689365386963e-01
1.398284826427698135e-02
1.224355492740869522e-02
1.875145547091960907e-02
1.966150850057601929e-01
3.182393731549382210e-03
7.465811911970376968e-03
1.741387508809566498e-02
6.515597458928823471e-03
6.616387050598859787e-03
2.180507779121398926e-02
2.430772437946870923e-04
1.799366027116775513e-01
9.824411273002624512e-01
3.732935738298692740e-09
5.777226874670304824e-08
6.126249209046363831e-02
4.821684956550598145e-02
1.219695061445236206e-02
3.101291321218013763e-02
5.194708937779068947e-04
4.367063343524932861e-01
1.809588260948657990e-02
1.094176154583692551e-02
2.670099772512912750e-02
7.510997354984283447e-02
3.590837353840470314e-03
1.080468762665987015e-02
1.637698151171207428e-02
9.091852232813835144e-03
9.698539972305297852e-03
1.174612250179052353e-02
3.336589143145829439e-04
2.194290608167648315e-01
8.725925087928771973e-01
3.732935738298692740e-09
5.777226874670304824e-08
6.699632853269577026e-02
6.574099510908126831e-02
3.478538617491722107e-02
1.849972456693649292e-02
7.098935893736779690e-04
5.433197021484375000e-01
1.532858330756425858e-02
8.258362300693988800e-03
5.732344463467597961e-02
6.348274648189544678e-02
3.304339945316314697e-03
2.133973687887191772e-02
1.363899651914834976e-02
1.972277648746967316e-02
1.899779960513114929e-02
2.051602490246295929e-02
3.152014978695660830e-04
2.136038392782211304e-01
7.774677276611328125e-01
3.732935738298692740e-09
5.777226874670304824e-08
1.047163009643554688e-01
8.062180876731872559e-02
4.972697794437408447e-02
1.546353846788406372e-02
2.076329110423102975e-04
6.420429348945617676e-01
1.204194594174623489e-02
9.457812644541263580e-03
5.166092514991760254e-02
1.245167925953865051e-01
3.260386176407337189e-03
1.904859207570552826e-02
2.024981565773487091e-02
1.687568612396717072e-02
1.642067544162273407e-02
1.750424690544605255e-02
2.874346973840147257e-04
2.680763304233551025e-01
6.717414855957031250e-01
3.732935738298692740e-09
5.777226874670304824e-08
9.449031949043273926e-02
8.814696222543716431e-02
5.909867212176322937e-02
1.979036442935466766e-02
2.103754086419939995e-04
5.840795040130615234e-01
2.906435728073120117e-02
1.315013319253921509e-02
4.018249735236167908e-02
1.647979617118835449e-01
5.870898719877004623e-03
1.802199520170688629e-02
1.134388428181409836e-02
1.703552715480327606e-02
1.606702059507369995e-02
2.788313664495944977e-02
2.543984737712889910e-04
1.937953829765319824e-01
7.587968707084655762e-01
3.732935738298692740e-09
5.777226874670304824e-08
2.237925082445144653e-01
2.037732154130935669e-01
1.127081513404846191e-01
2.050068043172359467e-02
3.271526366006582975e-04
8.768954873085021973e-01
3.085099160671234131e-02
1.775952614843845367e-02
5.244580283761024475e-02
2.682921588420867920e-01
6.839289795607328415e-03
2.364988066256046295e-02
8.174203336238861084e-03
1.941088773310184479e-02
1.929338462650775909e-02
8.372827619314193726e-02
3.444487228989601135e-04
2.148334830999374390e-01
7.389554977416992188e-01
3.732935738298692740e-09
5.777226874670304824e-08
1.387786120176315308e-01
1.148291826248168945e-01
7.335443049669265747e-02
2.179644256830215454e-02
1.935834297910332680e-04
8.702794909477233887e-01
3.469133004546165466e-02
2.637451328337192535e-02
6.166232749819755554e-02
1.624807268381118774e-01
8.152547292411327362e-03
2.530143223702907562e-02
1.347199827432632446e-02
2.229389548301696777e-02
2.265746332705020905e-02
5.263277888298034668e-02
1.566721621202304959e-04
1.630771905183792114e-01
7.071226239204406738e-01
3.732935738298692740e-09
2.206114083528518677e-01
6.648972630500793457e-02
7.100757211446762085e-02
3.440145403146743774e-02
2.113626897335052490e-02
3.001534787472337484e-04
7.203286290168762207e-01
9.472187608480453491e-02
6.641600281000137329e-02
8.410022407770156860e-02
4.362717643380165100e-02
1.574678532779216766e-02
3.316810354590415955e-02
3.713764250278472900e-03
3.116089664399623871e-02
3.161335363984107971e-02
1.982605829834938049e-02
2.262352500110864639e-04
1.714428216218948364e-01
7.589158415794372559e-01
3.732935738298692740e-09
2.510071098804473877e-01
5.623292177915573120e-03
5.438351538032293320e-03
1.046704966574907303e-02
4.714943468570709229e-02
2.512261271476745605e-04
6.643944978713989258e-01
1.191523373126983643e-01
1.012250259518623352e-01
8.767446130514144897e-02
1.701770573854446411e-01
2.425810135900974274e-02
3.614936023950576782e-02
6.708341185003519058e-03
3.222035989165306091e-02
3.230564668774604797e-02
7.531895488500595093e-02
1.725152105791494250e-04
1.536341458559036255e-01
9.783015251159667969e-01
3.732935738298692740e-09
2.510128915309906006e-01
1.532448828220367432e-02
1.534319762140512466e-02
1.127375196665525436e-02
5.723087117075920105e-02
1.735140685923397541e-04
2.742238044738769531e-01
1.062281355261802673e-01
7.866132259368896484e-02
8.943081647157669067e-02
1.534778028726577759e-01
2.083849906921386719e-02
3.690379858016967773e-02
9.623228572309017181e-03
3.416523709893226624e-02
3.453853726387023926e-02
1.646088808774948120e-02
1.707523624645546079e-04
1.668558567762374878e-01
1.153540253639221191e+00
3.732935738298692740e-09
2.510186135768890381e-01
3.151255100965499878e-02
3.168101981282234192e-02
2.355540357530117035e-02
8.850142359733581543e-02
1.095990082831121981e-04
1.162023320794105530e-01
5.239294096827507019e-02
2.544891275465488434e-02
8.832383900880813599e-02
8.388497680425643921e-02
1.522134244441986084e-02
3.692014142870903015e-02
3.181128995493054390e-03
3.428363427519798279e-02
3.443383052945137024e-02
8.962638676166534424e-03
1.631854538572952151e-04
1.646544933319091797e-01
1.463676571846008301e+00
3.732935738298692740e-09
2.510248422622680664e-01
1.490116212517023087e-02
1.739598810672760010e-02
1.069253217428922653e-02
3.701839596033096313e-02
1.898825430544093251e-04
4.177191294729709625e-03
5.677807331085205078e-02
3.055255673825740814e-02
7.070793956518173218e-02
7.372052222490310669e-02
1.304339617490768433e-02
2.728169597685337067e-02
5.882626399397850037e-03
2.583158761262893677e-02
2.617137692868709564e-02
1.180018018931150436e-02
1.366133365081623197e-04
1.356244087219238281e-01
1.701130390167236328e+00
3.732935738298692740e-09
2.510180771350860596e-01
4.995261784642934799e-03
5.324840079993009567e-03
4.106830339878797531e-03
1.585362292826175690e-02
3.182020736858248711e-04
9.796538949012756348e-02
2.284240908920764923e-02
5.774720106273889542e-03
4.435582086443901062e-02
1.194574236869812012e-01
4.849705845117568970e-03
2.312963269650936127e-02
3.689549164846539497e-03
2.177502773702144623e-02
2.147678285837173462e-02
1.013678032904863358e-02
1.250248169526457787e-04
1.221313998103141785e-01
1.835111260414123535e+00
3.732935738298692740e-09
2.510211169719696045e-01
6.147434469312429428e-03
5.629848688840866089e-03
4.941069055348634720e-03
6.147049367427825928e-03
3.011972876265645027e-04
8.572342991828918457e-02
7.753155659884214401e-03
8.626483380794525146e-03
2.701016329228878021e-02
2.587083876132965088e-01
1.852897927165031433e-03
1.558296382427215576e-02
1.669277809560298920e-02
1.825240626931190491e-02
1.398494374006986618e-02
2.094353176653385162e-02
1.226638414664193988e-04
1.392126083374023438e-01
2.116535663604736328e+00
3.732935738298692740e-09
2.510232031345367432e-01
1.223177183419466019e-02
1.457340270280838013e-02
9.748749434947967529e-03
5.765456706285476685e-03
9.114335261983796954e-05
7.529729977250099182e-03
1.222757529467344284e-02
8.822373114526271820e-03
2.081159502267837524e-02
2.170753628015518188e-01
3.193250624462962151e-03
1.051345188170671463e-02
9.542881511151790619e-03
9.710425511002540588e-03
1.010656729340553284e-02
2.205772697925567627e-02
1.172819247585721314e-04
1.660722643136978149e-01
2.251226186752319336e+00
3.732935738298692740e-09
2.510321438312530518e-01
8.893898688256740570e-03
1.166037004441022873e-02
7.575877010822296143e-03
1.151863764971494675e-02
6.984763604123145342e-05
1.205677818506956100e-02
9.406256489455699921e-03
8.542819879949092865e-03
1.312476117163896561e-03
1.648394316434860229e-01
2.389000728726387024e-03
2.327705966308712959e-03
4.702881909906864166e-03
2.029648283496499062e-03
2.118392614647746086e-03
2.066927962005138397e-02
1.228784240083768964e-04
1.523544788360595703e-01
2.523960590362548828e+00
3.732935738298692740e-09
2.510405480861663818e-01
4.128148779273033142e-03
5.731627810746431351e-03
3.628353821113705635e-03
1.367388293147087097e-02
1.487725094193592668e-04
5.726324860006570816e-03
6.925190333276987076e-03
4.280023276805877686e-03
4.526543430984020233e-03
1.040416434407234192e-01
1.293353852815926075e-03
2.728196559473872185e-03
6.746152881532907486e-03
2.676205011084675789e-03
2.769049257040023804e-03
7.987101562321186066e-03
1.401561894454061985e-04
1.507150679826736450e-01
2.539528369903564453e+00
3.732935738298692740e-09
2.510456442832946777e-01
3.246423089876770973e-03
3.395061939954757690e-03
1.947503071278333664e-03
1.092399377375841141e-02
1.619761023903265595e-04
2.354513667523860931e-02
3.720631822943687439e-03
3.698221175000071526e-03
2.533355494961142540e-03
8.639079332351684570e-02
9.598185424692928791e-04
1.472647418268024921e-03
7.956939749419689178e-03
1.178013742901384830e-03
1.265822676941752434e-03
4.706942941993474960e-03
1.334741973550990224e-04
1.778035163879394531e-01
2.748116731643676758e+00
3.732935738298692740e-09
2.510463297367095947e-01
1.039807335473597050e-03
8.368818089365959167e-04
7.376419962383806705e-04
4.963628947734832764e-03
2.215727436123415828e-04
1.176505535840988159e-02
7.058581337332725525e-03
6.165118888020515442e-03
1.820879406295716763e-03
5.559582635760307312e-02
2.119799843057990074e-03
3.338371170684695244e-03
3.570075845345854759e-03
8.857355569489300251e-04
9.145361836999654770e-04
7.002732250839471817e-03
1.365534990327432752e-04
1.997650265693664551e-01
2.584388494491577148e+00
3.732935738298692740e-09
2.510477006435394287e-01
1.627110526897013187e-03
1.731493161059916019e-03
8.023587870411574841e-04
1.729645649902522564e-03
3.391265345271676779e-04
1.749004609882831573e-02
7.164463400840759277e-03
6.876935716718435287e-03
2.302073873579502106e-02
1.989792138338088989e-01
1.352734863758087158e-03
1.595566235482692719e-02
1.018128450959920883e-02
1.249151304364204407e-02
1.176062971353530884e-02
1.417149603366851807e-02
1.421495835529640317e-04
2.139060348272323608e-01
2.642230033874511719e+00
3.732935738298692740e-09
2.510470151901245117e-01
2.181896939873695374e-03
2.214137231931090355e-03
6.993592833168804646e-04
4.749517887830734253e-03
8.352560107596218586e-04
2.636530064046382904e-02
1.065526623278856277e-02
5.077829584479331970e-03
4.097187891602516174e-02
1.546779721975326538e-01
2.277161460369825363e-03
1.831320300698280334e-02
6.749173160642385483e-03
1.934604905545711517e-02
1.951040327548980713e-02
1.208181772381067276e-02
1.984419795917347074e-04
2.700171470642089844e-01
3.453633069992065430e+00
3.732935738298692740e-09
2.510446906089782715e-01
2.908283844590187073e-03
4.179837647825479507e-03
1.004793215543031693e-03
2.380748651921749115e-02
1.581508084200322628e-03
2.269207872450351715e-02
8.130104281008243561e-03
5.954309832304716110e-03
2.353604324162006378e-02
2.076667547225952148e-01
1.866900362074375153e-03
1.478977128863334656e-02
1.244531571865081787e-02
1.334264036267995834e-02
1.311370823532342911e-02
1.602694950997829437e-02
2.055598160950466990e-04
1.989415884017944336e-01
2.698851346969604492e+00
3.732935738298692740e-09
2.510555386543273926e-01
3.024958772584795952e-03
3.245181636884808540e-03
1.545279868878424168e-03
1.323475223034620285e-02
1.753497752360999584e-03
1.514757797122001648e-02
1.492886245250701904e-02
1.046569924801588058e-02
3.592864610254764557e-03
2.092691212892532349e-01
3.640780923888087273e-03
2.202461706474423409e-03
7.136865053325891495e-03
5.712699494324624538e-04
5.838963552378118038e-04
7.379633840173482895e-03
1.566177379572764039e-04
2.783403992652893066e-01
2.610357284545898438e+00
3.732935738298692740e-09
3.372950255870819092e-01
2.109464956447482109e-03
2.621183404698967934e-03
1.237409887835383415e-03
2.510168822482228279e-03
1.760590239427983761e-03
7.191543933004140854e-03
1.218762341886758804e-02
1.240069326013326645e-02
2.159351715818047523e-03
2.184934616088867188e-01
3.188919043168425560e-03
1.017487491481006145e-03
1.220012456178665161e-02
1.203696825541555882e-03
1.238518510945141315e-03
1.180640142410993576e-02
1.392287813359871507e-04
2.161605805158615112e-01
2.669471502304077148e+00
3.732935738298692740e-09
1.218863856047391891e-02
3.610230982303619385e-03
5.765097681432962418e-03
2.396221505478024483e-03
4.913600161671638489e-03
1.762217842042446136e-03
1.542958337813615799e-02
1.888943836092948914e-02
1.384602021425962448e-02
1.064626593142747879e-02
3.237366676330566406e-01
4.227809142321348190e-03
4.656238947063684464e-03
1.852313615381717682e-02
4.847892094403505325e-03
4.953067749738693237e-03
1.482097897678613663e-02
1.694394304649904370e-04
2.906362712383270264e-01
2.052147150039672852e+00
3.732935738298692740e-09
1.902540773153305054e-02
8.502978831529617310e-03
7.003609091043472290e-03
4.020866937935352325e-03
1.282457541674375534e-02
2.542680827900767326e-03
2.272570692002773285e-02
2.833513915538787842e-02
2.053985372185707092e-02
1.293120998889207840e-02
5.102834105491638184e-01
6.567332427948713303e-03
5.902431439608335495e-03
2.748687565326690674e-02
6.681289523839950562e-03
6.376262754201889038e-03
2.467891015112400055e-02
1.965278788702562451e-04
3.355812728404998779e-01
1.210431694984436035e+00
3.732935738298692740e-09
6.963001098483800888e-03
1.260476559400558472e-02
1.153818517923355103e-02
7.472136523574590683e-03
1.009336113929748535e-02
2.550904406234622002e-03
1.623185165226459503e-02
2.333041466772556305e-02
1.945306174457073212e-02
1.081033516675233841e-02
3.426432609558105469e-01
5.725064780563116074e-03
5.727177020162343979e-03
1.724051870405673981e-02
6.568160373717546463e-03
6.667919456958770752e-03
2.292749285697937012e-02
3.940887690987437963e-04
3.193978965282440186e-01
9.576938748359680176e-01
3.732935738298692740e-09
1.087846141308546066e-02
1.628681831061840057e-02
1.716273091733455658e-02
1.264951750636100769e-02
4.900023341178894043e-03
2.231949940323829651e-03
3.037652373313903809e-02
2.793541550636291504e-02
2.446653880178928375e-02
9.357540868222713470e-03
5.054469108581542969e-01
6.884521339088678360e-03
5.022932309657335281e-03
1.888367347419261932e-02
4.661955405026674271e-03
4.627687390893697739e-03
2.921884693205356598e-02
2.057435922324657440e-04
1.898974925279617310e-01
8.801738619804382324e-01
3.732935738298692740e-09
1.725624501705169678e-02
1.978712715208530426e-02
2.043808437883853912e-02
1.463839877396821976e-02
3.018015995621681213e-03
2.362616825848817825e-03
4.487915709614753723e-02
2.627309970557689667e-02
2.544273436069488525e-02
1.121203321963548660e-02
4.243441522121429443e-01
7.618250790983438492e-03
6.449980195611715317e-03
1.733074150979518890e-02
6.372184958308935165e-03
6.270360667258501053e-03
2.374666370451450348e-02
1.429097173968330026e-04
7.320853322744369507e-02
9.097679257392883301e-01
3.732935738298692740e-09
1.077522616833448410e-02
1.640659756958484650e-02
1.739703305065631866e-02
1.307476777583360672e-02
3.828288987278938293e-03
2.170465653762221336e-03
4.763985797762870789e-02
3.024643100798130035e-02
2.464940398931503296e-02
1.444280054420232773e-02
3.349106609821319580e-01
8.112661540508270264e-03
8.192085660994052887e-03
2.706742286682128906e-02
8.898734115064144135e-03
7.641980890184640884e-03
1.444486062973737717e-02
1.059158748830668628e-04
1.070658564567565918e-01
8.353915214538574219e-01
3.732935738298692740e-09
1.969199813902378082e-02
8.663153275847434998e-03
8.017695508897304535e-03
5.504819098860025406e-03
1.337717939168214798e-02
2.995738759636878967e-03
3.386370465159416199e-02
1.559402700513601303e-02
1.755006425082683563e-02
2.168873883783817291e-02
3.508065640926361084e-01
4.334831144660711288e-03
9.648269973695278168e-03
1.065184921026229858e-02
9.825040586292743683e-03
9.865932166576385498e-03
7.240874227136373520e-03
7.503086089855059981e-05
8.387613296508789062e-02
8.005053400993347168e-01
3.732935738298692740e-09
1.129945088177919388e-02
6.456848233938217163e-03
6.919065024703741074e-03
4.129298031330108643e-03
7.632818073034286499e-03
4.103261046111583710e-03
5.215295031666755676e-02
1.829455792903900146e-02
4.211795050650835037e-03
2.424645237624645233e-02
7.443615049123764038e-02
8.851294405758380890e-04
1.135785784572362900e-02
1.046098768711090088e-02
1.090577244758605957e-02
1.124586630612611771e-02
1.286204438656568527e-02
8.443149272352457047e-05
9.127456694841384888e-02
5.671985745429992676e-01
3.732935738298692740e-09
1.717793010175228119e-02
8.812304586172103882e-03
8.719053119421005249e-03
5.437081214040517807e-03
7.799549028277397156e-03
2.785521326586604118e-03
5.695611238479614258e-02
5.986107513308525085e-03
7.747527677565813065e-03
1.703208871185779572e-02
1.060066521167755127e-01
1.005239551886916161e-03
8.239931426942348480e-03
7.326390594244003296e-03
8.807809092104434967e-03
8.718263357877731323e-03
1.082456111907958984e-02
1.120397573686204851e-04
1.172762289643287659e-01
5.269314646720886230e-01
3.732935738298692740e-09
1.084408443421125412e-02
1.382965687662363052e-02
1.405276358127593994e-02
8.695848286151885986e-03
7.348845247179269791e-03
3.363929688930511475e-03
2.500868588685989380e-02
5.198553204536437988e-03
1.397835370153188705e-02
4.346366599202156067e-02
7.350958138704299927e-02
6.664705579169094563e-04
1.998488605022430420e-02
6.911564618349075317e-03
2.129312604665756226e-02
2.050715312361717224e-02
3.957823291420936584e-02
1.137303115683607757e-04
1.619838029146194458e-01
3.662070333957672119e-01
3.732935738298692740e-09
1.187214534729719162e-02
2.359030954539775848e-02
2.434878610074520111e-02
1.654052548110485077e-02
1.384985446929931641e-02
3.378900000825524330e-03
4.010592773556709290e-02
2.002174779772758484e-02
1.376482844352722168e-02
5.464838072657585144e-02
1.861314773559570312e-01
3.013394074514508247e-03
2.556715346872806549e-02
5.640072282403707504e-03
2.845132909715175629e-02
2.861942350864410400e-02
1.449249684810638428e-02
1.281708391616120934e-04
1.479871273040771484e-01
4.088208973407745361e-01
3.732935738298692740e-09
1.185042876750230789e-02
1.156099140644073486e-02
1.358556002378463745e-02
6.882238667458295822e-03
1.415729522705078125e-02
2.812300575897097588e-03
2.558567561209201813e-02
6.713682785630226135e-03
5.781449843198060989e-03
3.912845253944396973e-02
1.487724035978317261e-01
1.835840404964983463e-03
1.793192885816097260e-02
6.094403564929962158e-03
2.026914805173873901e-02
2.041901089251041412e-02
9.056716226041316986e-03
1.423955545760691166e-04
1.342105716466903687e-01
4.225296974182128906e-01
3.732935738298692740e-09
1.528154034167528152e-02
6.274288054555654526e-03
6.562032271176576614e-03
1.890406012535095215e-03
6.278878543525934219e-03
2.560487482696771622e-03
3.677880391478538513e-02
4.855036735534667969e-03
5.161236971616744995e-03
2.602708898484706879e-02
7.733605057001113892e-02
1.022669835947453976e-03
1.349863875657320023e-02
6.573767866939306259e-03
1.466646138578653336e-02
1.477790158241987228e-02
1.293691527098417282e-02
1.568641891935840249e-04
1.793368458747863770e-01
4.114477634429931641e-01
3.732935738298692740e-09
4.463312681764364243e-03
3.042539814487099648e-03
2.885036403313279152e-03
2.008101204410195351e-03
6.871505174785852432e-03
2.341601299121975899e-03
2.119731716811656952e-02
1.470946054905653000e-02
8.012138307094573975e-03
2.170916832983493805e-02
1.765125393867492676e-01
3.173381090164184570e-03
9.995925240218639374e-03
1.269436627626419067e-02
1.031910162419080734e-02
1.038508024066686630e-02
6.565516348928213120e-03
2.116897958330810070e-04
2.491924762725830078e-01
7.561471462249755859e-01
3.732935738298692740e-09
8.431997150182723999e-03
3.026488004252314568e-03
3.031316446140408516e-03
2.097038784995675087e-03
1.018898840993642807e-02
2.728850813582539558e-03
1.923792622983455658e-02
2.107826434075832367e-02
6.543328985571861267e-03
9.826867841184139252e-03
1.300588101148605347e-01
5.018035415560007095e-03
4.129183944314718246e-03
6.251657847315073013e-03
4.772510379552841187e-03
5.416399333626031876e-03
6.920720916241407394e-03
2.865564019884914160e-04
1.917623132467269897e-01
5.996041893959045410e-01
3.732935738298692740e-09
8.666754583828151226e-04
4.277065861970186234e-03
4.447699990123510361e-03
3.123499453067779541e-03
1.463986467570066452e-02
2.300959778949618340e-03
8.310011774301528931e-02
5.005280952900648117e-03
1.384651660919189453e-02
4.976815078407526016e-03
1.249264851212501526e-01
3.183017484843730927e-03
2.277823397889733315e-03
4.883030429482460022e-03
2.352592768147587776e-03
2.390665933489799500e-03
1.029748655855655670e-02
2.387748827459290624e-04
1.651739329099655151e-01
5.540626645088195801e-01
3.732935738298692740e-09
5.777226874670304824e-08
6.010515149682760239e-03
7.780537474900484085e-03
4.100225865840911865e-03
1.367049198597669601e-02
2.664487110450863838e-03
4.200595989823341370e-02
2.604769170284271240e-02
2.276386134326457977e-02
1.515505556017160416e-02
7.806188613176345825e-02
5.874238908290863037e-03
1.018397230654954910e-02
3.510209964588284492e-03
8.559217676520347595e-03
6.598597858101129532e-03
2.161853015422821045e-02
3.043346805498003960e-04
2.446125000715255737e-01
7.930555939674377441e-01
3.732935738298692740e-09
3.740965330507606268e-04
7.746467366814613342e-03
8.091534487903118134e-03
4.917972255498170853e-03
2.208228968083858490e-02
3.554194001480937004e-03
4.604186117649078369e-02
2.409829758107662201e-02
2.152912318706512451e-02
8.751378394663333893e-03
6.177517771720886230e-02
5.513654556125402451e-03
4.266628529876470566e-03
2.976675285026431084e-03
3.107250435277819633e-03
3.125897375866770744e-03
2.922126650810241699e-02
2.027481241384521127e-04
1.894037723541259766e-01
7.178010940551757812e-01
3.732935738298692740e-09
3.741027612704783678e-04
1.006994280032813549e-03
9.599335608072578907e-04
5.269559915177524090e-04
2.605292201042175293e-02
3.274942748248577118e-03
8.824143558740615845e-02
3.303861245512962341e-02
3.653534501791000366e-02
9.565887041389942169e-03
3.813992813229560852e-02
8.167295716702938080e-03
5.239650607109069824e-03
3.200601553544402122e-03
6.008987780660390854e-03
5.891179200261831284e-03
4.222895577549934387e-02
3.767614252865314484e-04
3.491079807281494141e-01
4.095992147922515869e-01
3.732935738298692740e-09
3.742869012057781219e-04
4.812132101505994797e-04
8.188141509890556335e-04
2.245794312329962850e-04
3.555024787783622742e-02
2.903971122577786446e-03
2.957157604396343231e-02
3.795126453042030334e-02
3.687135130167007446e-02
1.370037812739610672e-02
5.109312757849693298e-02
1.011700276285409927e-02
7.373359519988298416e-03
4.417377058416604996e-03
9.364298544824123383e-03
9.062909521162509918e-03
4.133065789937973022e-02
8.647316135466098785e-04
7.733760476112365723e-01
3.950136601924896240e-01
3.732935738298692740e-09
3.743034321814775467e-04
2.362723229452967644e-03
2.432883018627762794e-03
2.525747986510396004e-03
9.616411477327346802e-02
3.187543014064431190e-03
1.993220485746860504e-02
4.823793098330497742e-02
5.152255296707153320e-02
1.511524152010679245e-02
6.698319315910339355e-02
1.210028957575559616e-02
1.276099402457475662e-02
5.528164561837911606e-03
1.139752939343452454e-02
1.113208755850791931e-02
4.064284265041351318e-02
1.391182071529328823e-03
1.189669966697692871e+00
4.296127855777740479e-01
3.732935738298692740e-09
3.744460409507155418e-04
1.270707789808511734e-02
1.117176283150911331e-02
1.446664426475763321e-02
4.551423713564872742e-02
2.418301533907651901e-03
3.108085878193378448e-02
6.495562940835952759e-02
7.147586345672607422e-02
4.135053604841232300e-02
8.498907089233398438e-02
1.572248339653015137e-02
2.115527540445327759e-02
7.154518272727727890e-03
2.098299376666545868e-02
2.204445749521255493e-02
5.171966552734375000e-02
1.854298054240643978e-03
1.617746949195861816e+00
3.740319311618804932e-01
3.732935738298692740e-09
3.742096014320850372e-04
2.753725834190845490e-02
2.566286921501159668e-02
3.400233387947082520e-02
4.819605872035026550e-02
1.878405921161174774e-03
5.549113452434539795e-02
8.269500732421875000e-02
8.272952586412429810e-02
3.752408549189567566e-02
1.296006292104721069e-01
1.752765476703643799e-02
1.827965117990970612e-02
9.368790313601493835e-03
1.673691347241401672e-02
1.697196252644062042e-02
5.082756280899047852e-02
2.233402570709586143e-03
1.927811264991760254e+00
3.664480745792388916e-01
3.732935738298692740e-09
3.743804700206965208e-04
4.935734346508979797e-02
4.781342670321464539e-02
7.021576166152954102e-02
2.596925199031829834e-02
1.603484037332236767e-03
9.275928884744644165e-02
7.264995574951171875e-02
6.702828407287597656e-02
2.292014472186565399e-02
1.450277715921401978e-01
1.739289611577987671e-02
1.143574621528387070e-02
1.049380749464035034e-02
1.190745737403631210e-02
1.092314254492521286e-02
5.372923240065574646e-02
2.603364642709493637e-03
2.011566877365112305e+00
3.387716710567474365e-01
3.732935738298692740e-09
3.744872810784727335e-04
4.729293659329414368e-02
4.315451905131340027e-02
6.794229894876480103e-02
1.485087722539901733e-02
2.050493611022830009e-03
2.076410800218582153e-01
5.224765464663505554e-02
4.642532393336296082e-02
9.269847534596920013e-03
1.735014766454696655e-01
1.394372712820768356e-02
5.091250874102115631e-03
1.149317156523466110e-02
5.060419905930757523e-03
5.165843293070793152e-03
3.044121712446212769e-02
2.630461705848574638e-03
2.288484811782836914e+00
4.859660565853118896e-01
3.732935738298692740e-09
3.746999718714505434e-04
4.668095335364341736e-02
4.225619509816169739e-02
6.594537943601608276e-02
1.055473182350397110e-02
2.292406978085637093e-03
2.033642679452896118e-01
4.894247651100158691e-02
4.151979461312294006e-02
7.514951750636100769e-03
2.015966922044754028e-01
1.240365300327539444e-02
2.978091128170490265e-03
1.257062982767820358e-02
3.603306831791996956e-03
2.826682990416884422e-03
1.998397335410118103e-02
3.007867140695452690e-03
2.230495214462280273e+00
3.473603725433349609e-01
3.732935738298692740e-09
3.748214512597769499e-04
4.740515351295471191e-02
4.239051043987274170e-02
6.505783647298812866e-02
4.401186946779489517e-03
2.698917174711823463e-03
3.412196636199951172e-01
5.685126781463623047e-02
4.867270216345787048e-02
4.309607669711112976e-03
1.972353309392929077e-01
1.305089797824621201e-02
2.332349075004458427e-03
1.347468513995409012e-02
2.766844816505908966e-03
2.868081210181117058e-03
8.195536211133003235e-03
2.904413267970085144e-03
2.501962900161743164e+00
2.190644294023513794e-01
3.732935738298692740e-09
3.748511662706732750e-04
4.972262680530548096e-02
4.581656679511070251e-02
6.288276612758636475e-02
5.676232278347015381e-03
4.334360361099243164e-03
3.688359260559082031e-01
5.728958174586296082e-02
4.676738381385803223e-02
6.392536219209432602e-03
2.423559874296188354e-01
1.390802394598722458e-02
3.467327915132045746e-03
1.684909872710704803e-02
3.055277047678828239e-03
3.018308663740754128e-03
1.020106580108404160e-02
2.981777070090174675e-03
2.455355882644653320e+00
1.530206948518753052e-01
3.732935738298692740e-09
3.749018942471593618e-04
4.763190075755119324e-02
4.459975287318229675e-02
6.306141614913940430e-02
1.714555663056671619e-03
4.645882640033960342e-03
5.431595444679260254e-01
5.649997666478157043e-02
4.120830819010734558e-02
4.836706444621086121e-03
2.387117743492126465e-01
1.452974230051040649e-02
3.158165840432047844e-03
1.745289750397205353e-02
2.893883502110838890e-03
3.000902710482478142e-03
5.172469187527894974e-03
2.981957979500293732e-03
2.401014089584350586e+00
1.659357547760009766e-01
3.732935738298692740e-09
3.749782044906169176e-04
4.334746673703193665e-02
3.949607536196708679e-02
5.974081158638000488e-02
1.499640871770679951e-03
4.039229359477758408e-03
4.127887785434722900e-01
4.929714277386665344e-02
3.015152178704738617e-02
2.900742692872881889e-03
2.639911770820617676e-01
1.251568924635648727e-02
1.713341567665338516e-03
1.814844645559787750e-02
1.714517362415790558e-03
1.754046767018735409e-03
3.694044193252921104e-03
3.057541325688362122e-03
2.506834268569946289e+00
7.721234112977981567e-02
3.732935738298692740e-09
3.749028837773948908e-04
4.025488719344139099e-02
3.775889798998832703e-02
5.495610833168029785e-02
1.967547228559851646e-03
4.245762247592210770e-03
4.168439805507659912e-01
5.524522438645362854e-02
3.619707375764846802e-02
3.294125199317932129e-03
3.599412441253662109e-01
1.351660490036010742e-02
1.729050185531377792e-03
2.467161603271961212e-02
1.896976493299007416e-03
1.899209455586969852e-03
4.926346242427825928e-03
2.713000401854515076e-03
2.345373153686523438e+00
6.268802285194396973e-02
3.732935738298692740e-09
3.747589944396167994e-04
3.903936222195625305e-02
3.723294287919998169e-02
5.540366098284721375e-02
3.405227093026041985e-03
7.286943495273590088e-03
3.073688447475433350e-01
3.647366166114807129e-02
2.572293579578399658e-02
7.486276794224977493e-03
3.996345102787017822e-01
9.752213023602962494e-03
3.399477340281009674e-03
2.613506652414798737e-02
4.357457626610994339e-03
4.315615165978670120e-03
2.875809790566563606e-03
2.928577596321702003e-03
2.272933244705200195e+00
8.087557554244995117e-02
3.732935738298692740e-09
3.752099582925438881e-04
5.523473024368286133e-02
5.324518680572509766e-02
7.220701128244400024e-02
4.607721697539091110e-03
6.723035126924514771e-03
2.206131964921951294e-01
9.398742578923702240e-03
8.258887566626071930e-03
2.983652986586093903e-02
1.882952004671096802e-01
2.711883513256907463e-03
1.151551771908998489e-02
1.981512643396854401e-02
1.345538627356290817e-02
1.294021680951118469e-02
4.335203766822814941e-02
2.074187621474266052e-03
1.605584025382995605e+00
1.192908063530921936e-01
3.732935738298692740e-09
2.223434603365603834e-05
6.471214443445205688e-02
5.997318029403686523e-02
7.916235923767089844e-02
4.903527908027172089e-03
5.120792426168918610e-03
2.192522734403610229e-01
1.724243350327014923e-02
8.420258760452270508e-03
9.388820268213748932e-03
3.309555947780609131e-01
5.085130222141742706e-03
4.295787774026393890e-03
1.205542311072349548e-02
6.422384176403284073e-03
6.261691451072692871e-03
8.871610276401042938e-03
6.172065041027963161e-04
4.124957323074340820e-01
1.093882545828819275e-01
3.732935738298692740e-09
6.199913968885084614e-06
9.089725464582443237e-02
8.587360382080078125e-02
1.012099385261535645e-01
5.598956253379583359e-03
6.322186440229415894e-03
2.215631753206253052e-01
3.315378352999687195e-02
2.116281352937221527e-02
1.059691235423088074e-02
3.317503035068511963e-01
8.157775737345218658e-03
5.226347595453262329e-03
1.558461319655179977e-02
5.789077375084161758e-03
5.808599293231964111e-03
8.626872673630714417e-03
6.550599355250597000e-04
5.254601836204528809e-01
9.842122346162796021e-02
3.732935738298692740e-09
2.076273403872619383e-06
8.386931568384170532e-02
7.842718809843063354e-02
9.183572977781295776e-02
1.155277434736490250e-02
6.997406482696533203e-03
2.598561942577362061e-01
3.105567395687103271e-02
1.905977539718151093e-02
1.255124527961015701e-02
3.170502483844757080e-01
8.134517818689346313e-03
6.845330819487571716e-03
1.616828329861164093e-02
7.718709763139486313e-03
7.772489916533231735e-03
6.292580161243677139e-03
2.329090639250352979e-04
1.060292348265647888e-01
2.103123515844345093e-01
3.732935738298692740e-09
6.855730589450104162e-06
4.228463396430015564e-02
3.618713095784187317e-02
4.778271913528442383e-02
1.643538661301136017e-02
6.901498418301343918e-03
2.980172932147979736e-01
1.162304729223251343e-02
4.700813908129930496e-03
1.817713677883148193e-02
1.782895773649215698e-01
3.346416400745511055e-03
9.063879959285259247e-03
1.077012717723846436e-02
1.001687254756689072e-02
1.008538529276847839e-02
1.842692866921424866e-02
1.157024307758547366e-04
8.175735920667648315e-02
3.897303640842437744e-01
3.732935738298692740e-09
2.555657374614384025e-05
5.601646378636360168e-02
4.381995275616645813e-02
5.829997733235359192e-02
1.534443814307451248e-02
7.795455399900674820e-03
2.745179235935211182e-01
4.531056620180606842e-03
1.642127637751400471e-03
2.915174327790737152e-02
2.631509006023406982e-01
1.308707986027002335e-03
1.502612512558698654e-02
1.233494188636541367e-02
1.511751022189855576e-02
1.529149338603019714e-02
1.658901572227478027e-02
1.363815827062353492e-04
8.975472301244735718e-02
5.794953703880310059e-01
3.732935738298692740e-09
1.084518316929461434e-05
9.844186902046203613e-02
9.442355483770370483e-02
1.370916962623596191e-01
4.862213507294654846e-03
8.054583333432674408e-03
1.746714264154434204e-01
5.103108007460832596e-03
1.875585992820560932e-03
2.340886928141117096e-02
2.478294372558593750e-01
1.322572119534015656e-03
1.183380465954542160e-02
1.457278057932853699e-02
1.334120798856019974e-02
1.320047210901975632e-02
1.332675665616989136e-02
1.348347432212904096e-04
8.859816193580627441e-02
7.170335650444030762e-01
3.732935738298692740e-09
8.589526260038837790e-06
6.724851578474044800e-02
6.786755472421646118e-02
8.413112163543701172e-02
3.758244914934039116e-03
5.671201273798942566e-03
1.527433693408966064e-01
5.958470050245523453e-03
2.417361130937933922e-03
2.312200702726840973e-02
1.939998865127563477e-01
1.547409337945282459e-03
1.196901220828294754e-02
1.394638698548078537e-02
1.354822237044572830e-02
1.351303886622190475e-02
1.665460504591464996e-02
1.139626838266849518e-04
1.017350852489471436e-01
9.708879590034484863e-01
3.732935738298692740e-09
1.165786397905321792e-05
1.982495747506618500e-02
2.076944895088672638e-02
2.471867203712463379e-02
5.138461478054523468e-03
5.566856358200311661e-03
2.429933287203311920e-02
3.162508597597479820e-03
1.457184087485074997e-03
3.144046291708946228e-02
1.784559637308120728e-01
8.393069729208946228e-04
1.653633825480937958e-02
1.182486582547426224e-02
1.811286062002182007e-02
1.788989081978797913e-02
1.858184672892093658e-02
1.574873022036626935e-04
1.540900617837905884e-01
1.096467256546020508e+00
3.732935738298692740e-09
1.788040208339225501e-05
5.794470664113759995e-03
6.098959129303693771e-03
5.588726606220006943e-03
5.841394420713186264e-03
4.889639094471931458e-03
5.792960058897733688e-03
4.072989802807569504e-03
2.805381314828991890e-03
4.626436904072761536e-02
3.635528981685638428e-01
9.521517786197364330e-04
2.360988408327102661e-02
1.573810726404190063e-02
2.592923678457736969e-02
2.598559856414794922e-02
1.542049925774335861e-02
2.979347191285341978e-04
2.751313447952270508e-01
1.327448010444641113e+00
3.732935738298692740e-09
8.266169970738701522e-06
2.865968504920601845e-03
3.287280676886439323e-03
9.226637776009738445e-04
6.054468918591737747e-03
2.834132639691233635e-03
3.084952570497989655e-02
3.229062771424651146e-03
9.196759201586246490e-03
2.215127833187580109e-02
6.601197272539138794e-02
1.007721642963588238e-03
1.129982713609933853e-02
2.338799647986888885e-03
1.184468436986207962e-02
1.325026247650384903e-02
2.322972752153873444e-02
5.218501319177448750e-04
4.253292083740234375e-01
1.501695275306701660e+00
3.732935738298692740e-09
9.395917913934681565e-06
9.188793599605560303e-03
3.323776414617896080e-03
2.729213098064064980e-03
1.384851802140474319e-02
4.802685696631669998e-03
7.333984971046447754e-02
6.420154590159654617e-03
1.335899252444505692e-02
1.218480151146650314e-02
2.301099337637424469e-02
2.365830820053815842e-03
6.108226720243692398e-03
1.439581974409520626e-03
7.507618516683578491e-03
6.581861525774002075e-03
3.085443936288356781e-02
5.739210755564272404e-04
5.589266419410705566e-01
1.416701197624206543e+00
3.732935738298692740e-09
1.425735990778775886e-05
1.172321196645498276e-02
5.123647861182689667e-03
3.722946858033537865e-03
1.247829198837280273e-02
3.686675569042563438e-03
4.631635919213294983e-02
6.596391554921865463e-03
1.096942555159330368e-02
1.939880661666393280e-03
3.057115338742733002e-02
1.632638624869287014e-03
9.644792298786342144e-04
1.806981512345373631e-03
9.635731694288551807e-04
1.065311138518154621e-03
1.041551399976015091e-02
7.477542385458946228e-04
5.227530598640441895e-01
1.457522273063659668e+00
3.732935738298692740e-09
1.065457763615995646e-05
1.408958900719881058e-02
8.927804417908191681e-03
1.006389874964952469e-02
1.422876399010419846e-02
1.731972210109233856e-03
7.764279842376708984e-03
5.635088309645652771e-03
1.067797839641571045e-02
2.695969073101878166e-03
3.677089139819145203e-02
1.480667502619326115e-03
1.375954947434365749e-03
1.204928499646484852e-03
1.075379666872322559e-03
1.106735668145120144e-03
2.100110985338687897e-02
9.035112452693283558e-04
6.783010363578796387e-01
1.471333146095275879e+00
3.732935738298692740e-09
4.916551915812306106e-06
2.495269477367401123e-02
1.895895414054393768e-02
7.763273548334836960e-03
1.778407953679561615e-02
1.178186037577688694e-03
4.507806617766618729e-03
9.624426253139972687e-03
1.023492682725191116e-02
2.899531973525881767e-03
6.516025215387344360e-02
2.843135269358754158e-03
1.458171405829489231e-03
7.040845230221748352e-03
1.244783983565866947e-03
1.251064124517142773e-03
9.476129896938800812e-03
9.988253004848957062e-04
7.605881690979003906e-01
1.395427346229553223e+00
3.732935738298692740e-09
2.518076144042424858e-06
5.764034390449523926e-02
4.550957679748535156e-02
1.962806098163127899e-02
2.344895899295806885e-02
6.845137104392051697e-04
1.387130003422498703e-02
1.741457544267177582e-02
1.711946539580821991e-02
1.398131716996431351e-03
8.543141931295394897e-02
5.323182325810194016e-03
9.829056216403841972e-04
1.036293804645538330e-02
1.054237247444689274e-03
1.032203785143792629e-03
2.660947851836681366e-02
1.274884096346795559e-03
8.506881594657897949e-01
1.412065982818603516e+00
3.732935738298692740e-09
8.270077159977518022e-06
5.738338828086853027e-02
5.476103350520133972e-02
2.261457033455371857e-02
4.333895072340965271e-02
5.906189326196908951e-04
5.641306936740875244e-02
2.609819732606410980e-02
2.579471282660961151e-02
2.207025326788425446e-02
1.289032697677612305e-01
8.161292411386966705e-03
9.913978166878223419e-03
1.492980495095252991e-02
9.412036277353763580e-03
8.899538777768611908e-03
3.418220952153205872e-02
1.010595471598207951e-03
4.811270236968994141e-01
1.880440711975097656e+00
3.732935738298692740e-09
5.777226874670304824e-08
6.680309772491455078e-02
5.783360078930854797e-02
2.394596673548221588e-02
7.796586304903030396e-02
4.929719143547117710e-04
4.573479294776916504e-02
3.246952593326568604e-02
2.918950654566287994e-02
1.159904990345239639e-03
1.443064361810684204e-01
1.048057805746793747e-02
5.152206285856664181e-04
1.623913645744323730e-02
5.176956765353679657e-04
5.289411637932062149e-04
2.446499280631542206e-02
1.052208361215889454e-03
4.961835443973541260e-01
1.437134861946105957e+00
3.732935738298692740e-09
5.777226874670304824e-08
5.796374380588531494e-02
5.219424143433570862e-02
3.485782817006111145e-02
8.575475215911865234e-02
3.683682007249444723e-04
1.949816569685935974e-02
3.454722836613655090e-02
2.848098240792751312e-02
9.613008587621152401e-04
1.688767820596694946e-01
9.943104349076747894e-03
6.753094494342803955e-04
1.841893605887889862e-02
1.240687095560133457e-03
1.186532084830105305e-03
2.492086030542850494e-02
1.042273943312466145e-03
7.629206776618957520e-01
1.905339241027832031e+00
3.732935738298692740e-09
5.777226874670304824e-08
9.679209440946578979e-02
8.050549030303955078e-02
5.815137550234794617e-02
9.032092243432998657e-02
3.252226160839200020e-04
4.318692162632942200e-02
3.742467984557151794e-02
3.000081144273281097e-02
6.748207379132509232e-03
1.680806279182434082e-01
1.060559693723917007e-02
2.152197994291782379e-03
1.837026141583919525e-02
4.214776214212179184e-03
4.396239761263132095e-03
2.191693522036075592e-02
1.167998299933969975e-03
6.980533003807067871e-01
1.130118846893310547e+00
3.732935738298692740e-09
5.777226874670304824e-08
1.095492243766784668e-01
9.581927210092544556e-02
8.622793108224868774e-02
9.399466961622238159e-02
4.671266360674053431e-04
2.281817793846130371e-02
3.432261198759078979e-02
3.084605373442173004e-02
4.063117783516645432e-03
1.764763593673706055e-01
9.903606958687305450e-03
9.553350508213043213e-03
1.912225969135761261e-02
9.792410768568515778e-03
8.946882560849189758e-03
2.494765818119049072e-02
9.155305451713502407e-04
5.877830982208251953e-01
8.746299743652343750e-01
3.732935738298692740e-09
5.777226874670304824e-08
1.045992448925971985e-01
9.039551019668579102e-02
7.510650902986526489e-02
1.076569184660911560e-01
9.349118918180465698e-04
3.487643599510192871e-02
4.084090143442153931e-02
3.830071166157722473e-02
5.503948777914047241e-03
1.535146534442901611e-01
1.193974446505308151e-02
9.647253900766372681e-04
1.886532455682754517e-02
5.145484465174376965e-04
8.951506461016833782e-04
2.971879392862319946e-02
1.554471906274557114e-03
8.121344447135925293e-01
9.720225334167480469e-01
3.732935738298692740e-09
5.777226874670304824e-08
9.998335689306259155e-02
8.665317296981811523e-02
8.623985201120376587e-02
1.229913458228111267e-01
1.553227193653583527e-03
3.006196208298206329e-02
4.677373170852661133e-02
4.502006992697715759e-02
5.691004451364278793e-03
1.958079338073730469e-01
1.368873659521341324e-02
1.905454206280410290e-03
1.983206719160079956e-02
2.734889043495059013e-03
2.643764717504382133e-03
3.939614072442054749e-02
6.316196522675454617e-04
3.601381480693817139e-01
9.432179331779479980e-01
3.732935738298692740e-09
5.777226874670304824e-08
1.595487147569656372e-01
1.370562165975570679e-01
7.739367336034774780e-02
1.320208758115768433e-01
1.775423996150493622e-03
1.831462979316711426e-02
5.981410667300224304e-02
5.786412954330444336e-02
3.965293522924184799e-03
2.525374591350555420e-01
1.680128835141658783e-02
1.567638129927217960e-03
2.466400898993015289e-02
1.694052596576511860e-03
1.717666513286530972e-03
5.233348533511161804e-02
4.892922588624060154e-04
2.619417607784271240e-01
1.173212170600891113e+00
3.732935738298692740e-09
5.777226874670304824e-08
1.805686801671981812e-01
1.563978940248489380e-01
9.455015510320663452e-02
1.292572766542434692e-01
1.714591518975794315e-03
1.990194804966449738e-02
7.115446776151657104e-02
7.086435705423355103e-02
5.078976508229970932e-03
3.341107666492462158e-01
1.928934268653392792e-02
2.302286215126514435e-03
3.043301589787006378e-02
2.462740521878004074e-03
2.492639934644103050e-03
6.494860351085662842e-02
3.351888444740325212e-04
2.254549264907836914e-01
1.539287686347961426e+00
3.732935738298692740e-09
5.777226874670304824e-08
2.115885019302368164e-01
1.893381029367446899e-01
1.160252690315246582e-01
1.403210461139678955e-01
2.163554774597287178e-03
2.568679302930831909e-02
7.925177365541458130e-02
8.172542601823806763e-02
4.299635533243417740e-03
4.574858844280242920e-01
2.177745103836059570e-02
1.835360657423734665e-03
3.953633457422256470e-02
2.166661201044917107e-03
1.998065738007426262e-03
7.592868059873580933e-02
2.291549608344212174e-04
1.411426216363906860e-01
1.927383542060852051e+00
3.732935738298692740e-09
5.777226874670304824e-08
2.297200560569763184e-01
2.089226990938186646e-01
1.270234733819961548e-01
1.447000503540039062e-01
2.947114408016204834e-03
1.982100680470466614e-02
9.562069922685623169e-02
9.029261022806167603e-02
5.386997014284133911e-03
4.617477655410766602e-01
2.579895220696926117e-02
2.454533474519848824e-03
3.375887498259544373e-02
2.463693963363766670e-03
2.476803259924054146e-03
8.797883987426757812e-02
1.932760351337492466e-04
1.271432787179946899e-01
1.227993130683898926e+00
3.732935738298692740e-09
2.870591729879379272e-02
2.004840373992919922e-01
1.724891662597656250e-01
9.453680366277694702e-02
1.969183236360549927e-01
4.097945522516965866e-03
1.567678898572921753e-02
8.673981577157974243e-02
8.445948362350463867e-02
5.455179605633020401e-03
4.108557701110839844e-01
2.380778826773166656e-02
2.533852122724056244e-03
2.961900644004344940e-02
2.656431170180439949e-03
2.685752697288990021e-03
8.963225036859512329e-02
1.751228119246661663e-04
1.369488835334777832e-01
1.269057154655456543e+00
3.732935738298692740e-09
5.228980183601379395e-01
4.499751329421997070e-02
4.209896549582481384e-02
2.754416875541210175e-02
1.614749133586883545e-01
4.565982613712549210e-03
1.909741200506687164e-02
9.747693687677383423e-02
1.005017161369323730e-01
6.043924484401941299e-03
4.879237413406372070e-01
2.436822466552257538e-02
2.319022081792354584e-03
2.800808288156986237e-02
2.376188291236758232e-03
2.478442620486021042e-03
1.130255833268165588e-01
1.543328544357791543e-04
1.401582807302474976e-01
1.421386122703552246e+00
3.732935738298692740e-09
5.228970050811767578e-01
5.949124321341514587e-02
4.383036494255065918e-02
2.144591510295867920e-02
1.081011816859245300e-01
5.768789444118738174e-03
2.520071901381015778e-02
1.243085041642189026e-01
1.291088461875915527e-01
1.566112041473388672e-02
6.070447564125061035e-01
3.848360851407051086e-02
7.478134240955114365e-03
3.626596927642822266e-02
7.765148300677537918e-03
7.742291782051324844e-03
1.585159897804260254e-01
1.579100644448772073e-04
1.005934998393058777e-01
1.491841435432434082e+00
3.732935738298692740e-09
5.229128003120422363e-01
1.080210432410240173e-01
1.017637774348258972e-01
6.432560831308364868e-02
1.793879717588424683e-01
6.983935832977294922e-03
4.101883992552757263e-02
2.268851250410079956e-01
3.410262167453765869e-01
6.680436898022890091e-03
1.459313511848449707e+00
7.581529766321182251e-02
3.081937087699770927e-03
1.117828264832496643e-01
3.253412432968616486e-03
3.311913460493087769e-03
2.797398567199707031e-01
1.213651485159061849e-04
1.515194177627563477e-01
1.748967528343200684e+00
3.732935738298692740e-09
5.229157805442810059e-01
1.515366435050964355e-01
1.377012580633163452e-01
6.131839752197265625e-02
1.944927573204040527e-01
7.799545768648386002e-03
5.341606959700584412e-02
2.292774766683578491e-01
2.374002188444137573e-01
9.597573429346084595e-03
1.218453764915466309e+00
5.732710286974906921e-02
4.834371153265237808e-03
8.235552161931991577e-02
5.144825205206871033e-03
5.032905843108892441e-03
2.375921458005905151e-01
2.021543332375586033e-04
1.975190043449401855e-01
1.857123970985412598e+00
3.732935738298692740e-09
5.229180455207824707e-01
9.177192300558090210e-02
8.147194236516952515e-02
4.812690615653991699e-02
2.724477052688598633e-01
8.716295473277568817e-03
4.208828508853912354e-02
2.315595597028732300e-01
2.609802186489105225e-01
2.069268375635147095e-02
9.768271446228027344e-01
6.059255078434944153e-02
1.089555118232965469e-02
8.162534236907958984e-02
9.973138570785522461e-03
1.027497276663780212e-02
3.308540880680084229e-01
1.051406434271484613e-04
5.202854052186012268e-02
1.882960677146911621e+00
3.732935738298692740e-09
5.229116082191467285e-01
2.422067523002624512e-02
2.357039414346218109e-02
1.567216776311397552e-02
2.821691036224365234e-01
7.703001145273447037e-03
2.715531550347805023e-02
1.437611728906631470e-01
1.540522426366806030e-01
1.137794088572263718e-02
6.646997332572937012e-01
3.665991500020027161e-02
5.276034120470285416e-03
4.573154449462890625e-02
5.336286500096321106e-03
5.278421100229024887e-03
1.606872975826263428e-01
9.955000132322311401e-05
8.337023109197616577e-02
1.822343826293945312e+00
3.732935738298692740e-09
5.229160785675048828e-01
5.005468148738145828e-03
5.066626239567995071e-03
1.986504998058080673e-03
1.728007793426513672e-01
7.742913905531167984e-03
2.276155352592468262e-02
8.184915035963058472e-02
8.390814065933227539e-02
7.843564264476299286e-03
4.532178938388824463e-01
1.859999261796474457e-02
3.828176297247409821e-03
2.258972637355327606e-02
3.779201069846749306e-03
3.786729881539940834e-03
8.430991321802139282e-02
1.446385722374543548e-04
1.192298606038093567e-01
2.334638595581054688e+00
3.732935738298692740e-09
5.229231715202331543e-01
6.716193165630102158e-03
8.432555943727493286e-03
2.173849381506443024e-03
3.071505762636661530e-02
6.215734872967004776e-03
3.616563975811004639e-02
3.819393739104270935e-02
4.127721861004829407e-02
9.485409595072269440e-03
2.892498075962066650e-01
8.694316260516643524e-03
4.588420502841472626e-03
1.380973588675260544e-02
4.444423597306013107e-03
4.478080198168754578e-03
3.905633464455604553e-02
1.445005764253437519e-04
1.581557393074035645e-01
2.252236127853393555e+00
3.732935738298692740e-09
5.229354500770568848e-01
1.049956306815147400e-02
1.310231070965528488e-02
6.738541182130575180e-03
2.196514047682285309e-02
7.895990274846553802e-03
1.601331867277622223e-02
1.055900752544403076e-02
1.364086288958787918e-02
1.882871985435485840e-02
1.696127206087112427e-01
3.328070743009448051e-03
7.507758680731058121e-03
8.434486575424671173e-03
7.112583611160516739e-03
7.200462277978658676e-03
6.798794958740472794e-03
1.031231586239300668e-04
6.128873303532600403e-02
2.280971288681030273e+00
3.732935738298692740e-09
5.229427218437194824e-01
1.572214998304843903e-02
2.141651511192321777e-02
7.028348278254270554e-03
6.176800932735204697e-03
7.329545449465513229e-03
1.682064123451709747e-02
1.882310770452022552e-02
1.911717094480991364e-02
3.060427866876125336e-02
1.672343462705612183e-01
1.273598405532538891e-03
1.592683978378772736e-02
5.054356530308723450e-03
1.535050850361585617e-02
1.531957834959030151e-02
5.880026612430810928e-03
8.173804963007569313e-05
6.724426150321960449e-02
1.714264869689941406e+00
3.732935738298692740e-09
5.229453444480895996e-01
2.470256574451923370e-02
2.410038746893405914e-02
6.297916173934936523e-03
1.441826391965150833e-02
7.546082604676485062e-03
2.751292288303375244e-02
2.291766740381717682e-02
2.485870383679866791e-02
9.173660725355148315e-02
1.902163773775100708e-01
4.956625867635011673e-03
4.263780638575553894e-02
8.678492158651351929e-03
4.124212265014648438e-02
4.080737754702568054e-02
1.903077214956283569e-02
1.157711449195630848e-04
5.859807506203651428e-02
1.685141921043395996e+00
3.732935738298692740e-09
5.229505896568298340e-01
1.896602287888526917e-02
1.693196780979633331e-02
7.693944033235311508e-03
1.917436718940734863e-02
4.538061562925577164e-03
7.530391216278076172e-02
6.802242249250411987e-03
6.099102552980184555e-03
8.643532544374465942e-02
2.255030721426010132e-01
2.723261713981628418e-03
3.728197142481803894e-02
1.640904881060123444e-02
3.586881235241889954e-02
3.583647683262825012e-02
2.144377492368221283e-02
8.581215661251917481e-05
6.574596464633941650e-02
1.545142292976379395e+00
3.732935738298692740e-09
5.229542851448059082e-01
3.445992246270179749e-02
3.064774908125400543e-02
1.131363958120346069e-02
3.216483816504478455e-02
2.573882462456822395e-03
4.721393063664436340e-02
2.346900291740894318e-03
5.907159298658370972e-03
6.709512323141098022e-02
2.277768850326538086e-01
1.055057975463569164e-03
3.264169767498970032e-02
1.959430053830146790e-02
2.855394221842288971e-02
2.775368094444274902e-02
1.162550132721662521e-02
6.033212412148714066e-05
5.642486736178398132e-02
1.408272743225097656e+00
3.732935738298692740e-09
1.571590423583984375e+00
6.092482805252075195e-02
3.999971225857734680e-02
1.614680327475070953e-02
2.281472086906433105e-02
1.844854094088077545e-03
5.028696730732917786e-02
6.107549648731946945e-03
7.416587788611650467e-03
6.296596676111221313e-02
3.375890254974365234e-01
2.033694647252559662e-03
3.043893910944461823e-02
2.497863210737705231e-02
2.952518500387668610e-02
2.918411977589130402e-02
1.894187368452548981e-02
4.931171497446484864e-05
3.176813200116157532e-02
1.496399521827697754e+00
3.732935738298692740e-09
1.571579098701477051e+00
6.892526149749755859e-02
4.552226141095161438e-02
2.247142232954502106e-02
6.006039213389158249e-03
1.911398023366928101e-03
7.115373760461807251e-02
9.707774035632610321e-03
1.577636785805225372e-02
4.893821477890014648e-02
3.442128598690032959e-01
3.529491601511836052e-03
2.584438957273960114e-02
3.810671344399452209e-02
2.442727424204349518e-02
2.424691058695316315e-02
6.196643412113189697e-02
6.204274541232734919e-05
3.785315528512001038e-02
1.513331770896911621e+00
3.732935738298692740e-09
1.660618185997009277e+00
7.441783696413040161e-02
6.103749945759773254e-02
2.976224385201931000e-02
5.032190587371587753e-03
1.008238294161856174e-03
1.024620309472084045e-01
1.262374315410852432e-02
2.368381060659885406e-02
4.343632236123085022e-02
4.298079013824462891e-01
4.809044767171144485e-03
2.339942008256912231e-02
2.168173156678676605e-02
1.830547116696834564e-02
1.778397709131240845e-02
6.655611097812652588e-02
6.278518412727862597e-05
3.322142735123634338e-02
1.585292220115661621e+00
6.909021735191345215e-02
2.495871543884277344e+00
1.261797249317169189e-01
1.042946279048919678e-01
6.095354631543159485e-02
4.331659991294145584e-03
1.039864495396614075e-03
9.328758716583251953e-02
4.836143925786018372e-03
6.414996460080146790e-03
5.203261971473693848e-02
6.712316870689392090e-01
3.384315408766269684e-03
2.732293307781219482e-02
2.102141641080379486e-02
2.624537609517574310e-02
2.618607133626937866e-02
6.506378203630447388e-02
6.683912215521559119e-05
7.145217806100845337e-02
1.643628954887390137e+00
1.658155769109725952e-01
4.048450469970703125e+00
1.805361062288284302e-01
1.649671643972396851e-01
9.105505794286727905e-02
2.098625898361206055e-02
1.705143949948251247e-03
3.639625012874603271e-02
1.694680191576480865e-02
2.579428069293498993e-02
3.460099920630455017e-02
4.765903055667877197e-01
9.162750095129013062e-03
2.244987152516841888e-02
3.370209038257598877e-02
1.824925839900970459e-02
1.864660345017910004e-02
2.798280119895935059e-02
1.403989008395001292e-04
1.122451648116111755e-01
1.721736788749694824e+00
2.003673762083053589e-01
5.053554534912109375e+00
1.755483150482177734e-01
1.594358384609222412e-01
1.003240644931793213e-01
1.777571253478527069e-02
2.132688416168093681e-03
7.976003736257553101e-02
1.088139787316322327e-02
1.267811935395002365e-02
3.115806914865970612e-02
2.741910517215728760e-01
5.173693876713514328e-03
2.625765465199947357e-02
2.435824275016784668e-02
2.705767005681991577e-02
2.723748423159122467e-02
2.896081097424030304e-02
8.941115083871409297e-05
7.626915723085403442e-02
1.753824591636657715e+00
2.211041897535324097e-01
6.225095272064208984e+00
6.085040047764778137e-02
5.517299845814704895e-02
3.776986524462699890e-02
1.378183811902999878e-02
3.850955516099929810e-03
3.941503539681434631e-02
1.766509376466274261e-02
2.474257349967956543e-02
3.020994924008846283e-02
1.893166750669479370e-01
4.001450724899768829e-03
1.256901677697896957e-02
1.400418952107429504e-02
1.132610440254211426e-02
1.139279361814260483e-02
2.319878339767456055e-02
4.125658233533613384e-05
2.628459595143795013e-02
1.367968082427978516e+00
2.349275201559066772e-01
7.759587764739990234e+00
1.280892267823219299e-02
1.248966064304113388e-02
8.032112382352352142e-03
5.199416540563106537e-03
1.489231013692915440e-03
3.766041621565818787e-02
1.010725367814302444e-02
8.612501434981822968e-03
4.831391945481300354e-02
1.534477174282073975e-01
2.335837809368968010e-03
2.804044447839260101e-02
5.808074027299880981e-03
3.005720116198062897e-02
3.108817338943481445e-02
2.130418783053755760e-03
4.468218321562744677e-05
3.048796951770782471e-02
1.353809237480163574e+00
2.487445622682571411e-01
8.716691970825195312e+00
1.457659434527158737e-02
1.431236136704683304e-02
7.820873521268367767e-03
1.058857142925262451e-02
1.244935556314885616e-03
1.192963216453790665e-02
6.545847281813621521e-03
4.942186176776885986e-03
2.756790071725845337e-02
7.649522274732589722e-02
7.771107484586536884e-04
1.729858852922916412e-02
2.445473102852702141e-03
1.751785911619663239e-02
1.788249053061008453e-02
2.082758815959095955e-03
5.162119123269803822e-05
2.660121209919452667e-02
1.546924591064453125e+00
2.487407773733139038e-01
8.511548042297363281e+00
2.606607042253017426e-02
2.804179489612579346e-02
1.803761906921863556e-02
8.180209435522556305e-03
1.147813280113041401e-03
1.427447330206632614e-02
1.914347149431705475e-02
1.751689612865447998e-02
2.545925788581371307e-02
3.825152292847633362e-02
3.843309357762336731e-03
1.649057865142822266e-02
1.257605734281241894e-03
1.911452226340770721e-02
1.999172568321228027e-02
5.925492849200963974e-03
4.123603503103367984e-05
3.547168895602226257e-02
1.539432048797607422e+00
2.487402111291885376e-01
8.652889251708984375e+00
2.586719952523708344e-02
2.899835072457790375e-02
1.891770027577877045e-02
1.626523770391941071e-02
2.258307766169309616e-03
1.309529063291847706e-03
2.263890206813812256e-02
1.643815450370311737e-02
4.186854884028434753e-02
1.359012350440025330e-02
5.686575081199407578e-03
2.147407643496990204e-02
7.901398348622024059e-04
2.128290943801403046e-02
1.377274096012115479e-02
1.067462936043739319e-02
5.153566598892211914e-05
4.737821593880653381e-02
1.693649888038635254e+00
2.487404197454452515e-01
8.771603584289550781e+00
1.592247746884822845e-02
1.672675646841526031e-02
1.141938939690589905e-02
1.712552271783351898e-02
2.559718675911426544e-03
7.397300098091363907e-03
8.143397979438304901e-03
6.509492173790931702e-03
5.271645728498697281e-03
4.963061306625604630e-03
2.337561687454581261e-03
2.603337867185473442e-03
4.058959893882274628e-04
3.096712520346045494e-03
3.209171583876013756e-03
5.120397079735994339e-03
4.627911766874603927e-05
3.286271914839744568e-02
1.731466293334960938e+00
2.487445920705795288e-01
9.115509986877441406e+00
1.128899212926626205e-02
1.263901125639677048e-02
6.522500421851873398e-03
3.759759478271007538e-03
2.887126291170716286e-03
1.661462150514125824e-02
4.466263111680746078e-03
2.872849116101861000e-03
3.836652496829628944e-03
3.388381795957684517e-03
2.091085305437445641e-03
6.019940483383834362e-04
3.231787704862654209e-04
6.071169627830386162e-04
7.036746828816831112e-04
4.018914885818958282e-03
4.716996409115381539e-05
3.579594194889068604e-02
1.691268563270568848e+00
2.487509101629257202e-01
9.028321266174316406e+00
1.568215340375900269e-02
1.593852974474430084e-02
1.197274681180715561e-02
1.344240084290504456e-02
2.729941857978701591e-03
1.928057149052619934e-02
1.579239615239202976e-03
7.194078061729669571e-03
1.142167672514915466e-02
2.764329127967357635e-02
3.213665040675550699e-04
5.589685868471860886e-03
9.451496880501508713e-04
5.550201982259750366e-03
5.718583706766366959e-03
2.213787101209163666e-02
6.871530058560892940e-05
3.119715489447116852e-02
1.858423233032226562e+00
2.487572878599166870e-01
9.724011421203613281e+00
2.853137813508510590e-02
3.276132419705390930e-02
1.918645389378070831e-02
3.361428156495094299e-02
2.427482279017567635e-03
7.171993609517812729e-03
1.628585509024560452e-03
1.037355861626565456e-03
4.490164108574390411e-03
2.704469300806522369e-02
3.943248593714088202e-04
5.077864509075880051e-03
1.226047170348465443e-03
5.776338744908571243e-03
5.956118460744619370e-03
1.490712165832519531e-02
5.936890738666988909e-05
6.508687883615493774e-02
2.159969568252563477e+00
2.487673014402389526e-01
1.059217262268066406e+01
1.317303534597158432e-02
1.715978048741817474e-02
1.018232107162475586e-02
8.279497735202312469e-03
2.453746739774942398e-03
8.500310592353343964e-03
2.927869558334350586e-03
1.263525453396141529e-03
1.954674953594803810e-03
1.121167209930717945e-03
6.689699948765337467e-04
1.252767280675470829e-03
1.683579321252182126e-04
1.217834069393575191e-03
1.319695264101028442e-03
4.050895571708679199e-03
2.915977347583975643e-05
2.088567055761814117e-02
2.299836397171020508e+00
2.695030272006988525e-01
7.444723129272460938e+00
5.463728215545415878e-03
6.210494786500930786e-03
3.711126046255230904e-03
2.314959885552525520e-03
1.724118948914110661e-03
1.355757284909486771e-02
4.078239668160676956e-03
1.476735458709299564e-03
4.120931494981050491e-03
1.768140355125069618e-04
8.555527892895042896e-04
5.793204996734857559e-03
2.254766877740621567e-05
5.644498858600854874e-03
5.347664933651685715e-03
4.728167841676622629e-04
2.151799708371981978e-05
1.579225808382034302e-02
2.616935014724731445e+00
2.764114141464233398e-01
1.015113735198974609e+01
1.305375364609062672e-03
1.380378380417823792e-03
4.484337987378239632e-04
5.356002599000930786e-03
2.472276100888848305e-03
2.248778007924556732e-02
4.248105396982282400e-04
3.045054036192595959e-04
3.155298531055450439e-03
2.775114262476563454e-05
1.082138260244391859e-04
6.386245135217905045e-03
2.870397111109923571e-05
5.508208181709051132e-03
5.822972860187292099e-03
2.140107564628124237e-03
2.435445640003308654e-05
1.595668680965900421e-02
2.656216382980346680e+00
2.764058411121368408e-01
8.491137504577636719e+00
1.590881496667861938e-03
1.622348674573004246e-03
3.132333804387599230e-04
3.506350098177790642e-03
1.622867421247065067e-03
3.643180057406425476e-02
4.617921367753297091e-04
2.043049898929893970e-04
3.925066441297531128e-03
4.610154428519308567e-05
1.272255758522078395e-04
2.482444746419787407e-03
1.314291421294910833e-05
2.189096296206116676e-03
1.988745527341961861e-03
9.486210183240473270e-04
1.930843973241280764e-05
1.646026410162448883e-02
1.962632298469543457e+00
1.568097621202468872e-01
5.545851230621337891e+00
2.981100929901003838e-03
3.385613905265927315e-03
9.245586115866899490e-04
4.304344765841960907e-03
1.147705013863742352e-03
6.713020801544189453e-02
3.033649700228124857e-04
2.693268470466136932e-04
8.582155569456517696e-04
6.547128577949479222e-06
9.336091898148879409e-05
7.397963781841099262e-04
1.987233008549083024e-05
5.797390476800501347e-04
5.582013982348144054e-04
1.146005815826356411e-03
2.110169043589849025e-05
1.682418026030063629e-02
2.591524124145507812e+00
8.557335287332534790e-02
4.651458263397216797e+00
7.740428205579519272e-03
8.167230524122714996e-03
2.348709851503372192e-03
6.454260554164648056e-03
1.175331301055848598e-03
1.100245397537946701e-02
4.602835106197744608e-04
3.740237152669578791e-04
2.311355201527476311e-03
4.377685763756744564e-05
1.092256497940979898e-04
3.268475702498108149e-04
1.787832115951459855e-05
3.361745912116020918e-04
5.816995399072766304e-04
7.951073348522186279e-04
1.935727595991920680e-05
1.425753068178892136e-02
1.841546654701232910e+00
6.765054911375045776e-02
4.128184318542480469e+00
5.642936099320650101e-03
4.942626692354679108e-03
9.681179071776568890e-04
4.640131723135709763e-03
8.685935172252357006e-04
3.362573310732841492e-02
4.928983398713171482e-04
4.215167136862874031e-04
8.288915269076824188e-04
8.965172310126945376e-05
1.192427662317641079e-04
3.357921086717396975e-04
3.702384128700941801e-05
2.831780002452433109e-04
2.718226460274308920e-04
2.415766706690192223e-03
2.872052391467150301e-05
1.623032242059707642e-02
1.544155716896057129e+00
5.699945613741874695e-02
4.308537006378173828e+00
6.543213035911321640e-03
6.766294594854116440e-03
1.029324135743081570e-03
3.567144274711608887e-03
3.825383901130408049e-04
5.081041529774665833e-02
4.214531800244003534e-04
8.354322053492069244e-04
9.800117695704102516e-04
2.418003168713767081e-05
9.886812040349468589e-05
3.298839146737009287e-04
5.785119719803333282e-05
3.750523028429597616e-04
4.426604136824607849e-04
3.037805436179041862e-03
7.939019997138530016e-05
4.013286903500556946e-02
1.880466461181640625e+00
5.514363572001457214e-02
3.565305471420288086e+00
1.181758660823106766e-02
1.326009165495634079e-02
2.545291325077414513e-03
3.399506444111466408e-03
6.454925169236958027e-04
2.852882444858551025e-02
9.494009427726268768e-04
1.507768873125314713e-03
1.632237806916236877e-03
2.794213651213794947e-05
2.094956143992021680e-04
8.644675835967063904e-04
1.046546967700123787e-04
9.161857888102531433e-04
9.285623091273009777e-04
3.810117952525615692e-03
1.010550768114626408e-04
5.233906209468841553e-02
1.974928259849548340e+00
3.650559857487678528e-02
3.358130693435668945e+00
1.995905302464962006e-02
2.068454585969448090e-02
3.369580954313278198e-03
7.010737434029579163e-03
4.400680772960186005e-04
2.778463624417781830e-02
9.408549522049725056e-04
4.876926250290125608e-04
8.708133245818316936e-04
9.405624041392002255e-06
2.319862396689131856e-04
4.696520045399665833e-04
7.589667802676558495e-05
4.535310145001858473e-04
4.656156525015830994e-04
5.527089815586805344e-04
1.253883674507960677e-04
5.896201729774475098e-02
1.970267295837402344e+00
2.779129333794116974e-02
2.823467493057250977e+00
1.550172548741102219e-02
1.549919694662094116e-02
8.143979124724864960e-03
6.656124722212553024e-03
8.074429351836442947e-04
2.977184019982814789e-02
1.597367809154093266e-03
1.218973775394260883e-03
1.470456714741885662e-03
1.187788657261990011e-04
3.776696976274251938e-04
9.398477268405258656e-04
6.609185220440849662e-05
9.053931571543216705e-04
9.004075545817613602e-04
1.297511975280940533e-03
1.457144244341179729e-04
7.462446391582489014e-02
2.193987607955932617e+00
2.773959934711456299e-02
3.181933641433715820e+00
1.335292030125856400e-02
1.312019303441047668e-02
1.114800851792097092e-02
8.857545442879199982e-03
1.020002164295874536e-04
2.092936448752880096e-02
1.722625922411680222e-03
1.272557419724762440e-03
1.659659319557249546e-03
3.762812411878257990e-04
4.901469801552593708e-04
9.600938647054135799e-04
5.439472806756384671e-05
1.093292725272476673e-03
1.124685746617615223e-03
5.246402579359710217e-04
1.886416430352255702e-04
9.872033447027206421e-02
2.617240667343139648e+00
3.027500770986080170e-02
3.162386655807495117e+00
3.726711124181747437e-02
3.826704993844032288e-02
2.487160265445709229e-02
1.162486243993043900e-02
1.878115581348538399e-04
1.889644749462604523e-02
1.570806838572025299e-03
6.226936820894479752e-04
1.400743611156940460e-03
2.843012043740600348e-04
4.904426750726997852e-04
7.341086748056113720e-04
1.532459718873724341e-04
8.867392316460609436e-04
7.859087199904024601e-04
7.177468505688011646e-04
1.883672521216794848e-04
1.011511310935020447e-01
2.285351991653442383e+00
2.691782824695110321e-02
2.648050546646118164e+00
5.892017483711242676e-02
6.089262664318084717e-02
2.783577889204025269e-02
1.743022538721561432e-02
1.604020508239045739e-04
1.955814287066459656e-02
6.635432597249746323e-03
5.376412998884916306e-03
3.774873213842511177e-03
1.300683506997302175e-04
1.586894970387220383e-03
2.280085347592830658e-03
1.427247625542804599e-04
2.495594555512070656e-03
2.954260678961873055e-03
1.251858775503933430e-03
2.130512584699317813e-04
9.773596376180648804e-02
2.001143932342529297e+00
2.978073619306087494e-02
2.589075326919555664e+00
2.230713330209255219e-02
2.518838644027709961e-02
1.871658116579055786e-02
2.060067653656005859e-02
6.028939969837665558e-05
9.098614566028118134e-03
6.047563161700963974e-03
3.980639856308698654e-03
2.926315413787961006e-03
1.088561039068736136e-04
1.402106485329568386e-03
2.494316780939698219e-03
7.029016705928370357e-05
2.610084600746631622e-03
2.164100995287299156e-03
1.544411759823560715e-03
2.069977344945073128e-04
9.430382400751113892e-02
2.111833572387695312e+00
3.265642747282981873e-02
2.585307836532592773e+00
2.091771690174937248e-03
2.278524218127131462e-03
1.636296510696411133e-03
7.488806266337633133e-03
8.590455399826169014e-05
1.339965406805276871e-02
1.218478195369243622e-03
5.250784452073276043e-04
1.214030547998845577e-03
2.027305890806019306e-05
3.225416294299066067e-04
5.662238108925521374e-04
6.631963333347812295e-05
6.928432849235832691e-04
5.139444838277995586e-04
5.555582465603947639e-04
2.102176222251728177e-04
9.830413013696670532e-02
2.209051370620727539e+00
3.077242709696292877e-02
2.380379915237426758e+00
1.416171900928020477e-03
1.292549655772745609e-03
8.313783910125494003e-04
1.293093245476484299e-02
1.190918264910578728e-04
1.532842498272657394e-02
1.569355488754808903e-03
8.352119475603103638e-04
1.222060178406536579e-03
7.403243102999113034e-07
4.102935781702399254e-04
6.435118266381323338e-04
2.179645889555104077e-06
6.905979826115071774e-04
6.647394038736820221e-04
1.239472534507513046e-03
2.463958517182618380e-04
1.079339012503623962e-01
2.052524328231811523e+00
3.227136656641960144e-02
2.241555452346801758e+00
2.872520126402378082e-03
3.396944375708699226e-03
2.531507285311818123e-03
1.273909304291009903e-02
1.195624863612465560e-04
1.569113880395889282e-02
2.383778803050518036e-03
1.082499162293970585e-03
1.347172423265874386e-03
1.011533754535776097e-06
6.775279180146753788e-04
7.458536420017480850e-04
2.069084985123481601e-06
7.642680429853498936e-04
7.661132258363068104e-04
1.462676562368869781e-03
2.933996438514441252e-04
1.495813429355621338e-01
2.436076164245605469e+00
3.172951564192771912e-02
1.100362658500671387e+00
4.715721588581800461e-03
5.716126412153244019e-03
3.716444829478859901e-03
1.618103124201297760e-02
1.761739695211872458e-04
3.133185580372810364e-02
1.653341692872345448e-03
1.474267453886568546e-03
1.559305819682776928e-03
1.272467102353402879e-06
3.885356418322771788e-04
9.208943811245262623e-04
2.103382939822040498e-06
1.017070375382900238e-03
1.056411187164485455e-03
2.243058057501912117e-03
2.825614355970174074e-04
1.534827351570129395e-01
2.198729991912841797e+00
2.179123274981975555e-02
7.563375830650329590e-01
4.180878866463899612e-03
5.035459995269775391e-03
3.216016339138150215e-03
1.331502944231033325e-02
2.128438209183514118e-04
2.551038563251495361e-02
2.101329155266284943e-03
1.731544383801519871e-03
1.633913139812648296e-03
1.624142328182642814e-06
4.279999120626598597e-04
1.002923119813203812e-03
2.069645233859773725e-06
1.189770759083330631e-03
1.176921185106039047e-03
2.890428295359015465e-03
3.155742306262254715e-04
1.202425658702850342e-01
1.787627696990966797e+00
1.097032707184553146e-02
5.446238517761230469e-01
1.668033539317548275e-03
1.934258150868117809e-03
1.192883588373661041e-03
1.175840664654970169e-02
2.411194582236930728e-04
3.718649270012974739e-03
4.003168549388647079e-03
2.841454232111573219e-03
4.014866892248392105e-03
1.624142328182642814e-06
1.006020349450409412e-03
2.588111208751797676e-03
2.069645233859773725e-06
2.135297982022166252e-03
2.178797265514731407e-03
1.836997340433299541e-03
3.015492402482777834e-04
1.568665653467178345e-01
2.353054761886596680e+00
5.234764423221349716e-03
3.713001310825347900e-01
3.423705697059631348e-03
3.592954017221927643e-03
1.821893150918185711e-03
1.226842124015092850e-02
2.994035603478550911e-04
1.061163842678070068e-02
3.198814578354358673e-03
2.208992838859558105e-03
3.366673365235328674e-03
1.624142328182642814e-06
7.608416490256786346e-04
1.930834143422544003e-03
2.069645233859773725e-06
1.612380961887538433e-03
1.608763821423053741e-03
2.025243593379855156e-03
2.838970685843378305e-04
1.713235229253768921e-01
1.275980830192565918e+00
1.639842404983937740e-03
7.648856192827224731e-02
6.645413581281900406e-03
7.920586504042148590e-03
4.765960853546857834e-03
2.162423171103000641e-02
2.933163486886769533e-04
1.712988503277301788e-02
2.859635511413216591e-03
2.762441756203770638e-03
4.128003492951393127e-03
1.624142328182642814e-06
7.002684287726879120e-04
2.196199959143996239e-03
2.069645233859773725e-06
2.296210266649723053e-03
2.240509958937764168e-03
4.799517337232828140e-03
8.369891293114051223e-05
5.940892174839973450e-02
9.974878430366516113e-01
3.058870323002338409e-03
1.829821020364761353e-01
2.227458870038390160e-03
2.790607511997222900e-03
1.639300840906798840e-03
2.186088077723979950e-02
6.224932731129229069e-04
9.755861945450305939e-03
7.436898886226117611e-04
1.290025538764894009e-03
1.043987809680402279e-03
1.624142328182642814e-06
1.884397352114319801e-04
5.588284693658351898e-04
2.069645233859773725e-06
6.248481222428381443e-04
6.413324153982102871e-04
3.513673087581992149e-03
2.490043116267770529e-04
1.068570986390113831e-01
7.571929097175598145e-01
1.584275509230792522e-03
5.346028208732604980e-01
9.864941239356994629e-04
1.449665054678916931e-03
8.297983440570533276e-04
1.178778707981109619e-02
8.681694162078201771e-04
2.237758040428161621e-02
7.345181074924767017e-04
1.155608566477894783e-03
9.706052369438111782e-04
1.624142328182642814e-06
1.799375022528693080e-04
5.256482400000095367e-04
2.069645233859773725e-06
5.775353056378662586e-04
5.558761768043041229e-04
4.328564275056123734e-03
1.178363527287729084e-04
1.127902269363403320e-01
5.152017474174499512e-01
2.907383022829890251e-04
3.824731111526489258e-01
3.155658778268843889e-04
4.186993755865842104e-04
2.938299148809164762e-04
1.430802512913942337e-02
5.255754222162067890e-04
6.218365207314491272e-02
9.631605935283005238e-04
1.503780484199523926e-03
1.184941385872662067e-03
3.187803304172120988e-05
2.271330013172701001e-04
6.782903219573199749e-04
3.117909045613487251e-06
7.543189567513763905e-04
7.617981755174696445e-04
5.463010165840387344e-03
1.136187347583472729e-04
9.150377660989761353e-02
5.289828181266784668e-01
2.902854466810822487e-04
2.139316052198410034e-01
8.910403266781941056e-05
1.433815195923671126e-04
4.198230089969001710e-05
1.992324367165565491e-02
3.100080939475446939e-04
6.546629220247268677e-02
8.576060645282268524e-04
2.557991771027445793e-03
9.819939732551574707e-04
4.649644251912832260e-04
1.723459427012130618e-04
4.956402699463069439e-04
2.273413701914250851e-05
5.943491123616695404e-04
6.181619828566908836e-04
1.165354996919631958e-02
1.171591575257480145e-04
1.026299372315406799e-01
4.153867661952972412e-01
6.286708521656692028e-04
7.458861917257308960e-02
2.792165905702859163e-04
2.183311153203248978e-04
9.427378972759470344e-05
1.229053270071744919e-02
4.916692269034683704e-04
8.514782041311264038e-02
1.882045529782772064e-03
4.609842319041490555e-03
3.521848469972610474e-03
2.799742622300982475e-03
4.194405337329953909e-04
1.708569587208330631e-03
1.423698995495215058e-04
1.931757316924631596e-03
2.061930717900395393e-03
1.639073900878429413e-02
1.727362832752987742e-04
1.330025792121887207e-01
4.043939113616943359e-01
2.217517903773114085e-04
1.638969033956527710e-01
3.114496066700667143e-04
3.740257816389203072e-04
1.365578355034813285e-04
1.850740052759647369e-02
5.123705486766993999e-04
9.934794902801513672e-02
1.861499971710145473e-03
4.694534000009298325e-03
2.752808621153235435e-03
1.496568322181701660e-02
4.532954480964690447e-04
1.539284945465624332e-03
7.858115714043378830e-04
1.632118015550076962e-03
1.630012295208871365e-03
1.648791879415512085e-02
2.618209109641611576e-04
2.081024199724197388e-01
4.202567338943481445e-01
6.521825562231242657e-04
3.273615613579750061e-02
2.918743120972067118e-04
5.446140421554446220e-04
2.257530577480792999e-04
2.121523953974246979e-02
3.390372730791568756e-04
1.475725322961807251e-01
1.890891813673079014e-03
4.515036009252071381e-03
4.766428377479314804e-03
3.087409585714340210e-02
4.379950405564159155e-04
2.784763462841510773e-03
1.622961251996457577e-03
2.439264906570315361e-03
2.642235020175576210e-03
2.061522193253040314e-02
3.387944307178258896e-04
3.377351462841033936e-01
6.923720240592956543e-01
3.938510490115731955e-04
1.703604310750961304e-01
3.848182968795299530e-04
3.750344330910593271e-04
1.990459859371185303e-04
2.037380449473857880e-02
2.461854310240596533e-04
1.839301586151123047e-01
5.404389812611043453e-04
3.310397965833544731e-03
5.360466893762350082e-03
5.421145260334014893e-02
1.383427734253928065e-04
3.233054885640740395e-03
2.857721410691738129e-03
2.925517037510871887e-03
2.949435962364077568e-03
1.930036209523677826e-02
4.978625220246613026e-04
4.895797669887542725e-01
4.236545860767364502e-01
2.643679035827517509e-04
8.959082514047622681e-02
6.914105615578591824e-04
8.261020411737263203e-04
5.042784032411873341e-04
6.096113473176956177e-03
2.922672429122030735e-04
1.769876480102539062e-01
3.538824093993753195e-04
3.327938029542565346e-03
9.100274182856082916e-03
9.211751073598861694e-02
7.843127241358160973e-05
4.725954961031675339e-03
4.891895223408937454e-03
4.243297502398490906e-03
4.292069002985954285e-03
1.868116855621337891e-02
6.852697697468101978e-04
6.206063032150268555e-01
1.921864598989486694e-01
2.878314699046313763e-04
6.952830404043197632e-02
1.107759890146553516e-03
1.249216380529105663e-03
8.513023494742810726e-04
2.136864932253956795e-03
2.535543171688914299e-04
1.982841938734054565e-01
1.139879226684570312e-03
7.010143250226974487e-03
1.404988486319780350e-02
1.396992951631546021e-01
2.494219515938311815e-04
7.878645323216915131e-03
7.543615996837615967e-03
6.995650008320808411e-03
7.034651935100555420e-03
1.999833993613719940e-02
9.163259528577327728e-04
7.567879557609558105e-01
1.629322618246078491e-01
1.142825658462243155e-05
3.276982577517628670e-03
3.001232398673892021e-03
3.020592965185642242e-03
2.097083255648612976e-03
1.634511165320873260e-03
3.353006613906472921e-04
2.264475822448730469e-01
2.134323120117187500e-03
8.167883381247520447e-03
2.126041799783706665e-02
1.891755461692810059e-01
5.062195123173296452e-04
1.127414684742689133e-02
1.030276156961917877e-02
9.523077867925167084e-03
9.610856883227825165e-03
2.066703699529170990e-02
1.001457800157368183e-03
8.250066637992858887e-01
1.927851587533950806e-01
3.732935738298692740e-09
5.777226874670304824e-08
3.524630097672343254e-03
3.636574372649192810e-03
1.974191050976514816e-03
1.909002661705017090e-03
4.270229546818882227e-04
1.998807340860366821e-01
2.773027867078781128e-03
9.013143368065357208e-03
2.760449610650539398e-02
2.417405396699905396e-01
6.578508764505386353e-04
1.465529203414916992e-02
1.314934063702821732e-02
1.300907973200082779e-02
1.332338619977235794e-02
1.807491667568683624e-02
1.067435368895530701e-03
9.306969642639160156e-01
1.755294352769851685e-01
3.732935738298692740e-09
5.777226874670304824e-08
4.115874413400888443e-03
4.285349976271390915e-03
2.644697902724146843e-03
6.779099931009113789e-04
5.124215385876595974e-04
2.448964118957519531e-01
2.230433048680424690e-03
9.704186581075191498e-03
3.429381176829338074e-02
2.833579480648040771e-01
5.360296345315873623e-04
1.758602634072303772e-02
1.528229098767042160e-02
1.579325832426548004e-02
1.608675159513950348e-02
2.908414602279663086e-02
1.031280844472348690e-03
9.511533379554748535e-01
2.708115279674530029e-01
3.732935738298692740e-09
5.777226874670304824e-08
5.628287792205810547e-03
6.140459328889846802e-03
3.813455114141106606e-03
4.982688114978373051e-04
4.644478613045066595e-04
2.788874804973602295e-01
2.809884026646614075e-03
9.445617906749248505e-03
3.568516671657562256e-02
3.156216442584991455e-01
6.450932123698294163e-04
1.895793341100215912e-02
1.685259304940700531e-02
1.723380386829376221e-02
1.725900359451770782e-02
4.106428846716880798e-02
1.063092029653489590e-03
9.810325503349304199e-01
5.400797724723815918e-01
3.732935738298692740e-09
5.777226874670304824e-08
5.639782175421714783e-03
5.707811098545789719e-03
3.891230328008532524e-03
1.754688913933932781e-03
3.673269820865243673e-04
2.208350300788879395e-01
3.014467889443039894e-03
9.153281338512897491e-03
4.114036634564399719e-02
3.353760242462158203e-01
7.398982415907084942e-04
1.911808364093303680e-02
1.774165965616703033e-02
1.770570874214172363e-02
1.762279868125915527e-02
4.405461624264717102e-02
9.875674732029438019e-04
1.210665822029113770e+00
6.261100769042968750e-01
3.732935738298692740e-09
5.777226874670304824e-08
4.348102025687694550e-03
4.925888497382402420e-03
3.045088844373822212e-03
1.808511093258857727e-03
5.105876480229198933e-04
1.814491599798202515e-01
5.927743855863809586e-03
1.219944562762975693e-02
3.686698898673057556e-02
3.477317392826080322e-01
1.515581272542476654e-03
1.765454001724720001e-02
1.826263964176177979e-02
1.558859366923570633e-02
1.574240811169147491e-02
4.757618531584739685e-02
7.318258867599070072e-04
8.816204071044921875e-01
3.834377229213714600e-01
3.732935738298692740e-09
5.777226874670304824e-08
4.370610695332288742e-03
4.446117673069238663e-03
2.950010821223258972e-03
1.600686111487448215e-03
5.351107683964073658e-04
2.411080598831176758e-01
6.376588251441717148e-03
1.003551762551069260e-02
5.140003934502601624e-02
3.575216233730316162e-01
1.531114685349166393e-03
2.605101466178894043e-02
1.865676231682300568e-02
2.224686741828918457e-02
2.352187596261501312e-02
4.164787009358406067e-02
7.520457729697227478e-04
8.390476703643798828e-01
2.867832779884338379e-01
3.732935738298692740e-09
5.777226874670304824e-08
5.605744663625955582e-03
5.711581557989120483e-03
3.784837899729609489e-03
3.627123543992638588e-03
5.431460449472069740e-04
8.865994960069656372e-02
6.599689368158578873e-03
8.806314319372177124e-03
6.515876203775405884e-02
3.626936674118041992e-01
1.540203113108873367e-03
3.222280368208885193e-02
1.885188929736614227e-02
3.076726756989955902e-02
3.057344816625118256e-02
2.982318587601184845e-02
8.596815750934183598e-04
8.672617077827453613e-01
9.774538874626159668e-02
3.732935738298692740e-09
5.777226874670304824e-08
7.093701977282762527e-03
7.681753486394882202e-03
5.098811816424131393e-03
8.656598627567291260e-03
6.871872465126216412e-04
9.552678465843200684e-02
7.214594166725873947e-03
7.970302365720272064e-03
6.747651845216751099e-02
3.584370613098144531e-01
1.611507032066583633e-03
3.425039350986480713e-02
1.823206990957260132e-02
2.975961565971374512e-02
3.008371405303478241e-02
2.203219197690486908e-02
9.420950082130730152e-04
8.628875613212585449e-01
1.029382050037384033e-01
3.732935738298692740e-09
5.777226874670304824e-08
8.244868367910385132e-03
9.194301441311836243e-03
6.110334303230047226e-03
1.390770170837640762e-02
6.834717351011931896e-04
1.450393348932266235e-01
7.777675986289978027e-03
7.440722081810235977e-03
7.372551411390304565e-02
3.364197313785552979e-01
2.047843998298048973e-03
3.620202839374542236e-02
1.595645397901535034e-02
3.296608850359916687e-02
3.329410403966903687e-02
1.973393745720386505e-02
9.154483559541404247e-04
9.790943264961242676e-01
9.374582767486572266e-02
3.732935738298692740e-09
5.777226874670304824e-08
7.848292589187622070e-03
8.586811833083629608e-03
5.665488541126251221e-03
2.214070223271846771e-02
1.181953470222651958e-03
6.175488606095314026e-02
1.143483351916074753e-02
5.240244790911674500e-03
4.015542194247245789e-02
1.850347667932510376e-01
2.410185290500521660e-03
1.921269856393337250e-02
7.898448966443538666e-03
1.775092072784900665e-02
1.814947836101055145e-02
4.807142075151205063e-03
7.016902673058211803e-04
6.249368190765380859e-01
5.798152089118957520e-02
3.732935738298692740e-09
5.777226874670304824e-08
2.138026058673858643e-03
2.781688468530774117e-03
1.697672880254685879e-03
3.397263213992118835e-02
3.642564697656780481e-04
1.340464223176240921e-02
1.083688437938690186e-02
6.405049469321966171e-03
4.777748510241508484e-02
2.083503454923629761e-01
2.249123062938451767e-03
2.298909239470958710e-02
9.556833654642105103e-03
2.230198867619037628e-02
2.217385172843933105e-02
3.927005454897880554e-03
7.311188965104520321e-04
6.005268692970275879e-01
2.584549970924854279e-02
3.732935738298692740e-09
2.932717502117156982e-01
2.711097011342644691e-03
3.026912687346339226e-03
1.926297321915626526e-03
2.699215151369571686e-02
5.403319373726844788e-04
8.131970651447772980e-03
1.011079829186201096e-02
8.839061483740806580e-03
1.053681690245866776e-02
4.308461025357246399e-02
2.255827886983752251e-03
5.241937469691038132e-03
1.482841908000409603e-03
3.559767035767436028e-03
3.605585545301437378e-03
4.148810636252164841e-03
2.338750782655552030e-04
2.008714824914932251e-01
1.751760393381118774e-02
2.072601579129695892e-02
2.320409059524536133e+00
1.890209154225885868e-03
1.948938122950494289e-03
1.206370885483920574e-03
3.422632813453674316e-02
5.746685783378779888e-04
3.379116533324122429e-03
1.254551392048597336e-02
4.284165333956480026e-03
1.435840595513582230e-02
5.807209387421607971e-02
2.841360634192824364e-03
6.939385086297988892e-03
2.989991335198283195e-03
6.283055525273084641e-03
6.581915076822042465e-03
5.824669729918241501e-03
4.446769889909774065e-04
2.487957477569580078e-01
2.302676625549793243e-02
3.454301133751869202e-02
3.920611143112182617e+00
1.982145011425018311e-03
2.095775213092565536e-03
1.257946365512907505e-03
3.917948156595230103e-02
8.588212076574563980e-04
5.531220231205224991e-03
2.008786983788013458e-02
8.015326224267482758e-03
5.849137436598539352e-03
4.965436831116676331e-02
4.436258226633071899e-03
2.792946062982082367e-03
2.057592617347836494e-03
2.827865770086646080e-03
2.810360630974173546e-03
2.159241819754242897e-03
2.615249541122466326e-04
1.673648357391357422e-01
1.984814926981925964e-02
3.454686328768730164e-02
3.979288101196289062e+00
2.791074104607105255e-03
3.380000824108719826e-03
1.794625422917306423e-03
3.903834521770477295e-02
9.895282564684748650e-04
8.359477855265140533e-03
2.515046484768390656e-02
1.219458132982254028e-02
6.652893964201211929e-03
9.456354379653930664e-02
5.549700930714607239e-03
2.078893594443798065e-03
2.398672513663768768e-03
2.026043133810162544e-03
2.061438513919711113e-03
9.968672879040241241e-03
2.443018602207303047e-04
1.520634293556213379e-01
1.896186172962188721e-02
3.454983234405517578e-02
3.979335069656372070e+00
4.818768706172704697e-03
5.155386868864297867e-03
3.096392378211021423e-03
5.128056928515434265e-02
1.035160850733518600e-03
1.368067786097526550e-02
1.913890801370143890e-02
7.341556251049041748e-03
4.376767203211784363e-03
2.419390231370925903e-01
4.293953068554401398e-03
1.896308269351720810e-03
1.691197394393384457e-03
1.863080076873302460e-03
1.925940625369548798e-03
2.329038642346858978e-02
1.453566655982285738e-04
1.639733314514160156e-01
2.055632136762142181e-02
3.455143794417381287e-02
3.979359626770019531e+00
1.320938928984105587e-03
1.354126725345849991e-03
8.155607501976191998e-04
4.511089250445365906e-02
9.656480979174375534e-04
2.943486673757433891e-03
1.234325766563415527e-02
5.074457731097936630e-03
6.656208541244268417e-03
3.738870099186897278e-02
2.796632470563054085e-03
2.644546097144484520e-03
1.362625858746469021e-03
3.240732476115226746e-03
3.186254063621163368e-03
2.783221425488591194e-03
1.496968179708346725e-04
2.197763323783874512e-01
2.609005570411682129e-02
3.454771265387535095e-02
3.979349374771118164e+00
4.147443978581577539e-04
1.931158622028306127e-04
1.594410423422232270e-04
4.865934327244758606e-02
9.517340804450213909e-04
8.787254802882671356e-03
7.144847419112920761e-03
2.989889355376362801e-03
2.177786082029342651e-02
3.284901753067970276e-02
1.641069888137280941e-03
8.635320700705051422e-03
1.498549710959196091e-03
8.919711224734783173e-03
9.075573645532131195e-03
4.921642597764730453e-03
1.903441152535378933e-04
3.004384338855743408e-01
2.201100997626781464e-02
3.454635664820671082e-02
3.979340314865112305e+00
1.615392975509166718e-03
1.807751250453293324e-03
1.136498642154037952e-03
3.923869505524635315e-02
7.330842199735343456e-04
3.349360078573226929e-03
2.240848261862993240e-03
1.821927260607481003e-03
9.187207557260990143e-03
5.606702342629432678e-02
5.103417788632214069e-04
5.102200433611869812e-03
1.841073972173035145e-03
4.435586277395486832e-03
4.830698948353528976e-03
7.333660963922739029e-03
2.142715238733217120e-04
1.480866223573684692e-01
1.666556298732757568e-02
3.454634174704551697e-02
3.979373216629028320e+00
5.793479736894369125e-03
6.349614355713129044e-03
3.961216192692518234e-03
1.402255147695541382e-02
8.611137163825333118e-04
7.305567618459463120e-03
3.056541783735156059e-03
3.136916086077690125e-03
1.552255451679229736e-02
3.070576488971710205e-02
7.276241085492074490e-04
7.882103323936462402e-03
1.907825120724737644e-03
7.403638213872909546e-03
7.698812056332826614e-03
1.146703679114580154e-02
1.036413959809578955e-04
1.297928541898727417e-01
2.334235422313213348e-02
3.454706445336341858e-02
3.979427337646484375e+00
1.441859826445579529e-02
1.530659664422273636e-02
9.958511218428611755e-03
1.965667493641376495e-02
1.319612027145922184e-03
1.191762182861566544e-02
7.702579256147146225e-03
6.872230675071477890e-03
1.303473580628633499e-02
3.699639439582824707e-02
1.750795170664787292e-03
5.825807806104421616e-03
1.906597404740750790e-03
6.267537828534841537e-03
6.309616845101118088e-03
1.636420562863349915e-02
2.079414698528125882e-04
1.549088507890701294e-01
1.787880994379520416e-02
3.454937040805816650e-02
3.979485273361206055e+00
2.447848208248615265e-02
2.436205558478832245e-02
1.625330187380313873e-02
2.080373279750347137e-02
1.712451106868684292e-03
9.299880824983119965e-03
1.340616121888160706e-02
1.406311150640249252e-02
2.383350022137165070e-02
3.836408257484436035e-02
3.285504877567291260e-03
1.115663349628448486e-02
2.182018710300326347e-03
1.284492388367652893e-02
1.300068944692611694e-02
2.313990332186222076e-02
1.757928257575258613e-04
1.688597351312637329e-01
1.327246148139238358e-02
3.455098345875740051e-02
3.979520082473754883e+00
2.499672211706638336e-02
2.750421501696109772e-02
1.991535536944866180e-02
2.784693799912929535e-02
1.302995253354310989e-03
1.597015559673309326e-02
1.679911464452743530e-02
1.580671407282352448e-02
8.113898336887359619e-02
3.483832627534866333e-02
4.102502483874559402e-03
2.812597714364528656e-02
1.890414045192301273e-03
2.756973542273044586e-02
2.773723006248474121e-02
2.356541715562343597e-02
1.775396958691999316e-04
1.533184498548507690e-01
1.460713054984807968e-02
3.455389663577079773e-02
3.979536294937133789e+00
2.322169579565525055e-02
2.385707385838031769e-02
1.994632370769977570e-02
6.576028466224670410e-02
8.393647149205207825e-04
1.781879924237728119e-02
1.534179318696260452e-02
1.226357743144035339e-02
4.565097764134407043e-02
3.730488568544387817e-02
4.142056219279766083e-03
3.000175021588802338e-02
2.565242582932114601e-03
2.843724004924297333e-02
2.928628027439117432e-02
1.308641955256462097e-02
1.165512367151677608e-04
1.276583522558212280e-01
1.465011108666658401e-02
3.455632552504539490e-02
3.979553222656250000e+00
2.287992089986801147e-02
2.558501996099948883e-02
1.828888058662414551e-02
5.300211533904075623e-02
5.331533029675483704e-04
3.351450338959693909e-02
2.356626652181148529e-02
1.780003868043422699e-02
4.586611688137054443e-02
3.046337701380252838e-02
5.696387961506843567e-03
2.336964756250381470e-02
2.532952232286334038e-03
2.201287448406219482e-02
2.241072990000247955e-02
1.654891110956668854e-02
2.205369964940473437e-04
1.906653642654418945e-01
1.157668139785528183e-02
3.455774858593940735e-02
3.979563474655151367e+00
2.417148649692535400e-02
2.612527273595333099e-02
1.604306511580944061e-02
7.627674192190170288e-02
3.170950512867420912e-04
5.788338184356689453e-02
2.865220606327056885e-02
1.683777570724487305e-02
6.883959472179412842e-02
1.722608804702758789e-01
6.989056244492530823e-03
3.291622921824455261e-02
6.562268827110528946e-03
3.198005259037017822e-02
3.222274407744407654e-02
1.477670390158891678e-02
4.508015699684619904e-04
5.089815258979797363e-01
1.186587195843458176e-02
3.455441817641258240e-02
3.979542970657348633e+00
2.256731502711772919e-02
2.397098205983638763e-02
1.505727320909500122e-02
1.014857366681098938e-01
9.381990093970671296e-05
5.438774824142456055e-02
3.513688966631889343e-02
2.697714604437351227e-02
6.145476177334785461e-02
1.253067255020141602e-01
9.583913721144199371e-03
3.009097836911678314e-02
6.141751538962125778e-03
2.976092137396335602e-02
3.067027218639850616e-02
1.355130504816770554e-02
6.118718883953988552e-04
4.526143074035644531e-01
1.473225746303796768e-02
3.455133736133575439e-02
2.661970853805541992e+00
2.225133590400218964e-02
2.403346262872219086e-02
1.448535919189453125e-02
9.759529680013656616e-02
4.121153688174672425e-05
1.046532317996025085e-01
7.018753141164779663e-02
5.058215931057929993e-02
3.457096219062805176e-02
2.683539688587188721e-02
1.495432388037443161e-02
1.812838204205036163e-02
4.676505457609891891e-03
1.747748814523220062e-02
1.768973655998706818e-02
1.766322366893291473e-02
3.550873079802840948e-04
2.538759410381317139e-01
1.841828599572181702e-02
1.499956939369440079e-02
2.891203165054321289e+00
1.871716789901256561e-02
2.036386542022228241e-02
1.325361337512731552e-02
1.182253584265708923e-01
8.560160495107993484e-05
1.187440752983093262e-01
9.655646234750747681e-02
5.483757331967353821e-02
2.076161839067935944e-02
1.456988137215375900e-02
1.666873693466186523e-02
1.039773784577846527e-02
6.147110369056463242e-03
8.349918760359287262e-03
8.277601562440395355e-03
2.383177913725376129e-02
3.828592598438262939e-04
2.389648407697677612e-01
1.114534866064786911e-02
2.031216397881507874e-03
1.408646941184997559e+00
1.702377945184707642e-02
1.930735073983669281e-02
1.006145123392343521e-02
1.283740401268005371e-01
1.011734202620573342e-04
1.633019298315048218e-01
6.616371870040893555e-02
5.109867081046104431e-02
1.361467409878969193e-02
3.321820124983787537e-02
1.610715873539447784e-02
8.417367003858089447e-03
7.025794591754674911e-03
6.070700939744710922e-03
6.517758127301931381e-03
1.766149513423442841e-02
1.670872297836467624e-04
1.495043784379959106e-01
1.049968134611845016e-02
4.528327845036983490e-04
1.027752280235290527e+00
2.061341330409049988e-02
2.184496819972991943e-02
1.315528433769941330e-02
1.277663558721542358e-01
1.270569482585415244e-04
2.132769823074340820e-01
7.083028554916381836e-02
5.242685601115226746e-02
2.433283627033233643e-02
4.468104615807533264e-02
1.689460314810276031e-02
1.662688516080379486e-02
4.945734981447458267e-03
9.572240523993968964e-03
9.482935070991516113e-03
1.724907197058200836e-02
3.380077832844108343e-04
2.198694497346878052e-01
1.170462742447853088e-02
5.356682813726365566e-04
6.481193900108337402e-01
2.885188162326812744e-02
3.084616363048553467e-02
1.754749380052089691e-02
1.340893954038619995e-01
1.029034683597274125e-04
1.928437501192092896e-01
7.990441471338272095e-02
6.066471338272094727e-02
3.150070086121559143e-02
3.517856076359748840e-02
2.101925015449523926e-02
1.861044205725193024e-02
4.778849426656961441e-03
3.673703968524932861e-02
3.657342866063117981e-02
2.243779040873050690e-02
2.434608322801068425e-04
2.817642092704772949e-01
2.074528671801090240e-02
6.760918186046183109e-04
6.546239256858825684e-01
4.723550006747245789e-02
5.065139010548591614e-02
3.228268399834632874e-02
1.388202756643295288e-01
8.749977132538333535e-05
2.359309643507003784e-01
8.373213559389114380e-02
6.229248642921447754e-02
2.599473297595977783e-02
7.516244053840637207e-02
2.127331495285034180e-02
3.179546818137168884e-02
9.513220749795436859e-03
3.353511169552803040e-02
3.413298726081848145e-02
2.394063584506511688e-02
1.794967538444325328e-04
1.304406970739364624e-01
1.647044718265533447e-02
2.268753451062366366e-04
5.904514193534851074e-01
3.951877728104591370e-02
4.183544591069221497e-02
2.384214848279953003e-02
1.397169828414916992e-01
2.468372404109686613e-04
2.631239891052246094e-01
5.840057134628295898e-02
4.248662665486335754e-02
4.977914318442344666e-02
5.261024460196495056e-02
1.729207672178745270e-02
3.307390213012695312e-02
6.985038518905639648e-03
3.011035174131393433e-02
2.891876734793186188e-02
1.448858994990587234e-02
2.587027556728571653e-04
2.145935744047164917e-01
1.760644465684890747e-02
7.029779371805489063e-04
6.439465880393981934e-01
9.210434742271900177e-03
9.673516266047954559e-03
7.043405901640653610e-03
1.094394922256469727e-01
2.237757289549335837e-04
2.386912107467651367e-01
2.479243278503417969e-02
7.601565215736627579e-03
1.951357908546924591e-02
6.153612211346626282e-02
7.340297102928161621e-03
2.711509168148040771e-02
4.207372665405273438e-03
1.120566856116056442e-02
1.133945863693952560e-02
6.582682486623525620e-03
2.497848763596266508e-04
2.087809294462203979e-01
1.842678338289260864e-02
6.584497750736773014e-04
5.845019817352294922e-01
1.039315294474363327e-02
8.967770263552665710e-03
5.887163337320089340e-03
7.778257876634597778e-02
1.786967477528378367e-04
3.610653579235076904e-01
1.463504391722381115e-03
1.383588300086557865e-03
7.924262434244155884e-03
1.356047987937927246e-01
3.055519657209515572e-03
8.107203058898448944e-03
2.952693263068795204e-03
4.627352114766836166e-03
4.601776599884033203e-03
3.799381107091903687e-02
2.864152775146067142e-04
2.269926816225051880e-01
2.507846988737583160e-02
2.648837689775973558e-04
6.962584853172302246e-01
2.789064496755599976e-02
3.359803929924964905e-02
1.731663011014461517e-02
2.189009450376033783e-02
2.388586726738139987e-04
4.631783664226531982e-01
1.037133298814296722e-02
4.093664884567260742e-02
5.138538777828216553e-02
2.364005297422409058e-01
6.328266113996505737e-03
2.631393261253833771e-02
5.900092422962188721e-03
2.429375052452087402e-02
2.393880486488342285e-02
6.547718495130538940e-02
2.951226197183132172e-04
3.402122557163238525e-01
1.598839275538921356e-02
7.346635684370994568e-04
7.388440966606140137e-01
3.941394761204719543e-02
4.322770237922668457e-02
2.454798482358455658e-02
1.093885209411382675e-02
3.789241891354322433e-04
2.904302775859832764e-01
4.995267838239669800e-03
8.779436349868774414e-03
1.573566906154155731e-02
1.869184821844100952e-01
9.154765284620225430e-04
6.323873996734619141e-03
3.259224817156791687e-03
5.275780800729990005e-03
5.526317749172449112e-03
4.058102890849113464e-02
3.343387215863913298e-04
3.099972009658813477e-01
1.631982810795307159e-02
5.385439726524055004e-04
9.205248355865478516e-01
1.152442395687103271e-02
1.305537205189466476e-02
7.367274258285760880e-03
2.471397072076797485e-02
4.406017251312732697e-04
3.076077103614807129e-01
4.934858065098524094e-03
7.659872062504291534e-04
2.021876163780689240e-02
2.193886786699295044e-01
6.467488128691911697e-04
1.181780546903610229e-02
3.186029614880681038e-03
1.009373832494020462e-02
9.854513220489025116e-03
3.248870000243186951e-02
4.471896390896290541e-04
4.016568660736083984e-01
2.305449359118938446e-02
6.006177281960844994e-04
8.335571885108947754e-01
9.686256758868694305e-03
1.064330060034990311e-02
5.610437598079442978e-03
2.226132713258266449e-02
7.846313528716564178e-04
2.191187143325805664e-01
1.130763441324234009e-03
2.166148275136947632e-03
2.449159882962703705e-02
1.456579715013504028e-01
5.969646736048161983e-04
1.304214447736740112e-02
3.306785365566611290e-03
1.165926735848188400e-02
1.126279681921005249e-02
3.659090399742126465e-02
4.818390589207410812e-04
3.972303867340087891e-01
3.047297708690166473e-02
3.027838247362524271e-04
8.592475056648254395e-01
8.280738838948309422e-04
1.051371335051953793e-03
3.774499346036463976e-04
2.662830799818038940e-02
7.791910320520401001e-04
1.373071223497390747e-01
6.267555058002471924e-03
1.424468588083982468e-03
3.091602586209774017e-02
1.064684167504310608e-01
2.695054979994893074e-03
1.828847266733646393e-02
2.099109813570976257e-03
1.641064509749412537e-02
1.682963408529758453e-02
3.741823136806488037e-02
5.144250462763011456e-04
2.295518666505813599e-01
3.894437476992607117e-02
4.891167045570909977e-04
6.199601292610168457e-01
1.499437144957482815e-03
2.392427064478397369e-03
7.627333397977054119e-04
2.839090116322040558e-02
7.592334295623004436e-04
1.323527693748474121e-01
1.399054378271102905e-02
2.183576347306370735e-03
3.719952329993247986e-02
4.539811611175537109e-02
3.562182420864701271e-03
1.761229149997234344e-02
1.442662090994417667e-03
1.368963718414306641e-02
1.569399982690811157e-02
3.052958287298679352e-02
5.121768917888402939e-04
3.068597018718719482e-01
4.266272112727165222e-02
1.410446420777589083e-04
6.481512188911437988e-01
1.574532594531774521e-03
3.383495146408677101e-03
1.202828250825405121e-03
1.830399036407470703e-02
8.089500479400157928e-04
1.458620429039001465e-01
2.286656014621257782e-02
5.121511872857809067e-03
1.216023880988359451e-02
6.416388321667909622e-03
5.919876042753458023e-03
8.315286599099636078e-03
5.517655517905950546e-04
7.209945935755968094e-03
6.955294404178857803e-03
1.675179600715637207e-02
4.793429106939584017e-04
2.944961488246917725e-01
4.433331266045570374e-02
1.244977698661386967e-03
1.971469670534133911e-01
2.197122434154152870e-03
3.579602343961596489e-03
9.924004552885890007e-04
9.572344832122325897e-03
8.893997292034327984e-04
7.961555570363998413e-02
1.469880063086748123e-02
2.267332980409264565e-03
3.210524469614028931e-02
2.893205732107162476e-02
4.004626069217920303e-03
1.841588877141475677e-02
4.133131296839565039e-04
1.670199260115623474e-02
1.673553325235843658e-02
1.547641772776842117e-02
3.855637332890182734e-04
1.996649950742721558e-01
4.238494113087654114e-02
1.790737733244895935e-04
1.084208488464355469e-01
2.355552045628428459e-03
2.427607774734497070e-03
1.192619209177792072e-03
2.376028150320053101e-02
9.923857869580388069e-04
6.100310385227203369e-02
2.363868989050388336e-02
6.709513720124959946e-03
3.437756001949310303e-02
1.168143376708030701e-02
6.569630932062864304e-03
2.191746234893798828e-02
3.874658432323485613e-04
1.922552473843097687e-02
1.951677910983562469e-02
1.364797074347734451e-02
4.595147038344293833e-04
2.548083364963531494e-01
3.904518857598304749e-02
3.732935738298692740e-09
8.659482002258300781e-02
2.314814599230885506e-03
2.604608656838536263e-03
1.674006343819200993e-03
3.603356704115867615e-02
7.064269739203155041e-04
7.987076044082641602e-02
2.522836066782474518e-02
9.890173561871051788e-03
3.572570905089378357e-02
1.721429079771041870e-02
7.669244427233934402e-03
2.823016606271266937e-02
3.814097726717591286e-04
2.452165447175502777e-02
2.461040206253528595e-02
1.457076240330934525e-02
3.785378939937800169e-04
2.638461291790008545e-01
4.158430919051170349e-02
3.732935738298692740e-09
7.384824752807617188e-02
3.229164285585284233e-03
2.980590565130114555e-03
2.268260577693581581e-03
4.721985384821891785e-02
8.139361743815243244e-04
3.586587309837341309e-02
4.594386741518974304e-02
2.158021926879882812e-02
3.516260907053947449e-02
1.341907214373350143e-02
1.417959481477737427e-02
2.559429220855236053e-02
5.697947344742715359e-04
2.410053275525569916e-02
2.345375716686248779e-02
1.092306058853864670e-02
3.731444885488599539e-04
2.403996735811233521e-01
4.633001983165740967e-02
3.732935738298692740e-09
8.573260158300399780e-02
5.404979456216096878e-03
5.327304359525442123e-03
2.303809160366654396e-03
5.447249487042427063e-02
1.058261026628315449e-03
3.741801902651786804e-02
5.606758221983909607e-02
2.763908170163631439e-02
4.297323524951934814e-02
8.111033588647842407e-03
1.628922857344150543e-02
3.187562525272369385e-02
6.296692299656569958e-04
3.070498071610927582e-02
2.966805361211299896e-02
8.816134184598922729e-03
3.435591061133891344e-04
2.519597113132476807e-01
6.103564798831939697e-02
3.732935738298692740e-09
7.099166512489318848e-02
5.291005596518516541e-03
5.264299456030130386e-03
2.624221146106719971e-03
7.719527184963226318e-02
7.366214995272457600e-04
4.979506134986877441e-02
5.631100013852119446e-02
2.905918657779693604e-02
7.230249792337417603e-02
9.726357646286487579e-03
1.858516596257686615e-02
4.757206141948699951e-02
7.004027720540761948e-04
3.701952099800109863e-02
4.131070896983146667e-02
1.184161659330129623e-02
2.275546430610120296e-04
1.805204302072525024e-01
9.585779160261154175e-02
3.732935738298692740e-09
7.829225063323974609e-02
9.901430457830429077e-03
9.908971376717090607e-03
4.512721672654151917e-03
8.397080749273300171e-02
6.131042609922587872e-04
5.135676264762878418e-02
6.231513619422912598e-02
3.252180293202400208e-02
8.448793739080429077e-02
9.423549287021160126e-03
2.196904271841049194e-02
6.238657236099243164e-02
6.547619705088436604e-04
5.449935793876647949e-02
5.564722046256065369e-02
1.427909731864929199e-02
2.830315206665545702e-04
2.004199028015136719e-01
1.760139018297195435e-01
3.732935738298692740e-09
8.774708956480026245e-02
2.187265455722808838e-02
2.241446264088153839e-02
1.143033057451248169e-02
6.872706860303878784e-02
4.803603515028953552e-04
3.295842185616493225e-02
5.371688678860664368e-02
2.124504186213016510e-02
8.106983453035354614e-02
4.026395827531814575e-02
1.769950427114963531e-02
6.424584239721298218e-02
9.294186602346599102e-04
5.419204756617546082e-02
5.420878902077674866e-02
1.460098754614591599e-02
2.405227860435843468e-04
1.665021330118179321e-01
1.984012573957443237e-01
3.732935738298692740e-09
8.449751883745193481e-02
2.270540036261081696e-02
2.533722668886184692e-02
1.873218268156051636e-02
5.425548925995826721e-02
6.807227618992328644e-04
3.354855254292488098e-02
4.933683946728706360e-02
1.486844196915626526e-02
8.924036473035812378e-02
3.841814771294593811e-02
1.660279929637908936e-02
6.505475193262100220e-02
1.162276952527463436e-03
5.106995627284049988e-02
5.795940756797790527e-02
5.774419754743576050e-03
2.737963222898542881e-04
2.176312208175659180e-01
2.010535597801208496e-01
3.732935738298692740e-09
8.788496255874633789e-02
1.572227291762828827e-02
1.705890148878097534e-02
1.131341978907585144e-02
5.554879829287528992e-02
4.582716792356222868e-04
2.750695310533046722e-02
5.411816015839576721e-02
2.241393923759460449e-02
8.440700918436050415e-02
2.469870634377002716e-02
1.873722486197948456e-02
6.202696636319160461e-02
1.306238118559122086e-03
5.762714147567749023e-02
5.746921896934509277e-02
1.318042445927858353e-02
2.615632547531276941e-04
1.394589394330978394e-01
2.049312144517898560e-01
3.732935738298692740e-09
8.247654885053634644e-02
5.647995974868535995e-03
6.053782999515533447e-03
3.906197147443890572e-03
5.579575896263122559e-02
2.506994933355599642e-04
4.164366051554679871e-02
3.804979845881462097e-02
1.697223819792270660e-02
5.934892222285270691e-02
5.163229629397392273e-02
1.403822004795074463e-02
4.665864631533622742e-02
4.236378241330385208e-03
4.500968381762504578e-02
4.514442011713981628e-02
8.414785377681255341e-03
2.483743883203715086e-04
1.578182727098464966e-01
2.109342664480209351e-01
3.732935738298692740e-09
8.007935434579849243e-02
9.697422385215759277e-03
1.110150758177042007e-02
8.407586254179477692e-03
6.189560517668724060e-02
1.651547354413196445e-04
1.525014918297529221e-02
4.074620828032493591e-02
2.532502077519893646e-02
5.842696502804756165e-02
2.875629067420959473e-02
1.605545356869697571e-02
4.227976873517036438e-02
3.161957720294594765e-03
4.380902647972106934e-02
4.284423217177391052e-02
8.906560949981212616e-03
1.368962693959474564e-04
6.550139933824539185e-02
2.788603603839874268e-01
3.732935738298692740e-09
8.680077642202377319e-02
1.350205671042203903e-02
1.461481023579835892e-02
8.987309411168098450e-03
5.250486359000205994e-02
2.645405766088515520e-04
1.368339359760284424e-02
5.136727169156074524e-02
3.367785736918449402e-02
4.229016229510307312e-02
2.452862262725830078e-02
1.754351891577243805e-02
3.872274234890937805e-02
2.671309513971209526e-03
3.263911232352256775e-02
3.452591970562934875e-02
1.512617245316505432e-02
8.584062015870586038e-05
4.546055197715759277e-02
2.043811827898025513e-01
3.732935738298692740e-09
1.657165586948394775e-02
2.469427324831485748e-02
2.752391993999481201e-02
1.871508918702602386e-02
4.508379474282264709e-02
1.833987189456820488e-04
4.841669928282499313e-03
4.452879354357719421e-02
3.083297051489353180e-02
4.202437773346900940e-02
4.240044578909873962e-02
1.650660298764705658e-02
3.257927671074867249e-02
3.399707609787583351e-03
2.974676527082920074e-02
2.966154552996158600e-02
1.986798644065856934e-02
5.451517426990903914e-05
4.999543726444244385e-02
2.147285491228103638e-01
3.732935738298692740e-09
2.695512771606445312e-02
2.406808733940124512e-02
2.643354050815105438e-02
1.727235503494739532e-02
4.118967428803443909e-02
2.775878238026052713e-04
5.015356000512838364e-03
4.711942747235298157e-02
3.287631645798683167e-02
3.998303040862083435e-02
4.200015962123870850e-02
1.631153188645839691e-02
2.841244824230670929e-02
3.498947480693459511e-03
1.982743665575981140e-02
2.585805952548980713e-02
2.956444211304187775e-02
7.117047061910852790e-05
4.527644440531730652e-02
2.522331774234771729e-01
3.732935738298692740e-09
1.813879609107971191e-02
5.160565953701734543e-03
5.166497547179460526e-03
4.581980872899293900e-03
3.466035425662994385e-02
3.912067040801048279e-04
3.119445173069834709e-03
1.969834044575691223e-02
1.662671938538551331e-02
2.714560367166996002e-02
3.664715960621833801e-02
6.916284561157226562e-03
2.119069546461105347e-02
3.179155988618731499e-03
1.672566495835781097e-02
1.696036942303180695e-02
3.665384650230407715e-02
6.894412945257499814e-05
7.651371508836746216e-02
2.621706426143646240e-01
3.732935738298692740e-09
1.869679777882993221e-03
6.694843526929616928e-03
6.460804957896471024e-03
3.663210896775126457e-03
2.553285472095012665e-02
4.530816804617643356e-04
2.377002499997615814e-03
8.889357559382915497e-03
9.605065919458866119e-03
1.514625549316406250e-02
6.074054911732673645e-02
2.957125427201390266e-03
9.827897883951663971e-03
4.725507460534572601e-03
1.005346048623323441e-02
1.009223796427249908e-02
5.395324900746345520e-02
6.256914639379829168e-05
5.926282331347465515e-02
2.628301978111267090e-01
3.732935738298692740e-09
2.566895214840769768e-03
8.450430817902088165e-03
9.229009039700031281e-03
1.152406260371208191e-02
1.908425427973270416e-02
4.113725444767624140e-04
1.189645030535757542e-03
2.189116738736629486e-02
2.299511246383190155e-02
3.750353306531906128e-02
1.521766632795333862e-01
7.254812400788068771e-03
2.581981383264064789e-02
6.769502069801092148e-03
2.153036557137966156e-02
2.210686169564723969e-02
1.255913823843002319e-01
5.834191688336431980e-05
6.336704641580581665e-02
2.568198740482330322e-01
3.732935738298692740e-09
2.379307057708501816e-03
1.317369565367698669e-02
1.524181198328733444e-02
8.902834728360176086e-03
3.836654126644134521e-02
4.784425254911184311e-04
2.401849254965782166e-03
2.571583725512027740e-02
3.177116438746452332e-02
3.914124518632888794e-02
9.031429141759872437e-02
7.761394605040550232e-03
2.486156485974788666e-02
1.022548694163560867e-02
2.652561105787754059e-02
2.646633982658386230e-02
1.291845291852951050e-01
1.248855260200798512e-04
8.892310410737991333e-02
2.514732182025909424e-01
3.732935738298692740e-09
3.400090383365750313e-03
9.368394501507282257e-03
1.223649084568023682e-02
6.554048974066972733e-03
8.516383171081542969e-02
5.859543452970683575e-04
5.535928532481193542e-03
1.572537794709205627e-02
3.362591192126274109e-02
3.085515461862087250e-02
1.007117107510566711e-01
5.617941264063119888e-03
2.228586561977863312e-02
6.711656227707862854e-03
2.475497871637344360e-02
2.332678437232971191e-02
1.164689436554908752e-01
1.849176624091342092e-04
1.233387812972068787e-01
2.552801072597503662e-01
3.732935738298692740e-09
2.043708227574825287e-03
4.577442072331905365e-03
5.110626574605703354e-03
2.525869058445096016e-03
1.021433845162391663e-01
6.114226416684687138e-04
4.725590813905000687e-03
1.833338476717472076e-02
3.401353582739830017e-02
6.223301216959953308e-02
6.457888334989547729e-02
5.666052922606468201e-03
3.525656834244728088e-02
5.540379788726568222e-03
3.746690228581428528e-02
3.795577213168144226e-02
8.804819732904434204e-02
2.568967174738645554e-04
1.571880131959915161e-01
2.595871388912200928e-01
3.732935738298692740e-09
1.863775192759931087e-03
8.011199533939361572e-04
9.597060270607471466e-04
4.834380233660340309e-04
6.578379124402999878e-02
4.996421630494296551e-04
3.439994901418685913e-02
2.208290249109268188e-02
4.038191214203834534e-02
7.019900530576705933e-02
4.530916735529899597e-02
5.312769208103418350e-03
2.926585637032985687e-02
3.011475084349513054e-03
4.406200349330902100e-02
4.553757235407829285e-02
7.483655214309692383e-02
3.842844162136316299e-04
2.581463158130645752e-01
2.627907097339630127e-01
3.732935738298692740e-09
1.570588327012956142e-03
1.010538195259869099e-03
9.755501523613929749e-04
1.477123150834813714e-04
7.124688476324081421e-02
4.089189751539379358e-04
4.535750672221183777e-02
1.205580029636621475e-02
2.041395567357540131e-02
2.739819884300231934e-02
2.167929150164127350e-02
3.536082105711102486e-03
1.857735030353069305e-02
1.545585109852254391e-03
1.982429064810276031e-02
1.963887549936771393e-02
5.522431433200836182e-02
5.496986559592187405e-04
3.883566558361053467e-01
1.104792132973670959e-01
3.732935738298692740e-09
2.947838976979255676e-03
1.206070301122963428e-03
1.695971121080219746e-03
8.401967934332787991e-04
7.468578219413757324e-02
9.677715715952217579e-04
5.222081020474433899e-02
1.285743992775678635e-02
1.657920144498348236e-02
3.319445624947547913e-02
3.668321669101715088e-02
3.675517393276095390e-03
2.097391337156295776e-02
2.826961921527981758e-03
2.104052342474460602e-02
2.106479741632938385e-02
3.854728862643241882e-02
7.432345300912857056e-04
5.417870879173278809e-01
9.392723441123962402e-02
3.732935738298692740e-09
1.935847103595733643e-03
1.898846589028835297e-02
1.667629741132259369e-02
1.238120626658201218e-02
6.144579127430915833e-02
9.426991455256938934e-04
5.953673645853996277e-02
8.595875464379787445e-03
1.115408539772033691e-02
1.463864464312791824e-02
6.687375158071517944e-02
2.388314576819539070e-03
1.024265587329864502e-02
6.449337583035230637e-03
1.030916348099708557e-02
1.036296505481004715e-02
2.099909074604511261e-02
1.039340626448392868e-03
8.091021180152893066e-01
9.318107366561889648e-02
3.732935738298692740e-09
1.511819311417639256e-03
4.573113843798637390e-02
4.055191203951835632e-02
3.113962896168231964e-02
5.480571463704109192e-02
8.821103838272392750e-04
5.052258446812629700e-02
1.174204330891370773e-02
1.057535782456398010e-02
1.846953667700290680e-02
1.089575514197349548e-01
3.758190898224711418e-03
1.088403910398483276e-02
1.156719122081995010e-02
1.045834273099899292e-02
1.058042049407958984e-02
2.163852751255035400e-02
1.538584590889513493e-03
1.165455698966979980e+00
9.909933060407638550e-02
3.732935738298692740e-09
5.012084147892892361e-04
8.716128021478652954e-02
7.781368494033813477e-02
5.415546894073486328e-02
4.924916103482246399e-02
1.098744687624275684e-03
2.056463062763214111e-02
2.276882342994213104e-02
2.004570886492729187e-02
5.410203710198402405e-03
1.870300322771072388e-01
9.020338766276836395e-03
3.997851628810167313e-03
2.265220321714878082e-02
4.536032676696777344e-03
4.526962991803884506e-03
1.462670881301164627e-02
1.873608096502721310e-03
1.527846693992614746e+00
8.827331662178039551e-02
3.732935738298692740e-09
2.751805877778679132e-04
1.159493699669837952e-01
1.060144081711769104e-01
6.970394402742385864e-02
4.056448861956596375e-02
1.353890635073184967e-03
9.179538488388061523e-02
2.882414497435092926e-02
2.817842923104763031e-02
7.541937287896871567e-03
2.593692541122436523e-01
1.144510880112648010e-02
5.849946755915880203e-03
3.410439565777778625e-02
6.396103650331497192e-03
6.266934331506490707e-03
1.670701988041400909e-02
2.072175033390522003e-03
1.646798253059387207e+00
8.115902543067932129e-02
3.732935738298692740e-09
1.137330080382525921e-03
1.261194497346878052e-01
1.125538721680641174e-01
7.504981011152267456e-02
4.708388820290565491e-02
2.732409862801432610e-03
7.473485171794891357e-02
2.544966340065002441e-02
2.303608320653438568e-02
1.616423390805721283e-02
2.863121330738067627e-01
9.390582330524921417e-03
9.775361977517604828e-03
3.578567132353782654e-02
9.927433915436267853e-03
9.988279081881046295e-03
1.705630682408809662e-02
2.176640322431921959e-03
1.746517062187194824e+00
7.780368626117706299e-02
3.732935738298692740e-09
5.777226874670304824e-08
1.250678300857543945e-01
1.129030585289001465e-01
7.226133346557617188e-02
4.293671250343322754e-02
1.960017718374729156e-03
7.027042564004659653e-03
3.113124705851078033e-02
2.552860230207443237e-02
6.511666346341371536e-03
3.155597746372222900e-01
1.099988166242837906e-02
5.477147642523050308e-03
3.759567439556121826e-02
5.581156816333532333e-03
5.664838943630456924e-03
1.409749593585729599e-02
2.254217164590954781e-03
1.711504936218261719e+00
5.938719585537910461e-02
3.732935738298692740e-09
5.777226874670304824e-08
1.201491653919219971e-01
1.094188764691352844e-01
7.321780920028686523e-02
3.655424341559410095e-02
2.257260493934154510e-03
2.671334892511367798e-03
3.492825105786323547e-02
2.871440351009368896e-02
9.177825413644313812e-03
3.238999545574188232e-01
1.180385332554578781e-02
8.675632067024707794e-03
4.253761097788810730e-02
8.565189316868782043e-03
8.416252210736274719e-03
1.409174222499132156e-02
2.404280472546815872e-03
1.916694283485412598e+00
3.964675962924957275e-02
3.732935738298692740e-09
5.777226874670304824e-08
1.223265528678894043e-01
1.107311472296714783e-01
6.576471775770187378e-02
2.473446726799011230e-02
1.501179300248622894e-03
8.317273110151290894e-03
3.622028604149818420e-02
1.905847340822219849e-02
3.727046772837638855e-03
3.196494877338409424e-01
9.125517681241035461e-03
2.626651665195822716e-03
4.559449478983879089e-02
2.473220927640795708e-03
2.489149570465087891e-03
1.648566871881484985e-02
2.459603128954768181e-03
1.816103339195251465e+00
3.777934610843658447e-02
3.732935738298692740e-09
5.777226874670304824e-08
1.269768923521041870e-01
1.135793253779411316e-01
6.757848709821701050e-02
2.758046984672546387e-02
2.015993231907486916e-03
5.454638507217168808e-03
2.471056766808032990e-02
2.594261802732944489e-02
3.991463687270879745e-03
3.438523709774017334e-01
7.792199496179819107e-03
2.647413173690438271e-03
4.513528943061828613e-02
2.372200600802898407e-03
2.550072269514203072e-03
1.354723330587148666e-02
2.644168445840477943e-03
1.941704392433166504e+00
1.650657691061496735e-02
3.732935738298692740e-09
5.777226874670304824e-08
1.213860213756561279e-01
1.124656870961189270e-01
6.505650281906127930e-02
3.813290223479270935e-02
2.466353820636868477e-03
1.004722248762845993e-02
1.605083793401718140e-02
1.417324598878622055e-02
1.080616097897291183e-02
4.361918866634368896e-01
6.176228169351816177e-03
4.898477345705032349e-03
4.407505318522453308e-02
2.303563291206955910e-03
2.443109638988971710e-03
1.774949580430984497e-02
2.214706270024180412e-03
1.870525956153869629e+00
1.037488412111997604e-02
3.732935738298692740e-09
5.777226874670304824e-08
1.343841403722763062e-01
1.223844587802886963e-01
7.479009777307510376e-02
3.872535005211830139e-02
2.103121951222419739e-03
7.201706524938344955e-03
2.741658687591552734e-02
2.679979987442493439e-02
3.340629162266850471e-03
5.601066946983337402e-01
1.054133847355842590e-02
2.738941460847854614e-03
5.533735826611518860e-02
2.885760739445686340e-03
2.856100676581263542e-03
2.195239998400211334e-02
1.276667229831218719e-03
1.436789155006408691e+00
1.174458395689725876e-02
3.732935738298692740e-09
5.777226874670304824e-08
1.429146677255630493e-01
1.288975626230239868e-01
8.163699507713317871e-02
1.775281131267547607e-02
2.595290075987577438e-03
3.755676327273249626e-03
2.496598102152347565e-02
2.464022301137447357e-02
4.579477012157440186e-03
4.587170183658599854e-01
1.062941551208496094e-02
1.156017091125249863e-02
4.994644597172737122e-02
1.571771688759326935e-02
1.764430291950702667e-02
2.906089276075363159e-02
1.574518624693155289e-03
1.633765816688537598e+00
1.363225653767585754e-02
3.732935738298692740e-09
5.777226874670304824e-08
1.847252100706100464e-01
1.706629246473312378e-01
1.062523499131202698e-01
3.224654868245124817e-02
1.558905467391014099e-03
2.751278458163142204e-03
6.758531928062438965e-02
8.481632918119430542e-02
1.079564169049263000e-02
5.121019482612609863e-01
2.827692590653896332e-02
3.468878567218780518e-03
5.513200163841247559e-02
3.455747617408633232e-03
3.491494571790099144e-03
6.283074617385864258e-02
1.560403383336961269e-03
1.576157689094543457e+00
3.539920970797538757e-02
3.732935738298692740e-09
5.777226874670304824e-08
2.113619595766067505e-01
2.002346515655517578e-01
1.272220164537429810e-01
3.977714851498603821e-02
1.854806789197027683e-03
1.869347295723855495e-03
1.971891708672046661e-02
1.816751249134540558e-02
5.918376147747039795e-03
2.991198301315307617e-01
1.334926951676607132e-02
3.186508314684033394e-03
3.738743439316749573e-02
3.202410414814949036e-03
3.257793374359607697e-03
1.863368786871433258e-02
1.205739448778331280e-03
1.010967731475830078e+00
5.936770141124725342e-02
3.732935738298692740e-09
5.777226874670304824e-08
2.001749724149703979e-01
1.853777170181274414e-01
1.126953661441802979e-01
5.920348688960075378e-02
1.569528714753687382e-03
8.268070407211780548e-03
1.040628086775541306e-02
1.304632890969514847e-02
1.522332057356834412e-02
1.835451871156692505e-01
5.314602050930261612e-03
9.025827050209045410e-03
3.397853299975395203e-02
1.244254689663648605e-02
1.121156569570302963e-02
1.423148065805435181e-02
8.945513400249183178e-04
9.286656379699707031e-01
3.282338380813598633e-02
3.732935738298692740e-09
5.777226874670304824e-08
7.388994842767715454e-02
6.014233827590942383e-02
5.161648988723754883e-02
2.376213856041431427e-02
3.236689371988177299e-04
9.719572961330413818e-03
1.984048448503017426e-02
1.606580428779125214e-02
2.781331539154052734e-02
3.970536217093467712e-02
5.174462217837572098e-03
2.038408629596233368e-02
3.216244978830218315e-03
1.986133120954036713e-02
1.992875896394252777e-02
4.240558668971061707e-02
4.571152094285935163e-04
4.223515987396240234e-01
2.183444611728191376e-02
3.732935738298692740e-09
5.777226874670304824e-08
1.344368904829025269e-01
1.237923726439476013e-01
3.617807477712631226e-02
3.589269891381263733e-02
8.740206249058246613e-05
6.867574062198400497e-03
1.641871780157089233e-02
1.598699390888214111e-02
2.683073841035366058e-02
6.935656070709228516e-02
6.866753101348876953e-03
1.521014142781496048e-02
5.416264291852712631e-03
1.483317743986845016e-02
1.546012330800294876e-02
4.181684553623199463e-02
2.906215959228575230e-04
2.218338251113891602e-01
1.582149229943752289e-02
3.732935738298692740e-09
5.777226874670304824e-08
5.212810635566711426e-02
4.975916072726249695e-02
4.405397176742553711e-02
4.428625106811523438e-02
8.526910096406936646e-04
3.733393037691712379e-03
1.989382691681385040e-02
1.964506506919860840e-02
3.555028513073921204e-02
6.846859306097030640e-02
7.279757410287857056e-03
2.254281751811504364e-02
7.760812994092702866e-03
2.563015185296535492e-02
2.595437131822109222e-02
5.773843452334403992e-02
2.807156706694513559e-04
2.879433929920196533e-01
1.226242352277040482e-02
3.732935738298692740e-09
5.777226874670304824e-08
1.089598536491394043e-01
1.052353382110595703e-01
4.693455621600151062e-02
3.322410583496093750e-02
7.789868977852165699e-04
4.118310753256082535e-03
3.917563334107398987e-02
3.737807273864746094e-02
4.086818546056747437e-02
3.102823793888092041e-01
1.472431328147649765e-02
2.503788284957408905e-02
1.856992952525615692e-02
2.490445971488952637e-02
2.489899098873138428e-02
6.329292804002761841e-02
3.117733576800674200e-04
1.988775134086608887e-01
1.384173054248094559e-02
3.732935738298692740e-09
5.777226874670304824e-08
1.114846095442771912e-01
1.019415184855461121e-01
4.189087077975273132e-02
7.291819155216217041e-02
7.262306171469390392e-04
3.894699737429618835e-03
3.261685743927955627e-02
3.355350345373153687e-02
4.510448873043060303e-02
2.269077152013778687e-01
1.353442948311567307e-02
2.782044745981693268e-02
2.100272476673126221e-02
2.714021503925323486e-02
2.652927301824092865e-02
6.015369296073913574e-02
1.899723865790292621e-04
1.442456841468811035e-01
1.097622979432344437e-02
3.732935738298692740e-09
5.777226874670304824e-08
3.767868876457214355e-02
4.029375314712524414e-02
2.186956070363521576e-02
1.269786357879638672e-01
5.808870773762464523e-04
3.286803141236305237e-03
4.871645476669073105e-03
5.121523048728704453e-03
4.930318519473075867e-02
4.299031198024749756e-01
2.310672309249639511e-03
3.056348115205764771e-02
2.373513393104076385e-02
3.033451549708843231e-02
2.871520817279815674e-02
7.943682372570037842e-03
1.369906094623729587e-04
2.344282716512680054e-01
1.026865001767873764e-02
3.732935738298692740e-09
5.777226874670304824e-08
5.944565404206514359e-03
6.379260215908288956e-03
2.550368197262287140e-03
2.862460911273956299e-02
7.032264838926494122e-04
5.869505926966667175e-03
6.024183239787817001e-03
8.695539087057113647e-03
6.431617587804794312e-02
5.052865147590637207e-01
2.430993365123867989e-03
3.650255873799324036e-02
2.314753271639347076e-02
3.483658656477928162e-02
3.561391308903694153e-02
3.723908914253115654e-03
2.426045684842392802e-04
1.465996652841567993e-01
1.457542553544044495e-02
3.732935738298692740e-09
5.777226874670304824e-08
5.722713191062211990e-03
8.839306421577930450e-03
2.170911757275462151e-03
7.181309163570404053e-03
1.076995977200567722e-03
7.197292055934667587e-03
1.063025463372468948e-02
1.053028833121061325e-02
3.389753773808479309e-02
4.449247121810913086e-01
3.209772519767284393e-03
1.992185972630977631e-02
2.430170774459838867e-02
1.953007280826568604e-02
1.994157768785953522e-02
9.290289133787155151e-03
1.604350982233881950e-04
1.518116593360900879e-01
1.995146460831165314e-02
3.732935738298692740e-09
7.539622187614440918e-01
9.280204772949218750e-03
1.308528799563646317e-02
5.811920389533042908e-03
8.988969959318637848e-03
5.555051611736416817e-04
7.644439116120338440e-03
1.052160188555717468e-02
1.092765014618635178e-02
3.242055699229240417e-02
4.208176136016845703e-01
3.201276762410998344e-03
1.930800639092922211e-02
3.315437957644462585e-02
1.984824053943157196e-02
1.914885453879833221e-02
1.143339276313781738e-02
1.882741926237940788e-04
2.205169647932052612e-01
2.121366001665592194e-02
6.908786017447710037e-03
9.600178599357604980e-01
1.525026280432939529e-02
1.472282875329256058e-02
9.326022118330001831e-03
2.545205317437648773e-02
2.245964860776439309e-04
9.484007023274898529e-03
1.317170727998018265e-02
1.825616694986820221e-02
2.444718591868877411e-02
3.599682152271270752e-01
4.271674435585737228e-03
1.414459943771362305e-02
3.081888891756534576e-02
1.375434547662734985e-02
1.404959708452224731e-02
1.137003209441900253e-02
2.439122763462364674e-04
1.842209547758102417e-01
2.006922103464603424e-02
6.909012794494628906e-03
9.600325226783752441e-01
1.829785853624343872e-02
1.471958402544260025e-02
1.171825826168060303e-02
1.438134629279375076e-02
4.211862396914511919e-04
1.296387147158384323e-02
1.086058001965284348e-02
1.180150080472230911e-02
1.790523901581764221e-02
1.785753369331359863e-01
4.338819999247789383e-03
1.024264935404062271e-02
1.243196800351142883e-02
1.009690761566162109e-02
9.838956408202648163e-03
1.105776429176330566e-02
4.565507697407156229e-04
4.535246789455413818e-01
2.010069228708744049e-02
6.909814197570085526e-03
9.600462913513183594e-01
2.373611368238925934e-02
2.051524445414543152e-02
7.536177057772874832e-03
2.251514792442321777e-02
2.927490568254143000e-04
1.589553058147430420e-02
1.682669110596179962e-02
1.674333773553371429e-02
6.305201444774866104e-03
1.595469266176223755e-01
6.281882990151643753e-03
3.367718309164047241e-03
1.868806406855583191e-02
2.798141213133931160e-03
2.826089970767498016e-03
1.007855031639337540e-02
4.723953315988183022e-04
3.432353436946868896e-01
2.093655429780483246e-02
6.910218391567468643e-03
9.600585103034973145e-01
3.622067719697952271e-02
3.480579331517219543e-02
1.356013119220733643e-02
2.144855260848999023e-02
2.528770419303327799e-04
8.498688228428363800e-03
1.479915063828229904e-02
1.951003260910511017e-02
8.991693146526813507e-03
9.965129941701889038e-02
5.781145300716161728e-03
5.304920952767133713e-03
1.342304050922393799e-02
5.839050281792879105e-03
5.765519570559263229e-03
1.188271492719650269e-02
6.246698903851211071e-04
4.780449867248535156e-01
2.031971327960491180e-02
6.910074502229690552e-03
9.600479602813720703e-01
3.763208910822868347e-02
3.480087965726852417e-02
1.634031534194946289e-02
1.840877346694469452e-02
1.023692093440331519e-04
8.569914847612380981e-03
2.472598291933536530e-02
2.751473523676395416e-02
7.609870284795761108e-03
2.046384960412979126e-01
9.242451749742031097e-03
4.265364725142717361e-03
2.812290191650390625e-02
4.204429220408201218e-03
4.257388878613710403e-03
2.633711695671081543e-02
6.793432985432446003e-04
4.381219148635864258e-01
2.209352515637874603e-02
6.909342482686042786e-03
9.600477814674377441e-01
4.568020626902580261e-02
3.080149926245212555e-02
2.786596864461898804e-02
2.639771439135074615e-02
1.002170392894186080e-04
1.814795774407684803e-03
1.958587579429149628e-02
1.696279458701610565e-02
1.556831877678632736e-02
7.408037781715393066e-02
7.409767713397741318e-03
1.125929597765207291e-02
1.361982990056276321e-02
1.097501814365386963e-02
1.108598988503217697e-02
1.269923523068428040e-02
7.866783416830003262e-04
5.291193127632141113e-01
1.972491294145584106e-02
6.909153889864683151e-03
1.756068587303161621e+00
7.390543073415756226e-02
5.522036179900169373e-02
4.700312018394470215e-02
1.582196168601512909e-02
2.499549009371548891e-04
4.682727623730897903e-03
2.056877315044403076e-02
2.078613825142383575e-02
2.778222598135471344e-02
6.596771627664566040e-02
9.447268210351467133e-03
1.751859672367572784e-02
1.218223292380571365e-02
1.852198876440525055e-02
1.823733560740947723e-02
2.822598814964294434e-02
7.457174942828714848e-04
6.791698932647705078e-01
2.150909043848514557e-02
2.072612196207046509e-02
3.783221006393432617e+00
1.124569848179817200e-01
9.184584766626358032e-02
6.481950730085372925e-02
1.479633897542953491e-02
2.387530257692560554e-04
1.231843978166580200e-02
4.393251240253448486e-02
4.383773729205131531e-02
3.967278450727462769e-02
5.623564124107360840e-02
1.415408682078123093e-02
2.383892983198165894e-02
8.243183605372905731e-03
2.475824020802974701e-02
2.528409101068973541e-02
2.786727063357830048e-02
8.042688132263720036e-04
6.490924358367919922e-01
2.247782610356807709e-02
4.145260900259017944e-02
4.732617855072021484e+00
1.308953166007995605e-01
1.236764267086982727e-01
1.023814380168914795e-01
2.323268353939056396e-02
3.240650985389947891e-04
1.130750402808189392e-02
2.883167006075382233e-02
2.755787037312984467e-02
5.377008393406867981e-02
6.367094069719314575e-02
1.182217989116907120e-02
2.191427908837795258e-02
9.202527813613414764e-03
2.438993752002716064e-02
2.444209158420562744e-02
2.099908888339996338e-02
7.443440263159573078e-04
6.569695472717285156e-01
3.287446126341819763e-02
4.145590215921401978e-02
4.732670783996582031e+00
1.197886541485786438e-01
1.090042963624000549e-01
7.523757964372634888e-02
2.606317959725856781e-02
1.733055105432868004e-04
1.108382921665906906e-02
6.187796220183372498e-02
6.127886101603507996e-02
1.528287231922149658e-01
9.513175487518310547e-02
2.490208484232425690e-02
7.215643674135208130e-02
1.310525089502334595e-02
7.908750325441360474e-02
7.166987657546997070e-02
5.785545334219932556e-02
4.893970326520502567e-04
4.192012548446655273e-01
4.245229437947273254e-02
4.146004840731620789e-02
4.732717514038085938e+00
7.551006227731704712e-02
6.924676150083541870e-02
3.506251797080039978e-02
5.109507963061332703e-02
1.462517539039254189e-04
1.947402954101562500e-02
4.195019230246543884e-02
4.809850454330444336e-02
2.210108786821365356e-01
1.261472851037979126e-01
2.347198128700256348e-02
1.489396691322326660e-01
1.352294255048036575e-02
1.210417971014976501e-01
1.207978203892707825e-01
2.860502153635025024e-02
2.470402396284043789e-04
2.282984852790832520e-01
3.747298195958137512e-02
4.146140813827514648e-02
4.732732772827148438e+00
1.542841363698244095e-02
2.059503644704818726e-02
1.200716476887464523e-02
8.520618826150894165e-02
1.012268767226487398e-04
3.021418116986751556e-02
6.749001890420913696e-02
6.075556576251983643e-02
2.368133068084716797e-01
1.141655221581459045e-01
2.777516283094882965e-02
1.490508317947387695e-01
1.539411675184965134e-02
1.300887614488601685e-01
1.303602606058120728e-01
3.732575848698616028e-02
2.617264690343290567e-04
2.673674225807189941e-01
4.068794474005699158e-02
4.145969077944755554e-02
4.732718944549560547e+00
1.601881347596645355e-02
1.572185941040515900e-02
7.964829914271831512e-03
9.774604439735412598e-02
1.059913774952292442e-04
3.778428211808204651e-02
1.189288720488548279e-01
1.091688647866249084e-01
2.422235459089279175e-01
1.599414944648742676e-01
4.540905356407165527e-02
1.472388058900833130e-01
2.527653239667415619e-02
1.382594257593154907e-01
1.395792216062545776e-01
6.757471710443496704e-02
2.565436298027634621e-04
2.285855263471603394e-01
3.999944031238555908e-02
4.145777225494384766e-02
4.732711315155029297e+00
2.919637970626354218e-02
3.221380338072776794e-02
2.111220918595790863e-02
7.956678420305252075e-02
7.353520049946382642e-05
5.589482188224792480e-02
7.073696702718734741e-02
6.316850334405899048e-02
2.624588906764984131e-01
1.944346427917480469e-01
2.898264862596988678e-02
1.588125079870223999e-01
2.197615988552570343e-02
1.575131416320800781e-01
1.576416641473770142e-01
4.441729187965393066e-02
2.558318665251135826e-04
1.917797774076461792e-01
4.192117974162101746e-02
4.145667329430580139e-02
4.732776165008544922e+00
2.830289490520954132e-02
3.160199895501136780e-02
2.076562494039535522e-02
8.028890937566757202e-02
1.047718906193040311e-04
6.115485355257987976e-02
6.941337138414382935e-02
6.347059458494186401e-02
1.509224623441696167e-01
2.168339043855667114e-01
2.846832573413848877e-02
1.155179366469383240e-01
2.546094916760921478e-02
1.030097603797912598e-01
1.034731194376945496e-01
4.063546657562255859e-02
3.558693861123174429e-04
2.280199080705642700e-01
4.502184316515922546e-02
4.145617783069610596e-02
3.567151308059692383e+00
8.701705373823642731e-03
8.369217626750469208e-03
7.177177816629409790e-03
8.842718601226806641e-02
1.207903333124704659e-04
7.778954505920410156e-02
6.210740283131599426e-02
5.286498367786407471e-02
1.524016559123992920e-01
2.772256433963775635e-01
2.538585476577281952e-02
1.103459075093269348e-01
2.715091966092586517e-02
1.063190922141075134e-01
1.073026284575462341e-01
3.055352531373500824e-02
2.137701230822131038e-04
2.666529715061187744e-01
4.824395105242729187e-02
3.407372534275054932e-02
3.419512987136840820e+00
5.345950368791818619e-03
5.892659071832895279e-03
3.686094423756003380e-03
9.058132022619247437e-02
1.020959098241291940e-04
1.014773324131965637e-01
2.793811075389385223e-02
2.818476967513561249e-02
1.740906685590744019e-01
3.862306773662567139e-01
1.449466217309236526e-02
1.248808279633522034e-01
2.034137956798076630e-02
1.210891231894493103e-01
1.216331496834754944e-01
1.183751970529556274e-02
2.844941918738186359e-04
2.575462758541107178e-01
5.113808438181877136e-02
3.486278280615806580e-02
3.560899019241333008e+00
6.580113898962736130e-03
6.689457688480615616e-03
4.584677517414093018e-03
7.752387970685958862e-02
1.409465767210349441e-04
1.276596635580062866e-01
8.043572306632995605e-03
1.118343695998191833e-02
1.518352180719375610e-01
5.508282780647277832e-01
2.345896093174815178e-03
1.143466606736183167e-01
5.892806127667427063e-02
1.086412072181701660e-01
1.089705750346183777e-01
5.995957553386688232e-02
2.691553963813930750e-04
2.470426708459854126e-01
7.251966744661331177e-02
3.434227779507637024e-02
3.555820226669311523e+00
9.279627352952957153e-03
1.200532447546720505e-02
6.559439003467559814e-03
1.319492701441049576e-02
1.836110168369486928e-04
2.170950919389724731e-01
1.211753766983747482e-02
1.552888844162225723e-02
1.529979407787322998e-01
8.398826718330383301e-01
5.167729686945676804e-03
1.189629957079887390e-01
1.004735603928565979e-01
1.131100878119468689e-01
1.119933724403381348e-01
1.500466018915176392e-01
3.529701789375394583e-04
3.828870058059692383e-01
8.144238591194152832e-02
3.453254699707031250e-02
3.531269073486328125e+00
2.065226063132286072e-02
2.272509597241878510e-02
1.050313562154769897e-02
8.616667240858078003e-03
2.516242384444922209e-04
2.116876989603042603e-01
1.315288525074720383e-02
1.034634280949831009e-02
1.083520427346229553e-01
8.584103584289550781e-01
4.634839016944169998e-03
9.489706903696060181e-02
7.340192794799804688e-02
7.910052686929702759e-02
8.208204060792922974e-02
8.794898539781570435e-02
3.796949749812483788e-04
3.674474954605102539e-01
8.163522928953170776e-02
3.453238680958747864e-02
3.563232660293579102e+00
8.336783386766910553e-03
9.024751372635364532e-03
5.089635029435157776e-03
1.737911440432071686e-02
5.786334513686597347e-04
2.272328883409500122e-01
1.121383905410766602e-02
7.188433315604925156e-03
8.837813138961791992e-02
7.134864926338195801e-01
4.374193958938121796e-03
7.670718431472778320e-02
5.207630619406700134e-02
6.467523425817489624e-02
6.394191831350326538e-02
2.741341106593608856e-02
3.305505088064819574e-04
3.035419285297393799e-01
8.856131881475448608e-02
3.467050939798355103e-02
3.700188398361206055e+00
1.477520563639700413e-03
1.443658838979899883e-03
1.053413259796798229e-03
2.673103474080562592e-02
4.570306045934557915e-04
2.052229046821594238e-01
1.475377008318901062e-02
9.569841437041759491e-03
3.906028717756271362e-02
5.031101107597351074e-01
6.844025105237960815e-03
2.508992701768875122e-02
3.456969931721687317e-02
1.905580982565879822e-02
1.919748634099960327e-02
2.499740384519100189e-02
2.901123662013560534e-04
2.960278987884521484e-01
8.601083606481552124e-02
3.486535325646400452e-02
1.747179985046386719e+00
1.409136108122766018e-03
1.756071113049983978e-03
6.191262509673833847e-04
3.687703981995582581e-02
4.285215400159358978e-04
1.321913599967956543e-01
4.120511189103126526e-02
2.413447760045528412e-02
1.234193611890077591e-02
2.495297342538833618e-01
1.471890881657600403e-02
5.996270105242729187e-03
1.906117238104343414e-02
4.507415462285280228e-03
4.603744018822908401e-03
6.155824754387140274e-03
3.476887068245559931e-04
3.038907647132873535e-01
9.046170860528945923e-02
1.931175403296947479e-02
1.652665138244628906e+00
3.499879734590649605e-03
3.667742712423205376e-03
1.362549606710672379e-03
5.073387920856475830e-02
7.303908350877463818e-04
1.294891983270645142e-01
4.658991098403930664e-02
2.398786507546901703e-02
1.085314527153968811e-01
2.463514655828475952e-01
1.448374520987272263e-02
9.481450170278549194e-02
2.067244984209537506e-02
8.292473107576370239e-02
8.268023282289505005e-02
5.526463035494089127e-03
3.847893385682255030e-04
3.547016084194183350e-01
9.035413712263107300e-02
7.286974578164517879e-04
6.299872994422912598e-01
1.004151999950408936e-02
9.555050171911716461e-03
8.742873556911945343e-03
9.110791236162185669e-02
6.720635574311017990e-04
7.371466606855392456e-02
2.264250814914703369e-02
2.213138528168201447e-02
1.632768064737319946e-01
3.531199991703033447e-01
1.141406316310167313e-02
1.488514393568038940e-01
2.465187571942806244e-02
1.352245807647705078e-01
1.342633962631225586e-01
6.956025958061218262e-03
3.421002766117453575e-04
3.714738786220550537e-01
1.009753718972206116e-01
8.381573134101927280e-04
1.122614964842796326e-01
3.077849186956882477e-02
2.284072898328304291e-02
2.737636119127273560e-02
6.815847009420394897e-02
7.592812762595713139e-04
1.819092035293579102e-01
3.158463537693023682e-02
2.723990194499492645e-02
9.252908080816268921e-02
3.763032853603363037e-01
1.355067174881696701e-02
9.424692392349243164e-02
2.195133455097675323e-02
7.612445205450057983e-02
7.784468680620193481e-02
1.140107121318578720e-02
3.390789497643709183e-04
3.702462613582611084e-01
7.807440310716629028e-02
1.129198062699288130e-04
2.504862248897552490e-01
6.910797953605651855e-02
6.508227437734603882e-02
4.845634102821350098e-02
5.439088866114616394e-02
8.295805309899151325e-04
4.113465920090675354e-02
3.053854405879974365e-02
2.123496495187282562e-02
1.913304068148136139e-02
2.654054164886474609e-01
1.532251760363578796e-02
1.631043292582035065e-02
2.006101422011852264e-02
1.544070150703191757e-02
1.519603002816438675e-02
1.064717397093772888e-02
3.279274387750774622e-04
4.699846506118774414e-01
6.913565844297409058e-02
8.142873994074761868e-04
4.012045860290527344e-01
9.426864236593246460e-02
8.662056922912597656e-02
6.565614789724349976e-02
8.865600824356079102e-02
8.538486436009407043e-04
3.186607360839843750e-02
3.624091669917106628e-02
2.568761445581912994e-02
1.630476117134094238e-02
2.616309225559234619e-01
1.865964941680431366e-02
1.421822514384984970e-02
2.387951873242855072e-02
1.338755618780851364e-02
1.349281985312700272e-02
1.773801259696483612e-02
3.140339395031332970e-04
2.684669494628906250e-01
6.728403270244598389e-02
7.818604935891926289e-04
4.099616110324859619e-01
9.558859467506408691e-02
9.146443754434585571e-02
6.776782870292663574e-02
1.200182363390922546e-01
8.707077358849346638e-04
1.170517411082983017e-02
4.561229422688484192e-02
3.426987305283546448e-02
3.134132921695709229e-02
2.295817881822586060e-01
2.306084521114826202e-02
1.959420181810855865e-02
2.449651248753070831e-02
1.898906566202640533e-02
1.925601996481418610e-02
2.008167840540409088e-02
2.402844838798046112e-04
1.968903541564941406e-01
6.647985428571701050e-02
7.839533500373363495e-04
1.991371959447860718e-01
8.713015913963317871e-02
8.543205261230468750e-02
5.965821817517280579e-02
1.107293665409088135e-01
9.259004145860671997e-04
1.450059935450553894e-02
5.159379914402961731e-02
3.726002573966979980e-02
3.473535552620887756e-02
1.019618436694145203e-01
2.579706907272338867e-02
1.560381054878234863e-02
1.812468282878398895e-02
1.519914250820875168e-02
1.613524369895458221e-02
2.066095173358917236e-02
3.090944956056773663e-04
2.763367891311645508e-01
8.228173106908798218e-02
1.173772732727229595e-03
5.534195303916931152e-01
9.239939600229263306e-02
8.723786473274230957e-02
5.317142233252525330e-02
1.188912019133567810e-01
8.055782527662813663e-04
3.884452581405639648e-02
5.783183500170707703e-02
4.414777457714080811e-02
3.196120262145996094e-02
1.195954680442810059e-01
2.876523882150650024e-02
1.608848385512828827e-02
9.809412993490695953e-03
1.781678199768066406e-02
1.601187698543071747e-02
1.748286001384258270e-02
1.795043499441817403e-04
1.475077122449874878e-01
5.664139986038208008e-02
2.383814193308353424e-03
3.202984333038330078e-01
9.070781618356704712e-02
8.552002161741256714e-02
5.571988597512245178e-02
9.480011463165283203e-02
6.227340199984610081e-04
9.635131806135177612e-03
5.021014809608459473e-02
4.522900655865669250e-02
1.531755644828081131e-02
1.818298548460006714e-01
2.832486666738986969e-02
1.601398177444934845e-02
9.218656457960605621e-03
1.483048964291810989e-02
1.528588030487298965e-02
2.236176095902919769e-02
2.405090053798630834e-04
2.378907203674316406e-01
6.758316606283187866e-02
4.535993793979287148e-04
3.814297616481781006e-01
8.558151870965957642e-02
8.040348440408706665e-02
5.549664422869682312e-02
1.219217479228973389e-01
5.815533804707229137e-04
3.533956035971641541e-02
4.311357811093330383e-02
3.310215845704078674e-02
2.239277958869934082e-02
2.238879054784774780e-01
2.183097600936889648e-02
1.922916434705257416e-02
1.357558462768793106e-02
1.736599393188953400e-02
1.818443089723587036e-02
2.790291421115398407e-02
1.323497999692335725e-04
1.405488252639770508e-01
5.703435838222503662e-02
3.912176180165261030e-04
3.283012807369232178e-01
9.259716421365737915e-02
8.419398218393325806e-02
4.785640165209770203e-02
9.159019589424133301e-02
7.846669759601354599e-04
2.897953614592552185e-03
4.398460313677787781e-02
3.667289018630981445e-02
2.769949845969676971e-02
1.001100838184356689e-01
2.351242117583751678e-02
2.331082522869110107e-02
1.585216261446475983e-02
2.416479028761386871e-02
2.371018566191196442e-02
2.686212956905364990e-02
1.263386366190388799e-04
7.139212638139724731e-02
3.403286263346672058e-02
6.878022104501724243e-04
6.300303339958190918e-02
8.547771722078323364e-02
7.923361659049987793e-02
5.196086689829826355e-02
6.621894985437393188e-02
7.014076109044253826e-04
1.485580485314130783e-02
4.849819466471672058e-02
5.109832808375358582e-02
1.649442128837108612e-02
5.488459393382072449e-02
2.647691220045089722e-02
1.829756796360015869e-02
1.482522767037153244e-02
1.742571778595447540e-02
1.724593155086040497e-02
2.897965162992477417e-02
1.219840705743990839e-04
8.350646495819091797e-02
3.104968369007110596e-02
5.628257058560848236e-04
2.773197889328002930e-01
1.056853309273719788e-01
9.756799787282943726e-02
6.388791650533676147e-02
6.215286254882812500e-02
6.488039507530629635e-04
2.280879579484462738e-02
5.927468463778495789e-02
4.460796713829040527e-02
2.095397748053073883e-02
6.178857013583183289e-02
3.031114302575588226e-02
2.389717847108840942e-02
1.880990900099277496e-02
2.293495833873748779e-02
2.049469202756881714e-02
3.133853152394294739e-02
1.611459447303786874e-04
1.017074212431907654e-01
3.155514225363731384e-02
7.521954830735921860e-04
4.410525783896446228e-02
1.523080319166183472e-01
1.439226120710372925e-01
9.747592359781265259e-02
7.205148786306381226e-02
3.287859435658901930e-04
3.392690792679786682e-02
7.977294176816940308e-02
7.316854596138000488e-02
1.877211593091487885e-02
1.072475612163543701e-01
3.813867270946502686e-02
1.799391210079193115e-02
2.796081267297267914e-02
1.700042933225631714e-02
1.747743971645832062e-02
6.544031947851181030e-02
1.996447826968505979e-04
1.183628365397453308e-01
3.932123258709907532e-02
1.556688075652346015e-04
3.337846994400024414e-01
1.876895427703857422e-01
1.844695955514907837e-01
1.252207010984420776e-01
7.847402244806289673e-02
3.932375693693757057e-04
3.918675333261489868e-02
7.724709063768386841e-02
7.888438552618026733e-02
1.882700249552726746e-02
1.152201518416404724e-01
3.874885663390159607e-02
1.776825450360774994e-02
3.039044700562953949e-02
1.594995893537998199e-02
1.559040974825620651e-02
4.959407448768615723e-02
2.114543312927708030e-04
1.493653804063796997e-01
2.386938780546188354e-02
7.530477014370262623e-04
1.062720045447349548e-01
1.820464730262756348e-01
1.698784083127975464e-01
1.091697216033935547e-01
1.100286245346069336e-01
2.830110606737434864e-04
3.611214831471443176e-02
6.819448620080947876e-02
6.121097132563591003e-02
1.858106814324855804e-02
1.076163649559020996e-01
3.450848907232284546e-02
1.632668077945709229e-02
2.816458977758884430e-02
1.665088348090648651e-02
1.637775637209415436e-02
4.830710589885711670e-02
3.281871322542428970e-04
2.380618602037429810e-01
2.706446684896945953e-02
3.151435230392962694e-04
4.676989838480949402e-02
4.287536814808845520e-02
3.737738728523254395e-02
3.412798419594764709e-02
1.149684488773345947e-01
3.091729886364191771e-04
1.669266633689403534e-02
7.372734695672988892e-02
6.794670969247817993e-02
1.722534932196140289e-02
1.269462555646896362e-01
3.528664633631706238e-02
1.498954091221094131e-02
2.916570007801055908e-02
1.509746909141540527e-02
1.499580219388008118e-02
6.276629120111465454e-02
5.175918922759592533e-04
3.691380918025970459e-01
2.506838738918304443e-02
3.732935738298692740e-09
5.777226874670304824e-08
3.431655094027519226e-02
3.203189745545387268e-02
1.961759477853775024e-02
9.012814611196517944e-02
4.654363729059696198e-04
2.227253653109073639e-02
6.156147643923759460e-02
6.146037206053733826e-02
3.224459663033485413e-02
1.030870452523231506e-01
2.670706063508987427e-02
2.774251252412796021e-02
2.091365121304988861e-02
2.581239305436611176e-02
2.702921628952026367e-02
7.145521044731140137e-02
4.443057405296713114e-04
3.575232923030853271e-01
3.205365315079689026e-02
3.732935738298692740e-09
5.777226874670304824e-08
9.199678152799606323e-02
8.636426925659179688e-02
7.939287275075912476e-02
8.252295851707458496e-02
3.389331104699522257e-04
4.391387477517127991e-02
2.777233719825744629e-01
2.387446910142898560e-01
4.155674204230308533e-02
4.533671438694000244e-01
1.285067200660705566e-01
4.582535102963447571e-02
8.325410634279251099e-02
4.202486202120780945e-02
4.208639264106750488e-02
2.493178844451904297e-01
5.399729707278311253e-04
4.468045234680175781e-01
2.946897782385349274e-02
3.732935738298692740e-09
5.777226874670304824e-08
7.460885494947433472e-02
7.759221643209457397e-02
3.744703531265258789e-02
2.340184897184371948e-01
2.813515893649309874e-04
3.845819830894470215e-02
1.721524447202682495e-01
1.656682342290878296e-01
6.838435679674148560e-02
2.214535921812057495e-01
7.408364862203598022e-02
5.089761316776275635e-02
4.240654036402702332e-02
5.691798403859138489e-02
5.719760432839393616e-02
1.657481193542480469e-01
6.175287999212741852e-04
4.668450355529785156e-01
2.661404572427272797e-02
3.732935738298692740e-09
5.777226874670304824e-08
7.819736003875732422e-02
8.756348490715026855e-02
3.757559135556221008e-02
5.702499151229858398e-01
1.602086267666891217e-04
2.162910811603069305e-02
1.584209799766540527e-01
1.485565751791000366e-01
8.652231842279434204e-02
2.743936479091644287e-01
6.951565295457839966e-02
7.028279453516006470e-02
4.161986708641052246e-02
6.853676587343215942e-02
6.926871091127395630e-02
2.132301181554794312e-01
6.900441949255764484e-04
5.836523175239562988e-01
3.512083366513252258e-02
3.732935738298692740e-09
5.777226874670304824e-08
3.977289423346519470e-02
3.911134228110313416e-02
1.527056097984313965e-02
5.544370412826538086e-01
3.315692301839590073e-04
9.194434620440006256e-03
1.183197721838951111e-01
1.174900457262992859e-01
7.865329831838607788e-02
9.415034204721450806e-02
4.829671978950500488e-02
6.950626522302627563e-02
1.968120224773883820e-02
6.498152017593383789e-02
6.553739309310913086e-02
8.695108443498611450e-02
7.690664497204124928e-04
7.101362347602844238e-01
2.908430062234401703e-02
3.732935738298692740e-09
5.777226874670304824e-08
6.782060023397207260e-03
7.232018280774354935e-03
2.490772167220711708e-03
3.510930538177490234e-01
3.307911974843591452e-04
9.481213055551052094e-04
4.701626673340797424e-02
4.238966479897499084e-02
5.268181860446929932e-02
1.257593650370836258e-02
1.826187781989574432e-02
4.631001129746437073e-02
4.924336913973093033e-03
4.102274402976036072e-02
4.476799070835113525e-02
2.128161489963531494e-02
8.675648714415729046e-04
8.907234072685241699e-01
4.692927002906799316e-02
3.732935738298692740e-09
5.777226874670304824e-08
6.235042586922645569e-03
5.946791265159845352e-03
4.809440579265356064e-03
1.855171322822570801e-01
2.530555357225239277e-04
5.490177776664495468e-03
4.144458100199699402e-02
3.692642226815223694e-02
4.693441465497016907e-02
2.664453350007534027e-02
1.586674898862838745e-02
4.179855808615684509e-02
2.302987035363912582e-03
4.292477294802665710e-02
4.324461892247200012e-02
2.297943644225597382e-02
1.056707114912569523e-03
9.424991607666015625e-01
6.667516380548477173e-02
3.732935738298692740e-09
5.777226874670304824e-08
1.095938961952924728e-02
1.025880407541990280e-02
5.189179908484220505e-03
1.168707832694053650e-01
5.368523998185992241e-04
6.617167498916387558e-03
3.825696930289268494e-02
3.583946079015731812e-02
5.963692069053649902e-02
3.191424906253814697e-02
1.585807651281356812e-02
4.866928979754447937e-02
2.743473276495933533e-03
4.762651398777961731e-02
4.764093831181526184e-02
3.628261387348175049e-02
1.093993778340518475e-03
9.070447087287902832e-01
5.044854804873466492e-02
3.732935738298692740e-09
5.777226874670304824e-08
9.878021664917469025e-03
1.192748267203569412e-02
8.394091390073299408e-03
1.170212998986244202e-01
7.517356425523757935e-04
5.358723923563957214e-03
3.041980601847171783e-02
2.888917922973632812e-02
6.747411936521530151e-02
4.458135738968849182e-02
1.223732531070709229e-02
5.579695105552673340e-02
2.851094352081418037e-03
5.230722948908805847e-02
5.342516675591468811e-02
3.215378522872924805e-02
9.542189072817564011e-04
9.512531757354736328e-01
4.512299597263336182e-02
3.732935738298692740e-09
5.777226874670304824e-08
2.781277894973754883e-02
2.540505863726139069e-02
1.659436523914337158e-02
9.248165041208267212e-02
7.840935140848159790e-04
4.481578711420297623e-03
3.649033233523368835e-02
4.092057421803474426e-02
6.692909449338912964e-02
5.709029734134674072e-02
1.551764179021120071e-02
5.438044294714927673e-02
4.433804657310247421e-03
5.346568301320075989e-02
5.408241227269172668e-02
3.553041070699691772e-02
1.088149496354162693e-03
1.064404129981994629e+00
4.719766601920127869e-02
3.732935738298692740e-09
5.777226874670304824e-08
3.827704116702079773e-02
3.495036438107490540e-02
2.688343822956085205e-02
8.463718742132186890e-02
5.824281834065914154e-04
5.869752261787652969e-03
4.910318925976753235e-02
4.716983437538146973e-02
7.338204234838485718e-02
6.337247043848037720e-02
2.482794970273971558e-02
6.431510299444198608e-02
5.794165655970573425e-03
6.254480034112930298e-02
6.415721029043197632e-02
4.279261827468872070e-02
1.026927726343274117e-03
1.036641240119934082e+00
4.444898292422294617e-02
3.732935738298692740e-09
5.777226874670304824e-08
4.240000247955322266e-02
3.468703106045722961e-02
2.848834544420242310e-02
6.911844015121459961e-02
6.991627160459756851e-04
1.515155751258134842e-02
5.676304921507835388e-02
5.609658733010292053e-02
7.209653407335281372e-02
8.792407065629959106e-02
2.334984578192234039e-02
6.093058362603187561e-02
8.992089889943599701e-03
6.109035015106201172e-02
6.024545431137084961e-02
7.036785781383514404e-02
1.001013326458632946e-03
9.732305407524108887e-01
2.786560542881488800e-02
3.732935738298692740e-09
5.777226874670304824e-08
5.273789167404174805e-02
4.349241778254508972e-02
3.335970640182495117e-02
5.938414856791496277e-02
8.714132127352058887e-04
1.847995258867740631e-02
3.100961446762084961e-02
3.359107300639152527e-02
5.921602249145507812e-02
6.320022791624069214e-02
1.688590459525585175e-02
4.849502444267272949e-02
3.405593335628509521e-03
4.876120761036872864e-02
4.863089323043823242e-02
4.708811640739440918e-02
1.292593195103108883e-03
1.072510123252868652e+00
2.427194267511367798e-02
3.732935738298692740e-09
5.777226874670304824e-08
6.386196613311767578e-02
5.343529582023620605e-02
4.161839559674263000e-02
6.642527133226394653e-02
1.376070664264261723e-03
2.692347764968872070e-02
3.394174622371792793e-03
3.817718708887696266e-03
2.529914863407611847e-02
8.292067050933837891e-02
3.068113699555397034e-03
2.349259145557880402e-02
4.421162884682416916e-03
2.375181950628757477e-02
2.393825910985469818e-02
1.288580894470214844e-02
1.450826763175427914e-03
1.061936020851135254e+00
2.762060426175594330e-02
3.732935738298692740e-09
5.777226874670304824e-08
7.436843961477279663e-02
6.288421154022216797e-02
6.642900407314300537e-02
5.526676774024963379e-02
8.028133888728916645e-04
3.832934424281120300e-02
3.241949016228318214e-03
4.962807986885309219e-03
4.654254589695483446e-04
8.610218763351440430e-02
2.717964584007859230e-03
3.609485283959656954e-04
7.731482386589050293e-03
3.796747187152504921e-04
3.889253421220928431e-04
1.681705191731452942e-02
7.913340814411640167e-04
9.426867365837097168e-01
2.777216583490371704e-02
3.732935738298692740e-09
5.777226874670304824e-08
9.509745240211486816e-02
9.785481542348861694e-02
8.172600716352462769e-02
6.185585260391235352e-02
5.319748888723552227e-04
4.782997444272041321e-02
6.028266157954931259e-03
8.673836477100849152e-03
6.826266180723905563e-03
1.175309643149375916e-01
3.699282184243202209e-03
1.928785466589033604e-03
7.057122886180877686e-03
2.430139109492301941e-03
2.394316485151648521e-03
1.645890623331069946e-02
7.462018984369933605e-04
8.020040392875671387e-01
3.406982868909835815e-02
3.732935738298692740e-09
5.777226874670304824e-08
1.164968088269233704e-01
1.086348667740821838e-01
8.125118911266326904e-02
5.311295017600059509e-02
2.358462079428136349e-04
6.935591250658035278e-02
1.399258058518171310e-02
2.106786519289016724e-02
2.101462334394454956e-03
3.472977131605148315e-02
7.460750639438629150e-03
2.918634330853819847e-03
1.802207319997251034e-03
3.142945468425750732e-03
3.036326728761196136e-03
6.523401290178298950e-02
8.056555525399744511e-04
7.715347409248352051e-01
5.127163231372833252e-02
3.732935738298692740e-09
5.777226874670304824e-08
1.399325281381607056e-01
1.253794282674789429e-01
6.352054327726364136e-02
1.064503267407417297e-01
6.457307608798146248e-05
6.706381589174270630e-02
2.106768824160099030e-02
4.345276951789855957e-02
3.775790333747863770e-03
1.472426112741231918e-02
1.498627942055463791e-02
2.632528776302933693e-03
1.578491530381143093e-03
2.922926796600222588e-03
2.979679033160209656e-03
4.184677079319953918e-02
7.602020632475614548e-04
6.524956226348876953e-01
4.139688238501548767e-02
3.732935738298692740e-09
5.777226874670304824e-08
7.191362977027893066e-02
6.731513887643814087e-02
4.206746816635131836e-02
1.055424213409423828e-01
7.006902160355821252e-05
1.015447750687599182e-01
2.433099411427974701e-02
2.109257876873016357e-02
3.969609271734952927e-03
2.847612090408802032e-02
3.824202343821525574e-03
2.489023376256227493e-03
2.974649192765355110e-03
3.445998532697558403e-03
3.243343206122517586e-03
6.211300566792488098e-02
6.085576023906469345e-04
5.565011501312255859e-01
4.583062604069709778e-02
3.732935738298692740e-09
5.777226874670304824e-08
5.877460911870002747e-02
5.244342982769012451e-02
4.074110090732574463e-02
4.127017781138420105e-02
9.476116974838078022e-05
1.162559911608695984e-01
1.536971237510442734e-02
1.777279563248157501e-02
4.240184556692838669e-03
3.071915358304977417e-02
6.430784240365028381e-03
3.019443713128566742e-03
4.288177937269210815e-03
4.921149928122758865e-03
5.164294037967920303e-03
7.321885228157043457e-02
5.861031240783631802e-04
5.687707066535949707e-01
5.853524431586265564e-02
3.732935738298692740e-09
5.777226874670304824e-08
9.992317110300064087e-02
9.351062774658203125e-02
6.676062196493148804e-02
1.405530143529176712e-02
9.273702016798779368e-05
1.148612126708030701e-01
3.067936562001705170e-02
3.105232864618301392e-02
2.314461208879947662e-02
7.173081487417221069e-02
1.026248186826705933e-02
1.760060340166091919e-02
1.016238424926996231e-02
2.222911082208156586e-02
2.170087583363056183e-02
6.749415397644042969e-02
7.310342043638229370e-04
6.547623276710510254e-01
5.202129483222961426e-02
3.732935738298692740e-09
5.777226874670304824e-08
1.502933651208877563e-01
1.397113054990768433e-01
1.017065644264221191e-01
1.347211841493844986e-02
1.718989078653976321e-04
1.041623950004577637e-01
5.236962437629699707e-02
5.963932350277900696e-02
3.716863319277763367e-02
8.790225535631179810e-02
1.573759317398071289e-02
2.774753607809543610e-02
1.012021768838167191e-02
2.683158963918685913e-02
2.697662077844142914e-02
9.788024425506591797e-02
7.071268628351390362e-04
6.381341814994812012e-01
5.706501007080078125e-02
3.732935738298692740e-09
5.777226874670304824e-08
1.464200019836425781e-01
1.375435441732406616e-01
1.003707423806190491e-01
1.761462539434432983e-02
2.083975850837305188e-04
1.033704653382301331e-01
9.476620703935623169e-02
1.057374700903892517e-01
4.468584433197975159e-02
1.746503263711929321e-01
3.040020726621150970e-02
2.957243286073207855e-02
1.147376745939254761e-02
3.001891076564788818e-02
3.070693276822566986e-02
1.545003801584243774e-01
5.394521285779774189e-04
4.084568023681640625e-01
7.088565081357955933e-02
3.732935738298692740e-09
5.777226874670304824e-08
8.753857761621475220e-02
7.776192575693130493e-02
6.766006350517272949e-02
5.377328768372535706e-02
3.499061858747154474e-04
1.190566197037696838e-01
1.254528909921646118e-01
1.621596962213516235e-01
5.579252541065216064e-02
1.942622661590576172e-01
3.851669654250144958e-02
4.108459129929542542e-02
8.589392527937889099e-03
4.108256846666336060e-02
4.162855446338653564e-02
2.064776420593261719e-01
6.006659823469817638e-04
4.256137311458587646e-01
6.633945554494857788e-02
3.732935738298692740e-09
5.777226874670304824e-08
1.399337649345397949e-01
1.524918228387832642e-01
5.529958009719848633e-02
7.393079996109008789e-02
5.064921570010483265e-04
1.457626819610595703e-01
1.773641109466552734e-01
1.695616692304611206e-01
5.872641131281852722e-02
1.567021757364273071e-01
5.056064203381538391e-02
3.834913298487663269e-02
1.174304913729429245e-02
3.907263651490211487e-02
3.937400132417678833e-02
2.805473506450653076e-01
7.909188861958682537e-04
4.839513301849365234e-01
9.942823648452758789e-02
3.732935738298692740e-09
5.777226874670304824e-08
2.988430559635162354e-01
2.782666385173797607e-01
1.309382915496826172e-01
1.016561016440391541e-01
5.959037225693464279e-04
1.784243583679199219e-01
2.226591855287551880e-01
2.772841453552246094e-01
1.014461144804954529e-01
1.918256878852844238e-01
7.049102336168289185e-02
6.323970109224319458e-02
1.906353421509265900e-02
6.452261656522750854e-02
6.506141275167465210e-02
3.827418386936187744e-01
7.980745285749435425e-04
5.405105352401733398e-01
1.091551110148429871e-01
3.732935738298692740e-09
5.777226874670304824e-08
1.447460651397705078e-01
1.415543109178543091e-01
1.080034598708152771e-01
2.113232761621475220e-01
5.927246529608964920e-04
1.455138474702835083e-01
1.905004531145095825e-01
2.129648476839065552e-01
1.403563469648361206e-01
5.275264754891395569e-02
5.113808438181877136e-02
8.380594104528427124e-02
6.770327221602201462e-03
8.529368042945861816e-02
8.552948385477066040e-02
3.749589920043945312e-01
8.747326210141181946e-04
7.606937289237976074e-01
1.239284053444862366e-01
3.732935738298692740e-09
5.777226874670304824e-08
6.664410233497619629e-02
6.191289424896240234e-02
4.183699190616607666e-02
1.535328030586242676e-01
7.730722427368164062e-04
1.125158071517944336e-01
1.766729503870010376e-01
2.017981261014938354e-01
1.388361603021621704e-01
8.546277135610580444e-02
4.458403587341308594e-02
7.517760246992111206e-02
2.434542402625083923e-03
7.597985118627548218e-02
7.628082484006881714e-02
3.288955688476562500e-01
1.229143585078418255e-03
8.729708790779113770e-01
1.256452649831771851e-01
3.732935738298692740e-09
5.777226874670304824e-08
1.919402740895748138e-02
2.033061720430850983e-02
1.347868144512176514e-02
9.478449821472167969e-02
8.455295464955270290e-04
6.398742645978927612e-02
2.191490381956100464e-01
2.439532279968261719e-01
1.622049808502197266e-01
6.211607530713081360e-02
5.629547312855720520e-02
1.031837686896324158e-01
7.194892037659883499e-03
9.411430358886718750e-02
9.490691870450973511e-02
3.921502530574798584e-01
1.307919039390981197e-03
9.013713002204895020e-01
1.320804953575134277e-01
3.732935738298692740e-09
5.777226874670304824e-08
5.853127222508192062e-03
5.369680467993021011e-03
2.113356720656156540e-03
1.070590019226074219e-01
9.085623896680772305e-04
2.783397398889064789e-02
1.817671805620193481e-01
1.989644318819046021e-01
1.550711840391159058e-01
5.594417452812194824e-02
4.832386597990989685e-02
7.883768528699874878e-02
7.212132215499877930e-03
8.335097879171371460e-02
8.488418906927108765e-02
3.290750086307525635e-01
1.584294601343572140e-03
1.034866452217102051e+00
1.326195150613784790e-01
3.732935738298692740e-09
5.777226874670304824e-08
1.230721082538366318e-02
1.068371068686246872e-02
5.977557972073554993e-03
8.191058784723281860e-02
1.175761106424033642e-03
4.451204091310501099e-03
2.329833060503005981e-01
2.504169642925262451e-01
1.819457262754440308e-01
1.672063320875167847e-01
6.355183571577072144e-02
1.060670539736747742e-01
8.319706656038761139e-03
1.047268137335777283e-01
1.039894223213195801e-01
3.393782675266265869e-01
9.382992866449058056e-04
6.388664841651916504e-01
1.409892588853836060e-01
3.732935738298692740e-09
5.777226874670304824e-08
1.118357013911008835e-02
8.665098808705806732e-03
1.230510044842958450e-02
1.233628988265991211e-01
1.436202437616884708e-03
5.658034235239028931e-03
2.101891785860061646e-01
2.254767864942550659e-01
1.358799785375595093e-01
1.218684539198875427e-01
5.699244514107704163e-02
7.868317514657974243e-02
1.158870849758386612e-02
7.947406172752380371e-02
8.066391199827194214e-02
3.031147718429565430e-01
8.794988389126956463e-04
6.373174786567687988e-01
1.325781196355819702e-01
3.732935738298692740e-09
5.777226874670304824e-08
1.683067530393600464e-02
1.008689124137163162e-02
7.023991551250219345e-03
1.233125850558280945e-01
1.867814338766038418e-03
2.919051796197891235e-03
1.778174787759780884e-01
2.041171640157699585e-01
1.259418129920959473e-01
1.263535767793655396e-01
5.127023532986640930e-02
7.143621146678924561e-02
1.473755110055208206e-02
7.502103596925735474e-02
7.536992430686950684e-02
2.780497968196868896e-01
9.999572066590189934e-04
6.602948307991027832e-01
1.450773924589157104e-01
3.732935738298692740e-09
5.777226874670304824e-08
2.738284505903720856e-02
2.616983838379383087e-02
9.762720204889774323e-03
8.245437592267990112e-02
2.343331230804324150e-03
1.021943893283605576e-02
1.289088279008865356e-01
1.666915267705917358e-01
1.121320351958274841e-01
4.830572009086608887e-02
3.490795940160751343e-02
6.468160450458526611e-02
9.170521982014179230e-03
6.388134509325027466e-02
6.401880830526351929e-02
2.272814065217971802e-01
3.666311968117952347e-04
3.367458283901214600e-01
1.231135129928588867e-01
3.732935738298692740e-09
5.777226874670304824e-08
5.482917651534080505e-02
4.165605828166007996e-02
1.446811389178037643e-02
6.922287493944168091e-02
1.888263504952192307e-03
1.863461337052285671e-03
1.139205619692802429e-01
1.214274242520332336e-01
8.156698197126388550e-02
7.889915257692337036e-02
3.260125592350959778e-02
4.436039924621582031e-02
9.859460406005382538e-03
5.134196206927299500e-02
4.714931920170783997e-02
1.732538491487503052e-01
7.247932371683418751e-04
4.408467710018157959e-01
1.227930411696434021e-01
3.732935738298692740e-09
5.777226874670304824e-08
5.635873600840568542e-02
5.646264553070068359e-02
1.663853414356708527e-02
7.510118186473846436e-02
1.162652741186320782e-03
5.966779310256242752e-03
1.173874139785766602e-01
1.295411139726638794e-01
7.076185941696166992e-02
1.005544662475585938e-01
3.537850454449653625e-02
4.119565337896347046e-02
1.430464442819356918e-02
4.008099064230918884e-02
4.022101685404777527e-02
1.720322519540786743e-01
7.675648666918277740e-04
6.881789565086364746e-01
1.233549714088439941e-01
3.732935738298692740e-09
5.777226874670304824e-08
5.198341608047485352e-02
4.770509526133537292e-02
2.426296472549438477e-02
7.465193420648574829e-02
1.301989075727760792e-03
2.416471391916275024e-02
6.751777976751327515e-02
9.106931835412979126e-02
9.369641542434692383e-02
1.153850927948951721e-01
2.407739125192165375e-02
5.631113052368164062e-02
1.583211682736873627e-02
5.950266122817993164e-02
5.447132512927055359e-02
9.607233852148056030e-02
7.483638473786413670e-04
6.303787827491760254e-01
1.219625249505043030e-01
3.732935738298692740e-09
5.777226874670304824e-08
7.037775218486785889e-02
6.140981987118721008e-02
3.123192302882671356e-02
7.305365800857543945e-02
1.183178392238914967e-03
5.504918750375509262e-03
8.104408532381057739e-02
9.176632016897201538e-02
1.060896292328834534e-01
1.551524251699447632e-01
2.777605317533016205e-02
6.664196401834487915e-02
1.636275462806224823e-02
8.422686904668807983e-02
6.773851066827774048e-02
9.833627939224243164e-02
6.535688298754394054e-04
5.737173557281494141e-01
1.321683675050735474e-01
3.732935738298692740e-09
5.777226874670304824e-08
1.292778849601745605e-01
8.795103430747985840e-02
5.697130039334297180e-02
7.291761785745620728e-02
1.481460407376289368e-03
6.772845983505249023e-03
7.407984882593154907e-02
7.589577883481979370e-02
9.635728597640991211e-02
1.573640555143356323e-01
2.564512751996517181e-02
5.643754079937934875e-02
1.801121979951858521e-02
5.531615018844604492e-02
5.538854375481605530e-02
8.367235213518142700e-02
4.808442608918994665e-04
4.822381436824798584e-01
1.178791448473930359e-01
3.732935738298692740e-09
5.777226874670304824e-08
1.570544689893722534e-01
1.371386647224426270e-01
7.507947087287902832e-02
8.695495128631591797e-02
1.583206467330455780e-03
9.304339066147804260e-03
7.770358771085739136e-02
7.177225500345230103e-02
1.485482901334762573e-01
1.414657980203628540e-01
2.358410507440567017e-02
8.557287603616714478e-02
1.785548031330108643e-02
8.494067192077636719e-02
8.565644174814224243e-02
7.851644605398178101e-02
5.445245187729597092e-04
6.518265604972839355e-01
9.751626104116439819e-02
3.732935738298692740e-09
5.777226874670304824e-08
1.507049798965454102e-01
1.353582888841629028e-01
9.104678779840469360e-02
6.345298886299133301e-02
1.208073459565639496e-03
1.547353249043226242e-02
7.416823506355285645e-02
9.231107681989669800e-02
1.338039636611938477e-01
1.469894498586654663e-01
2.927869558334350586e-02
5.724673345685005188e-02
1.736566983163356781e-02
5.614734813570976257e-02
5.679551139473915100e-02
1.071295738220214844e-01
2.962331054732203484e-04
3.212941288948059082e-01
9.513109177350997925e-02
3.732935738298692740e-09
5.777226874670304824e-08
1.116019263863563538e-01
1.030709370970726013e-01
5.152359604835510254e-02
7.415649294853210449e-02
1.243379549123346806e-03
9.462767280638217926e-03
7.178756594657897949e-02
7.402449101209640503e-02
9.727361053228378296e-02
1.330875903367996216e-01
2.449425309896469116e-02
4.289999231696128845e-02
1.591504551470279694e-02
5.011826753616333008e-02
5.093030259013175964e-02
7.078209519386291504e-02
4.084521206095814705e-04
2.386266738176345825e-01
6.528738141059875488e-02
3.732935738298692740e-09
5.777226874670304824e-08
1.290461868047714233e-01
1.160133779048919678e-01
6.262653321027755737e-02
9.605747461318969727e-02
1.336098532192409039e-03
1.344617456197738647e-02
6.776276230812072754e-02
6.555473804473876953e-02
2.155190259218215942e-01
1.401146054267883301e-01
2.246175520122051239e-02
1.233096122741699219e-01
1.649942249059677124e-02
7.611726224422454834e-02
5.012431740760803223e-02
1.522019952535629272e-01
1.818997989175841212e-04
1.443480849266052246e-01
5.866245925426483154e-02
3.732935738298692740e-09
5.777226874670304824e-08
1.962716430425643921e-01
1.845263242721557617e-01
9.935217350721359253e-02
9.010445326566696167e-02
1.016734051518142223e-03
8.409046567976474762e-03
5.525629222393035889e-02
5.289587378501892090e-02
1.956353932619094849e-01
1.881598681211471558e-01
2.016008831560611725e-02
6.841961294412612915e-02
2.021370083093643188e-02
8.285070210695266724e-02
7.850166410207748413e-02
8.464472740888595581e-02
2.409583685221150517e-04
1.489743739366531372e-01
3.761513531208038330e-02
3.732935738298692740e-09
5.777226874670304824e-08
1.867230385541915894e-01
1.756300181150436401e-01
9.674585610628128052e-02
7.217077165842056274e-02
1.360132358968257904e-03
2.901498973369598389e-02
6.399942189455032349e-02
6.320839375257492065e-02
1.813747882843017578e-01
2.182815074920654297e-01
2.576428838074207306e-02
1.020891070365905762e-01
2.414771355688571930e-02
9.535792469978332520e-02
9.614553302526473999e-02
6.477177888154983521e-02
1.748244976624846458e-04
1.221204027533531189e-01
3.578243404626846313e-02
3.732935738298692740e-09
5.777226874670304824e-08
2.205516099929809570e-01
2.107609957456588745e-01
1.211834177374839783e-01
7.224608957767486572e-02
1.492372713983058929e-03
3.854886069893836975e-02
1.837853193283081055e-01
1.918982416391372681e-01
2.562482059001922607e-01
2.541858255863189697e-01
5.745834112167358398e-02
1.671643406152725220e-01
3.051939420402050018e-02
1.563932597637176514e-01
1.574932485818862915e-01
2.120678871870040894e-01
1.661284331930801272e-04
1.375287324190139771e-01
3.731922432780265808e-02
3.732935738298692740e-09
5.777226874670304824e-08
2.097460031509399414e-01
1.989101618528366089e-01
1.087455824017524719e-01
1.437156498432159424e-01
2.532139653339982033e-03
4.361848905682563782e-02
9.084242582321166992e-02
8.089400082826614380e-02
1.357345432043075562e-01
2.856390178203582764e-01
3.692429140210151672e-02
6.286874413490295410e-02
3.432327136397361755e-02
3.823157027363777161e-02
3.843704238533973694e-02
8.921802788972854614e-02
1.654188527027145028e-04
1.445843726396560669e-01
3.681406378746032715e-02
3.732935738298692740e-09
5.777226874670304824e-08
5.655613914132118225e-02
4.068341478705406189e-02
2.563020586967468262e-02
1.723912954330444336e-01
2.018626080825924873e-03
4.353733733296394348e-02
5.291274189949035645e-02
5.034686252474784851e-02
2.775150723755359650e-02
1.739527434110641479e-01
2.365696616470813751e-02
1.986626535654067993e-02
2.394609153270721436e-02
1.971279643476009369e-02
1.949592120945453644e-02
4.273893311619758606e-02
2.123022422892972827e-04
1.642183214426040649e-01
3.109990060329437256e-02
3.732935738298692740e-09
5.777226874670304824e-08
3.543956205248832703e-02
3.565879166126251221e-02
1.484942901879549026e-02
7.318766415119171143e-02
2.274845959618687630e-03
4.970530048012733459e-02
5.375786125659942627e-02
4.730879142880439758e-02
2.912730537354946136e-02
1.441927701234817505e-01
1.437002327293157578e-02
1.457430701702833176e-02
1.578606665134429932e-02
1.586143299937248230e-02
1.609189249575138092e-02
4.453968629240989685e-02
2.578657877165824175e-04
1.969157010316848755e-01
3.366494551301002502e-02
3.732935738298692740e-09
5.777226874670304824e-08
1.282860636711120605e-01
1.059167012572288513e-01
5.984105542302131653e-02
5.187557637691497803e-02
2.044270513579249382e-03
5.011419579386711121e-02
2.048135399818420410e-01
1.962124109268188477e-01
1.097876802086830139e-01
5.152308940887451172e-01
4.758445546030998230e-02
9.315144270658493042e-02
6.094253063201904297e-02
1.282566040754318237e-01
1.255918592214584351e-01
2.512156069278717041e-01
1.635431981412693858e-04
1.597725301980972290e-01
4.536579921841621399e-02
3.732935738298692740e-09
5.777226874670304824e-08
9.578473120927810669e-02
9.606721252202987671e-02
4.554851353168487549e-02
7.942211627960205078e-02
3.148355754092335701e-04
4.376869276165962219e-02
1.411278247833251953e-01
1.283640414476394653e-01
1.113727688789367676e-01
4.634928703308105469e-01
4.776484146714210510e-02
6.426571309566497803e-02
4.193621501326560974e-02
9.024140983819961548e-02
5.678288266062736511e-02
1.993703693151473999e-01
3.789088223129510880e-04
2.818300724029541016e-01
5.644410848617553711e-02
3.732935738298692740e-09
5.777226874670304824e-08
8.964499086141586304e-02
8.706251531839370728e-02
3.721128031611442566e-02
1.207563281059265137e-01
9.822354186326265335e-04
7.327779382467269897e-02
1.430659592151641846e-01
1.256602555513381958e-01
9.596896171569824219e-02
9.030345082283020020e-01
6.059907004237174988e-02
4.782088473439216614e-02
1.014075279235839844e-01
4.177000001072883606e-02
4.142546653747558594e-02
1.798779517412185669e-01
1.782464241841807961e-04
2.072585076093673706e-01
4.003901034593582153e-02
3.732935738298692740e-09
5.777226874670304824e-08
3.489090129733085632e-02
3.475387021899223328e-02
1.692198589444160461e-02
1.460433751344680786e-01
8.838294888846576214e-04
8.914300054311752319e-02
4.152046516537666321e-02
3.507374599575996399e-02
5.264211073517799377e-02
1.514588743448257446e-01
1.235224772244691849e-02
4.423735663294792175e-02
2.704068087041378021e-02
2.774271927773952484e-02
7.079369574785232544e-02
3.284903243184089661e-02
2.358993951929733157e-04
2.323995679616928101e-01
2.323474548757076263e-02
3.732935738298692740e-09
5.777226874670304824e-08
6.387490779161453247e-03
6.781617645174264908e-03
3.045242279767990112e-03
1.507916152477264404e-01
1.297146314755082130e-03
1.059845983982086182e-01
3.320654854178428650e-02
3.086534701287746429e-02
9.342231601476669312e-02
9.637168794870376587e-02
1.208031922578811646e-02
4.239724483340978622e-03
1.480690855532884598e-02
3.850311739370226860e-03
3.934314474463462830e-03
5.040640756487846375e-02
2.293973666382953525e-04
2.968364059925079346e-01
4.639758542180061340e-02
3.732935738298692740e-09
5.777226874670304824e-08
6.931133102625608444e-03
4.802828188985586166e-03
1.162996632046997547e-03
3.898742794990539551e-02
7.673609070479869843e-04
9.247231483459472656e-02
7.996874861419200897e-03
1.114734169095754623e-02
9.815652854740619659e-03
6.905654910951852798e-03
2.299147425219416618e-03
6.580966059118509293e-03
5.530310445465147495e-04
6.123446393758058548e-03
5.951570346951484680e-03
1.014418061822652817e-02
2.673349517863243818e-04
3.749730587005615234e-01
3.471056744456291199e-02
3.732935738298692740e-09
5.777226874670304824e-08
6.797337438911199570e-03
6.913154851645231247e-03
1.767838955856859684e-03
3.182592988014221191e-02
6.730128079652786255e-04
1.063287034630775452e-01
9.342209435999393463e-03
9.166157804429531097e-03
6.316534709185361862e-03
1.031614188104867935e-02
2.952834591269493103e-03
6.694752722978591919e-03
5.381639348343014717e-04
3.777060657739639282e-03
3.837663680315017700e-03
1.010751537978649139e-02
2.338589256396517158e-04
2.623411715030670166e-01
2.701561152935028076e-02
3.732935738298692740e-09
5.777226874670304824e-08
8.238633163273334503e-03
1.581344008445739746e-02
3.121823770925402641e-03
2.768245339393615723e-02
5.926659214310348034e-04
1.320264935493469238e-01
2.393083833158016205e-02
2.951637469232082367e-02
5.543848965317010880e-03
2.260383963584899902e-02
5.940779577940702438e-03
5.501490086317062378e-03
1.512540038675069809e-03
4.856638144701719284e-03
4.869778174906969070e-03
3.610374778509140015e-02
3.055759298149496317e-04
2.322581261396408081e-01
2.948367036879062653e-02
3.732935738298692740e-09
5.777226874670304824e-08
1.628815941512584686e-02
1.708776503801345825e-02
7.308891508728265762e-03
9.925219230353832245e-03
1.477424986660480499e-03
1.274356693029403687e-01
3.015502728521823883e-02
3.406998887658119202e-02
6.685585249215364456e-03
4.760099947452545166e-02
9.480430744588375092e-03
4.349664784967899323e-03
8.214899338781833649e-03
4.050388466566801071e-03
2.815947635099291801e-03
2.711817435920238495e-02
3.381251299288123846e-04
2.415233850479125977e-01
2.437736652791500092e-02
3.732935738298692740e-09
5.777226874670304824e-08
2.531056106090545654e-02
2.777198888361454010e-02
1.607389189302921295e-02
8.960496634244918823e-03
1.108529046177864075e-03
5.892074108123779297e-02
4.418981075286865234e-02
5.413003638386726379e-02
1.637226529419422150e-02
1.046955510973930359e-01
1.318405289202928543e-02
8.083702065050601959e-03
1.079672574996948242e-02
8.831356652081012726e-03
8.729063905775547028e-03
4.291326925158500671e-02
3.373103681951761246e-04
2.569859027862548828e-01
2.481663227081298828e-02
3.732935738298692740e-09
5.777226874670304824e-08
3.079063631594181061e-02
3.204851225018501282e-02
2.169294841587543488e-02
1.519548147916793823e-02
1.103867427445948124e-03
2.320774830877780914e-02
3.323030844330787659e-02
3.924191370606422424e-02
1.009380538016557693e-02
1.556422114372253418e-01
1.090513635426759720e-02
5.159657914191484451e-03
1.925782673060894012e-02
5.195181816816329956e-03
5.126101430505514145e-03
4.312671348452568054e-02
3.496502758935093880e-04
3.055777251720428467e-01
2.713063918054103851e-02
3.732935738298692740e-09
5.777226874670304824e-08
3.060039877891540527e-02
3.193337097764015198e-02
2.156765572726726532e-02
1.361748669296503067e-02
1.167142414487898350e-03
2.390640974044799805e-02
4.305883124470710754e-02
5.675999447703361511e-02
8.980497717857360840e-03
2.476090192794799805e-01
1.609388925135135651e-02
4.970982670783996582e-03
2.690800465643405914e-02
4.875957500189542770e-03
4.867506679147481918e-03
6.514025479555130005e-02
3.907303034793585539e-04
3.099704682826995850e-01
2.639881335198879242e-02
3.732935738298692740e-09
5.777226874670304824e-08
3.027588129043579102e-02
2.732650935649871826e-02
2.015496231615543365e-02
1.943554915487766266e-02
8.438609074801206589e-04
2.135314792394638062e-02
3.737099096179008484e-02
4.233960434794425964e-02
7.352497894316911697e-03
1.746544837951660156e-01
1.174957025796175003e-02
4.277668427675962448e-03
2.405485510826110840e-02
4.206366837024688721e-03
4.200757946819067001e-03
5.369002744555473328e-02
3.747846058104187250e-04
2.816299796104431152e-01
4.543096944689750671e-02
3.732935738298692740e-09
5.777226874670304824e-08
3.477575257420539856e-02
3.252210095524787903e-02
1.948249153792858124e-02
2.438910864293575287e-02
9.524041670374572277e-04
5.138729885220527649e-02
4.324784874916076660e-02
4.356431588530540466e-02
1.241027563810348511e-02
1.524315029382705688e-01
1.216501276940107346e-02
6.588034331798553467e-03
2.191182971000671387e-02
5.811593029648065567e-03
5.939813796430826187e-03
4.102181270718574524e-02
4.202387062832713127e-04
3.864934444427490234e-01
5.115021765232086182e-02
3.732935738298692740e-09
5.777226874670304824e-08
5.187487602233886719e-02
5.004306510090827942e-02
2.804552018642425537e-02
2.486626803874969482e-02
5.032130284234881401e-04
1.640894263982772827e-02
4.877984896302223206e-02
5.345007777214050293e-02
2.865439839661121368e-02
1.292707324028015137e-01
1.230733189731836319e-02
1.152060460299253464e-02
2.441363036632537842e-02
1.165950391441583633e-02
1.150032132863998413e-02
4.408041015267372131e-02
4.100061778444796801e-04
2.801798284053802490e-01
5.600796639919281006e-02
3.732935738298692740e-09
5.777226874670304824e-08
9.729832410812377930e-02
9.162028878927230835e-02
4.453454539179801941e-02
3.557891771197319031e-02
1.874334848253056407e-04
8.357097394764423370e-03
1.085027754306793213e-01
1.290310621261596680e-01
9.789097309112548828e-02
1.495839804410934448e-01
3.524258360266685486e-02
6.975088268518447876e-02
2.089696936309337616e-02
5.525974556803703308e-02
3.402644768357276917e-02
7.159515470266342163e-02
3.813862858805805445e-04
2.674126625061035156e-01
5.229847505688667297e-02
3.732935738298692740e-09
5.777226874670304824e-08
8.211579173803329468e-02
7.075848430395126343e-02
3.403163701295852661e-02
5.731759965419769287e-02
2.450427273288369179e-04
2.567886002361774445e-02
5.836221575736999512e-02
6.128327921032905579e-02
2.843957208096981049e-02
2.080066949129104614e-01
1.923850178718566895e-02
1.907187886536121368e-02
1.672146655619144440e-02
1.703897491097450256e-02
1.714894175529479980e-02
6.441485881805419922e-02
3.251846064813435078e-04
2.749207317829132080e-01
5.255337432026863098e-02
3.732935738298692740e-09
5.777226874670304824e-08
4.469375684857368469e-02
4.079772159457206726e-02
2.223291434347629547e-02
3.758886456489562988e-02
2.651314716786146164e-04
4.985520616173744202e-02
6.491944938898086548e-02
7.431959360837936401e-02
3.504893556237220764e-02
2.788395285606384277e-01
2.209320850670337677e-02
1.769736409187316895e-02
2.409761957824230194e-02
1.586380042135715485e-02
1.586010120809078217e-02
6.649872660636901855e-02
3.373092040419578552e-04
1.965725421905517578e-01
6.048396602272987366e-02
3.732935738298692740e-09
5.777226874670304824e-08
5.618389323353767395e-02
5.271992087364196777e-02
2.968462742865085602e-02
3.784549608826637268e-02
2.128527266904711723e-04
9.542220272123813629e-03
1.604291498661041260e-01
2.134180068969726562e-01
9.019780158996582031e-02
4.465994834899902344e-01
4.210286214947700500e-02
4.037481918931007385e-02
4.048330336809158325e-02
3.697878122329711914e-02
3.662764653563499451e-02
3.495228290557861328e-01
3.932854160666465759e-04
2.565163373947143555e-01
6.384434551000595093e-02
3.732935738298692740e-09
5.777226874670304824e-08
1.311422139406204224e-01
1.268194764852523804e-01
6.446158140897750854e-02
9.618213027715682983e-02
1.423978828825056553e-04
5.396457388997077942e-03
9.710315614938735962e-02
1.088067814707756042e-01
5.570885166525840759e-02
4.388140738010406494e-01
3.962023928761482239e-02
2.765445411205291748e-02
4.055368900299072266e-02
2.529806457459926605e-02
2.513418905436992645e-02
9.677839279174804688e-02
4.972907481715083122e-04
2.267929166555404663e-01
8.464384078979492188e-02
3.732935738298692740e-09
5.777226874670304824e-08
2.145035862922668457e-01
2.047784179449081421e-01
1.145840510725975037e-01
1.486258506774902344e-01
1.735621335683390498e-04
3.412331454455852509e-03
1.157462522387504578e-01
1.135617122054100037e-01
3.295383974909782410e-02
4.626149237155914307e-01
3.735878691077232361e-02
1.715683378279209137e-02
4.179840907454490662e-02
1.515989098697900772e-02
1.524061989039182663e-02
1.091975942254066467e-01
5.764681845903396606e-04
3.256945908069610596e-01
7.684687525033950806e-02
3.732935738298692740e-09
5.777226874670304824e-08
2.015466690063476562e-01
1.839833706617355347e-01
9.684798121452331543e-02
1.500722467899322510e-01
1.915713510243222117e-04
6.729504559189081192e-03
1.556470394134521484e-01
1.477018743753433228e-01
3.879830613732337952e-02
4.380866587162017822e-01
5.300023034214973450e-02
2.533885836601257324e-02
5.200472474098205566e-02
2.413164265453815460e-02
2.396814525127410889e-02
1.423015743494033813e-01
5.589323700405657291e-04
2.482722550630569458e-01
5.824161693453788757e-02
3.732935738298692740e-09
5.777226874670304824e-08
4.120387509465217590e-02
3.558729588985443115e-02
2.460996247828006744e-02
7.010519504547119141e-02
4.330316733103245497e-04
3.061900474131107330e-02
7.339981943368911743e-02
8.318065851926803589e-02
2.761601842939853668e-02
1.524075269699096680e-01
2.853751182556152344e-02
1.603573374450206757e-02
2.776124328374862671e-02
1.642057299613952637e-02
1.505031436681747437e-02
9.189898520708084106e-02
4.709435161203145981e-04
2.051504701375961304e-01
4.054465889930725098e-02
3.732935738298692740e-09
5.777226874670304824e-08
4.211292043328285217e-02
3.925690427422523499e-02
1.673690788447856903e-02
2.778664231300354004e-02
5.060227122157812119e-04
3.219574689865112305e-03
3.954057395458221436e-02
4.245151579380035400e-02
2.437142096459865570e-02
1.069025173783302307e-01
1.405626442283391953e-02
1.372548192739486694e-02
1.113230735063552856e-02
1.368902623653411865e-02
1.373033691197633743e-02
3.317661955952644348e-02
1.691441284492611885e-04
1.410819143056869507e-01
3.381105139851570129e-02
3.732935738298692740e-09
5.777226874670304824e-08
1.078756079077720642e-01
8.361411094665527344e-02
5.055863782763481140e-02
2.618190646171569824e-02
2.743693476077169180e-04
2.054819092154502869e-02
1.156061291694641113e-01
5.828531458973884583e-02
7.519301027059555054e-02
3.594734370708465576e-01
1.926806569099426270e-02
4.108888283371925354e-02
3.868534043431282043e-02
4.196551814675331116e-02
4.252472147345542908e-02
1.203509196639060974e-01
1.601587282493710518e-04
1.187200918793678284e-01
3.702316805720329285e-02
3.732935738298692740e-09
5.777226874670304824e-08
9.937604516744613647e-02
1.001796647906303406e-01
4.749707505106925964e-02
2.053298614919185638e-02
2.663532177393790334e-05
3.656806424260139465e-02
1.145545840263366699e-01
1.219935491681098938e-01
1.049084365367889404e-01
3.394567072391510010e-01
4.657690599560737610e-02
6.300444900989532471e-02
4.149422422051429749e-02
6.382638216018676758e-02
6.336674094200134277e-02
3.719536960124969482e-01
1.901208888739347458e-04
1.397362053394317627e-01
3.776631131768226624e-02
3.732935738298692740e-09
5.777226874670304824e-08
7.348266988992691040e-02
8.137724548578262329e-02
3.678949922323226929e-02
5.283557996153831482e-02
4.491567960940301418e-05
3.659138828516006470e-02
1.122486367821693420e-01
1.298186779022216797e-01
1.155545935034751892e-01
2.964647114276885986e-01
4.541732743382453918e-02
5.770191550254821777e-02
4.270747676491737366e-02
5.418338254094123840e-02
5.406288430094718933e-02
3.424254357814788818e-01
2.158702845918014646e-04
1.519225686788558960e-01
3.979354724287986755e-02
3.732935738298692740e-09
5.777226874670304824e-08
3.256494924426078796e-02
3.306001797318458557e-02
1.739432848989963531e-02
1.064943671226501465e-01
2.703349127841647714e-05
1.339614391326904297e-02
6.253120303153991699e-02
6.770893931388854980e-02
1.047251820564270020e-01
1.275980621576309204e-01
2.034302242100238800e-02
5.047555640339851379e-02
1.287895813584327698e-02
4.173104837536811829e-02
4.171876609325408936e-02
8.301212638616561890e-02
1.610215986147522926e-04
1.165328100323677063e-01
3.528700396418571472e-02
3.732935738298692740e-09
5.777226874670304824e-08
6.408622022718191147e-03
6.076594348996877670e-03
2.904789289459586143e-03
8.279169350862503052e-02
2.779956412268802524e-05
4.786113742738962173e-03
3.022171556949615479e-02
3.184965252876281738e-02
9.941378980875015259e-02
1.104126796126365662e-01
8.911271579563617706e-03
4.320439696311950684e-02
3.371149534359574318e-03
4.764227941632270813e-02
4.817965626716613770e-02
4.158709943294525146e-02
2.134843380190432072e-04
1.484537869691848755e-01
6.145351752638816833e-02
3.732935738298692740e-09
5.777226874670304824e-08
6.229901686310768127e-03
9.641405194997787476e-03
1.566860475577414036e-03
2.968643046915531158e-02
2.288278301421087235e-05
2.338565653190016747e-03
1.204887684434652328e-02
1.617880351841449738e-02
7.592425495386123657e-02
3.118768632411956787e-01
3.605027450248599052e-03
3.247387334704399109e-02
5.774447228759527206e-03
3.171534463763237000e-02
3.156528994441032410e-02
2.036775276064872742e-02
3.600874915719032288e-04
3.296558856964111328e-01
3.863623365759849548e-02
3.732935738298692740e-09
5.777226874670304824e-08
5.976972635835409164e-03
1.039609592407941818e-02
3.467290895059704781e-03
1.764671877026557922e-02
4.098561475984752178e-05
1.192552386783063412e-03
8.459651842713356018e-03
7.340460550040006638e-03
5.029719695448875427e-02
4.595862925052642822e-01
1.736361416988074780e-03
1.690293848514556885e-02
1.246159803122282028e-02
2.847464196383953094e-02
2.852885611355304718e-02
2.643577987328171730e-03
2.881728869397193193e-04
1.990528553724288940e-01
3.249565884470939636e-02
3.732935738298692740e-09
5.777226874670304824e-08
1.306176930665969849e-02
2.020291984081268311e-02
7.129882927983999252e-03
7.728785276412963867e-03
3.244325489504262805e-05
6.866569747216999531e-04
5.248969886451959610e-03
5.680248606950044632e-03
4.589428007602691650e-02
5.258511379361152649e-02
2.011324511840939522e-03
1.196368318051099777e-02
5.009578075259923935e-03
3.282288089394569397e-02
1.815523765981197357e-02
7.530006114393472672e-03
2.612611860968172550e-04
1.058628633618354797e-01
2.251213043928146362e-02
3.732935738298692740e-09
6.001900415867567062e-03
1.939783245325088501e-02
2.434462867677211761e-02
7.866148836910724640e-03
8.458743803203105927e-03
5.527036773855797946e-05
1.442879554815590382e-03
4.243813455104827881e-03
6.977109238505363464e-03
2.520205825567245483e-02
8.619555830955505371e-02
1.063406816683709621e-03
1.418265420943498611e-02
4.830851685255765915e-03
1.399614661931991577e-02
9.080926887691020966e-03
5.278931464999914169e-03
1.854617003118619323e-04
9.636092185974121094e-02
2.332382835447788239e-02
3.732935738298692740e-09
6.001430097967386246e-03
2.389843575656414032e-02
2.418038807809352875e-02
1.019205059856176376e-02
6.079005543142557144e-03
9.784448047867044806e-05
2.487719990313053131e-03
2.526992931962013245e-03
2.383023733273148537e-03
1.424298435449600220e-02
5.816468596458435059e-02
1.311633735895156860e-03
9.002837352454662323e-03
2.244125586003065109e-03
9.081154130399227142e-03
8.718919940292835236e-03
3.734922735020518303e-03
2.197432186221703887e-04
9.308081120252609253e-02
2.063559181988239288e-02
3.732935738298692740e-09
6.002493202686309814e-03
3.261379152536392212e-02
2.484423480927944183e-02
1.368259359151124954e-02
4.424618091434240341e-03
5.674198109772987664e-05
1.600305433385074139e-03
2.232104539871215820e-03
2.126876497641205788e-03
2.658010274171829224e-02
6.223203614354133606e-02
2.256251871585845947e-03
1.447761151939630508e-02
3.119327826425433159e-03
1.594836823642253876e-02
1.605422049760818481e-02
9.125232696533203125e-03
2.179664443247020245e-04
1.097154989838600159e-01
2.298348397016525269e-02
3.732935738298692740e-09
6.002472247928380966e-03
5.439075455069541931e-02
3.717014193534851074e-02
1.735800318419933319e-02
1.421720907092094421e-02
1.603530654392670840e-05
2.604881068691611290e-03
7.933200336992740631e-03
7.443634793162345886e-03
3.013777174055576324e-02
1.873140223324298859e-02
2.588887698948383331e-03
1.874886639416217804e-02
1.814673771150410175e-03
1.779293827712535858e-02
1.802155189216136932e-02
1.212755963206291199e-02
2.512626233510673046e-04
1.470696181058883667e-01
2.160304784774780273e-02
3.732935738298692740e-09
6.003009621053934097e-03
5.874475836753845215e-02
5.712425708770751953e-02
2.950300835072994232e-02
2.885481156408786774e-02
1.820428406063001603e-05
1.752502750605344772e-03
3.229703521355986595e-03
2.362314146012067795e-03
1.634025759994983673e-02
5.847136676311492920e-02
1.465957961045205593e-03
9.562061168253421783e-03
1.779414247721433640e-03
9.328375570476055145e-03
9.210072457790374756e-03
5.608884152024984360e-03
1.671108766458928585e-04
1.051250472664833069e-01
3.069508075714111328e-02
3.732935738298692740e-09
6.002210546284914017e-03
6.807341426610946655e-02
6.046068668365478516e-02
3.274613618850708008e-02
2.569656819105148315e-02
3.740703323273919523e-05
1.523792860098183155e-03
3.363705007359385490e-03
3.768046386539936066e-03
1.555937249213457108e-02
6.426639854907989502e-02
2.137002069503068924e-03
9.800559841096401215e-03
3.941500559449195862e-03
1.000705361366271973e-02
1.009933650493621826e-02
1.103065628558397293e-02
1.518859644420444965e-04
8.381400257349014282e-02
3.278859704732894897e-02
3.732935738298692740e-09
6.002614740282297134e-03
1.165813431143760681e-01
1.081586107611656189e-01
6.278669089078903198e-02
2.792611159384250641e-02
8.236081339418888092e-05
3.577381372451782227e-03
2.848452888429164886e-03
5.895392503589391708e-03
1.150114089250564575e-02
5.312256142497062683e-02
3.365465439856052399e-03
1.965485746040940285e-03
3.238513367250561714e-03
1.735420897603034973e-03
1.819816767238080502e-03
2.316044084727764130e-02
1.640333357499912381e-04
8.604344725608825684e-02
2.221163921058177948e-02
3.732935738298692740e-09
6.002904381603002548e-03
1.725972443819046021e-01
1.634849011898040771e-01
7.123741507530212402e-02
2.855607122182846069e-02
9.921941818902269006e-05
8.002960123121738434e-03
4.292385652661323547e-02
2.820920012891292572e-02
1.898690871894359589e-02
8.104717358946800232e-03
1.219968218356370926e-02
7.186865434050559998e-03
1.211973023600876331e-03
2.033709548413753510e-02
2.574019692838191986e-02
5.177079141139984131e-02
1.287025370402261615e-04
7.739727944135665894e-02
2.275420725345611572e-02
3.732935738298692740e-09
6.003625690937042236e-03
1.358906179666519165e-01
1.259399801492691040e-01
8.058840036392211914e-02
3.170044347643852234e-02
1.859855838119983673e-04
3.081247210502624512e-03
2.620215155184268951e-02
2.550240419805049896e-02
1.429155934602022171e-02
3.725049644708633423e-02
9.210311807692050934e-03
2.073326148092746735e-02
4.417790565639734268e-03
2.377186529338359833e-02
2.156295068562030792e-02
9.710754267871379852e-03
1.569104206282645464e-04
1.109579727053642273e-01
1.857122220098972321e-02
3.732935738298692740e-09
3.907735049724578857e-01
9.448461979627609253e-02
9.239906072616577148e-02
4.848130047321319580e-02
5.513750016689300537e-02
2.631750539876520634e-04
8.225915022194385529e-03
1.505309808999300003e-02
1.339759584516286850e-02
1.644429750740528107e-02
5.420944094657897949e-02
5.294749978929758072e-03
1.551969349384307861e-02
8.970304392278194427e-03
1.694096624851226807e-02
1.722596399486064911e-02
1.484650373458862305e-02
1.338256261078640819e-04
7.982366532087326050e-02
2.252022363245487213e-02
2.763479016721248627e-02
2.395760536193847656e+00
2.393352054059505463e-02
2.376395277678966522e-02
1.261845882982015610e-02
2.901644445955753326e-02
1.231693313457071781e-04
2.166155725717544556e-02
3.415386378765106201e-02
2.628005854785442352e-02
1.091601625084877014e-01
5.522117018699645996e-02
9.627449326217174530e-03
5.218384042382240295e-02
5.310626700520515442e-03
4.729531705379486084e-02
4.758203029632568359e-02
1.921230368316173553e-02
1.162488406407646835e-04
9.530168771743774414e-02
3.032611869275569916e-02
4.145203158259391785e-02
3.778219461441040039e+00
3.575991839170455933e-03
3.648813115432858467e-03
2.305789152160286903e-03
3.851103410124778748e-02
1.429457042831927538e-04
1.884848810732364655e-02
3.387300297617912292e-02
1.948358118534088135e-02
1.162484884262084961e-01
1.034409329295158386e-01
7.381583098322153091e-03
5.672411993145942688e-02
9.425298310816287994e-03
5.211038514971733093e-02
5.226920917630195618e-02
1.460269093513488770e-02
1.486559776822105050e-04
1.217043474316596985e-01
3.225006535649299622e-02
4.145643487572669983e-02
3.803114175796508789e+00
1.703629828989505768e-02
1.716599613428115845e-02
1.094021275639533997e-02
3.102753497660160065e-02
1.633289502933621407e-04
2.168512158095836639e-02
2.130681276321411133e-02
1.339446473866701126e-02
9.544241428375244141e-02
1.207696124911308289e-01
6.029177922755479813e-03
4.817064478993415833e-02
1.003603730350732803e-02
4.965319857001304626e-02
5.000112578272819519e-02
8.168240077793598175e-03
1.152271361206658185e-04
7.223548740148544312e-02
1.834754459559917450e-02
4.146030917763710022e-02
3.827172994613647461e+00
1.378220971673727036e-02
1.500657852739095688e-02
8.350941352546215057e-03
3.257519006729125977e-02
1.198959362227469683e-04
2.620489709079265594e-02
2.964539825916290283e-02
2.541112899780273438e-02
1.189269796013832092e-01
1.657811850309371948e-01
8.041697554290294647e-03
5.974638834595680237e-02
1.173376012593507767e-02
5.175444483757019043e-02
5.219973251223564148e-02
1.520757842808961868e-02
2.731833665166050196e-04
1.642941683530807495e-01
1.716113835573196411e-02
4.146084934473037720e-02
3.827196121215820312e+00
6.098911166191101074e-03
7.266584783792495728e-03
4.713118076324462891e-03
2.111626602709293365e-02
1.291218650294467807e-04
2.890114299952983856e-02
1.890402846038341522e-02
2.328326553106307983e-02
8.876162767410278320e-02
1.933243870735168457e-01
6.313875317573547363e-03
5.690551921725273132e-02
1.303691882640123367e-02
5.321663618087768555e-02
5.330144241452217102e-02
1.223050057888031006e-02
1.160798783530481160e-04
8.209241181612014771e-02
1.656574942171573639e-02
4.145847633481025696e-02
3.827189683914184570e+00
3.410361008718609810e-03
3.823624225333333015e-03
3.360151546075940132e-03
4.024046286940574646e-02
1.273023226531222463e-04
3.694858774542808533e-02
1.514468807727098465e-02
1.078179106116294861e-02
5.960697308182716370e-02
1.855326443910598755e-01
4.341578111052513123e-03
3.443738818168640137e-02
1.291732024401426315e-02
3.236872330307960510e-02
3.300791233777999878e-02
1.186781097203493118e-02
1.885316596599295735e-04
1.473198682069778442e-01
2.877661027014255524e-02
4.145590588450431824e-02
3.800937891006469727e+00
5.106675904244184494e-03
6.576450541615486145e-03
2.476672176271677017e-03
3.308929130434989929e-02
1.042486328515224159e-04
6.011921539902687073e-02
1.341881230473518372e-03
2.740796422585844994e-03
6.190006434917449951e-02
4.320352971553802490e-01
3.655168402474373579e-04
3.543798997998237610e-02
1.333954650908708572e-02
3.317739441990852356e-02
3.346776962280273438e-02
1.245435234159231186e-02
2.490400511305779219e-04
2.123282700777053833e-01
3.636882454156875610e-02
4.145466163754463196e-02
3.808793306350708008e+00
7.577429991215467453e-03
8.969139307737350464e-03
4.341793246567249298e-03
2.197546325623989105e-02
1.740391599014401436e-04
6.721942871809005737e-02
3.172732889652252197e-03
3.128999145701527596e-03
4.983757808804512024e-02
3.880957663059234619e-01
9.240016224794089794e-04
2.642007172107696533e-02
2.095556072890758514e-02
2.992857806384563446e-02
3.088687919080257416e-02
1.961973123252391815e-02
2.469575847499072552e-04
1.699014902114868164e-01
4.663285613059997559e-02
4.145715013146400452e-02
3.805427312850952148e+00
3.728553652763366699e-03
4.547230433672666550e-03
2.897479338571429253e-03
8.367920294404029846e-03
1.876561582321301103e-04
6.697500497102737427e-02
4.993077367544174194e-03
3.840694203972816467e-03
3.549480438232421875e-02
5.535367727279663086e-01
1.498418278060853481e-03
2.445123344659805298e-02
1.791127212345600128e-02
2.100127004086971283e-02
2.091608010232448578e-02
2.057645656168460846e-02
3.175327728968113661e-04
2.196784764528274536e-01
8.880492299795150757e-02
4.145981371402740479e-02
3.799723386764526367e+00
2.413735026493668556e-03
2.657422097399830818e-03
1.469383365474641323e-03
3.795489668846130371e-03
2.454185741953551769e-04
5.945934727787971497e-02
4.408822860568761826e-03
4.238424357026815414e-03
2.655138261616230011e-02
6.887746453285217285e-01
1.213295385241508484e-03
1.663831993937492371e-02
1.468397956341505051e-02
1.450206339359283447e-02
1.471064519137144089e-02
2.863635309040546417e-02
3.031097585335373878e-04
2.057581543922424316e-01
9.755437821149826050e-02
4.146169498562812805e-02
3.798393249511718750e+00
7.740001310594379902e-04
9.607244282960891724e-04
4.740494769066572189e-04
2.132161054760217667e-03
1.965715637197718024e-04
5.761248990893363953e-02
6.174035836011171341e-03
7.173632737249135971e-03
1.907136477530002594e-02
2.720769643783569336e-01
1.941627007909119129e-03
1.103402394801378250e-02
1.516617368906736374e-02
1.178442034870386124e-02
1.079092640429735184e-02
2.647008188068866730e-02
3.145811206195503473e-04
2.317601591348648071e-01
9.891182184219360352e-02
4.146347567439079285e-02
3.807764768600463867e+00
1.679261680692434311e-03
1.302064047195017338e-03
1.209334237501025200e-03
5.980648100376129150e-03
2.008393785217776895e-04
5.525956675410270691e-02
1.372002158313989639e-02
1.284465473145246506e-02
1.669999957084655762e-02
2.768463790416717529e-01
3.783120773732662201e-03
1.153650134801864624e-02
1.761243678629398346e-02
9.012424387037754059e-03
9.207506664097309113e-03
2.722894214093685150e-02
3.619838098529726267e-04
2.968616783618927002e-01
9.811214357614517212e-02
4.146696254611015320e-02
3.809215784072875977e+00
4.807012621313333511e-03
4.547565709799528122e-03
2.651030430570244789e-03
1.163981202989816666e-02
2.461137773934751749e-04
6.141036376357078552e-02
1.005005557090044022e-02
1.176031772047281265e-02
1.160718221217393875e-02
3.482797145843505859e-01
2.429732354357838631e-03
8.003465831279754639e-03
1.963623613119125366e-02
7.787193637341260910e-03
7.493842393159866333e-03
4.699508473277091980e-02
4.706887702923268080e-04
3.878639638423919678e-01
1.071707010269165039e-01
4.146955162286758423e-02
3.808891057968139648e+00
2.347833849489688873e-02
2.170411497354507446e-02
1.340077072381973267e-02
1.951766200363636017e-02
4.035093879792839289e-04
4.830492660403251648e-02
1.208781450986862183e-02
1.412826124578714371e-02
9.378989227116107941e-03
2.946750223636627197e-01
2.878502942621707916e-03
5.929373204708099365e-03
1.681803725659847260e-02
6.025413516908884048e-03
6.236562039703130722e-03
4.743369296193122864e-02
4.582090768963098526e-04
3.348580896854400635e-01
1.030589044094085693e-01
4.146584495902061462e-02
3.810871839523315430e+00
5.847562849521636963e-02
5.410087108612060547e-02
3.411401063203811646e-02
1.337977033108472824e-02
3.230323782190680504e-04
5.612360779196023941e-03
3.242297470569610596e-02
2.964151836931705475e-02
1.319267321377992630e-02
2.726050913333892822e-01
7.313303183764219284e-03
8.662170730531215668e-03
1.741679757833480835e-02
8.501809090375900269e-03
8.550051599740982056e-03
5.299426987767219543e-02
4.834272840525954962e-04
3.522882163524627686e-01
1.085102185606956482e-01
4.145912453532218933e-02
1.828066349029541016e+00
8.472611755132675171e-02
8.247693628072738647e-02
5.692235007882118225e-02
1.688969135284423828e-02
4.814098065253347158e-04
3.220206825062632561e-03
1.817387342453002930e-02
1.665668375790119171e-02
5.210423469543457031e-02
6.720107793807983398e-02
5.659535992890596390e-03
1.028723828494548798e-02
3.274026094004511833e-03
8.982253260910511017e-03
9.047129191458225250e-03
2.069998718798160553e-02
4.611642507370561361e-04
3.359650075435638428e-01
1.047775521874427795e-01
9.132417850196361542e-03
2.193053483963012695e+00
8.417859673500061035e-02
8.126731216907501221e-02
5.851001664996147156e-02
2.133834548294544220e-02
4.037147446069866419e-04
3.280949778854846954e-03
2.697126567363739014e-02
2.425547502934932709e-02
2.205064706504344940e-02
6.403503566980361938e-02
8.142602629959583282e-03
1.415957789868116379e-02
3.045701188966631889e-03
1.466000545769929886e-02
1.367199327796697617e-02
2.613996528089046478e-02
5.099826958030462265e-04
4.098715782165527344e-01
1.077168360352516174e-01
2.122277161106467247e-03
1.885151863098144531e+00
8.819236606359481812e-02
8.054051548242568970e-02
6.525492668151855469e-02
3.052142262458801270e-02
4.196325317025184631e-04
1.010760571807622910e-02
3.841372951865196228e-02
3.385533764958381653e-02
2.555342577397823334e-02
8.111067861318588257e-02
1.120941806584596634e-02
1.612363196909427643e-02
4.416004288941621780e-03
1.605006307363510132e-02
1.599435694515705109e-02
3.239747509360313416e-02
6.515256245620548725e-04
4.695356190204620361e-01
1.240517497062683105e-01
1.503045088611543179e-03
3.861893415451049805e-01
8.618012815713882446e-02
8.299689739942550659e-02
5.397215113043785095e-02
4.473688080906867981e-02
3.889380022883415222e-04
1.265750546008348465e-02
3.588176146149635315e-02
3.568787872791290283e-02
2.649880386888980865e-02
6.578024476766586304e-02
1.078780647367238998e-02
1.675833947956562042e-02
3.838889067992568016e-03
1.644426025450229645e-02
1.662866771221160889e-02
4.048397019505500793e-02
6.218288908712565899e-04
3.833130896091461182e-01
1.308605223894119263e-01
1.029176288284361362e-03
1.835389882326126099e-01
9.055987745523452759e-02
8.740729838609695435e-02
5.797086283564567566e-02
4.735485836863517761e-02
4.418301396071910858e-04
2.288522757589817047e-02
4.205687716603279114e-02
4.192691668868064880e-02
2.900441922247409821e-02
6.270422786474227905e-02
1.278652716428041458e-02
2.594600059092044830e-02
5.202838685363531113e-03
2.581175602972507477e-02
2.567477338016033173e-02
3.638974577188491821e-02
5.296248127706348896e-04
3.847357332706451416e-01
1.333535164594650269e-01
6.586415693163871765e-04
1.333729028701782227e-01
8.605867624282836914e-02
8.134324103593826294e-02
5.200864747166633606e-02
5.060442164540290833e-02
3.430207434576004744e-04
6.993407756090164185e-02
4.701913520693778992e-02
4.735991358757019043e-02
5.070830881595611572e-02
1.196214333176612854e-01
1.281809154897928238e-02
3.484055399894714355e-02
3.087653080001473427e-03
3.497702255845069885e-02
3.539894521236419678e-02
3.446657583117485046e-02
2.862749679479748011e-04
2.141439914703369141e-01
1.120196357369422913e-01
6.794521585106849670e-03
1.292997956275939941e+00
8.992262929677963257e-02
8.757618814706802368e-02
5.774377286434173584e-02
6.052805855870246887e-02
4.661783168558031321e-04
7.639496773481369019e-02
4.757052287459373474e-02
4.745874926447868347e-02
5.847445130348205566e-02
9.319275617599487305e-02
1.256101112812757492e-02
4.156419262290000916e-02
2.100043231621384621e-03
4.159091040492057800e-02
4.164790734648704529e-02
4.603824391961097717e-02
1.849798136390745640e-04
1.239652037620544434e-01
8.099394291639328003e-02
1.312593836337327957e-02
1.536088109016418457e+00
9.429479390382766724e-02
9.038428217172622681e-02
5.666960403323173523e-02
5.564073845744132996e-02
4.091602750122547150e-04
1.157393828034400940e-01
4.331323876976966858e-02
4.269833490252494812e-02
8.775884658098220825e-02
4.234090447425842285e-02
1.021365541964769363e-02
5.285635218024253845e-02
2.264236798509955406e-03
5.150548741221427917e-02
5.252204835414886475e-02
4.497922584414482117e-02
1.983767579076811671e-04
1.259719580411911011e-01
7.155556976795196533e-02
2.025865949690341949e-02
1.745995879173278809e+00
1.173778474330902100e-01
1.101616621017456055e-01
6.649818271398544312e-02
6.410632282495498657e-02
3.654989413917064667e-04
1.300413459539413452e-01
6.188384816050529480e-02
6.024185940623283386e-02
9.840174764394760132e-02
4.497906565666198730e-02
1.439659763127565384e-02
6.406641751527786255e-02
2.162006916478276253e-03
6.337913870811462402e-02
6.369281560182571411e-02
7.903520017862319946e-02
2.031022013397887349e-04
1.502060443162918091e-01
7.170535624027252197e-02
1.929898746311664581e-02
1.791378021240234375e+00
1.398739367723464966e-01
1.374358236789703369e-01
8.641179651021957397e-02
5.495629087090492249e-02
3.818845434579998255e-04
1.562584191560745239e-01
9.007304161787033081e-02
6.744457781314849854e-02
1.034806445240974426e-01
4.722556099295616150e-02
1.769699528813362122e-02
6.643176823854446411e-02
3.253618488088250160e-03
6.521696597337722778e-02
5.963115766644477844e-02
2.097119837999343872e-01
3.641314397100359201e-04
2.552736699581146240e-01
2.850125730037689209e-02
1.945053599774837494e-02
1.819748520851135254e+00
1.574618369340896606e-01
1.553874760866165161e-01
9.484261274337768555e-02
5.979246273636817932e-02
4.208901373203843832e-04
2.527204751968383789e-01
7.530213892459869385e-02
9.481865912675857544e-02
9.612724184989929199e-02
6.221409514546394348e-02
2.799988538026809692e-02
6.524599343538284302e-02
5.492560565471649170e-03
7.495497167110443115e-02
7.474374026060104370e-02
2.109855413436889648e-01
5.002212128601968288e-04
3.649199903011322021e-01
1.509068068116903305e-02
1.977984607219696045e-02
1.907525420188903809e+00
1.691114902496337891e-01
1.737506389617919922e-01
1.084393486380577087e-01
6.683170050382614136e-02
7.564533152617514133e-04
3.816760480403900146e-01
1.248666718602180481e-01
1.710292547941207886e-01
1.390223056077957153e-01
1.020929589867591858e-01
3.633949160575866699e-02
9.561701864004135132e-02
9.757654741406440735e-03
9.496013075113296509e-02
9.595510363578796387e-02
3.462925255298614502e-01
6.352243362925946712e-04
3.345901966094970703e-01
1.690041460096836090e-02
2.011081390082836151e-02
1.863294243812561035e+00
1.579391360282897949e-01
1.546355932950973511e-01
8.854714781045913696e-02
6.735944747924804688e-02
6.448024068959057331e-04
3.804070949554443359e-01
6.634964793920516968e-02
7.577089965343475342e-02
9.765302389860153198e-02
8.492875099182128906e-02
2.245763689279556274e-02
6.997878849506378174e-02
8.476844988763332367e-03
7.287598401308059692e-02
7.313870638608932495e-02
2.038028985261917114e-01
5.757010076195001602e-04
3.830721378326416016e-01
1.789042912423610687e-02
2.824063301086425781e-01
2.993305206298828125e+00
4.696662351489067078e-02
3.929635882377624512e-02
2.234531752765178680e-02
2.723970077931880951e-02
8.040880784392356873e-04
4.315687119960784912e-01
5.138107016682624817e-02
7.859937101602554321e-02
9.124705940485000610e-02
1.181762814521789551e-01
1.866699196398258209e-02
6.826116144657135010e-02
7.345566060394048691e-03
7.749422639608383179e-02
7.794312387704849243e-02
1.878236979246139526e-01
7.222418207675218582e-04
4.240435659885406494e-01
1.393389981240034103e-02
3.476625382900238037e-01
3.514981985092163086e+00
6.069368124008178711e-02
5.970199406147003174e-02
2.546316385269165039e-02
2.081314288079738617e-02
9.093316621147096157e-04
4.496247768402099609e-01
7.084784656763076782e-02
8.519647270441055298e-02
6.834515929222106934e-02
1.313369423151016235e-01
2.371536195278167725e-02
4.547309875488281250e-02
1.510025188326835632e-02
4.970319941639900208e-02
4.947772994637489319e-02
1.292696595191955566e-01
4.812843690160661936e-04
3.528366088867187500e-01
1.224305480718612671e-02
3.511172235012054443e-01
3.349576234817504883e+00
1.592606753110885620e-01
1.516263335943222046e-01
7.506690174341201782e-02
4.093685746192932129e-02
3.223092353437095881e-04
5.052440762519836426e-01
1.050811782479286194e-01
1.417207270860671997e-01
6.807913631200790405e-02
1.597605198621749878e-01
3.944398835301399231e-02
5.881038308143615723e-02
1.506870239973068237e-02
6.363046914339065552e-02
6.391766667366027832e-02
1.482083648443222046e-01
7.699062116444110870e-04
5.938786864280700684e-01
1.337296236306428909e-02
3.508142232894897461e-01
3.353829622268676758e+00
9.009904414415359497e-02
9.088537842035293579e-02
5.742938816547393799e-02
4.693610593676567078e-02
2.850086020771414042e-04
5.513491034507751465e-01
1.516967564821243286e-01
2.038031816482543945e-01
1.079628244042396545e-01
9.048960357904434204e-02
5.722849443554878235e-02
9.279674291610717773e-02
9.944149293005466461e-03
1.012010276317596436e-01
1.004888713359832764e-01
2.808035910129547119e-01
1.469371258281171322e-03
1.173360228538513184e+00
2.123239636421203613e-02
3.564023971557617188e-01
3.595092058181762695e+00
5.669277533888816833e-02
5.997894704341888428e-02
3.460763767361640930e-02
5.879857763648033142e-02
3.693486505653709173e-04
5.771315693855285645e-01
2.279186993837356567e-01
2.785966992378234863e-01
1.034481301903724670e-01
2.124784141778945923e-01
9.071981161832809448e-02
9.391233325004577637e-02
2.675259113311767578e-02
1.007964313030242920e-01
1.009931340813636780e-01
3.473885059356689453e-01
2.087417757138609886e-03
1.558569550514221191e+00
2.490645088255405426e-02
3.592980802059173584e-01
3.778703451156616211e+00
4.793309047818183899e-02
4.035761579871177673e-02
2.221911214292049408e-02
7.422778755426406860e-02
6.151775014586746693e-04
6.463609933853149414e-01
3.120568096637725830e-01
4.032174050807952881e-01
1.528182178735733032e-01
1.217946112155914307e-01
1.354809999465942383e-01
1.463283747434616089e-01
1.845904812216758728e-02
1.562201231718063354e-01
1.550979614257812500e-01
5.796819329261779785e-01
2.206047065556049347e-03
1.686759948730468750e+00
1.882837526500225067e-02
3.592939674854278564e-01
3.820322036743164062e+00
3.798977239057421684e-03
4.576752893626689911e-03
2.289156429469585419e-03
8.389609307050704956e-02
7.689907797612249851e-04
7.435482144355773926e-01
4.449177682399749756e-01
5.084510445594787598e-01
2.619672715663909912e-01
1.735497564077377319e-01
1.699990034103393555e-01
2.302954643964767456e-01
2.523557282984256744e-02
2.457453757524490356e-01
2.461760789155960083e-01
7.120278477668762207e-01
2.060469239950180054e-03
1.663358569145202637e+00
1.886158995330333710e-02
3.592939376831054688e-01
3.857166290283203125e+00
6.847868207842111588e-03
6.387119647115468979e-03
1.984603703022003174e-03
2.136637717485427856e-01
1.119520165957510471e-03
4.811941087245941162e-01
5.102771520614624023e-01
5.720849037170410156e-01
3.204278051853179932e-01
1.446119397878646851e-01
2.052267938852310181e-01
3.133853375911712646e-01
3.081355057656764984e-02
3.264470994472503662e-01
3.256351649761199951e-01
7.347666621208190918e-01
2.752464264631271362e-03
2.038445472717285156e+00
2.206627838313579559e-02
3.592930138111114502e-01
3.857224702835083008e+00
4.829979967325925827e-03
6.985294166952371597e-03
3.371741855517029762e-03
1.834051012992858887e-01
1.378570217639207840e-03
2.652672231197357178e-01
6.067339777946472168e-01
7.116851806640625000e-01
2.849943637847900391e-01
2.691891789436340332e-01
2.578793466091156006e-01
3.852490484714508057e-01
4.076564684510231018e-02
4.254634678363800049e-01
4.259912073612213135e-01
8.140550255775451660e-01
2.925421344116330147e-03
2.360706329345703125e+00
2.335702814161777496e-02
3.534129559993743896e-01
3.469124555587768555e+00
9.495060890913009644e-03
1.220792997628450394e-02
6.538820918649435043e-03
2.287643700838088989e-01
1.609147875569760799e-03
1.480955779552459717e-01
6.840105056762695312e-01
7.545285224914550781e-01
5.260432362556457520e-01
3.623052835464477539e-01
2.983988523483276367e-01
4.726549386978149414e-01
5.963088944554328918e-02
4.821415841579437256e-01
4.837641716003417969e-01
8.570429682731628418e-01
3.019753843545913696e-03
2.447452306747436523e+00
2.253227867186069489e-02
3.420346677303314209e-01
1.783544421195983887e+00
1.350343693047761917e-02
1.353267859667539597e-02
1.174707245081663132e-02
3.337078094482421875e-01
1.670040539465844631e-03
3.744275867938995361e-02
7.202892303466796875e-01
7.740424275398254395e-01
5.610179305076599121e-01
3.409175872802734375e-01
3.188239634037017822e-01
5.235909223556518555e-01
5.978184938430786133e-02
5.441547036170959473e-01
5.461704134941101074e-01
7.655014395713806152e-01
2.973363501951098442e-03
2.352366685867309570e+00
4.613843560218811035e-02
3.364743292331695557e-01
1.620386242866516113e+00
1.325618382543325424e-02
1.322345156222581863e-02
1.380896288901567459e-02
3.078788816928863525e-01
2.468878636136651039e-03
5.980963632464408875e-02
5.539487004280090332e-01
6.436074376106262207e-01
3.935958445072174072e-01
2.306638211011886597e-01
2.781746387481689453e-01
5.030266642570495605e-01
6.273522228002548218e-02
5.403061509132385254e-01
5.394847989082336426e-01
7.058432698249816895e-01
2.953657880425453186e-03
2.357748270034790039e+00
5.986117199063301086e-02
3.371679484844207764e-01
1.615841269493103027e+00
2.363132871687412262e-02
2.507843635976314545e-02
1.912681944668292999e-02
2.890407145023345947e-01
2.714866772294044495e-03
1.474021654576063156e-02
4.407730400562286377e-01
4.745841920375823975e-01
4.194714128971099854e-01
1.076984405517578125e-01
3.059000074863433838e-01
4.588855206966400146e-01
6.359635293483734131e-02
4.741003811359405518e-01
4.748198091983795166e-01
3.835043907165527344e-01
2.004683716222643852e-03
1.896921992301940918e+00
4.646693170070648193e-02
3.339097201824188232e-01
1.637081503868103027e+00
2.698520570993423462e-02
2.777814678847789764e-02
2.266213297843933105e-02
3.426085412502288818e-01
2.028579125180840492e-03
6.703603267669677734e-02
6.763631701469421387e-01
6.352827548980712891e-01
4.783208370208740234e-01
2.232509106397628784e-01
3.758966028690338135e-01
5.322017669677734375e-01
7.910483330488204956e-02
5.368048548698425293e-01
5.368368625640869141e-01
4.518190324306488037e-01
1.921439892612397671e-03
1.561301231384277344e+00
6.432940810918807983e-02
3.371516466140747070e-01
1.610285758972167969e+00
3.463969752192497253e-02
3.080301173031330109e-02
2.181973122060298920e-02
3.378323316574096680e-01
2.262594411149621010e-03
3.080462850630283356e-02
6.881462931632995605e-01
8.142468929290771484e-01
4.749678075313568115e-01
2.000360637903213501e-01
3.777925968170166016e-01
5.246182084083557129e-01
8.941660076379776001e-02
5.280787348747253418e-01
5.321914553642272949e-01
3.786396682262420654e-01
1.998953754082322121e-03
1.656864523887634277e+00
1.030180975794792175e-01
3.361319005489349365e-01
1.783408761024475098e+00
3.965346887707710266e-02
3.896179422736167908e-02
2.599662542343139648e-02
2.231866717338562012e-01
1.942021655850112438e-03
1.081369295716285706e-01
7.384483814239501953e-01
8.460115790367126465e-01
3.606330454349517822e-01
3.681428432464599609e-01
4.024265110492706299e-01
3.546691834926605225e-01
1.488040089607238770e-01
3.688503503799438477e-01
3.681087791919708252e-01
5.352683663368225098e-01
1.938974135555326939e-03
1.660744309425354004e+00
1.162691786885261536e-01
5.736915767192840576e-02
1.474630355834960938e+00
8.226623386144638062e-02
8.019110560417175293e-02
4.849919676780700684e-02
2.544628381729125977e-01
1.316444016993045807e-03
1.248363032937049866e-01
5.943167805671691895e-01
6.620225310325622559e-01
2.794338464736938477e-01
3.383845388889312744e-01
3.516804873943328857e-01
3.170339167118072510e-01
1.211990639567375183e-01
3.218694925308227539e-01
3.195095062255859375e-01
3.247356712818145752e-01
1.642312388867139816e-03
1.248942971229553223e+00
1.235233619809150696e-01
1.396921742707490921e-02
2.489306479692459106e-01
9.291544556617736816e-02
9.063740819692611694e-02
6.732041388750076294e-02
3.211424648761749268e-01
1.457577920518815517e-03
1.549674272537231445e-01
5.041543841361999512e-01
5.373482704162597656e-01
1.401528269052505493e-01
2.244184166193008423e-01
2.939797043800354004e-01
1.764275878667831421e-01
9.205204248428344727e-02
1.739493161439895630e-01
1.700823754072189331e-01
1.418895274400711060e-01
1.144950161688029766e-03
8.857622742652893066e-01
1.170241758227348328e-01
4.894524812698364258e-03
2.381911724805831909e-01
7.785855978727340698e-02
6.782781332731246948e-02
5.672103166580200195e-02
2.746802270412445068e-01
8.340783533640205860e-04
2.156348079442977905e-01
4.153542816638946533e-01
4.669555723667144775e-01
6.667890399694442749e-02
8.352581411600112915e-02
2.654303610324859619e-01
1.329060941934585571e-01
7.317142933607101440e-02
1.353539079427719116e-01
1.363514661788940430e-01
7.134374231100082397e-02
6.781083648093044758e-04
5.924997329711914062e-01
8.400938659906387329e-02
3.930028062313795090e-03
3.508141338825225830e-01
2.165929228067398071e-02
1.932651177048683167e-02
2.789129316806793213e-02
2.690901756286621094e-01
5.900548421777784824e-04
2.701514065265655518e-01
4.552291333675384521e-01
4.663889408111572266e-01
1.181433573365211487e-01
7.466701418161392212e-02
2.757343351840972900e-01
1.590825766324996948e-01
5.377940461039543152e-02
1.623488068580627441e-01
1.611461788415908813e-01
5.928457379341125488e-01
9.327759034931659698e-04
7.832669615745544434e-01
1.010985076427459717e-01
2.285960828885436058e-03
2.418266981840133667e-01
1.461568474769592285e-02
1.341059058904647827e-02
2.822790481150150299e-02
2.928132116794586182e-01
3.729040327016264200e-04
1.625360101461410522e-01
4.397387504577636719e-01
4.519768655300140381e-01
9.051182121038436890e-02
1.093393936753273010e-01
2.632346451282501221e-01
1.252847313880920410e-01
6.059992685914039612e-02
1.278962045907974243e-01
1.267136782407760620e-01
3.307782113552093506e-01
9.624841040931642056e-04
8.319838643074035645e-01
1.014241501688957214e-01
1.295874733477830887e-02
6.683696061372756958e-02
2.414551563560962677e-02
2.251066267490386963e-02
3.969673439860343933e-02
3.037689328193664551e-01
5.214850534684956074e-04
1.082822456955909729e-01
4.370813369750976562e-01
4.212981760501861572e-01
2.844333648681640625e-02
1.386860609054565430e-01
2.605036199092864990e-01
4.185230657458305359e-02
6.627747416496276855e-02
4.982674121856689453e-02
4.912224411964416504e-02
1.836314350366592407e-01
1.063840580172836781e-03
9.443561434745788574e-01
1.103416979312896729e-01
1.533410698175430298e-02
7.234395146369934082e-01
5.199147388339042664e-02
5.281080678105354309e-02
7.455551624298095703e-02
2.472659945487976074e-01
2.977170806843787432e-04
1.468446105718612671e-02
3.900376260280609131e-01
3.843770027160644531e-01
5.366046447306871414e-03
1.478039026260375977e-01
2.273740768432617188e-01
6.866800040006637573e-02
6.000326946377754211e-02
6.714804470539093018e-02
1.283622812479734421e-02
1.627271026372909546e-01
1.088910154066979885e-03
9.151794314384460449e-01
1.242997720837593079e-01
2.493328414857387543e-02
1.182709217071533203e+00
4.715425148606300354e-02
4.847944900393486023e-02
6.691766530275344849e-02
2.507550418376922607e-01
5.393279716372489929e-04
2.117966301739215851e-02
2.642250061035156250e-01
2.740365266799926758e-01
1.087075937539339066e-02
9.229117631912231445e-02
1.536563485860824585e-01
1.685888133943080902e-02
3.810942545533180237e-02
4.932932090014219284e-03
4.891631659120321274e-03
5.191798508167266846e-02
1.659272820688784122e-03
1.231967329978942871e+00
1.033888459205627441e-01
3.107352368533611298e-02
1.368156075477600098e+00
1.584856025874614716e-02
1.502052973955869675e-02
3.866012394428253174e-02
2.544749677181243896e-01
3.782825078815221786e-04
1.599064283072948456e-02
1.431861221790313721e-01
1.960827857255935669e-01
2.055072598159313202e-02
1.238783970475196838e-01
8.454545587301254272e-02
3.266162797808647156e-02
3.714502230286598206e-02
3.097759187221527100e-02
2.973935008049011230e-02
1.376840006560087204e-02
1.675145351327955723e-03
1.456623673439025879e+00
9.972884505987167358e-02
2.956998050212860107e-01
2.430638551712036133e+00
1.518473308533430099e-02
2.173104882240295410e-02
1.951424963772296906e-02
1.501091271638870239e-01
2.975384413730353117e-04
1.208872813731431961e-02
7.118060439825057983e-02
1.175215616822242737e-01
3.994110599160194397e-02
1.205446794629096985e-01
3.446242585778236389e-02
5.403426289558410645e-02
1.931528002023696899e-02
5.068768188357353210e-02
5.057157576084136963e-02
1.249664742499589920e-02
2.004859270527958870e-03
1.345371365547180176e+00
1.007369086146354675e-01
1.341225743293762207e+00
4.522380352020263672e+00
1.387729495763778687e-02
1.448131632059812546e-02
1.616374962031841278e-02
4.752806201577186584e-02
2.404020779067650437e-04
1.667855307459831238e-02
5.966598913073539734e-02
8.153312653303146362e-02
6.244683172553777695e-03
1.070809364318847656e-01
2.791475690901279449e-02
3.327946737408638000e-02
3.114054538309574127e-02
3.312706947326660156e-02
3.405475616455078125e-02
1.575791649520397186e-02
2.629884518682956696e-03
1.361750245094299316e+00
9.410118311643600464e-02
1.330322623252868652e+00
4.184305667877197266e+00
9.971671737730503082e-03
1.036488544195890427e-02
1.556600350886583328e-02
7.857984304428100586e-02
2.866180147975683212e-04
3.501672670245170593e-02
5.692658945918083191e-02
4.922908544540405273e-02
2.702922932803630829e-02
1.776154041290283203e-01
2.729528211057186127e-02
8.098845928907394409e-02
8.689886331558227539e-02
8.049303293228149414e-02
8.048143982887268066e-02
2.573009394109249115e-02
2.924047177657485008e-03
2.490307092666625977e+00
8.746098726987838745e-02
1.365207076072692871e+00
4.586371898651123047e+00
1.555773988366127014e-02
1.835991628468036652e-02
3.467287868261337280e-02
4.039970412850379944e-02
3.741721156984567642e-04
2.223044820129871368e-02
3.739884868264198303e-02
3.398749232292175293e-02
1.361564267426729202e-02
2.933345139026641846e-01
2.077464573085308075e-02
3.364686295390129089e-02
5.417345091700553894e-02
3.255962207913398743e-02
3.350331261754035950e-02
6.047210097312927246e-02
2.157303271815180779e-03
2.181395769119262695e+00
8.582247048616409302e-02
1.342965126037597656e+00
4.869102954864501953e+00
2.393335290253162384e-02
2.405747771263122559e-02
2.682716585695743561e-02
1.418189704418182373e-02
4.312926030252128839e-04
2.577132172882556915e-02
5.581312254071235657e-02
5.178797245025634766e-02
1.356457322835922241e-01
2.575849294662475586e-01
3.470462560653686523e-02
1.219601035118103027e-01
2.963509969413280487e-02
1.244656071066856384e-01
1.244346797466278076e-01
5.136037245392799377e-02
2.390011912211775780e-03
2.211443662643432617e+00
8.447203040122985840e-02
1.336016297340393066e+00
5.639318943023681641e+00
3.597566159442067146e-03
3.311131382361054420e-03
8.485176600515842438e-03
3.730655089020729065e-02
6.890099612064659595e-04
3.313177451491355896e-02
7.718416303396224976e-02
7.506410032510757446e-02
2.950950898230075836e-02
3.065690100193023682e-01
4.515280202031135559e-02
3.923178091645240784e-02
3.196275234222412109e-02
3.865936771035194397e-02
3.895140811800956726e-02
5.486769974231719971e-02
2.352572279050946236e-03
1.717843413352966309e+00
1.056362465023994446e-01
1.325179815292358398e+00
6.347866535186767578e+00
4.044445697218179703e-03
3.988177049905061722e-03
5.828495603054761887e-03
3.622241690754890442e-02
7.192522170953452587e-04
2.988826483488082886e-03
9.430218487977981567e-02
9.532696008682250977e-02
4.064398631453514099e-02
2.885554730892181396e-01
6.080109998583793640e-02
5.412888154387474060e-02
6.224919483065605164e-02
5.070781707763671875e-02
5.248149111866950989e-02
6.978724151849746704e-02
2.388695022091269493e-03
1.068141460418701172e+00
1.028196588158607483e-01
1.384322524070739746e+00
7.012248992919921875e+00
8.008354343473911285e-03
7.992703467607498169e-03
1.102147158235311508e-02
8.706325292587280273e-02
8.576666004955768585e-04
1.004310906864702702e-03
6.929229944944381714e-02
8.162794262170791626e-02
2.923494577407836914e-02
3.492825329303741455e-01
5.691364407539367676e-02
3.899680078029632568e-02
7.972242683172225952e-02
3.732067346572875977e-02
4.159955307841300964e-02
6.374547630548477173e-02
2.210000529885292053e-03
1.488804221153259277e+00
1.153594627976417542e-01
1.402615070343017578e+00
7.405782699584960938e+00
1.023599319159984589e-02
9.896163828670978546e-03
1.507307682186365128e-02
3.132292255759239197e-02
1.182762440294027328e-03
6.879905238747596741e-03
8.402197808027267456e-02
9.527299553155899048e-02
5.655160639435052872e-03
4.730582535266876221e-01
6.328508257865905762e-02
9.499938227236270905e-03
9.404803067445755005e-02
9.206450544297695160e-03
8.498875424265861511e-03
7.605420798063278198e-02
2.317689359188079834e-03
1.081692218780517578e+00
1.260720640420913696e-01
1.402638435363769531e+00
7.496036529541015625e+00
7.892473600804805756e-03
7.596048060804605484e-03
1.074888929724693298e-02
1.286800950765609741e-02
1.015408081002533436e-03
1.128605473786592484e-02
8.327648788690567017e-02
8.769229054450988770e-02
5.903529468923807144e-03
4.731533825397491455e-01
6.104758381843566895e-02
7.892136462032794952e-03
9.752770513296127319e-02
6.793921813368797302e-03
6.718683522194623947e-03
7.938873022794723511e-02
2.464567078277468681e-03
1.736444473266601562e+00
2.360005974769592285e-01
1.416470527648925781e+00
8.225821495056152344e+00
1.024381257593631744e-02
7.074960973113775253e-03
1.983699016273021698e-02
4.867402371019124985e-03
1.543846330605447292e-03
4.316930472850799561e-02
6.477677822113037109e-02
6.631087511777877808e-02
7.822870276868343353e-03
2.911913692951202393e-01
3.832831606268882751e-02
1.135771721601486206e-02
8.483917266130447388e-02
1.121653337031602859e-02
1.112189237028360367e-02
7.516288757324218750e-02
2.216595225036144257e-03
1.519908428192138672e+00
2.961919605731964111e-01
1.416482806205749512e+00
8.262799263000488281e+00
1.130701974034309387e-02
1.362604647874832153e-02
1.260158140212297440e-02
1.279955264180898666e-03
1.864200341515243053e-03
8.657553046941757202e-02
4.565765336155891418e-02
4.446649178862571716e-02
1.301782485097646713e-02
6.642836332321166992e-02
3.206519782543182373e-02
1.685026474297046661e-02
5.417507886886596680e-02
1.706047169864177704e-02
1.688554324209690094e-02
6.823056191205978394e-02
1.094984705559909344e-03
8.154653906822204590e-01
2.274692803621292114e-01
1.416500687599182129e+00
8.262883186340332031e+00
2.090198360383510590e-02
1.613142155110836029e-02
1.625596731901168823e-02
1.035067252814769745e-03
1.557916519232094288e-03
7.126464694738388062e-02
5.464311316609382629e-02
5.906781554222106934e-02
1.996317692101001740e-02
1.651049256324768066e-01
4.117229580879211426e-02
2.614079602062702179e-02
9.083682298660278320e-02
2.948030829429626465e-02
3.027633018791675568e-02
5.743797495961189270e-02
1.262662583030760288e-03
1.077801585197448730e+00
2.394919395446777344e-01
1.406149268150329590e+00
6.708508014678955078e+00
2.438232302665710449e-02
2.752194553613662720e-02
2.919227629899978638e-02
1.618200447410345078e-03
1.497008837759494781e-03
6.423663347959518433e-02
5.585299432277679443e-02
5.583140254020690918e-02
7.934161461889743805e-03
2.887093126773834229e-01
3.968968987464904785e-02
1.131162326782941818e-02
1.103667020797729492e-01
9.059854783117771149e-03
1.002172846347093582e-02
7.502001523971557617e-02
8.794097229838371277e-04
6.642498970031738281e-01
2.090179473161697388e-01
1.685949921607971191e+00
5.735755920410156250e+00
4.452164843678474426e-02
4.325275495648384094e-02
7.559473812580108643e-02
1.977881183847784996e-03
9.354686480946838856e-04
7.309875637292861938e-02
6.783830374479293823e-02
6.497494131326675415e-02
7.514321710914373398e-03
3.422964811325073242e-01
4.536576569080352783e-02
9.643985889852046967e-03
1.000530645251274109e-01
1.014769542962312698e-02
1.020404975861310959e-02
8.081898838281631470e-02
7.513471064157783985e-04
1.178230166435241699e+00
2.341005355119705200e-01
1.682510972023010254e+00
7.931343078613281250e+00
3.973487392067909241e-02
3.476784750819206238e-02
1.135329902172088623e-01
2.805362688377499580e-03
1.418257714249193668e-03
1.401984542608261108e-01
7.405274361371994019e-02
6.427588313817977905e-02
8.342827670276165009e-03
4.040744006633758545e-01
5.452904105186462402e-02
1.139467675238847733e-02
8.374754339456558228e-02
1.409737486392259598e-02
1.427978556603193283e-02
7.200686633586883545e-02
6.558247259818017483e-04
6.317798495292663574e-01
1.955611258745193481e-01
1.028149724006652832e+00
6.435272216796875000e+00
3.680424019694328308e-02
3.620817139744758606e-02
7.118120044469833374e-02
5.369704682379961014e-03
1.311601023189723492e-03
1.247086226940155029e-01
4.023711755871772766e-02
3.133480250835418701e-02
2.705865539610385895e-02
3.134078681468963623e-01
4.229952767491340637e-02
4.111117869615554810e-02
7.642528414726257324e-02
4.118170589208602905e-02
4.090792685747146606e-02
3.423792123794555664e-02
7.698307745158672333e-04
1.010486125946044922e+00
1.955537796020507812e-01
4.696803092956542969e-01
8.016973495483398438e+00
1.950964890420436859e-02
1.471136510372161865e-02
3.755654767155647278e-02
5.512224975973367691e-03
1.212746486999094486e-03
1.539403647184371948e-01
2.416091412305831909e-02
1.674926467239856720e-02
3.030007891356945038e-02
3.976388871669769287e-01
2.001628465950489044e-02
5.003968998789787292e-02
6.493491679430007935e-02
5.457843467593193054e-02
5.613925680518150330e-02
2.590497024357318878e-02
3.700560482684522867e-04
5.478910803794860840e-01
2.119321823120117188e-01
4.875884056091308594e-01
8.943969726562500000e+00
1.615325361490249634e-02
1.119905337691307068e-02
3.586752712726593018e-02
5.519747734069824219e-03
9.454395622014999390e-04
2.195633649826049805e-01
3.232108429074287415e-02
1.791008748114109039e-02
2.505514025688171387e-02
2.883687913417816162e-01
3.236675262451171875e-02
3.517142683267593384e-02
5.858216807246208191e-02
3.088478930294513702e-02
3.102809190750122070e-02
4.173645377159118652e-02
3.515715652611106634e-04
5.063655972480773926e-01
2.092542201280593872e-01
5.343518257141113281e-01
8.514660835266113281e+00
6.153198424726724625e-03
6.420729216188192368e-03
1.336646545678377151e-02
7.904900237917900085e-03
5.629670340567827225e-04
2.474313527345657349e-01
1.158468332141637802e-02
1.328853052109479904e-02
4.345994815230369568e-02
1.794179826974868774e-01
8.260220289230346680e-03
5.766021832823753357e-02
5.266496166586875916e-02
6.289365142583847046e-02
6.042943522334098816e-02
3.424139320850372314e-02
7.505562971346080303e-04
7.242701649665832520e-01
2.160312682390213013e-01
4.995615482330322266e-01
8.965628623962402344e+00
6.701095495373010635e-03
7.338596042245626450e-03
3.838481148704886436e-03
8.590628392994403839e-03
2.357046469114720821e-04
2.964245975017547607e-01
1.324562076479196548e-02
1.065174955874681473e-02
1.704855263233184814e-02
1.405297964811325073e-01
8.795482106506824493e-03
2.440412901341915131e-02
4.227617755532264709e-02
2.975455857813358307e-02
2.945983968675136566e-02
3.171112015843391418e-02
6.491464446298778057e-04
6.170790791511535645e-01
2.022703886032104492e-01
4.502003490924835205e-01
6.808214187622070312e+00
2.200516313314437866e-02
2.386142313480377197e-02
1.466624438762664795e-02
8.932501077651977539e-03
2.146251354133710265e-04
3.649770021438598633e-01
6.634317338466644287e-03
8.478350937366485596e-03
3.002463281154632568e-02
9.657559543848037720e-02
5.107549950480461121e-03
3.059508837759494781e-02
2.699601091444492340e-02
3.448295220732688904e-02
3.389122709631919861e-02
6.015120446681976318e-02
6.682777893729507923e-04
6.304665207862854004e-01
1.564325243234634399e-01
4.502969086170196533e-01
6.188836574554443359e+00
2.189208380877971649e-02
2.479381114244461060e-02
1.527440082281827927e-02
9.969684295356273651e-03
2.438195078866556287e-04
3.707620799541473389e-01
8.796544745564460754e-03
8.819412440061569214e-03
3.759720548987388611e-02
1.018903777003288269e-01
6.052962038666009903e-03
3.847845271229743958e-02
2.576536685228347778e-02
4.160052165389060974e-02
4.138634726405143738e-02
4.324485361576080322e-02
9.656382608227431774e-04
8.086271286010742188e-01
1.630062907934188843e-01
4.894443452358245850e-01
6.260055065155029297e+00
6.929385010153055191e-03
7.793168071657419205e-03
5.016283597797155380e-03
1.147323381155729294e-02
3.238503413740545511e-04
3.900922834873199463e-01
1.091707125306129456e-02
9.370546787977218628e-03
1.863791421055793762e-02
8.808323740959167480e-02
8.098334074020385742e-03
2.755814231932163239e-02
2.516956627368927002e-02
2.793487347662448883e-02
2.781707607209682465e-02
4.244027659296989441e-02
1.284217112697660923e-03
1.010140180587768555e+00
1.589943617582321167e-01
4.688224494457244873e-01
6.083220005035400391e+00
7.492598146200180054e-03
8.221302181482315063e-03
4.552688449621200562e-03
1.547641772776842117e-02
4.400344041641801596e-04
2.780183553695678711e-01
7.494799792766571045e-03
1.478643994778394699e-02
1.640814729034900665e-02
1.242508888244628906e-01
5.090523045510053635e-03
2.166251838207244873e-02
2.689450047910213470e-02
1.846253313124179840e-02
1.860798895359039307e-02
4.854664579033851624e-02
1.317543094046413898e-03
1.064627170562744141e+00
2.163542956113815308e-01
4.714729785919189453e-01
5.871930599212646484e+00
9.719938039779663086e-03
1.162471622228622437e-02
6.283480208367109299e-03
1.719004474580287933e-02
5.531457136385142803e-04
2.239342778921127319e-01
9.250507690012454987e-03
1.579469442367553711e-02
2.549043297767639160e-02
2.114820033311843872e-01
6.249179597944021225e-03
3.487543016672134399e-02
3.224680945277214050e-02
3.097792714834213257e-02
3.110331296920776367e-02
4.575511813163757324e-02
1.501368824392557144e-03
1.221789479255676270e+00
1.023971065878868103e-01
4.875864982604980469e-01
5.456949710845947266e+00
3.192136064171791077e-02
4.040038958191871643e-02
1.971863582730293274e-02
2.462229132652282715e-02
8.981868741102516651e-04
2.070713192224502563e-01
5.950288847088813782e-03
1.496977638453245163e-02
7.137216627597808838e-02
3.428640365600585938e-01
3.860787255689501762e-03
9.655014425516128540e-02
4.880461096763610840e-02
6.512556225061416626e-02
7.989388704299926758e-02
3.951935842633247375e-02
1.589028048329055309e-03
1.309609651565551758e+00
1.698826998472213745e-01
4.795675575733184814e-01
5.637012958526611328e+00
9.997536428272724152e-03
1.181287318468093872e-02
6.775314453989267349e-03
3.595514595508575439e-02
8.812947198748588562e-04
1.315009146928787231e-01
9.513896889984607697e-03
1.731426455080509186e-02
1.262632459402084351e-01
4.321505129337310791e-01
5.235444754362106323e-03
1.370545774698257446e-01
6.154915690422058105e-02
1.335406452417373657e-01
1.334243714809417725e-01
3.188183531165122986e-02
1.783536165021359921e-03
1.509057044982910156e+00
1.248787641525268555e-01
4.472127258777618408e-01
5.792780399322509766e+00
3.531564027070999146e-03
4.056118894368410110e-03
2.400317229330539703e-03
3.005097247660160065e-02
1.081734779290854931e-03
4.737210273742675781e-02
1.718960143625736237e-02
1.843135990202426910e-02
2.205432504415512085e-01
4.993544518947601318e-01
9.485010989010334015e-03
2.578535676002502441e-01
6.916389614343643188e-02
2.233305573463439941e-01
2.220830470323562622e-01
1.679768972098827362e-02
9.987318189814686775e-04
1.220312237739562988e+00
9.967698901891708374e-02
4.786194860935211182e-01
5.501266002655029297e+00
7.701365393586456776e-04
8.260710164904594421e-04
3.234740579500794411e-04
3.191469982266426086e-02
4.216100496705621481e-04
7.857711985707283020e-03
2.577175945043563843e-02
2.472396008670330048e-02
2.566413879394531250e-01
5.656924843788146973e-01
1.368366274982690811e-02
2.691669166088104248e-01
7.552727311849594116e-02
2.510539293289184570e-01
2.522921264171600342e-01
2.798877842724323273e-02
1.486143562942743301e-03
1.435908913612365723e+00
9.096642583608627319e-02
1.660873740911483765e-01
3.531372785568237305e+00
5.182248423807322979e-04
8.403414394706487656e-04
2.877477090805768967e-04
3.604485094547271729e-02
4.178409872110933065e-04
3.470737114548683167e-02
3.580790758132934570e-02
3.190148994326591492e-02
2.713010311126708984e-01
6.340170502662658691e-01
1.998175494372844696e-02
2.647174298763275146e-01
8.261138200759887695e-02
2.540316879749298096e-01
2.551281154155731201e-01
4.566499590873718262e-02
1.642808667384088039e-03
1.468816280364990234e+00
1.020567193627357483e-01
1.791175752878189087e-01
3.404352426528930664e+00
1.274972688406705856e-03
1.302163931541144848e-03
4.173639172222465277e-04
4.358920082449913025e-02
1.356352469883859158e-03
2.778300084173679352e-02
3.723549097776412964e-02
2.908926270902156830e-02
3.520110547542572021e-01
6.691809296607971191e-01
1.953638158738613129e-02
4.000685513019561768e-01
8.599003404378890991e-02
3.813068866729736328e-01
4.067672789096832275e-01
2.492927946150302887e-02
1.827668747864663601e-03
1.679103851318359375e+00
7.119151204824447632e-02
1.632136106491088867e-01
3.621513366699218750e+00
1.652881503105163574e-03
2.645550994202494621e-03
1.515399082563817501e-03
6.480235606431961060e-02
1.225146115757524967e-03
2.414946816861629486e-02
4.560667276382446289e-02
2.911483310163021088e-02
4.096101820468902588e-01
7.255895733833312988e-01
2.465239167213439941e-02
4.144117832183837891e-01
9.197246283292770386e-02
4.087918698787689209e-01
4.837886393070220947e-01
1.688602380454540253e-02
2.317545935511589050e-03
1.944612860679626465e+00
5.683190748095512390e-02
6.929514557123184204e-02
2.369806051254272461e+00
1.394046843051910400e-02
1.276887673884630203e-02
1.667518354952335358e-02
1.022040247917175293e-01
8.627295028418302536e-04
9.071941487491130829e-03
5.048954859375953674e-02
3.200021386146545410e-02
3.728865087032318115e-01
7.061293721199035645e-01
2.589990198612213135e-02
3.905598223209381104e-01
8.341393619775772095e-02
3.755320012569427490e-01
3.768862783908843994e-01
2.602401375770568848e-02
9.897745912894606590e-04
1.036920189857482910e+00
5.954569578170776367e-02
1.233430877327919006e-01
3.551064729690551758e+00
4.709625244140625000e-02
4.124911129474639893e-02
5.441344901919364929e-02
1.029264330863952637e-01
2.973505761474370956e-04
3.888030722737312317e-02
6.047013401985168457e-02
3.682059049606323242e-02
4.605708420276641846e-01
6.435317397117614746e-01
3.127809241414070129e-02
4.799837172031402588e-01
6.706786900758743286e-02
4.489377737045288086e-01
4.521114826202392578e-01
1.579767279326915741e-02
1.373483799397945404e-03
1.505121231079101562e+00
7.004737108945846558e-02
3.370465710759162903e-02
3.287124633789062500e+00
6.451015919446945190e-02
5.510538816452026367e-02
8.132261782884597778e-02
9.852967411279678345e-02
1.220515812747180462e-03
1.182777155190706253e-02
8.804539591073989868e-02
6.032299995422363281e-02
4.710453450679779053e-01
3.473537266254425049e-01
4.389558359980583191e-02
4.785595238208770752e-01
4.405509307980537415e-02
4.670326411724090576e-01
4.675740301609039307e-01
5.218975618481636047e-02
1.002813107334077358e-03
9.891121983528137207e-01
1.758437156677246094e-01
3.671491146087646484e-02
1.879473328590393066e+00
6.692841649055480957e-02
5.820043757557868958e-02
8.261503279209136963e-02
1.071113124489784241e-01
9.492935496382415295e-04
4.713489487767219543e-02
1.194600760936737061e-01
9.508719295263290405e-02
3.372596502304077148e-01
1.748648285865783691e-01
5.995567515492439270e-02
3.197655081748962402e-01
1.658175699412822723e-02
3.824481964111328125e-01
3.842771351337432861e-01
6.963176280260086060e-02
1.205379958264529705e-03
1.378748297691345215e+00
2.362732440233230591e-01
2.995885163545608521e-02
1.935676574707031250e+00
6.890632957220077515e-02
6.236514076590538025e-02
7.682607322931289673e-02
1.278883069753646851e-01
8.318097679875791073e-04
1.266604214906692505e-01
1.769012808799743652e-01
1.558158546686172485e-01
4.991881847381591797e-01
2.141876369714736938e-01
7.849895209074020386e-02
4.411565363407135010e-01
2.653545700013637543e-02
4.433275163173675537e-01
4.874266684055328369e-01
1.319972425699234009e-01
1.232019276358187199e-03
1.483552932739257812e+00
2.371423989534378052e-01
2.004415355622768402e-02
1.391395092010498047e+00
6.344967335462570190e-02
5.801280215382575989e-02
7.223144918680191040e-02
1.489744782447814941e-01
6.956429569981992245e-04
2.165742032229900360e-02
2.313434034585952759e-01
2.228098362684249878e-01
5.739168524742126465e-01
2.537057399749755859e-01
1.098076105117797852e-01
5.524743199348449707e-01
3.484473004937171936e-02
5.519370436668395996e-01
5.523694157600402832e-01
2.238635569810867310e-01
6.957261939533054829e-04
9.322126507759094238e-01
2.573145031929016113e-01
1.345349196344614029e-02
1.442175865173339844e+00
6.999623775482177734e-02
6.388262659311294556e-02
7.224187254905700684e-02
1.769653111696243286e-01
4.503302916418761015e-04
4.374088719487190247e-02
2.858684957027435303e-01
2.752463817596435547e-01
6.638246774673461914e-01
1.169402822852134705e-01
1.327414363622665405e-01
6.342771649360656738e-01
2.917284332215785980e-02
6.324186921119689941e-01
6.347762346267700195e-01
2.980591654777526855e-01
6.117149023339152336e-04
8.012542724609375000e-01
3.297342061996459961e-01
1.473372709006071091e-02
1.419049620628356934e+00
7.046034187078475952e-02
6.727630645036697388e-02
7.418151944875717163e-02
1.834580153226852417e-01
4.173310007899999619e-04
5.102865397930145264e-02
3.473529815673828125e-01
3.324588835239410400e-01
7.119949460029602051e-01
7.045615464448928833e-02
1.586954742670059204e-01
7.017459273338317871e-01
2.018067799508571625e-02
7.107782363891601562e-01
7.119529843330383301e-01
3.458175659179687500e-01
7.458816398866474628e-04
1.156392216682434082e+00
2.622121274471282959e-01
3.035719878971576691e-02
1.456294894218444824e+00
7.436520606279373169e-02
6.680294126272201538e-02
7.794996351003646851e-02
2.475249022245407104e-01
3.504895430523902178e-04
6.609947234392166138e-02
3.030629456043243408e-01
2.950204610824584961e-01
2.317028790712356567e-01
9.450235217809677124e-02
1.205649971961975098e-01
1.755456924438476562e-01
2.206432633101940155e-02
1.834310144186019897e-01
1.842117309570312500e-01
3.292745053768157959e-01
7.710340432822704315e-04
1.184479713439941406e+00
3.026837408542633057e-01
1.821447350084781647e-02
1.602592468261718750e+00
8.201379328966140747e-02
7.416821271181106567e-02
7.955315709114074707e-02
1.733608990907669067e-01
4.114280163776129484e-04
7.733763754367828369e-02
1.857209354639053345e-01
2.089347392320632935e-01
5.437742546200752258e-02
1.571595668792724609e-01
7.714679092168807983e-02
5.314834788441658020e-02
2.166194655001163483e-02
4.279869794845581055e-02
4.249466583132743835e-02
3.561066687107086182e-01
7.884816732257604599e-04
9.496859908103942871e-01
2.403611689805984497e-01
1.942509226500988007e-02
1.437685012817382812e+00
1.068959012627601624e-01
9.985271841287612915e-02
1.117369160056114197e-01
1.036481782793998718e-01
1.571169705130159855e-04
9.290179610252380371e-02
8.690141886472702026e-02
1.694988757371902466e-01
2.113313786685466766e-02
1.399105340242385864e-01
5.316318944096565247e-02
1.340319309383630753e-02
2.019437961280345917e-02
1.297875773161649704e-02
1.328677684068679810e-02
3.366822302341461182e-01
8.119211415760219097e-04
7.256948947906494141e-01
2.635707855224609375e-01
1.699566841125488281e-02
1.566064357757568359e+00
1.129616498947143555e-01
1.060727462172508240e-01
1.198741570115089417e-01
7.433110475540161133e-02
1.367337099509313703e-04
1.502036303281784058e-01
1.634920686483383179e-01
2.098959535360336304e-01
9.710196405649185181e-02
1.044523045420646667e-01
7.970709353685379028e-02
6.924653798341751099e-02
1.934343576431274414e-02
1.265416592359542847e-01
1.270552724599838257e-01
3.404805660247802734e-01
6.892450037412345409e-04
8.958716392517089844e-01
2.675241827964782715e-01
1.601984538137912750e-02
1.502429008483886719e+00
1.260387450456619263e-01
1.205217167735099792e-01
1.288882941007614136e-01
3.944703564047813416e-02
1.616775552975013852e-04
1.754067093133926392e-01
3.814419209957122803e-01
4.007800817489624023e-01
8.924721926450729370e-02
1.022654101252555847e-01
1.703950017690658569e-01
4.755797609686851501e-02
1.353667397052049637e-02
6.784655898809432983e-02
6.720136851072311401e-02
4.926634132862091064e-01
7.114834152162075043e-04
8.636577129364013672e-01
3.024575114250183105e-01
1.742762885987758636e-02
1.839132308959960938e+00
1.221578344702720642e-01
1.161764487624168396e-01
1.219561472535133362e-01
2.312161214649677277e-02
1.317866845056414604e-04
2.391605824232101440e-01
3.540554940700531006e-01
3.809407651424407959e-01
2.629297077655792236e-01
9.880896657705307007e-02
1.661439388990402222e-01
2.790724039077758789e-01
2.275286056101322174e-02
2.900888621807098389e-01
2.905529737472534180e-01
5.362185835838317871e-01
7.944740355014801025e-04
1.205958366394042969e+00
2.973277866840362549e-01
1.359987538307905197e-02
8.212581634521484375e+00
9.805951267480850220e-02
9.117623418569564819e-02
9.865066409111022949e-02
2.108666151762008667e-01
7.163884583860635757e-05
3.019817173480987549e-01
3.281295597553253174e-01
3.629449903964996338e-01
8.395107835531234741e-02
1.690398454666137695e-01
1.455642133951187134e-01
4.605052992701530457e-02
2.105140127241611481e-02
7.822879403829574585e-02
7.685557007789611816e-02
5.929539799690246582e-01
9.679801878519356251e-04
1.107795238494873047e+00
3.026829659938812256e-01
1.025157701224088669e-02
8.376572132110595703e-01
6.650400161743164062e-02
5.820879340171813965e-02
6.489615887403488159e-02
6.161220744252204895e-02
4.887486647930927575e-05
5.199956893920898438e-01
4.902061223983764648e-01
5.689521431922912598e-01
7.638588547706604004e-02
3.976481258869171143e-01
2.062585204839706421e-01
1.800170391798019409e-01
4.434303939342498779e-02
2.021733522415161133e-01
2.008107900619506836e-01
6.609878540039062500e-01
1.406117924489080906e-03
1.514791607856750488e+00
2.981643080711364746e-01
1.340317577123641968e-01
2.240840435028076172e+00
6.391941756010055542e-02
5.623740330338478088e-02
6.900226324796676636e-02
1.556124687194824219e-01
4.808328230865299702e-05
6.458847522735595703e-01
6.387504935264587402e-01
6.613865494728088379e-01
1.289948076009750366e-01
8.475356101989746094e-01
2.757073938846588135e-01
2.142432332038879395e-01
7.559409737586975098e-02
2.357347607612609863e-01
2.341047525405883789e-01
7.752466201782226562e-01
1.671395148150622845e-03
1.289389848709106445e+00
2.645963728427886963e-01
1.869042664766311646e-01
3.539829969406127930e+00
6.410681456327438354e-02
6.510414928197860718e-02
7.507702708244323730e-02
3.218310177326202393e-01
6.309378659352660179e-05
4.236718714237213135e-01
5.914344787597656250e-01
5.677841305732727051e-01
1.116276979446411133e-01
6.119188666343688965e-01
2.185750156641006470e-01
4.095828905701637268e-02
7.756414264440536499e-02
2.199699878692626953e-01
1.855101138353347778e-01
7.561672329902648926e-01
1.701733446680009365e-03
1.651076674461364746e+00
1.709321737289428711e-01
2.427233308553695679e-01
5.152330875396728516e+00
8.135198801755905151e-02
8.126354962587356567e-02
7.343912869691848755e-02
4.381507635116577148e-01
7.858039316488429904e-05
3.363623917102813721e-01
9.623020887374877930e-02
1.320342421531677246e-01
1.379186939448118210e-02
2.648242712020874023e-01
8.402299880981445312e-02
3.893959894776344299e-02
3.150269761681556702e-02
6.310207396745681763e-02
7.894967496395111084e-02
3.990728855133056641e-01
1.153309014625847340e-03
1.023701548576354980e+00
1.092139184474945068e-01
2.439496517181396484e-01
5.605451583862304688e+00
2.222751826047897339e-02
2.232391387224197388e-02
2.408546395599842072e-02
1.921306103467941284e-01
1.053550513461232185e-04
2.974459230899810791e-01
1.013892292976379395e-01
1.048820987343788147e-01
1.239331811666488647e-02
1.980366110801696777e-01
6.289177387952804565e-02
2.205947972834110260e-02
3.087482415139675140e-02
4.656758904457092285e-02
5.523054674267768860e-02
3.998378813266754150e-01
1.053333631716668606e-03
8.787820339202880859e-01
1.040652766823768616e-01
2.464058250188827515e-01
5.286633968353271484e+00
4.810588899999856949e-03
5.408169701695442200e-03
3.420719178393483162e-03
1.496194675564765930e-02
8.311226702062413096e-05
3.066017925739288330e-01
1.522475481033325195e-01
1.601535081863403320e-01
1.679766736924648285e-02
2.601927518844604492e-01
5.228855833411216736e-02
1.378582138568162918e-02
3.166757896542549133e-02
1.280393730849027634e-02
1.318385545164346695e-02
1.683315038681030273e-01
1.198254176415503025e-03
8.748825192451477051e-01
1.308204680681228638e-01
2.426403015851974487e-01
5.274889469146728516e+00
9.299845434725284576e-03
9.360884316265583038e-03
4.335757810622453690e-03
2.358475886285305023e-02
7.748808275209739804e-05
1.108968928456306458e-01
1.745947003364562988e-01
1.589820832014083862e-01
1.719315536320209503e-02
3.371062278747558594e-01
5.199373140931129456e-02
1.121705677360296249e-02
4.461502656340599060e-02
1.711847633123397827e-02
1.756635494530200958e-02
1.544340848922729492e-01
1.176986494101583958e-03
8.482385277748107910e-01
1.453873664140701294e-01
2.469831556081771851e-01
5.390104770660400391e+00
1.890520006418228149e-02
1.717799715697765350e-02
8.202925324440002441e-03
2.693443000316619873e-02
6.688292342005297542e-05
1.797639876604080200e-01
1.383322477340698242e-01
1.490912437438964844e-01
4.734739288687705994e-02
2.370082885026931763e-01
5.227801203727722168e-02
2.120807021856307983e-02
3.881031274795532227e-02
2.847341634333133698e-02
2.915245853364467621e-02
1.855537444353103638e-01
1.061312737874686718e-03
7.225060462951660156e-01
1.486245840787887573e-01
2.455088049173355103e-01
4.992256641387939453e+00
3.915429487824440002e-02
3.413872793316841125e-02
2.033414691686630249e-02
8.349334448575973511e-02
5.675580177921801805e-05
2.616061270236968994e-01
8.153266459703445435e-02
2.230159789323806763e-01
6.562369316816329956e-02
3.079766333103179932e-01
3.797535598278045654e-02
4.966427013278007507e-02
4.327004775404930115e-02
5.537202954292297363e-02
5.029384791851043701e-02
3.465817868709564209e-01
8.456566720269620419e-04
5.953989028930664062e-01
2.635211944580078125e-01
2.445021867752075195e-01
5.365730285644531250e+00
5.804374814033508301e-02
5.055233836174011230e-02
2.466940879821777344e-02
4.729549214243888855e-02
3.205658867955207825e-05
3.422830998897552490e-01
1.517475247383117676e-01
2.016775757074356079e-01
6.083897873759269714e-02
2.532772719860076904e-01
5.079678818583488464e-02
3.441655263304710388e-02
3.527651354670524597e-02
3.361428901553153992e-02
3.536747023463249207e-02
3.846032917499542236e-01
9.911666857078671455e-04
8.840088844299316406e-01
5.846870541572570801e-01
2.415839880704879761e-01
5.256601333618164062e+00
7.263582199811935425e-02
5.734821036458015442e-02
1.415844261646270752e-02
1.119699701666831970e-01
2.509861951693892479e-05
4.456332027912139893e-01
1.900500059127807617e-01
2.583329677581787109e-01
7.526896893978118896e-02
1.504156589508056641e-01
5.883538722991943359e-02
3.472279012203216553e-02
2.224895916879177094e-02
3.656309470534324646e-02
3.657343611121177673e-02
3.436410129070281982e-01
7.133593899197876453e-04
4.246374070644378662e-01
2.579590380191802979e-01
2.474988251924514771e-01
5.522186279296875000e+00
9.308473020792007446e-02
6.539409607648849487e-02
2.611685357987880707e-02
1.324329376220703125e-01
1.189539307233644649e-05
4.700461626052856445e-01
2.013259679079055786e-01
3.056920170783996582e-01
3.220139816403388977e-02
2.283118516206741333e-01
6.711333245038986206e-02
1.795183680951595306e-02
3.606930747628211975e-02
2.050433494150638580e-02
1.941598020493984222e-02
4.543460905551910400e-01
8.037253282964229584e-04
4.821701049804687500e-01
2.195295840501785278e-01
2.443299889564514160e-01
5.446041584014892578e+00
1.328564882278442383e-01
8.418047428131103516e-02
3.678967058658599854e-02
1.007468700408935547e-01
1.434968726243823767e-05
4.995313882827758789e-01
1.494957655668258667e-01
2.347385138273239136e-01
4.222254827618598938e-02
2.373068779706954956e-01
5.078992247581481934e-02
2.559883333742618561e-02
2.859945595264434814e-02
2.826704643666744232e-02
2.826190553605556488e-02
4.789829254150390625e-01
6.789062754251062870e-04
4.779503047466278076e-01
2.193533629179000854e-01
2.476655244827270508e-01
5.472320556640625000e+00
1.761990338563919067e-01
1.487386673688888550e-01
6.723121553659439087e-02
7.248718291521072388e-02
5.151980531081790105e-06
8.388726115226745605e-01
9.148436039686203003e-02
1.504040509462356567e-01
2.001348733901977539e-01
7.798535376787185669e-02
2.857182361185550690e-02
1.070237085223197937e-01
5.657263100147247314e-03
1.138327792286872864e-01
1.153496578335762024e-01
3.959493935108184814e-01
6.745900027453899384e-04
7.127636075019836426e-01
2.411323785781860352e-01
2.474523782730102539e-01
5.143514633178710938e+00
1.504072546958923340e-01
1.194567456841468811e-01
9.793629497289657593e-02
9.908860176801681519e-02
5.757842245657229796e-06
6.141260266304016113e-01
1.589910537004470825e-01
2.527651190757751465e-01
1.082629859447479248e-01
8.394328504800796509e-02
5.482333898544311523e-02
5.291858315467834473e-02
3.833454800769686699e-03
4.703773930668830872e-02
4.773453995585441589e-02
4.396919906139373779e-01
7.308993954211473465e-04
5.148259401321411133e-01
2.254238575696945190e-01
2.501636743545532227e-01
4.915349483489990234e+00
2.412993460893630981e-01
2.137902975082397461e-01
1.987973302602767944e-01
1.079107746481895447e-01
9.478018000663723797e-06
3.183131515979766846e-01
1.554859131574630737e-01
2.251629829406738281e-01
1.267058998346328735e-01
9.810829162597656250e-02
4.628446698188781738e-02
6.126698851585388184e-02
9.555189870297908783e-03
6.751620769500732422e-02
6.671159714460372925e-02
4.199736118316650391e-01
6.531286635436117649e-04
5.385980010032653809e-01
2.231938689947128296e-01
2.472549229860305786e-01
4.885224342346191406e+00
2.156804352998733521e-01
1.294438987970352173e-01
1.721184998750686646e-01
7.559450715780258179e-02
7.916082722658757120e-06
1.877320408821105957e-01
6.820613145828247070e-02
1.108419522643089294e-01
1.723294109106063843e-01
1.646085828542709351e-01
1.905925385653972626e-02
8.333716541528701782e-02
6.250994745641946793e-03
8.766248077154159546e-02
8.868137001991271973e-02
2.231243848800659180e-01
2.653298142831772566e-04
3.116199076175689697e-01
2.269079238176345825e-01
7.291708141565322876e-02
2.336177587509155273e+00
1.410274952650070190e-01
1.283962279558181763e-01
1.542226225137710571e-01
4.140870645642280579e-02
1.270045777346240357e-05
5.254706740379333496e-01
5.307354405522346497e-02
8.815022557973861694e-02
2.027499079704284668e-01
1.824723929166793823e-01
1.472235377877950668e-02
9.656969457864761353e-02
6.727716419845819473e-03
1.036524772644042969e-01
1.042682155966758728e-01
2.589171230792999268e-01
4.887321265414357185e-04
5.016574263572692871e-01
2.384286373853683472e-01
5.657470598816871643e-02
1.508519172668457031e+00
7.698931545019149780e-02
7.543662935495376587e-02
7.801872491836547852e-02
2.340999245643615723e-02
3.437530540395528078e-05
2.266598790884017944e-01
3.802214935421943665e-02
7.463597506284713745e-02
2.023210525512695312e-01
3.105672299861907959e-01
9.554625488817691803e-03
9.448548406362533569e-02
1.051605213433504105e-02
9.699312597513198853e-02
9.743607044219970703e-02
5.077481269836425781e-02
9.065237827599048615e-05
1.505370438098907471e-01
2.342160940170288086e-01
3.506830707192420959e-02
2.859586954116821289e+00
2.989772474393248558e-03
3.337218658998608589e-03
2.377378987148404121e-03
2.410181425511837006e-02
1.248559055966325104e-05
3.067353367805480957e-02
2.501246891915798187e-02
2.788631059229373932e-02
1.793698519468307495e-01
2.699790000915527344e-01
6.899535655975341797e-03
8.703207969665527344e-02
1.064331550151109695e-02
7.982948422431945801e-02
8.150488883256912231e-02
2.538996934890747070e-02
9.326887084171175957e-05
1.062781214714050293e-01
2.153741717338562012e-01
5.080715287476778030e-03
1.596945762634277344e+00
8.959687314927577972e-03
9.381447918713092804e-03
5.182100459933280945e-03
6.491108331829309464e-03
7.951411134854424745e-06
1.168923676013946533e-01
2.821444720029830933e-02
4.290058836340904236e-02
1.365804821252822876e-01
1.448049992322921753e-01
7.388138677924871445e-03
7.405016571283340454e-02
8.886018767952919006e-03
6.334955245256423950e-02
6.021302938461303711e-02
4.820415377616882324e-02
9.833642980083823204e-05
8.332297950983047485e-02
2.098113894462585449e-01
8.198353461921215057e-03
4.722179472446441650e-01
1.657451130449771881e-02
1.828154735267162323e-02
1.256786007434129715e-02
1.424903515726327896e-02
5.747498562413966283e-06
8.106470108032226562e-02
1.853473484516143799e-02
3.822631761431694031e-02
8.960592746734619141e-02
1.037780717015266418e-01
4.922255408018827438e-03
8.269651979207992554e-02
4.892658442258834839e-03
8.568567037582397461e-02
8.805932849645614624e-02
1.114567294716835022e-01
1.318610156886279583e-04
9.725878387689590454e-02
2.072226852178573608e-01
5.564671009778976440e-03
3.260476887226104736e-01
1.553107053041458130e-02
1.684217154979705811e-02
1.189131289720535278e-02
3.745564445853233337e-02
1.063193212758051232e-05
3.640349581837654114e-02
4.640250280499458313e-02
7.382354885339736938e-02
1.195761561393737793e-01
1.887259632349014282e-01
1.100162882357835770e-02
7.548952847719192505e-02
8.932944387197494507e-03
6.313955038785934448e-02
6.375242024660110474e-02
1.176541149616241455e-01
1.959707587957382202e-04
8.696901053190231323e-02
2.451756149530410767e-01
1.705385162495076656e-03
3.940521776676177979e-01
6.541057024151086807e-03
7.889873348176479340e-03
4.785091150552034378e-03
5.828314647078514099e-02
5.461869022838072851e-06
4.024690017104148865e-02
9.525819867849349976e-02
1.341431885957717896e-01
1.798199415206909180e-01
2.487109452486038208e-01
2.023053728044033051e-02
7.701814919710159302e-02
1.216166745871305466e-02
7.815454155206680298e-02
8.727268129587173462e-02
2.001960277557373047e-01
2.928665780927985907e-04
1.870546787977218628e-01
1.938832849264144897e-01
6.792906671762466431e-03
3.729496002197265625e-01
5.806887522339820862e-03
6.130225490778684616e-03
2.454513683915138245e-03
9.725555032491683960e-02
5.506763500306988135e-06
9.859428741037845612e-03
1.223381161689758301e-01
1.857059001922607422e-01
2.380065321922302246e-01
1.505116820335388184e-01
2.553115971386432648e-02
9.114745259284973145e-02
6.988645996898412704e-03
9.492828696966171265e-02
9.488301724195480347e-02
2.197599411010742188e-01
2.941847487818449736e-04
6.453377753496170044e-02
1.436414867639541626e-01
5.157041829079389572e-03
1.445194482803344727e-01
1.023519504815340042e-02
9.962797164916992188e-03
6.369723472744226456e-03
1.574862003326416016e-01
2.250684156024362892e-05
1.891806721687316895e-02
8.095046132802963257e-02
1.015401408076286316e-01
2.638280987739562988e-01
2.235476523637771606e-01
1.342204958200454712e-02
1.104260161519050598e-01
8.854712359607219696e-03
1.119704023003578186e-01
1.128794774413108826e-01
1.728808879852294922e-01
2.317521866643801332e-04
7.922827452421188354e-02
1.840359419584274292e-01
5.776215810328722000e-03
1.729921549558639526e-01
5.803429987281560898e-03
6.283082067966461182e-03
3.797286190092563629e-03
1.352398097515106201e-01
3.500760794850066304e-05
1.440454274415969849e-02
1.277928799390792847e-01
1.688241958618164062e-01
1.146268621087074280e-01
5.471283197402954102e-02
2.539380453526973724e-02
4.476038739085197449e-02
2.395894145593047142e-03
4.520617052912712097e-02
4.638503119349479675e-02
2.755765020847320557e-01
2.532819053158164024e-04
8.574988692998886108e-02
2.481037825345993042e-01
5.053816828876733780e-03
4.350935518741607666e-01
5.929437000304460526e-03
7.142413873225450516e-03
3.786135697737336159e-03
1.324672251939773560e-01
7.521383668063208461e-05
3.571872785687446594e-02
8.717691898345947266e-02
1.326434463262557983e-01
5.724860355257987976e-02
5.853308364748954773e-02
2.000604383647441864e-02
1.778471842408180237e-02
1.626596320420503616e-03
1.517179515212774277e-02
1.801232062280178070e-02
2.384677380323410034e-01
2.164359902963042259e-04
9.075375646352767944e-02
3.481485843658447266e-01
6.726661231368780136e-03
2.876344621181488037e-01
3.581441240385174751e-03
4.498041700571775436e-03
3.126380266621708870e-03
1.729002743959426880e-01
1.022123324219137430e-04
7.984220981597900391e-03
1.011669039726257324e-01
1.429633349180221558e-01
2.130754850804805756e-02
7.995440065860748291e-02
1.710036583244800568e-02
7.629212923347949982e-04
7.403274066746234894e-04
7.167534786276519299e-04
7.238404941745102406e-04
1.545199751853942871e-01
2.418696385575458407e-04
9.980761259794235229e-02
4.130565822124481201e-01
8.124551735818386078e-03
6.519128084182739258e-01
8.784271776676177979e-04
1.094809616915881634e-03
8.442163816653192043e-04
1.658794432878494263e-01
1.638244575588032603e-04
1.829471439123153687e-02
1.357420980930328369e-01
1.758441329002380371e-01
2.092965878546237946e-02
2.000028640031814575e-01
2.158313244581222534e-02
7.829820737242698669e-03
1.942302100360393524e-03
8.597884327173233032e-03
8.639034815132617950e-03
2.073500007390975952e-01
2.662770275492221117e-04
1.290553361177444458e-01
4.295692443847656250e-01
1.227662805467844009e-02
2.338093519210815430e-01
2.842592657543718815e-04
4.735819529742002487e-04
9.562238119542598724e-05
1.693695336580276489e-01
2.778171037789434195e-04
6.446889135986566544e-03
1.338205635547637939e-01
1.599192768335342407e-01
4.991659149527549744e-02
9.160230308771133423e-02
2.371519245207309723e-02
2.061491459608078003e-02
1.499488484114408493e-03
8.968734182417392731e-03
8.918236009776592255e-03
2.085073143243789673e-01
2.154950052499771118e-04
1.121412292122840881e-01
5.395322442054748535e-01
1.033358927816152573e-02
1.428198516368865967e-01
1.044599339365959167e-03
1.635682885535061359e-03
8.995551615953445435e-04
1.659243851900100708e-01
2.817660570144653320e-04
3.146998351439833641e-03
9.025952965021133423e-02
1.423158198595046997e-01
3.341260924935340881e-02
1.063404902815818787e-01
1.960019953548908234e-02
1.477171480655670166e-02
1.481953193433582783e-03
2.952046878635883331e-02
2.976073883473873138e-02
1.682574898004531860e-01
1.683496520854532719e-04
1.289033144712448120e-01
5.994599461555480957e-01
5.267318803817033768e-03
2.714145183563232422e-01
5.694752559065818787e-03
6.110561545938253403e-03
3.962272778153419495e-03
1.149622276425361633e-01
3.390389028936624527e-04
5.312267690896987915e-03
1.046751812100410461e-01
1.350775808095932007e-01
4.746155068278312683e-02
6.987436860799789429e-02
2.031265757977962494e-02
2.204931341111660004e-02
5.254313000477850437e-04
1.156522240489721298e-02
1.125084143131971359e-02
1.726896315813064575e-01
1.981960813282057643e-04
9.729809314012527466e-02
7.102479934692382812e-01
2.134196925908327103e-03
3.940960466861724854e-01
8.183117024600505829e-03
8.772608824074268341e-03
6.183590739965438843e-03
1.319520026445388794e-01
3.782804415095597506e-04
5.092689767479896545e-03
8.332800120115280151e-02
9.164597839117050171e-02
2.291649393737316132e-02
4.446253180503845215e-02
1.582814566791057587e-02
9.315546602010726929e-03
1.481120474636554718e-03
7.499890867620706558e-03
8.401703089475631714e-03
9.188458323478698730e-02
1.963209797395393252e-04
9.447339177131652832e-02
6.812003254890441895e-01
6.982858176343142986e-04
2.659701406955718994e-01
9.358688257634639740e-03
1.010138448327779770e-02
7.284616585820913315e-03
1.426540166139602661e-01
4.569770535454154015e-04
9.288573637604713440e-03
1.048918589949607849e-01
1.075159385800361633e-01
3.392255678772926331e-02
9.751655906438827515e-02
1.793084107339382172e-02
1.568621583282947540e-02
4.062831867486238480e-03
1.223331782966852188e-02
1.200477778911590576e-02
1.261401623487472534e-01
4.074037133250385523e-04
3.095956742763519287e-01
6.885061264038085938e-01
1.644020667299628258e-04
1.353693455457687378e-01
1.250949501991271973e-02
1.263672392815351486e-02
1.390241179615259171e-02
1.325851231813430786e-01
3.878068237099796534e-04
9.197129867970943451e-03
6.441103667020797729e-02
5.779353156685829163e-02
2.635658346116542816e-02
8.068627119064331055e-02
1.358354184776544571e-02
8.524086326360702515e-03
3.153363475576043129e-03
8.464534766972064972e-03
8.929979987442493439e-03
1.278472095727920532e-01
7.807419751770794392e-04
5.901946425437927246e-01
7.321734428405761719e-01
3.732935738298692740e-09
1.457432508468627930e-01
1.494774967432022095e-02
1.454276312142610550e-02
1.446920912712812424e-02
1.198466792702674866e-01
3.758985840249806643e-04
2.860522828996181488e-02
5.412703752517700195e-02
5.469631776213645935e-02
1.961992867290973663e-02
1.084029674530029297e-01
1.052739750593900681e-02
7.575186435133218765e-03
4.685756284743547440e-03
9.682434611022472382e-03
8.239859715104103088e-03
9.446015954017639160e-02
8.348349365405738354e-04
6.140019893646240234e-01
8.520810008049011230e-01
3.732935738298692740e-09
1.258344799280166626e-01
1.460689213126897812e-02
1.437429338693618774e-02
1.506174821406602859e-02
5.269774422049522400e-02
4.121957754250615835e-04
1.452347170561552048e-02
6.150034070014953613e-02
6.541284173727035522e-02
2.262697555124759674e-02
1.443988829851150513e-01
1.116689573973417282e-02
2.907362999394536018e-03
7.655634079128503799e-03
3.788932925090193748e-03
3.884336678311228752e-03
1.079415902495384216e-01
1.319498755037784576e-03
9.883984923362731934e-01
9.108110070228576660e-01
3.732935738298692740e-09
1.241991296410560608e-01
1.681010797619819641e-02
1.709823310375213623e-02
1.248566061258316040e-02
4.394822195172309875e-02
4.306900082156062126e-04
3.414742648601531982e-02
5.492939427495002747e-02
3.659400343894958496e-02
3.996839001774787903e-02
7.388547062873840332e-02
6.168497726321220398e-03
1.145269069820642471e-02
4.679841455072164536e-03
9.588022716343402863e-03
9.659684263169765472e-03
6.692671030759811401e-02
1.674834289588034153e-03
1.221131682395935059e+00
9.301891326904296875e-01
3.732935738298692740e-09
1.177345588803291321e-01
1.590290106832981110e-02
1.609615422785282135e-02
1.248278748244047165e-02
4.057802259922027588e-02
3.581765631679445505e-04
3.893294930458068848e-02
7.041603326797485352e-02
7.168892025947570801e-02
3.851869702339172363e-02
1.015371903777122498e-01
9.974754415452480316e-03
1.404124218970537186e-02
5.661097820848226547e-03
1.085180509835481644e-02
1.176366955041885376e-02
1.002642884850502014e-01
1.672461279667913914e-03
1.318453073501586914e+00
9.127282500267028809e-01
3.732935738298692740e-09
1.188045069575309753e-01
1.986615732312202454e-02
1.797696389257907867e-02
1.497193798422813416e-02
5.122865736484527588e-02
3.213051531929522753e-04
7.298156619071960449e-02
9.668608754873275757e-02
7.320766150951385498e-02
4.171879962086677551e-02
1.270734816789627075e-01
1.473802328109741211e-02
1.342077553272247314e-02
7.419991772621870041e-03
1.154632121324539185e-02
1.223692391067743301e-02
1.666242331266403198e-01
1.676837448030710220e-03
1.357729077339172363e+00
5.391117930412292480e-01
3.732935738298692740e-09
1.171663999557495117e-01
1.723329536616802216e-02
1.762527227401733398e-02
1.248100027441978455e-02
4.039104282855987549e-02
1.264552847715094686e-04
1.116465926170349121e-01
1.102943047881126404e-01
4.568437859416007996e-02
3.223695233464241028e-02
7.727003842592239380e-02
1.887752301990985870e-02
9.826728142797946930e-03
7.766574621200561523e-03
8.136919699609279633e-03
8.138096891343593597e-03
1.719043701887130737e-01
2.158019924536347389e-03
2.057049989700317383e+00
1.871394664049148560e-01
3.732935738298692740e-09
1.166979297995567322e-01
2.126061730086803436e-02
2.078112959861755371e-02
1.175757497549057007e-02
2.926688455045223236e-02
1.041205832734704018e-04
7.009335607290267944e-02
2.052599340677261353e-01
5.712221190333366394e-02
4.201328754425048828e-02
1.562054306268692017e-01
2.158617042005062103e-02
1.412256807088851929e-02
1.500864047557115555e-02
1.458655297756195068e-02
1.484222803264856339e-02
3.239571154117584229e-01
2.281028544530272484e-03
1.856115341186523438e+00
1.893717050552368164e-01
3.732935738298692740e-09
1.164159476757049561e-01
2.225928194820880890e-02
2.041938714683055878e-02
1.665009558200836182e-02
4.930856451392173767e-02
5.423320180852897465e-05
7.839228957891464233e-02
6.264030188322067261e-02
5.173860117793083191e-02
7.628086209297180176e-02
1.050267592072486877e-01
9.320264682173728943e-03
1.989209651947021484e-02
1.162965595722198486e-02
2.284833602607250214e-02
2.283525466918945312e-02
1.716265678405761719e-01
2.429143292829394341e-03
2.230669260025024414e+00
1.103400588035583496e-01
3.732935738298692740e-09
1.190008521080017090e-01
3.143387660384178162e-02
3.050206601619720459e-02
2.229329943656921387e-02
3.476664796471595764e-02
5.097426401334814727e-05
1.400346308946609497e-01
4.959430173039436340e-02
3.632859140634536743e-02
5.620118975639343262e-02
1.138298511505126953e-01
6.274767220020294189e-03
1.726154237985610962e-02
6.080982740968465805e-03
1.716818474233150482e-02
1.720105670392513275e-02
1.503161042928695679e-01
2.857028739526867867e-03
2.554431915283203125e+00
1.647242754697799683e-01
3.732935738298692740e-09
1.190007030963897705e-01
4.771752655506134033e-02
4.934589192271232605e-02
3.616961464285850525e-02
8.838683366775512695e-03
5.418248110800050199e-05
1.686143428087234497e-01
3.184556588530540466e-02
4.325926676392555237e-02
4.822471737861633301e-02
2.027337998151779175e-01
6.054212804883718491e-03
1.098085660487413406e-02
6.933671887964010239e-03
1.260029524564743042e-02
1.245850604027509689e-02
1.362273842096328735e-01
3.424743423238396645e-03
3.171513795852661133e+00
1.688249856233596802e-01
3.732935738298692740e-09
1.189972385764122009e-01
4.138970747590065002e-02
4.358559846878051758e-02
3.013717196881771088e-02
1.093889679759740829e-02
8.623928442830219865e-05
3.085375130176544189e-01
1.845248602330684662e-02
2.838806062936782837e-02
2.900653146207332611e-02
1.648559421300888062e-01
3.689329838380217552e-03
9.966670535504817963e-03
1.049921382218599319e-02
9.156876243650913239e-03
9.302004240453243256e-03
1.364489495754241943e-01
4.155853297561407089e-03
3.989643096923828125e+00
7.710988074541091919e-02
3.732935738298692740e-09
1.190093681216239929e-01
7.307900581508874893e-03
7.570251822471618652e-03
8.622891269624233246e-03
1.522508263587951660e-02
1.421788183506578207e-04
4.967772066593170166e-01
2.725861780345439911e-02
4.619871452450752258e-02
1.050790399312973022e-02
2.813046872615814209e-01
5.471754353493452072e-03
3.468142822384834290e-03
1.822886429727077484e-02
3.337807953357696533e-03
3.346216864883899689e-03
1.417720913887023926e-01
5.079044494777917862e-03
4.725986480712890625e+00
5.931663885712623596e-02
3.732935738298692740e-09
1.120411232113838196e-02
1.388096809387207031e-02
1.167744677513837814e-02
9.758953936398029327e-03
1.857152022421360016e-02
1.243940205313265324e-04
5.383966565132141113e-01
2.122087217867374420e-02
5.199363827705383301e-02
1.285313721746206284e-02
3.031679093837738037e-01
4.470688756555318832e-03
3.365774406120181084e-03
1.761437766253948212e-02
2.947015687823295593e-03
2.979066921398043633e-03
1.485615968704223633e-01
5.477988626807928085e-03
5.370774745941162109e+00
5.526546016335487366e-02
3.732935738298692740e-09
9.157345630228519440e-04
1.090554241091012955e-02
1.243494357913732529e-02
7.247435394674539566e-03
3.469854220747947693e-02
8.079986582743003964e-05
6.878964304924011230e-01
3.673923015594482422e-02
5.517433956265449524e-02
8.454709500074386597e-02
2.335066795349121094e-01
7.631579879671335220e-03
3.046945668756961823e-02
1.487077493220567703e-02
3.281488642096519470e-02
3.200539946556091309e-02
1.029122248291969299e-01
5.329694133251905441e-03
4.937564373016357422e+00
2.401639521121978760e-02
3.732935738298692740e-09
4.770534113049507141e-03
7.099910173565149307e-03
7.694032043218612671e-03
5.903689656406641006e-03
6.146480143070220947e-02
9.138955647358670831e-05
7.158725857734680176e-01
3.534654900431632996e-02
7.307965308427810669e-02
8.405358530580997467e-03
2.045957297086715698e-01
8.056594990193843842e-03
2.567794406786561012e-03
1.524913217872381210e-02
3.641851944848895073e-03
3.650767495855689049e-03
1.416830569505691528e-01
1.614687149412930012e-03
2.249985456466674805e+00
1.317235361784696579e-02
3.732935738298692740e-09
3.185968846082687378e-03
1.288222800940275192e-02
1.608286611735820770e-02
1.308390498161315918e-02
2.972413040697574615e-02
8.178598363883793354e-05
7.429962158203125000e-01
4.243490099906921387e-02
8.341010659933090210e-02
1.238696649670600891e-02
2.306462079286575317e-01
8.571609854698181152e-03
5.159656517207622528e-03
1.816170103847980499e-02
3.860735101625323296e-03
3.797916695475578308e-03
1.419418305158615112e-01
2.515512285754084587e-03
2.710431337356567383e+00
1.189342420548200607e-02
3.732935738298692740e-09
9.506083093583583832e-03
1.142908260226249695e-02
1.190734934061765671e-02
9.355594404041767120e-03
9.883471764624118805e-03
9.033430978888645768e-05
9.437685012817382812e-01
4.416365921497344971e-02
8.871961385011672974e-02
3.065605647861957550e-02
3.435493409633636475e-01
8.599796332418918610e-03
1.026858482509851456e-02
2.518557943403720856e-02
7.823153398931026459e-03
8.400798775255680084e-03
2.191464453935623169e-01
3.622476710006594658e-03
3.634825706481933594e+00
1.304676476866006851e-02
3.732935738298692740e-09
7.291920483112335205e-03
2.775728004053235054e-03
2.368604764342308044e-03
1.631744555197656155e-03
1.709664054214954376e-02
1.011328495224006474e-04
1.283213853836059570e+00
7.981225848197937012e-02
1.170167922973632812e-01
3.603384643793106079e-02
7.677812576293945312e-01
1.246484369039535522e-02
1.069341134279966354e-02
3.699191659688949585e-02
8.894500322639942169e-03
8.561917580664157867e-03
2.436618059873580933e-01
3.226286964491009712e-03
3.544483900070190430e+00
1.248106826096773148e-02
3.732935738298692740e-09
6.480295211076736450e-03
1.524248742498457432e-03
1.133685349486768246e-03
6.221975199878215790e-04
2.203107438981533051e-02
2.194850676460191607e-04
1.489462733268737793e+00
8.135809749364852905e-02
1.464754939079284668e-01
4.133646562695503235e-02
6.451224684715270996e-01
1.393119897693395615e-02
1.157426554709672928e-02
4.145099967718124390e-02
9.237401187419891357e-03
9.632123634219169617e-03
3.189412355422973633e-01
3.867192892357707024e-03
3.986580610275268555e+00
1.152316015213727951e-02
3.732935738298692740e-09
8.033842779695987701e-03
2.041965955868363380e-03
2.366435015574097633e-03
1.532994210720062256e-03
4.944314062595367432e-02
1.771487150108441710e-04
1.211728930473327637e+00
1.107851639389991760e-01
1.841479092836380005e-01
5.953077971935272217e-02
1.137414336204528809e+00
1.869331300258636475e-02
1.649316586554050446e-02
4.784342646598815918e-02
1.278356928378343582e-02
1.304743159562349319e-02
3.066878616809844971e-01
5.411966238170862198e-03
5.001962661743164062e+00
3.989667817950248718e-02
3.732935738298692740e-09
6.161720957607030869e-03
1.623022370040416718e-03
2.941792132332921028e-03
1.648485311307013035e-03
1.196644734591245651e-02
4.025747766718268394e-04
9.611130356788635254e-01
3.663060814142227173e-02
8.878067880868911743e-02
7.409930229187011719e-02
3.034236133098602295e-01
4.234764259308576584e-03
2.000298537313938141e-02
3.272267058491706848e-02
1.681443303823471069e-02
1.679001003503799438e-02
1.121244505047798157e-01
4.875827580690383911e-03
4.878675460815429688e+00
2.121427096426486969e-02
3.732935738298692740e-09
4.519906360656023026e-03
1.949857454746961594e-03
2.255280967801809311e-03
1.347062294371426105e-03
1.022742502391338348e-02
2.068000176222994924e-04
1.242785930633544922e+00
1.674079895019531250e-02
5.574821308255195618e-02
9.175855666399002075e-02
1.545077413320541382e-01
3.321993863210082054e-03
2.970617078244686127e-02
2.685794793069362640e-02
2.464801818132400513e-02
2.514573931694030762e-02
1.478472352027893066e-01
4.995506722480058670e-03
4.520942211151123047e+00
2.374669164419174194e-02
3.732935738298692740e-09
2.352456562221050262e-03
1.812881440855562687e-03
2.918573329225182533e-03
1.775906421244144440e-03
8.236909285187721252e-03
2.531659556552767754e-04
1.462028145790100098e+00
1.443927176296710968e-03
2.301084250211715698e-02
1.030745133757591248e-01
2.643643617630004883e-01
5.698977038264274597e-04
2.851136028766632080e-02
1.415190566331148148e-02
2.519667707383632660e-02
2.534555643796920776e-02
1.270773559808731079e-01
4.505611490458250046e-03
3.877227783203125000e+00
1.337691396474838257e-02
3.732935738298692740e-09
4.630379844456911087e-03
3.172850236296653748e-03
3.315517911687493324e-03
3.626811550930142403e-03
1.610712707042694092e-02
1.635892986087128520e-04
1.272567987442016602e+00
2.240318106487393379e-03
1.257034111768007278e-02
1.538759022951126099e-01
3.649269640445709229e-01
5.555403186008334160e-04
4.401153326034545898e-02
2.002957090735435486e-02
3.833998739719390869e-02
3.894847258925437927e-02
9.000112861394882202e-02
4.074480850249528885e-03
3.516856431961059570e+00
2.165708504617214203e-02
3.732935738298692740e-09
5.017609801143407822e-03
4.338507074862718582e-03
3.850314766168594360e-03
4.344673361629247665e-03
2.310928143560886383e-02
1.822610356612131000e-04
1.147499322891235352e+00
1.933877938427031040e-03
1.499177515506744385e-02
1.054310575127601624e-01
2.918694019317626953e-01
4.102004459127783775e-04
2.721132338047027588e-02
1.550906803458929062e-02
2.316340617835521698e-02
2.440511249005794525e-02
6.260410696268081665e-02
2.677096752449870110e-03
2.080733776092529297e+00
2.475753426551818848e-02
3.732935738298692740e-09
2.891792391892522573e-04
1.057934015989303589e-02
1.047240570187568665e-02
9.368521161377429962e-03
1.214111968874931335e-02
7.115302287274971604e-05
1.000258088111877441e+00
2.712219720706343651e-03
2.987255901098251343e-02
4.944189265370368958e-02
1.539706736803054810e-01
2.109312190441414714e-04
1.405842602252960205e-02
9.515003301203250885e-03
1.159232854843139648e-02
1.182456035166978836e-02
1.106501892209053040e-01
2.610001713037490845e-03
1.778244018554687500e+00
3.712201863527297974e-02
3.732935738298692740e-09
3.820047422777861357e-04
1.113987993448972702e-02
1.058204192668199539e-02
1.648394204676151276e-02
7.193323690444231033e-03
2.405229861324187368e-05
5.971903204917907715e-01
4.998149815946817398e-03
1.433444302529096603e-02
5.373987928032875061e-02
1.934084147214889526e-01
8.348416886292397976e-04
1.934335194528102875e-02
1.179736200720071793e-02
1.323191076517105103e-02
1.594102196395397186e-02
1.397457569837570190e-01
1.312470529228448868e-03
1.715544342994689941e+00
4.270483180880546570e-02
3.732935738298692740e-09
5.380074027925729752e-03
1.744787395000457764e-02
1.748445816338062286e-02
1.925143040716648102e-02
8.763462305068969727e-03
3.539348472259007394e-05
4.946775734424591064e-01
7.915161550045013428e-03
2.819997258484363556e-02
1.171052455902099609e-01
3.473751544952392578e-01
1.617110334336757660e-03
2.998152934014797211e-02
1.895609870553016663e-02
2.721077948808670044e-02
2.748770080506801605e-02
1.691642850637435913e-01
1.328270882368087769e-03
1.375821113586425781e+00
4.659137502312660217e-02
3.732935738298692740e-09
5.777226874670304824e-08
1.789586246013641357e-02
2.009916305541992188e-02
2.279022336006164551e-02
1.127827540040016174e-02
3.813762668869458139e-05
5.026135444641113281e-01
9.050153195858001709e-03
3.783083334565162659e-02
1.353754848241806030e-01
5.253203511238098145e-01
1.872973516583442688e-03
3.499216213822364807e-02
2.585679478943347931e-02
3.060066699981689453e-02
3.076825477182865143e-02
2.982091903686523438e-01
7.905263337306678295e-04
1.868747234344482422e+00
6.400196999311447144e-02
3.732935738298692740e-09
5.777226874670304824e-08
1.674523763358592987e-02
1.282760780304670334e-02
2.479711174964904785e-02
2.193668670952320099e-02
3.365772499819286168e-05
4.945298135280609131e-01
8.927780203521251678e-03
5.857928469777107239e-02
1.867093890905380249e-01
7.875315546989440918e-01
1.910196966491639614e-03
4.376706480979919434e-02
4.525805637240409851e-02
3.959375247359275818e-02
4.177972301840782166e-02
4.012747704982757568e-01
4.585996211972087622e-04
9.720764160156250000e-01
3.705713525414466858e-02
3.732935738298692740e-09
5.777226874670304824e-08
1.323869824409484863e-02
1.354045886546373367e-02
2.038899250328540802e-02
1.236428041011095047e-02
4.147073195781558752e-05
4.024492204189300537e-01
1.486886292695999146e-02
7.327861338853836060e-02
1.374305635690689087e-01
6.425721645355224609e-01
3.340004710480570793e-03
2.883872389793395996e-02
4.255356267094612122e-02
3.078329376876354218e-02
3.065400384366512299e-02
4.204442501068115234e-01
4.013357392977923155e-04
5.041581988334655762e-01
3.377344831824302673e-02
3.732935738298692740e-09
5.777226874670304824e-08
5.272496957331895828e-03
5.666259676218032837e-03
2.497938694432377815e-03
5.907678510993719101e-03
3.946484139305539429e-05
5.622376799583435059e-01
1.736676506698131561e-02
5.826798081398010254e-02
9.047909826040267944e-02
5.428872704505920410e-01
3.543866798281669617e-03
1.650974340736865997e-02
4.451291263103485107e-02
1.464269682765007019e-02
1.530771423131227493e-02
4.980858862400054932e-01
6.797829992137849331e-04
9.642183184623718262e-01
2.727724611759185791e-02
3.732935738298692740e-09
5.777226874670304824e-08
2.308580791577696800e-03
2.086580032482743263e-03
9.212172590196132660e-04
1.210403442382812500e-02
6.301576650002971292e-05
3.410606384277343750e-01
1.164756435900926590e-02
6.992759555578231812e-02
6.395076960325241089e-02
6.693831086158752441e-01
2.165271900594234467e-03
1.269197929650545120e-02
4.853959754109382629e-02
1.117975171655416489e-02
1.114695984870195389e-02
4.774855375289916992e-01
4.771119274664670229e-04
4.915545284748077393e-01
3.937366604804992676e-02
3.732935738298692740e-09
5.777226874670304824e-08
1.065878197550773621e-02
1.030614320188760757e-02
5.420692730695009232e-03
1.886034198105335236e-02
3.271479727118276060e-05
8.689184188842773438e-01
1.486405264586210251e-02
7.539761811494827271e-02
3.730091825127601624e-02
3.286695182323455811e-01
2.858553780242800713e-03
8.026371710002422333e-03
3.534444049000740051e-02
9.326240047812461853e-03
9.222337044775485992e-03
3.886603116989135742e-01
2.867927832994610071e-04
4.165277481079101562e-01
2.198365330696105957e-02
3.732935738298692740e-09
5.777226874670304824e-08
9.909472428262233734e-03
1.031901594251394272e-02
5.506248679012060165e-03
8.275114931166172028e-03
3.012467641383409500e-05
7.925224304199218750e-01
1.602680049836635590e-02
8.953765779733657837e-02
2.866706997156143188e-02
2.972416579723358154e-01
2.970126224681735039e-03
3.848138032481074333e-03
3.790327161550521851e-02
5.713806021958589554e-03
5.690544843673706055e-03
3.891431391239166260e-01
3.325004072394222021e-04
3.891620337963104248e-01
1.576644554734230042e-02
3.732935738298692740e-09
5.777226874670304824e-08
2.561961766332387924e-03
2.978319069370627403e-03
1.054650871083140373e-03
1.025541871786117554e-02
2.843216680048499256e-05
7.060139775276184082e-01
9.888022206723690033e-03
7.641875743865966797e-02
4.474214836955070496e-02
4.263365566730499268e-01
1.811628346331417561e-03
1.113265100866556168e-02
3.768106922507286072e-02
7.542543113231658936e-03
7.644104305654764175e-03
2.615059912204742432e-01
4.803808697033673525e-04
7.104160189628601074e-01
2.945608831942081451e-02
3.732935738298692740e-09
7.596971001476049423e-03
5.720139015465974808e-03
5.502879153937101364e-03
2.637731609866023064e-03
7.430214434862136841e-03
3.636587643995881081e-05
3.582696020603179932e-01
7.031807210296392441e-03
7.095199823379516602e-02
2.958684228360652924e-02
3.169924318790435791e-01
1.491809845902025700e-03
5.702300462871789932e-03
2.981010638177394867e-02
7.107175886631011963e-03
7.187385112047195435e-03
1.676760315895080566e-01
5.719393375329673290e-04
7.896366119384765625e-01
2.687004394829273224e-02
3.732935738298692740e-09
7.596603129059076309e-03
5.954480264335870743e-03
6.170214619487524033e-03
2.540360437706112862e-03
8.445618674159049988e-03
2.406094245088752359e-05
1.936804056167602539e-01
1.680759899318218231e-02
8.184983581304550171e-02
3.897785767912864685e-02
4.373947083950042725e-01
3.072086488828063011e-03
8.445014245808124542e-03
4.005436599254608154e-02
8.291383273899555206e-03
8.483715355396270752e-03
2.160208970308303833e-01
6.063200416974723339e-04
6.830553412437438965e-01
2.597280591726303101e-02
3.732935738298692740e-09
7.597114890813827515e-03
3.754436969757080078e-03
3.937084693461656570e-03
1.747111324220895767e-03
2.631478570401668549e-02
5.336696267477236688e-05
9.653872251510620117e-02
4.957853350788354874e-03
6.535217165946960449e-02
9.254578500986099243e-02
5.565862059593200684e-01
1.091701793484389782e-03
3.670178726315498352e-02
3.767097741365432739e-02
2.435572631657123566e-02
3.298409283161163330e-02
4.310224577784538269e-02
9.683583048172295094e-04
1.127696037292480469e+00
3.796040639281272888e-02
3.732935738298692740e-09
7.597560528665781021e-03
1.838787808082997799e-03
2.290225820615887642e-03
1.031047664582729340e-03
1.858666352927684784e-02
3.903531614923849702e-05
1.334561854600906372e-01
2.959885401651263237e-03
3.776457160711288452e-02
7.429789751768112183e-02
2.972056567668914795e-01
6.724082049913704395e-04
1.547499466687440872e-02
2.923527918756008148e-02
1.723720878362655640e-02
1.740163750946521759e-02
8.804700337350368500e-03
1.749593298882246017e-03
1.464872002601623535e+00
5.064385011792182922e-02
3.732935738298692740e-09
7.597997784614562988e-03
1.049890648573637009e-03
1.232027658261358738e-03
5.978819681331515312e-04
2.276030741631984711e-02
5.040426549385301769e-05
4.311000406742095947e-01
6.149580236524343491e-03
4.221620038151741028e-02
8.225394040346145630e-02
3.943424224853515625e-01
1.313597895205020905e-03
1.851409487426280975e-02
2.620690129697322845e-02
2.064828574657440186e-02
1.930820569396018982e-02
8.109477907419204712e-02
1.893258653581142426e-03
1.692121148109436035e+00
5.590002238750457764e-02
3.732935738298692740e-09
7.597533520311117172e-03
2.717534080147743225e-04
2.520653360988944769e-04
6.768496677977964282e-05
2.874981798231601715e-02
6.377784302458167076e-05
2.420462816953659058e-01
6.005467381328344345e-03
3.903052210807800293e-02
8.339995145797729492e-02
3.794857561588287354e-01
1.273023313842713833e-03
1.897190511226654053e-02
2.131295204162597656e-02
2.177531458437442780e-02
2.184210903942584991e-02
4.674906656146049500e-02
2.342228079214692116e-03
2.122107744216918945e+00
6.454544514417648315e-02
3.732935738298692740e-09
7.597547490149736404e-03
5.517743993550539017e-04
5.436767823994159698e-04
1.590471365489065647e-04
3.419122844934463501e-02
8.482037810608744621e-05
1.626134850084781647e-02
1.027167309075593948e-02
1.655847392976284027e-02
1.171505078673362732e-01
4.205485880374908447e-01
1.850805827416479588e-03
2.623243629932403564e-02
1.177801098674535751e-02
2.703981101512908936e-02
2.743726409971714020e-02
4.327533766627311707e-02
2.804341493174433708e-03
2.836067914962768555e+00
7.044044882059097290e-02
3.732935738298692740e-09
1.503347009420394897e-01
7.466405513696372509e-04
7.364734192378818989e-04
4.244552983436733484e-04
3.879779577255249023e-02
9.857836266746744514e-05
1.699852943420410156e-02
1.108909677714109421e-02
1.292202342301607132e-02
1.287771612405776978e-01
2.451037764549255371e-01
2.592482836917042732e-03
3.308319672942161560e-02
1.001779362559318542e-02
4.899797961115837097e-02
4.858630523085594177e-02
1.617499627172946930e-02
2.838702173903584480e-03
2.751744508743286133e+00
6.631039083003997803e-02
3.732935738298692740e-09
1.503322422504425049e-01
2.724656835198402405e-03
2.991600194945931435e-03
1.956861699000000954e-03
3.041269071400165558e-02
1.192743147839792073e-04
7.630772143602371216e-02
2.378601767122745514e-02
2.924070507287979126e-02
4.413914680480957031e-01
1.191782355308532715e+00
5.346066784113645554e-03
1.033996939659118652e-01
4.868991300463676453e-02
1.141842082142829895e-01
1.150336563587188721e-01
2.706532739102840424e-02
2.683445578441023827e-03
3.141357660293579102e+00
5.989747121930122375e-02
3.732935738298692740e-09
1.503382027149200439e-01
9.247534908354282379e-03
9.280556812882423401e-03
6.882896181195974350e-03
4.206880927085876465e-02
1.603728451300412416e-04
2.952438592910766602e-02
2.902876399457454681e-02
4.492597281932830811e-02
3.491068780422210693e-01
9.130398631095886230e-01
6.676675751805305481e-03
8.549699187278747559e-02
2.026356942951679230e-02
1.064273715019226074e-01
1.074748337268829346e-01
1.238109841942787170e-01
2.001679502427577972e-03
2.488880157470703125e+00
5.512021854519844055e-02
3.732935738298692740e-09
1.503385752439498901e-01
3.164838254451751709e-02
2.922364510595798492e-02
2.433859556913375854e-02
4.732176288962364197e-02
1.241373975062742829e-04
1.564753800630569458e-02
4.476734995841979980e-02
7.197564095258712769e-02
4.031112492084503174e-01
7.286590933799743652e-01
1.041937991976737976e-02
7.951056957244873047e-02
2.716954052448272705e-02
8.826199918985366821e-02
1.044660806655883789e-01
1.351376324892044067e-01
2.487692749127745628e-03
2.770132064819335938e+00
5.290962755680084229e-02
3.732935738298692740e-09
1.503417193889617920e-01
3.281015157699584961e-02
2.997111715376377106e-02
2.613826654851436615e-02
7.253427803516387939e-02
1.185472065117210150e-04
6.842502206563949585e-02
5.525793507695198059e-02
1.160690188407897949e-01
3.807083070278167725e-01
5.438190698623657227e-01
1.309975329786539078e-02
9.742640703916549683e-02
1.923359371721744537e-02
1.132816076278686523e-01
1.134852841496467590e-01
2.214583307504653931e-01
2.710003405809402466e-03
2.528064727783203125e+00
6.076267361640930176e-02
3.732935738298692740e-09
1.503383219242095947e-01
3.244641050696372986e-02
3.121745586395263672e-02
2.501646988093852997e-02
1.056889295578002930e-01
8.375066681765019894e-05
1.117984279990196228e-01
8.045271784067153931e-02
1.287927776575088501e-01
3.003855049610137939e-01
3.010537624359130859e-01
1.756776683032512665e-02
8.388388156890869141e-02
6.957970093935728073e-03
9.702899307012557983e-02
9.764337539672851562e-02
3.317875862121582031e-01
3.274300368502736092e-03
2.355661630630493164e+00
6.493492424488067627e-02
3.732935738298692740e-09
1.957543045282363892e-01
3.133278340101242065e-02
2.945785783231258392e-02
2.380238659679889679e-02
1.421014815568923950e-01
5.459546810016036034e-05
8.664152771234512329e-02
8.781013637781143188e-02
1.202337518334388733e-01
2.608887851238250732e-01
2.455749511718750000e-01
1.985281705856323242e-02
7.660604268312454224e-02
4.849016200751066208e-03
8.520511537790298462e-02
8.609183877706527710e-02
2.030074447393417358e-01
3.285423619672656059e-03
2.987118482589721680e+00
6.929680705070495605e-02
3.732935738298692740e-09
8.660839200019836426e-01
3.264546394348144531e-02
3.117738477885723114e-02
2.415321953594684601e-02
1.145667955279350281e-01
3.433126039453782141e-05
2.481044828891754150e-02
7.056353986263275146e-02
9.100679308176040649e-02
2.701431810855865479e-01
2.545012533664703369e-01
1.658042706549167633e-02
7.868125289678573608e-02
6.600935012102127075e-03
8.572402596473693848e-02
8.696544170379638672e-02
1.421071141958236694e-01
3.854661947116255760e-03
3.467561483383178711e+00
7.067047059535980225e-02
3.732935738298692740e-09
8.819420933723449707e-01
3.447049483656883240e-02
3.285786509513854980e-02
2.530264854431152344e-02
1.636111438274383545e-01
5.471745316754095256e-05
2.137468755245208740e-02
4.965116083621978760e-02
5.997271463274955750e-02
2.500385344028472900e-01
3.778235912322998047e-01
1.240815501660108566e-02
8.120628446340560913e-02
1.356147509068250656e-02
7.955569028854370117e-02
8.140534162521362305e-02
9.255961328744888306e-02
2.987731248140335083e-03
2.471661567687988281e+00
6.987950205802917480e-02
2.072651311755180359e-02
2.646768331527709961e+00
3.492369875311851501e-02
3.348478302359580994e-02
2.521151304244995117e-02
1.318089962005615234e-01
4.666157110477797687e-05
5.573939532041549683e-03
5.741201341152191162e-02
7.559010386466979980e-02
2.474070638418197632e-01
8.060323596000671387e-01
1.344959158450365067e-02
5.837157368659973145e-02
2.613574825227260590e-02
7.522151619195938110e-02
6.806650012731552124e-02
9.633774310350418091e-02
3.081131726503372192e-03
2.963790178298950195e+00
6.923643499612808228e-02
1.174514293670654297e-01
4.676661968231201172e+00
3.709486499428749084e-02
3.514346852898597717e-02
2.507177181541919708e-02
1.208653450012207031e-01
4.425551378517411649e-05
4.403929691761732101e-03
6.471218168735504150e-02
8.504810184240341187e-02
2.320718020200729370e-01
8.457970619201660156e-01
1.520770415663719177e-02
7.375818490982055664e-02
4.080501198768615723e-02
7.995447516441345215e-02
7.926008105278015137e-02
8.999818563461303711e-02
2.148750005289912224e-03
2.735990762710571289e+00
7.002978026866912842e-02
1.381804943084716797e-01
6.690578460693359375e+00
3.686445578932762146e-02
3.452469408512115479e-02
2.645371668040752411e-02
1.643378585577011108e-01
7.890329288784414530e-05
3.640701994299888611e-03
7.504283636808395386e-02
9.837905317544937134e-02
3.308568894863128662e-01
1.193199157714843750e+00
1.694376207888126373e-02
9.533796459436416626e-02
6.172241643071174622e-02
1.011147871613502502e-01
1.025595664978027344e-01
1.083022281527519226e-01
1.979962224140763283e-03
1.745404839515686035e+00
1.263132393360137939e-01
1.450988501310348511e-01
7.721717834472656250e+00
4.458323121070861816e-02
4.238504543900489807e-02
3.192571178078651428e-02
1.317621320486068726e-01
7.708446355536580086e-05
1.688663498498499393e-03
9.366965293884277344e-02
1.008133664727210999e-01
1.274124532938003540e-01
1.516263842582702637e+00
2.081646770238876343e-02
6.702196598052978516e-02
8.388654142618179321e-02
7.141251116991043091e-02
4.408606886863708496e-02
1.183301806449890137e-01
1.201933482661843300e-03
1.339559912681579590e+00
8.484390377998352051e-02
1.451055854558944702e-01
7.734102725982666016e+00
5.525884404778480530e-02
5.263614654541015625e-02
3.746670484542846680e-02
1.209709420800209045e-01
1.196502053062431514e-04
4.324567317962646484e-02
5.735139176249504089e-02
7.050568610429763794e-02
1.074875369668006897e-01
1.536770820617675781e+00
1.347612868994474411e-02
4.449436068534851074e-02
8.878543227910995483e-02
4.806350544095039368e-02
5.055516958236694336e-02
5.808492377400398254e-02
1.250100787729024887e-03
1.036159276962280273e+00
8.628106117248535156e-02
1.451065987348556519e-01
7.741793155670166016e+00
6.321048736572265625e-02
6.164559721946716309e-02
4.442659020423889160e-02
1.077825650572776794e-01
1.478992489865049720e-04
1.683433502912521362e-01
3.547179698944091797e-02
4.397093877196311951e-02
1.965021342039108276e-01
1.838420271873474121e+00
8.485798723995685577e-03
5.696301534771919250e-02
1.024281978607177734e-01
6.101705133914947510e-02
6.225045397877693176e-02
4.447181895375251770e-02
9.740923414938151836e-04
8.923429846763610840e-01
7.961146533489227295e-02
1.450988501310348511e-01
7.731984615325927734e+00
5.962463095784187317e-02
5.685238540172576904e-02
4.025353118777275085e-02
7.454746216535568237e-02
2.760289644356817007e-04
1.213292479515075684e-01
2.838448621332645416e-02
2.772471867501735687e-02
2.701587229967117310e-02
2.490078926086425781e+00
7.115416228771209717e-03
2.045629359781742096e-02
1.160807237029075623e-01
2.346864901483058929e-02
2.415136061608791351e-02
2.794117294251918793e-02
1.055033877491950989e-03
1.061527371406555176e+00
8.872782438993453979e-02
1.450959146022796631e-01
7.599649906158447266e+00
2.293699979782104492e-02
1.940443925559520721e-02
1.692851260304450989e-02
5.264571681618690491e-02
3.496994031593203545e-04
5.499151349067687988e-02
3.883533179759979248e-02
2.051066048443317413e-02
9.516098350286483765e-02
2.652872323989868164e+00
6.368831265717744827e-03
4.490721225738525391e-02
1.670185178518295288e-01
2.915534935891628265e-02
2.984996140003204346e-02
2.832455001771450043e-02
6.858368869870901108e-04
8.003700375556945801e-01
9.643888473510742188e-02
1.450958698987960815e-01
7.530258655548095703e+00
2.035289257764816284e-02
1.862089149653911591e-02
1.416761428117752075e-02
2.530822157859802246e-02
4.131343739572912455e-04
2.352319471538066864e-02
3.704455122351646423e-02
3.000454045832157135e-02
3.991474583745002747e-02
2.212961912155151367e+00
8.869329467415809631e-03
1.417238730937242508e-02
1.549695134162902832e-01
9.763632901012897491e-03
9.607809595763683319e-03
4.085856676101684570e-02
1.315145869739353657e-03
9.628298878669738770e-01
1.003293991088867188e-01
1.450995355844497681e-01
7.562493801116943359e+00
5.934489890933036804e-02
5.860422179102897644e-02
3.865548223257064819e-02
1.112372893840074539e-02
4.745350161101669073e-04
4.379611462354660034e-03
7.832439988851547241e-02
8.186092972755432129e-02
4.846419394016265869e-02
2.588253259658813477e+00
1.961225457489490509e-02
1.611979864537715912e-02
1.504623293876647949e-01
1.794021017849445343e-02
1.779288612306118011e-02
1.740293055772781372e-01
9.131166152656078339e-04
7.125676274299621582e-01
1.189397871494293213e-01
1.451053023338317871e-01
7.540376663208007812e+00
7.142715156078338623e-02
7.154640555381774902e-02
4.499872401356697083e-02
1.775527000427246094e-02
5.914266803301870823e-04
1.064086705446243286e-02
6.222881004214286804e-02
7.216346263885498047e-02
7.459683716297149658e-02
2.080599308013916016e+00
1.250685285776853561e-02
3.406736627221107483e-02
1.058446392416954041e-01
3.689321503043174744e-02
3.724543750286102295e-02
7.072927802801132202e-02
7.920940406620502472e-04
4.845408201217651367e-01
1.583213359117507935e-01
1.451117545366287231e-01
7.478821277618408203e+00
3.175862133502960205e-02
2.910972200334072113e-02
2.059004642069339752e-02
2.273533307015895844e-02
5.705152871087193489e-04
1.180798094719648361e-02
6.925059854984283447e-02
7.168567925691604614e-02
1.986249089241027832e-01
2.056154012680053711e+00
1.368652749806642532e-02
5.534800514578819275e-02
1.026625037193298340e-01
5.912725999951362610e-02
5.845325812697410583e-02
1.081789359450340271e-01
6.311833858489990234e-04
6.592785716056823730e-01
2.099859714508056641e-01
1.451195925474166870e-01
7.524818420410156250e+00
9.607400745153427124e-03
9.219526313245296478e-03
6.136068608611822128e-03
2.673375047743320465e-02
6.520227179862558842e-04
1.342002581804990768e-02
7.217868417501449585e-02
9.128757566213607788e-02
1.283375471830368042e-01
1.840868592262268066e+00
1.507659535855054855e-02
3.861821815371513367e-02
9.233073145151138306e-02
4.199786111712455750e-02
4.197107627987861633e-02
1.154974177479743958e-01
5.057278322055935860e-04
3.702005147933959961e-01
1.902288645505905151e-01
1.451270133256912231e-01
6.610338687896728516e+00
1.936588319949805737e-03
2.165053505450487137e-03
7.381217437796294689e-04
3.731305524706840515e-02
4.634109791368246078e-04
2.265720628201961517e-02
4.031153395771980286e-02
3.909873589873313904e-02
5.987777933478355408e-02
1.539296507835388184e+00
8.239876478910446167e-03
2.006114274263381958e-02
4.959503933787345886e-02
2.148648351430892944e-02
2.234364114701747894e-02
5.238114669919013977e-02
4.658271791413426399e-04
4.624087810516357422e-01
1.875414252281188965e-01
1.451269239187240601e-01
5.806645870208740234e+00
3.124626353383064270e-03
2.021875465288758278e-03
6.244789692573249340e-04
5.203109979629516602e-02
5.539288395084440708e-04
2.692239917814731598e-02
2.716583758592605591e-02
3.273810073733329773e-02
6.679596379399299622e-03
1.105446457862854004e+00
5.566481966525316238e-03
4.553679376840591431e-03
5.162483453750610352e-02
3.632326610386371613e-03
3.545843064785003662e-03
4.448443278670310974e-02
4.159391392022371292e-04
3.540377616882324219e-01
1.855128556489944458e-01
1.451169997453689575e-01
5.807553768157958984e+00
4.369377624243497849e-03
3.633818821981549263e-03
2.151642926037311554e-03
6.338577717542648315e-02
4.151990578975528479e-04
3.050346113741397858e-02
7.002070080488920212e-03
6.562839727848768234e-03
3.328904882073402405e-02
1.801381111145019531e-01
1.659567118622362614e-03
1.302648615092039108e-02
3.308400511741638184e-03
1.326939463615417480e-02
1.339813321828842163e-02
1.396378874778747559e-02
7.506601978093385696e-04
5.851944088935852051e-01
1.870479583740234375e-01
1.001132726669311523e-01
2.104180097579956055e+00
1.075532287359237671e-02
1.273317355662584305e-02
1.084668189287185669e-02
5.023995041847229004e-02
4.789636877831071615e-04
5.287276580929756165e-02
1.129032392054796219e-02
8.841044269502162933e-03
3.230082616209983826e-02
2.075978517532348633e-01
1.948758377693593502e-03
1.432394143193960190e-02
7.440198678523302078e-04
1.442833710461854935e-02
1.463355869054794312e-02
1.130658388137817383e-02
4.206708108540624380e-04
3.210843801498413086e-01
2.027283906936645508e-01
2.354454062879085541e-02
1.454001784324645996e+00
1.210654992610216141e-02
1.129938010126352310e-02
1.215931493788957596e-02
1.178935170173645020e-02
3.856671100948005915e-04
9.914729744195938110e-02
7.009035442024469376e-03
4.799695685505867004e-03
5.044351145625114441e-02
3.648004829883575439e-01
1.350144506432116032e-03
2.107272110879421234e-02
4.125955048948526382e-03
2.104439400136470795e-02
2.178007923066616058e-02
1.192328985780477524e-02
7.056854083202779293e-04
5.147790312767028809e-01
2.108708620071411133e-01
1.889657787978649139e-02
2.262381315231323242e+00
1.525917183607816696e-02
1.355296652764081955e-02
2.115982957184314728e-02
1.611236482858657837e-02
3.266727726440876722e-04
1.549057811498641968e-01
7.074641063809394836e-03
6.980075035244226456e-03
4.308104515075683594e-02
2.645225822925567627e-01
1.245550462044775486e-03
1.875246688723564148e-02
1.322057936340570450e-02
1.865661144256591797e-02
1.872732676565647125e-02
2.260477282106876373e-02
1.029691658914089203e-03
7.723209857940673828e-01
2.051585912704467773e-01
1.818973571062088013e-02
1.146061301231384277e+00
1.596214435994625092e-02
1.466328743845224380e-02
1.982629485428333282e-02
1.300984248518943787e-02
2.532645303290337324e-04
1.751855015754699707e-01
1.049365941435098648e-02
7.830158807337284088e-03
3.050439059734344482e-02
2.167231291532516479e-01
2.043728483840823174e-03
1.406416576355695724e-02
1.550098042935132980e-02
1.354269217699766159e-02
1.350125391036272049e-02
1.213228330016136169e-02
1.250587287358939648e-03
8.468281626701354980e-01
2.168170660734176636e-01
4.629585891962051392e-03
2.755663692951202393e-01
2.121249400079250336e-02
1.788201369345188141e-02
2.249184809625148773e-02
9.342434816062450409e-03
2.578877611085772514e-04
2.731359302997589111e-01
1.505748461931943893e-02
7.487969938665628433e-03
4.328364133834838867e-02
1.606755107641220093e-01
2.561792731285095215e-03
1.810072362422943115e-02
1.180163770914077759e-02
1.756243407726287842e-02
1.739335991442203522e-02
1.619870029389858246e-02
1.307250349782407284e-03
9.249983429908752441e-01
2.324007749557495117e-01
2.799946116283535957e-03
5.107231736183166504e-01
2.047661133110523224e-02
1.812084391713142395e-02
2.008994854986667633e-02
6.669504102319478989e-03
2.375079930061474442e-04
3.312748372554779053e-01
1.929569989442825317e-02
9.106616489589214325e-03
5.002780631184577942e-02
3.117325007915496826e-01
4.147416446357965469e-03
2.257724851369857788e-02
1.130295544862747192e-02
2.189959026873111725e-02
2.177179418504238129e-02
2.044452168047428131e-02
1.340061542578041553e-03
1.021355271339416504e+00
2.287677973508834839e-01
5.387951387092471123e-04
2.751904726028442383e-01
2.598571963608264923e-02
2.249728143215179443e-02
2.380732446908950806e-02
3.057949943467974663e-03
2.162150922231376171e-04
4.669991433620452881e-01
2.410747669637203217e-02
1.072603929787874222e-02
5.036392807960510254e-02
2.223653048276901245e-01
3.819064237177371979e-03
2.210376225411891937e-02
8.019275031983852386e-03
2.183213643729686737e-02
2.170281112194061279e-02
3.621855750679969788e-02
1.437768689356744289e-03
1.386314749717712402e+00
2.069069594144821167e-01
1.900698989629745483e-03
3.409982025623321533e-01
5.032646656036376953e-02
4.357548058032989502e-02
3.988308086991310120e-02
4.344913177192211151e-03
3.717786166816949844e-04
5.337679386138916016e-01
2.452187798917293549e-02
9.057221002876758575e-03
4.066391661763191223e-02
1.515980213880538940e-01
4.447802901268005371e-03
1.907723210752010345e-02
8.233319036662578583e-03
1.810603775084018707e-02
1.881776563823223114e-02
4.215119406580924988e-02
1.620908384211361408e-03
1.380966186523437500e+00
2.008826285600662231e-01
2.786534605547785759e-03
2.697822749614715576e-01
7.297364622354507446e-02
6.648879498243331909e-02
5.696357414126396179e-02
7.711064070463180542e-03
1.599751267349347472e-04
6.275051236152648926e-01
3.606925904750823975e-02
1.727834157645702362e-02
8.029814809560775757e-02
9.896711260080337524e-02
8.315936662256717682e-03
2.560487203299999237e-02
6.434584502130746841e-03
2.925028093159198761e-02
3.146419301629066467e-02
3.006442449986934662e-02
1.738209626637399197e-03
1.417029500007629395e+00
2.136486023664474487e-01
3.095994470641016960e-03
1.135718449950218201e-01
3.981705009937286377e-02
3.748542815446853638e-02
3.445636853575706482e-02
1.665896736085414886e-02
2.684337960090488195e-04
6.936824917793273926e-01
3.557724878191947937e-02
1.293143164366483688e-02
9.286862611770629883e-02
7.371111959218978882e-02
6.951107177883386612e-03
4.169372841715812683e-02
6.654739845544099808e-03
4.020993784070014954e-02
4.057597741484642029e-02
2.897672355175018311e-02
1.972068101167678833e-03
1.554518580436706543e+00
2.576870620250701904e-01
4.665475804358720779e-03
3.856650292873382568e-01
3.399067744612693787e-02
2.905438095331192017e-02
3.595418855547904968e-02
8.413092233240604401e-03
3.696012718137353659e-04
7.379576563835144043e-01
1.034937575459480286e-01
6.056101247668266296e-02
1.377046257257461548e-01
6.287533044815063477e-02
2.041379176080226898e-02
5.670635402202606201e-02
7.122892886400222778e-03
5.723620578646659851e-02
5.620992183685302734e-02
3.429589793086051941e-02
2.529463497921824455e-03
1.987486839294433594e+00
2.450727671384811401e-01
5.438550724647939205e-04
2.861435711383819580e-01
6.246696412563323975e-02
5.814122036099433899e-02
5.757503211498260498e-02
8.196316659450531006e-03
3.594931040424853563e-04
9.551450610160827637e-01
1.333856955170631409e-02
4.539571236819028854e-03
4.829512909054756165e-02
5.820586159825325012e-02
2.186244586482644081e-03
2.151716500520706177e-02
8.718260563910007477e-03
2.024758420884609222e-02
2.038472704589366913e-02
5.911448970437049866e-02
2.209554193541407585e-03
1.109021782875061035e+00
2.738175690174102783e-01
4.526751115918159485e-03
2.208996862173080444e-01
8.691420406103134155e-02
8.362359553575515747e-02
7.904259860515594482e-02
1.495810132473707199e-02
2.467762969899922609e-04
9.851619601249694824e-01
1.264336239546537399e-02
4.973016213625669479e-03
1.785143278539180756e-02
1.246528029441833496e-01
2.194501692429184914e-03
8.206909522414207458e-03
6.946486886590719223e-03
8.168708533048629761e-03
8.240949362516403198e-03
6.709311157464981079e-02
1.402628724463284016e-03
1.238014101982116699e+00
8.782918006181716919e-02
2.108291955664753914e-03
2.422348707914352417e-01
9.652062505483627319e-02
9.327284246683120728e-02
8.637163043022155762e-02
1.085670012980699539e-02
1.296366826863959432e-04
7.594349384307861328e-01
4.296922683715820312e-02
1.414715219289064407e-02
1.068957615643739700e-02
2.935440540313720703e-01
9.454503655433654785e-03
5.344422068446874619e-03
1.224515866488218307e-02
5.765636917203664780e-03
5.764719098806381226e-03
2.719374932348728180e-02
1.563034369610249996e-03
1.250347733497619629e+00
9.837027639150619507e-02
4.274232313036918640e-03
2.741263508796691895e-01
8.951514959335327148e-02
8.286839723587036133e-02
7.582392543554306030e-02
9.356861002743244171e-03
3.186373505741357803e-04
7.292551994323730469e-01
3.909576684236526489e-02
1.168964803218841553e-02
1.175654400140047073e-02
3.856835663318634033e-01
8.147952146828174591e-03
4.056247416883707047e-03
1.674486137926578522e-02
4.943089094012975693e-03
5.041261669248342514e-03
3.600500524044036865e-02
1.160651561804115772e-03
1.014796376228332520e+00
1.084171757102012634e-01
1.908629783429205418e-03
2.254892140626907349e-01
3.191981092095375061e-02
2.692864835262298584e-02
1.306447386741638184e-02
8.894865401089191437e-03
4.682671278715133667e-04
6.186366081237792969e-01
3.702313080430030823e-02
7.178375031799077988e-03
4.804554581642150879e-02
3.843761980533599854e-01
7.357621099799871445e-03
3.116293251514434814e-02
1.995042711496353149e-02
1.665917038917541504e-02
1.529809553176164627e-02
5.685321986675262451e-02
1.353937317617237568e-03
1.243819355964660645e+00
1.815869659185409546e-01
1.744339591823518276e-03
4.443792402744293213e-01
2.031548321247100830e-02
1.512329746037721634e-02
3.297434002161026001e-02
1.178465783596038818e-02
7.691751234233379364e-04
5.151959061622619629e-01
5.709125194698572159e-03
6.041934248059988022e-03
7.942549139261245728e-02
2.346062213182449341e-01
1.276468392461538315e-03
3.736632689833641052e-02
9.933348745107650757e-03
4.529454931616783142e-02
4.410797357559204102e-02
1.492812037467956543e-01
9.004571475088596344e-04
3.319096267223358154e-01
1.422974318265914917e-01
2.052429335890337825e-04
9.782258421182632446e-02
1.543213892728090286e-02
1.635528914630413055e-02
1.613110303878784180e-02
4.110757634043693542e-02
2.681221521925181150e-04
2.761912643909454346e-01
8.199584670364856720e-03
7.729381788522005081e-03
5.337018519639968872e-03
6.123791262507438660e-02
1.713479403406381607e-03
2.934553893283009529e-03
3.993449266999959946e-03
3.507554531097412109e-03
3.386618569493293762e-03
9.290028363466262817e-02
4.903337103314697742e-04
2.895551025867462158e-01
9.958081692457199097e-02
9.112312545767053962e-05
4.584724828600883484e-02
2.589192800223827362e-02
2.757539041340351105e-02
2.173449657857418060e-02
1.647303812205791473e-02
2.307219401700422168e-04
1.373819261789321899e-01
1.253435481339693069e-02
4.364747088402509689e-03
7.996092550456523895e-03
6.465689837932586670e-02
3.471069037914276123e-03
3.187282010912895203e-03
3.362082177773118019e-03
4.789385944604873657e-03
4.632734227925539017e-03
7.887586951255798340e-02
6.471278029493987560e-04
3.108541071414947510e-01
7.357946783304214478e-02
3.732935738298692740e-09
2.004966139793395996e-03
2.589953504502773285e-02
2.630452997982501984e-02
1.774447970092296600e-02
1.000031176954507828e-02
3.191610740032047033e-04
4.779225215315818787e-02
1.105978339910507202e-02
6.468477193266153336e-03
2.238662540912628174e-02
2.878093905746936798e-02
3.997087944298982620e-03
8.445727638900279999e-03
1.967932330444455147e-03
4.394260235130786896e-03
4.375309217721223831e-03
8.466110378503799438e-02
5.277267773635685444e-04
2.854773104190826416e-01
6.296939402818679810e-02
3.732935738298692740e-09
4.150825086981058121e-03
9.768694639205932617e-03
9.604755789041519165e-03
6.490017753094434738e-03
1.739454083144664764e-02
3.016933042090386152e-04
4.212201833724975586e-01
6.672192364931106567e-03
9.132090024650096893e-03
8.520525880157947540e-03
3.066744655370712280e-02
2.228994853794574738e-03
6.813875865191221237e-03
3.312161890789866447e-03
5.007440224289894104e-03
5.121749360114336014e-03
7.536394149065017700e-02
6.737367366440594196e-04
3.335025310516357422e-01
6.808605045080184937e-02
3.732935738298692740e-09
2.339433180168271065e-03
3.892778418958187103e-03
2.984156599268317223e-03
2.489353297278285027e-03
2.085917256772518158e-02
1.864295481937006116e-04
5.599514842033386230e-01
1.482457388192415237e-02
3.592486726120114326e-03
2.930472837761044502e-03
4.760350659489631653e-02
5.620467942208051682e-03
1.106942654587328434e-03
2.624195301905274391e-03
1.452365075238049030e-03
1.475837081670761108e-03
6.563205271959304810e-02
6.770800682716071606e-04
4.058617055416107178e-01
6.378044933080673218e-02
3.732935738298692740e-09
5.574690643697977066e-03
1.864405348896980286e-03
3.353583859279751778e-03
4.265933763235807419e-03
9.739510715007781982e-03
2.089655026793479919e-04
1.887324303388595581e-01
5.946618970483541489e-03
5.935809109359979630e-03
8.843726478517055511e-03
2.646400593221187592e-02
1.343743293546140194e-03
7.528170943260192871e-03
6.136550218798220158e-04
4.276174586266279221e-03
4.398985300213098526e-03
9.222718328237533569e-02
4.787625221069902182e-04
4.322465360164642334e-01
8.281564712524414062e-02
3.732935738298692740e-09
2.532863290980458260e-03
6.147060543298721313e-03
6.311107426881790161e-03
5.492024123668670654e-03
1.814390905201435089e-02
1.267372135771438479e-04
3.675524517893791199e-02
2.850490855053067207e-03
4.828902427107095718e-03
4.095901269465684891e-03
1.598946191370487213e-02
1.196447992697358131e-03
1.230363850481808186e-03
1.411389443092048168e-03
1.391573692671954632e-03
1.361216884106397629e-03
1.128485575318336487e-01
6.254790350794792175e-04
5.448872447013854980e-01
1.102962493896484375e-01
3.732935738298692740e-09
2.022593282163143158e-03
4.143648315221071243e-03
4.657159093767404556e-03
5.544860381633043289e-03
2.694381773471832275e-02
8.791685104370117188e-05
3.160269930958747864e-02
1.105909794569015503e-02
7.439936976879835129e-03
4.778241273015737534e-03
5.796550214290618896e-02
2.713032998144626617e-03
1.855444279499351978e-03
3.638096153736114502e-03
1.692032441496849060e-03
1.683568116277456284e-03
1.020133867859840393e-01
4.787485813722014427e-04
2.838605344295501709e-01
9.137076884508132935e-02
3.732935738298692740e-09
9.952936088666319847e-04
7.236205507069826126e-03
6.685843225568532944e-03
5.920130759477615356e-03
2.475337684154510498e-02
2.017756778514012694e-04
1.262114793062210083e-01
8.564641699194908142e-03
6.521726027131080627e-03
1.506738364696502686e-02
2.126623131334781647e-02
1.888337195850908756e-03
5.769118666648864746e-03
1.619993126951158047e-03
9.764090180397033691e-03
5.710683297365903854e-03
9.920096397399902344e-02
5.226461798883974552e-04
3.761069774627685547e-01
1.110405623912811279e-01
3.732935738298692740e-09
3.893541172146797180e-03
1.036245282739400864e-02
1.005809381604194641e-02
5.928639322519302368e-03
3.077512048184871674e-02
1.356119901174679399e-04
5.497509147971868515e-03
1.420872192829847336e-02
1.408981904387474060e-02
8.157423697412014008e-03
5.288988724350929260e-02
3.433109493926167488e-03
3.327040700241923332e-03
5.388984922319650650e-03
2.499533817172050476e-03
2.530204597860574722e-03
9.881372004747390747e-02
7.937694899737834930e-04
4.599686861038208008e-01
8.283615857362747192e-02
3.732935738298692740e-09
2.900448860600590706e-03
2.587297745048999786e-02
2.233305014669895172e-02
2.375690452754497528e-02
3.081300668418407440e-02
7.225004083011299372e-05
8.529674261808395386e-03
3.028273768723011017e-02
1.049453765153884888e-02
4.067878704518079758e-03
1.013794764876365662e-01
5.821107421070337296e-03
1.994440099224448204e-03
1.127460505813360214e-02
1.966521143913269043e-03
2.005034359171986580e-03
8.492872864007949829e-02
1.073799678124487400e-03
7.184023857116699219e-01
9.178895503282546997e-02
3.732935738298692740e-09
1.486511755501851439e-04
2.677797339856624603e-02
2.594262361526489258e-02
2.284927479922771454e-02
3.533527627587318420e-02
7.545849803136661649e-05
5.206824466586112976e-02
1.942168734967708588e-02
1.354696229100227356e-02
4.101688507944345474e-03
4.765830561518669128e-02
5.174514837563037872e-03
2.440494252368807793e-03
5.442128051072359085e-03
2.101548016071319580e-03
2.208747668191790581e-03
1.108252629637718201e-01
1.002137782052159309e-03
6.302861571311950684e-01
9.515880793333053589e-02
3.732935738298692740e-09
1.880588824860751629e-03
3.320704400539398193e-02
2.736327610909938812e-02
2.621509134769439697e-02
5.822974443435668945e-02
7.773243851261213422e-05
2.661076001822948456e-02
1.993598975241184235e-02
1.146675925701856613e-02
5.543209612369537354e-03
6.842290610074996948e-02
5.637608934193849564e-03
3.023089142516255379e-03
6.585981696844100952e-03
3.646284341812133789e-03
3.855727612972259521e-03
9.022579342126846313e-02
1.310624531470239162e-03
1.383355498313903809e+00
1.028126254677772522e-01
3.732935738298692740e-09
4.009105730801820755e-03
4.271870851516723633e-02
3.730661794543266296e-02
3.897869959473609924e-02
7.157360017299652100e-02
9.741770190885290504e-05
1.962177753448486328e-01
2.213337458670139313e-02
1.352721173316240311e-02
9.807449765503406525e-03
8.717139810323715210e-02
5.582696292549371719e-03
7.217973936349153519e-03
7.212691474705934525e-03
9.002372622489929199e-03
9.055764414370059967e-03
7.517101615667343140e-02
1.274235430173575878e-03
7.052151560783386230e-01
1.121483147144317627e-01
3.732935738298692740e-09
5.777226874670304824e-08
7.273586839437484741e-02
6.472837924957275391e-02
5.788279697299003601e-02
6.422749161720275879e-02
1.134512058342806995e-04
1.179109439253807068e-01
3.974834084510803223e-02
1.874156855046749115e-02
7.511045783758163452e-03
1.230850815773010254e-01
9.361759759485721588e-03
3.533087670803070068e-03
1.045238692313432693e-02
3.493517637252807617e-03
3.507348475977778435e-03
8.147285319864749908e-03
8.455946226604282856e-04
5.749993324279785156e-01
5.232201889157295227e-02
3.732935738298692740e-09
5.777226874670304824e-08
5.056964233517646790e-02
4.608567431569099426e-02
4.306943342089653015e-02
3.772214055061340332e-02
4.061227446072734892e-05
3.167941868305206299e-01
3.229698911309242249e-02
1.224839221686124802e-02
1.151301339268684387e-02
4.647606238722801208e-02
6.841166410595178604e-03
5.124016664922237396e-03
8.198409341275691986e-03
6.478611379861831665e-03
6.626546848565340042e-03
1.586055196821689606e-02
7.761729066260159016e-04
6.883716583251953125e-01
6.811720877885818481e-02
3.732935738298692740e-09
5.777226874670304824e-08
3.747346624732017517e-02
3.271550685167312622e-02
3.549154102802276611e-02
7.075849920511245728e-02
1.535096234874799848e-04
2.274421602487564087e-01
4.068271443247795105e-02
1.333367824554443359e-02
1.458135712891817093e-02
3.776657953858375549e-02
9.397929534316062927e-03
6.394784897565841675e-03
8.281379938125610352e-03
5.531718488782644272e-03
5.599381867796182632e-03
9.703050367534160614e-03
6.135327857919037342e-04
4.136520922183990479e-01
6.540419161319732666e-02
3.732935738298692740e-09
5.777226874670304824e-08
2.837160974740982056e-02
2.638570033013820648e-02
2.492245472967624664e-02
5.089798569679260254e-02
1.513843162683770061e-04
2.189459949731826782e-01
4.161272943019866943e-02
2.786498703062534332e-02
1.479945052415132523e-02
5.183340236544609070e-02
9.877287782728672028e-03
7.111330982297658920e-03
1.080371160060167313e-02
5.543703678995370865e-03
5.928795784711837769e-03
8.100949227809906006e-03
6.594213773496448994e-04
5.129496455192565918e-01
6.301783025264739990e-02
3.732935738298692740e-09
5.777226874670304824e-08
3.608692809939384460e-02
3.574355319142341614e-02
3.004383109509944916e-02
3.877335786819458008e-02
1.053744563250802457e-04
1.367075592279434204e-01
4.590126499533653259e-02
4.100062325596809387e-02
1.822657324373722076e-02
8.528443425893783569e-02
1.431709062308073044e-02
8.618689142167568207e-03
8.574552834033966064e-03
7.175736129283905029e-03
7.153619080781936646e-03
1.450500916689634323e-02
6.412863731384277344e-04
4.804741442203521729e-01
6.084808707237243652e-02
3.732935738298692740e-09
5.777226874670304824e-08
5.579820647835731506e-02
5.494920536875724792e-02
5.048199370503425598e-02
5.872934684157371521e-02
5.954569860477931798e-05
1.266788989305496216e-01
4.116669297218322754e-02
2.858281880617141724e-02
2.269135415554046631e-02
3.032409399747848511e-02
1.028999220579862595e-02
1.059139799326658249e-02
3.783883294090628624e-03
9.372602216899394989e-03
1.065798848867416382e-02
1.396458968520164490e-02
6.721212994307279587e-04
5.029540061950683594e-01
7.479786127805709839e-02
3.732935738298692740e-09
5.777226874670304824e-08
9.654324501752853394e-02
9.124600142240524292e-02
7.931456714868545532e-02
6.924887001514434814e-02
6.818649853812530637e-05
5.801955983042716980e-02
5.069896951317787170e-02
3.576798737049102783e-02
2.732014097273349762e-02
4.797472432255744934e-02
1.227635610848665237e-02
1.405993849039077759e-02
4.498949740082025528e-03
1.178673654794692993e-02
1.180569082498550415e-02
2.131994254887104034e-02
8.527133613824844360e-04
6.275448799133300781e-01
1.012689992785453796e-01
3.732935738298692740e-09
5.777226874670304824e-08
8.695404976606369019e-02
8.569633960723876953e-02
7.320097088813781738e-02
8.851482719182968140e-02
5.259620593278668821e-05
8.701856248080730438e-03
3.294946253299713135e-02
2.618041634559631348e-02
2.082393132150173187e-02
3.532284870743751526e-02
8.736268617212772369e-03
9.911674074828624725e-03
3.330394858494400978e-03
9.597942233085632324e-03
9.547580964863300323e-03
2.920836210250854492e-02
7.768099312670528889e-04
6.002561450004577637e-01
1.081735268235206604e-01
3.732935738298692740e-09
5.777226874670304824e-08
5.212927982211112976e-02
4.130692407488822937e-02
4.468068480491638184e-02
5.018787458539009094e-02
7.717221888015046716e-05
1.987444981932640076e-02
2.127302624285221100e-02
1.904416643083095551e-02
1.413775887340307236e-02
3.357574343681335449e-02
6.392781157046556473e-03
6.633102893829345703e-03
2.987724030390381813e-03
6.917748600244522095e-03
7.069178391247987747e-03
4.517759755253791809e-02
7.845674990676343441e-04
6.476512551307678223e-01
1.169631406664848328e-01
3.732935738298692740e-09
5.777226874670304824e-08
2.438103593885898590e-02
4.434899613261222839e-02
1.928580738604068756e-02
2.564735151827335358e-02
9.423412120668217540e-05
3.440889716148376465e-02
1.810834743082523346e-02
3.015152178704738617e-02
1.300829183310270309e-02
4.061153158545494080e-02
3.878806717693805695e-03
4.839469213038682938e-03
2.803942188620567322e-03
5.314250942319631577e-03
5.410225596278905869e-03
6.583037972450256348e-02
7.628787425346672535e-04
6.045761704444885254e-01
1.112805828452110291e-01
3.732935738298692740e-09
5.777226874670304824e-08
4.341236874461174011e-02
4.372015595436096191e-02
3.091854415833950043e-02
2.483167313039302826e-02
7.436806481564417481e-05
8.235117793083190918e-02
1.637672260403633118e-02
2.994229644536972046e-02
2.276722155511379242e-02
6.678837537765502930e-02
3.967974800616502762e-03
8.663917891681194305e-03
3.405330702662467957e-03
8.643586188554763794e-03
8.352129720151424408e-03
1.299764513969421387e-01
7.590359891764819622e-04
6.124703288078308105e-01
1.285534352064132690e-01
3.732935738298692740e-09
5.777226874670304824e-08
3.332677483558654785e-02
3.497534990310668945e-02
2.554959617555141449e-02
6.437409669160842896e-02
6.880592991365119815e-05
1.156538799405097961e-01
3.800438344478607178e-02
6.205577030777931213e-02
2.645796351134777069e-02
1.392216235399246216e-01
9.179313667118549347e-03
1.135613024234771729e-02
1.215822994709014893e-02
1.431767176836729050e-02
1.249326020479202271e-02
1.824494153261184692e-01
2.596534788608551025e-03
1.280609607696533203e+00
1.099995002150535583e-01
3.732935738298692740e-09
5.777226874670304824e-08
6.964356452226638794e-02
7.321663945913314819e-02
7.059606164693832397e-02
6.283553689718246460e-02
1.596610673004761338e-04
3.390328213572502136e-02
2.141869068145751953e-02
3.712829947471618652e-02
3.019660152494907379e-02
5.269907414913177490e-02
4.169054795056581497e-03
1.397547870874404907e-02
2.991277026012539864e-03
1.470454316586256027e-02
1.475291978567838669e-02
1.006719991564750671e-01
1.417635357938706875e-03
1.014268279075622559e+00
1.067445576190948486e-01
3.732935738298692740e-09
5.777226874670304824e-08
2.597359754145145416e-02
2.448767423629760742e-02
3.044103831052780151e-02
1.720703206956386566e-02
1.010667547234334052e-04
1.875744573771953583e-02
1.887451671063899994e-02
3.592792525887489319e-02
3.882130980491638184e-02
2.834782563149929047e-02
4.204193130135536194e-03
1.571700535714626312e-02
1.997031038627028465e-03
1.673918031156063080e-02
1.665649376809597015e-02
9.222529083490371704e-02
1.184468972496688366e-03
7.143378257751464844e-01
1.847883909940719604e-01
3.732935738298692740e-09
5.777226874670304824e-08
4.126737359911203384e-03
3.978741820901632309e-03
5.867965985089540482e-03
1.663908362388610840e-02
8.303108188556507230e-05
1.008884888142347336e-02
2.884460426867008209e-02
4.236220195889472961e-02
4.401903226971626282e-02
3.981187567114830017e-02
6.133002694696187973e-03
1.677360944449901581e-02
1.766268513165414333e-03
1.782576553523540497e-02
1.770222745835781097e-02
8.841401338577270508e-02
3.914377884939312935e-04
2.975682318210601807e-01
2.153249830007553101e-01
3.732935738298692740e-09
5.777226874670304824e-08
3.024352015927433968e-03
3.595757065340876579e-03
8.463133126497268677e-04
5.198367312550544739e-02
9.906257037073373795e-05
1.189960050396621227e-03
3.383550420403480530e-02
4.841567203402519226e-02
6.498196721076965332e-02
2.909917943179607391e-02
7.988244295120239258e-03
2.731266058981418610e-02
1.354822772555053234e-03
2.964202500879764557e-02
2.957174181938171387e-02
1.020562574267387390e-01
4.155904462095350027e-04
2.433451265096664429e-01
2.110648602247238159e-01
3.732935738298692740e-09
5.777226874670304824e-08
3.448781557381153107e-03
4.955122712999582291e-03
1.668039825744926929e-03
7.397796213626861572e-02
1.090201330953277647e-04
1.636643894016742706e-03
2.892753668129444122e-02
3.964446857571601868e-02
3.356542065739631653e-02
2.106004022061824799e-02
6.547202821820974350e-03
1.282964926213026047e-02
1.536581665277481079e-03
1.576736569404602051e-02
1.581438817083835602e-02
7.835181802511215210e-02
4.556607455015182495e-04
3.284988403320312500e-01
2.349520325660705566e-01
3.732935738298692740e-09
5.777226874670304824e-08
3.595093963667750359e-03
4.572242498397827148e-03
2.469135215505957603e-03
4.077241942286491394e-02
8.257234003394842148e-05
7.818314246833324432e-03
3.049063123762607574e-02
4.012548923492431641e-02
6.761810183525085449e-02
2.429530955851078033e-02
6.749979685992002487e-03
2.235594950616359711e-02
1.426207483746111393e-03
3.118204511702060699e-02
3.151264414191246033e-02
7.949396222829818726e-02
3.503425978124141693e-04
2.473752349615097046e-01
2.142597436904907227e-01
3.732935738298692740e-09
5.777226874670304824e-08
7.548857480287551880e-03
1.013251673430204391e-02
4.135344177484512329e-03
4.238260164856910706e-02
1.038243935909122229e-04
2.529099583625793457e-02
9.674712084233760834e-03
1.405267138034105301e-02
3.311932832002639771e-02
3.164975717663764954e-02
2.094359602779150009e-03
1.326351519674062729e-02
1.824949751608073711e-03
1.400442514568567276e-02
1.419030036777257919e-02
3.497105836868286133e-02
3.196304605808109045e-04
2.115527391433715820e-01
1.772052496671676636e-01
3.732935738298692740e-09
5.777226874670304824e-08
9.360761381685733795e-03
9.591079317033290863e-03
5.122576374560594559e-03
5.744803324341773987e-02
1.921198563650250435e-04
3.119747340679168701e-02
2.140657044947147369e-02
2.718212269246578217e-02
4.956374689936637878e-02
4.132437333464622498e-02
4.362052306532859802e-03
2.385384030640125275e-02
1.852248446084558964e-03
2.369384467601776123e-02
2.466153167188167572e-02
5.446793511509895325e-02
3.384572046343237162e-04
2.127416580915451050e-01
1.817638278007507324e-01
3.732935738298692740e-09
5.777226874670304824e-08
1.176322717219591141e-02
1.073163002729415894e-02
5.787016358226537704e-03
1.783114485442638397e-02
6.084368214942514896e-05
3.076691739261150360e-02
6.637636572122573853e-03
8.803836070001125336e-03
1.263702660799026489e-02
7.556807249784469604e-02
1.496248296461999416e-03
8.346769027411937714e-03
3.119651926681399345e-03
1.029635872691869736e-02
6.055741105228662491e-03
4.055010899901390076e-02
3.459982108324766159e-04
2.433874160051345825e-01
1.936963796615600586e-01
3.732935738298692740e-09
5.777226874670304824e-08
1.153666898608207703e-02
9.069141000509262085e-03
5.631727632135152817e-03
6.633441895246505737e-03
6.239251524675637484e-05
1.139444578438997269e-02
8.573796600103378296e-03
1.106348261237144470e-02
1.568404608406126499e-03
6.277003139257431030e-02
1.815798226743936539e-03
7.176899234764277935e-04
3.967754542827606201e-03
7.061953656375408173e-04
6.857151165604591370e-04
3.146364167332649231e-02
3.402189759071916342e-04
2.248075455427169800e-01
1.816091537475585938e-01
3.732935738298692740e-09
5.777226874670304824e-08
1.436173077672719955e-02
1.262002717703580856e-02
6.847809534519910812e-03
9.374546818435192108e-03
6.943628977751359344e-05
1.873000897467136383e-02
8.636593818664550781e-03
1.311427354812622070e-02
1.573592238128185272e-02
6.671106815338134766e-02
2.163121011108160019e-03
8.502032607793807983e-03
4.754511639475822449e-03
1.008503604680299759e-02
9.932679124176502228e-03
3.809490799903869629e-02
2.978564007207751274e-04
2.224552631378173828e-01
1.309098154306411743e-01
3.732935738298692740e-09
5.777226874670304824e-08
2.799172699451446533e-02
1.758541725575923920e-02
1.490574423223733902e-02
7.277749013155698776e-03
1.475502940593287349e-04
1.289517432451248169e-02
1.495621073991060257e-02
8.260581642389297485e-03
1.331670489162206650e-02
1.717329472303390503e-01
1.709006726741790771e-03
6.089009344577789307e-03
8.497049100697040558e-03
5.384250078350305557e-03
5.743868649005889893e-03
1.643640734255313873e-02
2.976168470922857523e-04
2.057626396417617798e-01
1.270187199115753174e-01
3.732935738298692740e-09
5.777226874670304824e-08
3.133553639054298401e-02
2.700518630445003510e-02
1.985529996454715729e-02
1.631044410169124603e-02
1.692908699624240398e-04
1.711894385516643524e-02
1.126284990459680557e-02
1.021338347345590591e-02
1.288779173046350479e-02
1.261078864336013794e-01
1.832786947488784790e-03
3.802922787144780159e-03
6.421193014830350876e-03
1.309861312620341778e-03
1.423404202796518803e-03
1.895210333168506622e-02
3.367167373653501272e-04
2.666499912738800049e-01
1.213271617889404297e-01
3.732935738298692740e-09
5.777226874670304824e-08
4.537105560302734375e-02
4.070238769054412842e-02
4.205659404397010803e-02
1.738388277590274811e-02
4.038347833557054400e-05
2.434118278324604034e-02
3.978934511542320251e-02
4.886675998568534851e-02
3.081835806369781494e-03
1.534533649682998657e-01
8.692023344337940216e-03
1.206752378493547440e-03
8.395810611546039581e-03
1.253159600310027599e-03
1.259428216144442558e-03
6.975238770246505737e-02
7.379709859378635883e-04
8.783564567565917969e-01
1.286766231060028076e-01
3.732935738298692740e-09
5.777226874670304824e-08
5.299088358879089355e-02
4.920136928558349609e-02
6.961362808942794800e-02
1.737335510551929474e-02
6.482248863903805614e-05
1.477342564612627029e-02
1.366451662033796310e-02
2.277269773185253143e-02
5.025458987802267075e-03
1.449953317642211914e-01
3.735035425052046776e-03
2.184563549235463142e-03
1.046026591211557388e-02
1.152127515524625778e-03
1.182788633741438389e-03
2.190886437892913818e-02
8.140063728205859661e-04
7.777821421623229980e-01
1.260523945093154907e-01
3.732935738298692740e-09
5.777226874670304824e-08
2.830663323402404785e-02
2.285398542881011963e-02
2.803523279726505280e-02
1.909961178898811340e-02
4.372700277599506080e-05
1.074283570051193237e-02
3.685946762561798096e-02
3.088165260851383209e-02
3.131378442049026489e-03
2.734688222408294678e-01
5.659078713506460190e-03
1.704685389995574951e-03
2.125801704823970795e-02
8.277960005216300488e-04
8.231854881159961224e-04
2.547392807900905609e-02
2.766914840321987867e-04
1.649424731731414795e-01
1.174200475215911865e-01
3.732935738298692740e-09
5.777226874670304824e-08
2.735341526567935944e-02
2.352558635175228119e-02
7.750175893306732178e-03
1.958281546831130981e-02
4.872967838309705257e-05
8.178006857633590698e-03
1.123920828104019165e-02
1.927096582949161530e-02
6.861467380076646805e-03
1.627932041883468628e-01
3.700361819937825203e-03
3.513493342325091362e-03
1.138558983802795410e-02
9.518621489405632019e-03
9.574164636433124542e-03
1.689063943922519684e-02
2.334176097065210342e-04
2.383140772581100464e-01
1.231129541993141174e-01
3.732935738298692740e-09
5.777226874670304824e-08
5.334456637501716614e-02
5.069243535399436951e-02
2.929236181080341339e-02
4.074028506875038147e-02
4.623266067937947810e-05
5.071628466248512268e-02
2.895533107221126556e-02
4.828745126724243164e-02
4.244701471179723740e-03
3.013447225093841553e-01
6.486920174211263657e-03
4.543901421129703522e-03
2.850161679089069366e-02
4.474435001611709595e-03
4.337134771049022675e-03
6.469160318374633789e-02
1.797450968297198415e-04
1.840859204530715942e-01
6.965876221656799316e-01
3.732935738298692740e-09
5.777235401183133945e-08
7.815884053707122803e-02
7.586437463760375977e-02
4.772005602717399597e-02
4.692073166370391846e-02
7.287636253749951720e-05
