1.201992034912109375e+00
3.816017508506774902e-01
4.575960040092468262e-01
3.530270755290985107e-01
3.684538304805755615e-01
2.721787095069885254e-01
3.071839809417724609e-01
2.015375196933746338e-01
3.205872774124145508e-01
3.225619196891784668e-01
7.428667545318603516e-01
9.398243855684995651e-04
6.249098181724548340e-01
2.128697782754898071e-01
2.368602342903614044e-02
8.548394441604614258e-01
5.879602953791618347e-02
5.274042487144470215e-02
4.632416740059852600e-02
1.723021268844604492e-01
9.714048355817794800e-04
1.313651442527770996e+00
4.219333529472351074e-01
5.211933851242065430e-01
3.260845541954040527e-01
5.167098045349121094e-01
3.194654583930969238e-01
2.968594133853912354e-01
2.900036871433258057e-01
3.128595352172851562e-01
3.142531216144561768e-01
8.689389228820800781e-01
8.468858432024717331e-04
5.460907220840454102e-01
2.108558416366577148e-01
2.368576265871524811e-02
8.602147698402404785e-01
5.917923897504806519e-02
5.606285855174064636e-02
4.599220678210258484e-02
1.822563558816909790e-01
1.954013278009369969e-04
1.122037887573242188e+00
4.808155596256256104e-01
6.116012334823608398e-01
3.954800963401794434e-01
8.467474579811096191e-01
3.597199618816375732e-01
3.697110116481781006e-01
3.038427233695983887e-01
4.007034301757812500e-01
3.944858908653259277e-01
1.031492710113525391e+00
1.230082358233630657e-03
7.612668871879577637e-01
1.948999911546707153e-01
2.368603833019733429e-02
8.623703718185424805e-01
5.519106239080429077e-02
5.038483813405036926e-02
5.633378773927688599e-02
2.276031374931335449e-01
4.175440990366041660e-04
9.797223210334777832e-01
5.503069758415222168e-01
6.585286259651184082e-01
4.215197265148162842e-01
8.639118671417236328e-01
3.965112566947937012e-01
3.523399829864501953e-01
2.554893493652343750e-01
3.708109259605407715e-01
3.616783916950225830e-01
1.021581172943115234e+00
1.475661061704158783e-03
1.013014793395996094e+00
4.543061554431915283e-01
2.368471957743167877e-02
8.587026000022888184e-01
5.238904431462287903e-02
5.205012485384941101e-02
5.134790390729904175e-02
2.737064659595489502e-01
3.435449325479567051e-04
9.655985236167907715e-01
6.680538058280944824e-01
7.674027681350708008e-01
5.277761220932006836e-01
6.934838891029357910e-01
4.291327297687530518e-01
4.060085713863372803e-01
2.843407988548278809e-01
3.915539681911468506e-01
3.926621377468109131e-01
1.058895349502563477e+00
1.219708938151597977e-03
7.923743128776550293e-01
3.221088945865631104e-01
2.368417754769325256e-02
8.452579975128173828e-01
5.778765678405761719e-02
5.262290313839912415e-02
5.743907019495964050e-02
3.289309442043304443e-01
3.338970709592103958e-04
1.032607436180114746e+00
6.689961552619934082e-01
7.752761840820312500e-01
4.823908209800720215e-01
6.484252214431762695e-01
4.480350017547607422e-01
3.620943427085876465e-01
3.285513222217559814e-01
4.166324138641357422e-01
4.084053635597229004e-01
1.045047283172607422e+00
1.302581862546503544e-03
8.407912254333496094e-01
2.940378785133361816e-01
2.368375658988952637e-02
8.673548698425292969e-01
5.599699541926383972e-02
5.321580916643142700e-02
5.743196979165077209e-02
3.910872042179107666e-01
2.470548206474632025e-04
8.482039570808410645e-01
8.201161623001098633e-01
9.089807868003845215e-01
4.462741613388061523e-01
5.970023274421691895e-01
5.082254409790039062e-01
3.863041400909423828e-01
3.618765771389007568e-01
4.387913346290588379e-01
4.311875700950622559e-01
1.241572380065917969e+00
9.681301307864487171e-04
7.323606014251708984e-01
1.545575261116027832e-01
2.368391491472721100e-02
8.673588633537292480e-01
6.118355318903923035e-02
6.025263294577598572e-02
4.956564307212829590e-02
3.943815231323242188e-01
1.846829545684158802e-04
6.713324189186096191e-01
9.098320007324218750e-01
9.257723689079284668e-01
6.174259185791015625e-01
4.392150342464447021e-01
5.132374763488769531e-01
5.107449293136596680e-01
2.531415522098541260e-01
5.533019900321960449e-01
5.203963518142700195e-01
1.231091856956481934e+00
1.190358074381947517e-03
8.408454060554504395e-01
1.670300364494323730e-01
2.368384972214698792e-02
8.673557043075561523e-01
8.100062608718872070e-02
7.518611848354339600e-02
5.663234367966651917e-02
3.935121297836303711e-01
2.010412281379103661e-04
7.570721507072448730e-01
9.097754955291748047e-01
1.012559056282043457e+00
6.847394704818725586e-01
3.901300430297851562e-01
5.280711054801940918e-01
5.813146233558654785e-01
2.806916832923889160e-01
5.994803905487060547e-01
5.979968309402465820e-01
1.080505609512329102e+00
1.211715862154960632e-03
7.428499460220336914e-01
2.253193557262420654e-01
2.368507161736488342e-02
8.673653602600097656e-01
8.112148940563201904e-02
7.221812009811401367e-02
5.894847214221954346e-02
4.830204546451568604e-01
3.811564529314637184e-04
7.550663948059082031e-01
9.768484830856323242e-01
1.115573644638061523e+00
8.575426936149597168e-01
4.529205858707427979e-01
6.128531098365783691e-01
7.276476025581359863e-01
2.570576071739196777e-01
7.203713655471801758e-01
7.205677032470703125e-01
1.105264902114868164e+00
1.070028985850512981e-03
7.497004270553588867e-01
7.695984095335006714e-02
2.368488162755966187e-02
8.673691749572753906e-01
8.035810291767120361e-02
7.244285941123962402e-02
5.953920632600784302e-02
5.599290132522583008e-01
5.809467402286827564e-04
7.317466139793395996e-01
8.749852180480957031e-01
9.992550611495971680e-01
9.360064268112182617e-01
4.534209072589874268e-01
5.969259738922119141e-01
7.723842859268188477e-01
2.500665783882141113e-01
7.912123799324035645e-01
7.945923805236816406e-01
1.174464225769042969e+00
9.839581325650215149e-04
6.316752433776855469e-01
1.051944345235824585e-01
2.368581481277942657e-02
8.673752546310424805e-01
1.313087195158004761e-01
1.308028846979141235e-01
1.170003265142440796e-01
7.039291858673095703e-01
5.863231490366160870e-04
4.747193753719329834e-01
1.127946138381958008e+00
1.086190700531005859e+00
9.420684576034545898e-01
7.475749850273132324e-01
7.540327310562133789e-01
7.408202886581420898e-01
3.671430051326751709e-01
7.540992498397827148e-01
7.543414831161499023e-01
1.311416029930114746e+00
8.556275861337780952e-04
6.282260417938232422e-01
1.442421525716781616e-01
2.368663251399993896e-02
8.673798441886901855e-01
1.767003685235977173e-01
1.741124838590621948e-01
1.509967744350433350e-01
7.899746894836425781e-01
9.282822138629853725e-04
4.178945422172546387e-01
1.012856125831604004e+00
1.083922505378723145e+00
6.153046488761901855e-01
7.056232690811157227e-01
7.035496830940246582e-01
6.801269650459289551e-01
4.238714575767517090e-01
6.824679374694824219e-01
6.864758729934692383e-01
1.215275287628173828e+00
1.012616790831089020e-03
6.237095594406127930e-01
1.237768679857254028e-01
2.368701249361038208e-02
8.673844337463378906e-01
1.534399241209030151e-01
1.641865521669387817e-01
1.238500475883483887e-01
7.349687218666076660e-01
9.689579601399600506e-04
6.027145385742187500e-01
1.075664162635803223e+00
1.130360126495361328e+00
5.461642742156982422e-01
7.756384015083312988e-01
7.606415748596191406e-01
5.335909128189086914e-01
4.781917035579681396e-01
5.369175672531127930e-01
5.594996213912963867e-01
1.324411869049072266e+00
9.226443362422287464e-04
6.297106146812438965e-01
1.338027119636535645e-01
2.368786372244358063e-02
8.673897981643676758e-01
8.317461609840393066e-02
8.276551216840744019e-02
6.433916836977005005e-02
6.571915745735168457e-01
1.185559667646884918e-03
5.421741008758544922e-01
1.011747241020202637e+00
1.118231654167175293e+00
3.970836102962493896e-01
9.490654468536376953e-01
7.670571208000183105e-01
4.403624832630157471e-01
5.191601514816284180e-01
4.018025100231170654e-01
4.092037677764892578e-01
1.087312579154968262e+00
8.898186497390270233e-04
5.829948782920837402e-01
1.885838508605957031e-01
2.368781529366970062e-02
8.673951029777526855e-01
8.389700204133987427e-02
8.055445551872253418e-02
6.288097798824310303e-02
6.338561773300170898e-01
1.013150904327630997e-03
4.554344713687896729e-01
8.730340600013732910e-01
9.019801020622253418e-01
2.721124291419982910e-01
8.610326051712036133e-01
6.969198584556579590e-01
2.878238260746002197e-01
4.519281387329101562e-01
2.645146846771240234e-01
2.680352032184600830e-01
8.356083631515502930e-01
6.838390254415571690e-04
4.677310287952423096e-01
7.719484716653823853e-02
2.368784882128238678e-02
8.674004077911376953e-01
9.219922125339508057e-02
8.957143127918243408e-02
6.220144405961036682e-02
6.308554410934448242e-01
7.899228949099779129e-04
4.498354494571685791e-01
7.049511671066284180e-01
7.325999736785888672e-01
2.300159335136413574e-01
4.766134619712829590e-01
5.848673582077026367e-01
3.154769241809844971e-01
3.506664633750915527e-01
2.789648175239562988e-01
2.806403338909149170e-01
7.560867667198181152e-01
9.328548330813646317e-04
5.405908226966857910e-01
1.820014119148254395e-01
2.368867211043834686e-02
8.674091100692749023e-01
1.898439079523086548e-01
1.640958487987518311e-01
1.551558226346969604e-01
6.398123502731323242e-01
5.410038284026086330e-04
2.444451153278350830e-01
4.885829389095306396e-01
5.259221196174621582e-01
5.423186421394348145e-01
3.189874291419982910e-01
4.391948580741882324e-01
5.468933582305908203e-01
2.162427455186843872e-01
5.253592133522033691e-01
5.333735346794128418e-01
5.786442160606384277e-01
8.792874286882579327e-04
5.071963667869567871e-01
2.248703390359878540e-01
2.369025535881519318e-02
8.674181699752807617e-01
2.284218072891235352e-01
2.133011072874069214e-01
1.601309776306152344e-01
4.476342797279357910e-01
7.650816696695983410e-04
2.342055141925811768e-01
5.961328148841857910e-01
6.499657630920410156e-01
4.813187122344970703e-01
3.028142452239990234e-01
4.276087284088134766e-01
5.032054185867309570e-01
1.635463535785675049e-01
4.923226535320281982e-01
4.932598769664764404e-01
6.775069236755371094e-01
8.701178012415766716e-04
3.731096684932708740e-01
2.386686950922012329e-01
2.369105629622936249e-02
8.674241900444030762e-01
1.211959198117256165e-01
1.002536490559577942e-01
1.007691323757171631e-01
4.264660775661468506e-01
2.046151639660820365e-04
2.664462029933929443e-01
8.349465727806091309e-01
8.494035601615905762e-01
4.881048798561096191e-01
2.665530741214752197e-01
5.132824778556823730e-01
5.256485939025878906e-01
1.743914335966110229e-01
5.311064720153808594e-01
5.270855426788330078e-01
7.860642671585083008e-01
8.000252419151365757e-04
4.895589947700500488e-01
9.102731198072433472e-02
2.369155175983905792e-02
8.674269914627075195e-01
8.514701575040817261e-02
8.691622316837310791e-02
4.680084437131881714e-02
5.296716094017028809e-01
4.681200662162154913e-04
2.063362747430801392e-01
8.179969787597656250e-01
9.076393842697143555e-01
2.295374870300292969e-01
3.063502609729766846e-01
6.166423559188842773e-01
2.925445139408111572e-01
2.954966127872467041e-01
2.424636781215667725e-01
2.419548332691192627e-01
8.578106164932250977e-01
1.110177254304289818e-03
5.814046263694763184e-01
7.945407927036285400e-02
2.369141764938831329e-02
8.674191832542419434e-01
6.900702416896820068e-02
5.955319851636886597e-02
4.570741578936576843e-02
6.312792897224426270e-01
7.724739843979477882e-04
1.913601160049438477e-01
8.104613423347473145e-01
8.196339607238769531e-01
1.997920870780944824e-01
3.618020117282867432e-01
6.297541856765747070e-01
2.066874504089355469e-01
3.177532553672790527e-01
2.256195396184921265e-01
2.222639918327331543e-01
8.178830742835998535e-01
8.426556014455854893e-04
4.726160466670989990e-01
1.187513023614883423e-01
2.369121834635734558e-02
8.674063086509704590e-01
7.223294675350189209e-02
5.931049212813377380e-02
5.541773140430450439e-02
7.392234802246093750e-01
1.646218297537416220e-04
2.105233818292617798e-01
1.075764775276184082e+00
1.105013132095336914e+00
1.934250146150588989e-01
4.820485711097717285e-01
7.272601127624511719e-01
2.968671619892120361e-01
3.298845887184143066e-01
2.416395694017410278e-01
2.408662736415863037e-01
7.728741765022277832e-01
1.086117234081029892e-03
5.276100039482116699e-01
7.563131302595138550e-02
2.368913404643535614e-02
8.365008831024169922e-01
7.777140289545059204e-02
7.362588495016098022e-02
5.782059952616691589e-02
7.013959288597106934e-01
1.777084398781880736e-04
1.978960484266281128e-01
9.553333520889282227e-01
1.133478999137878418e+00
1.466505676507949829e-01
8.519791960716247559e-01
7.273997664451599121e-01
1.955275237560272217e-01
3.235345482826232910e-01
1.789351105690002441e-01
1.797794103622436523e-01
9.167095422744750977e-01
6.387912435457110405e-04
3.512689173221588135e-01
7.119835168123245239e-02
2.368824183940887451e-02
5.677834749221801758e-01
7.468906790018081665e-02
6.604043394327163696e-02
5.381866917014122009e-02
7.190858125686645508e-01
3.945838543586432934e-04
1.453404128551483154e-01
8.644632697105407715e-01
9.197155237197875977e-01
2.571346759796142578e-01
6.630436182022094727e-01
6.702944040298461914e-01
3.285977840423583984e-01
3.202641904354095459e-01
2.604115903377532959e-01
3.123387694358825684e-01
7.247721552848815918e-01
4.911716096103191376e-04
3.361185491085052490e-01
8.138305693864822388e-02
1.849456690251827240e-02
3.874616026878356934e-01
7.997601479291915894e-02
6.637033820152282715e-02
5.811944603919982910e-02
7.595354318618774414e-01
1.671921636443585157e-04
2.211247235536575317e-01
7.562903165817260742e-01
8.654785156250000000e-01
1.799469888210296631e-01
7.323008179664611816e-01
6.195168495178222656e-01
2.874625027179718018e-01
3.629585504531860352e-01
3.243530392646789551e-01
3.291192948818206787e-01
7.895960211753845215e-01
4.873722791671752930e-04
2.952385544776916504e-01
8.141924440860748291e-02
3.391868667677044868e-03
2.214387506246566772e-01
7.830362766981124878e-02
7.067112624645233154e-02
4.955621063709259033e-02
7.284495234489440918e-01
1.672214712016284466e-04
1.106688082218170166e-01
7.301476597785949707e-01
7.690625786781311035e-01
3.354638218879699707e-01
4.895806610584259033e-01
6.768814921379089355e-01
4.464439153671264648e-01
2.833164334297180176e-01
4.006477892398834229e-01
3.999654650688171387e-01
7.133633494377136230e-01
5.022337427362799644e-04
3.010084629058837891e-01
8.248199522495269775e-02
1.521840342320501804e-03
1.334460079669952393e-01
7.981468737125396729e-02
6.984302401542663574e-02
4.660751298069953918e-02
7.453342676162719727e-01
2.254718274343758821e-04
5.592828616499900818e-02
6.533242464065551758e-01
6.399024724960327148e-01
3.966943323612213135e-01
3.952418267726898193e-01
5.674071311950683594e-01
5.035005211830139160e-01
2.654287219047546387e-01
5.208695530891418457e-01
4.874292910099029541e-01
4.718184769153594971e-01
4.450742562767118216e-04
2.998076677322387695e-01
8.652301877737045288e-02
6.206078105606138706e-04
5.637655779719352722e-02
8.954094350337982178e-02
8.615095913410186768e-02
7.183577120304107666e-02
6.334201693534851074e-01
2.087505708914250135e-04
3.871933370828628540e-02
5.134074687957763672e-01
5.877304077148437500e-01
4.393928945064544678e-01
3.553765118122100830e-01
4.965303540229797363e-01
4.630104303359985352e-01
2.330827713012695312e-01
4.580050408840179443e-01
4.704667031764984131e-01
4.004164636135101318e-01
4.585241549648344517e-04
3.130676150321960449e-01
1.058941781520843506e-01
2.349353890167549253e-04
7.821275293827056885e-02
1.178154274821281433e-01
9.380789101123809814e-02
7.950422912836074829e-02
5.804583430290222168e-01
1.667502801865339279e-04
3.770081326365470886e-02
4.488767087459564209e-01
4.090924859046936035e-01
3.944192230701446533e-01
2.746293842792510986e-01
4.392265081405639648e-01
4.495400786399841309e-01
2.433101981878280640e-01
4.504523575305938721e-01
4.506327211856842041e-01
2.961315810680389404e-01
5.442355759441852570e-04
3.420026004314422607e-01
7.810126990079879761e-02
1.179045648314058781e-03
7.252079248428344727e-02
1.583760380744934082e-01
1.333499848842620850e-01
1.088735237717628479e-01
4.556488692760467529e-01
5.401825183071196079e-04
4.830557852983474731e-02
3.363724350929260254e-01
3.423807024955749512e-01
3.362097144126892090e-01
3.303776383399963379e-01
3.593867123126983643e-01
4.332164525985717773e-01
2.402530014514923096e-01
4.307355284690856934e-01
4.292998611927032471e-01
2.624808847904205322e-01
5.053627537563443184e-04
3.408159911632537842e-01
7.968732714653015137e-02
7.460578344762325287e-04
6.283861398696899414e-02
1.583254337310791016e-01
1.563316583633422852e-01
1.370909959077835083e-01
4.055402874946594238e-01
5.536706303246319294e-04
3.388919308781623840e-02
3.191446959972381592e-01
3.415749967098236084e-01
2.214659452438354492e-01
3.030719161033630371e-01
3.200223743915557861e-01
3.569366335868835449e-01
2.227022498846054077e-01
3.370312154293060303e-01
3.365641236305236816e-01
2.187114953994750977e-01
4.923410015180706978e-04
3.361147344112396240e-01
8.276341110467910767e-02
2.710233384277671576e-04
1.221629753708839417e-01
1.821427792310714722e-01
1.675446778535842896e-01
1.011596173048019409e-01
3.681023120880126953e-01
6.062117172405123711e-04
4.242884740233421326e-02
2.957330942153930664e-01
2.899426817893981934e-01
3.700180649757385254e-01
3.195084929466247559e-01
3.179640173912048340e-01
4.913204312324523926e-01
2.050769031047821045e-01
4.970718026161193848e-01
4.965249896049499512e-01
2.041975259780883789e-01
5.280971527099609375e-04
4.086830019950866699e-01
8.474651724100112915e-02
8.811523439362645149e-04
7.169725000858306885e-02
2.531438469886779785e-01
1.993317157030105591e-01
2.281926870346069336e-01
3.677895069122314453e-01
5.551346694119274616e-04
5.117049813270568848e-02
3.275055587291717529e-01
3.186712861061096191e-01
3.676750063896179199e-01
4.087242782115936279e-01
3.436243832111358643e-01
5.521748661994934082e-01
2.534309029579162598e-01
5.552986860275268555e-01
5.559870600700378418e-01
2.454941868782043457e-01
4.951115697622299194e-04
3.828958868980407715e-01
8.224855363368988037e-02
1.516536925919353962e-03
1.756267249584197998e-01
8.111437410116195679e-02
7.807859778404235840e-02
5.569321662187576294e-02
3.394434154033660889e-01
7.754851831123232841e-04
6.679150462150573730e-02
3.511268496513366699e-01
3.376810550689697266e-01
4.480811953544616699e-01
4.199982583522796631e-01
3.587323725223541260e-01
5.752100348472595215e-01
2.426962405443191528e-01
5.681158900260925293e-01
5.620455741882324219e-01
2.979442477226257324e-01
5.275196162983775139e-04
3.950853347778320312e-01
8.074837177991867065e-02
6.018537096679210663e-04
1.851547509431838989e-01
1.163103356957435608e-01
1.186083182692527771e-01
9.357072412967681885e-02
3.621165454387664795e-01
9.021054720506072044e-04
6.389267742633819580e-02
3.765021264553070068e-01
3.575442135334014893e-01
4.808130264282226562e-01
4.041802585124969482e-01
3.696053922176361084e-01
6.502979397773742676e-01
2.516193389892578125e-01
5.946483016014099121e-01
6.184085011482238770e-01
2.796134352684020996e-01
5.576226394623517990e-04
4.479140341281890869e-01
8.182718604803085327e-02
4.001739143859595060e-04
1.352527141571044922e-01
1.594308614730834961e-01
1.614387631416320801e-01
1.171430870890617371e-01
4.035149216651916504e-01
1.002743840217590332e-03
6.103425472974777222e-02
3.887456655502319336e-01
3.677369654178619385e-01
4.605470001697540283e-01
3.742896020412445068e-01
3.861796855926513672e-01
6.114051342010498047e-01
2.837575972080230713e-01
5.905432105064392090e-01
5.902699828147888184e-01
2.725937366485595703e-01
6.809723563492298126e-04
4.553908705711364746e-01
8.199647814035415649e-02
8.480897522531449795e-04
3.729391843080520630e-02
1.952521950006484985e-01
1.928876489400863647e-01
1.413054615259170532e-01
3.920518755912780762e-01
1.140697044320404530e-03
5.944561958312988281e-02
3.506640791893005371e-01
3.246784806251525879e-01
4.943152070045471191e-01
3.498064577579498291e-01
3.632152080535888672e-01
6.826955080032348633e-01
2.412379384040832520e-01
7.152924537658691406e-01
6.937926411628723145e-01
2.465191334486007690e-01
5.837900680489838123e-04
4.862195849418640137e-01
7.932043075561523438e-02
1.481759594753384590e-03
6.877092272043228149e-02
1.278609335422515869e-01
1.296647638082504272e-01
8.506461232900619507e-02
3.596369326114654541e-01
7.465871749445796013e-04
7.187334448099136353e-02
3.471705615520477295e-01
3.267859518527984619e-01
3.945558965206146240e-01
3.650486469268798828e-01
3.695523142814636230e-01
5.705729722976684570e-01
3.078989386558532715e-01
5.560681223869323730e-01
5.649904012680053711e-01
2.217674255371093750e-01
5.648215301334857941e-04
3.858549892902374268e-01
9.722016751766204834e-02
2.868054143618792295e-04
1.352729797363281250e-01
1.336567103862762451e-01
1.209710016846656799e-01
1.247841641306877136e-01
3.470230698585510254e-01
8.347939001396298409e-04
6.775370240211486816e-02
2.724143564701080322e-01
2.552063763141632080e-01
3.141327500343322754e-01
3.532169461250305176e-01
2.993816137313842773e-01
4.601743221282958984e-01
2.656716704368591309e-01
4.498200118541717529e-01
4.709914922714233398e-01
1.467451751232147217e-01
5.039407406002283096e-04
3.902103304862976074e-01
1.010096222162246704e-01
7.712828810326755047e-04
1.292802095413208008e-01
1.077370792627334595e-01
1.060060113668441772e-01
7.450853288173675537e-02
3.675671219825744629e-01
8.870346355251967907e-04
7.375757396221160889e-02
1.633237004280090332e-01
1.599022597074508667e-01
2.646628916263580322e-01
3.322799205780029297e-01
1.918887197971343994e-01
4.158442914485931396e-01
2.304744720458984375e-01
4.181945323944091797e-01
4.174642562866210938e-01
2.111887931823730469e-02
5.265374784357845783e-04
4.563064575195312500e-01
1.740376204252243042e-01
3.525625681504607201e-03
2.223288714885711670e-01
1.142458543181419373e-01
1.023440957069396973e-01
7.390047609806060791e-02
2.626696527004241943e-01
3.966045042034238577e-04
9.116362035274505615e-02
1.534062176942825317e-01
1.609246283769607544e-01
2.812576889991760254e-01
3.411671221256256104e-01
1.753897815942764282e-01
4.319747686386108398e-01
1.725979149341583252e-01
4.317863583564758301e-01
4.314582347869873047e-01
2.466360107064247131e-02
5.701878108084201813e-04
5.739659070968627930e-01
1.234365329146385193e-01
1.973390346392989159e-03
1.715957820415496826e-01
1.028994247317314148e-01
9.883819520473480225e-02
6.894658505916595459e-02
1.583684086799621582e-01
7.148052682168781757e-04
1.142989546060562134e-01
7.270790636539459229e-02
4.665398970246315002e-02
3.273369371891021729e-01
1.544404149055480957e+00
1.064605936408042908e-01
4.976628720760345459e-01
1.340565085411071777e-01
4.783369600772857666e-01
4.759540557861328125e-01
2.711328491568565369e-02
5.402714014053344727e-04
4.748110175132751465e-01
1.395404040813446045e-01
1.973314676433801651e-03
1.708222180604934692e-01
1.133463978767395020e-01
1.206174567341804504e-01
8.471569418907165527e-02
2.049603760242462158e-01
5.301975179463624954e-04
1.724711507558822632e-01
8.188945055007934570e-02
7.197666913270950317e-02
3.603072166442871094e-01
1.404121637344360352e+00
8.991383016109466553e-02
5.299883484840393066e-01
1.537648886442184448e-01
5.319712758064270020e-01
5.326780676841735840e-01
3.578045964241027832e-02
5.338824121281504631e-04
4.366084039211273193e-01
1.437016278505325317e-01
1.973635517060756683e-03
1.714098304510116577e-01
1.158353835344314575e-01
1.210029274225234985e-01
7.591857016086578369e-02
1.274763345718383789e-01
2.470681502018123865e-04
1.425221264362335205e-01
1.095403805375099182e-01
8.440335839986801147e-02
3.743520379066467285e-01
5.967960357666015625e-01
1.092430055141448975e-01
5.542480945587158203e-01
1.824254095554351807e-01
5.628798604011535645e-01
5.624774098396301270e-01
4.170263186097145081e-02
6.033859099261462688e-04
4.358302950859069824e-01
1.843106299638748169e-01
1.973506528884172440e-03
1.723241508007049561e-01
1.001246869564056396e-01
9.966423362493515015e-02
6.130687892436981201e-02
1.376532167196273804e-01
5.693647544831037521e-04
1.263554245233535767e-01
1.241979822516441345e-01
1.072179675102233887e-01
4.117548763751983643e-01
5.832629203796386719e-01
1.404444128274917603e-01
6.063485145568847656e-01
1.341104954481124878e-01
5.980263352394104004e-01
6.053087115287780762e-01
4.438377171754837036e-02
6.059663719497621059e-04
5.020506978034973145e-01
2.208845913410186768e-01
1.973453443497419357e-03
1.715825200080871582e-01
9.521814435720443726e-02
9.039601683616638184e-02
6.069308146834373474e-02
1.637562662363052368e-01
6.616599275730550289e-04
9.531547874212265015e-02
1.070154160261154175e-01
8.822456747293472290e-02
4.190871715545654297e-01
7.122451663017272949e-01
1.308877170085906982e-01
6.043107509613037109e-01
1.550015062093734741e-01
5.718672871589660645e-01
5.773617625236511230e-01
3.981366753578186035e-02
6.142375059425830841e-04
4.649831652641296387e-01
2.308821231126785278e-01
1.973486272618174553e-03
1.713106632232666016e-01
8.884397894144058228e-02
8.602669090032577515e-02
5.928042903542518616e-02
2.044698446989059448e-01
7.072013686411082745e-04
9.672824293375015259e-02
1.009963154792785645e-01
9.006790071725845337e-02
3.582749366760253906e-01
6.178853511810302734e-01
1.271743327379226685e-01
5.168846249580383301e-01
1.578210145235061646e-01
4.993096292018890381e-01
4.962041378021240234e-01
4.572907090187072754e-02
5.915017100051045418e-04
4.556379914283752441e-01
2.340757250785827637e-01
1.973351230844855309e-03
1.708985120058059692e-01
9.125925600528717041e-02
9.029900282621383667e-02
5.805856361985206604e-02
2.185377776622772217e-01
5.202486645430326462e-04
9.848290681838989258e-02
1.216937229037284851e-01
1.167389750480651855e-01
3.523042201995849609e-01
5.777989625930786133e-01
1.376842707395553589e-01
4.808503687381744385e-01
1.765320450067520142e-01
5.308464169502258301e-01
4.317176938056945801e-01
8.951551467180252075e-02
6.315365899354219437e-04
4.784763753414154053e-01
2.963569760322570801e-01
1.972802681848406792e-03
1.713154613971710205e-01
8.780375868082046509e-02
8.278051763772964478e-02
6.584134697914123535e-02
2.021405547857284546e-01
2.051909395959228277e-04
7.207868248224258423e-02
1.253141462802886963e-01
1.085562035441398621e-01
3.091587722301483154e-01
5.811078548431396484e-01
1.476665288209915161e-01
4.717951714992523193e-01
1.729603707790374756e-01
4.729551970958709717e-01
4.964576959609985352e-01
8.328875899314880371e-02
6.315353675745427608e-04
4.782883822917938232e-01
2.423075288534164429e-01
1.973370090126991272e-03
1.707506477832794189e-01
8.994821459054946899e-02
8.728443831205368042e-02
6.093238666653633118e-02
1.890720129013061523e-01
1.818023447412997484e-04
6.613805145025253296e-02
6.935920566320419312e-02
6.841426342725753784e-02
3.105561435222625732e-01
6.250090599060058594e-01
1.114627048373222351e-01
4.787842929363250732e-01
1.524213850498199463e-01
4.438514709472656250e-01
4.024156928062438965e-01
3.407484665513038635e-02
6.403240258805453777e-04
4.749696850776672363e-01
2.228598892688751221e-01
1.973262755200266838e-03
1.706219613552093506e-01
8.177429437637329102e-02
8.165375143289566040e-02
6.949037313461303711e-02
1.869441419839859009e-01
2.153487148461863399e-04
4.562292620539665222e-02
8.395548164844512939e-02
1.034791618585586548e-01
3.725863993167877197e-01
6.725660562515258789e-01
1.152541264891624451e-01
5.698884725570678711e-01
2.126137167215347290e-01
5.730547904968261719e-01
5.438146591186523438e-01
4.249549657106399536e-02
6.522136391140520573e-04
4.711867868900299072e-01
2.520741820335388184e-01
1.973240403458476067e-03
1.701127588748931885e-01
8.659027516841888428e-02
7.975896447896957397e-02
6.587737798690795898e-02
1.822317838668823242e-01
3.538563323672860861e-04
4.822619631886482239e-02
5.726274847984313965e-02
5.045407265424728394e-02
4.145719408988952637e-01
1.112072944641113281e+00
7.291344553232192993e-02
6.347659230232238770e-01
2.676043212413787842e-01
6.146122217178344727e-01
5.806542634963989258e-01
3.496435657143592834e-02
6.720043020322918892e-04
4.873471856117248535e-01
2.420251518487930298e-01
1.973250880837440491e-03
1.726220399141311646e-01
8.608394116163253784e-02
8.524362742900848389e-02
6.234505027532577515e-02
1.605572700500488281e-01
5.939101683907210827e-04
6.310366094112396240e-02
7.757399976253509521e-02
6.436985731124877930e-02
4.307520389556884766e-01
9.977460503578186035e-01
8.010520040988922119e-02
6.198277473449707031e-01
2.830525338649749756e-01
5.943276286125183105e-01
5.965608954429626465e-01
3.810058906674385071e-02
6.745434366166591644e-04
5.425750017166137695e-01
2.380833923816680908e-01
1.973347039893269539e-03
1.726237684488296509e-01
9.169264137744903564e-02
8.249319344758987427e-02
7.853709906339645386e-02
1.450822502374649048e-01
8.111587376333773136e-04
5.795304477214813232e-02
6.701646745204925537e-02
5.971991270780563354e-02
3.489517569541931152e-01
8.884708881378173828e-01
7.459306716918945312e-02
4.927013814449310303e-01
2.468468546867370605e-01
4.910910129547119141e-01
4.992370605468750000e-01
4.196453839540481567e-02
7.205561269074678421e-04
5.532839894294738770e-01
2.388966232538223267e-01
1.973402919247746468e-03
1.726252287626266479e-01
1.006365045905113220e-01
9.748464822769165039e-02
6.548605859279632568e-02
1.342247724533081055e-01
8.189140935428440571e-04
6.854170560836791992e-02
6.280554831027984619e-02
5.840079113841056824e-02
3.257237970829010010e-01
1.333894848823547363e+00
7.193662971258163452e-02
4.284498989582061768e-01
2.909277677536010742e-01
4.452537894248962402e-01
4.441834390163421631e-01
6.020737811923027039e-02
7.149655721150338650e-04
5.691023468971252441e-01
2.262855768203735352e-01
1.973290462046861649e-03
1.726244240999221802e-01
1.020038723945617676e-01
9.854321181774139404e-02
8.078161627054214478e-02
1.339300721883773804e-01
8.368681301362812519e-04
8.306876569986343384e-02
7.722952216863632202e-02
7.468645274639129639e-02
2.258009910583496094e-01
1.393783926963806152e+00
7.760550826787948608e-02
4.522559344768524170e-01
3.644129931926727295e-01
4.573630392551422119e-01
4.709002673625946045e-01
6.635434180498123169e-02
9.256181074306368828e-04
8.430683612823486328e-01
2.211554348468780518e-01
1.973587553948163986e-03
1.726280748844146729e-01
1.454983502626419067e-01
1.437146365642547607e-01
9.718853980302810669e-02
1.059763878583908081e-01
8.236679132096469402e-04
3.846039623022079468e-02
8.089031279087066650e-02
7.539592683315277100e-02
2.325406074523925781e-01
1.009451746940612793e+00
8.829684555530548096e-02
3.646031916141510010e-01
3.359467089176177979e-01
3.559562861919403076e-01
3.468710184097290039e-01
6.025524809956550598e-02
8.833169122226536274e-04
6.900706291198730469e-01
2.248584479093551636e-01
1.973512815311551094e-03
1.726276278495788574e-01
1.503856480121612549e-01
1.432208269834518433e-01
1.152012795209884644e-01
1.176514849066734314e-01
8.593148668296635151e-04
5.226072296500205994e-02
8.996219933032989502e-02
8.553744852542877197e-02
2.363857030868530273e-01
1.306112527847290039e+00
9.139844030141830444e-02
3.749555051326751709e-01
3.297201693058013916e-01
3.640007376670837402e-01
3.584143817424774170e-01
6.851506233215332031e-02
9.668762213550508022e-04
7.173162698745727539e-01
2.220162004232406616e-01
1.973511651158332825e-03
1.726272255182266235e-01
1.359311044216156006e-01
1.285159438848495483e-01
1.044774949550628662e-01
1.178169846534729004e-01
8.688091766089200974e-04
4.151819273829460144e-02
9.595415741205215454e-02
9.617601335048675537e-02
1.848317831754684448e-01
1.114405512809753418e+00
1.022628620266914368e-01
2.911220192909240723e-01
3.118095099925994873e-01
2.953597605228424072e-01
2.931125462055206299e-01
6.541992723941802979e-02
9.902687743306159973e-04
7.517912983894348145e-01
2.261854112148284912e-01
1.973583130165934563e-03
1.726276725530624390e-01
1.972752958536148071e-01
1.942427307367324829e-01
1.684787571430206299e-01
1.621328592300415039e-01
9.103209013119339943e-04
8.710323274135589600e-02
8.649677038192749023e-02
8.357752859592437744e-02
1.233569756150245667e-01
9.137558937072753906e-01
9.693403542041778564e-02
1.853505522012710571e-01
3.176382482051849365e-01
1.885854005813598633e-01
2.390221208333969116e-01
6.071754917502403259e-02
1.082752831280231476e-03
8.523864746093750000e-01
2.275430858135223389e-01
1.973706763237714767e-03
1.726275533437728882e-01
1.260270327329635620e-01
1.234431862831115723e-01
1.217848882079124451e-01
1.404793113470077515e-01
8.474042988382279873e-04
1.646950095891952515e-01
7.883657515048980713e-02
7.734651863574981689e-02
2.122295498847961426e-01
9.623246192932128906e-01
8.196349442005157471e-02
3.140898942947387695e-01
3.199259042739868164e-01
3.264060616493225098e-01
3.387212157249450684e-01
5.478375405073165894e-02
1.109820790588855743e-03
7.171229124069213867e-01
2.250872403383255005e-01
1.973746344447135925e-03
1.726267635822296143e-01
1.186773404479026794e-01
1.033923476934432983e-01
1.037768200039863586e-01
1.137082800269126892e-01
8.386509143747389317e-04
1.043067127466201782e-01
7.436901330947875977e-02
7.082980871200561523e-02
6.753546744585037231e-02
1.059628486633300781e+00
7.529121637344360352e-02
1.596291810274124146e-01
3.272608220577239990e-01
1.172599345445632935e-01
1.460635960102081299e-01
6.318164616823196411e-02
1.055827713571488857e-03
7.567040324211120605e-01
2.272653877735137939e-01
1.973866019397974014e-03
1.726301610469818115e-01
9.636853635311126709e-02
9.005025774240493774e-02
8.286477625370025635e-02
8.867336809635162354e-02
8.485649013891816139e-04
1.329866349697113037e-01
1.370273679494857788e-01
1.290490776300430298e-01
1.153180599212646484e-01
1.155099749565124512e+00
9.335672110319137573e-02
1.843708604574203491e-01
3.503427803516387939e-01
1.459959000349044800e-01
1.666253060102462769e-01
9.799484908580780029e-02
1.105197356082499027e-03
7.880480885505676270e-01
2.271003723144531250e-01
1.973786624148488045e-03
1.726286113262176514e-01
2.763749063014984131e-01
2.540632486343383789e-01
1.670283079147338867e-01
4.947916045784950256e-02
8.491887710988521576e-04
4.118790104985237122e-02
1.478256285190582275e-01
1.126896664500236511e-01
7.457174360752105713e-02
9.973222613334655762e-01
7.381046563386917114e-02
1.189214363694190979e-01
3.199361264705657959e-01
1.339647471904754639e-01
1.349254548549652100e-01
9.029791504144668579e-02
1.169724040664732456e-03
7.364596724510192871e-01
2.272127419710159302e-01
1.973894191905856133e-03
1.726303398609161377e-01
2.638517022132873535e-01
2.525770962238311768e-01
1.686571389436721802e-01
4.632828384637832642e-02
7.508968119509518147e-04
2.746439538896083832e-02
1.178598180413246155e-01
1.153870001435279846e-01
7.018153369426727295e-02
1.207275986671447754e+00
1.235549896955490112e-01
1.109721511602401733e-01
3.722716271877288818e-01
1.117475181818008423e-01
1.087541356682777405e-01
8.252094686031341553e-02
1.351314364001154900e-03
7.572737932205200195e-01
2.302267402410507202e-01
1.973686972633004189e-03
1.726290881633758545e-01
2.139687985181808472e-01
1.965188235044479370e-01
1.365974247455596924e-01
4.190919920802116394e-02
6.998238386586308479e-04
2.349442802369594574e-02
2.306753396987915039e-01
1.955035477876663208e-01
5.167166516184806824e-02
1.329715728759765625e+00
2.366693168878555298e-01
6.875211745500564575e-02
4.466510117053985596e-01
1.141344904899597168e-01
1.144261807203292847e-01
1.071238964796066284e-01
1.371876685880124569e-03
7.431306838989257812e-01
2.292590439319610596e-01
1.973842503502964973e-03
1.726342886686325073e-01
2.322223782539367676e-01
2.074988931417465210e-01
1.685145497322082520e-01
4.505013674497604370e-02
7.698083645664155483e-04
2.343906462192535400e-02
1.694923490285873413e-01
1.682704240083694458e-01
8.212688565254211426e-02
1.370591640472412109e+00
1.962757110595703125e-01
1.579637080430984497e-01
5.296089649200439453e-01
1.546082198619842529e-01
1.614616811275482178e-01
1.253977566957473755e-01
1.349390135146677494e-03
7.203143835067749023e-01
2.326430827379226685e-01
1.973900943994522095e-03
1.726327240467071533e-01
1.357603520154953003e-01
1.289980858564376831e-01
1.069488301873207092e-01
1.187406405806541443e-01
9.044809849001467228e-04
2.437952533364295959e-02
1.461253017187118530e-01
1.521939039230346680e-01
7.319448143243789673e-02
1.113299369812011719e+00
1.492145806550979614e-01
1.534545719623565674e-01
5.084733366966247559e-01
1.401627659797668457e-01
1.402086168527603149e-01
9.962069243192672729e-02
1.350434962660074234e-03
6.538446545600891113e-01
2.257560342550277710e-01
1.973954495042562485e-03
1.726287156343460083e-01
1.281345188617706299e-01
1.063592061400413513e-01
7.352214306592941284e-02
1.130527853965759277e-01
7.781262393109500408e-04
2.437823638319969177e-02
1.175852194428443909e-01
1.191089525818824768e-01
7.264071702957153320e-02
6.885579228401184082e-01
1.213225647807121277e-01
1.195773482322692871e-01
3.729716837406158447e-01
9.705840796232223511e-02
9.695490449666976929e-02
8.402130007743835449e-02
1.366021228022873402e-03
6.148413419723510742e-01
2.328590601682662964e-01
1.973729580640792847e-03
1.726255416870117188e-01
1.116020306944847107e-01
1.140190437436103821e-01
8.115439116954803467e-02
9.390529990196228027e-02
7.692402577959001064e-04
2.871093899011611938e-02
1.211537495255470276e-01
1.180741116404533386e-01
7.024387270212173462e-02
7.889093756675720215e-01
1.257764548063278198e-01
1.100949794054031372e-01
3.027535080909729004e-01
1.173155903816223145e-01
1.137954816222190857e-01
8.997318148612976074e-02
1.328905927948653698e-03
7.159345746040344238e-01
2.384062260389328003e-01
1.973658101633191109e-03
1.726199835538864136e-01
1.180229634046554565e-01
1.049997657537460327e-01
7.522661238908767700e-02
7.541078329086303711e-02
7.636057562194764614e-04
3.401458635926246643e-02
1.137963905930519104e-01
1.014980673789978027e-01
4.375915601849555969e-02
6.425148248672485352e-01
1.054175049066543579e-01
8.143240958452224731e-02
2.546789050102233887e-01
8.205002546310424805e-02
8.262742310762405396e-02
7.774198800325393677e-02
1.334037049673497677e-03
8.111470341682434082e-01
2.429796606302261353e-01
1.973703969269990921e-03
1.726194173097610474e-01
1.138306334614753723e-01
9.633682668209075928e-02
7.650039345026016235e-02
6.983824819326400757e-02
7.549222791567444801e-04
2.635101228952407837e-02
1.676207333803176880e-01
1.511132121086120605e-01
5.119766667485237122e-02
5.866299867630004883e-01
1.306527405977249146e-01
8.291150629520416260e-02
2.772518694400787354e-01
9.746023267507553101e-02
9.719664603471755981e-02
1.010991483926773071e-01
1.251972280442714691e-03
6.129500269889831543e-01
2.410925179719924927e-01
1.973663223907351494e-03
1.726179867982864380e-01
1.317374855279922485e-01
1.027856469154357910e-01
7.190379500389099121e-02
7.692216336727142334e-02
6.023395108059048653e-04
3.359973430633544922e-02
1.299373358488082886e-01
1.215066760778427124e-01
5.623928830027580261e-02
5.302096605300903320e-01
1.232981681823730469e-01
9.422145038843154907e-02
2.623807489871978760e-01
9.859873354434967041e-02
9.738482534885406494e-02
8.199512213468551636e-02
9.629761916585266590e-04
4.813093543052673340e-01
2.281624674797058105e-01
1.973759382963180542e-03
1.726200729608535767e-01
1.133852675557136536e-01
1.027861237525939941e-01
7.989627122879028320e-02
8.105892688035964966e-02
6.538776797242462635e-04
3.699045628309249878e-02
2.167694270610809326e-01
1.980583518743515015e-01
5.301035195589065552e-02
9.202757477760314941e-01
1.804011464118957520e-01
8.835183084011077881e-02
3.177144527435302734e-01
8.915013074874877930e-02
8.821555227041244507e-02
1.351021081209182739e-01
1.003959565423429012e-03
4.755131304264068604e-01
2.222680598497390747e-01
1.973517704755067825e-03
1.726159155368804932e-01
1.106046959757804871e-01
9.768836945295333862e-02
7.168747484683990479e-02
1.101232841610908508e-01
8.007046999409794807e-04
5.221352726221084595e-02
2.458029240369796753e-01
2.000161111354827881e-01
5.983616039156913757e-02
8.366739153861999512e-01
2.225443124771118164e-01
9.456001222133636475e-02
3.156394064426422119e-01
8.916842192411422729e-02
8.730378001928329468e-02
1.429201066493988037e-01
6.534734275192022324e-04
4.771422445774078369e-01
2.237291038036346436e-01
1.973410602658987045e-03
1.726162880659103394e-01
1.029591113328933716e-01
1.054610610008239746e-01
7.292862981557846069e-02
1.188615635037422180e-01
7.959174108691513538e-04
3.994543477892875671e-02
2.036516070365905762e-01
1.820953488349914551e-01
6.156495586037635803e-02
6.492683887481689453e-01
2.043282240629196167e-01
9.736342728137969971e-02
3.153911232948303223e-01
9.638141095638275146e-02
9.573589265346527100e-02
1.263691633939743042e-01
9.074964909814298153e-04
6.065754890441894531e-01
2.324901819229125977e-01
1.973483944311738014e-03
1.726177930831909180e-01
1.249664500355720520e-01
1.064363345503807068e-01
1.066618859767913818e-01
1.104850396513938904e-01
7.720427238382399082e-04
4.460931941866874695e-02
1.859353333711624146e-01
1.812196224927902222e-01
7.392133772373199463e-02
5.410015583038330078e-01
1.887485384941101074e-01
1.088170334696769714e-01
2.212254852056503296e-01
1.121038720011711121e-01
1.120965480804443359e-01
1.247039288282394409e-01
1.176944235339760780e-03
6.733292341232299805e-01
2.096857577562332153e-01
1.973376143723726273e-03
1.726157814264297485e-01
1.210797876119613647e-01
1.191921457648277283e-01
6.699237227439880371e-02
1.395190209150314331e-01
7.508407579734921455e-04
4.133202508091926575e-02
2.585876584053039551e-01
2.546089589595794678e-01
8.955074101686477661e-02
6.504365205764770508e-01
2.795266509056091309e-01
1.522870659828186035e-01
3.649448156356811523e-01
1.389075219631195068e-01
1.555804312229156494e-01
1.771199554204940796e-01
1.058730529621243477e-03
6.994376182556152344e-01
2.217714190483093262e-01
1.973431091755628586e-03
1.726150512695312500e-01
1.431799679994583130e-01
1.470131129026412964e-01
1.060693413019180298e-01
1.526765078306198120e-01
1.019462710246443748e-03
5.182511359453201294e-02
1.550029516220092773e-01
1.682717502117156982e-01
1.090250611305236816e-01
3.910286724567413330e-01
1.816689819097518921e-01
1.595243066549301147e-01
2.229571044445037842e-01
1.609348654747009277e-01
1.611199527978897095e-01
1.194132938981056213e-01
8.976564859040081501e-04
8.154672980308532715e-01
2.251026928424835205e-01
1.973509322851896286e-03
1.726195067167282104e-01
1.142620220780372620e-01
1.289981603622436523e-01
9.992571175098419189e-02
2.491112202405929565e-01
7.550574373453855515e-04
5.433970317244529724e-02
1.382490843534469604e-01
1.123412922024726868e-01
1.181950345635414124e-01
4.288871288299560547e-01
1.232098937034606934e-01
1.842443645000457764e-01
1.256618052721023560e-01
1.835053563117980957e-01
1.833962053060531616e-01
1.098592504858970642e-01
1.022611162625253201e-03
8.426880836486816406e-01
2.037916183471679688e-01
1.973293954506516457e-03
1.726190745830535889e-01
9.881414473056793213e-02
9.205132722854614258e-02
6.784280389547348022e-02
2.022437304258346558e-01
7.941593648865818977e-04
5.885361507534980774e-02
1.343236863613128662e-01
1.375164240598678589e-01
1.292341053485870361e-01
4.416304528713226318e-01
1.544310748577117920e-01
1.999546736478805542e-01
1.190381944179534912e-01
1.986471563577651978e-01
2.009870260953903198e-01
1.089508980512619019e-01
1.065214979462325573e-03
8.268176317214965820e-01
2.383143752813339233e-01
1.973734935745596886e-03
1.726218760013580322e-01
9.924153238534927368e-02
8.727511018514633179e-02
7.973196357488632202e-02
1.782237142324447632e-01
8.590916986577212811e-04
6.628242880105972290e-02
2.110061645507812500e-01
2.039753198623657227e-01
1.357184499502182007e-01
3.290811777114868164e-01
2.097464948892593384e-01
2.017824947834014893e-01
1.577471494674682617e-01
2.053110748529434204e-01
2.042323052883148193e-01
1.691215634346008301e-01
1.186106586828827858e-03
8.404946327209472656e-01
2.044645547866821289e-01
1.973706064745783806e-03
1.726233661174774170e-01
8.362267911434173584e-02
7.761755585670471191e-02
6.509759277105331421e-02
1.665108352899551392e-01
7.828331436030566692e-04
7.743038982152938843e-02
1.393603831529617310e-01
1.358654201030731201e-01
1.572458893060684204e-01
2.999929785728454590e-01
1.519535332918167114e-01
2.645408809185028076e-01
1.144329905509948730e-01
2.614219784736633301e-01
2.503415048122406006e-01
1.311505436897277832e-01
1.264593796804547310e-03
1.111894130706787109e+00
2.226955145597457886e-01
1.973897917196154594e-03
1.726239770650863647e-01
1.990080177783966064e-01
1.779112070798873901e-01
1.272912919521331787e-01
1.727047711610794067e-01
9.731462341733276844e-04
8.912346512079238892e-02
1.321769058704376221e-01
1.268905848264694214e-01
2.316175699234008789e-01
3.085056841373443604e-01
1.183990165591239929e-01
3.705242872238159180e-01
1.308343261480331421e-01
4.097942113876342773e-01
3.992889523506164551e-01
1.103119179606437683e-01
1.285605714656412601e-03
1.523766279220581055e+00
2.427450120449066162e-01
1.973927021026611328e-03
1.726264655590057373e-01
2.739319205284118652e-01
2.435668706893920898e-01
1.927187591791152954e-01
1.624855548143386841e-01
8.313813596032559872e-04
1.094971299171447754e-01
1.408646255731582642e-01
1.337306350469589233e-01
2.138003408908843994e-01
3.904024362564086914e-01
1.275347620248794556e-01
3.363836705684661865e-01
1.249032467603683472e-01
3.366284072399139404e-01
3.360212445259094238e-01
1.162624582648277283e-01
1.322460942901670933e-03
1.443981409072875977e+00
2.305320054292678833e-01
1.973976148292422295e-03
1.726276725530624390e-01
2.427814751863479614e-01
2.269441038370132446e-01
1.721964478492736816e-01
1.581483930349349976e-01
1.223546219989657402e-03
1.182143315672874451e-01
1.493758410215377808e-01
1.422128379344940186e-01
2.535144090652465820e-01
4.281826913356781006e-01
1.331785619258880615e-01
4.457740187644958496e-01
1.454182416200637817e-01
4.270418286323547363e-01
4.227606356143951416e-01
1.123506799340248108e-01
1.244631363078951836e-03
1.069829463958740234e+00
3.002698421478271484e-01
1.974109094589948654e-03
1.726272851228713989e-01
2.047061920166015625e-01
1.629424840211868286e-01
1.335576772689819336e-01
1.614256799221038818e-01
8.233345579355955124e-04
1.154780611395835876e-01
1.718140095472335815e-01
1.559109389781951904e-01
3.505970537662506104e-01
4.657633602619171143e-01
1.492155343294143677e-01
6.183986663818359375e-01
1.664509773254394531e-01
6.262227296829223633e-01
6.271567344665527344e-01
1.300252079963684082e-01
1.299461466260254383e-03
1.025789499282836914e+00
2.548914253711700439e-01
1.974022714421153069e-03
1.726301908493041992e-01
1.802871525287628174e-01
1.665974408388137817e-01
1.282392442226409912e-01
1.533852964639663696e-01
9.538040612824261189e-04
1.189671456813812256e-01
1.779066622257232666e-01
1.609825342893600464e-01
2.294591069221496582e-01
4.394950866699218750e-01
1.657772064208984375e-01
3.380396664142608643e-01
1.836435049772262573e-01
3.799219727516174316e-01
3.774529099464416504e-01
1.257055848836898804e-01
1.135614933446049690e-03
7.763725519180297852e-01
2.009707242250442505e-01
1.974204089492559433e-03
1.726334840059280396e-01
1.721884906291961670e-01
1.662447452545166016e-01
1.175782531499862671e-01
1.686102300882339478e-01
7.693726802244782448e-04
1.281294226646423340e-01
1.888928711414337158e-01
1.789506673812866211e-01
1.697489470243453979e-01
4.299286901950836182e-01
1.818329691886901855e-01
2.828270494937896729e-01
2.065879255533218384e-01
2.573298513889312744e-01
2.568571567535400391e-01
1.423337310552597046e-01
1.109295641072094440e-03
8.979984521865844727e-01
2.389647364616394043e-01
1.974265091121196747e-03
1.726364791393280029e-01
1.772239953279495239e-01
1.474192738533020020e-01
1.278915107250213623e-01
1.864082515239715576e-01
1.003545825369656086e-03
1.452326029539108276e-01
1.809366047382354736e-01
1.814833879470825195e-01
2.586654126644134521e-01
3.967487215995788574e-01
1.773293614387512207e-01
3.666606247425079346e-01
1.466313302516937256e-01
3.706471920013427734e-01
3.703733384609222412e-01
1.301467120647430420e-01
1.153324148617684841e-03
9.893484711647033691e-01
3.011943399906158447e-01
1.974296988919377327e-03
1.726375818252563477e-01
1.944094896316528320e-01
1.677970588207244873e-01
1.377362459897994995e-01
1.748246848583221436e-01
6.758521194569766521e-04
1.403447985649108887e-01
1.630526334047317505e-01
1.539853960275650024e-01
2.727437615394592285e-01
3.855983614921569824e-01
1.488766819238662720e-01
4.452011585235595703e-01
1.345759779214859009e-01
4.395886957645416260e-01
4.216321706771850586e-01
1.274563968181610107e-01
1.231530914083123207e-03
1.088144063949584961e+00
2.004323899745941162e-01
1.974317478016018867e-03
1.726376265287399292e-01
1.894236654043197632e-01
1.734636425971984863e-01
1.224808916449546814e-01
1.671549230813980103e-01
6.414675153791904449e-04
1.548278480768203735e-01
1.478120833635330200e-01
1.312864571809768677e-01
2.939331531524658203e-01
3.927971422672271729e-01
1.333663910627365112e-01
4.798313379287719727e-01
1.288478076457977295e-01
4.639345705509185791e-01
4.619078040122985840e-01
1.069163605570793152e-01
1.081343390978872776e-03
8.929587006568908691e-01
1.893136352300643921e-01
1.974313054233789444e-03
1.726326495409011841e-01
1.849365532398223877e-01
1.690371930599212646e-01
1.232041195034980774e-01
1.567805856466293335e-01
6.324636633507907391e-04
1.586874276399612427e-01
1.367623060941696167e-01
1.230202391743659973e-01
2.880442142486572266e-01
3.776275813579559326e-01
1.133729144930839539e-01
4.347277581691741943e-01
1.182714179158210754e-01
4.505767226219177246e-01
4.471989572048187256e-01
1.076349318027496338e-01
9.922690223902463913e-04
8.411593437194824219e-01
1.901438236236572266e-01
1.974179176613688469e-03
1.726258993148803711e-01
1.682597100734710693e-01
1.587972939014434814e-01
1.127622723579406738e-01
1.513123214244842529e-01
5.221153842285275459e-04
1.739186495542526245e-01
1.176854297518730164e-01
1.092959567904472351e-01
2.802874445915222168e-01
3.870795071125030518e-01
1.021922007203102112e-01
4.328021407127380371e-01
1.089585721492767334e-01
4.450653195381164551e-01
4.412215948104858398e-01
9.888475388288497925e-02
9.944029152393341064e-04
9.122225642204284668e-01
1.891525089740753174e-01
1.974008511751890182e-03
1.681330949068069458e-01
1.931500732898712158e-01
1.768741160631179810e-01
1.241021528840065002e-01
1.452437788248062134e-01
6.020352011546492577e-04
2.169053852558135986e-01
1.045635566115379333e-01
9.167827665805816650e-02
3.469245135784149170e-01
4.611575305461883545e-01
8.478064835071563721e-02
5.696569085121154785e-01
1.124565824866294861e-01
5.696198940277099609e-01
5.722937583923339844e-01
8.364745974540710449e-02
8.993594092316925526e-04
7.644398808479309082e-01
1.906176805496215820e-01
1.973741920664906502e-03
8.532202243804931641e-02
1.912209391593933105e-01
1.794739216566085815e-01
1.285534203052520752e-01
1.358204632997512817e-01
6.221966468729078770e-04
2.191973030567169189e-01
1.071185469627380371e-01
9.382576495409011841e-02
3.608946502208709717e-01
4.449245035648345947e-01
8.837710320949554443e-02
5.540320277214050293e-01
1.062977910041809082e-01
5.877519249916076660e-01
5.823909640312194824e-01
6.875155866146087646e-02
8.492606575600802898e-04
8.042895197868347168e-01
2.001153230667114258e-01
9.106869401875883341e-05
3.133158013224601746e-02
1.775629818439483643e-01
1.646101772785186768e-01
1.208335682749748230e-01
1.310514360666275024e-01
6.069182418286800385e-04
2.615185379981994629e-01
9.559616446495056152e-02
8.322653919458389282e-02
3.301637172698974609e-01
4.935882091522216797e-01
8.010033518075942993e-02
5.380816459655761719e-01
1.422472894191741943e-01
5.396777987480163574e-01
5.353194475173950195e-01
6.459368765354156494e-02
1.070663798600435257e-03
8.063446879386901855e-01
2.259362936019897461e-01
1.636169145058374852e-05
1.215422432869672775e-02
1.647689491510391235e-01
1.513233184814453125e-01
1.269715726375579834e-01
1.279795318841934204e-01
1.242541824467480183e-03
2.671331465244293213e-01
8.959270268678665161e-02
8.184114098548889160e-02
2.956888675689697266e-01
4.701576232910156250e-01
7.522066682577133179e-02
4.970777630805969238e-01
1.138638406991958618e-01
4.566643238067626953e-01
4.726682305335998535e-01
7.281030714511871338e-02
1.247052801772952080e-03
9.679022431373596191e-01
2.015827298164367676e-01
1.384212169796228409e-02
1.433748900890350342e-01
1.826913207769393921e-01
1.653231382369995117e-01
1.553891450166702271e-01
1.157842949032783508e-01
1.216954551637172699e-03
3.086493313312530518e-01
6.576135009527206421e-02
5.298791080713272095e-02
2.173502147197723389e-01
5.061943531036376953e-01
4.727815836668014526e-02
3.416429162025451660e-01
1.041582301259040833e-01
3.330364823341369629e-01
3.299138545989990234e-01
4.516655579209327698e-02
1.128860050812363625e-03
7.800018787384033203e-01
2.587216198444366455e-01
1.776292547583580017e-02
3.037947416305541992e-01
1.712722331285476685e-01
1.549312919378280640e-01
1.404627561569213867e-01
9.415048360824584961e-02
7.111423765309154987e-04
3.771345317363739014e-01
8.107718080282211304e-02
6.679125130176544189e-02
2.668541073799133301e-01
4.488968551158905029e-01
6.839286535978317261e-02
4.195419549942016602e-01
1.117849200963973999e-01
4.038843810558319092e-01
4.094050228595733643e-01
6.127818301320075989e-02
1.055642380379140377e-03
8.595317602157592773e-01
2.190219163894653320e-01
1.774025894701480865e-02
3.052908480167388916e-01
1.864227503538131714e-01
1.557234078645706177e-01
1.456963866949081421e-01
9.268429875373840332e-02
1.339601934887468815e-03
3.325094282627105713e-01
1.007572486996650696e-01
7.836029678583145142e-02
2.851240634918212891e-01
4.429700374603271484e-01
8.335997909307479858e-02
4.682363271713256836e-01
1.204133182764053345e-01
4.622589349746704102e-01
4.429850280284881592e-01
7.053741067647933960e-02
1.267523504793643951e-03
8.196907043457031250e-01
2.103571146726608276e-01
1.770423352718353271e-02
3.050880134105682373e-01
1.776643991470336914e-01
1.570525169372558594e-01
1.304157972335815430e-01
8.865495026111602783e-02
1.453946460969746113e-03
4.005675911903381348e-01
1.008830294013023376e-01
8.135310560464859009e-02
2.710766196250915527e-01
4.785070419311523438e-01
8.067119121551513672e-02
4.157235622406005859e-01
1.213517338037490845e-01
4.144451022148132324e-01
4.336579740047454834e-01
7.110241800546646118e-02
1.366492942906916142e-03
1.188283324241638184e+00
1.436853408813476562e-01
2.156059257686138153e-02
4.656686186790466309e-01
1.782379299402236938e-01
1.649221181869506836e-01
1.444707512855529785e-01
8.187012374401092529e-02
1.644816831685602665e-03
4.173023700714111328e-01
8.066522330045700073e-02
5.823756381869316101e-02
1.773246526718139648e-01
4.579862356185913086e-01
6.501532346010208130e-02
2.671995162963867188e-01
1.205037012696266174e-01
2.754609584808349609e-01
2.730552852153778076e-01
3.537992760539054871e-02
1.044926000759005547e-03
8.902099132537841797e-01
1.963061541318893433e-01
2.345126494765281677e-02
7.342644333839416504e-01
1.867043226957321167e-01
1.664469093084335327e-01
1.279723942279815674e-01
7.291804999113082886e-02
1.884989440441131592e-03
4.688697159290313721e-01
4.737110063433647156e-02
3.792626410722732544e-02
1.448968201875686646e-01
5.891191959381103516e-01
4.162736237049102783e-02
1.925424188375473022e-01
1.715434491634368896e-01
2.042949497699737549e-01
1.884521096944808960e-01
3.439548984169960022e-02
9.783736895769834518e-04
8.388457298278808594e-01
2.088856697082519531e-01
2.351341582834720612e-02
7.924919128417968750e-01
1.533265113830566406e-01
1.449279338121414185e-01
1.227219477295875549e-01
5.923741683363914490e-02
1.935079926624894142e-03
7.293591499328613281e-01
8.203229308128356934e-02
3.561589866876602173e-02
8.841165155172348022e-02
5.709685087203979492e-01
4.413171485066413879e-02
1.173106357455253601e-01
1.888250559568405151e-01
1.647093594074249268e-01
1.561921387910842896e-01
1.142863780260086060e-01
1.182505977340042591e-03
9.755750298500061035e-01
2.195519506931304932e-01
5.110817775130271912e-02
1.304973483085632324e+00
2.494653761386871338e-01
2.401018440723419189e-01
1.714173257350921631e-01
3.940698504447937012e-02
1.982319634407758713e-03
9.320517182350158691e-01
1.046772003173828125e-01
8.614338934421539307e-02
4.268852993845939636e-02
7.233415842056274414e-01
5.968655273318290710e-02
7.214933633804321289e-02
1.955552399158477783e-01
3.824689611792564392e-02
3.813186660408973694e-02
5.253456234931945801e-01
1.274921465665102005e-03
1.020940899848937988e+00
1.839267015457153320e-01
5.482489615678787231e-02
1.680288195610046387e+00
2.989352643489837646e-01
2.845915555953979492e-01
2.100063562393188477e-01
4.362061619758605957e-02
2.094391267746686935e-03
8.922278881072998047e-01
3.084764182567596436e-01
2.032031267881393433e-01
2.171637304127216339e-02
7.628069519996643066e-01
2.245642989873886108e-01
4.021918401122093201e-02
2.435163110494613647e-01
5.710738152265548706e-02
3.044511564075946808e-02
4.677675366401672363e-01
1.360303838737308979e-03
1.090747237205505371e+00
1.969618499279022217e-01
5.501785129308700562e-02
1.753302454948425293e+00
3.040052652359008789e-01
2.880443036556243896e-01
2.172166556119918823e-01
7.429696619510650635e-02
2.391726477071642876e-03
1.285387158393859863e+00
7.614808529615402222e-02
6.914298236370086670e-02
6.732849031686782837e-02
8.681838512420654297e-01
6.138955801725387573e-02
1.042083352804183960e-01
2.741940915584564209e-01
9.829555451869964600e-02
1.171720400452613831e-01
1.358671486377716064e-01
1.878786133602261543e-03
1.525386452674865723e+00
2.064756155014038086e-01
5.494179204106330872e-02
1.698567867279052734e+00
1.515982896089553833e-01
1.404011398553848267e-01
1.218963041901588440e-01
8.442808687686920166e-02
2.675725845620036125e-03
8.783658146858215332e-01
6.284941732883453369e-02
4.992493987083435059e-02
1.346091926097869873e-01
6.805565953254699707e-01
4.864887893199920654e-02
1.928945332765579224e-01
1.940214335918426514e-01
1.914117038249969482e-01
1.896035820245742798e-01
4.655056074261665344e-02
1.955125480890274048e-03
1.244726181030273438e+00
1.953915655612945557e-01
5.512744933366775513e-02
1.708022356033325195e+00
1.038932427763938904e-01
1.025648936629295349e-01
7.512308657169342041e-02
6.741486489772796631e-02
2.870092168450355530e-03
1.047666788101196289e+00
8.878461271524429321e-02
6.304216384887695312e-02
8.353270590305328369e-02
3.222366273403167725e-01
7.032947987318038940e-02
7.981051504611968994e-02
1.062348708510398865e-01
1.034191250801086426e-01
9.182880073785781860e-02
3.797246143221855164e-02
9.587085805833339691e-04
7.996344566345214844e-01
2.068405449390411377e-01
5.509607493877410889e-02
1.702902078628540039e+00
2.053491473197937012e-01
2.029366493225097656e-01
1.769548356533050537e-01
8.178448677062988281e-02
2.283226465806365013e-03
9.019125699996948242e-01
1.160965636372566223e-01
9.946461766958236694e-02
1.952369883656501770e-02
2.618653774261474609e-01
9.070313721895217896e-02
3.900815919041633606e-02
9.069965779781341553e-02
3.908694162964820862e-02
4.017940163612365723e-02
3.814693167805671692e-02
1.011956715956330299e-03
7.110990285873413086e-01
2.046971321105957031e-01
5.487360805273056030e-02
1.717082023620605469e+00
2.074678093194961548e-01
1.929144561290740967e-01
1.735673248767852783e-01
1.145883053541183472e-01
1.843355828896164894e-03
7.777920961380004883e-01
1.524468511343002319e-01
1.107014790177345276e-01
2.963779680430889130e-02
2.446068823337554932e-01
1.172505915164947510e-01
3.760506585240364075e-02
9.035556018352508545e-02
4.651882126927375793e-02
5.730828642845153809e-02
4.660714417695999146e-02
9.628827683627605438e-04
8.667413592338562012e-01
1.897587925195693970e-01
5.526022240519523621e-02
1.785458564758300781e+00
3.153350353240966797e-01
3.448478281497955322e-01
2.375100851058959961e-01
1.361932456493377686e-01
1.873092842288315296e-03
8.075728416442871094e-01
1.406781971454620361e-01
1.012999787926673889e-01
3.643717244267463684e-02
3.029940128326416016e-01
1.041419357061386108e-01
4.837642982602119446e-02
8.915034681558609009e-02
4.597280174493789673e-02
4.930787906050682068e-02
4.773510247468948364e-02
7.960129296407103539e-04
8.446736335754394531e-01
2.044819444417953491e-01
5.525876209139823914e-02
1.785438776016235352e+00
2.051889300346374512e-01
2.023074924945831299e-01
1.769222021102905273e-01
1.465603113174438477e-01
1.434298465028405190e-03
7.178741097450256348e-01
1.649482846260070801e-01
1.202778965234756470e-01
1.799062825739383698e-02
3.264477252960205078e-01
1.509968489408493042e-01
3.310815989971160889e-02
1.796147823333740234e-01
2.313823439180850983e-02
2.247226051986217499e-02
6.302982568740844727e-02
7.596606737934052944e-04
9.033095836639404297e-01
2.183848321437835693e-01
5.526035651564598083e-02
1.785439252853393555e+00
2.518527507781982422e-01
2.702167034149169922e-01
2.610419094562530518e-01
1.448203474283218384e-01
1.247641863301396370e-03
7.528260350227355957e-01
1.503137648105621338e-01
1.213666573166847229e-01
5.788819119334220886e-02
4.694723784923553467e-01
1.172059252858161926e-01
5.487686768174171448e-02
1.402971595525741577e-01
5.677857995033264160e-02
5.712708830833435059e-02
6.080304831266403198e-02
7.237118552438914776e-04
8.184316754341125488e-01
1.885840594768524170e-01
5.526179447770118713e-02
1.785454750061035156e+00
2.008936554193496704e-01
1.746738255023956299e-01
1.518549621105194092e-01
1.708289235830307007e-01
1.320851733908057213e-03
7.526082992553710938e-01
1.539551168680191040e-01
1.182186752557754517e-01
3.707835078239440918e-02
4.327048361301422119e-01
1.086892262101173401e-01
7.231867313385009766e-02
1.360439360141754150e-01
5.820466205477714539e-02
5.643812939524650574e-02
5.476030707359313965e-02
6.904751644469797611e-04
9.637625813484191895e-01
2.022601515054702759e-01
5.526078864932060242e-02
1.785454869270324707e+00
1.525740623474121094e-01
1.378971487283706665e-01
1.238943189382553101e-01
1.498604118824005127e-01
1.149935415014624596e-03
8.464362025260925293e-01
9.923499077558517456e-02
7.452698051929473877e-02
5.077145248651504517e-02
3.583059310913085938e-01
8.412979543209075928e-02
5.411184951663017273e-02
1.088960394263267517e-01
5.413092300295829773e-02
5.497437343001365662e-02
5.610446631908416748e-02
1.004577265121042728e-03
8.928968310356140137e-01
2.225111126899719238e-01
5.526135116815567017e-02
1.785461068153381348e+00
1.411701291799545288e-01
1.229398697614669800e-01
1.257352679967880249e-01
9.174714982509613037e-02
1.198521349579095840e-03
8.765293359756469727e-01
1.026404350996017456e-01
7.620152831077575684e-02
6.146516650915145874e-02
3.895799517631530762e-01
6.684660166501998901e-02
6.796059012413024902e-02
1.261047124862670898e-01
6.139943003654479980e-02
6.644245237112045288e-02
6.031416729092597961e-02
9.732791222631931305e-04
8.355914354324340820e-01
2.200562804937362671e-01
5.526323989033699036e-02
1.785475015640258789e+00
1.587691307067871094e-01
1.358895897865295410e-01
1.094061434268951416e-01
6.723072379827499390e-02
1.418183557689189911e-03
9.244421124458312988e-01
8.657436817884445190e-02
6.119086220860481262e-02
7.575850188732147217e-02
4.033308923244476318e-01
5.868333950638771057e-02
8.091318607330322266e-02
1.220855712890625000e-01
8.274782449007034302e-02
7.749842107295989990e-02
5.668399482965469360e-02
9.331030887551605701e-04
9.163495302200317383e-01
2.308685928583145142e-01
5.526350066065788269e-02
1.785485744476318359e+00
1.338230818510055542e-01
1.272904425859451294e-01
1.135506778955459595e-01
5.641348659992218018e-02
1.669077319093048573e-03
8.815836310386657715e-01
9.651131927967071533e-02
6.425394862890243530e-02
7.053865492343902588e-02
3.472256064414978027e-01
7.038520276546478271e-02
8.833137899637222290e-02
9.538674354553222656e-02
7.652863860130310059e-02
7.586669176816940308e-02
5.159499123692512512e-02
1.205223961733281612e-03
9.860907793045043945e-01
2.049573212862014771e-01
5.526449158787727356e-02
1.785489201545715332e+00
1.352878212928771973e-01
1.288816034793853760e-01
1.214689090847969055e-01
5.580597370862960815e-02
1.468710368499159813e-03
8.815565705299377441e-01
8.590105175971984863e-02
6.521979719400405884e-02
6.303113698959350586e-02
3.893173336982727051e-01
5.390956252813339233e-02
7.305350899696350098e-02
1.017331182956695557e-01
6.871309876441955566e-02
7.175122201442718506e-02
4.478255286812782288e-02
9.162807255052030087e-04
8.380591869354248047e-01
2.050268054008483887e-01
5.526614189147949219e-02
1.785501599311828613e+00
1.444279253482818604e-01
1.430407017469406128e-01
1.440725773572921753e-01
5.813477188348770142e-02
1.393094658851623535e-03
8.687487840652465820e-01
9.132900834083557129e-02
5.653325095772743225e-02
6.176211684942245483e-02
4.077761173248291016e-01
6.253035366535186768e-02
7.382212579250335693e-02
1.201900765299797058e-01
6.859975308179855347e-02
6.920154392719268799e-02
4.367856308817863464e-02
1.005851896479725838e-03
9.873161315917968750e-01
2.039091438055038452e-01
5.526702851057052612e-02
1.785504460334777832e+00
1.590723693370819092e-01
1.513212025165557861e-01
5.816581100225448608e-02
6.895595788955688477e-02
1.702446723356842995e-03
7.392917871475219727e-01
7.640682905912399292e-02
6.667634099721908569e-02
4.309682920575141907e-02
3.906159996986389160e-01
5.144721642136573792e-02
5.628062039613723755e-02
1.128024607896804810e-01
5.016898363828659058e-02
5.021729320287704468e-02
6.054783985018730164e-02
9.459491120651364326e-04
8.766949176788330078e-01
2.014145106077194214e-01
5.526702851057052612e-02
1.785506248474121094e+00
1.165281161665916443e-01
1.326626092195510864e-01
8.768858760595321655e-02
6.037791445851325989e-02
2.031174022704362869e-03
7.229545116424560547e-01
9.235630929470062256e-02
7.174185663461685181e-02
5.564138293266296387e-02
3.895227909088134766e-01
6.448907405138015747e-02
5.998510867357254028e-02
1.156348064541816711e-01
5.908524245023727417e-02
5.663791298866271973e-02
5.907703191041946411e-02
8.532154606655240059e-04
8.667931556701660156e-01
1.975232809782028198e-01
5.526711791753768921e-02
1.785504341125488281e+00
1.454479247331619263e-01
1.491437405347824097e-01
9.117944538593292236e-02
7.721193879842758179e-02
1.639483729377388954e-03
6.786730885505676270e-01
1.511769294738769531e-01
9.833313524723052979e-02
7.107838243246078491e-02
4.384827315807342529e-01
9.575438499450683594e-02
8.202283084392547607e-02
1.247889399528503418e-01
8.236508071422576904e-02
7.775913923978805542e-02
5.158936232328414917e-02
1.012024586088955402e-03
8.932623863220214844e-01
1.958429664373397827e-01
5.526952072978019714e-02
1.785522222518920898e+00
1.859865486621856689e-01
1.541537940502166748e-01
9.236361086368560791e-02
9.876080602407455444e-02
1.857048016972839832e-03
5.167387723922729492e-01
1.899685114622116089e-01
1.422380208969116211e-01
6.219819188117980957e-02
5.596492290496826172e-01
1.341281831264495850e-01
7.094503939151763916e-02
1.894715577363967896e-01
7.138224691152572632e-02
7.059083878993988037e-02
6.916664540767669678e-02
9.524500346742570400e-04
8.167292475700378418e-01
1.877938657999038696e-01
5.526817589998245239e-02
1.785513401031494141e+00
1.723724603652954102e-01
1.972094029188156128e-01
1.254926025867462158e-01
1.342167109251022339e-01
2.459880430251359940e-03
5.394550561904907227e-01
1.482433974742889404e-01
1.068255677819252014e-01
6.708740442991256714e-02
5.099682807922363281e-01
1.035256385803222656e-01
7.712177187204360962e-02
1.393739581108093262e-01
7.325915247201919556e-02
7.405391335487365723e-02
6.550717353820800781e-02
1.098197652027010918e-03
9.859177470207214355e-01
1.935058981180191040e-01
5.526774376630783081e-02
1.785509705543518066e+00
2.226229161024093628e-01
1.949460357427597046e-01
1.836874186992645264e-01
1.310316771268844604e-01
2.333985874429345131e-03
6.333390474319458008e-01
1.028844937682151794e-01
7.587654143571853638e-02
6.029729172587394714e-02
3.708540499210357666e-01
7.147014141082763672e-02
7.392438501119613647e-02
1.069589108228683472e-01
6.718467175960540771e-02
7.252866029739379883e-02
6.144513934850692749e-02
9.589380351826548576e-04
7.656728029251098633e-01
1.947992891073226929e-01
5.526831001043319702e-02
1.785506844520568848e+00
1.160938367247581482e-01
9.274489432573318481e-02
1.681170165538787842e-01
1.095912307500839233e-01
2.163454890251159668e-03
6.090018749237060547e-01
1.065919548273086548e-01
8.302918821573257446e-02
6.232037395238876343e-02
4.030921161174774170e-01
7.319602370262145996e-02
6.721501052379608154e-02
1.245224624872207642e-01
6.821633875370025635e-02
6.879421323537826538e-02
6.051779538393020630e-02
9.819464758038520813e-04
7.734621763229370117e-01
1.898620426654815674e-01
5.526818707585334778e-02
1.785512685775756836e+00
1.163066104054450989e-01
1.040527671575546265e-01
1.168882623314857483e-01
7.203010469675064087e-02
2.174869645386934280e-03
5.479062199592590332e-01
8.229814469814300537e-02
7.435207813978195190e-02
6.090600788593292236e-02
4.265041947364807129e-01
6.307913362979888916e-02
6.630991399288177490e-02
1.088566556572914124e-01
6.623098254203796387e-02
6.770370900630950928e-02
7.735176384449005127e-02
1.113496371544897556e-03
8.411778211593627930e-01
2.004602551460266113e-01
5.526772141456604004e-02
1.785509705543518066e+00
1.163777410984039307e-01
1.014020293951034546e-01
8.419266343116760254e-02
6.650394201278686523e-02
2.056117635220289230e-03
5.364534258842468262e-01
9.618125855922698975e-02
8.381136506795883179e-02
6.201114505529403687e-02
3.777612149715423584e-01
6.836990267038345337e-02
6.869678944349288940e-02
1.237026304006576538e-01
7.252170890569686890e-02
7.413387298583984375e-02
6.811945140361785889e-02
1.150896539911627769e-03
8.626652956008911133e-01
2.017216682434082031e-01
5.526763945817947388e-02
1.785507202148437500e+00
1.397095620632171631e-01
1.321622729301452637e-01
1.127578765153884888e-01
6.637070327997207642e-02
1.830375287681818008e-03
2.622990310192108154e-01
9.916816651821136475e-02
8.057746291160583496e-02
7.232977449893951416e-02
3.764747977256774902e-01
7.086239755153656006e-02
7.821822911500930786e-02
1.005746275186538696e-01
7.775804400444030762e-02
7.818082720041275024e-02
6.423811614513397217e-02
8.635142003186047077e-04
7.325572967529296875e-01
2.120844274759292603e-01
5.526851490139961243e-02
1.785509586334228516e+00
1.474650055170059204e-01
1.321063488721847534e-01
1.225749328732490540e-01
6.507047265768051147e-02
1.823602360673248768e-03
2.708066999912261963e-01
1.209805235266685486e-01
9.185752272605895996e-02
9.063082933425903320e-02
3.546590209007263184e-01
8.270129561424255371e-02
9.787581861019134521e-02
1.050094068050384521e-01
9.615607559680938721e-02
9.857050329446792603e-02
6.101769581437110901e-02
8.619152940809726715e-04
7.658467888832092285e-01
2.043374627828598022e-01
5.526677891612052917e-02
1.785492539405822754e+00
1.366241574287414551e-01
9.694001823663711548e-02
8.011063933372497559e-02
6.299276649951934814e-02
1.819639466702938080e-03
2.675324082374572754e-01
1.479522585868835449e-01
1.065373793244361877e-01
8.354832977056503296e-02
4.210816323757171631e-01
9.129805862903594971e-02
9.138020128011703491e-02
1.120214015245437622e-01
9.328522533178329468e-02
9.067591279745101929e-02
6.636158376932144165e-02
1.301435870118439198e-03
1.735107421875000000e+00
1.998360008001327515e-01
5.526527389883995056e-02
1.785476326942443848e+00
2.153644114732742310e-01
2.239002883434295654e-01
1.123054921627044678e-01
6.744590401649475098e-02
1.839403412304818630e-03
3.092706501483917236e-01
1.965806782245635986e-01
1.521745622158050537e-01
7.658475637435913086e-02
5.302101969718933105e-01
1.330776661634445190e-01
8.620923757553100586e-02
1.309376806020736694e-01
9.190762788057327271e-02
9.162072837352752686e-02
8.245195448398590088e-02
1.228505512699484825e-03
9.125489592552185059e-01
2.164131104946136475e-01
5.526476353406906128e-02
1.785452842712402344e+00
2.894677221775054932e-01
3.468440473079681396e-01
1.467623412609100342e-01
1.132134944200515747e-01
1.969415461644530296e-03
2.678716778755187988e-01
1.870228052139282227e-01
1.638787090778350830e-01
8.060628175735473633e-02
4.918910861015319824e-01
1.294728070497512817e-01
8.813504874706268311e-02
1.314592212438583374e-01
9.141451120376586914e-02
9.074260294437408447e-02
9.310620278120040894e-02
9.756577783264219761e-04
9.128444194793701172e-01
2.026548385620117188e-01
5.526461079716682434e-02
1.785442709922790527e+00
2.533142566680908203e-01
2.481386512517929077e-01
1.260965168476104736e-01
1.463802158832550049e-01
1.812117989175021648e-03
2.692925035953521729e-01
2.400042265653610229e-01
1.999919265508651733e-01
8.403831720352172852e-02
8.357512950897216797e-01
1.830544471740722656e-01
8.736792951822280884e-02
2.023080140352249146e-01
9.078053385019302368e-02
9.173973649740219116e-02
1.248356699943542480e-01
9.383154101669788361e-04
1.002588272094726562e+00
2.051565051078796387e-01
5.526453629136085510e-02
1.785430192947387695e+00
2.464983612298965454e-01
2.109754383563995361e-01
1.532993614673614502e-01
1.267393231391906738e-01
2.190941944718360901e-03
1.330237686634063721e-01
2.479071319103240967e-01
2.602511942386627197e-01
7.677002996206283569e-02
9.034513831138610840e-01
2.046085149049758911e-01
8.400049805641174316e-02
3.173092603683471680e-01
8.824966102838516235e-02
8.717727661132812500e-02
1.748787313699722290e-01
9.211565484292805195e-04
8.607373237609863281e-01
2.356920242309570312e-01
5.526513606309890747e-02
1.785432577133178711e+00
2.159300297498703003e-01
1.700098216533660889e-01
1.300043463706970215e-01
2.608746886253356934e-01
2.281552413478493690e-03
6.897982954978942871e-02
1.548584252595901489e-01
1.475145071744918823e-01
7.743979245424270630e-02
6.756513714790344238e-01
1.201744973659515381e-01
8.618775010108947754e-02
1.920098960399627686e-01
8.705486357212066650e-02
8.733706176280975342e-02
1.475118398666381836e-01
9.120266186073422432e-04
7.945912480354309082e-01
2.445127815008163452e-01
5.526457354426383972e-02
1.785431265830993652e+00
1.208363473415374756e-01
1.239200979471206665e-01
8.049131929874420166e-02
1.779401600360870361e-01
2.029197523370385170e-03
1.201076507568359375e-01
1.535150259733200073e-01
1.518047004938125610e-01
9.713411331176757812e-02
5.033777356147766113e-01
1.104576736688613892e-01
9.868595749139785767e-02
1.619876027107238770e-01
9.336478263139724731e-02
9.302418678998947144e-02
1.094566956162452698e-01
9.339260286651551723e-04
7.879042625427246094e-01
2.089605778455734253e-01
5.526398867368698120e-02
1.785430192947387695e+00
1.093721389770507812e-01
9.005218744277954102e-02
7.212283462285995483e-02
1.213513538241386414e-01
2.351352712139487267e-03
1.273497641086578369e-01
1.586739718914031982e-01
1.487793922424316406e-01
9.678968787193298340e-02
5.206539630889892578e-01
1.082643344998359680e-01
1.039096638560295105e-01
1.578510403633117676e-01
1.095558479428291321e-01
1.038094833493232727e-01
1.379955261945724487e-01
9.871919173747301102e-04
8.355702161788940430e-01
2.146709114313125610e-01
5.526450648903846741e-02
1.785430192947387695e+00
1.103314086794853210e-01
9.688505530357360840e-02
7.765246182680130005e-02
9.716180711984634399e-02
2.238671528175473213e-03
1.283766180276870728e-01
1.513659656047821045e-01
1.447457522153854370e-01
1.586061120033264160e-01
4.582921564579010010e-01
1.056512072682380676e-01
1.327371448278427124e-01
1.300279349088668823e-01
1.470969170331954956e-01
1.579373180866241455e-01
1.472905874252319336e-01
1.084078336134552956e-03
9.395365715026855469e-01
1.945074647665023804e-01
5.526467785239219666e-02
1.785438299179077148e+00
1.212082803249359131e-01
1.138637065887451172e-01
7.819439470767974854e-02
8.061687648296356201e-02
2.057169098407030106e-03
1.190723478794097900e-01
1.468861252069473267e-01
1.293573379516601562e-01
1.608955115079879761e-01
4.397788345813751221e-01
9.495173394680023193e-02
1.805434077978134155e-01
1.435181349515914917e-01
1.823433786630630493e-01
1.728999614715576172e-01
1.269621551036834717e-01
1.019367016851902008e-03
8.943197131156921387e-01
1.894997954368591309e-01
5.526539683341979980e-02
1.785440206527709961e+00
1.196388751268386841e-01
1.083290800452232361e-01
7.951824367046356201e-02
8.370687812566757202e-02
1.914669526740908623e-03
1.039301306009292603e-01
1.573084592819213867e-01
1.549855619668960571e-01
1.516803652048110962e-01
5.113884210586547852e-01
1.048692315816879272e-01
1.509922295808792114e-01
1.442678570747375488e-01
1.598896980285644531e-01
1.539580523967742920e-01
1.366451382637023926e-01
1.015703193843364716e-03
8.492816090583801270e-01
1.951031386852264404e-01
5.526674538850784302e-02
1.785451292991638184e+00
1.208430454134941101e-01
1.009527146816253662e-01
7.786115258932113647e-02
1.011317893862724304e-01
1.733242883346974850e-03
1.053196042776107788e-01
1.543440520763397217e-01
1.837906241416931152e-01
1.338755339384078979e-01
6.129487752914428711e-01
1.219331398606300354e-01
1.384170651435852051e-01
1.604302972555160522e-01
1.496833860874176025e-01
1.496374011039733887e-01
1.332820206880569458e-01
1.007254002615809441e-03
8.357342481613159180e-01
1.900919079780578613e-01
5.526725947856903076e-02
1.785457849502563477e+00
1.208366751670837402e-01
1.027911528944969177e-01
7.756324857473373413e-02
1.044428721070289612e-01
1.983990427106618881e-03
1.009477674961090088e-01
2.322238683700561523e-01
2.041783034801483154e-01
1.271699965000152588e-01
8.037503361701965332e-01
1.596772521734237671e-01
1.206399574875831604e-01
1.808271706104278564e-01
1.259597241878509521e-01
1.270197033882141113e-01
2.047271728515625000e-01
1.190915820188820362e-03
9.465794563293457031e-01
1.941695958375930786e-01
5.526997521519660950e-02
1.830982923507690430e+00
1.332156360149383545e-01
1.301693767309188843e-01
7.917290925979614258e-02
1.197705939412117004e-01
2.049315720796585083e-03
9.992635995149612427e-02
1.740790307521820068e-01
2.059364318847656250e-01
1.083587929606437683e-01
6.460970640182495117e-01
1.243727207183837891e-01
1.067930310964584351e-01
1.644895523786544800e-01
1.169358864426612854e-01
1.164963096380233765e-01
1.825435757637023926e-01
1.393672544509172440e-03
1.071972966194152832e+00
1.843775957822799683e-01
5.527167022228240967e-02
1.830996036529541016e+00
1.293787658214569092e-01
1.211229190230369568e-01
9.135785698890686035e-02
1.042628958821296692e-01
1.936291810125112534e-03
9.830882400274276733e-02
1.974706649780273438e-01
1.848809421062469482e-01
1.439661979675292969e-01
6.054261326789855957e-01
1.326700150966644287e-01
1.497430503368377686e-01
2.111127972602844238e-01
1.719143986701965332e-01
1.661417782306671143e-01
2.029262036085128784e-01
1.019383314996957779e-03
8.669714927673339844e-01
1.825137883424758911e-01
5.527311936020851135e-02
1.831008195877075195e+00
1.998499482870101929e-01
1.400587856769561768e-01
1.080581992864608765e-01
1.155040413141250610e-01
1.921580289490520954e-03
1.039858460426330566e-01
2.513225078582763672e-01
2.512743771076202393e-01
1.584668457508087158e-01
6.312369704246520996e-01
1.794211268424987793e-01
1.701585501432418823e-01
2.097880691289901733e-01
1.767787635326385498e-01
1.672091633081436157e-01
2.277642488479614258e-01
1.088962657377123833e-03
8.473154902458190918e-01
1.925861239433288574e-01
5.527411028742790222e-02
1.831020116806030273e+00
1.762987822294235229e-01
1.540807634592056274e-01
1.054166406393051147e-01
1.770444214344024658e-01
1.854130765423178673e-03
1.458356231451034546e-01
2.280699014663696289e-01
2.036178261041641235e-01
1.442123949527740479e-01
6.096654534339904785e-01
1.479247808456420898e-01
1.613448411226272583e-01
1.953905671834945679e-01
1.727277487516403198e-01
1.779625564813613892e-01
2.134663760662078857e-01
1.003813697025179863e-03
7.235842347145080566e-01
1.853687018156051636e-01
5.724838748574256897e-02
1.860233664512634277e+00
1.971769779920578003e-01
2.110461741685867310e-01
1.279124617576599121e-01
2.223124206066131592e-01
1.960424706339836121e-03
1.475958526134490967e-01
1.949484497308731079e-01
2.371834814548492432e-01
1.263623982667922974e-01
6.908678412437438965e-01
1.366151869297027588e-01
1.260893642902374268e-01
1.877222359180450439e-01
1.442319601774215698e-01
1.558957844972610474e-01
2.651967108249664307e-01
8.964817970991134644e-04
6.613579392433166504e-01
1.869328320026397705e-01
5.724764987826347351e-02
1.860233902931213379e+00
1.360011100769042969e-01
1.152628585696220398e-01
1.064618453383445740e-01
2.215290516614913940e-01
1.679865410551428795e-03
1.789627373218536377e-01
1.524003595113754272e-01
1.750368326902389526e-01
1.129888147115707397e-01
4.761754572391510010e-01
1.161908060312271118e-01
1.100323200225830078e-01
1.252580136060714722e-01
1.254640370607376099e-01
1.210679337382316589e-01
2.306823283433914185e-01
8.361336076632142067e-04
6.894652843475341797e-01
1.822260320186614990e-01
5.724701285362243652e-02
1.860236763954162598e+00
1.049346700310707092e-01
8.619147539138793945e-02
8.463168889284133911e-02
2.022838145494461060e-01
1.783747924491763115e-03
1.962444037199020386e-01
1.690223664045333862e-01
1.916140615940093994e-01
1.163645684719085693e-01
4.969967901706695557e-01
1.094944328069686890e-01
1.207421422004699707e-01
1.280950754880905151e-01
1.213966906070709229e-01
1.310086995363235474e-01
2.027799338102340698e-01
1.306644990108907223e-03
9.860234856605529785e-01
1.809287220239639282e-01
5.724804103374481201e-02
1.860239505767822266e+00
1.007231548428535461e-01
9.056412428617477417e-02
8.335574716329574585e-02
2.101411819458007812e-01
1.889113569632172585e-03
2.243926674127578735e-01
9.872373193502426147e-02
1.076335236430168152e-01
1.379070580005645752e-01
2.354070842266082764e-01
6.957489252090454102e-02
1.478248387575149536e-01
5.911244079470634460e-02
1.605168431997299194e-01
1.576131433248519897e-01
1.299393028020858765e-01
1.399255008436739445e-03
9.514566063880920410e-01
1.793818324804306030e-01
3.923253342509269714e-02
1.562656164169311523e+00
1.200813800096511841e-01
1.090863198041915894e-01
1.238179057836532593e-01
1.922442615032196045e-01
2.419251017272472382e-03
3.882637619972229004e-01
6.837946176528930664e-02
8.655138313770294189e-02
1.598799228668212891e-01
3.946821689605712891e-01
4.683988541364669800e-02
1.757418066263198853e-01
4.078797996044158936e-02
1.856547147035598755e-01
2.029950022697448730e-01
1.205897107720375061e-01
1.840713317506015301e-03
1.377585411071777344e+00
1.147780269384384155e-01
3.691461309790611267e-02
1.381677389144897461e+00
1.816032975912094116e-01
1.743478924036026001e-01
1.792047321796417236e-01
1.201604232192039490e-01
2.984586637467145920e-03
3.185861706733703613e-01
7.655836641788482666e-02
1.008871197700500488e-01
1.901406347751617432e-01
2.719807028770446777e-01
4.476960375905036926e-02
1.789505779743194580e-01
3.776563331484794617e-02
2.126736342906951904e-01
1.932969838380813599e-01
1.116324514150619507e-01
1.335862674750387669e-03
1.308111071586608887e+00
1.150683462619781494e-01
5.463092774152755737e-02
1.544042825698852539e+00
1.706290245056152344e-01
1.577185392379760742e-01
1.621429771184921265e-01
1.049904823303222656e-01
3.956022672355175018e-03
2.769210934638977051e-01
8.463159948587417603e-02
9.237863123416900635e-02
1.893500238656997681e-01
2.859540581703186035e-01
4.997846484184265137e-02
1.891653835773468018e-01
4.273259639739990234e-02
1.977893263101577759e-01
2.013150155544281006e-01
1.328796893358230591e-01
1.606302917934954166e-03
1.287812352180480957e+00
1.141099110245704651e-01
8.633692562580108643e-02
1.682028412818908691e+00
1.863069683313369751e-01
1.823300719261169434e-01
1.980254799127578735e-01
1.099107936024665833e-01
5.514580290764570236e-03
2.780957818031311035e-01
9.343571960926055908e-02
1.116067990660667419e-01
2.113285511732101440e-01
2.833024561405181885e-01
5.593413487076759338e-02
2.523667812347412109e-01
5.862222239375114441e-02
2.448090612888336182e-01
2.489625215530395508e-01
1.737445443868637085e-01
1.649825833737850189e-03
1.419036388397216797e+00
1.235323175787925720e-01
8.087941259145736694e-02
1.346779942512512207e+00
1.769542694091796875e-01
1.723835021257400513e-01
1.788098067045211792e-01
1.045627370476722717e-01
6.164608988910913467e-03
4.183223247528076172e-01
1.064717397093772888e-01
1.229591816663742065e-01
3.127991259098052979e-01
3.280664980411529541e-01
6.939879804849624634e-02
3.188444674015045166e-01
7.889705896377563477e-02
3.176057338714599609e-01
3.157830834388732910e-01
1.688478589057922363e-01
1.837709103710949421e-03
1.584553003311157227e+00
1.621650904417037964e-01
8.074215799570083618e-02
1.117915868759155273e+00
1.281540095806121826e-01
1.227024048566818237e-01
1.241721659898757935e-01
1.074500083923339844e-01
4.141217563301324844e-03
3.406649231910705566e-01
1.064746528863906860e-01
1.146462783217430115e-01
3.795380890369415283e-01
3.749733269214630127e-01
6.322044879198074341e-02
4.534862041473388672e-01
9.020360559225082397e-02
4.490113854408264160e-01
4.937922954559326172e-01
1.683777570724487305e-01
1.831079134717583656e-03
1.380567431449890137e+00
1.354738026857376099e-01
8.016301691532135010e-02
9.265363812446594238e-01
1.404830217361450195e-01
1.327377557754516602e-01
1.398915052413940430e-01
1.204850822687149048e-01
4.400310572236776352e-03
5.145223736763000488e-01
1.050480529665946960e-01
1.300831139087677002e-01
3.330014050006866455e-01
3.448454439640045166e-01
6.674180179834365845e-02
3.921248018741607666e-01
8.145316690206527710e-02
4.294203817844390869e-01
3.762324452400207520e-01
1.795088052749633789e-01
1.735497964546084404e-03
1.432572603225708008e+00
6.660018861293792725e-02
5.931523442268371582e-02
7.043641209602355957e-01
1.459541022777557373e-01
1.363534629344940186e-01
1.456671208143234253e-01
1.274273544549942017e-01
6.448371801525354385e-03
3.438827395439147949e-01
8.386793732643127441e-02
1.005311831831932068e-01
2.166838943958282471e-01
3.300039172172546387e-01
5.059787631034851074e-02
2.395359426736831665e-01
7.515460252761840820e-02
2.426528036594390869e-01
2.639126479625701904e-01
1.605535298585891724e-01
2.024235203862190247e-03
1.470104932785034180e+00
8.296296000480651855e-02
5.998007953166961670e-02
8.030112385749816895e-01
1.561192125082015991e-01
1.462935209274291992e-01
1.670322120189666748e-01
1.201254948973655701e-01
6.121875252574682236e-03
3.822651803493499756e-01
7.005435228347778320e-02
8.386289328336715698e-02
2.122409641742706299e-01
3.533019423484802246e-01
4.415261000394821167e-02
2.484277039766311646e-01
7.048320770263671875e-02
2.447057515382766724e-01
2.430382668972015381e-01
1.302811056375503540e-01
2.306444570422172546e-03
1.765693664550781250e+00
5.374034866690635681e-02
5.344633758068084717e-02
4.180493056774139404e-01
1.562101840972900391e-01
1.499603688716888428e-01
1.537281125783920288e-01
1.121625527739524841e-01
5.569898523390293121e-03
3.383343219757080078e-01
4.298002272844314575e-02
5.842887610197067261e-02
2.354880720376968384e-01
4.899126589298248291e-01
2.719752304255962372e-02
2.524363696575164795e-01
7.212515175342559814e-02
2.897372841835021973e-01
2.778163850307464600e-01
1.019904762506484985e-01
2.409106120467185974e-03
1.871414899826049805e+00
3.599863499402999878e-02
5.230271816253662109e-02
3.876569867134094238e-01
1.465754359960556030e-01
1.315763592720031738e-01
1.454443484544754028e-01
1.065673679113388062e-01
2.610975643619894981e-03
3.831624388694763184e-01
3.267945721745491028e-02
4.254529997706413269e-02
1.592172831296920776e-01
5.308982133865356445e-01
1.971610449254512787e-02
1.765052974224090576e-01
8.159034699201583862e-02
1.871223449707031250e-01
1.738964468240737915e-01
8.953365683555603027e-02
2.533331513404846191e-03
1.708928108215332031e+00
3.004726953804492950e-02
5.176273360848426819e-02
3.457976877689361572e-01
1.566456258296966553e-01
1.490432024002075195e-01
1.566815674304962158e-01
9.800890833139419556e-02
2.773301675915718079e-03
2.338700741529464722e-01
3.033412620425224304e-02
3.935183957219123840e-02
1.397337168455123901e-01
5.164178013801574707e-01
1.801323145627975464e-02
1.290073096752166748e-01
8.228958398103713989e-02
1.521428227424621582e-01
1.664919853210449219e-01
2.476871013641357422e-02
2.564413705840706825e-03
1.903548836708068848e+00
3.086613491177558899e-02
5.284071713685989380e-02
3.506268262863159180e-01
1.586350947618484497e-01
1.478204727172851562e-01
1.591510772705078125e-01
7.345681637525558472e-02
3.056066343560814857e-03
1.893512755632400513e-01
2.136516943573951721e-02
2.065443620085716248e-02
1.073869392275810242e-01
4.749215543270111084e-01
1.391969248652458191e-02
1.209921687841415405e-01
8.030651509761810303e-02
1.301741898059844971e-01
1.396396905183792114e-01
2.135698869824409485e-02
2.351750852540135384e-03
1.918875932693481445e+00
2.590538188815116882e-02
5.165839940309524536e-02
3.565865159034729004e-01
1.596768200397491455e-01
1.495232880115509033e-01
1.547356843948364258e-01
6.647702306509017944e-02
3.077408298850059509e-03
2.834214270114898682e-01
2.079716697335243225e-02
2.036901377141475677e-02
1.127897426486015320e-01
4.749029576778411865e-01
1.353366021066904068e-02
1.450235545635223389e-01
8.597473800182342529e-02
1.565648466348648071e-01
1.705259084701538086e-01
4.394641518592834473e-02
2.527164528146386147e-03
2.020695686340332031e+00
3.143295273184776306e-02
5.058809742331504822e-02
3.716580271720886230e-01
1.438842117786407471e-01
1.353879868984222412e-01
1.452178061008453369e-01
5.098487064242362976e-02
2.534363884478807449e-03
2.000890523195266724e-01
2.180476486682891846e-02
2.166902087628841400e-02
3.692381829023361206e-02
4.394518435001373291e-01
1.407883688807487488e-02
7.324828952550888062e-02
7.962751388549804688e-02
9.008473157882690430e-02
8.932954072952270508e-02
4.061150550842285156e-02
2.560029970481991768e-03
2.309872865676879883e+00
2.842054516077041626e-02
5.300129577517509460e-02
4.720701873302459717e-01
1.581100821495056152e-01
1.517460048198699951e-01
1.511467695236206055e-01
4.035696014761924744e-02
2.432178705930709839e-03
1.517069786787033081e-01
2.640704624354839325e-02
2.206130884587764740e-02
3.082732670009136200e-02
3.048007190227508545e-01
1.550597138702869415e-02
2.991445921361446381e-02
7.277313619852066040e-02
5.962136387825012207e-02
4.307575896382331848e-02
3.677433729171752930e-02
2.237689215689897537e-03
1.923037171363830566e+00
2.891636453568935394e-02
5.367659777402877808e-02
4.701001346111297607e-01
1.583993732929229736e-01
1.484588682651519775e-01
1.783621013164520264e-01
3.085367381572723389e-02
2.322091488167643547e-03
1.669531315565109253e-01
2.350095845758914948e-02
2.099231071770191193e-02
6.403996795415878296e-02
3.611275553703308105e-01
1.448557525873184204e-02
3.833963349461555481e-02
8.569609373807907104e-02
6.044875830411911011e-02
8.091370016336441040e-02
3.478795662522315979e-02
2.024129731580615044e-03
1.748513698577880859e+00
3.464534506201744080e-02
5.362118408083915710e-02
5.479399561882019043e-01
1.557573080062866211e-01
1.500076800584793091e-01
1.633395850658416748e-01
2.115255966782569885e-02
2.758387010544538498e-03
1.296125650405883789e-01
2.339028939604759216e-02
1.940567418932914734e-02
2.981685101985931396e-02
4.007697403430938721e-01
1.521514821797609329e-02
4.094246402382850647e-02
9.238801896572113037e-02
7.791417092084884644e-02
6.919352710247039795e-02
2.650147117674350739e-02
2.276024315506219864e-03
1.762226343154907227e+00
3.938537091016769409e-02
5.496584251523017883e-02
5.038963556289672852e-01
1.536927223205566406e-01
1.436884552240371704e-01
1.709986478090286255e-01
1.744612865149974823e-02
2.903600456193089485e-03
1.740054339170455933e-01
2.420248277485370636e-02
2.047074213624000549e-02
3.286862000823020935e-02
4.081075191497802734e-01
1.640247367322444916e-02
3.406797721982002258e-02
1.011615917086601257e-01
3.556281700730323792e-02
3.583715856075286865e-02
2.904852852225303650e-02
2.435238566249608994e-03
1.742096304893493652e+00
3.732826933264732361e-02
1.197659298777580261e-01
8.509029150009155273e-01
1.540902256965637207e-01
1.447183787822723389e-01
1.635868847370147705e-01
1.601507887244224548e-02
2.125500934198498726e-03
2.032263875007629395e-01
2.497884444892406464e-02
2.088936604559421539e-02
3.005059063434600830e-02
3.201701939105987549e-01
1.577370055019855499e-02
4.178117215633392334e-02
9.390681982040405273e-02
3.779628127813339233e-02
3.755322471261024475e-02
3.822628036141395569e-02
2.113561378791928291e-03
1.582629919052124023e+00
7.510589063167572021e-02
1.231727451086044312e-01
9.473066926002502441e-01
1.647226065397262573e-01
1.519627124071121216e-01
1.592734903097152710e-01
1.614172197878360748e-02
1.659277593716979027e-03
2.356799244880676270e-01
2.890717983245849609e-02
2.212784998118877411e-02
2.716061286628246307e-02
3.692131936550140381e-01
1.953093148767948151e-02
3.990576416254043579e-02
8.756853640079498291e-02
3.308344632387161255e-02
3.298924118280410767e-02
3.413391858339309692e-02
1.888892147690057755e-03
1.414307355880737305e+00
8.657412230968475342e-02
1.220167949795722961e-01
8.138185143470764160e-01
1.863330006599426270e-01
1.725105047225952148e-01
1.746798008680343628e-01
1.599064655601978302e-02
1.394322607666254044e-03
1.650960445404052734e-01
2.960180863738059998e-02
2.254465781152248383e-02
2.668350003659725189e-02
3.427260518074035645e-01
1.894654892385005951e-02
2.707630768418312073e-02
7.566697895526885986e-02
2.970853820443153381e-02
2.996551990509033203e-02
2.938647568225860596e-02
1.649418729357421398e-03
1.620024561882019043e+00
9.104963392019271851e-02
1.421351432800292969e-01
9.051739573478698730e-01
1.990118026733398438e-01
1.796392649412155151e-01
1.847177892923355103e-01
1.782916858792304993e-02
8.817387861199676991e-04
1.400711238384246826e-01
4.409656301140785217e-02
3.024914115667343140e-02
2.719212695956230164e-02
4.070699214935302734e-01
2.538984455168247223e-02
2.787769772112369537e-02
8.436480909585952759e-02
2.729114703834056854e-02
2.833149209618568420e-02
2.348219230771064758e-02
1.894234213978052139e-03
1.866396188735961914e+00
8.120675384998321533e-02
1.388670504093170166e-01
8.271699547767639160e-01
2.471938878297805786e-01
2.327372729778289795e-01
2.434538006782531738e-01
1.687849499285221100e-02
4.317649581935256720e-04
9.648416191339492798e-02
5.361303687095642090e-02
4.153176024556159973e-02
3.287884593009948730e-02
4.382734894752502441e-01
3.962408006191253662e-02
3.560870513319969177e-02
7.315193116664886475e-02
3.621604293584823608e-02
3.987057879567146301e-02
2.666305936872959137e-02
2.025096444413065910e-03
1.637252449989318848e+00
8.258589357137680054e-02
1.401469409465789795e-01
8.496777415275573730e-01
2.572467327117919922e-01
2.469239979982376099e-01
2.769022583961486816e-01
2.470985427498817444e-02
2.840360393747687340e-04
7.638831436634063721e-02
5.234500765800476074e-02
4.058682546019554138e-02
5.380400642752647400e-02
3.147512376308441162e-01
3.405240178108215332e-02
5.667518451809883118e-02
7.793184369802474976e-02
4.511316120624542236e-02
5.076051875948905945e-02
2.799662016332149506e-02
1.327157602645456791e-03
1.606065988540649414e+00
9.681354463100433350e-02
1.401493251323699951e-01
8.633131384849548340e-01
2.632039487361907959e-01
2.499234378337860107e-01
2.737185657024383545e-01
4.515019804239273071e-02
2.993969828821718693e-04
1.341933012008666992e-01
5.056324973702430725e-02
3.650725260376930237e-02
4.151750355958938599e-02
2.532645761966705322e-01
3.383363038301467896e-02
3.984724357724189758e-02
8.308852463960647583e-02
3.962468728423118591e-02
3.879212588071823120e-02
2.914753928780555725e-02
1.195391290821135044e-03
1.169610619544982910e+00
1.010835319757461548e-01
1.401460766792297363e-01
8.633003234863281250e-01
1.743272393941879272e-01
1.654351502656936646e-01
1.705129295587539673e-01
6.325198709964752197e-02
1.906401739688590169e-04
1.217659562826156616e-01
4.677663743495941162e-02
3.648169338703155518e-02
4.692976549267768860e-02
3.115468025207519531e-01
3.034327737987041473e-02
4.401487112045288086e-02
8.210689574480056763e-02
4.269916936755180359e-02
4.383893683552742004e-02
2.826662361621856689e-02
1.040388480760157108e-03
8.645928502082824707e-01
9.022272378206253052e-02
1.401445716619491577e-01
8.632962107658386230e-01
1.635495573282241821e-01
1.344096809625625610e-01
1.872467249631881714e-01
3.638444095849990845e-02
2.407520369160920382e-04
1.237140372395515442e-01
3.339871764183044434e-02
2.867789193987846375e-02
5.030131340026855469e-02
1.822710633277893066e-01
2.237948402762413025e-02
4.757165908813476562e-02
6.121513247489929199e-02
5.114765837788581848e-02
5.375909805297851562e-02
3.151346743106842041e-02
1.111276913434267044e-03
5.915936231613159180e-01
9.278625249862670898e-02
1.401471346616744995e-01
8.633043169975280762e-01
2.575576901435852051e-01
1.684957742691040039e-01
1.031842008233070374e-01
3.539334982633590698e-02
2.153026580344885588e-04
1.167441308498382568e-01
3.033481910824775696e-02
3.176518157124519348e-02
5.013949051499366760e-02
1.570605635643005371e-01
1.988558284938335419e-02
4.810349270701408386e-02
2.933547087013721466e-02
4.886395484209060669e-02
4.891530796885490417e-02
3.528453409671783447e-02
7.226366433314979076e-04
5.553292632102966309e-01
9.670413285493850708e-02
1.401485055685043335e-01
8.633103966712951660e-01
1.975854039192199707e-01
1.761453449726104736e-01
1.517000198364257812e-01
2.831352129578590393e-02
1.465692330384626985e-04
1.249526888132095337e-01
3.653346002101898193e-02
3.288426995277404785e-02
5.266702175140380859e-02
1.577476412057876587e-01
2.382945455610752106e-02
5.285628512501716614e-02
3.473105281591415405e-02
5.428822711110115051e-02
5.456217005848884583e-02
3.583202883601188660e-02
8.535973029211163521e-04
5.826871395111083984e-01
9.416187554597854614e-02
1.401453912258148193e-01
8.632999658584594727e-01
1.515447795391082764e-01
1.435300409793853760e-01
1.527668237686157227e-01
3.013537637889385223e-02
2.070658665616065264e-04
1.601544469594955444e-01
3.750349953770637512e-02
3.507914021611213684e-02
5.510938912630081177e-02
1.508083939552307129e-01
2.408832684159278870e-02
5.764381214976310730e-02
2.794045582413673401e-02
5.669929832220077515e-02
5.681189522147178650e-02
3.784548863768577576e-02
8.875041385181248188e-04
6.692752838134765625e-01
9.517951309680938721e-02
1.401439756155014038e-01
8.633015751838684082e-01
1.909385025501251221e-01
1.658493280410766602e-01
1.860098242759704590e-01
3.092567063868045807e-02
1.310594525421038270e-04
2.249749302864074707e-01
3.877070918679237366e-02
4.012835398316383362e-02
5.831630900502204895e-02
2.314682304859161377e-01
2.270077541470527649e-02
5.892772972583770752e-02
3.935030102729797363e-02
6.185318157076835632e-02
6.188558414578437805e-02
5.028790608048439026e-02
9.369306499138474464e-04
7.945655584335327148e-01
9.907455742359161377e-02
1.401466578245162964e-01
1.020398974418640137e+00
2.334991693496704102e-01
2.203320562839508057e-01
1.311691105365753174e-01
3.440438583493232727e-02
1.077326232916675508e-04
2.874946594238281250e-01
4.892564937472343445e-02
5.267113819718360901e-02
8.066628873348236084e-02
3.387625217437744141e-01
2.866109460592269897e-02
6.859077513217926025e-02
5.272477120161056519e-02
6.956630945205688477e-02
6.783543527126312256e-02
6.600654870271682739e-02
9.649803978390991688e-04
7.550822496414184570e-01
1.116025596857070923e-01
1.480380594730377197e-01
1.599650740623474121e+00
1.694177389144897461e-01
1.389469057321548462e-01
1.027330458164215088e-01
5.485729873180389404e-02
1.353140251012519002e-04
2.986924052238464355e-01
4.107985645532608032e-02
4.503803700208663940e-02
7.352963835000991821e-02
3.088060617446899414e-01
2.424117550253868103e-02
7.362704724073410034e-02
5.748564749956130981e-02
7.129261642694473267e-02
7.170108705759048462e-02
6.920747458934783936e-02
9.605622617527842522e-04
7.042189836502075195e-01
9.482274949550628662e-02
1.559329628944396973e-01
2.178908824920654297e+00
9.222029149532318115e-02
6.980093568563461304e-02
6.719464063644409180e-02
3.951893001794815063e-02
1.695542741799727082e-04
2.848027646541595459e-01
3.745203465223312378e-02
3.746032714843750000e-02
8.409339189529418945e-02
2.216751873493194580e-01
2.325333096086978912e-02
8.201823383569717407e-02
3.521326184272766113e-02
8.010474592447280884e-02
8.221331983804702759e-02
4.471768066287040710e-02
8.752743597142398357e-04
8.034893274307250977e-01
1.034506484866142273e-01
1.658012419939041138e-01
2.679929018020629883e+00
8.679791539907455444e-02
6.888058781623840332e-02
8.589786291122436523e-02
2.975181490182876587e-02
1.713816309347748756e-04
2.506870925426483154e-01
4.521768912672996521e-02
4.047550633549690247e-02
7.246444374322891235e-02
2.258658856153488159e-01
2.720217406749725342e-02
7.350145280361175537e-02
3.599218651652336121e-02
7.156997919082641602e-02
7.195550203323364258e-02
5.152781307697296143e-02
9.729330195114016533e-04
7.433718442916870117e-01
9.755815565586090088e-02
2.033041566610336304e-01
3.227047204971313477e+00
9.078624844551086426e-02
7.968834787607192993e-02
9.401328116655349731e-02
2.670778892934322357e-02
1.455670862924307585e-04
2.534563243389129639e-01
5.975452065467834473e-02
5.094427615404129028e-02
6.739069521427154541e-02
2.147649824619293213e-01
3.640769049525260925e-02
6.731453537940979004e-02
3.732348978519439697e-02
6.550391018390655518e-02
6.911810487508773804e-02
5.512150004506111145e-02
8.505840087309479713e-04
7.960155010223388672e-01
9.975682199001312256e-02
2.487001419067382812e-01
3.806312084197998047e+00
9.993050992488861084e-02
8.739876002073287964e-02
8.870231360197067261e-02
3.226264938712120056e-02
1.708568452158942819e-04
2.948874831199645996e-01
5.453373864293098450e-02
4.678595066070556641e-02
6.170999258756637573e-02
2.507894635200500488e-01
3.644733875989913940e-02
7.123637199401855469e-02
4.109201207756996155e-02
6.125478446483612061e-02
6.156893074512481689e-02
4.979335144162178040e-02
1.074191881343722343e-03
7.442666888236999512e-01
1.132797822356224060e-01
2.783059477806091309e-01
4.385572910308837891e+00
8.828048408031463623e-02
7.381302863359451294e-02
8.545809984207153320e-02
4.883566498756408691e-02
1.759930019034072757e-04
3.391591608524322510e-01
2.303384989500045776e-02
2.550707012414932251e-02
5.812840163707733154e-02
2.038294672966003418e-01
1.689991727471351624e-02
6.189581379294395447e-02
2.785257250070571899e-02
6.236356869339942932e-02
6.242060661315917969e-02
4.319756478071212769e-02
8.640037267468869686e-04
6.869133114814758301e-01
9.911181032657623291e-02
2.901502251625061035e-01
4.777354717254638672e+00
9.021559357643127441e-02
7.603166252374649048e-02
8.131954818964004517e-02
4.747287556529045105e-02
9.784202120499685407e-05
3.314392268657684326e-01
4.371403902769088745e-02
4.260177165269851685e-02
9.030520170927047729e-02
2.244846075773239136e-01
2.611369825899600983e-02
1.000638380646705627e-01
2.873486652970314026e-02
9.039572626352310181e-02
9.129591286182403564e-02
4.499327391386032104e-02
1.019889488816261292e-03
6.273295283317565918e-01
1.133638322353363037e-01
2.960703969001770020e-01
5.035878658294677734e+00
8.223561942577362061e-02
7.963230460882186890e-02
5.659155547618865967e-02
3.541043773293495178e-02
1.943310053320601583e-04
3.253017067909240723e-01
3.247084468603134155e-02
3.019056469202041626e-02
1.338459104299545288e-01
3.710082769393920898e-01
2.353381738066673279e-02
1.311085075139999390e-01
3.165727108716964722e-02
1.272749900817871094e-01
1.281460970640182495e-01
4.216289520263671875e-02
9.975137654691934586e-04
6.431844234466552734e-01
1.461107879877090454e-01
2.980456054210662842e-01
5.086236000061035156e+00
1.185638904571533203e-01
9.328404068946838379e-02
8.692368119955062866e-02
4.917205125093460083e-02
1.598417584318667650e-04
3.475407063961029053e-01
4.002460837364196777e-02
3.449285775423049927e-02
1.531606614589691162e-01
3.131891787052154541e-01
2.339072711765766144e-02
1.570300161838531494e-01
3.520456328988075256e-02
1.379453837871551514e-01
1.388092935085296631e-01
3.976454585790634155e-02
1.461665029637515545e-03
8.169541358947753906e-01
1.480946987867355347e-01
2.980465590953826904e-01
5.086222171783447266e+00
1.042412817478179932e-01
8.620970696210861206e-02
9.656594693660736084e-02
3.359184414148330688e-02
1.320299634244292974e-04
3.716987073421478271e-01
4.921849444508552551e-02
4.320221766829490662e-02
2.020244598388671875e-01
2.789056897163391113e-01
2.783301286399364471e-02
1.969348341226577759e-01
3.888078033924102783e-02
1.884120702743530273e-01
1.969573199748992920e-01
4.168865829706192017e-02
1.625556848011910915e-03
8.622518181800842285e-01
1.453952193260192871e-01
2.980468571186065674e-01
5.102562427520751953e+00
1.325229406356811523e-01
1.735605448484420776e-01
1.252528876066207886e-01
2.333951182663440704e-02
1.006471429718658328e-04
3.914208114147186279e-01
3.079680353403091431e-02
2.835364080965518951e-02
2.331646978855133057e-01
4.960880875587463379e-01
1.997876726090908051e-02
2.076538354158401489e-01
6.504323333501815796e-02
2.290010452270507812e-01
2.127312421798706055e-01
3.879888728260993958e-02
1.466182409785687923e-03
7.199864387512207031e-01
1.564047783613204956e-01
3.118576407432556152e-01
5.648131370544433594e+00
2.261045128107070923e-01
2.328033894300460815e-01
2.134065330028533936e-01
1.233221776783466339e-02
1.045078533934429288e-04
4.247646927833557129e-01
2.973893098533153534e-02
2.682626806199550629e-02
2.328516691923141479e-01
5.910801887512207031e-01
1.908346638083457947e-02
2.533553242683410645e-01
6.407067924737930298e-02
2.386508733034133911e-01
2.469917982816696167e-01
4.183577373623847961e-02
1.603976124897599220e-03
7.920936346054077148e-01
1.611000150442123413e-01
3.888367116451263428e-01
6.208554267883300781e+00
1.473574340343475342e-01
1.571424454450607300e-01
1.823922395706176758e-01
1.165656372904777527e-02
1.342529722023755312e-04
4.392138123512268066e-01
3.407726809382438660e-02
2.799162454903125763e-02
2.135397791862487793e-01
5.289472937583923340e-01
2.296556904911994934e-02
2.222654223442077637e-01
6.767687201499938965e-02
2.181764543056488037e-01
2.152303010225296021e-01
4.261410981416702271e-02
1.741195330396294594e-03
7.714567780494689941e-01
1.632915288209915161e-01
3.888374567031860352e-01
6.644314765930175781e+00
2.206175178289413452e-01
1.663798838853836060e-01
3.046779632568359375e-01
1.038226764649152756e-02
1.435490848962217569e-04
4.449566304683685303e-01
4.254911094903945923e-02
4.065863415598869324e-02
1.902710348367691040e-01
4.550781846046447754e-01
2.698587998747825623e-02
2.202976793050765991e-01
6.959673017263412476e-02
2.121050506830215454e-01
2.124873846769332886e-01
4.408548399806022644e-02
1.541325356811285019e-03
7.471106052398681641e-01
1.669020652770996094e-01
3.888384997844696045e-01
6.894803047180175781e+00
1.188148111104965210e-01
1.002367213368415833e-01
1.100475192070007324e-01
1.280504744499921799e-02
1.440454070689156651e-04
4.183968901634216309e-01
6.286127120256423950e-02
4.983467236161231995e-02
1.884550899267196655e-01
3.153675496578216553e-01
4.283014312386512756e-02
2.155714482069015503e-01
4.825228825211524963e-02
2.202636003494262695e-01
2.204803228378295898e-01
4.402674362063407898e-02
1.326370751485228539e-03
6.881790757179260254e-01
1.771455705165863037e-01
3.888410329818725586e-01
6.753379344940185547e+00
7.337359338998794556e-02
6.787677854299545288e-02
7.023521512746810913e-02
1.329935714602470398e-02
1.570020976942032576e-04
4.204698801040649414e-01
8.560696244239807129e-02
6.369461864233016968e-02
2.218664288520812988e-01
3.592649698257446289e-01
5.332157760858535767e-02
2.694309055805206299e-01
5.155768990516662598e-02
2.348021715879440308e-01
2.558640837669372559e-01
5.053345486521720886e-02
8.947312016971409321e-04
6.637908220291137695e-01
1.858807802200317383e-01
3.888393640518188477e-01
6.767851352691650391e+00
1.085890009999275208e-01
1.048292443156242371e-01
9.729488939046859741e-02
3.067210689187049866e-02
1.877914619399234653e-04
4.326019287109375000e-01
8.249320089817047119e-02
6.397231668233871460e-02
1.920497119426727295e-01
3.601721227169036865e-01
5.809798091650009155e-02
2.336725443601608276e-01
4.618018493056297302e-02
2.133229076862335205e-01
2.150499075651168823e-01
5.236373469233512878e-02
8.522748248651623726e-04
6.365858912467956543e-01
2.232654690742492676e-01
3.888451159000396729e-01
6.742543697357177734e+00
1.412878334522247314e-01
1.363184303045272827e-01
1.540502160787582397e-01
3.308294340968132019e-02
2.145668695447966456e-04
4.040386974811553955e-01
7.519531250000000000e-02
5.832855030894279480e-02
1.772238016128540039e-01
3.121303319931030273e-01
5.606134608387947083e-02
2.149579226970672607e-01
4.463539645075798035e-02
2.112945765256881714e-01
2.110291421413421631e-01
4.909080639481544495e-02
9.060041047632694244e-04
6.435069441795349121e-01
1.893357038497924805e-01
3.888461589813232422e-01
6.779714584350585938e+00
7.545366138219833374e-02
7.019843161106109619e-02
8.774806559085845947e-02
4.906341433525085449e-02
2.188098878832533956e-04
3.919059336185455322e-01
6.095212325453758240e-02
5.324077606201171875e-02
1.289132982492446899e-01
3.008791506290435791e-01
4.739274084568023682e-02
1.634517908096313477e-01
5.433934181928634644e-02
1.571580767631530762e-01
1.570661365985870361e-01
4.579514265060424805e-02
1.102002453990280628e-03
5.074511766433715820e-01
1.946705877780914307e-01
3.878197073936462402e-01
6.870530605316162109e+00
6.928750127553939819e-02
6.256175786256790161e-02
6.857816129922866821e-02
5.170736834406852722e-02
1.862428034655749798e-04
4.512882232666015625e-01
5.794788151979446411e-02
5.565146729350090027e-02
1.471280157566070557e-01
3.096601068973541260e-01
4.224725067615509033e-02
1.685342341661453247e-01
4.334543272852897644e-02
1.651650518178939819e-01
1.651405096054077148e-01
6.240515038371086121e-02
7.476040045730769634e-04
5.631085634231567383e-01
2.058480083942413330e-01
3.869079351425170898e-01
6.841066837310791016e+00
7.304310798645019531e-02
6.993941217660903931e-02
7.211674749851226807e-02
4.969859123229980469e-02
2.145672769984230399e-04
4.494823813438415527e-01
5.778647586703300476e-02
6.294506788253784180e-02
1.573117971420288086e-01
4.176830947399139404e-01
3.415688872337341309e-02
1.652169674634933472e-01
4.371560737490653992e-02
1.615002900362014771e-01
1.615740060806274414e-01
6.653059273958206177e-02
8.843117393553256989e-04
6.936555504798889160e-01
1.936082392930984497e-01
3.874121606349945068e-01
6.932593345642089844e+00
8.278379589319229126e-02
7.865491509437561035e-02
8.444445580244064331e-02
3.304420784115791321e-02
1.878077455330640078e-04
4.989582300186157227e-01
5.797440186142921448e-02
5.943712592124938965e-02
1.347137093544006348e-01
3.763255476951599121e-01
3.997959941625595093e-02
1.672687679529190063e-01
4.775626212358474731e-02
1.635894924402236938e-01
1.681877821683883667e-01
7.227633148431777954e-02
1.540048862807452679e-03
1.122964978218078613e+00
1.998286545276641846e-01
3.881818354129791260e-01
6.988393783569335938e+00
1.504873782396316528e-01
1.724106967449188232e-01
8.590201288461685181e-02
2.578471414744853973e-02
1.522257807664573193e-04
5.424020886421203613e-01
5.924820899963378906e-02
6.152364611625671387e-02
1.418240368366241455e-01
3.616664409637451172e-01
4.203179106116294861e-02
1.724365502595901489e-01
5.865496769547462463e-02
1.671794950962066650e-01
1.681740731000900269e-01
7.967222481966018677e-02
1.808390719816088676e-03
1.243170380592346191e+00
2.082811594009399414e-01
3.892700672149658203e-01
6.830255985260009766e+00
2.037982046604156494e-01
1.933679580688476562e-01
2.035416215658187866e-01
3.331571072340011597e-02
1.408130628988146782e-04
4.888712167739868164e-01
6.297291815280914307e-02
5.281231552362442017e-02
1.486705541610717773e-01
3.033886551856994629e-01
4.408279433846473694e-02
1.847923994064331055e-01
4.686199501156806946e-02
1.759719848632812500e-01
1.744322031736373901e-01
7.858664542436599731e-02
1.385121257044374943e-03
1.147924542427062988e+00
2.189588248729705811e-01
3.866225779056549072e-01
6.895847797393798828e+00
1.018241047859191895e-01
8.490327745676040649e-02
7.632984220981597900e-02
3.771535679697990417e-02
1.461501960875466466e-04
5.651010274887084961e-01
6.737057864665985107e-02
5.171213299036026001e-02
1.783728301525115967e-01
2.510551512241363525e-01
4.730546101927757263e-02
2.351284921169281006e-01
4.070081189274787903e-02
1.907301247119903564e-01
1.910841614007949829e-01
5.505832657217979431e-02
1.135251834057271481e-03
7.770494818687438965e-01
2.256085127592086792e-01
3.651441931724548340e-01
6.944498538970947266e+00
8.313323557376861572e-02
7.340561598539352417e-02
6.479989737272262573e-02
4.915859177708625793e-02
1.774164411472156644e-04
4.032413959503173828e-01
7.491017878055572510e-02
5.510863661766052246e-02
2.032950073480606079e-01
4.830459952354431152e-01
5.844701081514358521e-02
2.393439859151840210e-01
3.588794171810150146e-02
2.118679285049438477e-01
2.186630815267562866e-01
4.770247265696525574e-02
1.248936285264790058e-03
6.380736827850341797e-01
2.090348750352859497e-01
3.459509313106536865e-01
6.753037929534912109e+00
7.318659126758575439e-02
5.830758064985275269e-02
6.452845036983489990e-02
4.731250926852226257e-02
2.019643143285065889e-04
3.087964057922363281e-01
9.130354970693588257e-02
6.659461557865142822e-02
2.017497569322586060e-01
2.623974680900573730e-01
6.978382170200347900e-02
2.640077769756317139e-01
3.284835815429687500e-02
2.463091164827346802e-01
2.457470148801803589e-01
4.980580508708953857e-02
1.472045667469501495e-03
6.869860887527465820e-01
2.101726531982421875e-01
3.403479158878326416e-01
6.417394161224365234e+00
7.869512587785720825e-02
7.386131584644317627e-02
7.472153753042221069e-02
5.332464352250099182e-02
1.638700632611289620e-04
3.242546916007995605e-01
7.606989145278930664e-02
5.687224119901657104e-02
2.002734690904617310e-01
2.681217789649963379e-01
6.155938282608985901e-02
2.795917093753814697e-01
3.561692684888839722e-02
2.597994208335876465e-01
2.479154765605926514e-01
4.557789117097854614e-02
1.284879981540143490e-03
5.815613865852355957e-01
2.195324897766113281e-01
3.431958556175231934e-01
6.487253665924072266e+00
8.109606057405471802e-02
6.212968006730079651e-02
7.404498755931854248e-02
7.615860551595687866e-02
1.446312526240944862e-04
3.846660852432250977e-01
7.120682299137115479e-02
5.685533955693244934e-02
1.708548665046691895e-01
3.058809041976928711e-01
5.205274373292922974e-02
2.196795195341110229e-01
3.495935723185539246e-02
2.219267785549163818e-01
2.144064456224441528e-01
5.231000110507011414e-02
1.017132657580077648e-03
6.299155354499816895e-01
2.137386202812194824e-01
3.543533384799957275e-01
6.810573577880859375e+00
8.832476288080215454e-02
8.372538536787033081e-02
8.174362033605575562e-02
7.895736396312713623e-02
1.456728205084800720e-04
5.307095646858215332e-01
1.088220179080963135e-01
7.958784699440002441e-02
1.712698638439178467e-01
2.434820383787155151e-01
7.792772352695465088e-02
2.294162511825561523e-01
3.888862952589988708e-02
2.082299888134002686e-01
2.009664028882980347e-01
5.148865655064582825e-02
1.188114518299698830e-03
5.919171571731567383e-01
2.243134826421737671e-01
3.384945690631866455e-01
6.632424354553222656e+00
6.512071192264556885e-02
6.686322391033172607e-02
6.437660753726959229e-02
7.315030694007873535e-02
1.437156024621799588e-04
7.042888998985290527e-01
1.226961016654968262e-01
8.812631666660308838e-02
1.902077496051788330e-01
2.232825160026550293e-01
8.561452478170394897e-02
2.398413270711898804e-01
5.041142925620079041e-02
2.236517071723937988e-01
2.204292863607406616e-01
5.808734148740768433e-02
1.221781829372048378e-03
6.004973649978637695e-01
2.118049860000610352e-01
3.337090909481048584e-01
6.299925804138183594e+00
6.363724917173385620e-02
6.127074733376502991e-02
5.201974883675575256e-02
8.789385110139846802e-02
2.188768849009647965e-04
7.055066823959350586e-01
1.084788665175437927e-01
8.113940805196762085e-02
2.295375764369964600e-01
2.061848193407058716e-01
7.145728915929794312e-02
2.909716367721557617e-01
3.450127691030502319e-02
2.632358670234680176e-01
2.796230316162109375e-01
6.627473235130310059e-02
7.981400704011321068e-04
6.266779899597167969e-01
2.444037050008773804e-01
3.365419805049896240e-01
6.395958900451660156e+00
6.611940264701843262e-02
6.809116154909133911e-02
5.725209042429924011e-02
8.899370580911636353e-02
1.602749689482152462e-04
7.686302661895751953e-01
9.497944265604019165e-02
6.847311556339263916e-02
2.038116008043289185e-01
2.413260191679000854e-01
6.451610475778579712e-02
2.848656177520751953e-01
3.404765203595161438e-02
2.597136795520782471e-01
2.503058910369873047e-01
6.320704519748687744e-02
1.923192059621214867e-03
6.224814653396606445e-01
2.308795303106307983e-01
3.514710068702697754e-01
6.575993061065673828e+00
8.471380174160003662e-02
8.641492575407028198e-02
7.413025200366973877e-02
8.914935588836669922e-02
1.344703341601416469e-04
8.004083037376403809e-01
1.038402169942855835e-01
6.975265592336654663e-02
1.981749832630157471e-01
2.320406287908554077e-01
6.549584865570068359e-02
2.786266207695007324e-01
3.719423338770866394e-02
2.399543523788452148e-01
2.442598789930343628e-01
5.854558944702148438e-02
1.246417872607707977e-03
1.029197692871093750e+00
2.282769381999969482e-01
3.330714404582977295e-01
6.434234619140625000e+00
9.227149933576583862e-02
7.537198066711425781e-02
5.899261310696601868e-02
8.845409750938415527e-02
1.315022382186725736e-04
8.538048863410949707e-01
7.942973077297210693e-02
6.187367439270019531e-02
1.534394770860671997e-01
2.341232299804687500e-01
5.750472098588943481e-02
2.055328935384750366e-01
3.848931193351745605e-02
1.963688135147094727e-01
1.965060532093048096e-01
8.096245676279067993e-02
1.641465118154883385e-03
8.013479113578796387e-01
2.274061441421508789e-01
3.301698267459869385e-01
6.449652671813964844e+00
1.009066700935363770e-01
9.789362549781799316e-02
7.990989834070205688e-02
1.024746298789978027e-01
1.628680620342493057e-04
9.230602979660034180e-01
7.675353437662124634e-02
6.258438527584075928e-02
1.636947095394134521e-01
3.115267455577850342e-01
5.588621273636817932e-02
2.175855338573455811e-01
4.290601611137390137e-02
2.241310328245162964e-01
2.081136703491210938e-01
8.643984794616699219e-02
1.589286723174154758e-03
8.046297430992126465e-01
2.254676371812820435e-01
3.390390574932098389e-01
6.264934539794921875e+00
1.405718624591827393e-01
1.345123052597045898e-01
1.581689119338989258e-01
8.983586728572845459e-02
1.452975848224014044e-04
9.500169157981872559e-01
7.688704133033752441e-02
6.833692640066146851e-02
1.715089380741119385e-01
3.261438012123107910e-01
5.916854366660118103e-02
2.400799244642257690e-01
6.201355904340744019e-02
2.285868823528289795e-01
2.263948768377304077e-01
9.759782254695892334e-02
3.389572026208043098e-03
2.607757091522216797e+00
2.292720228433609009e-01
3.267696797847747803e-01
6.539281845092773438e+00
2.375341206789016724e-01
2.024592906236648560e-01
1.282424181699752808e-01
8.046147972345352173e-02
1.389565441058948636e-04
9.394028186798095703e-01
7.887290418148040771e-02
5.931100994348526001e-02
1.796193569898605347e-01
2.665776014328002930e-01
5.958987399935722351e-02
2.447877228260040283e-01
4.594957083463668823e-02
2.244954407215118408e-01
2.286688536405563354e-01
6.970769912004470825e-02
1.784956664778292179e-03
1.177708029747009277e+00
2.233458012342453003e-01
3.152121305465698242e-01
6.187505722045898438e+00
5.477404594421386719e-02
4.811299592256546021e-02
7.163722068071365356e-02
9.421006590127944946e-02
1.397843152517452836e-04
8.376534581184387207e-01
9.014352411031723022e-02
6.131661683320999146e-02
1.987941116094589233e-01
2.835403680801391602e-01
6.710678339004516602e-02
2.508211731910705566e-01
4.603459686040878296e-02
2.313616573810577393e-01
2.365249693393707275e-01
5.852129310369491577e-02
1.203778199851512909e-03
7.792409062385559082e-01
2.178694605827331543e-01
3.352722525596618652e-01
6.280820369720458984e+00
5.314685031771659851e-02
4.929196089506149292e-02
6.034848839044570923e-02
8.625501394271850586e-02
1.703877351246774197e-04
7.918056249618530273e-01
1.138531938195228577e-01
7.320145517587661743e-02
2.353758811950683594e-01
3.114814162254333496e-01
8.642428368330001831e-02
2.772412896156311035e-01
4.972933605313301086e-02
2.683936059474945068e-01
2.794133722782135010e-01
5.191939324140548706e-02
9.341123513877391815e-04
4.116042554378509521e-01
2.283682525157928467e-01
3.234997987747192383e-01
6.191562652587890625e+00
1.028375774621963501e-01
1.025705337524414062e-01
1.051961109042167664e-01
8.657153695821762085e-02
1.730856311041861773e-04
6.231673955917358398e-01
1.227493956685066223e-01
8.518219739198684692e-02
1.749186068773269653e-01
3.144590854644775391e-01
9.845007956027984619e-02
2.427612692117691040e-01
6.468535959720611572e-02
2.428867220878601074e-01
2.436095923185348511e-01
4.815805703401565552e-02
7.856127922423183918e-04
5.019451379776000977e-01
2.254813015460968018e-01
3.407825529575347900e-01
6.627149105072021484e+00
1.223980560898780823e-01
1.246895343065261841e-01
1.255610287189483643e-01
1.141067892313003540e-01
1.886133395601063967e-04
6.091030836105346680e-01
2.318244427442550659e-01
1.475690901279449463e-01
2.884401082992553711e-01
3.135386407375335693e-01
1.453430503606796265e-01
3.753885924816131592e-01
6.464000046253204346e-02
3.565003871917724609e-01
3.491121530532836914e-01
8.413656800985336304e-02
8.616264676675200462e-04
5.034897327423095703e-01
2.200618088245391846e-01
2.576220929622650146e-01
5.999463081359863281e+00
9.154060482978820801e-02
8.474043756723403931e-02
9.632269293069839478e-02
1.778685003519058228e-01
1.486876863054931164e-04
5.450896024703979492e-01
1.662060022354125977e-01
1.213089823722839355e-01
2.249176800251007080e-01
2.841024994850158691e-01
1.152084469795227051e-01
3.209670484066009521e-01
6.396895647048950195e-02
2.928555905818939209e-01
2.882163226604461670e-01
6.163451820611953735e-02
7.565782289020717144e-04
5.295178890228271484e-01
1.967275291681289673e-01
2.667015492916107178e-01
6.090910434722900391e+00
4.617373645305633545e-02
4.307465255260467529e-02
7.089118659496307373e-02
2.242139130830764771e-01
1.211477065226063132e-04
4.526059627532958984e-01
1.619081199169158936e-01
1.100222691893577576e-01
2.933985292911529541e-01
2.765270471572875977e-01
1.244264468550682068e-01
3.806444704532623291e-01
4.598568379878997803e-02
3.541131019592285156e-01
3.498029708862304688e-01
7.169046998023986816e-02
7.219733088277280331e-04
4.691730737686157227e-01
1.912727802991867065e-01
2.581042647361755371e-01
6.157370567321777344e+00
5.977360606193542480e-01
4.926665127277374268e-01
2.708052098751068115e-01
1.997251063585281372e-01
1.093368191504850984e-04
2.939758896827697754e-01
1.676237285137176514e-01
1.136469617486000061e-01
3.429475724697113037e-01
2.118477523326873779e-01
1.106217503547668457e-01
4.817241430282592773e-01
4.526530578732490540e-02
4.621682763099670410e-01
4.607107043266296387e-01
8.777349442243576050e-02
6.988095701672136784e-04
7.811492085456848145e-01
1.982154399156570435e-01
2.599045634269714355e-01
6.065619468688964844e+00
2.165221720933914185e-01
2.157335728406906128e-01
1.397978961467742920e-01
1.436440646648406982e-01
1.225556188728660345e-04
4.245752990245819092e-01
1.599819362163543701e-01
1.273607760667800903e-01
2.967959940433502197e-01
2.465841472148895264e-01
1.180010214447975159e-01
3.897222876548767090e-01
4.409693926572799683e-02
3.693011701107025146e-01
3.617635071277618408e-01
7.665066421031951904e-02
4.865821683779358864e-04
4.956595003604888916e-01
1.928523331880569458e-01
2.385613620281219482e-01
5.765509605407714844e+00
2.257456332445144653e-01
1.916951835155487061e-01
3.888589441776275635e-01
1.603703796863555908e-01
1.432377030141651630e-04
4.812321960926055908e-01
1.282906085252761841e-01
9.444532543420791626e-02
3.432904779911041260e-01
6.631671786308288574e-01
9.575249999761581421e-02
5.258238911628723145e-01
5.062000453472137451e-02
4.688087701797485352e-01
4.657531082630157471e-01
7.649201154708862305e-02
4.884180962108075619e-04
4.704328179359436035e-01
2.037764042615890503e-01
2.416436523199081421e-01
5.919957637786865234e+00
2.874330580234527588e-01
2.861560285091400146e-01
1.878191679716110229e-01
1.180761009454727173e-01
1.775855052983388305e-04
3.271887600421905518e-01
9.538391977548599243e-02
8.167930692434310913e-02
5.078793764114379883e-01
6.143353581428527832e-01
9.618586301803588867e-02
5.421940088272094727e-01
6.367763876914978027e-02
4.868310391902923584e-01
5.354267954826354980e-01
7.338092476129531860e-02
5.125828902237117290e-04
4.763301610946655273e-01
1.958788931369781494e-01
2.421198636293411255e-01
6.093021392822265625e+00
1.199808344244956970e-01
7.616399228572845459e-02
1.421264708042144775e-01
9.135274589061737061e-02
2.098574477713555098e-04
2.074342668056488037e-01
1.316934823989868164e-01
1.015043482184410095e-01
5.503274202346801758e-01
4.850015044212341309e-01
9.885811805725097656e-02
6.372696161270141602e-01
5.680771172046661377e-02
5.540190935134887695e-01
6.307320594787597656e-01
6.904616951942443848e-02
4.208666214253753424e-04
3.697661757469177246e-01
2.155852615833282471e-01
2.422057092189788818e-01
5.828776359558105469e+00
8.018673956394195557e-02
8.062236756086349487e-02
9.317441284656524658e-02
1.060890033841133118e-01
2.493239007890224457e-04
1.792662143707275391e-01
1.724774539470672607e-01
1.262287795543670654e-01
5.953672528266906738e-01
5.530567765235900879e-01
1.115059182047843933e-01
6.086658835411071777e-01
4.438622668385505676e-02
6.304084062576293945e-01
6.305106282234191895e-01
8.128174394369125366e-02
4.305625334382057190e-04
4.347147643566131592e-01
1.985096484422683716e-01
2.412785291671752930e-01
5.847080707550048828e+00
7.494777441024780273e-02
5.151692405343055725e-02
8.877433091402053833e-02
1.271834969520568848e-01
1.643902360228821635e-04
1.499653607606887817e-01
1.605177372694015503e-01
1.356879472732543945e-01
7.672228813171386719e-01
3.791019022464752197e-01
1.174029484391212463e-01
8.181720972061157227e-01
4.365158081054687500e-02
8.623032569885253906e-01
8.543636798858642578e-01
1.600646078586578369e-01
5.831563030369579792e-04
4.540278017520904541e-01
1.832116246223449707e-01
2.459650784730911255e-01
5.738407611846923828e+00
5.853703990578651428e-02
6.394618004560470581e-02
9.872814267873764038e-02
1.370685994625091553e-01
1.376233703922480345e-04
9.562819451093673706e-02
2.016098797321319580e-01
1.350856721401214600e-01
6.558610200881958008e-01
4.569961130619049072e-01
1.076237335801124573e-01
7.976358532905578613e-01
4.238069802522659302e-02
7.523830533027648926e-01
7.875586152076721191e-01
1.754341125488281250e-01
3.537867451086640358e-04
4.139003157615661621e-01
1.983593553304672241e-01
2.445257455110549927e-01
6.437532901763916016e+00
8.354517072439193726e-02
7.896135002374649048e-02
8.003869652748107910e-02
1.229694932699203491e-01
2.117474505212157965e-04
1.197281777858734131e-01
1.631912887096405029e-01
1.201099678874015808e-01
3.900951743125915527e-01
4.060183167457580566e-01
1.079768240451812744e-01
5.772131085395812988e-01
4.338018596172332764e-02
6.031082868576049805e-01
5.227433443069458008e-01
9.594154357910156250e-02
3.902991884388029575e-04
4.281618893146514893e-01
2.000361382961273193e-01
2.345651835203170776e-01
6.156545162200927734e+00
1.026774272322654724e-01
7.557372003793716431e-02
7.946478575468063354e-02
1.329839974641799927e-01
2.704940270632505417e-04
1.009525358676910400e-01
1.494613885879516602e-01
1.368201225996017456e-01
3.647451400756835938e-01
2.051023691892623901e-01
1.103517636656761169e-01
5.489556193351745605e-01
3.758671879768371582e-02
5.655517578125000000e-01
5.097433328628540039e-01
6.441887468099594116e-02
3.922074392903596163e-04
3.589999973773956299e-01
2.317819893360137939e-01
2.488653957843780518e-01
6.415904998779296875e+00
6.411907821893692017e-02
7.173614948987960815e-02
8.460322767496109009e-02
1.276399493217468262e-01
1.984691480174660683e-04
1.042778268456459045e-01
1.601581871509552002e-01
1.297880113124847412e-01
4.501281082630157471e-01
1.546168178319931030e-01
1.133342236280441284e-01
5.356455445289611816e-01
5.482878535985946655e-02
5.052013397216796875e-01
5.063214302062988281e-01
1.108703985810279846e-01
3.968615201301872730e-04
3.575714528560638428e-01
2.296078056097030640e-01
2.556612193584442139e-01
5.741965293884277344e+00
7.054151594638824463e-02
4.932032898068428040e-02
5.287261307239532471e-02
1.244763210415840149e-01
3.010824439115822315e-04
1.365312635898590088e-01
2.224828153848648071e-01
1.806544363498687744e-01
2.344291508197784424e-01
1.443930417299270630e-01
1.387049108743667603e-01
3.918039202690124512e-01
3.399639204144477844e-02
3.565988838672637939e-01
3.557618558406829834e-01
1.078440025448799133e-01
3.967285156250000000e-04
4.386809766292572021e-01
1.978911906480789185e-01
2.222947627305984497e-01
4.015504360198974609e+00
8.536874502897262573e-02
7.903784513473510742e-02
5.940882489085197449e-02
1.410667449235916138e-01
1.936570042744278908e-04
1.936842352151870728e-01
2.717346549034118652e-01
2.427890002727508545e-01
2.710632979869842529e-01
2.189889699220657349e-01
1.755757927894592285e-01
4.229620397090911865e-01
2.662679739296436310e-02
3.416689932346343994e-01
3.390084803104400635e-01
1.247285678982734680e-01
3.987823147326707840e-04
3.801220357418060303e-01
2.310646623373031616e-01
1.929739117622375488e-01
3.022705554962158203e+00
9.642694145441055298e-02
8.644381910562515259e-02
7.561606168746948242e-02
1.455071717500686646e-01
1.563949190312996507e-04
2.107310295104980469e-01
2.621626555919647217e-01
2.343376427888870239e-01
2.344671040773391724e-01
1.559249758720397949e-01
1.829846054315567017e-01
2.852006256580352783e-01
2.435002103447914124e-02
2.909033298492431641e-01
2.921442389488220215e-01
1.145829781889915466e-01
4.027525719720870256e-04
3.523197770118713379e-01
2.031171023845672607e-01
1.706450283527374268e-01
2.845394611358642578e+00
1.840607821941375732e-01
1.541306525468826294e-01
9.395518898963928223e-02
1.694966554641723633e-01
2.110303757945075631e-04
2.045249044895172119e-01
1.940897107124328613e-01
1.768044233322143555e-01
2.400012761354446411e-01
1.955004185438156128e-01
1.497144252061843872e-01
4.300839602947235107e-01
2.454833500087261200e-02
4.010698199272155762e-01
4.036120772361755371e-01
1.153058856725692749e-01
4.711493093054741621e-04
3.355360925197601318e-01
2.013316452503204346e-01
1.322171539068222046e-01
3.160419225692749023e+00
8.914481848478317261e-02
8.506158739328384399e-02
1.344431191682815552e-01
1.834305524826049805e-01
2.393390750512480736e-04
2.119120657444000244e-01
1.757786571979522705e-01
1.376312375068664551e-01
2.807566225528717041e-01
2.656196951866149902e-01
1.397308707237243652e-01
3.783163726329803467e-01
2.507682144641876221e-02
3.639138042926788330e-01
3.644262850284576416e-01
7.906188070774078369e-02
4.651385825127363205e-04
4.943227767944335938e-01
2.042365372180938721e-01
1.059925109148025513e-01
2.755074977874755859e+00
1.157897785305976868e-01
9.657690674066543579e-02
2.155643254518508911e-01
1.432065069675445557e-01
2.266781521029770374e-04
1.684568971395492554e-01
1.745686233043670654e-01
1.253000199794769287e-01
2.157832868397235870e-02
2.228250056505203247e-01
1.411933600902557373e-01
9.009610116481781006e-02
2.915789186954498291e-02
5.987747013568878174e-02
5.999610573053359985e-02
6.501593440771102905e-02
5.060856346972286701e-04
4.419967532157897949e-01
1.987493783235549927e-01
9.452162683010101318e-02
2.653748750686645508e+00
7.782875746488571167e-02
6.364516168832778931e-02
1.656464189291000366e-01
1.672767698764801025e-01
3.091683320235460997e-04
1.563126295804977417e-01
1.068539768457412720e-01
8.080023527145385742e-02
6.694827973842620850e-02
1.250135749578475952e-01
8.562149107456207275e-02
5.636653304100036621e-02
2.615120075643062592e-02
8.923190832138061523e-02
4.735554009675979614e-02
6.343651562929153442e-02
5.525064188987016678e-04
4.834955334663391113e-01
2.069416046142578125e-01
8.798968791961669922e-02
2.515868902206420898e+00
3.431861102581024170e-02
2.928591147065162659e-02
1.453895568847656250e-01
1.325676590204238892e-01
2.545638126321136951e-04
1.304472535848617554e-01
9.495811164379119873e-02
8.345171064138412476e-02
4.338146373629570007e-02
2.057298272848129272e-01
8.073417097330093384e-02
1.685348302125930786e-01
3.262279555201530457e-02
1.475467234849929810e-01
1.477398723363876343e-01
7.059281319379806519e-02
3.783675492741167545e-04
5.032938718795776367e-01
1.721834689378738403e-01
9.565021842718124390e-02
2.592473745346069336e+00
1.547678560018539429e-02
1.652651093900203705e-02
2.480943128466606140e-02
1.197621226310729980e-01
2.607015485409647226e-04
1.463453471660614014e-01
1.390923261642456055e-01
1.238856911659240723e-01
1.072000190615653992e-01
1.633626222610473633e-01
1.037414968013763428e-01
1.081558614969253540e-01
2.390714175999164581e-02
9.662035852670669556e-02
1.293906122446060181e-01
9.334644675254821777e-02
4.373547562863677740e-04
7.125738859176635742e-01
1.744596213102340698e-01
8.571805059909820557e-02
2.712858200073242188e+00
3.701947256922721863e-02
4.083570465445518494e-02
2.297168411314487457e-02
1.038744300603866577e-01
3.081938193645328283e-04
1.227856054902076721e-01
9.844886511564254761e-02
7.982587069272994995e-02
1.765413582324981689e-02
1.008045300841331482e-01
8.458282053470611572e-02
5.730358883738517761e-02
2.116015926003456116e-02
8.831758797168731689e-02
9.015905857086181641e-02
5.940815806388854980e-02
4.479459894355386496e-04
7.253973484039306641e-01
1.547187119722366333e-01
8.809677511453628540e-02
2.806960344314575195e+00
5.129354819655418396e-02
5.929961800575256348e-02
4.165704548358917236e-02
1.199838072061538696e-01
2.572725061327219009e-04
1.128164157271385193e-01
7.320877164602279663e-02
6.329505890607833862e-02
5.670950561761856079e-02
9.226534515619277954e-02
7.373972982168197632e-02
6.532007455825805664e-02
2.119826711714267731e-02
4.688089340925216675e-02
4.596714302897453308e-02
7.189307361841201782e-02
4.238426918163895607e-04
4.866948723793029785e-01
1.638676673173904419e-01
8.982016146183013916e-02
2.611644506454467773e+00
3.711085021495819092e-02
3.747323155403137207e-02
2.899080142378807068e-02
1.155560612678527832e-01
2.371981681790202856e-04
1.190634593367576599e-01
9.989450126886367798e-02
9.679739922285079956e-02
2.115347981452941895e-02
7.638720422983169556e-02
8.217945694923400879e-02
3.413689881563186646e-02
2.611826173961162567e-02
3.759052231907844543e-02
6.436873972415924072e-02
7.680173963308334351e-02
4.187881713733077049e-04
4.127586483955383301e-01
1.518044173717498779e-01
6.144969910383224487e-02
1.668551802635192871e+00
2.565901540219783783e-02
2.398695051670074463e-02
1.741083525121212006e-02
9.855749458074569702e-02
2.075813827104866505e-04
1.297276169061660767e-01
1.426456272602081299e-01
1.358726620674133301e-01
3.560845926403999329e-02
1.058479920029640198e-01
9.786710143089294434e-02
3.378988057374954224e-02
3.857097029685974121e-02
7.182415574789047241e-02
6.882329285144805908e-02
9.072841703891754150e-02
4.354730481281876564e-04
4.827341437339782715e-01
1.567256301641464233e-01
1.754651404917240143e-02
1.750361442565917969e+00
2.451602555811405182e-02
2.500429935753345490e-02
1.801455579698085785e-02
9.436412900686264038e-02
2.130208158632740378e-04
1.290026009082794189e-01
1.200754642486572266e-01
1.095497235655784607e-01
3.651110082864761353e-02
9.657729417085647583e-02
8.374041318893432617e-02
7.227450609207153320e-02
3.665468469262123108e-02
1.225399300456047058e-01
1.232965886592864990e-01
8.912091702222824097e-02
4.200880939606577158e-04
2.664165496826171875e-01
1.490463763475418091e-01
2.457416616380214691e-02
1.997089385986328125e+00
3.570844605565071106e-02
4.266469180583953857e-02
3.170295432209968567e-02
1.020422130823135376e-01
1.967232674360275269e-04
1.726163327693939209e-01
1.032115519046783447e-01
9.332992136478424072e-02
5.935160443186759949e-02
7.822577655315399170e-02
6.947219371795654297e-02
5.095272883772850037e-02
2.760614454746246338e-02
5.873570591211318970e-02
6.202267855405807495e-02
4.583264142274856567e-02
4.384068888612091541e-04
4.035075902938842773e-01
1.338559091091156006e-01
4.203696269541978836e-03
2.821836948394775391e+00
2.598177827894687653e-02
3.695442527532577515e-02
2.935551665723323822e-02
7.360486686229705811e-02
3.562399651855230331e-04
1.776870936155319214e-01
6.863871216773986816e-02
7.094231247901916504e-02
3.445772081613540649e-02
7.452174276113510132e-02
5.967904999852180481e-02
8.500974625349044800e-02
2.325116470456123352e-02
5.997885018587112427e-02
5.948062241077423096e-02
6.275807321071624756e-02
4.490583669394254684e-04
4.185708463191986084e-01
9.673033654689788818e-02
1.837574504315853119e-02
1.566087841987609863e+00
2.959215641021728516e-02
2.900196611881256104e-02
1.747293211519718170e-02
8.782727271318435669e-02
3.248465363867580891e-04
1.812912225723266602e-01
9.567552804946899414e-02
9.004262834787368774e-02
4.381805285811424255e-02
1.197469606995582581e-01
5.596155673265457153e-02
6.292184442281723022e-02
4.353286698460578918e-02
7.208716124296188354e-02
6.837029010057449341e-02
7.837697863578796387e-02
4.407521337270736694e-04
3.105671405792236328e-01
1.187354475259780884e-01
5.478552356362342834e-02
1.954464912414550781e+00
1.576440408825874329e-02
1.721908897161483765e-02
1.399828307330608368e-02
9.670351445674896240e-02
3.258524811826646328e-04
1.749120205640792847e-01
6.477206945419311523e-02
7.907606661319732666e-02
4.804469272494316101e-02
7.689784467220306396e-02
5.155903473496437073e-02
8.391544222831726074e-02
4.924789071083068848e-02
7.070323824882507324e-02
7.921915501356124878e-02
7.594787329435348511e-02
4.800593887921422720e-04
2.753066718578338623e-01
1.386778503656387329e-01
3.556964918971061707e-03
1.387018799781799316e+00
1.562931761145591736e-02
1.411481108516454697e-02
1.093856617808341980e-02
1.096996217966079712e-01
1.953415339812636375e-04
1.885629892349243164e-01
1.065118163824081421e-01
9.903136640787124634e-02
6.058086082339286804e-02
6.462762504816055298e-02
6.391175836324691772e-02
1.067418828606605530e-01
4.145382717251777649e-02
1.192575767636299133e-01
1.187103390693664551e-01
8.017712086439132690e-02
4.270068020559847355e-04
2.847108244895935059e-01
9.923528134822845459e-02
2.655139192938804626e-03
1.423779845237731934e+00
1.409630570560693741e-02
1.555211748927831650e-02
1.064409222453832626e-02
1.008101552724838257e-01
1.887932303361594677e-04
2.486406266689300537e-01
1.017186492681503296e-01
9.947950392961502075e-02
5.475063994526863098e-02
6.579329818487167358e-02
7.902999967336654663e-02
9.787411987781524658e-02
3.711488842964172363e-02
9.710185974836349487e-02
9.652791917324066162e-02
9.515000879764556885e-02
5.235172575339674950e-04
3.287719190120697021e-01
1.221115961670875549e-01
1.965338736772537231e-02
1.061259508132934570e+00
1.643137075006961823e-02
1.983500644564628601e-02
1.257600914686918259e-02
1.031155437231063843e-01
2.877881343010812998e-04
3.534359335899353027e-01
8.002655208110809326e-02
8.937454968690872192e-02
4.581860080361366272e-02
1.091065034270286560e-01
6.725919991731643677e-02
7.738664746284484863e-02
4.139852151274681091e-02
7.948770374059677124e-02
8.293173462152481079e-02
8.379217982292175293e-02
4.679486155509948730e-04
2.731017172336578369e-01
1.497271656990051270e-01
8.844654075801372528e-03
1.116091966629028320e+00
1.430277898907661438e-02
1.557108480483293533e-02
1.093700248748064041e-02
1.241376623511314392e-01
3.753833880182355642e-04
5.401312708854675293e-01
7.238546013832092285e-02
7.002939283847808838e-02
5.300369113683700562e-02
6.678737699985504150e-02
6.174341216683387756e-02
9.197726845741271973e-02
3.098412975668907166e-02
9.485581517219543457e-02
9.670831263065338135e-02
7.613307237625122070e-02
5.989731289446353912e-04
3.650005459785461426e-01
1.402790844440460205e-01
4.930017050355672836e-03
1.111033082008361816e+00
1.448546722531318665e-02
1.725852489471435547e-02
1.076969504356384277e-02
9.443047642707824707e-02
3.678890352603048086e-04
6.094271540641784668e-01
6.011422351002693176e-02
6.650900840759277344e-02
6.246145069599151611e-02
7.629647850990295410e-02
5.710452049970626831e-02
9.651143103837966919e-02
2.672152221202850342e-02
1.011465191841125488e-01
1.006191670894622803e-01
8.779384195804595947e-02
8.042912231758236885e-04
5.939105749130249023e-01
1.138396710157394409e-01
8.721198886632919312e-03
1.228522777557373047e+00
1.341890729963779449e-02
1.753192767500877380e-02
1.557473931461572647e-02
7.591141015291213989e-02
3.606933169066905975e-04
6.041161417961120605e-01
7.385219633579254150e-02
8.297827094793319702e-02
5.897798389196395874e-02
8.067792654037475586e-02
6.790220737457275391e-02
1.029485985636711121e-01
2.420117147266864777e-02
1.134334951639175415e-01
1.162600740790367126e-01
1.045765653252601624e-01
7.603521225973963737e-04
5.483767986297607422e-01
1.021937653422355652e-01
8.748220279812812805e-03
1.147218942642211914e+00
1.407395955175161362e-02
1.650450192391872406e-02
1.637931354343891144e-02
5.898259207606315613e-02
3.881902957800775766e-04
8.446552753448486328e-01
6.803365796804428101e-02
8.017683029174804688e-02
7.237195223569869995e-02
7.658342272043228149e-02
6.361234188079833984e-02
1.189084202051162720e-01
2.510715648531913757e-02
1.306817978620529175e-01
1.304980963468551636e-01
1.089425086975097656e-01
8.967637550085783005e-04
5.195542573928833008e-01
2.688270211219787598e-01
6.986430846154689789e-03
1.092019438743591309e+00
1.338643580675125122e-02
1.764900982379913330e-02
1.407520566135644913e-02
6.737061589956283569e-02
4.624682187568396330e-04
7.131929993629455566e-01
7.097874581813812256e-02
8.282231539487838745e-02
6.980630010366439819e-02
1.005622223019599915e-01
6.827712804079055786e-02
1.348839700222015381e-01
2.794839069247245789e-02
1.450888067483901978e-01
1.511663645505905151e-01
1.147878542542457581e-01
9.646887774579226971e-04
7.153494358062744141e-01
2.808481752872467041e-01
2.823617774993181229e-03
1.150153160095214844e+00
1.560902036726474762e-02
1.812457665801048279e-02
1.212732028216123581e-02
6.093235313892364502e-02
4.436357412487268448e-04
7.568688988685607910e-01
7.839228957891464233e-02
8.955434709787368774e-02
7.113877683877944946e-02
9.687187522649765015e-02
7.501220703125000000e-02
1.358745098114013672e-01
3.133935108780860901e-02
1.294867396354675293e-01
1.304265558719635010e-01
1.253319084644317627e-01
1.156774931587278843e-03
8.239322900772094727e-01
1.511756181716918945e-01
4.897623322904109955e-03
1.205986022949218750e+00
2.111002989113330841e-02
2.183141000568866730e-02
1.661861874163150787e-02
6.065376475453376770e-02
4.469177220016717911e-04
7.000373601913452148e-01
8.361001312732696533e-02
9.879709780216217041e-02
6.424159556627273560e-02
1.020374149084091187e-01
8.213243633508682251e-02
1.222176998853683472e-01
3.271184116601943970e-02
1.251109391450881958e-01
1.196719110012054443e-01
1.362508833408355713e-01
1.317595131695270538e-03
8.749912977218627930e-01
3.229978978633880615e-01
6.263475399464368820e-03
1.072179555892944336e+00
1.956230215728282928e-02
2.393123134970664978e-02
1.590350084006786346e-02
5.889172106981277466e-02
4.357708967290818691e-04
5.723982453346252441e-01
8.926545828580856323e-02
1.055556237697601318e-01
7.047646492719650269e-02
1.097074449062347412e-01
8.887025713920593262e-02
1.248866021633148193e-01
3.754487633705139160e-02
1.373371332883834839e-01
1.321796625852584839e-01
1.417446434497833252e-01
1.497507677413523197e-03
8.803197145462036133e-01
2.540702223777770996e-01
1.340165578511687272e-08
1.071272611618041992e+00
2.225480601191520691e-02
2.348131500184535980e-02
2.221050299704074860e-02
6.184676289558410645e-02
4.009731346741318703e-04
5.770952701568603516e-01
9.630764275789260864e-02
1.106633245944976807e-01
6.435175985097885132e-02
1.127922534942626953e-01
9.800165146589279175e-02
1.214181929826736450e-01
4.541097208857536316e-02
1.353530436754226685e-01
1.320606619119644165e-01
1.557088047266006470e-01
1.611653948202729225e-03
9.081101417541503906e-01
2.713357806205749512e-01
1.340165578511687272e-08
1.067816257476806641e+00
2.079044282436370850e-02
2.475754357874393463e-02
2.248496934771537781e-02
6.492611765861511230e-02
3.718060615938156843e-04
6.155350804328918457e-01
1.071963757276535034e-01
1.279242336750030518e-01
7.116348296403884888e-02
1.267486512660980225e-01
1.127985119819641113e-01
1.408476084470748901e-01
5.694010108709335327e-02
1.496702730655670166e-01
1.484955102205276489e-01
1.855056434869766235e-01
1.745849149301648140e-03
1.109557867050170898e+00
3.180406093597412109e-01
1.340165578511687272e-08
1.101742148399353027e+00
3.032204136252403259e-02
3.322661668062210083e-02
2.581795677542686462e-02
6.812876462936401367e-02
3.346464654896408319e-04
7.628139257431030273e-01
1.289028376340866089e-01
1.696075201034545898e-01
7.509846985340118408e-02
1.666864007711410522e-01
1.360501348972320557e-01
1.428022384643554688e-01
6.587951630353927612e-02
1.491685360670089722e-01
1.571859419345855713e-01
2.441108971834182739e-01
1.927689416334033012e-03
1.239385008811950684e+00
2.949760556221008301e-01
1.340165578511687272e-08
1.097994565963745117e+00
7.439277321100234985e-02
8.182885497808456421e-02
6.824563443660736084e-02
7.553761452436447144e-02
3.019146388396620750e-04
1.002731204032897949e+00
1.416279524564743042e-01
1.708223968744277954e-01
7.726554572582244873e-02
1.935175955295562744e-01
1.543348580598831177e-01
1.444501578807830811e-01
8.858314156532287598e-02
1.604167819023132324e-01
1.572103500366210938e-01
2.458949089050292969e-01
2.240041038021445274e-03
1.533144116401672363e+00
1.783458441495895386e-01
1.340165578511687272e-08
1.102855205535888672e+00
7.677639275789260864e-02
8.264876902103424072e-02
6.853303313255310059e-02
8.590432256460189819e-02
2.754644956439733505e-04
1.010793209075927734e+00
1.569920331239700317e-01
1.898169815540313721e-01
8.060598373413085938e-02
2.293924540281295776e-01
1.761796325445175171e-01
1.559418886899948120e-01
1.143989935517311096e-01
1.600435227155685425e-01
1.591632366180419922e-01
3.626668751239776611e-01
2.259781584143638611e-03
1.209696412086486816e+00
2.603790163993835449e-01
1.340165578511687272e-08
1.115861415863037109e+00
5.018557980656623840e-02
5.671639740467071533e-02
5.029822513461112976e-02
9.359520673751831055e-02
2.551136130932718515e-04
1.068102955818176270e+00
1.523926109075546265e-01
1.818182021379470825e-01
7.847295701503753662e-02
1.940932571887969971e-01
1.707183718681335449e-01
1.546121984720230103e-01
1.107083708047866821e-01
1.669381409883499146e-01
1.667001694440841675e-01
2.639463543891906738e-01
2.230931306257843971e-03
1.334560513496398926e+00
2.193492054939270020e-01
1.340165578511687272e-08
1.101112961769104004e+00
2.981268800795078278e-02
2.923263050615787506e-02
3.072150051593780518e-02
9.955948591232299805e-02
2.865979913622140884e-04
8.656343817710876465e-01
1.620822250843048096e-01
1.920900344848632812e-01
7.820218801498413086e-02
1.971131712198257446e-01
1.760731190443038940e-01
1.516573727130889893e-01
1.135901808738708496e-01
1.617045402526855469e-01
1.648760437965393066e-01
2.801445722579956055e-01
2.129241358488798141e-03
1.222778677940368652e+00
2.384310662746429443e-01
1.340165578511687272e-08
1.091195344924926758e+00
2.865404263138771057e-02
2.963084354996681213e-02
2.491838298738002777e-02
1.012651100754737854e-01
3.069908707402646542e-04
8.596259355545043945e-01
1.559903323650360107e-01
1.866799592971801758e-01
8.605004101991653442e-02
1.816500723361968994e-01
1.730642616748809814e-01
1.642898917198181152e-01
1.070165783166885376e-01
1.798689663410186768e-01
1.800453960895538330e-01
2.617909610271453857e-01
2.244571922346949577e-03
1.548351645469665527e+00
1.655546426773071289e-01
1.340165578511687272e-08
1.130408883094787598e+00
3.361937031149864197e-02
3.456170111894607544e-02
2.346276305615901947e-02
1.024628579616546631e-01
3.005421312991529703e-04
8.497083783149719238e-01
1.565677523612976074e-01
1.753361225128173828e-01
8.925388008356094360e-02
1.843082159757614136e-01
1.755595654249191284e-01
1.707184165716171265e-01
1.069474369287490845e-01
1.822622567415237427e-01
1.824938654899597168e-01
2.642986476421356201e-01
2.396629191935062408e-03
2.010583162307739258e+00
6.384351104497909546e-02
1.340165578511687272e-08
1.130418896675109863e+00
2.305757626891136169e-02
2.186515182256698608e-02
2.685224078595638275e-02
1.017571762204170227e-01
2.626016212161630392e-04
8.367409706115722656e-01
1.593265235424041748e-01
1.852570027112960815e-01
9.912601113319396973e-02
2.256603688001632690e-01
1.797931939363479614e-01
2.011045068502426147e-01
1.061028391122817993e-01
1.984208375215530396e-01
1.980927139520645142e-01
2.847208380699157715e-01
2.294037491083145142e-03
1.483919739723205566e+00
5.277113616466522217e-02
1.340165578511687272e-08
1.130418062210083008e+00
2.293257042765617371e-02
2.653639577329158783e-02
2.380324900150299072e-02
1.108096018433570862e-01
3.452343516983091831e-04
7.879591584205627441e-01
1.659767627716064453e-01
2.040690630674362183e-01
1.180556491017341614e-01
1.972066313028335571e-01
1.905391365289688110e-01
2.568244040012359619e-01
1.088431775569915771e-01
2.702864408493041992e-01
2.638004720211029053e-01
3.078973889350891113e-01
1.917032408528029919e-03
1.189113020896911621e+00
7.506252825260162354e-02
1.340165578511687272e-08
1.130419254302978516e+00
4.903959110379219055e-02
5.912610515952110291e-02
5.104420334100723267e-02
1.027237325906753540e-01
2.668781962711364031e-04
8.191644549369812012e-01
1.741162538528442383e-01
2.141539305448532104e-01
1.419842094182968140e-01
1.708362847566604614e-01
2.037906199693679810e-01
2.618063986301422119e-01
9.837847948074340820e-02
2.800234854221343994e-01
2.786377072334289551e-01
3.372343182563781738e-01
1.948507037013769150e-03
1.199611544609069824e+00
4.941336810588836670e-02
1.340165578511687272e-08
1.130423545837402344e+00
2.711447142064571381e-02
2.321232482790946960e-02
2.448797784745693207e-02
9.670056402683258057e-02
3.172614087816327810e-04
7.957209348678588867e-01
1.843008697032928467e-01
2.318632453680038452e-01
1.290593147277832031e-01
1.351359486579895020e-01
2.150340080261230469e-01
2.400200664997100830e-01
1.056659594178199768e-01
2.679758965969085693e-01
2.638998031616210938e-01
3.710599243640899658e-01
1.572984270751476288e-03
1.235794663429260254e+00
4.212179780006408691e-02
1.340165578511687272e-08
1.130423903465270996e+00
1.499240845441818237e-02
1.784921810030937195e-02
1.943457871675491333e-02
8.977532386779785156e-02
3.120417532045394182e-04
8.140856623649597168e-01
2.042368948459625244e-01
2.458042204380035400e-01
1.329445540904998779e-01
1.655922383069992065e-01
2.366322576999664307e-01
2.495219856500625610e-01
1.074954122304916382e-01
2.635951936244964600e-01
2.652315795421600342e-01
4.009085297584533691e-01
1.376744243316352367e-03
1.161738872528076172e+00
6.559164077043533325e-02
1.340165578511687272e-08
1.237026333808898926e+00
1.349217537790536880e-02
1.512681320309638977e-02
1.654973812401294708e-02
9.003973007202148438e-02
3.141093475278466940e-04
7.338345050811767578e-01
2.082940489053726196e-01
2.630577683448791504e-01
1.672016531229019165e-01
1.441559493541717529e-01
2.393088787794113159e-01
3.275021016597747803e-01
1.069925874471664429e-01
3.416467010974884033e-01
3.399335443973541260e-01
3.788195848464965820e-01
1.739530009217560291e-03
1.347569108009338379e+00
7.091015577316284180e-02
1.340165578511687272e-08
1.237031698226928711e+00
1.655195094645023346e-02
1.847949996590614319e-02
1.832041330635547638e-02
9.000806510448455811e-02
3.167835529893636703e-04
5.340240597724914551e-01
2.445293217897415161e-01
2.694600820541381836e-01
1.809093654155731201e-01
1.884327381849288940e-01
2.444539517164230347e-01
3.216237127780914307e-01
1.319620460271835327e-01
3.328484594821929932e-01
3.347936272621154785e-01
4.045654535293579102e-01
1.794641604647040367e-03
1.232903957366943359e+00
8.617400377988815308e-02
1.340165578511687272e-08
1.237046241760253906e+00
1.813976839184761047e-02
2.038187161087989807e-02
2.004633843898773193e-02
9.775014221668243408e-02
2.428876032354310155e-04
4.568862915039062500e-01
2.423601150512695312e-01
2.953613698482513428e-01
2.016843408346176147e-01
1.919022500514984131e-01
2.764033675193786621e-01
3.538939356803894043e-01
1.439523100852966309e-01
4.270590245723724365e-01
4.251097142696380615e-01
4.375244379043579102e-01
1.783274114131927490e-03
1.295154571533203125e+00
1.054785847663879395e-01
1.340165578511687272e-08
1.237056493759155273e+00
1.818981394171714783e-02
1.828522421419620514e-02
1.742612197995185852e-02
1.004293411970138550e-01
2.481786359567195177e-04
4.201316237449645996e-01
2.279030531644821167e-01
2.822297215461730957e-01
2.238638699054718018e-01
2.197089642286300659e-01
2.729692459106445312e-01
3.738621175289154053e-01
1.309606283903121948e-01
3.760229647159576416e-01
3.624090850353240967e-01
3.900458812713623047e-01
1.536925323307514191e-03
1.220875382423400879e+00
1.091968640685081482e-01
1.340165578511687272e-08
1.237062335014343262e+00
1.554561685770750046e-02
1.709149777889251709e-02
1.878245547413825989e-02
1.261572986841201782e-01
2.519060508348047733e-04
3.862781524658203125e-01
2.984051704406738281e-01
3.545957207679748535e-01
2.587189078330993652e-01
2.613233923912048340e-01
3.174129724502563477e-01
4.069694280624389648e-01
1.664628684520721436e-01
4.342087209224700928e-01
3.888880312442779541e-01
4.388295114040374756e-01
1.606977079063653946e-03
1.349605798721313477e+00
1.191648766398429871e-01
1.340165578511687272e-08
1.237073898315429688e+00
1.434779725968837738e-02
1.622725464403629303e-02
2.704269811511039734e-02
1.559374928474426270e-01
2.438807860016822815e-04
4.755714833736419678e-01
3.131068944931030273e-01
3.469301760196685791e-01
2.630571126937866211e-01
3.818201720714569092e-01
3.285489678382873535e-01
4.899009466171264648e-01
1.865146011114120483e-01
5.065008997917175293e-01
5.395674109458923340e-01
4.736934900283813477e-01
1.557510113343596458e-03
1.190809130668640137e+00
1.794437915086746216e-01
1.340165578511687272e-08
1.237071275711059570e+00
1.631768792867660522e-02
2.042505517601966858e-02
2.443875558674335480e-02
1.950389295816421509e-01
3.001840959768742323e-04
4.374185204505920410e-01
3.187076449394226074e-01
3.757552802562713623e-01
2.851687073707580566e-01
3.500599861145019531e-01
3.398840725421905518e-01
4.623239636421203613e-01
1.749241650104522705e-01
4.740792214870452881e-01
4.728711545467376709e-01
4.694818258285522461e-01
1.222622347995638847e-03
1.259854555130004883e+00
1.472562998533248901e-01
1.340165578511687272e-08
1.237063050270080566e+00
2.893562801182270050e-02
3.017909266054630280e-02
3.131147474050521851e-02
2.189369648694992065e-01
2.945324813481420279e-04
4.639898538589477539e-01
3.083223700523376465e-01
3.524338901042938232e-01
2.836163043975830078e-01
2.697485089302062988e-01
3.324125111103057861e-01
4.529243111610412598e-01
1.666344404220581055e-01
4.802805185317993164e-01
4.811426401138305664e-01
4.086050689220428467e-01
1.309008570387959480e-03
1.052852034568786621e+00
1.616716682910919189e-01
1.340165578511687272e-08
1.237047076225280762e+00
3.078868798911571503e-02
3.222903609275817871e-02
2.658237703144550323e-02
1.991396397352218628e-01
2.979999408125877380e-04
4.084993898868560791e-01
3.116499483585357666e-01
3.502782285213470459e-01
2.365335971117019653e-01
2.433209866285324097e-01
3.297899663448333740e-01
3.953561782836914062e-01
1.486726105213165283e-01
4.359810650348663330e-01
4.301696419715881348e-01
3.828705251216888428e-01
1.259459415450692177e-03
1.220297098159790039e+00
1.760744154453277588e-01
1.340165578511687272e-08
1.237036347389221191e+00
2.981745079159736633e-02
3.523161634802818298e-02
2.824628911912441254e-02
1.638307124376296997e-01
3.500140446703881025e-04
3.494055271148681641e-01
3.217687010765075684e-01
3.503219187259674072e-01
2.102295756340026855e-01
2.910487353801727295e-01
3.346984684467315674e-01
3.358251452445983887e-01
1.784757375717163086e-01
3.763325214385986328e-01
3.469391167163848877e-01
3.841491341590881348e-01
1.742684748023748398e-03
1.428590536117553711e+00
2.315523475408554077e-01
1.340165578511687272e-08
8.880277276039123535e-01
2.967521362006664276e-02
3.216430172324180603e-02
3.604245185852050781e-02
1.839491575956344604e-01
3.168179246131330729e-04
3.394334316253662109e-01
2.916741967201232910e-01
3.364962935447692871e-01
1.778342872858047485e-01
3.202121555805206299e-01
3.219702243804931641e-01
3.446397781372070312e-01
1.818118095397949219e-01
3.329443335533142090e-01
3.496788740158081055e-01
3.809756338596343994e-01
1.838016556575894356e-03
1.464087724685668945e+00
1.925400495529174805e-01
1.340165578511687272e-08
7.416293025016784668e-01
3.192570060491561890e-02
3.272730857133865356e-02
4.934249073266983032e-02
1.807578355073928833e-01
3.227360139135271311e-04
3.063867986202239990e-01
3.765481412410736084e-01
4.134029150009155273e-01
2.272382527589797974e-01
6.510880589485168457e-01
3.861846923828125000e-01
3.707400858402252197e-01
2.286328077316284180e-01
3.838422894477844238e-01
3.825029730796813965e-01
4.588772058486938477e-01
1.344268908724188805e-03
1.125965833663940430e+00
1.969474554061889648e-01
1.340165578511687272e-08
6.817303895950317383e-01
3.238068148493766785e-02
3.128126263618469238e-02
9.416510909795761108e-02
1.869669705629348755e-01
4.124323895666748285e-04
2.528042495250701904e-01
3.704148828983306885e-01
4.094441235065460205e-01
2.605055570602416992e-01
5.234112739562988281e-01
4.022723734378814697e-01
4.124317765235900879e-01
2.288828790187835693e-01
4.578830301761627197e-01
4.536925256252288818e-01
4.541378915309906006e-01
1.292658038437366486e-03
1.034537434577941895e+00
2.158898860216140747e-01
1.340165578511687272e-08
6.891220808029174805e-01
4.349368810653686523e-02
4.780473560094833374e-02
5.713136494159698486e-02
1.904812157154083252e-01
4.843061324208974838e-04
2.706878781318664551e-01
3.980491757392883301e-01
4.354057908058166504e-01
2.782400548458099365e-01
6.391951441764831543e-01
4.300978183746337891e-01
4.633975625038146973e-01
2.831394374370574951e-01
4.720444381237030029e-01
4.621075093746185303e-01
4.849770069122314453e-01
1.555876689963042736e-03
1.412016868591308594e+00
1.934351027011871338e-01
1.340165578511687272e-08
7.112349867820739746e-01
1.041286140680313110e-01
1.104622781276702881e-01
1.231093034148216248e-01
2.011015713214874268e-01
6.180233322083950043e-04
2.808316946029663086e-01
3.848830163478851318e-01
4.094051718711853027e-01
2.686021029949188232e-01
7.524705529212951660e-01
4.076306521892547607e-01
4.542357027530670166e-01
3.243252933025360107e-01
4.662829041481018066e-01
4.656295776367187500e-01
4.556308984756469727e-01
1.561867655254900455e-03
1.266864418983459473e+00
1.880244016647338867e-01
1.340165578511687272e-08
6.781286001205444336e-01
1.114126369357109070e-01
1.214266866445541382e-01
1.320460587739944458e-01
2.095752060413360596e-01
7.525157416239380836e-04
2.613591253757476807e-01
3.713575899600982666e-01
4.043364822864532471e-01
2.622746825218200684e-01
7.291453480720520020e-01
3.903481662273406982e-01
4.150608479976654053e-01
3.239555656909942627e-01
4.304901361465454102e-01
4.286191463470458984e-01
4.341984689235687256e-01
1.749318325892090797e-03
1.623525381088256836e+00
1.884185522794723511e-01
1.340165578511687272e-08
6.733286976814270020e-01
7.549268007278442383e-02
7.939501851797103882e-02
9.656635671854019165e-02
2.302342355251312256e-01
9.389892220497131348e-04
2.442499846220016479e-01
3.869455754756927490e-01
4.157742857933044434e-01
2.564351558685302734e-01
9.619190692901611328e-01
4.113234877586364746e-01
3.757625818252563477e-01
3.708098232746124268e-01
3.966009616851806641e-01
3.970965743064880371e-01
4.418063759803771973e-01
1.736943959258496761e-03
1.555122733116149902e+00
2.212640941143035889e-01
1.340165578511687272e-08
5.271221995353698730e-01
6.568624824285507202e-02
5.941553413867950439e-02
7.502567023038864136e-02
2.432030439376831055e-01
9.932406246662139893e-04
2.252816855907440186e-01
3.613646328449249268e-01
3.837049901485443115e-01
2.598994970321655273e-01
1.058408021926879883e+00
3.881515264511108398e-01
3.682067394256591797e-01
3.796964883804321289e-01
3.962424099445343018e-01
3.780815601348876953e-01
4.048010408878326416e-01
1.651745056733489037e-03
1.503608107566833496e+00
2.500829398632049561e-01
1.340165578511687272e-08
3.310767710208892822e-01
4.482962563633918762e-02
4.252009093761444092e-02
6.293344497680664062e-02
2.747248113155364990e-01
9.337902883999049664e-04
2.256534248590469360e-01
2.746738791465759277e-01
3.039578795433044434e-01
2.644378244876861572e-01
9.955261945724487305e-01
3.291777074337005615e-01
3.815698027610778809e-01
3.137794733047485352e-01
3.892166912555694580e-01
3.885750472545623779e-01
3.005945980548858643e-01
1.575491041876375675e-03
1.353982686996459961e+00
2.160408347845077515e-01
1.340165578511687272e-08
2.233019769191741943e-01
4.967411234974861145e-02
4.911640658974647522e-02
6.490146368741989136e-02
2.419242411851882935e-01
8.783875964581966400e-04
2.231088578701019287e-01
2.391041368246078491e-01
2.590189874172210693e-01
2.714418172836303711e-01
8.534063696861267090e-01
3.066309690475463867e-01
3.944901823997497559e-01
2.919360697269439697e-01
4.081394970417022705e-01
4.082214832305908203e-01
2.902958393096923828e-01
1.596423331648111343e-03
1.416826128959655762e+00
2.427144944667816162e-01
1.340165578511687272e-08
2.378282994031906128e-01
5.823540687561035156e-02
6.696890294551849365e-02
7.669951021671295166e-02
2.222553938627243042e-01
9.804685832932591438e-04
2.706460058689117432e-01
2.272733449935913086e-01
2.469370216131210327e-01
2.594273090362548828e-01
9.042882323265075684e-01
2.528705298900604248e-01
4.334031939506530762e-01
2.618399262428283691e-01
4.647881686687469482e-01
4.603112936019897461e-01
2.420008927583694458e-01
1.413231133483350277e-03
1.240332961082458496e+00
2.225392609834671021e-01
1.340165578511687272e-08
2.159830331802368164e-01
5.181889235973358154e-02
5.685026198625564575e-02
5.796650424599647522e-02
1.712482273578643799e-01
9.016165859065949917e-04
2.793776392936706543e-01
2.266664505004882812e-01
2.433029413223266602e-01
2.544345259666442871e-01
7.986468076705932617e-01
2.696511149406433105e-01
3.920779824256896973e-01
2.881792187690734863e-01
3.927487730979919434e-01
3.979267477989196777e-01
2.825479805469512939e-01
1.548503641970455647e-03
1.291064143180847168e+00
2.225624471902847290e-01
1.340165578511687272e-08
2.517879605293273926e-01
3.254585713148117065e-02
3.430595248937606812e-02
5.330509692430496216e-02
2.064023017883300781e-01
8.995348471216857433e-04
3.322156369686126709e-01
2.638572156429290771e-01
2.874529361724853516e-01
2.737233638763427734e-01
7.914230823516845703e-01
2.994404733180999756e-01
3.960231542587280273e-01
2.934637069702148438e-01
4.332736432552337646e-01
4.309342801570892334e-01
2.909633219242095947e-01
1.440146705135703087e-03
1.329857587814331055e+00
2.224448323249816895e-01
1.340165578511687272e-08
2.142940461635589600e-01
3.230946511030197144e-02
2.981625311076641083e-02
5.023156851530075073e-02
2.175355702638626099e-01
1.106575946323573589e-03
4.241476655006408691e-01
2.547257542610168457e-01
2.753309011459350586e-01
2.967986464500427246e-01
7.831667065620422363e-01
2.829502820968627930e-01
4.149010181427001953e-01
3.048169314861297607e-01
4.328276216983795166e-01
4.293338656425476074e-01
2.772559523582458496e-01
1.492626033723354340e-03
1.432923316955566406e+00
2.863453924655914307e-01
1.340165578511687272e-08
1.745283454656600952e-01
3.209761530160903931e-02
3.386153280735015869e-02
5.266748741269111633e-02
1.710170507431030273e-01
9.090843377634882927e-04
3.704437911510467529e-01
2.429247200489044189e-01
2.569385766983032227e-01
3.099681437015533447e-01
8.686156272888183594e-01
2.819512188434600830e-01
4.445771574974060059e-01
3.254581987857818604e-01
4.631435275077819824e-01
4.549229443073272705e-01
2.868208587169647217e-01
1.516594202257692814e-03
1.403010964393615723e+00
3.109872639179229736e-01
1.340165578511687272e-08
2.158181518316268921e-01
2.889384515583515167e-02
3.134896233677864075e-02
5.230725929141044617e-02
1.720419824123382568e-01
8.512663771398365498e-04
4.145211279392242432e-01
2.159478515386581421e-01
2.357621937990188599e-01
4.196414351463317871e-01
9.477338194847106934e-01
2.437402009963989258e-01
5.259932279586791992e-01
3.207098543643951416e-01
5.783358812332153320e-01
5.483332276344299316e-01
2.817297577857971191e-01
1.294033369049429893e-03
1.177704572677612305e+00
2.854095399379730225e-01
1.340165578511687272e-08
2.054947465658187866e-01
3.142700344324111938e-02
3.275935351848602295e-02
5.243693664669990540e-02
1.486883163452148438e-01
8.665216737426817417e-04
4.719332158565521240e-01
2.046972960233688354e-01
2.277310639619827271e-01
4.038763046264648438e-01
8.094376325607299805e-01
2.373929768800735474e-01
5.735363364219665527e-01
2.888456881046295166e-01
6.053966879844665527e-01
6.057206392288208008e-01
2.932650744915008545e-01
1.311162603087723255e-03
1.180474519729614258e+00
3.252590894699096680e-01
1.340165578511687272e-08
1.473975032567977905e-01
3.277075663208961487e-02
3.125716373324394226e-02
4.979282990097999573e-02
1.348876804113388062e-01
8.642009343020617962e-04
5.202711820602416992e-01
2.040159553289413452e-01
2.347094863653182983e-01
4.124919772148132324e-01
6.797776818275451660e-01
2.387350648641586304e-01
5.402954816818237305e-01
2.915051877498626709e-01
5.560929179191589355e-01
5.624806880950927734e-01
3.127121329307556152e-01
1.458151149563491344e-03
1.226146697998046875e+00
3.000928759574890137e-01
1.340165578511687272e-08
1.758277565240859985e-01
2.486899308860301971e-02
3.201657161116600037e-02
4.601666331291198730e-02
1.390479356050491333e-01
9.647131664678454399e-04
5.562610030174255371e-01
1.688347160816192627e-01
2.016818374395370483e-01
4.789577722549438477e-01
7.307974696159362793e-01
1.891878545284271240e-01
6.193001866340637207e-01
2.808161675930023193e-01
6.616709828376770020e-01
6.241295933723449707e-01
3.309921920299530029e-01
1.569912768900394440e-03
1.316382050514221191e+00
3.069315552711486816e-01
1.340165578511687272e-08
1.295947432518005371e-01
2.674221619963645935e-02
3.007874265313148499e-02
6.263485550880432129e-02
1.245625391602516174e-01
9.218648774549365044e-04
6.045565009117126465e-01
1.806462109088897705e-01
2.329712361097335815e-01
5.216292738914489746e-01
7.653883695602416992e-01
1.984912753105163574e-01
7.313095331192016602e-01
2.609407901763916016e-01
7.539560198783874512e-01
7.545627355575561523e-01
3.697753548622131348e-01
1.374294515699148178e-03
1.098314166069030762e+00
3.028142750263214111e-01
1.340165578511687272e-08
1.357775777578353882e-01
2.951179444789886475e-02
2.637235261499881744e-02
5.774531885981559753e-02
1.097951382398605347e-01
4.693911760114133358e-04
7.085266113281250000e-01
2.303480803966522217e-01
2.799351513385772705e-01
5.040987730026245117e-01
8.040938377380371094e-01
2.294807881116867065e-01
7.348207235336303711e-01
2.495365589857101440e-01
7.375835776329040527e-01
7.368413805961608887e-01
4.016270935535430908e-01
1.431142678484320641e-03
1.159667611122131348e+00
3.470013141632080078e-01
1.340165578511687272e-08
1.405722796916961670e-01
2.926942333579063416e-02
2.745199203491210938e-02
6.393877416849136353e-02
1.189969405531883240e-01
7.169323507696390152e-04
7.956236004829406738e-01
2.475554198026657104e-01
2.971849739551544189e-01
5.487357974052429199e-01
6.558489799499511719e-01
2.424631863832473755e-01
7.781634330749511719e-01
2.396181821823120117e-01
7.506539821624755859e-01
7.498744726181030273e-01
4.428420364856719971e-01
1.451231306418776512e-03
1.067453622817993164e+00
3.639870584011077881e-01
1.340165578511687272e-08
2.018699944019317627e-01
3.262526169419288635e-02
3.495206311345100403e-02
6.848412752151489258e-02
1.439509093761444092e-01
6.219513015821576118e-04
9.048919677734375000e-01
2.483809739351272583e-01
3.041915297508239746e-01
6.847038269042968750e-01
6.261152029037475586e-01
2.276718318462371826e-01
8.614789247512817383e-01
2.126576602458953857e-01
9.584210515022277832e-01
9.512703418731689453e-01
5.029976963996887207e-01
1.474765362218022346e-03
1.059339404106140137e+00
3.446565866470336914e-01
1.340165578511687272e-08
1.296390146017074585e-01
4.820306599140167236e-02
4.263598099350929260e-02
6.034492701292037964e-02
1.451604366302490234e-01
4.379285965114831924e-04
1.081747651100158691e+00
2.699681818485260010e-01
4.030737578868865967e-01
7.344107627868652344e-01
5.383365154266357422e-01
2.722724378108978271e-01
1.006840467453002930e+00
1.882409602403640747e-01
1.028749585151672363e+00
1.027187108993530273e+00
5.804086327552795410e-01
1.485087559558451176e-03
1.021144509315490723e+00
3.340131938457489014e-01
1.340165578511687272e-08
1.310903578996658325e-01
5.745044350624084473e-02
5.315171554684638977e-02
7.730570435523986816e-02
1.465306580066680908e-01
4.024122026748955250e-04
1.313601970672607422e+00
3.169783055782318115e-01
4.089284241199493408e-01
8.763753771781921387e-01
5.585280656814575195e-01
2.757901251316070557e-01
1.210463047027587891e+00
1.735707223415374756e-01
1.197111964225769043e+00
1.193824648857116699e+00
6.887220740318298340e-01
1.510982052423059940e-03
1.536205887794494629e+00
3.461363017559051514e-01
1.340165578511687272e-08
1.312608122825622559e-01
6.388024240732192993e-02
5.744106322526931763e-02
9.033151715993881226e-02
1.610054969787597656e-01
3.765824076253920794e-04
1.320092558860778809e+00
3.685493469238281250e-01
4.638735353946685791e-01
1.060201287269592285e+00
5.955144166946411133e-01
3.208463788032531738e-01
1.367979407310485840e+00
1.699383556842803955e-01
1.409618020057678223e+00
1.433762907981872559e+00
7.471901178359985352e-01
1.671191072091460228e-03
1.577347040176391602e+00
3.784954845905303955e-01
1.340165578511687272e-08
1.086569651961326599e-01
6.551562994718551636e-02
5.772207304835319519e-02
8.965710550546646118e-02
1.742760837078094482e-01
2.266127121401950717e-04
1.359790921211242676e+00
4.083140790462493896e-01
5.223049521446228027e-01
1.038693428039550781e+00
5.795866250991821289e-01
3.715833127498626709e-01
1.435994505882263184e+00
1.561051607131958008e-01
1.476171970367431641e+00
1.428995609283447266e+00
8.153693675994873047e-01
2.193247666582465172e-03
2.229863882064819336e+00
3.508540093898773193e-01
1.340165578511687272e-08
1.074269190430641174e-01
1.474594026803970337e-01
1.453892439603805542e-01
2.023645192384719849e-01
1.871778815984725952e-01
2.060775004792958498e-04
1.430751204490661621e+00
4.529451131820678711e-01
6.772229075431823730e-01
9.670858979225158691e-01
5.740805864334106445e-01
3.450925052165985107e-01
1.333837747573852539e+00
1.548564434051513672e-01
1.387444496154785156e+00
1.360151052474975586e+00
8.989896178245544434e-01
1.858976320363581181e-03
1.277510881423950195e+00
4.069420993328094482e-01
1.340165578511687272e-08
1.119617372751235962e-01
1.919361501932144165e-01
1.891062855720520020e-01
2.045392990112304688e-01
1.889137625694274902e-01
2.405945269856601954e-04
1.498697042465209961e+00
5.212751030921936035e-01
7.088114619255065918e-01
1.021279096603393555e+00
4.936131834983825684e-01
4.327541887760162354e-01
1.500943183898925781e+00
1.531441360712051392e-01
1.472641229629516602e+00
1.470535874366760254e+00
9.735022783279418945e-01
1.943237730301916599e-03
1.389658808708190918e+00
4.413654208183288574e-01
1.340165578511687272e-08
1.078248620033264160e-01
1.793989539146423340e-01
1.745110303163528442e-01
1.947848051786422729e-01
1.969158053398132324e-01
2.096392418025061488e-04
1.557241201400756836e+00
5.049306154251098633e-01
6.570000648498535156e-01
1.136009931564331055e+00
4.679749906063079834e-01
4.402751028537750244e-01
1.579111933708190918e+00
1.262471675872802734e-01
1.662914037704467773e+00
1.620818734169006348e+00
1.033629894256591797e+00
2.214461332187056541e-03
1.810814499855041504e+00
4.107329547405242920e-01
1.340165578511687272e-08
1.071058586239814758e-01
6.662592291831970215e-02
5.946680903434753418e-02
9.306623041629791260e-02
2.121283262968063354e-01
1.791439717635512352e-04
1.595737457275390625e+00
5.254178643226623535e-01
7.943614721298217773e-01
1.215725660324096680e+00
3.530495166778564453e-01
4.761376082897186279e-01
1.713849782943725586e+00
1.132300049066543579e-01
1.740319967269897461e+00
1.741550683975219727e+00
1.163249611854553223e+00
2.337724436074495316e-03
2.026970386505126953e+00
4.215522110462188721e-01
1.340165578511687272e-08
1.057046800851821899e-01
6.567334383726119995e-02
6.071253493428230286e-02
8.885501325130462646e-02
2.297765165567398071e-01
1.389854878652840853e-04
1.641970276832580566e+00
6.800777912139892578e-01
8.352286815643310547e-01
1.269488453865051270e+00
2.168945521116256714e-01
6.060933470726013184e-01
1.765873551368713379e+00
6.737934798002243042e-02
1.863144993782043457e+00
1.866231322288513184e+00
1.258741259574890137e+00
2.090247115120291710e-03
1.909861564636230469e+00
3.804632425308227539e-01
1.340165578511687272e-08
1.058115810155868530e-01
6.604157388210296631e-02
5.955434963107109070e-02
9.359130263328552246e-02
2.405277639627456665e-01
1.154463679995387793e-04
1.998582005500793457e+00
8.238677978515625000e-01
1.041993260383605957e+00
1.253018140792846680e+00
1.704803556203842163e-01
5.853010416030883789e-01
1.755297660827636719e+00
5.681416392326354980e-02
1.812615156173706055e+00
1.825516819953918457e+00
1.361029863357543945e+00
2.864885842427611351e-03
1.971811771392822266e+00
3.768780529499053955e-01
1.340165578511687272e-08
1.064717173576354980e-01
6.784207373857498169e-02
6.598872691392898560e-02
8.617216348648071289e-02
3.313322961330413818e-01
1.062912924680858850e-04
2.139732599258422852e+00
7.982784509658813477e-01
1.130031585693359375e+00
1.290083408355712891e+00
1.724233329296112061e-01
6.748104691505432129e-01
1.756440520286560059e+00
4.817304015159606934e-02
1.833701372146606445e+00
1.779798984527587891e+00
1.569526433944702148e+00
2.596531528979539871e-03
2.154516696929931641e+00
3.864480555057525635e-01
1.340165578511687272e-08
1.071211248636245728e-01
9.091542661190032959e-02
7.747985422611236572e-02
9.393293410539627075e-02
3.695730566978454590e-01
1.462013169657438993e-04
2.317216873168945312e+00
9.819802045822143555e-01
1.251125574111938477e+00
1.458434462547302246e+00
1.519030630588531494e-01
8.803473114967346191e-01
2.035589933395385742e+00
9.164031594991683960e-02
2.089447736740112305e+00
2.088045120239257812e+00
1.824443817138671875e+00
3.041830379515886307e-03
2.558520555496215820e+00
3.467286527156829834e-01
1.340165578511687272e-08
1.061799153685569763e-01
1.066171973943710327e-01
9.759569168090820312e-02
1.880126297473907471e-01
4.265319705009460449e-01
2.082526916638016701e-04
2.421941041946411133e+00
1.263248682022094727e+00
1.519129633903503418e+00
1.515553116798400879e+00
1.845899820327758789e-01
8.333413004875183105e-01
2.026936054229736328e+00
5.983298271894454956e-02
2.098825693130493164e+00
2.093158483505249023e+00
1.904411077499389648e+00
3.269771346822381020e-03
2.711210966110229492e+00
3.524679839611053467e-01
1.340165578511687272e-08
1.061560958623886108e-01
7.247508317232131958e-02
6.258476525545120239e-02
9.382839500904083252e-02
4.923399388790130615e-01
3.119654720649123192e-04
2.519156694412231445e+00
1.212951898574829102e+00
1.391178607940673828e+00
1.561320185661315918e+00
2.174631804227828979e-01
9.343329071998596191e-01
2.083453655242919922e+00
7.863883674144744873e-02
2.165134191513061523e+00
2.162922382354736328e+00
2.028139591217041016e+00
2.951441332697868347e-03
2.231888771057128906e+00
3.597583472728729248e-01
1.340165578511687272e-08
1.066969707608222961e-01
5.459838733077049255e-02
4.672996699810028076e-02
6.899746507406234741e-02
5.362786054611206055e-01
4.150998720433562994e-04
2.581172704696655273e+00
1.140262961387634277e+00
1.423470377922058105e+00
1.671548008918762207e+00
2.554023265838623047e-01
9.926233887672424316e-01
2.311812877655029297e+00
8.582969009876251221e-02
2.342165708541870117e+00
2.367698669433593750e+00
2.061963796615600586e+00
2.715218812227249146e-03
2.511539459228515625e+00
3.712401092052459717e-01
1.340165578511687272e-08
1.071857362985610962e-01
5.406646430492401123e-02
4.673805087804794312e-02
6.622055917978286743e-02
5.960160493850708008e-01
4.853950231336057186e-04
2.721056699752807617e+00
1.224434852600097656e+00
1.516028761863708496e+00
1.775323987007141113e+00
2.761999666690826416e-01
1.008061170578002930e+00
2.409030675888061523e+00
8.037886023521423340e-02
2.485448598861694336e+00
2.492739439010620117e+00
2.190652132034301758e+00
3.457435872405767441e-03
2.370751142501831055e+00
3.830876052379608154e-01
1.340165578511687272e-08
1.064293831586837769e-01
5.864725261926651001e-02
5.017828941345214844e-02
7.565759122371673584e-02
6.494057774543762207e-01
6.501613534055650234e-04
2.730635881423950195e+00
1.406921148300170898e+00
1.692185163497924805e+00
1.876423478126525879e+00
2.918446958065032959e-01
1.155193924903869629e+00
2.492979526519775391e+00
1.207239627838134766e-01
2.619784116744995117e+00
2.600627422332763672e+00
2.473049402236938477e+00
5.921525880694389343e-03
3.962830066680908203e+00
3.669026792049407959e-01
1.340165578511687272e-08
1.078346446156501770e-01
6.076716259121894836e-02
5.610096454620361328e-02
7.446239143610000610e-02
7.094210386276245117e-01
8.778850315138697624e-04
2.980837106704711914e+00
1.564573407173156738e+00
1.895006060600280762e+00
1.901517271995544434e+00
3.728573918342590332e-01
1.266930580139160156e+00
2.436170101165771484e+00
1.016209498047828674e-01
2.529591560363769531e+00
2.533420085906982422e+00
2.561141014099121094e+00
5.785368848592042923e-03
3.938309907913208008e+00
3.596886396408081055e-01
1.340165578511687272e-08
1.056908294558525085e-01
5.901703983545303345e-02
5.302094295620918274e-02
6.351122260093688965e-02
7.970072627067565918e-01
1.058893278241157532e-03
2.647570371627807617e+00
1.655526995658874512e+00
1.980744004249572754e+00
1.992956638336181641e+00
3.341415524482727051e-01
1.317426204681396484e+00
2.634672880172729492e+00
1.309937089681625366e-01
2.727320909500122070e+00
2.710431575775146484e+00
2.710009336471557617e+00
4.358896054327487946e-03
2.909974813461303711e+00
3.555876910686492920e-01
1.340165578511687272e-08
1.066063940525054932e-01
5.759162455797195435e-02
5.676670745015144348e-02
6.446056067943572998e-02
8.293792009353637695e-01
1.103836111724376678e-03
2.519152402877807617e+00
1.786388039588928223e+00
2.129676342010498047e+00
2.099946975708007812e+00
3.577968180179595947e-01
1.414145708084106445e+00
2.758700132369995117e+00
1.601465344429016113e-01
2.790103435516357422e+00
2.824574232101440430e+00
2.914865970611572266e+00
4.093685187399387360e-03
2.798686504364013672e+00
3.570430874824523926e-01
1.340165578511687272e-08
1.066029742360115051e-01
5.787105858325958252e-02
4.361489787697792053e-02
8.053124696016311646e-02
8.751111626625061035e-01
1.193473930470645428e-03
2.356960058212280273e+00
1.932195544242858887e+00
2.251768112182617188e+00
2.119646072387695312e+00
3.874514102935791016e-01
1.529910445213317871e+00
2.686321735382080078e+00
2.100198864936828613e-01
2.755566596984863281e+00
2.762710571289062500e+00
3.097831010818481445e+00
2.868959680199623108e-03
1.815423130989074707e+00
3.567787110805511475e-01
1.340165578511687272e-08
1.065996959805488586e-01
5.986390635371208191e-02
5.065457522869110107e-02
8.560194820165634155e-02
1.001209855079650879e+00
1.372448867186903954e-03
2.597309112548828125e+00
2.003974437713623047e+00
2.392962217330932617e+00
2.258165359497070312e+00
3.869355618953704834e-01
1.502347826957702637e+00
2.803484678268432617e+00
2.292484790086746216e-01
2.920051336288452148e+00
2.856433868408203125e+00
3.247938156127929688e+00
3.620817558839917183e-03
3.401370048522949219e+00
3.652399480342864990e-01
1.340165578511687272e-08
1.065939366817474365e-01
5.834940075874328613e-02
5.557069927453994751e-02
8.483712375164031982e-02
1.168573856353759766e+00
1.476990291848778725e-03
2.215370655059814453e+00
1.630992531776428223e+00
1.799543857574462891e+00
2.287988901138305664e+00
5.270409584045410156e-01
9.859228730201721191e-01
2.944276332855224609e+00
1.245855912566184998e-01
2.855991363525390625e+00
2.895855903625488281e+00
2.296373605728149414e+00
4.257109481841325760e-03
3.739094018936157227e+00
3.146102428436279297e-01
1.340165578511687272e-08
1.433833874762058258e-02
6.371505558490753174e-02
5.696266144514083862e-02
7.394377142190933228e-02
1.138200998306274414e+00
1.966589828953146935e-03
1.772729039192199707e+00
1.521738290786743164e+00
1.680570363998413086e+00
1.589638113975524902e+00
4.301720559597015381e-01
1.056685090065002441e+00
1.623046875000000000e+00
1.783843785524368286e-01
1.696647882461547852e+00
1.681470036506652832e+00
2.540643215179443359e+00
2.183221280574798584e-03
2.135313510894775391e+00
3.081935942173004150e-01
1.340165578511687272e-08
6.602802313864231110e-03
6.694728881120681763e-02
5.967555567622184753e-02
7.272890210151672363e-02
9.478235840797424316e-01
2.151043619960546494e-03
1.934593796730041504e+00
1.432582736015319824e+00
1.650724291801452637e+00
1.138576745986938477e+00
4.775859415531158447e-01
1.000355958938598633e+00
9.982837438583374023e-01
1.844531297683715820e-01
1.053617238998413086e+00
1.086696386337280273e+00
2.576837778091430664e+00
1.913326792418956757e-03
1.916385054588317871e+00
3.042000234127044678e-01
1.340165578511687272e-08
1.686256378889083862e-03
7.388136535882949829e-02
6.499382108449935913e-02
7.816596329212188721e-02
9.817579388618469238e-01
2.129202010110020638e-03
1.562625169754028320e+00
1.409006834030151367e+00
1.602677822113037109e+00
6.137530803680419922e-01
6.032517552375793457e-01
9.097868800163269043e-01
5.874727368354797363e-01
1.918519735336303711e-01
7.934336066246032715e-01
7.510464787483215332e-01
2.770812511444091797e+00
2.062812913209199905e-03
1.403483033180236816e+00
3.530133664608001709e-01
1.340165578511687272e-08
4.204150754958391190e-03
8.485158532857894897e-02
7.236904650926589966e-02
7.609818130731582642e-02
1.046701073646545410e+00
2.212374238297343254e-03
1.013933897018432617e+00
1.402038455009460449e+00
1.676436424255371094e+00
6.678737998008728027e-01
5.564548373222351074e-01
8.978872895240783691e-01
8.530454039573669434e-01
1.585921347141265869e-01
8.298711180686950684e-01
8.262717723846435547e-01
2.575188398361206055e+00
2.006244147196412086e-03
1.232802033424377441e+00
3.326535522937774658e-01
1.340165578511687272e-08
2.821778878569602966e-03
9.169787168502807617e-02
8.419127017259597778e-02
7.859862595796585083e-02
9.589812755584716797e-01
2.194377128034830093e-03
9.747244715690612793e-01
1.234176874160766602e+00
1.585855007171630859e+00
9.132639765739440918e-01
5.165874958038330078e-01
7.560369372367858887e-01
8.079652190208435059e-01
1.991040557622909546e-01
8.976816534996032715e-01
8.541849851608276367e-01
2.268140316009521484e+00
1.077916822396218777e-03
8.417798876762390137e-01
3.637933135032653809e-01
1.340165578511687272e-08
4.170545376837253571e-03
1.658424437046051025e-01
1.437258422374725342e-01
1.538726985454559326e-01
8.813157677650451660e-01
2.141882432624697685e-03
8.231611847877502441e-01
1.208560705184936523e+00
1.514140844345092773e+00
5.103899240493774414e-01
5.408849120140075684e-01
6.817088127136230469e-01
6.315683126449584961e-01
1.892368048429489136e-01
7.109896540641784668e-01
7.051842808723449707e-01
1.924481391906738281e+00
1.013456727378070354e-03
9.491624236106872559e-01
4.348209500312805176e-01
1.340165578511687272e-08
9.106704383157193661e-04
2.544436156749725342e-01
2.105010598897933960e-01
1.661443263292312622e-01
7.902042865753173828e-01
2.070546615868806839e-03
1.011002302169799805e+00
1.216507077217102051e+00
1.399097204208374023e+00
5.007536411285400391e-01
5.168015360832214355e-01
6.609314084053039551e-01
4.165208935737609863e-01
1.656026989221572876e-01
3.013487756252288818e-01
3.306440711021423340e-01
2.104515552520751953e+00
6.839761044830083847e-04
7.420123219490051270e-01
4.664560556411743164e-01
1.340165578511687272e-08
4.149669781327247620e-03
2.755247652530670166e-01
2.504244446754455566e-01
2.302946746349334717e-01
7.469835877418518066e-01
1.989570213481783867e-03
8.480353355407714844e-01
1.116722106933593750e+00
1.374715566635131836e+00
5.111201405525207520e-01
4.932667315006256104e-01
6.731327772140502930e-01
3.333571851253509521e-01
1.767838746309280396e-01
5.109313726425170898e-01
5.174643993377685547e-01
2.201451778411865234e+00
9.892394300550222397e-04
8.055759668350219727e-01
4.502656161785125732e-01
1.340165578511687272e-08
5.232906900346279144e-03
2.283438742160797119e-01
2.015065699815750122e-01
1.798305511474609375e-01
7.775560021400451660e-01
1.982691232115030289e-03
1.419784188270568848e+00
1.143259286880493164e+00
1.375601530075073242e+00
7.193881273269653320e-01
5.111225843429565430e-01
6.572777032852172852e-01
4.646957516670227051e-01
1.824762374162673950e-01
3.259261250495910645e-01
4.381069540977478027e-01
2.258505344390869141e+00
7.220607949420809746e-04
9.618760943412780762e-01
4.454303383827209473e-01
1.340165578511687272e-08
2.636524150148034096e-03
1.131953969597816467e-01
9.863066673278808594e-02
9.791009873151779175e-02
7.648254632949829102e-01
1.961045432835817337e-03
1.891590714454650879e+00
1.147870659828186035e+00
1.385929703712463379e+00
3.279213309288024902e-01
5.614796876907348633e-01
6.775529980659484863e-01
2.507978379726409912e-01
3.892312645912170410e-01
3.201661109924316406e-01
3.211314082145690918e-01
2.329872608184814453e+00
1.048375503160059452e-03
1.281728625297546387e+00
4.762983918190002441e-01
1.340165578511687272e-08
3.140620887279510498e-03
1.493064761161804199e-01
1.380341649055480957e-01
1.719545572996139526e-01
8.939866423606872559e-01
2.061809180304408073e-03
1.799820661544799805e+00
1.321938157081604004e+00
1.637771368026733398e+00
3.295754194259643555e-01
6.843971014022827148e-01
7.758631706237792969e-01
2.571770250797271729e-01
2.508387267589569092e-01
2.907554209232330322e-01
2.931432127952575684e-01
2.152585268020629883e+00
5.976080428808927536e-04
7.342151403427124023e-01
4.772429168224334717e-01
1.340165578511687272e-08
4.651683848351240158e-03
1.226760521531105042e-01
1.226090937852859497e-01
9.225704520940780640e-02
9.828606843948364258e-01
2.063058782368898392e-03
1.908722162246704102e+00
1.405911087989807129e+00
1.666256308555603027e+00
3.161259591579437256e-01
8.701701164245605469e-01
8.404296636581420898e-01
2.042237669229507446e-01
2.778467535972595215e-01
3.468254804611206055e-01
3.278296291828155518e-01
2.164940595626831055e+00
3.121097979601472616e-04
4.669151306152343750e-01
4.954578876495361328e-01
1.340165578511687272e-08
2.287229290232062340e-03
1.278640031814575195e-01
1.450186520814895630e-01
1.116535216569900513e-01
1.052134513854980469e+00
2.101147314533591270e-03
2.227908372879028320e+00
1.420484423637390137e+00
1.682046651840209961e+00
4.593871831893920898e-01
9.537686705589294434e-01
8.202929496765136719e-01
3.549350500106811523e-01
3.245928585529327393e-01
3.560802042484283447e-01
3.602471947669982910e-01
2.165925502777099609e+00
3.004094469361007214e-04
3.405951857566833496e-01
4.997811019420623779e-01
1.340165578511687272e-08
1.200191793031990528e-03
7.490465790033340454e-02
7.053042203187942505e-02
1.127325370907783508e-01
1.087576627731323242e+00
2.430979628115892410e-03
2.302493572235107422e+00
1.313583135604858398e+00
1.611702322959899902e+00
5.036761164665222168e-01
1.319237589836120605e+00
7.848008275032043457e-01
4.103292822837829590e-01
2.705329954624176025e-01
4.027876257896423340e-01
3.682923913002014160e-01
2.316233634948730469e+00
2.141965669579803944e-04
2.074264734983444214e-01
5.172254443168640137e-01
1.340165578511687272e-08
5.250900052487850189e-03
6.472095102071762085e-02
6.227355822920799255e-02
7.923561334609985352e-02
1.077998638153076172e+00
2.505754586309194565e-03
2.184543371200561523e+00
1.080895781517028809e+00
1.310217142105102539e+00
7.131392359733581543e-01
7.484502196311950684e-01
5.309160351753234863e-01
5.870278477668762207e-01
2.001475393772125244e-01
5.682272315025329590e-01
5.742134451866149902e-01
1.846229314804077148e+00
2.587463532108813524e-04
4.244557321071624756e-01
5.542108416557312012e-01
1.340165578511687272e-08
7.755491882562637329e-03
6.015139445662498474e-02
5.659472942352294922e-02
4.174977913498878479e-02
1.040635228157043457e+00
2.770181512460112572e-03
1.918285012245178223e+00
9.572567939758300781e-01
1.144594192504882812e+00
5.864061713218688965e-01
7.351022362709045410e-01
4.314277768135070801e-01
3.686435818672180176e-01
1.688064932823181152e-01
3.973380923271179199e-01
4.505850970745086670e-01
1.672249913215637207e+00
2.091017377097159624e-04
2.362293899059295654e-01
5.340315699577331543e-01
1.340165578511687272e-08
4.724026947400261633e-09
7.695800065994262695e-02
6.698224693536758423e-02
4.133237525820732117e-02
9.446463584899902344e-01
2.824000548571348190e-03
1.910488843917846680e+00
9.602435827255249023e-01
1.125757932662963867e+00
6.041159629821777344e-01
7.205058932304382324e-01
4.194728434085845947e-01
3.716610372066497803e-01
1.702017933130264282e-01
4.201830029487609863e-01
4.190290868282318115e-01
1.661863923072814941e+00
2.012017503147944808e-04
2.053021937608718872e-01
5.287573933601379395e-01
1.340165578511687272e-08
4.724026947400261633e-09
5.878774449229240417e-02
4.980197548866271973e-02
3.805510327219963074e-02
8.434798717498779297e-01
2.641595201566815376e-03
1.906311988830566406e+00
9.785919189453125000e-01
1.175439000129699707e+00
4.949027597904205322e-01
1.020268321037292480e+00
4.284178018569946289e-01
3.258054852485656738e-01
1.897023767232894897e-01
3.382341861724853516e-01
3.384876847267150879e-01
1.475593686103820801e+00
1.824287319323047996e-04
1.728530675172805786e-01
5.168576240539550781e-01
1.340165578511687272e-08
4.724026947400261633e-09
7.220820337533950806e-02
6.337248533964157104e-02
4.681398347020149231e-02
7.873160839080810547e-01
2.563837217167019844e-03
1.899114727973937988e+00
9.981585144996643066e-01
1.169386744499206543e+00
5.743597745895385742e-01
8.077579736709594727e-01
4.289743900299072266e-01
3.927898406982421875e-01
1.897094249725341797e-01
4.049795567989349365e-01
4.114387929439544678e-01
1.596918225288391113e+00
2.258815511595457792e-04
2.796698808670043945e-01
4.935014247894287109e-01
1.340165578511687272e-08
4.724026947400261633e-09
6.623984873294830322e-02
6.103131175041198730e-02
3.782277926802635193e-02
7.668987512588500977e-01
2.622416941449046135e-03
1.660580754280090332e+00
1.038445830345153809e+00
1.251789569854736328e+00
5.233462452888488770e-01
7.876957654953002930e-01
4.267079830169677734e-01
3.794609606266021729e-01
1.886535435914993286e-01
4.168545901775360107e-01
4.093992114067077637e-01
1.728386998176574707e+00
2.259639149997383356e-04
1.568788290023803711e-01
5.299049615859985352e-01
1.340165578511687272e-08
4.724026947400261633e-09
6.639178097248077393e-02
5.778902396559715271e-02
5.451050400733947754e-02
8.161579966545104980e-01
2.663416322320699692e-03
1.357705831527709961e+00
1.003072977066040039e+00
1.191266417503356934e+00
5.057867765426635742e-01
1.034487009048461914e+00
4.119645953178405762e-01
3.473163247108459473e-01
2.204983979463577271e-01
3.441550135612487793e-01
3.453184664249420166e-01
1.673259973526000977e+00
1.262787554878741503e-04
1.032712608575820923e-01
4.702913165092468262e-01
1.340165578511687272e-08
4.724026947400261633e-09
5.406142398715019226e-02
5.940889194607734680e-02
5.484047532081604004e-02
8.480023145675659180e-01
2.628076355904340744e-03
1.469889521598815918e+00
1.004999995231628418e+00
1.182753682136535645e+00
4.509648680686950684e-01
1.201057195663452148e+00
4.006411135196685791e-01
2.852217257022857666e-01
2.259275168180465698e-01
2.923403084278106689e-01
2.942274808883666992e-01
1.630404472351074219e+00
2.293714205734431744e-04
1.028823480010032654e-01
4.728292822837829590e-01
1.340165578511687272e-08
4.724026947400261633e-09
6.222765147686004639e-02
7.674687355756759644e-02
6.515704095363616943e-02
8.377417325973510742e-01
2.537324093282222748e-03
1.384420156478881836e+00
1.019651412963867188e+00
1.200697422027587891e+00
4.216738641262054443e-01
1.216153502464294434e+00
4.079726934432983398e-01
3.164386749267578125e-01
2.127732336521148682e-01
3.334596157073974609e-01
3.330918848514556885e-01
1.576836943626403809e+00
2.555078535806387663e-04
1.570037901401519775e-01
4.628983438014984131e-01
1.340165578511687272e-08
4.724026947400261633e-09
6.882259994745254517e-02
6.804598867893218994e-02
7.231906801462173462e-02
7.628245353698730469e-01
3.096720203757286072e-03
1.202616930007934570e+00
9.735379815101623535e-01
1.143218040466308594e+00
5.531578063964843750e-01
8.843541145324707031e-01
3.763522207736968994e-01
3.597860038280487061e-01
1.573438942432403564e-01
3.667021691799163818e-01
3.937613964080810547e-01
1.516027927398681641e+00
1.966535928659141064e-04
1.222945749759674072e-01
4.530045688152313232e-01
1.340165578511687272e-08
4.724026947400261633e-09
9.201477468013763428e-02
7.547088712453842163e-02
6.370753049850463867e-02
8.168653845787048340e-01
3.696032566949725151e-03
1.189733862876892090e+00
9.940890073776245117e-01
1.155211448669433594e+00
3.375423550605773926e-01
1.518857479095458984e+00
3.709377646446228027e-01
1.822761148214340210e-01
2.584133148193359375e-01
2.139514237642288208e-01
2.093875259160995483e-01
1.459104776382446289e+00
2.157406124752014875e-04
1.431143879890441895e-01
5.178923010826110840e-01
1.340165578511687272e-08
4.724026947400261633e-09
1.012108176946640015e-01
9.452190995216369629e-02
1.265439987182617188e-01
7.804471254348754883e-01
4.357488360255956650e-03
1.121220946311950684e+00
9.513823986053466797e-01
1.096012592315673828e+00
3.489359319210052490e-01
1.311450958251953125e+00
3.662569522857666016e-01
2.221454381942749023e-01
2.084687501192092896e-01
2.440322637557983398e-01
2.374453246593475342e-01
1.373640656471252441e+00
1.927278935909271240e-04
1.661950796842575073e-01
4.977403879165649414e-01
1.340165578511687272e-08
4.724026947400261633e-09
1.005902737379074097e-01
9.221386909484863281e-02
8.423198014497756958e-02
7.682690620422363281e-01
4.494809079915285110e-03
8.476818799972534180e-01
8.622301816940307617e-01
9.984036684036254883e-01
2.925947606563568115e-01
1.177320718765258789e+00
3.181032836437225342e-01
1.920003145933151245e-01
1.939892768859863281e-01
2.100687772035598755e-01
2.111786156892776489e-01
1.340014457702636719e+00
2.325448876945301890e-04
1.644663363695144653e-01
4.866889417171478271e-01
1.340165578511687272e-08
4.724026947400261633e-09
1.166116297245025635e-01
9.935756772756576538e-02
7.390293478965759277e-02
7.504734396934509277e-01
4.073930904269218445e-03
6.447677612304687500e-01
7.790392041206359863e-01
9.083266258239746094e-01
2.992523014545440674e-01
9.906935691833496094e-01
2.829104959964752197e-01
2.026702612638473511e-01
1.766472607851028442e-01
1.930980235338211060e-01
1.977492719888687134e-01
1.113531351089477539e+00
1.790282403817400336e-04
1.168826892971992493e-01
4.589240550994873047e-01
1.340165578511687272e-08
4.724026947400261633e-09
1.719234585762023926e-01
1.423115432262420654e-01
1.069383621215820312e-01
6.290213465690612793e-01
3.620691597461700439e-03
3.495309948921203613e-01
6.881602406501770020e-01
8.188104033470153809e-01
2.704212665557861328e-01
9.913998842239379883e-01
2.227295935153961182e-01
1.638451963663101196e-01
1.777779757976531982e-01
1.708573997020721436e-01
1.709398776292800903e-01
7.682339549064636230e-01
1.512748422101140022e-04
1.634598076343536377e-01
5.146985054016113281e-01
1.340165578511687272e-08
4.724026947400261633e-09
3.159493505954742432e-01
2.821033000946044922e-01
2.119858115911483765e-01
5.757662653923034668e-01
3.758870530873537064e-03
2.530409693717956543e-01
6.436287164688110352e-01
7.667824625968933105e-01
2.560091912746429443e-01
9.705389142036437988e-01
2.330073118209838867e-01
1.508734971284866333e-01
1.442792415618896484e-01
1.531677991151809692e-01
1.605888605117797852e-01
5.954268574714660645e-01
1.648363395361229777e-04
1.770153790712356567e-01
5.470603704452514648e-01
1.340165578511687272e-08
4.724026947400261633e-09
3.991959989070892334e-01
3.623966872692108154e-01
2.436619251966476440e-01
5.326005220413208008e-01
3.592838533222675323e-03
1.362624615430831909e-01
5.980214476585388184e-01
6.699118018150329590e-01
2.591415941715240479e-01
8.687070012092590332e-01
2.048209011554718018e-01
1.630603671073913574e-01
1.358184814453125000e-01
1.596586853265762329e-01
1.615945100784301758e-01
4.581176638603210449e-01
1.414132566424086690e-04
1.574030816555023193e-01
4.975768625736236572e-01
1.340165578511687272e-08
4.724026947400261633e-09
3.722609877586364746e-01
3.375938534736633301e-01
2.266739606857299805e-01
4.931590557098388672e-01
3.374305786564946175e-03
1.012239605188369751e-01
6.986286640167236328e-01
7.910982966423034668e-01
2.950781285762786865e-01
8.784788846969604492e-01
2.420880496501922607e-01
1.451584696769714355e-01
1.430448293685913086e-01
1.484876424074172974e-01
1.502073109149932861e-01
1.037704944610595703e+00
1.457554462831467390e-04
1.690053641796112061e-01
6.213753223419189453e-01
1.340165578511687272e-08
4.724026947400261633e-09
1.123583912849426270e-01
9.573744237422943115e-02
5.842562019824981689e-02
5.135235786437988281e-01
3.411810379475355148e-03
8.478060364723205566e-02
7.552348375320434570e-01
8.802172541618347168e-01
1.844966113567352295e-01
1.025299787521362305e+00
2.663002610206604004e-01
9.792380034923553467e-02
1.728103160858154297e-01
1.298414170742034912e-01
1.294728815555572510e-01
1.164039134979248047e+00
3.087471704930067062e-04
3.278148174285888672e-01
7.953137159347534180e-01
1.340165578511687272e-08
4.724026947400261633e-09
1.064387932419776917e-01
6.681763380765914917e-02
7.752333581447601318e-02
6.404746770858764648e-01
3.906402736902236938e-03
1.268042176961898804e-01
7.635779380798339844e-01
8.299642205238342285e-01
1.736281663179397583e-01
1.245845079421997070e+00
2.551645636558532715e-01
9.344103187322616577e-02
1.739404350519180298e-01
1.019000858068466187e-01
1.018436998128890991e-01
1.114378571510314941e+00
3.286163846496492624e-04
4.105295836925506592e-01
8.338085412979125977e-01
1.340165578511687272e-08
4.724026947400261633e-09
1.185741424560546875e-01
1.158732920885086060e-01
2.877766191959381104e-01
6.419730186462402344e-01
3.788477974012494087e-03
1.600223630666732788e-01
6.909949183464050293e-01
7.913010120391845703e-01
2.914699614048004150e-01
1.085032463073730469e+00
2.415256053209304810e-01
1.487756073474884033e-01
1.514066010713577271e-01
1.605625897645950317e-01
1.716127097606658936e-01
1.076231956481933594e+00
1.092208913178183138e-04
1.823501884937286377e-01
7.423834204673767090e-01
1.340165578511687272e-08
4.724026947400261633e-09
1.085024327039718628e-01
1.115119084715843201e-01
1.450926065444946289e-01
6.731787323951721191e-01
4.146036691963672638e-03
3.875437378883361816e-01
6.794673800468444824e-01
7.780796289443969727e-01
2.360577285289764404e-01
1.051780104637145996e+00
2.400181591510772705e-01
1.445193141698837280e-01
1.433374285697937012e-01
1.519070863723754883e-01
1.491567492485046387e-01
9.972426891326904297e-01
9.720895468490198255e-05
6.858485192060470581e-02
9.149594902992248535e-01
1.340165578511687272e-08
4.724026947400261633e-09
9.473200142383575439e-02
9.066994488239288330e-02
7.167111337184906006e-02
6.883841753005981445e-01
4.168414045125246048e-03
4.477810263633728027e-01
7.638044953346252441e-01
8.591213226318359375e-01
2.419371604919433594e-01
1.248329758644104004e+00
2.569299340248107910e-01
1.387632489204406738e-01
2.060099989175796509e-01
1.432221084833145142e-01
1.375360786914825439e-01
1.070336341857910156e+00
1.071544174919836223e-04
1.130870282649993896e-01
1.147055387496948242e+00
1.340165578511687272e-08
4.724026947400261633e-09
1.277023553848266602e-01
1.301448047161102295e-01
7.400048524141311646e-02
6.709743738174438477e-01
4.559877794235944748e-03
3.453173339366912842e-01
7.619686126708984375e-01
8.399736285209655762e-01
2.193538993597030640e-01
1.363346338272094727e+00
2.603660225868225098e-01
1.193778365850448608e-01
1.935521960258483887e-01
1.260983347892761230e-01
1.235911995172500610e-01
1.053273439407348633e+00
1.124719274230301380e-04
1.212692931294441223e-01
1.283295989036560059e+00
1.340165578511687272e-08
4.724026947400261633e-09
9.898404031991958618e-02
8.809629082679748535e-02
6.278059631586074829e-02
8.537268042564392090e-01
4.533170722424983978e-03
2.047074139118194580e-01
6.547505259513854980e-01
7.245985269546508789e-01
2.206567972898483276e-01
1.047115683555603027e+00
2.221371829509735107e-01
1.063265800476074219e-01
1.556890606880187988e-01
1.192935183644294739e-01
1.200667321681976318e-01
9.747611284255981445e-01
1.161829204647801816e-04
1.504963636398315430e-01
1.518494606018066406e+00
1.340165578511687272e-08
4.724026947400261633e-09
5.342129245400428772e-02
4.881608486175537109e-02
1.939666830003261566e-02
7.372395396232604980e-01
5.238673649728298187e-03
9.958143532276153564e-02
6.106212139129638672e-01
6.700635552406311035e-01
1.886210292577743530e-01
9.201474189758300781e-01
1.969099491834640503e-01
1.006726548075675964e-01
1.284001469612121582e-01
9.112991392612457275e-02
9.864273667335510254e-02
7.327749729156494141e-01
1.026345635182224214e-04
1.186346560716629028e-01
1.363182663917541504e+00
1.340165578511687272e-08
4.724026947400261633e-09
5.818857625126838684e-02
5.119686573743820190e-02
2.809146419167518616e-02
5.693060755729675293e-01
5.846470128744840622e-03
4.192721471190452576e-02
5.403946638107299805e-01
5.605383515357971191e-01
1.674746274948120117e-01
9.561398029327392578e-01
1.589394360780715942e-01
9.960213303565979004e-02
1.138448566198348999e-01
9.285826981067657471e-02
8.846627175807952881e-02
4.512400329113006592e-01
1.080528454622253776e-04
7.445953786373138428e-02
1.325628757476806641e+00
1.340165578511687272e-08
4.724026947400261633e-09
5.655917525291442871e-02
4.685999825596809387e-02
3.131901472806930542e-02
4.581134915351867676e-01
5.183582659810781479e-03
4.143482446670532227e-02
3.792835772037506104e-01
4.067320525646209717e-01
1.801792830228805542e-01
7.152392268180847168e-01
1.062083616852760315e-01
1.090554967522621155e-01
5.863825604319572449e-02
1.003008782863616943e-01
9.536293894052505493e-02
3.192600011825561523e-01
1.043079100782051682e-04
1.104482710361480713e-01
1.011018872261047363e+00
1.340165578511687272e-08
4.724026947400261633e-09
7.009736448526382446e-02
6.129637360572814941e-02
3.486267849802970886e-02
3.662387430667877197e-01
4.643626045435667038e-03
6.277973204851150513e-02
3.671392798423767090e-01
3.700792193412780762e-01
1.699653118848800659e-01
5.306132435798645020e-01
9.330505132675170898e-02
1.001952737569808960e-01
5.908175930380821228e-02
1.005015149712562561e-01
1.010159999132156372e-01
3.516422808170318604e-01
1.045475364662706852e-04
7.974705100059509277e-02
1.273778200149536133e+00
1.340165578511687272e-08
4.724026947400261633e-09
6.070555001497268677e-02
6.073377281427383423e-02
3.599371761083602905e-02
2.802462577819824219e-01
4.186321049928665161e-03
1.186675205826759338e-01
3.190657198429107666e-01
3.031827807426452637e-01
1.474577784538269043e-01
3.187437355518341064e-01
8.835057914257049561e-02
8.146150410175323486e-02
4.706474766135215759e-02
7.461611926555633545e-02
7.529731839895248413e-02
3.523764014244079590e-01
1.007942046271637082e-04
5.384026095271110535e-02
1.106381893157958984e+00
1.340165578511687272e-08
4.724026947400261633e-09
4.642993956804275513e-02
5.770952254533767700e-02
3.609078004956245422e-02
2.273617684841156006e-01
3.276117844507098198e-03
9.120401740074157715e-02
2.918703556060791016e-01
3.189622461795806885e-01
1.221544146537780762e-01
2.048595100641250610e-01
8.291486650705337524e-02
7.034107297658920288e-02
3.575867041945457458e-02
6.110786646604537964e-02
5.809077620506286621e-02
3.176981210708618164e-01
1.003425350063480437e-04
6.400097161531448364e-02
8.799828886985778809e-01
1.340165578511687272e-08
4.724026947400261633e-09
5.242225527763366699e-02
6.056081131100654602e-02
3.386297449469566345e-02
1.819337308406829834e-01
2.879753243178129196e-03
1.243149638175964355e-01
2.681112289428710938e-01
2.631637156009674072e-01
1.100480407476425171e-01
3.129359781742095947e-01
7.398363202810287476e-02
5.290411785244941711e-02
3.742397949099540710e-02
5.185790732502937317e-02
5.297862738370895386e-02
2.632514834403991699e-01
9.953395783668383956e-05
4.776221141219139099e-02
9.356544017791748047e-01
1.340165578511687272e-08
4.724026947400261633e-09
6.716297566890716553e-02
5.453990772366523743e-02
3.776621818542480469e-02
1.145334616303443909e-01
2.666227985173463821e-03
1.371977925300598145e-01
1.866681873798370361e-01
2.133710682392120361e-01
9.897474944591522217e-02
3.716188967227935791e-01
5.773782730102539062e-02
4.993129894137382507e-02
3.567977249622344971e-02
4.814672470092773438e-02
4.881054908037185669e-02
2.461565136909484863e-01
6.218424096005037427e-05
4.607416316866874695e-02
7.969313263893127441e-01
1.340165578511687272e-08
4.724026947400261633e-09
1.037678569555282593e-01
7.920455932617187500e-02
4.506013914942741394e-02
1.162982210516929626e-01
2.550462260842323303e-03
1.415429860353469849e-01
2.518774569034576416e-01
2.748996615409851074e-01
1.086214035749435425e-01
5.228549242019653320e-01
7.274536043405532837e-02
4.764631390571594238e-02
5.526381358504295349e-02
4.852487891912460327e-02
4.953245818614959717e-02
2.685660719871520996e-01
6.186874816194176674e-05
5.854907631874084473e-02
5.776635408401489258e-01
1.340165578511687272e-08
4.724026947400261633e-09
9.967742860317230225e-02
8.160547167062759399e-02
1.098817661404609680e-01
1.507537662982940674e-01
3.103243187069892883e-03
1.391474902629852295e-01
1.596047282218933105e-01
1.629487276077270508e-01
8.018465340137481689e-02
4.657641947269439697e-01
5.521292239427566528e-02
5.161993950605392456e-02
5.614429339766502380e-02
4.599344730377197266e-02
4.638016968965530396e-02
1.128146275877952576e-01
7.464190275641158223e-05
4.531124606728553772e-02
5.887576341629028320e-01
1.340165578511687272e-08
4.724026947400261633e-09
1.005888208746910095e-01
9.552054107189178467e-02
2.176163345575332642e-01
1.418438851833343506e-01
2.371204318478703499e-03
2.730325460433959961e-01
1.504947394132614136e-01
1.413993537425994873e-01
6.769047677516937256e-02
4.028590917587280273e-01
4.279946908354759216e-02
4.603465646505355835e-02
4.968164116144180298e-02
4.146024212241172791e-02
5.016957968473434448e-02
1.256155520677566528e-01
7.178168743848800659e-05
4.217794537544250488e-02
4.722466766834259033e-01
1.340165578511687272e-08
4.724026947400261633e-09
1.107541471719741821e-01
9.496964514255523682e-02
7.785569131374359131e-02
9.777559340000152588e-02
2.440849319100379944e-03
1.977951675653457642e-01
8.721967786550521851e-02
9.443150460720062256e-02
1.545371711254119873e-01
3.066314756870269775e-01
2.454471029341220856e-02
5.923344939947128296e-02
2.861426025629043579e-02
8.987849950790405273e-02
1.015393584966659546e-01
6.673966348171234131e-02
7.557032949989661574e-05
4.405099526047706604e-02
6.210371851921081543e-01
1.340165578511687272e-08
4.724026947400261633e-09
1.157268807291984558e-01
1.038876697421073914e-01
3.897912800312042236e-02
1.148562654852867126e-01
2.344098873436450958e-03
3.201974630355834961e-01
9.885022789239883423e-02
9.254132956266403198e-02
2.165932208299636841e-01
2.707634270191192627e-01
3.193401917815208435e-02
1.098710224032402039e-01
3.961308673024177551e-02
1.136226430535316467e-01
1.259459704160690308e-01
7.264665514230728149e-02
6.627393304370343685e-05
3.990709781646728516e-02
4.282255768775939941e-01
1.340165578511687272e-08
4.724026947400261633e-09
1.094699800014495850e-01
9.467441588640213013e-02
3.543348610401153564e-02
6.262532621622085571e-02
2.395220100879669189e-03
4.135857522487640381e-01
1.089554876089096069e-01
1.006830185651779175e-01
1.878745406866073608e-01
2.867776453495025635e-01
4.905151203274726868e-02
1.219468563795089722e-01
5.438574030995368958e-02
1.011169627308845520e-01
9.393888711929321289e-02
1.982618719339370728e-01
6.194870366016402841e-05
4.019726067781448364e-02
5.660345554351806641e-01
1.340165578511687272e-08
4.724026947400261633e-09
1.757719814777374268e-01
1.388284862041473389e-01
6.961534917354583740e-02
7.524444162845611572e-02
1.489284448325634003e-03
5.956080555915832520e-01
1.754081696271896362e-01
1.646353006362915039e-01
1.966081410646438599e-01
4.024384915828704834e-01
7.392831146717071533e-02
1.067977994680404663e-01
8.738019317388534546e-02
1.187239587306976318e-01
1.189202368259429932e-01
2.832385897636413574e-01
6.521063914988189936e-05
4.176247119903564453e-02
5.286107063293457031e-01
1.340165578511687272e-08
4.724026947400261633e-09
4.008537828922271729e-01
3.538267016410827637e-01
1.660322099924087524e-01
1.255096048116683960e-01
1.615349203348159790e-03
6.103121638298034668e-01
2.059037983417510986e-01
2.246323525905609131e-01
2.139503806829452515e-01
5.245425105094909668e-01
1.035659909248352051e-01
9.690208733081817627e-02
1.302284002304077148e-01
1.065440848469734192e-01
1.072167232632637024e-01
2.733610570430755615e-01
7.476555765606462955e-05
4.416002705693244934e-02
4.573193490505218506e-01
1.340165578511687272e-08
4.724026947400261633e-09
4.634471237659454346e-01
4.016398489475250244e-01
2.201254218816757202e-01
1.883752793073654175e-01
1.900799572467803955e-03
6.213749647140502930e-01
2.702676653861999512e-01
3.024220168590545654e-01
1.524371653795242310e-01
6.379734873771667480e-01
1.277707517147064209e-01
8.526100963354110718e-02
1.575564295053482056e-01
7.872842252254486084e-02
8.164111524820327759e-02
3.084376454353332520e-01
8.570821228204295039e-05
5.861808732151985168e-02
4.442077875137329102e-01
1.340165578511687272e-08
4.724026947400261633e-09
2.872064709663391113e-01
2.294623255729675293e-01
1.238145381212234497e-01
2.053918838500976562e-01
1.938096829690039158e-03
8.468970060348510742e-01
2.742405533790588379e-01
2.672017514705657959e-01
5.935006961226463318e-02
9.383223652839660645e-01
1.181434988975524902e-01
3.527749329805374146e-02
1.915494352579116821e-01
3.593394532799720764e-02
3.078483045101165771e-02
3.512449860572814941e-01
7.758099673083052039e-05
4.584679380059242249e-02
5.107942223548889160e-01
1.340165578511687272e-08
4.724026947400261633e-09
1.005221083760261536e-01
6.405808031558990479e-02
3.312603756785392761e-02
2.230214625597000122e-01
2.172004897147417068e-03
5.600941777229309082e-01
2.044274210929870605e-01
2.192536741495132446e-01
1.016012355685234070e-01
9.235156178474426270e-01
1.095013394951820374e-01
3.013727255165576935e-02
1.980580389499664307e-01
2.992800809442996979e-02
2.792997099459171295e-02
3.543585836887359619e-01
7.555430784123018384e-05
5.183058232069015503e-02
4.912165105342864990e-01
1.340165578511687272e-08
4.724026947400261633e-09
1.563773602247238159e-01
1.335279643535614014e-01
7.245571166276931763e-02
2.241306751966476440e-01
2.253778744488954544e-03
5.169872045516967773e-01
1.430601775646209717e-01
1.503245532512664795e-01
9.424913674592971802e-02
7.839395403861999512e-01
7.462105154991149902e-02
3.984634578227996826e-02
1.415406316518783569e-01
7.262007147073745728e-02
7.098864018917083740e-02
2.365668565034866333e-01
7.504672976210713387e-05
6.343203783035278320e-02
4.454890191555023193e-01
1.340165578511687272e-08
4.724026947400261633e-09
2.116103470325469971e-01
1.736655980348587036e-01
9.674102067947387695e-02
1.398921459913253784e-01
1.787519897334277630e-03
5.427603721618652344e-01
1.628280133008956909e-01
1.595496833324432373e-01
1.116128191351890564e-01
7.696089744567871094e-01
6.979912519454956055e-02
7.884699851274490356e-02
1.038188934326171875e-01
6.311560422182083130e-02
6.799110770225524902e-02
2.384418100118637085e-01
7.715715037193149328e-05
4.735289141535758972e-02
4.458206593990325928e-01
1.340165578511687272e-08
4.724026947400261633e-09
1.869535148143768311e-01
2.546365857124328613e-01
1.401918381452560425e-01
1.486375182867050171e-01
1.948544639162719250e-03
5.795056223869323730e-01
2.352401167154312134e-01
1.935354173183441162e-01
5.740908160805702209e-02
1.631335496902465820e+00
9.012232720851898193e-02
3.053937666118144989e-02
1.540744155645370483e-01
2.718246355652809143e-02
2.709988132119178772e-02
1.924099177122116089e-01
7.293716043932363391e-05
4.499829560518264771e-02
4.224023222923278809e-01
1.340165578511687272e-08
4.724026947400261633e-09
1.480941772460937500e-01
1.252366602420806885e-01
8.638180792331695557e-02
2.050647288560867310e-01
1.282123033888638020e-03
6.039615869522094727e-01
1.320681869983673096e-01
1.477259397506713867e-01
2.090395689010620117e-01
5.850056409835815430e-01
7.560017704963684082e-02
8.739671111106872559e-02
1.175250336527824402e-01
1.729290485382080078e-01
1.691309362649917603e-01
2.129040956497192383e-01
7.486686808988451958e-05
4.631298035383224487e-02
6.118493080139160156e-01
1.340165578511687272e-08
4.724026947400261633e-09
8.299618959426879883e-02
1.026505976915359497e-01
3.093385323882102966e-02
1.359620690345764160e-01
1.523602986708283424e-03
6.490774750709533691e-01
1.505788266658782959e-01
1.696278750896453857e-01
8.906566351652145386e-02
4.742651879787445068e-01
6.957786530256271362e-02
7.816285640001296997e-02
8.504609018564224243e-02
6.988038867712020874e-02
6.966961175203323364e-02
2.117333412170410156e-01
7.379567250609397888e-05
4.897563904523849487e-02
4.074335098266601562e-01
1.340165578511687272e-08
4.724026947400261633e-09
6.719003617763519287e-02
5.764343589544296265e-02
2.292893826961517334e-02
1.187688037753105164e-01
1.487154630012810230e-03
6.893887519836425781e-01
1.418202072381973267e-01
1.549559682607650757e-01
1.305864155292510986e-01
5.279331803321838379e-01
6.708346307277679443e-02
5.844419822096824646e-02
8.268139511346817017e-02
4.442971572279930115e-02
4.400328546762466431e-02
1.885130852460861206e-01
7.515762990806251764e-05
4.602855816483497620e-02
3.249791562557220459e-01
1.340165578511687272e-08
4.724026947400261633e-09
5.186660587787628174e-02
3.942202404141426086e-02
2.142839692533016205e-02
1.064233556389808655e-01
9.028569911606609821e-04
7.734456658363342285e-01
1.487319767475128174e-01
1.482278555631637573e-01
1.042805761098861694e-01
3.996179699897766113e-01
6.795208901166915894e-02
4.717801138758659363e-02
8.262068778276443481e-02
4.196527972817420959e-02
5.204801261425018311e-02
2.191730290651321411e-01
9.489304648013785481e-05
7.556582987308502197e-02
3.807792663574218750e-01
1.340165578511687272e-08
4.724026947400261633e-09
5.655072256922721863e-02
4.852924495935440063e-02
1.882697641849517822e-02
1.071091368794441223e-01
1.275880844332277775e-03
8.493195772171020508e-01
1.438065618276596069e-01
1.700215488672256470e-01
1.201769039034843445e-01
5.498469471931457520e-01
6.151475384831428528e-02
6.393348425626754761e-02
7.491706311702728271e-02
5.613935738801956177e-02
5.902671068906784058e-02
2.152100503444671631e-01
1.061163493432104588e-04
7.979479432106018066e-02
4.593881070613861084e-01
1.340165578511687272e-08
4.724026947400261633e-09
4.417074844241142273e-02
4.215917363762855530e-02
2.179997786879539490e-02
1.005114391446113586e-01
1.328550162725150585e-03
8.967253565788269043e-01
1.099930405616760254e-01
1.209904924035072327e-01
1.688825488090515137e-01
5.380436778068542480e-01
6.174837425351142883e-02
5.861600115895271301e-02
8.330992609262466431e-02
2.980342879891395569e-02
3.280094638466835022e-02
2.500683367252349854e-01
1.091680387617088854e-04
6.859323382377624512e-02
5.280711650848388672e-01
1.340165578511687272e-08
4.724026947400261633e-09
5.002618581056594849e-02
4.655782505869865417e-02
2.202924154698848724e-02
1.109782084822654724e-01
1.298805931583046913e-03
8.998712897300720215e-01
1.026128679513931274e-01
1.157158985733985901e-01
1.167797893285751343e-01
4.275727868080139160e-01
5.469759181141853333e-02
2.959473431110382080e-02
7.517102360725402832e-02
3.886106237769126892e-02
3.310605883598327637e-02
2.508118152618408203e-01
1.077776832971721888e-04
3.875153511762619019e-02
3.111782670021057129e-01
1.340165578511687272e-08
4.724026947400261633e-09
4.264116287231445312e-02
3.878960758447647095e-02
1.996501348912715912e-02
8.115784078836441040e-02
1.270617707632482052e-03
9.752535223960876465e-01
1.070058122277259827e-01
1.330004781484603882e-01
4.709323495626449585e-02
4.960231184959411621e-01
6.067721545696258545e-02
3.901343792676925659e-02
7.821658998727798462e-02
3.630300983786582947e-02
3.683056682348251343e-02
2.630941271781921387e-01
1.057589324773289263e-04
5.339452251791954041e-02
4.107968807220458984e-01
1.340165578511687272e-08
4.724026947400261633e-09
3.280824422836303711e-02
2.889259159564971924e-02
3.910665214061737061e-02
7.993987947702407837e-02
1.312414766289293766e-03
9.693549275398254395e-01
1.030711904168128967e-01
1.262607276439666748e-01
8.130151033401489258e-02
3.624587357044219971e-01
5.768954008817672729e-02
3.556091338396072388e-02
7.813816517591476440e-02
2.514268085360527039e-02
2.522481605410575867e-02
2.260642796754837036e-01
9.806771413423120975e-05
6.001809611916542053e-02
3.488025367259979248e-01
1.340165578511687272e-08
4.724026947400261633e-09
3.191580250859260559e-02
2.839303016662597656e-02
2.380331605672836304e-02
7.421489804983139038e-02
1.283084158785641193e-03
9.176829457283020020e-01
9.748809784650802612e-02
1.184678524732589722e-01
8.134785294532775879e-02
3.564732372760772705e-01
5.657751858234405518e-02
2.987520396709442139e-02
8.425856381654739380e-02
3.508783504366874695e-02
3.475349396467208862e-02
2.433675527572631836e-01
8.604406320955604315e-05
4.720222577452659607e-02
3.985784649848937988e-01
1.340165578511687272e-08
4.724026947400261633e-09
5.561207607388496399e-02
4.769894108176231384e-02
4.145864769816398621e-02
8.942674100399017334e-02
1.372001133859157562e-03
9.278966188430786133e-01
9.493564069271087646e-02
1.216394677758216858e-01
1.614292412996292114e-01
3.010632693767547607e-01
6.181595474481582642e-02
7.047013193368911743e-02
7.724596560001373291e-02
8.903136849403381348e-02
7.075116783380508423e-02
2.923503220081329346e-01
8.264090865850448608e-05
5.623198673129081726e-02
3.562822341918945312e-01
1.340165578511687272e-08
4.724026947400261633e-09
1.007276698946952820e-01
7.632543891668319702e-02
3.800625354051589966e-02
7.513848692178726196e-02
1.189723261632025242e-03
9.871342778205871582e-01
8.166638761758804321e-02
1.113046333193778992e-01
4.857004433870315552e-02
3.256880342960357666e-01
5.220672115683555603e-02
2.810296788811683655e-02
8.171547949314117432e-02
2.764088846743106842e-02
3.243251517415046692e-02
2.028282284736633301e-01
7.376294524874538183e-05
5.521692708134651184e-02
3.792431652545928955e-01
1.340165578511687272e-08
4.724026947400261633e-09
7.890915870666503906e-02
8.069983124732971191e-02
4.211346432566642761e-02
6.576526910066604614e-02
1.222774386405944824e-03
9.345883131027221680e-01
9.532432258129119873e-02
1.004708260297775269e-01
1.617322117090225220e-01
3.308174014091491699e-01
5.068141967058181763e-02
9.769552201032638550e-02
8.395262807607650757e-02
2.136966399848461151e-02
2.174772508442401886e-02
2.074079066514968872e-01
8.327941031893715262e-05
6.119976192712783813e-02
3.699453175067901611e-01
1.340165578511687272e-08
4.724026947400261633e-09
1.149041801691055298e-01
9.590578079223632812e-02
4.140248894691467285e-02
8.214674890041351318e-02
9.469285141676664352e-04
8.922963142395019531e-01
1.188395842909812927e-01
1.443924605846405029e-01
2.358252853155136108e-01
3.672972321510314941e-01
5.728719383478164673e-02
4.674197360873222351e-02
9.681434929370880127e-02
1.095291450619697571e-01
1.015125438570976257e-01
1.950190216302871704e-01
8.164317114278674126e-05
5.360723659396171570e-02
4.569304287433624268e-01
1.340165578511687272e-08
4.724026947400261633e-09
8.388294279575347900e-02
7.948539406061172485e-02
3.258874639868736267e-02
1.131847724318504333e-01
1.201347447931766510e-03
9.910833239555358887e-01
1.418014466762542725e-01
1.835243552923202515e-01
1.469421684741973877e-01
4.577743113040924072e-01
7.156766951084136963e-02
5.288289859890937805e-02
1.060689091682434082e-01
5.527132004499435425e-02
5.616944655776023865e-02
2.346729040145874023e-01
8.481553231831640005e-05
6.046712398529052734e-02
4.329156279563903809e-01
1.340165578511687272e-08
4.724026947400261633e-09
7.123638689517974854e-02
7.184061408042907715e-02
2.892092615365982056e-02
1.208932995796203613e-01
1.309890532866120338e-03
9.932727813720703125e-01
1.709463745355606079e-01
2.109565734863281250e-01
1.754921525716781616e-01
4.999590814113616943e-01
8.840137720108032227e-02
5.861378461122512817e-02
1.293281614780426025e-01
7.619684189558029175e-02
6.803552061319351196e-02
3.090064525604248047e-01
8.994789095595479012e-05
7.764157652854919434e-02
4.580766260623931885e-01
1.340165578511687272e-08
4.724026947400261633e-09
1.526684463024139404e-01
1.279808282852172852e-01
6.785646080970764160e-02
1.553361713886260986e-01
1.462596119381487370e-03
1.011843323707580566e+00
1.940848976373672485e-01
2.379634082317352295e-01
1.839704811573028564e-01
5.259823799133300781e-01
1.140635386109352112e-01
7.917927205562591553e-02
1.404162645339965820e-01
7.218996435403823853e-02
8.508151769638061523e-02
4.002146422863006592e-01
7.360800373135134578e-05
4.881038144230842590e-02
6.839764714241027832e-01
1.340165578511687272e-08
4.724026947400261633e-09
3.252679705619812012e-01
2.988988459110260010e-01
1.499756574630737305e-01
2.096565961837768555e-01
1.165856723673641682e-03
1.072011709213256836e+00
2.749631106853485107e-01
3.599054813385009766e-01
1.508665233850479126e-01
6.571558713912963867e-01
1.320128738880157471e-01
7.092666625976562500e-02
1.884671896696090698e-01
8.410914987325668335e-02
8.521953970193862915e-02
5.004503130912780762e-01
7.961333176353946328e-05
5.460011214017868042e-02
6.060122847557067871e-01
1.340165578511687272e-08
4.724026947400261633e-09
3.461960256099700928e-01
2.976962625980377197e-01
1.587377488613128662e-01
2.753264009952545166e-01
1.840668730437755585e-03
1.148355603218078613e+00
2.814295589923858643e-01
3.316465020179748535e-01
6.768172979354858398e-02
9.833904504776000977e-01
1.407890617847442627e-01
3.387664631009101868e-02
2.334698438644409180e-01
3.559767454862594604e-02
3.221189975738525391e-02
5.544278621673583984e-01
1.117849606089293957e-04
7.721698284149169922e-02
5.458089709281921387e-01
1.340165578511687272e-08
4.724026947400261633e-09
9.807541221380233765e-02
1.179361566901206970e-01
3.997183591127395630e-02
2.842814922332763672e-01
1.658138819038867950e-03
1.103203058242797852e+00
2.426832914352416992e-01
2.853296399116516113e-01
4.665343463420867920e-02
8.855955004692077637e-01
1.360543817281723022e-01
2.898216806352138519e-02
2.254802137613296509e-01
2.780228480696678162e-02
2.598628029227256775e-02
5.886168479919433594e-01
7.080199429765343666e-05
7.790584862232208252e-02
5.431739091873168945e-01
1.340165578511687272e-08
4.724026947400261633e-09
6.187434494495391846e-02
6.577030569314956665e-02
2.307257987558841705e-02
2.675096094608306885e-01
1.738857245072722435e-03
1.089652061462402344e+00
2.001828700304031372e-01
2.355053126811981201e-01
7.376424223184585571e-02
6.752707362174987793e-01
1.209409385919570923e-01
4.550920426845550537e-02
1.988944113254547119e-01
3.837419301271438599e-02
3.085485473275184631e-02
4.113608002662658691e-01
6.671292794635519385e-05
5.415937304496765137e-02
4.984019994735717773e-01
1.340165578511687272e-08
4.724026947400261633e-09
7.232728600502014160e-02
9.953999519348144531e-02
5.098362639546394348e-02
1.747958213090896606e-01
2.417396986857056618e-03
9.627614617347717285e-01
1.392341405153274536e-01
1.524563431739807129e-01
1.012678742408752441e-01
6.131039857864379883e-01
8.135560899972915649e-02
5.540231242775917053e-02
1.551150083541870117e-01
5.239182338118553162e-02
5.296246334910392761e-02
2.805348336696624756e-01
7.621919212397187948e-05
6.946191936731338501e-02
4.901676177978515625e-01
1.340165578511687272e-08
4.724026947400261633e-09
2.018574774265289307e-01
2.173546403646469116e-01
8.013306558132171631e-02
1.151580587029457092e-01
1.525496831163764000e-03
8.186249732971191406e-01
1.112771257758140564e-01
1.133562922477722168e-01
9.479145705699920654e-02
8.414496183395385742e-01
6.007630378007888794e-02
6.808465719223022461e-02
1.291882246732711792e-01
6.398423761129379272e-02
6.465257704257965088e-02
1.745585501194000244e-01
7.113041647244244814e-05
6.161861121654510498e-02
4.918492734432220459e-01
1.340165578511687272e-08
4.724026947400261633e-09
1.973842233419418335e-01
2.290563285350799561e-01
9.830873459577560425e-02
1.083007976412773132e-01
1.320572569966316223e-03
7.424101829528808594e-01
2.586440443992614746e-01
1.960290223360061646e-01
1.000813320279121399e-01
7.916811704635620117e-01
8.441151678562164307e-02
5.442706868052482605e-02
1.248686462640762329e-01
4.950352385640144348e-02
3.032039478421211243e-02
1.546874791383743286e-01
8.277579763671383262e-05
6.410249322652816772e-02
4.858347475528717041e-01
1.340165578511687272e-08
4.724026947400261633e-09
1.165551543235778809e-01
9.954949468374252319e-02
5.369728431105613708e-02
1.763404160737991333e-01
1.326420227997004986e-03
8.156204223632812500e-01
2.391501814126968384e-01
1.762912422418594360e-01
1.289920955896377563e-01
5.882288217544555664e-01
8.235619962215423584e-02
4.261685907840728760e-02
1.180278137326240540e-01
6.251283735036849976e-02
4.601003602147102356e-02
1.624473035335540771e-01
9.294376650359481573e-05
6.165094673633575439e-02
4.911318421363830566e-01
1.340165578511687272e-08
4.724026947400261633e-09
7.824476808309555054e-02
6.931684911251068115e-02
3.136651962995529175e-02
1.537991911172866821e-01
7.153121987357735634e-04
8.620999455451965332e-01
1.051059663295745850e-01
1.148761883378028870e-01
1.406108886003494263e-01
4.317359924316406250e-01
5.774813145399093628e-02
7.283440977334976196e-02
7.411313056945800781e-02
6.021972000598907471e-02
5.982297286391258240e-02
1.647891700267791748e-01
8.572121441829949617e-05
5.904869735240936279e-02
4.920759797096252441e-01
1.340165578511687272e-08
4.724026947400261633e-09
4.102491587400436401e-02
3.395451977849006653e-02
1.620673574507236481e-02
1.431360691785812378e-01
6.715258932672441006e-04
8.605893254280090332e-01
8.640834689140319824e-02
1.122527122497558594e-01
9.483509510755538940e-02
3.757068812847137451e-01
4.959874600172042847e-02
6.929127871990203857e-02
6.431469321250915527e-02
6.580648571252822876e-02
6.750112771987915039e-02
1.635833531618118286e-01
8.740130579099059105e-05
5.146077647805213928e-02
4.038350582122802734e-01
1.340165578511687272e-08
4.724026947400261633e-09
3.913485258817672729e-02
3.622929379343986511e-02
1.504827663302421570e-02
7.242463529109954834e-02
1.582368509843945503e-03
9.179257154464721680e-01
1.191212981939315796e-01
1.398717612028121948e-01
1.519461423158645630e-01
3.674914836883544922e-01
6.090558320283889771e-02
7.372234761714935303e-02
6.620658189058303833e-02
5.828975513577461243e-02
7.390128076076507568e-02
1.933639347553253174e-01
8.094761869870126247e-05
5.050298199057579041e-02
4.092687964439392090e-01
1.340165578511687272e-08
4.724026947400261633e-09
4.669671505689620972e-02
4.138027876615524292e-02
2.137736976146697998e-02
8.950445801019668579e-02
1.505279680714011192e-03
8.787531256675720215e-01
1.057627350091934204e-01
1.335328817367553711e-01
1.464082300662994385e-01
5.505257844924926758e-01
6.016629189252853394e-02
6.650197505950927734e-02
5.892184749245643616e-02
6.438784301280975342e-02
7.258506119251251221e-02
3.361364603042602539e-01
8.875512867234647274e-05
5.626907944679260254e-02
3.597953617572784424e-01
1.340165578511687272e-08
4.724026947400261633e-09
4.219760000705718994e-02
3.958585113286972046e-02
1.703074201941490173e-02
7.789371162652969360e-02
1.350863138213753700e-03
8.129853606224060059e-01
8.891125768423080444e-02
1.176030635833740234e-01
1.326361298561096191e-01
6.146210432052612305e-01
6.099355965852737427e-02
3.963433578610420227e-02
6.300263851881027222e-02
2.701061591506004333e-02
3.490785881876945496e-02
3.120714724063873291e-01
9.575109288562089205e-05
7.506700605154037476e-02
4.142084717750549316e-01
1.340165578511687272e-08
4.724026947400261633e-09
4.559550806879997253e-02
3.717776760458946228e-02
1.775060407817363739e-02
1.012144759297370911e-01
1.164820278063416481e-03
8.074834942817687988e-01
8.529648184776306152e-02
1.228118389844894409e-01
1.159392893314361572e-01
3.118119835853576660e-01
5.531848222017288208e-02
5.756809562444686890e-02
6.941686570644378662e-02
5.803291127085685730e-02
5.764846503734588623e-02
3.033002018928527832e-01
9.577792661730200052e-05
5.449140071868896484e-02
3.812189996242523193e-01
1.340165578511687272e-08
4.724026947400261633e-09
4.206465557217597961e-02
3.274881094694137573e-02
1.571144722402095795e-02
7.439203560352325439e-02
1.144604175351560116e-03
7.495753169059753418e-01
9.085723012685775757e-02
1.293340176343917847e-01
1.905731409788131714e-01
2.352856844663619995e-01
5.787061527371406555e-02
5.845255404710769653e-02
6.407182663679122925e-02
7.471637427806854248e-02
4.841312393546104431e-02
2.998354732990264893e-01
6.025286711519584060e-05
5.004185065627098083e-02
3.744275867938995361e-01
1.340165578511687272e-08
4.724026947400261633e-09
4.175726696848869324e-02
2.985432557761669159e-02
2.559794113039970398e-02
8.806598931550979614e-02
1.265811035409569740e-03
6.221802234649658203e-01
1.079476252198219299e-01
1.456235647201538086e-01
1.362455189228057861e-01
2.323063015937805176e-01
5.887873843312263489e-02
8.468677848577499390e-02
6.217988952994346619e-02
7.474114000797271729e-02
7.487548887729644775e-02
3.311476409435272217e-01
8.122387225739657879e-05
5.022343993186950684e-02
3.848687708377838135e-01
1.340165578511687272e-08
4.724026947400261633e-09
3.444409742951393127e-02
2.953968197107315063e-02
2.800162136554718018e-02
8.445520699024200439e-02
1.206551445648074150e-03
6.770414113998413086e-01
8.978923410177230835e-02
1.345147788524627686e-01
2.012842297554016113e-01
2.423089593648910522e-01
6.486023962497711182e-02
7.763341814279556274e-02
5.595497414469718933e-02
8.499221503734588623e-02
8.647247403860092163e-02
2.806106805801391602e-01
5.319191404851153493e-05
5.098338425159454346e-02
3.841951489448547363e-01
1.340165578511687272e-08
4.724026947400261633e-09
5.729649215936660767e-02
5.155989527702331543e-02
4.660201817750930786e-02
8.194480836391448975e-02
1.398693653754889965e-03
6.244860887527465820e-01
8.042095601558685303e-02
9.761923551559448242e-02
1.857063025236129761e-01
2.431864738464355469e-01
5.140236020088195801e-02
8.184713870286941528e-02
7.401053607463836670e-02
8.071555197238922119e-02
7.985278964042663574e-02
2.694744169712066650e-01
9.406657045474275947e-05
6.328309327363967896e-02
3.783720433712005615e-01
1.340165578511687272e-08
4.724026947400261633e-09
6.109764426946640015e-02
6.172742322087287903e-02
2.590700052678585052e-02
7.993730902671813965e-02
1.443258021026849747e-03
5.914205312728881836e-01
1.018302217125892639e-01
1.197433099150657654e-01
1.449857950210571289e-01
2.764471471309661865e-01
5.111309513449668884e-02
4.630716517567634583e-02
8.299092203378677368e-02
5.508818104863166809e-02
5.869641155004501343e-02
2.112114727497100830e-01
5.808412606711499393e-05
4.890431836247444153e-02
4.133118689060211182e-01
1.340165578511687272e-08
4.724026947400261633e-09
7.189889252185821533e-02
8.492118120193481445e-02
4.374116286635398865e-02
7.341274619102478027e-02
1.400998909957706928e-03
5.071604251861572266e-01
1.092675998806953430e-01
1.177649870514869690e-01
1.624744683504104614e-01
3.187677264213562012e-01
5.348089337348937988e-02
9.158359467983245850e-02
7.637088745832443237e-02
6.300251930952072144e-02
6.310376524925231934e-02
1.790577769279479980e-01
8.263854397227987647e-05
5.893387272953987122e-02
3.971534371376037598e-01
1.340165578511687272e-08
4.724026947400261633e-09
9.072650969028472900e-02
9.283683449029922485e-02
5.825228989124298096e-02
1.082455664873123169e-01
1.684283721260726452e-03
5.016628503799438477e-01
1.302939355373382568e-01
1.636076569557189941e-01
1.747229248285293579e-01
4.146615862846374512e-01
6.065488606691360474e-02
1.099629029631614685e-01
9.693249315023422241e-02
1.186871677637100220e-01
1.055893078446388245e-01
1.950123906135559082e-01
7.603132689837366343e-05
5.908490344882011414e-02
4.290333390235900879e-01
1.340165578511687272e-08
4.724026947400261633e-09
8.509711176156997681e-02
7.639724016189575195e-02
3.495100140571594238e-02
9.078396111726760864e-02
1.820202334783971310e-03
4.465108513832092285e-01
1.433156281709671021e-01
1.715847402811050415e-01
2.917302548885345459e-01
4.507578909397125244e-01
6.870581954717636108e-02
1.227667704224586487e-01
1.194726601243019104e-01
1.195519119501113892e-01
1.214204281568527222e-01
2.198689281940460205e-01
8.980400161817669868e-05
6.130584701895713806e-02
4.553614258766174316e-01
1.340165578511687272e-08
4.724026947400261633e-09
6.391369551420211792e-02
6.027356907725334167e-02
3.116707317531108856e-02
1.025576367974281311e-01
1.883246703073382378e-03
4.194005727767944336e-01
1.983913630247116089e-01
2.250780314207077026e-01
1.784798204898834229e-01
4.874960482120513916e-01
1.033799499273300171e-01
1.176152005791664124e-01
1.277040541172027588e-01
8.741322904825210571e-02
8.727267384529113770e-02
2.522445917129516602e-01
1.051131548592820764e-04
6.990727782249450684e-02
4.970154464244842529e-01
1.340165578511687272e-08
4.724026947400261633e-09
1.459561586380004883e-01
1.164651960134506226e-01
6.670244038105010986e-02
1.691705584526062012e-01
1.903342315927147865e-03
3.744051456451416016e-01
3.689621984958648682e-01
3.795369565486907959e-01
3.407751321792602539e-01
5.139040946960449219e-01
1.154883801937103271e-01
1.965114772319793701e-01
1.380269974470138550e-01
1.913004368543624878e-01
1.742098033428192139e-01
4.662014245986938477e-01
1.408428215654566884e-04
8.713024854660034180e-02
5.715298652648925781e-01
1.340165578511687272e-08
4.724026947400261633e-09
3.020307421684265137e-01
2.714711725711822510e-01
1.459360867738723755e-01
2.243179827928543091e-01
2.036740770563483238e-03
3.633508384227752686e-01
4.054409563541412354e-01
4.070993065834045410e-01
4.286364614963531494e-01
6.802806258201599121e-01
1.438104361295700073e-01
1.622880697250366211e-01
1.632138490676879883e-01
1.615707725286483765e-01
1.630125492811203003e-01
5.015963315963745117e-01
1.502616505604237318e-04
1.005145236849784851e-01
5.714894533157348633e-01
1.340165578511687272e-08
4.724026947400261633e-09
2.885224819183349609e-01
2.790523171424865723e-01
1.406938284635543823e-01
2.831192314624786377e-01
2.037398982793092728e-03
3.352234661579132080e-01
2.689839005470275879e-01
2.953146994113922119e-01
7.841721922159194946e-02
1.013850569725036621e+00
1.341902613639831543e-01
5.263549461960792542e-02
2.018645554780960083e-01
6.270836293697357178e-02
6.380897015333175659e-02
4.563375711441040039e-01
1.497115299571305513e-04
9.446395933628082275e-02
6.329169273376464844e-01
1.340165578511687272e-08
4.724026947400261633e-09
6.044710427522659302e-02
7.444577664136886597e-02
4.346029832959175110e-02
2.293715178966522217e-01
2.251621335744857788e-03
2.403798848390579224e-01
1.927146911621093750e-01
2.381273508071899414e-01
3.990671038627624512e-02
8.570518493652343750e-01
1.056850776076316833e-01
3.135810419917106628e-02
2.030479758977890015e-01
3.019355051219463348e-02
2.863080427050590515e-02
4.095039367675781250e-01
1.516301563242450356e-04
9.704049676656723022e-02
8.173512816429138184e-01
1.340165578511687272e-08
4.724026947400261633e-09
7.792307436466217041e-02
6.224895641207695007e-02
2.488348819315433502e-02
1.798398196697235107e-01
2.429380314424633980e-03
1.908713132143020630e-01
1.279303282499313354e-01
1.432631760835647583e-01
4.932441189885139465e-02
5.790086388587951660e-01
9.074536710977554321e-02
3.782454505562782288e-02
1.410989016294479370e-01
3.742453455924987793e-02
4.751934111118316650e-02
2.311540842056274414e-01
1.567926665302366018e-04
1.119609773159027100e-01
8.759087920188903809e-01
1.340165578511687272e-08
4.724026947400261633e-09
1.092890352010726929e-01
1.204620748758316040e-01
5.367951095104217529e-02
1.195129901170730591e-01
2.274117199704051018e-03
1.293101608753204346e-01
8.461050689220428467e-02
9.986366331577301025e-02
4.301783815026283264e-02
1.074947595596313477e+00
5.020078644156455994e-02
2.818746306002140045e-02
1.200044602155685425e-01
3.090047836303710938e-02
2.642768993973731995e-02
8.717034012079238892e-02
1.611384068382903934e-04
1.159590557217597961e-01
8.415579199790954590e-01
1.340165578511687272e-08
4.724026947400261633e-09
1.975726187229156494e-01
2.261041402816772461e-01
8.582086116075515747e-02
9.140105545520782471e-02
2.244649920612573624e-03
1.272842437028884888e-01
1.303052157163619995e-01
8.232890069484710693e-02
4.254794865846633911e-02
2.532820224761962891e+00
4.341132938861846924e-02
2.749840356409549713e-02
2.281703948974609375e-01
2.988782338798046112e-02
2.960234507918357849e-02
2.009290307760238647e-01
1.535046612843871117e-04
9.363503754138946533e-02
8.146136403083801270e-01
1.340165578511687272e-08
4.724026947400261633e-09
2.390529066324234009e-01
2.537272274494171143e-01
9.903885424137115479e-02
1.190551668405532837e-01
2.355957403779029846e-03
9.036288410425186157e-02
5.044735074043273926e-01
2.991224527359008789e-01
4.513881355524063110e-02
1.546827077865600586e+00
1.657159924507141113e-01
3.307918831706047058e-02
3.712937831878662109e-01
3.164021298289299011e-02
3.268366307020187378e-02
2.007506638765335083e-01
1.547211140859872103e-04
9.171858429908752441e-02
1.040053009986877441e+00
1.340165578511687272e-08
4.724026947400261633e-09
9.899722039699554443e-02
1.038266569375991821e-01
5.945963039994239807e-02
2.161103636026382446e-01
2.258226741105318069e-03
9.976223856210708618e-02
5.153928995132446289e-01
3.408161997795104980e-01
5.260552093386650085e-02
1.482976913452148438e+00
4.111241698265075684e-01
4.522842913866043091e-02
3.811669647693634033e-01
5.057380720973014832e-02
7.062538713216781616e-02
2.379465997219085693e-01
1.533086324343457818e-04
9.351257979869842529e-02
1.027216792106628418e+00
1.340165578511687272e-08
4.724026947400261633e-09
6.391635537147521973e-02
5.931069701910018921e-02
3.194848820567131042e-02
3.462703227996826172e-01
2.330203074961900711e-03
8.521502465009689331e-02
9.947161376476287842e-02
1.314906775951385498e-01
6.469106674194335938e-02
1.102702498435974121e+00
6.145607680082321167e-02
9.984120726585388184e-02
2.929005920886993408e-01
8.974703401327133179e-02
1.035008877515792847e-01
1.382284760475158691e-01
1.511428126832470298e-04
9.770922362804412842e-02
1.053319811820983887e+00
1.340165578511687272e-08
4.724026947400261633e-09
4.101368039846420288e-02
3.562373667955398560e-02
1.577602885663509369e-02
2.361287176609039307e-01
2.485272474586963654e-03
7.319859415292739868e-02
5.524307116866111755e-02
6.707210838794708252e-02
2.261300086975097656e-01
4.995740652084350586e-01
3.118042647838592529e-02
1.693269312381744385e-01
1.981710195541381836e-01
1.862438023090362549e-01
2.023468464612960815e-01
7.999871671199798584e-02
1.571865432197228074e-04
9.575201570987701416e-02
9.171329736709594727e-01
1.340165578511687272e-08
4.724026947400261633e-09
4.391595721244812012e-02
3.109389171004295349e-02
1.950743421912193298e-02
9.060721844434738159e-02
2.529653720557689667e-03
6.677877157926559448e-02
5.784222111105918884e-02
6.776179373264312744e-02
4.554062709212303162e-02
3.705643415451049805e-01
2.893320098519325256e-02
4.810242354869842529e-02
1.232527419924736023e-01
5.233118683099746704e-02
5.164679884910583496e-02
8.023919165134429932e-02
1.510236179456114769e-04
1.116495355963706970e-01
1.153713226318359375e+00
1.340165578511687272e-08
4.724026947400261633e-09
5.152162536978721619e-02
4.458012804388999939e-02
1.882153004407882690e-02
5.324823409318923950e-02
2.642262028530240059e-03
6.113901734352111816e-02
7.037750631570816040e-02
6.713206321001052856e-02
5.880957469344139099e-02
4.215044677257537842e-01
2.879835851490497589e-02
3.089418075978755951e-02
1.103317886590957642e-01
2.977258339524269104e-02
2.941208146512508392e-02
1.050358265638351440e-01
1.508549903519451618e-04
8.551536500453948975e-02
1.048952221870422363e+00
1.340165578511687272e-08
4.724026947400261633e-09
3.958190232515335083e-02
4.008231312036514282e-02
1.794569194316864014e-02
5.832582339644432068e-02
3.202395746484398842e-03
4.701692610979080200e-02
5.744482204318046570e-02
5.354578047990798950e-02
8.790411055088043213e-02
3.204223215579986572e-01
3.894112259149551392e-02
3.793368488550186157e-02
1.126077994704246521e-01
2.613209560513496399e-02
2.488310076296329498e-02
1.322199255228042603e-01
1.526556588942185044e-04
8.566401153802871704e-02
1.066033601760864258e+00
1.340165578511687272e-08
4.724026947400261633e-09
4.303797334432601929e-02
4.146445915102958679e-02
2.066171541810035706e-02
6.525506824254989624e-02
2.938576741144061089e-03
4.618864506483078003e-02
1.112949699163436890e-01
1.011433452367782593e-01
7.020224630832672119e-02
3.774275779724121094e-01
5.474933981895446777e-02
5.509968101978302002e-02
1.069370433688163757e-01
4.657069221138954163e-02
4.494469985365867615e-02
1.051355302333831787e-01
1.534499024273827672e-04
8.819926530122756958e-02
1.115642905235290527e+00
1.340165578511687272e-08
4.724026947400261633e-09
4.478624463081359863e-02
3.988770768046379089e-02
1.960348524153232574e-02
7.833368331193923950e-02
2.865119371563196182e-03
3.487998992204666138e-02
7.440124452114105225e-02
6.984180957078933716e-02
1.307139098644256592e-01
3.849064409732818604e-01
4.237955063581466675e-02
7.809701561927795410e-02
8.356798440217971802e-02
7.033770531415939331e-02
8.880467712879180908e-02
1.365026235580444336e-01
1.615669752936810255e-04
9.100626409053802490e-02
9.966197013854980469e-01
1.340165578511687272e-08
4.724026947400261633e-09
5.163972079753875732e-02
3.958167880773544312e-02
3.214097023010253906e-02
1.504934132099151611e-01
5.761255044490098953e-03
1.918814517557621002e-02
1.048296615481376648e-01
8.832125365734100342e-02
1.581537127494812012e-01
4.271748065948486328e-01
3.264259174466133118e-02
4.526837542653083801e-02
9.856978803873062134e-02
4.700691252946853638e-02
5.359471961855888367e-02
9.644527733325958252e-02
1.715398975647985935e-04
1.604505330324172974e-01
1.048252105712890625e+00
1.340165578511687272e-08
4.724026947400261633e-09
4.317124560475349426e-02
3.722134232521057129e-02
3.270056843757629395e-02
1.380473524332046509e-01
5.880579352378845215e-03
1.457057148218154907e-02
8.009754121303558350e-02
8.196052163839340210e-02
2.179158926010131836e-01
3.720822930335998535e-01
4.079357907176017761e-02
1.063474044203758240e-01
1.087393164634704590e-01
8.730183541774749756e-02
1.116532832384109497e-01
1.195886284112930298e-01
1.911848521558567882e-04
1.109833493828773499e-01
1.107664346694946289e+00
1.340165578511687272e-08
4.724026947400261633e-09
9.116138517856597900e-02
6.468846648931503296e-02
4.065594077110290527e-02
1.180460676550865173e-01
5.078793503344058990e-03
1.035204809159040451e-02
7.020778954029083252e-02
6.428321450948715210e-02
2.070410549640655518e-01
4.700098037719726562e-01
3.865819796919822693e-02
7.495273649692535400e-02
9.676226228475570679e-02
6.323992460966110229e-02
6.375221163034439087e-02
7.680906355381011963e-02
2.062190324068069458e-04
1.176842525601387024e-01
1.056761264801025391e+00
1.340165578511687272e-08
4.724026947400261633e-09
8.110829442739486694e-02
6.271100789308547974e-02
3.332588821649551392e-02
1.083511486649513245e-01
5.983671173453330994e-03
1.235482934862375259e-02
7.219539582729339600e-02
7.150281220674514771e-02
1.594915688037872314e-01
7.131661176681518555e-01
3.116379119455814362e-02
5.049800872802734375e-02
7.146137952804565430e-02
6.247748807072639465e-02
6.265822798013687134e-02
1.008208915591239929e-01
2.062570420093834400e-04
1.183223128318786621e-01
1.032197833061218262e+00
1.340165578511687272e-08
4.724026947400261633e-09
9.548356384038925171e-02
9.299272298812866211e-02
5.108096450567245483e-02
1.049799099564552307e-01
7.196622900664806366e-03
1.408782601356506348e-02
1.123341023921966553e-01
1.211474835872650146e-01
9.552630037069320679e-02
1.020304679870605469e+00
4.959946498274803162e-02
6.218669563531875610e-02
1.309259980916976929e-01
6.004470959305763245e-02
6.051657721400260925e-02
1.170588880777359009e-01
2.097901597153395414e-04
1.303192526102066040e-01
9.861290454864501953e-01
1.340165578511687272e-08
4.724026947400261633e-09
1.096436530351638794e-01
9.551206231117248535e-02
5.699538439512252808e-02
1.195227727293968201e-01
6.052293814718723297e-03
1.840897835791110992e-02
1.037617400288581848e-01
1.022114753723144531e-01
1.120895892381668091e-01
7.331327199935913086e-01
5.580030754208564758e-02
5.188671126961708069e-02
1.416106373071670532e-01
4.162914305925369263e-02
4.717348143458366394e-02
1.067102551460266113e-01
2.208324876846745610e-04
1.298670172691345215e-01
1.086239576339721680e+00
1.340165578511687272e-08
4.724026947400261633e-09
8.787594735622406006e-02
7.887261360883712769e-02
3.909618407487869263e-02
1.060503870248794556e-01
4.604869056493043900e-03
2.096543647348880768e-02
1.071654707193374634e-01
9.272133558988571167e-02
2.001184225082397461e-01
6.934607625007629395e-01
4.443985596299171448e-02
8.486330509185791016e-02
1.341759264469146729e-01
8.746081590652465820e-02
8.944746106863021851e-02
1.170971766114234924e-01
2.228115918114781380e-04
1.366890221834182739e-01
1.061940550804138184e+00
1.340165578511687272e-08
4.724026947400261633e-09
5.796264484524726868e-02
6.319521367549896240e-02
3.331920877099037170e-02
8.376339077949523926e-02
4.479806404560804367e-03
2.263530157506465912e-02
1.113534346222877502e-01
1.045054048299789429e-01
1.968061327934265137e-01
3.727247416973114014e-01
4.272778704762458801e-02
1.037674844264984131e-01
1.717416942119598389e-01
9.503395855426788330e-02
9.545183181762695312e-02
1.368843466043472290e-01
2.231334510724991560e-04
1.418176889419555664e-01
9.880914092063903809e-01
1.340165578511687272e-08
4.724026947400261633e-09
1.133258193731307983e-01
1.049398481845855713e-01
6.373469531536102295e-02
1.011159569025039673e-01
4.290827084332704544e-03
2.747706510126590729e-02
1.129571571946144104e-01
1.176428198814392090e-01
2.017225474119186401e-01
5.263575315475463867e-01
4.219219088554382324e-02
1.316414326429367065e-01
1.173333078622817993e-01
1.323243379592895508e-01
1.132016628980636597e-01
1.207640320062637329e-01
2.260881738038733602e-04
1.585744470357894897e-01
8.458369374275207520e-01
1.340165578511687272e-08
4.724026947400261633e-09
2.542333900928497314e-01
2.453535646200180054e-01
1.353102773427963257e-01
9.967881441116333008e-02
3.566811792552471161e-03
2.536062709987163544e-02
1.454635411500930786e-01
1.349435746669769287e-01
1.968881040811538696e-01
3.561803400516510010e-01
5.686245113611221313e-02
1.357354074716567993e-01
6.604710966348648071e-02
1.586844474077224731e-01
1.589557081460952759e-01
9.831496328115463257e-02
2.319455961696803570e-04
1.426043957471847534e-01
9.489017724990844727e-01
1.340165578511687272e-08
4.724026947400261633e-09
2.911563515663146973e-01
2.588919997215270996e-01
1.480854302644729614e-01
1.119945645332336426e-01
3.184703411534428596e-03
2.541017532348632812e-02
1.073619723320007324e-01
1.029644832015037537e-01
4.497262835502624512e-02
3.285349309444427490e-01
4.594150558114051819e-02
3.841621428728103638e-02
6.608457118272781372e-02
3.852669894695281982e-02
3.885260969400405884e-02
1.076751351356506348e-01
2.312912110937759280e-04
1.353143751621246338e-01
1.020400762557983398e+00
1.340165578511687272e-08
4.724026947400261633e-09
1.133943870663642883e-01
1.000856459140777588e-01
5.683720856904983521e-02
9.902314096689224243e-02
2.880355808883905411e-03
2.723782323300838470e-02
6.929416954517364502e-02
7.182179391384124756e-02
3.898482397198677063e-02
3.092231750488281250e-01
3.686661273241043091e-02
2.876569889485836029e-02
6.055670231580734253e-02
3.072266280651092529e-02
3.423946723341941833e-02
1.141113117337226868e-01
2.380960941081866622e-04
1.211290583014488220e-01
1.051698446273803711e+00
1.340165578511687272e-08
4.724026947400261633e-09
6.171107292175292969e-02
5.944427475333213806e-02
2.959030866622924805e-02
6.742741167545318604e-02
3.566465806216001511e-03
3.195527568459510803e-02
6.921555846929550171e-02
6.892112642526626587e-02
3.255668282508850098e-02
4.138898849487304688e-01
3.383848071098327637e-02
2.116946876049041748e-02
6.069761142134666443e-02
2.447544038295745850e-02
2.490375749766826630e-02
8.441783487796783447e-02
2.310321724507957697e-04
1.341595202684402466e-01
1.037524938583374023e+00
1.340165578511687272e-08
4.724026947400261633e-09
8.077768981456756592e-02
8.095011115074157715e-02
4.490001872181892395e-02
6.767623126506805420e-02
3.659278154373168945e-03
3.567086905241012573e-02
1.004020124673843384e-01
1.116427928209304810e-01
3.027511760592460632e-02
1.421768188476562500e+00
3.564276546239852905e-02
2.348819933831691742e-02
9.876330941915512085e-02
2.154155634343624115e-02
2.177206054329872131e-02
2.145409286022186279e-01
2.362245577387511730e-04
1.279300302267074585e-01
1.002147436141967773e+00
1.340165578511687272e-08
4.724026947400261633e-09
1.613217294216156006e-01
1.245750114321708679e-01
6.492111831903457642e-02
7.888182252645492554e-02
3.466547932475805283e-03
4.078366234898567200e-02
1.411975920200347900e-01
1.644664704799652100e-01
2.513203769922256470e-02
1.816403746604919434e+00
4.748700186610221863e-02
2.082729712128639221e-02
2.267870604991912842e-01
2.359772659838199615e-02
1.733246818184852600e-02
2.463840097188949585e-01
2.411857567494735122e-04
1.421547532081604004e-01
1.010960340499877930e+00
1.340165578511687272e-08
4.724026947400261633e-09
1.937494277954101562e-01
1.728974580764770508e-01
9.017537534236907959e-02
1.694713532924652100e-01
2.856748877093195915e-03
5.471485108137130737e-02
5.040333271026611328e-01
5.722821354866027832e-01
3.327172622084617615e-02
1.682048797607421875e+00
1.853867024183273315e-01
2.004972100257873535e-02
4.867334961891174316e-01
2.281939052045345306e-02
2.458211407065391541e-02
4.994069039821624756e-01
2.442275581415742636e-04
1.292261183261871338e-01
1.031586647033691406e+00
1.340165578511687272e-08
4.724026947400261633e-09
9.498745948076248169e-02
9.510362893342971802e-02
4.520508646965026855e-02
3.349893093109130859e-01
3.358797635883092880e-03
5.924442410469055176e-02
2.981589734554290771e-01
3.173073828220367432e-01
8.263020962476730347e-02
1.216907501220703125e+00
1.651129275560379028e-01
3.318201750516891479e-02
2.831668257713317871e-01
3.790458291769027710e-02
3.737197071313858032e-02
3.197517991065979004e-01
2.492441853974014521e-04
1.500926017761230469e-01
1.006805062294006348e+00
1.340165578511687272e-08
4.724026947400261633e-09
5.817553028464317322e-02
6.568173319101333618e-02
3.040496446192264557e-02
2.611130177974700928e-01
4.853973165154457092e-03
5.716169625520706177e-02
1.490764319896697998e-01
1.514925956726074219e-01
6.131903454661369324e-02
9.628392457962036133e-01
8.289972692728042603e-02
5.612574145197868347e-02
1.472095996141433716e-01
6.469798088073730469e-02
5.965928733348846436e-02
1.996858417987823486e-01
2.548237389419227839e-04
1.457486152648925781e-01
9.363538622856140137e-01
1.340165578511687272e-08
4.724026947400261633e-09
4.728307947516441345e-02
3.927572444081306458e-02
2.060382999479770660e-02
1.575958430767059326e-01
5.111871752887964249e-03
6.071509048342704773e-02
7.985299825668334961e-02
1.235270872712135315e-01
5.907163023948669434e-02
6.312724351882934570e-01
3.857818618416786194e-02
6.225786358118057251e-02
1.292122006416320801e-01
6.809525191783905029e-02
6.594097614288330078e-02
1.362057924270629883e-01
2.587776980362832546e-04
1.708629131317138672e-01
9.391935467720031738e-01
1.340165578511687272e-08
4.724026947400261633e-09
4.256199672818183899e-02
3.909080475568771362e-02
2.292498387396335602e-02
7.775000482797622681e-02
2.867571543902158737e-03
5.801986530423164368e-02
9.128595888614654541e-02
8.695636689662933350e-02
5.191684886813163757e-02
6.175600886344909668e-01
3.752936795353889465e-02
2.722467482089996338e-02
1.036921441555023193e-01
3.227575123310089111e-02
3.404373675584793091e-02
1.510194689035415649e-01
2.428818697808310390e-04
1.463832110166549683e-01
9.250946044921875000e-01
1.340165578511687272e-08
4.724026947400261633e-09
4.691856354475021362e-02
4.612051695585250854e-02
2.163679338991641998e-02
6.419724225997924805e-02
3.511978778988122940e-03
5.190565064549446106e-02
8.104530721902847290e-02
1.010133102536201477e-01
1.234312057495117188e-01
4.872153997421264648e-01
3.395686298608779907e-02
3.151659294962882996e-02
8.519493788480758667e-02
5.758658051490783691e-02
5.040436610579490662e-02
1.078494638204574585e-01
2.483612042851746082e-04
1.568516790866851807e-01
9.236871600151062012e-01
1.340165578511687272e-08
4.724026947400261633e-09
4.216031730175018311e-02
4.296955093741416931e-02
2.261813916265964508e-02
7.241001725196838379e-02
2.763175638392567635e-03
6.334923952817916870e-02
1.027863472700119019e-01
1.059792637825012207e-01
3.702180832624435425e-02
1.521243751049041748e-01
3.816758468747138977e-02
2.789233438670635223e-02
1.016451641917228699e-01
1.802228204905986786e-02
1.773587800562381744e-02
1.199990585446357727e-01
2.435453789075836539e-04
1.459834277629852295e-01
9.151916503906250000e-01
1.340165578511687272e-08
4.724026947400261633e-09
4.542952030897140503e-02
4.475615173578262329e-02
2.305616997182369232e-02
6.829144060611724854e-02
5.274664610624313354e-03
5.207732319831848145e-02
1.092478632926940918e-01
1.109792143106460571e-01
4.966660961508750916e-02
3.416911065578460693e-01
4.036847874522209167e-02
2.221516519784927368e-02
7.703711092472076416e-02
2.577274665236473083e-02
2.086381055414676666e-02
9.289302676916122437e-02
2.473476051818579435e-04
1.550066322088241577e-01
9.046532511711120605e-01
1.340165578511687272e-08
4.724026947400261633e-09
3.897618502378463745e-02
4.112126305699348450e-02
2.236028388142585754e-02
8.497754484415054321e-02
2.984321210533380508e-03
5.616922676563262939e-02
1.317879855632781982e-01
1.098017543554306030e-01
4.623756185173988342e-02
3.641118407249450684e-01
4.020012170076370239e-02
2.686154469847679138e-02
1.018993183970451355e-01
2.746869251132011414e-02
3.571071103215217590e-02
1.237972378730773926e-01
2.540188143029808998e-04
1.578911393880844116e-01
9.239309430122375488e-01
1.340165578511687272e-08
4.724026947400261633e-09
3.769762068986892700e-02
3.835009410977363586e-02
3.994222357869148254e-02
9.697958081960678101e-02
2.916899742558598518e-03
5.857381224632263184e-02
1.106262058019638062e-01
1.231554821133613586e-01
4.118993133306503296e-02
4.958896636962890625e-01
4.037145152688026428e-02
2.133986167609691620e-02
1.000848710536956787e-01
2.705487422645092010e-02
2.086554281413555145e-02
1.446909606456756592e-01
2.596044796518981457e-04
1.763699352741241455e-01
9.720451831817626953e-01
1.340165578511687272e-08
4.724026947400261633e-09
4.544858634471893311e-02
4.215560853481292725e-02
4.083105921745300293e-02
9.208246320486068726e-02
2.991361310705542564e-03
4.187654331326484680e-02
1.322235316038131714e-01
1.251983940601348877e-01
6.874506920576095581e-02
5.846381783485412598e-01
4.439897462725639343e-02
3.160397708415985107e-02
1.224678158760070801e-01
3.422745689749717712e-02
3.459156677126884460e-02
1.438041180372238159e-01
2.624319749884307384e-04
1.476848721504211426e-01
9.727169871330261230e-01
1.340165578511687272e-08
4.724026947400261633e-09
7.119499146938323975e-02
6.892418861389160156e-02
6.300305575132369995e-02
1.225943341851234436e-01
4.907050170004367828e-03
5.056697502732276917e-02
1.275747716426849365e-01
1.214196532964706421e-01
4.807331413030624390e-02
7.215796113014221191e-01
4.968225955963134766e-02
2.713896520435810089e-02
9.154170006513595581e-02
3.001747839152812958e-02
2.661997452378273010e-02
1.603833436965942383e-01
2.658809244167059660e-04
1.560014039278030396e-01
9.364367723464965820e-01
1.340165578511687272e-08
4.724026947400261633e-09
7.809175550937652588e-02
7.046075165271759033e-02
3.707437962293624878e-02
1.331315040588378906e-01
3.634564112871885300e-03
3.390731289982795715e-02
1.357213854789733887e-01
1.385332345962524414e-01
8.555825799703598022e-02
7.422212958335876465e-01
5.816116929054260254e-02
5.391064286231994629e-02
7.677789777517318726e-02
5.207521468400955200e-02
5.408257991075515747e-02
1.703268289566040039e-01
2.683047787286341190e-04
1.690309047698974609e-01
9.416469335556030273e-01
1.340165578511687272e-08
4.724026947400261633e-09
9.661817550659179688e-02
9.711629152297973633e-02
5.139033123850822449e-02
1.061475947499275208e-01
4.882253240793943405e-03
5.994792282581329346e-02
1.672762632369995117e-01
1.571399420499801636e-01
1.269557327032089233e-01
8.145083189010620117e-01
5.589572712779045105e-02
6.349661946296691895e-02
8.247509598731994629e-02
5.774857848882675171e-02
5.672213062644004822e-02
1.435426473617553711e-01
2.789791033137589693e-04
1.676838696002960205e-01
9.340380430221557617e-01
1.340165578511687272e-08
4.724026947400261633e-09
1.101224571466445923e-01
1.104318276047706604e-01
6.115708500146865845e-02
1.050160601735115051e-01
2.881900640204548836e-03
7.128626108169555664e-02
1.477999389171600342e-01
1.408779323101043701e-01
7.830412685871124268e-02
8.644528985023498535e-01
6.712768971920013428e-02
5.947428196668624878e-02
1.019017919898033142e-01
5.077711865305900574e-02
5.123773217201232910e-02
2.190016806125640869e-01
2.824550610966980457e-04
1.924021542072296143e-01
9.130892157554626465e-01
1.340165578511687272e-08
4.724026947400261633e-09
1.199041530489921570e-01
9.780582040548324585e-02
6.156868115067481995e-02
1.059943139553070068e-01
2.870530588552355766e-03
7.136820256710052490e-02
1.025855764746665955e-01
9.620982408523559570e-02
1.328007429838180542e-01
5.463848710060119629e-01
5.375792458653450012e-02
9.287557005882263184e-02
1.050538197159767151e-01
7.614812254905700684e-02
7.642854750156402588e-02
1.385981291532516479e-01
2.760905190370976925e-04
1.666838228702545166e-01
9.192386865615844727e-01
1.340165578511687272e-08
4.724026947400261633e-09
9.663345664739608765e-02
8.752387762069702148e-02
5.451133102178573608e-02
1.141974255442619324e-01
2.457894850522279739e-03
6.909292191267013550e-02
9.291414916515350342e-02
9.237243235111236572e-02
1.695791482925415039e-01
4.155681133270263672e-01
3.082053922116756439e-02
6.514433771371841431e-02
8.266063034534454346e-02
7.485370337963104248e-02
5.670612305402755737e-02
1.147169843316078186e-01
2.732467255555093288e-04
1.887875795364379883e-01
9.122917652130126953e-01
1.340165578511687272e-08
4.724026947400261633e-09
1.242923885583877563e-01
1.098662093281745911e-01
6.886116415262222290e-02
7.410335540771484375e-02
2.109364373609423637e-03
6.613148748874664307e-02
7.031009346246719360e-02
7.142651826143264771e-02
1.405411809682846069e-01
2.117560952901840210e-01
2.416980639100074768e-02
8.680463582277297974e-02
4.517413675785064697e-02
7.208324968814849854e-02
7.808041572570800781e-02
7.520210742950439453e-02
2.824685943778604269e-04
2.123297899961471558e-01
9.136341810226440430e-01
1.340165578511687272e-08
4.724026947400261633e-09
2.244961410760879517e-01
2.085562199354171753e-01
1.239384934306144714e-01
4.684234410524368286e-02
1.844975166022777557e-03
3.866990655660629272e-02
5.643393844366073608e-02
5.715841427445411682e-02
1.620655804872512817e-01
1.943651139736175537e-01
1.836179010570049286e-02
9.406512975692749023e-02
2.013014443218708038e-02
8.172316104173660278e-02
8.314242959022521973e-02
7.422245293855667114e-02
2.800426154863089323e-04
2.186996340751647949e-01
9.337615966796875000e-01
1.340165578511687272e-08
4.724026947400261633e-09
2.094549834728240967e-01
1.968928724527359009e-01
1.208382546901702881e-01
4.078357666730880737e-02
1.490744412876665592e-03
2.240048348903656006e-02
6.955198198556900024e-02
6.581999361515045166e-02
7.886151969432830811e-02
1.962335407733917236e-01
2.340683154761791229e-02
6.524979323148727417e-02
1.144811697304248810e-02
8.887456357479095459e-02
9.929607808589935303e-02
7.962001115083694458e-02
2.697903255466371775e-04
1.441267579793930054e-01
9.446652531623840332e-01
1.340165578511687272e-08
4.724026947400261633e-09
1.261181682348251343e-01
1.125587150454521179e-01
6.859640032052993774e-02
5.374847725033760071e-02
2.068820409476757050e-03
2.514335885643959045e-02
7.990318536758422852e-02
7.384579628705978394e-02
8.261982351541519165e-02
1.089557930827140808e-01
2.570021711289882660e-02
5.485262349247932434e-02
1.107588037848472595e-02
5.074625462293624878e-02
5.110825225710868835e-02
8.647841215133666992e-02
2.769310085568577051e-04
1.836387813091278076e-01
1.000847578048706055e+00
1.340165578511687272e-08
4.724026947400261633e-09
8.391644805669784546e-02
8.155355602502822876e-02
5.791097134351730347e-02
5.853976681828498840e-02
1.307960366830229759e-03
2.350074425339698792e-02
8.818393945693969727e-02
8.728934079408645630e-02
9.059274196624755859e-02
1.362396478652954102e-01
2.748747728765010834e-02
4.978540539741516113e-02
1.496884971857070923e-02
5.733789131045341492e-02
5.771989002823829651e-02
9.427651017904281616e-02
2.813863102346658707e-04
1.641664206981658936e-01
1.001889467239379883e+00
1.340165578511687272e-08
4.724026947400261633e-09
1.852759718894958496e-01
1.602433025836944580e-01
1.280732750892639160e-01
6.612604856491088867e-02
1.349052530713379383e-03
4.372079297900199890e-02
9.566396474838256836e-02
9.147963672876358032e-02
1.009178608655929565e-01
1.251366883516311646e-01
2.787682600319385529e-02
5.746058747172355652e-02
1.130873523652553558e-02
5.492833629250526428e-02
5.541393160820007324e-02
9.869159758090972900e-02
1.952444144990295172e-04
1.233940795063972473e-01
9.609907865524291992e-01
1.340165578511687272e-08
4.724026947400261633e-09
2.526920735836029053e-01
2.510757148265838623e-01
1.375255882740020752e-01
7.624895125627517700e-02
1.403985777869820595e-03
5.755781009793281555e-02
1.223336160182952881e-01
1.224292814731597900e-01
1.242359727621078491e-01
2.323282361030578613e-01
3.574122488498687744e-02
6.340754777193069458e-02
1.179562322795391083e-02
1.071642339229583740e-01
1.153038367629051208e-01
1.345057785511016846e-01
3.524724743328988552e-04
1.888413578271865845e-01
1.071140050888061523e+00
1.340165578511687272e-08
4.724026947400261633e-09
1.968241184949874878e-01
2.310081422328948975e-01
1.806312948465347290e-01
8.666589111089706421e-02
1.738746301271021366e-03
6.004587933421134949e-02
1.775565743446350098e-01
1.844948977231979370e-01
1.825793981552124023e-01
1.513850539922714233e-01
5.287763476371765137e-02
1.510566920042037964e-01
1.585957221686840057e-02
1.549998968839645386e-01
1.496790200471878052e-01
1.578533947467803955e-01
3.400180721655488014e-04
3.113734722137451172e-01
1.153006553649902344e+00
1.340165578511687272e-08
4.724026947400261633e-09
2.493716180324554443e-01
2.317446768283843994e-01
1.312725245952606201e-01
7.647535949945449829e-02
1.591072534210979939e-03
5.234172195196151733e-02
1.111751720309257507e-01
1.197001785039901733e-01
2.024856507778167725e-01
1.338569819927215576e-01
3.955905884504318237e-02
9.303124248981475830e-02
1.204034406691789627e-02
1.104020923376083374e-01
9.752007573843002319e-02
1.416160762310028076e-01
3.117626183666288853e-04
2.069609910249710083e-01
1.094196081161499023e+00
1.340165578511687272e-08
4.724026947400261633e-09
1.197267174720764160e-01
1.367680579423904419e-01
6.643351167440414429e-02
8.172716200351715088e-02
1.412004348821938038e-03
3.560397028923034668e-02
9.319571405649185181e-02
9.062808007001876831e-02
1.401294171810150146e-01
1.144897937774658203e-01
3.213209658861160278e-02
1.124944686889648438e-01
1.063923630863428116e-02
1.099150329828262329e-01
1.133433282375335693e-01
9.711562842130661011e-02
2.861385000869631767e-04
2.349277287721633911e-01
1.250082612037658691e+00
1.340165578511687272e-08
4.724026947400261633e-09
1.152554005384445190e-01
9.087333828210830688e-02
5.327779427170753479e-02
7.870577275753021240e-02
1.879170886240899563e-03
2.762963622808456421e-02
1.021657362580299377e-01
9.263084828853607178e-02
1.276847571134567261e-01
8.537076413631439209e-02
3.387504443526268005e-02
1.004311367869377136e-01
6.133177317678928375e-03
1.072030737996101379e-01
1.060072779655456543e-01
8.948104828596115112e-02
1.501986262155696750e-04
1.422273516654968262e-01
1.140690088272094727e+00
1.340165578511687272e-08
4.724026947400261633e-09
8.727964013814926147e-02
7.160339504480361938e-02
4.546447098255157471e-02
1.027040854096412659e-01
1.849714433774352074e-03
2.814817056059837341e-02
1.116838455200195312e-01
1.139793395996093750e-01
1.242796108126640320e-01
8.344143629074096680e-02
4.081960394978523254e-02
9.347089380025863647e-02
6.172680296003818512e-03
8.512054383754730225e-02
9.112159162759780884e-02
1.142546981573104858e-01
1.615017827134579420e-04
1.442996710538864136e-01
1.032672882080078125e+00
1.340165578511687272e-08
4.724026947400261633e-09
8.919620513916015625e-02
7.525650411844253540e-02
5.970463156700134277e-02
1.134023889899253845e-01
1.893437351100146770e-03
3.801298514008522034e-02
1.213840320706367493e-01
1.183299347758293152e-01
1.583423614501953125e-01
8.288107067346572876e-02
4.096849635243415833e-02
9.057136625051498413e-02
6.594314239919185638e-03
9.260296821594238281e-02
9.789577871561050415e-02
1.269057393074035645e-01
1.861253695096820593e-04
1.477226018905639648e-01
1.550104618072509766e+00
1.340165578511687272e-08
4.724026947400261633e-09
1.152967587113380432e-01
9.395679831504821777e-02
6.108846142888069153e-02
1.262934505939483643e-01
2.260607900097966194e-03
4.123831912875175476e-02
1.052717566490173340e-01
1.038473695516586304e-01
2.165473252534866333e-01
8.782829344272613525e-02
4.307346418499946594e-02
1.530226022005081177e-01
6.766984704881906509e-03
1.398590505123138428e-01
1.230553984642028809e-01
1.641601622104644775e-01
1.678340631769970059e-04
1.387648284435272217e-01
1.221913099288940430e+00
1.340165578511687272e-08
4.724026947400261633e-09
1.215282529592514038e-01
1.062724366784095764e-01
7.634468376636505127e-02
1.501223891973495483e-01
2.436229726299643517e-03
4.129703342914581299e-02
1.433453708887100220e-01
1.540091931819915771e-01
2.661898136138916016e-01
8.274913579225540161e-02
4.847457259893417358e-02
1.582055240869522095e-01
6.763458251953125000e-03
1.526906490325927734e-01
1.492985934019088745e-01
2.092903703451156616e-01
1.543075195513665676e-04
1.647940427064895630e-01
1.447194576263427734e+00
1.340165578511687272e-08
4.724026947400261633e-09
7.621602714061737061e-02
8.620592206716537476e-02
4.559678956866264343e-02
1.490108817815780640e-01
3.181525971740484238e-03
4.719086363911628723e-02
1.454623937606811523e-01
1.454201936721801758e-01
2.123172432184219360e-01
9.171434491872787476e-02
4.691709205508232117e-02
1.315542906522750854e-01
6.172888446599245071e-03
1.161145046353340149e-01
1.303099691867828369e-01
2.562474608421325684e-01
2.963236474897712469e-04
1.944964528083801270e-01
1.324249863624572754e+00
1.340165578511687272e-08
4.724026947400261633e-09
8.291821181774139404e-02
8.163541555404663086e-02
3.900225460529327393e-02
1.887526214122772217e-01
3.216892480850219727e-03
5.531629920005798340e-02
1.304603517055511475e-01
1.358564347028732300e-01
2.124584317207336426e-01
9.707476943731307983e-02
4.884881153702735901e-02
1.490642577409744263e-01
8.452849462628364563e-03
1.180847510695457458e-01
1.186845302581787109e-01
1.781274974346160889e-01
2.868680749088525772e-04
2.140516042709350586e-01
1.263945341110229492e+00
1.340165578511687272e-08
4.724026947400261633e-09
1.148901879787445068e-01
9.311500936746597290e-02
5.180623382329940796e-02
1.649873703718185425e-01
4.095169715583324432e-03
7.786876708269119263e-02
1.381598114967346191e-01
1.377496123313903809e-01
2.011856585741043091e-01
9.401876479387283325e-02
4.863922297954559326e-02
1.299573332071304321e-01
7.226609159260988235e-03
1.728010326623916626e-01
1.742025613784790039e-01
1.696835756301879883e-01
1.680802379269152880e-04
1.735899746417999268e-01
1.618187308311462402e+00
1.340165578511687272e-08
4.724026947400261633e-09
1.537621319293975830e-01
1.316326260566711426e-01
6.157597526907920837e-02
1.429920643568038940e-01
3.515642369166016579e-03
8.508177846670150757e-02
1.616084277629852295e-01
1.676258295774459839e-01
1.853950619697570801e-01
9.211736917495727539e-02
4.977604374289512634e-02
1.326078772544860840e-01
6.023003719747066498e-03
1.240392103791236877e-01
1.215513646602630615e-01
1.672132313251495361e-01
1.870305568445473909e-04
1.834874600172042847e-01
1.753029584884643555e+00
1.340165578511687272e-08
4.724026947400261633e-09
1.489932239055633545e-01
1.184546276926994324e-01
7.064303755760192871e-02
1.448020190000534058e-01
3.826925531029701233e-03
1.091524511575698853e-01
1.271089762449264526e-01
1.335974931716918945e-01
1.406934559345245361e-01
7.505870610475540161e-02
4.162827134132385254e-02
1.088048592209815979e-01
7.962906733155250549e-03
1.076446175575256348e-01
1.124716028571128845e-01
1.509151905775070190e-01
2.227813820354640484e-04
2.514221370220184326e-01
1.757423162460327148e+00
1.340165578511687272e-08
4.724026947400261633e-09
1.388431340456008911e-01
1.238624453544616699e-01
6.717082113027572632e-02
1.213724985718727112e-01
4.604556597769260406e-03
1.070885062217712402e-01
1.132791265845298767e-01
1.241122186183929443e-01
1.628345251083374023e-01
1.180687621235847473e-01
4.001132771372795105e-02
1.058098673820495605e-01
9.034958668053150177e-03
1.090995669364929199e-01
1.161436364054679871e-01
1.558589190244674683e-01
2.202710747951641679e-04
1.675398945808410645e-01
1.893353581428527832e+00
1.340165578511687272e-08
4.724026947400261633e-09
1.880953758955001831e-01
1.661313623189926147e-01
9.956439584493637085e-02
1.180645301938056946e-01
5.329384468495845795e-03
1.128021627664566040e-01
1.230083629488945007e-01
1.455146372318267822e-01
2.231734991073608398e-01
8.962772041559219360e-02
4.828461632132530212e-02
1.637510955333709717e-01
1.005343440920114517e-02
1.427447497844696045e-01
1.583946496248245239e-01
1.616596728563308716e-01
2.409005537629127502e-04
2.024640291929244995e-01
1.755915284156799316e+00
1.340165578511687272e-08
4.724026947400261633e-09
2.093976736068725586e-01
1.614029705524444580e-01
9.452172368764877319e-02
1.282204240560531616e-01
5.153918638825416565e-03
1.332614570856094360e-01
1.559154689311981201e-01
1.637069582939147949e-01
2.932139933109283447e-01
9.335516393184661865e-02
5.477947369217872620e-02
1.734019070863723755e-01
1.274795737117528915e-02
1.689742654561996460e-01
1.641090214252471924e-01
1.810182631015777588e-01
2.543272566981613636e-04
1.956314295530319214e-01
1.651879429817199707e+00
1.340165578511687272e-08
4.724026947400261633e-09
6.470827013254165649e-02
6.071474030613899231e-02
4.018864780664443970e-02
1.402785480022430420e-01
4.059726372361183167e-03
1.491292566061019897e-01
1.997005343437194824e-01
2.213942855596542358e-01
2.689021527767181396e-01
1.130663752555847168e-01
5.689336732029914856e-02
1.730608642101287842e-01
1.339456252753734589e-02
1.874959766864776611e-01
1.674948781728744507e-01
2.250093221664428711e-01
3.797660174313932657e-04
2.566025257110595703e-01
1.276349902153015137e+00
1.340165578511687272e-08
4.724026947400261633e-09
7.263237982988357544e-02
6.688267737627029419e-02
4.265553131699562073e-02
1.712942421436309814e-01
4.747006110846996307e-03
1.495531350374221802e-01
2.543954849243164062e-01
2.518595159053802490e-01
2.618318200111389160e-01
1.664542704820632935e-01
7.914170622825622559e-02
1.717575043439865112e-01
2.271888777613639832e-02
1.748770773410797119e-01
1.946045756340026855e-01
2.716682851314544678e-01
3.323693817947059870e-04
2.604959905147552490e-01
1.238083124160766602e+00
1.340165578511687272e-08
4.724026947400261633e-09
1.546618491411209106e-01
1.542697101831436157e-01
8.876647800207138062e-02
2.159171849489212036e-01
6.112661212682723999e-03
1.824448853731155396e-01
3.695510029792785645e-01
3.910210132598876953e-01
3.827485144138336182e-01
2.484372258186340332e-01
1.151626706123352051e-01
2.620975673198699951e-01
3.200201690196990967e-02
2.338148504495620728e-01
2.321337759494781494e-01
4.273404181003570557e-01
3.494203556329011917e-04
2.797796130180358887e-01
1.244899988174438477e+00
1.340165578511687272e-08
4.724026947400261633e-09
1.707775294780731201e-01
1.629084348678588867e-01
1.031341403722763062e-01
3.159814476966857910e-01
5.114736966788768768e-03
2.893985509872436523e-01
4.782523214817047119e-01
5.086454153060913086e-01
5.228371024131774902e-01
3.067888021469116211e-01
1.451744586229324341e-01
3.009353578090667725e-01
3.722649440169334412e-02
2.916273176670074463e-01
2.650391161441802979e-01
7.161533832550048828e-01
4.418627941049635410e-04
3.854205310344696045e-01
1.282887935638427734e+00
1.340165578511687272e-08
4.724026947400261633e-09
1.108406484127044678e-01
1.036143973469734192e-01
5.499076098203659058e-02
3.582839965820312500e-01
4.527487792074680328e-03
2.886493802070617676e-01
3.951974511146545410e-01
4.147072732448577881e-01
2.711277604103088379e-01
3.329515159130096436e-01
1.314509212970733643e-01
1.592191308736801147e-01
4.042065888643264771e-02
1.941145509481430054e-01
1.739203333854675293e-01
4.606905579566955566e-01
4.115097690373659134e-04
3.560120165348052979e-01
9.827549457550048828e-01
1.340165578511687272e-08
4.724026947400261633e-09
8.046901971101760864e-02
6.072532385587692261e-02
5.542797222733497620e-02
3.210705220699310303e-01
4.447900690138339996e-03
2.413879632949829102e-01
3.134786188602447510e-01
3.408888876438140869e-01
1.650459915399551392e-01
3.330659866333007812e-01
1.132822260260581970e-01
1.492471694946289062e-01
3.720308095216751099e-02
1.439227163791656494e-01
1.445933580398559570e-01
4.180158972740173340e-01
3.792463976424187422e-04
3.284866809844970703e-01
8.868393898010253906e-01
1.340165578511687272e-08
4.724026947400261633e-09
1.926090121269226074e-01
2.194980233907699585e-01
1.322567760944366455e-01
2.370067089796066284e-01
3.485408844426274300e-03
2.239330857992172241e-01
2.039066553115844727e-01
2.242707461118698120e-01
2.089897990226745605e-01
1.798555552959442139e-01
7.284522056579589844e-02
1.347956955432891846e-01
1.504003722220659256e-02
1.351819485425949097e-01
1.348387300968170166e-01
3.246478438377380371e-01
3.889277577400207520e-04
3.263359963893890381e-01
8.047510981559753418e-01
1.340165578511687272e-08
4.724026947400261633e-09
2.302215695381164551e-01
2.743651866912841797e-01
1.336175352334976196e-01
1.163983941078186035e-01
5.821443628519773483e-03
2.287374436855316162e-01
2.022962123155593872e-01
2.117143869400024414e-01
2.387553453445434570e-01
5.002157092094421387e-01
7.208542525768280029e-02
1.582467705011367798e-01
2.718308940529823303e-02
1.589709371328353882e-01
1.591852009296417236e-01
3.248294293880462646e-01
3.644373791757971048e-04
2.925917208194732666e-01
9.826658368110656738e-01
1.340165578511687272e-08
4.724026947400261633e-09
2.567112743854522705e-01
2.759531438350677490e-01
2.040742635726928711e-01
7.323123514652252197e-02
3.594138892367482185e-03
2.333832979202270508e-01
1.911158114671707153e-01
2.042134106159210205e-01
1.530454903841018677e-01
8.942732810974121094e-01
6.045444682240486145e-02
9.592185914516448975e-02
5.094036459922790527e-02
9.178315848112106323e-02
9.580811113119125366e-02
2.817645370960235596e-01
3.858988347928971052e-04
3.174188435077667236e-01
1.061849355697631836e+00
1.340165578511687272e-08
4.724026947400261633e-09
1.997411102056503296e-01
1.736349314451217651e-01
1.027607545256614685e-01
9.573952108621597290e-02
3.100404515862464905e-03
2.475462704896926880e-01
1.674294918775558472e-01
1.762356758117675781e-01
9.363312274217605591e-02
1.507163494825363159e-01
5.477292835712432861e-02
9.628552198410034180e-02
2.331410720944404602e-02
7.957102358341217041e-02
7.917188853025436401e-02
3.369999229907989502e-01
3.523750347085297108e-04
3.077606558799743652e-01
1.427165746688842773e+00
1.340165578511687272e-08
4.724026947400261633e-09
1.510784924030303955e-01
1.273490786552429199e-01
7.102048397064208984e-02
8.895958214998245239e-02
1.911583705805242062e-03
2.761634290218353271e-01
2.234363555908203125e-01
2.383126318454742432e-01
1.225275546312332153e-01
1.090249791741371155e-01
7.383289933204650879e-02
1.260155737400054932e-01
8.394120261073112488e-03
1.244413033127784729e-01
1.255355775356292725e-01
4.402816891670227051e-01
3.697587526403367519e-04
2.923662066459655762e-01
1.047217130661010742e+00
1.340165578511687272e-08
4.724026947400261633e-09
1.016233116388320923e-01
9.355046600103378296e-02
4.921657592058181763e-02
9.765614569187164307e-02
3.333453321829438210e-03
2.967547774314880371e-01
2.807896137237548828e-01
3.100942075252532959e-01
1.704423427581787109e-01
6.564528495073318481e-02
8.939966559410095215e-02
1.561990678310394287e-01
5.527607165277004242e-03
1.587520986795425415e-01
1.594156324863433838e-01
6.427600383758544922e-01
3.544968785718083382e-04
3.073174059391021729e-01
3.944190740585327148e-01
1.340165578511687272e-08
4.724026947400261633e-09
9.077294915914535522e-02
8.286435902118682861e-02
3.849146515130996704e-02
1.266433000564575195e-01
3.126522526144981384e-03
3.215343952178955078e-01
3.217030465602874756e-01
3.452366292476654053e-01
2.003853023052215576e-01
6.677942723035812378e-02
1.081303656101226807e-01
1.732801347970962524e-01
5.214118398725986481e-03
1.567614972591400146e-01
1.731554716825485229e-01
4.253276586532592773e-01
3.935181885026395321e-04
3.246213793754577637e-01
3.241584300994873047e-01
1.340165578511687272e-08
4.724026947400261633e-09
9.227473288774490356e-02
7.780052721500396729e-02
4.287511482834815979e-02
1.732532680034637451e-01
2.947307890281081200e-03
3.086747825145721436e-01
3.106019496917724609e-01
3.716806173324584961e-01
2.463413178920745850e-01
1.017168834805488586e-01
1.114563271403312683e-01
1.948685944080352783e-01
4.218167159706354141e-03
1.917079240083694458e-01
1.869064718484878540e-01
5.172635316848754883e-01
3.380391281098127365e-04
2.917057275772094727e-01
2.503279447555541992e-01
1.340165578511687272e-08
4.724026947400261633e-09
9.000058472156524658e-02
7.427538931369781494e-02
4.899739101529121399e-02
1.588601022958755493e-01
2.892960328608751297e-03
3.792369365692138672e-01
3.407350182533264160e-01
3.666118979454040527e-01
3.043174445629119873e-01
6.363146007061004639e-02
1.144537106156349182e-01
2.197530567646026611e-01
5.700542591512203217e-03
2.032367587089538574e-01
2.223691940307617188e-01
7.998485565185546875e-01
3.451392403803765774e-04
3.126695156097412109e-01
2.828450798988342285e-01
1.340165578511687272e-08
4.724026947400261633e-09
9.423168003559112549e-02
7.450199872255325317e-02
5.443880707025527954e-02
1.405365169048309326e-01
2.670073416084051132e-03
4.261164963245391846e-01
3.140749335289001465e-01
3.361304700374603271e-01
3.315950632095336914e-01
6.941520422697067261e-02
1.079812496900558472e-01
2.488366067409515381e-01
7.254904136061668396e-03
2.728031277656555176e-01
2.696909308433532715e-01
9.252700805664062500e-01
3.372006467543542385e-04
2.955758571624755859e-01
3.203580677509307861e-01
1.340165578511687272e-08
4.724026947400261633e-09
7.986094802618026733e-02
8.342801779508590698e-02
4.320232570171356201e-02
1.348412632942199707e-01
2.566071460023522377e-03
3.922345638275146484e-01
3.024414479732513428e-01
3.514614403247833252e-01
2.983044683933258057e-01
9.137333929538726807e-02
1.028035730123519897e-01
2.509060502052307129e-01
6.805406417697668076e-03
2.310314476490020752e-01
2.353184968233108521e-01
4.654028713703155518e-01
3.435293619986623526e-04
3.027845025062561035e-01
2.942836880683898926e-01
1.340165578511687272e-08
4.724026947400261633e-09
9.092573821544647217e-02
8.056963235139846802e-02
2.969632856547832489e-02
1.109607815742492676e-01
2.534295897930860519e-03
4.127073884010314941e-01
2.757611870765686035e-01
3.119134306907653809e-01
3.909792304039001465e-01
9.267886728048324585e-02
9.152676910161972046e-02
2.824148535728454590e-01
6.720938254147768021e-03
2.764208614826202393e-01
2.712774276733398438e-01
4.405945241451263428e-01
3.447428753133863211e-04
3.276922106742858887e-01
2.952258586883544922e-01
1.340165578511687272e-08
4.724026947400261633e-09
8.770269155502319336e-02
7.264176756143569946e-02
4.278977215290069580e-02
1.041430756449699402e-01
2.521926537156105042e-03
3.732582330703735352e-01
2.460138052701950073e-01
3.182241022586822510e-01
3.605846762657165527e-01
9.320180118083953857e-02
8.837946504354476929e-02
2.417091429233551025e-01
6.795070134103298187e-03
2.441111057996749878e-01
2.415227890014648438e-01
4.367351531982421875e-01
3.690983576234430075e-04
3.100588321685791016e-01
2.401945739984512329e-01
1.340165578511687272e-08
4.724026947400261633e-09
1.288012713193893433e-01
1.169242411851882935e-01
5.300161242485046387e-02
1.210782527923583984e-01
2.156565198674798012e-03
3.813662827014923096e-01
3.011916577816009521e-01
3.238188326358795166e-01
3.983689844608306885e-01
7.342642545700073242e-02
9.460107237100601196e-02
2.736651301383972168e-01
7.141972426325082779e-03
2.667520940303802490e-01
2.575437128543853760e-01
4.476393759250640869e-01
3.743936831597238779e-04
3.315991461277008057e-01
2.845475673675537109e-01
1.340165578511687272e-08
4.724026947400261633e-09
1.573286354541778564e-01
1.282165348529815674e-01
5.059492588043212891e-02
1.249695196747779846e-01
2.261411165818572044e-03
4.003160595893859863e-01
1.921641975641250610e-01
2.364569157361984253e-01
2.309203445911407471e-01
9.247367829084396362e-02
7.324530184268951416e-02
1.753065288066864014e-01
1.053637545555830002e-02
1.783333122730255127e-01
1.849413663148880005e-01
2.876003384590148926e-01
3.947514924220740795e-04
3.589190840721130371e-01
3.034316301345825195e-01
1.340165578511687272e-08
4.724026947400261633e-09
1.372614800930023193e-01
1.185669228434562683e-01
1.024464964866638184e-01
1.090404614806175232e-01
1.833968912251293659e-03
3.844070434570312500e-01
2.034741342067718506e-01
2.264934480190277100e-01
1.795736253261566162e-01
8.987225592136383057e-02
7.001582533121109009e-02
1.354139745235443115e-01
8.819893933832645416e-03
1.354096233844757080e-01
1.280988603830337524e-01
3.235066831111907959e-01
3.817224642261862755e-04
3.863080739974975586e-01
2.999228835105895996e-01
1.340165578511687272e-08
4.724026947400261633e-09
1.869405359029769897e-01
1.201454773545265198e-01
9.427770972251892090e-02
8.529266715049743652e-02
2.176256384700536728e-03
3.733047246932983398e-01
1.889498680830001831e-01
2.063380181789398193e-01
1.730507612228393555e-01
7.927576452493667603e-02
6.688900291919708252e-02
1.256509125232696533e-01
1.038453262299299240e-02
9.335820376873016357e-02
9.397567808628082275e-02
3.085134029388427734e-01
4.401408368721604347e-04
3.905883431434631348e-01
2.386828809976577759e-01
1.340165578511687272e-08
4.724026947400261633e-09
1.093313843011856079e-01
9.668327867984771729e-02
7.290602475404739380e-02
9.969824552536010742e-02
2.641476225107908249e-03
3.955364227294921875e-01
2.035039663314819336e-01
2.255405187606811523e-01
1.454733610153198242e-01
1.057853475213050842e-01
7.725536823272705078e-02
1.287862956523895264e-01
1.659160479903221130e-02
1.274425834417343140e-01
1.174057200551033020e-01
2.965882122516632080e-01
4.843002534471452236e-04
4.042305350303649902e-01
2.762027680873870850e-01
1.340165578511687272e-08
4.724026947400261633e-09
6.168947741389274597e-02
5.673767998814582825e-02
3.942721337080001831e-02
1.237204670906066895e-01
2.810967154800891876e-03
3.874560892581939697e-01
2.323017120361328125e-01
2.567549049854278564e-01
1.311902105808258057e-01
1.938840746879577637e-01
8.798910677433013916e-02
1.091498434543609619e-01
1.815743371844291687e-02
1.346705704927444458e-01
1.341555863618850708e-01
3.119792938232421875e-01
5.475033540278673172e-04
4.352844655513763428e-01
2.795666158199310303e-01
1.340165578511687272e-08
4.724026947400261633e-09
6.999006867408752441e-02
6.426752358675003052e-02
4.029613733291625977e-02
1.394480764865875244e-01
3.342275740578770638e-03
4.096334874629974365e-01
3.063703477382659912e-01
3.116641938686370850e-01
1.355389356613159180e-01
1.607265323400497437e-01
1.194495037198066711e-01
1.162117570638656616e-01
3.572454676032066345e-02
1.130950003862380981e-01
1.063490584492683411e-01
4.066404700279235840e-01
6.807997124269604683e-04
4.655432999134063721e-01
1.975219398736953735e-01
1.340165578511687272e-08
4.724026947400261633e-09
1.589205414056777954e-01
1.549832969903945923e-01
9.469527751207351685e-02
1.514524668455123901e-01
3.604426281526684761e-03
4.414370059967041016e-01
3.219486474990844727e-01
3.551880419254302979e-01
1.008362397551536560e-01
3.218225836753845215e-01
1.303502768278121948e-01
9.172985702753067017e-02
5.495175719261169434e-02
8.767957240343093872e-02
8.893439918756484985e-02
4.548529684543609619e-01
6.649120477959513664e-04
5.340270996093750000e-01
2.200777381658554077e-01
1.340165578511687272e-08
4.724026947400261633e-09
1.954517364501953125e-01
1.828780770301818848e-01
1.185744851827621460e-01
1.912815421819686890e-01
4.428073763847351074e-03
4.503816962242126465e-01
2.986429035663604736e-01
3.364219069480895996e-01
1.439295113086700439e-01
2.888267934322357178e-01
1.324646323919296265e-01
1.138181090354919434e-01
5.736390128731727600e-02
1.132100671529769897e-01
1.156431362032890320e-01
4.761919677257537842e-01
7.487770635634660721e-04
6.211884617805480957e-01
2.145292162895202637e-01
1.340165578511687272e-08
4.724026947400261633e-09
1.446069628000259399e-01
1.277505159378051758e-01
8.376171439886093140e-02
1.998632550239562988e-01
4.415798932313919067e-03
4.331033229827880859e-01
2.990501224994659424e-01
3.196315467357635498e-01
8.808645606040954590e-02
2.204225212335586548e-01
1.166811883449554443e-01
7.336066663265228271e-02
5.033463984727859497e-02
7.005952298641204834e-02
6.907217949628829956e-02
4.015788137912750244e-01
7.787595386616885662e-04
6.952046751976013184e-01
1.697171926498413086e-01
1.340165578511687272e-08
4.724026947400261633e-09
9.032462537288665771e-02
8.978977799415588379e-02
5.076670646667480469e-02
2.171152383089065552e-01
6.512151565402746201e-03
4.338206350803375244e-01
2.439742386341094971e-01
2.580142319202423096e-01
9.852451086044311523e-02
1.807212233543395996e-01
1.017621010541915894e-01
6.476534157991409302e-02
4.541837796568870544e-02
6.920243799686431885e-02
6.474848091602325439e-02
3.341001868247985840e-01
8.432844770140945911e-04
7.308348417282104492e-01
1.880028098821640015e-01
1.340165578511687272e-08
4.724026947400261633e-09
9.860235452651977539e-02
9.209197014570236206e-02
5.789602547883987427e-02
1.919771581888198853e-01
7.383080665022134781e-03
3.926672339439392090e-01
2.564058899879455566e-01
2.451551109552383423e-01
9.863185882568359375e-02
1.523672938346862793e-01
1.037564724683761597e-01
6.968147307634353638e-02
3.669479861855506897e-02
6.579498201608657837e-02
6.291674077510833740e-02
3.637562692165374756e-01
8.739623008295893669e-04
7.378778457641601562e-01
4.659438431262969971e-01
1.340165578511687272e-08
4.724026947400261633e-09
1.049732491374015808e-01
9.819080680608749390e-02
6.323789060115814209e-02
1.412838548421859741e-01
6.025223992764949799e-03
4.028199613094329834e-01
2.253178358078002930e-01
2.201208621263504028e-01
1.036268621683120728e-01
1.347833871841430664e-01
9.210510551929473877e-02
7.318548113107681274e-02
3.559442982077598572e-02
8.516379445791244507e-02
8.452548086643218994e-02
3.211949467658996582e-01
8.961044950410723686e-04
7.847802042961120605e-01
3.190291225910186768e-01
1.340165578511687272e-08
4.724026947400261633e-09
1.124832630157470703e-01
1.038351953029632568e-01
7.770272344350814819e-02
9.830667823553085327e-02
6.364013999700546265e-03
2.641043961048126221e-01
1.517076194286346436e-01
1.883763074874877930e-01
1.005046516656875610e-01
1.352177858352661133e-01
8.179533481597900391e-02
7.440123707056045532e-02
3.557570651173591614e-02
7.797174900770187378e-02
7.845357805490493774e-02
2.636412978172302246e-01
9.081104071810841560e-04
6.989957094192504883e-01
2.278708219528198242e-01
1.340165578511687272e-08
4.724026947400261633e-09
1.078008562326431274e-01
1.027695313096046448e-01
6.739056855440139771e-02
9.143761545419692993e-02
6.673163734376430511e-03
3.190158307552337646e-01
1.707521826028823853e-01
1.415379792451858521e-01
9.698573499917984009e-02
1.385179013013839722e-01
7.305491715669631958e-02
8.373038470745086670e-02
3.353945538401603699e-02
8.572829514741897583e-02
9.522779285907745361e-02
2.236305177211761475e-01
8.247865480370819569e-04
6.639534831047058105e-01
2.556221485137939453e-01
1.340165578511687272e-08
3.486242610961198807e-03
1.124130636453628540e-01
1.085449382662773132e-01
6.670127809047698975e-02
8.433905988931655884e-02
6.223986390978097916e-03
3.112269341945648193e-01
1.538892686367034912e-01
1.338045448064804077e-01
1.151716932654380798e-01
1.555578708648681641e-01
6.786710023880004883e-02
9.453258663415908813e-02
3.715489432215690613e-02
8.967834711074829102e-02
9.731344878673553467e-02
1.953392922878265381e-01
8.911733748391270638e-04
7.080255150794982910e-01
3.428147137165069580e-01
1.340165578511687272e-08
3.486489644274115562e-03
1.168269217014312744e-01
1.032593846321105957e-01
6.650703400373458862e-02
9.010566025972366333e-02
6.284418515861034393e-03
3.321845829486846924e-01
1.442179381847381592e-01
1.290307044982910156e-01
1.264773011207580566e-01
1.544374972581863403e-01
8.371829241514205933e-02
8.876523375511169434e-02
3.573120385408401489e-02
8.856518566608428955e-02
9.102618694305419922e-02
1.997161805629730225e-01
9.184561204165220261e-04
7.558578252792358398e-01
2.022755444049835205e-01
1.340165578511687272e-08
3.486278466880321503e-03
1.035002321004867554e-01
9.761706739664077759e-02
6.444551050662994385e-02
8.303660154342651367e-02
4.916605539619922638e-03
3.302845358848571777e-01
1.344746053218841553e-01
1.179123371839523315e-01
1.326560229063034058e-01
1.591815203428268433e-01
6.706757098436355591e-02
9.023555368185043335e-02
3.596450015902519226e-02
1.061659753322601318e-01
1.068962663412094116e-01
1.974389702081680298e-01
9.423043811693787575e-04
8.479588627815246582e-01
1.567858457565307617e-01
1.340165578511687272e-08
3.487059148028492928e-03
1.079632788896560669e-01
1.026409938931465149e-01
6.395561248064041138e-02
9.210047870874404907e-02
5.180760286748409271e-03
3.213834762573242188e-01
1.475750356912612915e-01
1.440620124340057373e-01
1.003613919019699097e-01
1.656247824430465698e-01
6.971487402915954590e-02
1.042201071977615356e-01
3.867258131504058838e-02
8.543902635574340820e-02
1.012981757521629333e-01
1.815115213394165039e-01
9.560122271068394184e-04
8.166930675506591797e-01
2.008650153875350952e-01
1.340165578511687272e-08
3.486646106466650963e-03
1.132537052035331726e-01
1.077368110418319702e-01
7.106673717498779297e-02
7.942847162485122681e-02
4.843137226998806000e-03
2.935152351856231689e-01
1.412584036588668823e-01
1.532573252916336060e-01
1.034433692693710327e-01
1.694842576980590820e-01
6.971845030784606934e-02
1.012884303927421570e-01
3.795890510082244873e-02
9.703978896141052246e-02
9.753596037626266479e-02
1.723238825798034668e-01
9.919627336785197258e-04
8.403330445289611816e-01
1.370641440153121948e-01
1.340165578511687272e-08
3.487021196633577347e-03
1.106409355998039246e-01
1.027595326304435730e-01
7.294466346502304077e-02
8.284094929695129395e-02
8.944376371800899506e-03
2.807350754737854004e-01
1.416570246219635010e-01
1.545784622430801392e-01
1.026378124952316284e-01
1.799954473972320557e-01
6.990216672420501709e-02
1.090897619724273682e-01
3.966490551829338074e-02
9.802612662315368652e-02
9.491243213415145874e-02
1.786375343799591064e-01
9.781293338164687157e-04
7.757751941680908203e-01
1.356763243675231934e-01
1.340165578511687272e-08
3.486564150080084801e-03
1.019191071391105652e-01
9.641669690608978271e-02
6.800813972949981689e-02
9.349981695413589478e-02
6.410215515643358231e-03
2.628471851348876953e-01
1.461978405714035034e-01
1.497514843940734863e-01
1.147376596927642822e-01
1.726105213165283203e-01
7.179915159940719604e-02
1.186605095863342285e-01
3.922496363520622253e-02
1.160904318094253540e-01
1.147697567939758301e-01
1.798213720321655273e-01
9.710768936201930046e-04
7.684593200683593750e-01
1.485866457223892212e-01
1.340165578511687272e-08
3.486167872324585915e-03
1.055059432983398438e-01
1.001859381794929504e-01
8.250874280929565430e-02
9.497532993555068970e-02
9.695104323327541351e-03
2.439775913953781128e-01
1.456755697727203369e-01
1.572666019201278687e-01
1.322162449359893799e-01
1.748625785112380981e-01
7.200960814952850342e-02
1.206749752163887024e-01
4.171799495816230774e-02
1.204115226864814758e-01
1.212061047554016113e-01
1.916632950305938721e-01
8.445772109553217888e-04
6.596666574478149414e-01
9.235920757055282593e-02
1.340165578511687272e-08
3.485643072053790092e-03
1.172545850276947021e-01
1.077935546636581421e-01
7.523716241121292114e-02
9.920762479305267334e-02
6.639296654611825943e-03
1.995768845081329346e-01
1.587562412023544312e-01
1.711293309926986694e-01
1.392624527215957642e-01
1.608870923519134521e-01
7.752948999404907227e-02
1.295291781425476074e-01
4.230138659477233887e-02
1.258396506309509277e-01
1.291639953851699829e-01
1.935212761163711548e-01
7.259347476065158844e-04
6.857219934463500977e-01
9.488478302955627441e-02
1.340165578511687272e-08
3.485834924504160881e-03
1.179702877998352051e-01
1.054211556911468506e-01
7.896232604980468750e-02
1.039703115820884705e-01
6.976006086915731430e-03
1.372858285903930664e-01
1.629097163677215576e-01
1.737275421619415283e-01
1.395627707242965698e-01
1.573189496994018555e-01
7.834227383136749268e-02
1.316435635089874268e-01
3.918632492423057556e-02
1.373244076967239380e-01
1.318540275096893311e-01
1.934047490358352661e-01
7.146174903027713299e-04
6.282696127891540527e-01
9.793749451637268066e-02
1.340165578511687272e-08
3.486098954454064369e-03
1.140919402241706848e-01
1.069709360599517822e-01
6.806320697069168091e-02
1.040976867079734802e-01
5.712007638067007065e-03
1.734443455934524536e-01
1.692812591791152954e-01
1.789655387401580811e-01
1.428136080503463745e-01
1.638183295726776123e-01
8.262066543102264404e-02
1.291569322347640991e-01
3.951786458492279053e-02
1.306722015142440796e-01
1.315900236368179321e-01
2.015715986490249634e-01
7.324307807721197605e-04
5.993295311927795410e-01
9.809807687997817993e-02
1.340165578511687272e-08
3.485687542706727982e-03
1.202556937932968140e-01
1.148724704980850220e-01
7.254292070865631104e-02
1.141970381140708923e-01
5.655153188854455948e-03
1.608618497848510742e-01
1.840056031942367554e-01
1.955126821994781494e-01
1.442988216876983643e-01
1.973740309476852417e-01
9.689968824386596680e-02
1.311333477497100830e-01
4.631720483303070068e-02
1.320015341043472290e-01
1.337613463401794434e-01
2.142917811870574951e-01
7.798636215738952160e-04
6.841607689857482910e-01
1.129652187228202820e-01
1.340165578511687272e-08
3.485925495624542236e-03
1.545201092958450317e-01
1.462455689907073975e-01
9.286128729581832886e-02
1.287393867969512939e-01
6.318708416074514389e-03
1.299197822809219360e-01
2.189947068691253662e-01
2.523893117904663086e-01
1.499111801385879517e-01
2.656847834587097168e-01
1.147214695811271667e-01
1.526651382446289062e-01
6.606213003396987915e-02
1.520797163248062134e-01
1.515842378139495850e-01
2.626156806945800781e-01
1.030121231451630592e-03
8.068148493766784668e-01
1.006420031189918518e-01
1.340165578511687272e-08
3.486318280920386314e-03
1.835635453462600708e-01
1.690099537372589111e-01
1.042385995388031006e-01
1.543925851583480835e-01
4.154822789132595062e-03
1.197434589266777039e-01
2.357690036296844482e-01
2.722800672054290771e-01
1.822852492332458496e-01
3.160169720649719238e-01
1.340218335390090942e-01
1.565836369991302490e-01
8.721559494733810425e-02
1.582709401845932007e-01
1.588222682476043701e-01
2.750104069709777832e-01
1.043104915879666805e-03
7.691275477409362793e-01
1.041737422347068787e-01
1.340165578511687272e-08
3.486254019662737846e-03
1.979113817214965820e-01
1.761670708656311035e-01
1.072829663753509521e-01
1.771431118249893188e-01
6.509690545499324799e-03
7.492059469223022461e-02
3.066595494747161865e-01
3.396710157394409180e-01
2.176530957221984863e-01
3.768084943294525146e-01
1.633353680372238159e-01
1.900178939104080200e-01
1.134004816412925720e-01
1.917845159769058228e-01
1.879427284002304077e-01
3.392225801944732666e-01
1.018815091811120510e-03
7.220196723937988281e-01
9.357501566410064697e-02
1.340165578511687272e-08
3.486562985926866531e-03
2.467396855354309082e-01
2.352614700794219971e-01
1.495900303125381470e-01
1.961432695388793945e-01
3.997765947133302689e-03
6.162162125110626221e-02
3.412543833255767822e-01
3.573207259178161621e-01
2.236757576465606689e-01
4.604143500328063965e-01
1.987914294004440308e-01
2.220753729343414307e-01
1.318050771951675415e-01
1.985920071601867676e-01
2.284643054008483887e-01
3.516776561737060547e-01
7.735260296612977982e-04
5.600586533546447754e-01
1.022016406059265137e-01
1.340165578511687272e-08
3.486530156806111336e-03
3.037473261356353760e-01
2.803741991519927979e-01
1.715121716260910034e-01
2.704266309738159180e-01
2.765270648524165154e-03
9.008878469467163086e-02
3.820572495460510254e-01
3.927320241928100586e-01
2.524768412113189697e-01
4.339623153209686279e-01
2.188862413167953491e-01
2.622812688350677490e-01
1.374942064285278320e-01
2.122345864772796631e-01
2.126125842332839966e-01
3.702173829078674316e-01
9.047451312653720379e-04
4.720660746097564697e-01
1.085016131401062012e-01
1.340165578511687272e-08
3.486852860078215599e-03
2.406751066446304321e-01
2.303984910249710083e-01
1.352272480726242065e-01
3.145395815372467041e-01
2.991840941831469536e-03
8.035214990377426147e-02
3.182050585746765137e-01
3.443153798580169678e-01
2.943874001502990723e-01
3.608061075210571289e-01
2.033292502164840698e-01
2.676574587821960449e-01
1.201645731925964355e-01
2.791685461997985840e-01
2.803930044174194336e-01
3.588456213474273682e-01
8.685297216288745403e-04
5.040783882141113281e-01
9.736472368240356445e-02
1.340165578511687272e-08
3.486785572022199631e-03
6.321024149656295776e-02
6.573132425546646118e-02
4.040000960230827332e-02
2.641654908657073975e-01
2.855435013771057129e-03
7.515050470829010010e-02
2.803857326507568359e-01
2.981022000312805176e-01
1.583828479051589966e-01
2.661359608173370361e-01
1.731053739786148071e-01
1.567125916481018066e-01
1.025566458702087402e-01
1.751295328140258789e-01
1.739235669374465942e-01
3.425135910511016846e-01
6.220354698598384857e-04
4.112167954444885254e-01
9.943038225173950195e-02
1.340165578511687272e-08
3.486834932118654251e-03
7.657354325056076050e-02
5.922943726181983948e-02
2.889171428978443146e-02
2.194890677928924561e-01
3.100719768553972244e-03
6.917478144168853760e-02
2.512632012367248535e-01
2.492768019437789917e-01
1.598917245864868164e-01
2.362944781780242920e-01
1.503854244947433472e-01
1.521363258361816406e-01
9.728631377220153809e-02
1.663593947887420654e-01
1.595423072576522827e-01
2.775371074676513672e-01
5.079702823422849178e-04
3.228351771831512451e-01
1.035454496741294861e-01
1.340165578511687272e-08
3.486820729449391365e-03
8.030266314744949341e-02
7.374433428049087524e-02
6.203448772430419922e-02
2.012213468551635742e-01
5.117840599268674850e-03
5.966565757989883423e-02
2.473843842744827271e-01
2.513372600078582764e-01
1.471526771783828735e-01
1.944727152585983276e-01
1.450946927070617676e-01
1.576409637928009033e-01
9.145586937665939331e-02
1.521827131509780884e-01
1.529857814311981201e-01
2.805884778499603271e-01
4.168066370766609907e-04
2.888956069946289062e-01
1.203731894493103027e-01
1.340165578511687272e-08
3.486608853563666344e-03
1.110204085707664490e-01
1.185489147901535034e-01
7.552343606948852539e-02
2.103396803140640259e-01
4.723249934613704681e-03
4.554183036088943481e-02
2.595548331737518311e-01
2.610046565532684326e-01
1.723787039518356323e-01
1.810742616653442383e-01
1.532015800476074219e-01
1.908883154392242432e-01
7.857509702444076538e-02
1.616124361753463745e-01
1.805331557989120483e-01
2.918742895126342773e-01
3.086966171395033598e-04
2.257084846496582031e-01
1.413599699735641479e-01
1.340165578511687272e-08
3.486722707748413086e-03
8.696759492158889771e-02
8.074615895748138428e-02
3.899550437927246094e-02
1.893220245838165283e-01
2.130917739123106003e-03
3.572623059153556824e-02
2.806596755981445312e-01
2.728137075901031494e-01
1.643633395433425903e-01
2.053891867399215698e-01
1.625641435384750366e-01
1.787315458059310913e-01
9.676314890384674072e-02
1.836782842874526978e-01
1.725442111492156982e-01
2.929907441139221191e-01
3.178195038344711065e-04
3.462226986885070801e-01
1.055909022688865662e-01
1.340165578511687272e-08
3.486996982246637344e-03
4.985537007451057434e-02
6.726847589015960693e-02
3.193221613764762878e-02
1.911965161561965942e-01
1.858927309513092041e-03
5.338615924119949341e-02
2.603562772274017334e-01
2.549923062324523926e-01
1.591983288526535034e-01
1.848564893007278442e-01
1.640070676803588867e-01
1.609066873788833618e-01
9.308212250471115112e-02
1.733531653881072998e-01
1.743998080492019653e-01
2.779147624969482422e-01
3.417475381866097450e-04
2.039722651243209839e-01
9.872978925704956055e-02
1.340165578511687272e-08
3.486715257167816162e-03
4.295556247234344482e-02
4.524401202797889709e-02
2.315230853855609894e-02
2.124725133180618286e-01
1.366494689136743546e-03
5.465520173311233521e-02
2.813277542591094971e-01
2.873685359954833984e-01
1.423798352479934692e-01
2.234210073947906494e-01
1.730033606290817261e-01
1.420179158449172974e-01
1.055519729852676392e-01
1.381370425224304199e-01
1.383281201124191284e-01
2.743315994739532471e-01
5.313977599143981934e-04
2.100677490234375000e-01
1.031257286667823792e-01
1.340165578511687272e-08
3.486978821456432343e-03
4.631467536091804504e-02
4.694189503788948059e-02
2.144038118422031403e-02
2.203993052244186401e-01
1.274244161322712898e-03
5.595673248171806335e-02
3.020660877227783203e-01
2.921693325042724609e-01
1.505691409111022949e-01
2.343817651271820068e-01
1.833022236824035645e-01
1.501733064651489258e-01
9.568001329898834229e-02
1.527783125638961792e-01
1.530446857213973999e-01
2.834881246089935303e-01
4.685898602474480867e-04
2.454124242067337036e-01
1.020710021257400513e-01
1.340165578511687272e-08
3.486928762868046761e-03
4.565907269716262817e-02
4.431757330894470215e-02
2.056158520281314850e-02
2.335767298936843872e-01
1.102598151192069054e-03
7.352358102798461914e-02
2.974956929683685303e-01
3.159061074256896973e-01
1.368759423494338989e-01
2.461273074150085449e-01
1.862894743680953979e-01
1.379423439502716064e-01
9.897134453058242798e-02
1.323876529932022095e-01
1.358953416347503662e-01
2.754143178462982178e-01
4.054508463013917208e-04
1.984269320964813232e-01
9.945217519998550415e-02
1.340165578511687272e-08
3.487508278340101242e-03
4.629534855484962463e-02
4.271360859274864197e-02
2.017293870449066162e-02
2.441873550415039062e-01
1.081765396520495415e-03
8.231954276561737061e-02
3.205704987049102783e-01
3.172401487827301025e-01
1.481329202651977539e-01
3.113811910152435303e-01
1.983925253152847290e-01
1.467894315719604492e-01
1.019089072942733765e-01
1.445993334054946899e-01
1.381429433822631836e-01
2.937315106391906738e-01
2.780553477350622416e-04
1.832729130983352661e-01
9.393433481454849243e-02
1.340165578511687272e-08
3.487287787720561028e-03
5.297482013702392578e-02
4.437034577131271362e-02
2.165949344635009766e-02
2.761364579200744629e-01
1.089896424673497677e-03
6.621399521827697754e-02
3.438992500305175781e-01
3.459416627883911133e-01
1.781967431306838989e-01
3.708069026470184326e-01
2.115514427423477173e-01
1.617422252893447876e-01
1.195907443761825562e-01
1.652115732431411743e-01
1.771053075790405273e-01
3.409259021282196045e-01
2.241495676571503282e-04
1.978060007095336914e-01
9.754592925310134888e-02
1.340165578511687272e-08
3.486738773062825203e-03
5.271483212709426880e-02
4.890707507729530334e-02
2.516816928982734680e-02
2.710049748420715332e-01
1.207678462378680706e-03
7.254857569932937622e-02
3.565152883529663086e-01
3.478782474994659424e-01
1.787123382091522217e-01
4.037933349609375000e-01
2.095917016267776489e-01
1.707386672496795654e-01
1.236799582839012146e-01
1.768015325069427490e-01
1.776419728994369507e-01
3.625806570053100586e-01
2.374186879023909569e-04
1.853645443916320801e-01
9.954220801591873169e-02
1.340165578511687272e-08
3.486410481855273247e-03
5.388294532895088196e-02
4.822651669383049011e-02
2.404068782925605774e-02
2.888008356094360352e-01
1.245907391421496868e-03
1.210659146308898926e-01
3.714272677898406982e-01
3.763051629066467285e-01
2.065609544515609741e-01
5.533087253570556641e-01
2.317207008600234985e-01
2.025415301322937012e-01
1.394518166780471802e-01
2.063632309436798096e-01
2.061709910631179810e-01
3.978428542613983154e-01
2.606134803500026464e-04
1.913625001907348633e-01
1.212788075208663940e-01
1.340165578511687272e-08
3.486128756776452065e-03
4.409384354948997498e-02
4.513237252831459045e-02
4.043412208557128906e-02
2.836477160453796387e-01
1.050049904733896255e-03
1.053675711154937744e-01
4.171596765518188477e-01
4.120182693004608154e-01
2.855496108531951904e-01
5.116894245147705078e-01
2.359704077243804932e-01
2.607579827308654785e-01
1.324976980686187744e-01
2.597871720790863037e-01
2.591717243194580078e-01
5.203478932380676270e-01
3.298288793303072453e-04
1.884701400995254517e-01
1.363478153944015503e-01
1.340165578511687272e-08
3.486023517325520515e-03
6.037790328264236450e-02
4.895298928022384644e-02
3.901310265064239502e-02
3.179752826690673828e-01
1.068253302946686745e-03
1.261828243732452393e-01
4.125854074954986572e-01
4.215253293514251709e-01
2.914866507053375244e-01
3.910393416881561279e-01
2.404941767454147339e-01
2.905407547950744629e-01
1.351861655712127686e-01
2.823283672332763672e-01
2.826868891716003418e-01
4.578908383846282959e-01
2.968141343444585800e-04
2.864475846290588379e-01
1.504954993724822998e-01
1.340165578511687272e-08
3.485890338197350502e-03
7.725153863430023193e-02
7.305750995874404907e-02
4.935327172279357910e-02
3.528160452842712402e-01
1.390328397974371910e-03
1.159778684377670288e-01
4.691794216632843018e-01
4.936049282550811768e-01
3.254508376121520996e-01
3.647000193595886230e-01
2.690429389476776123e-01
3.009766042232513428e-01
1.262962073087692261e-01
2.926647663116455078e-01
2.931776344776153564e-01
5.442214012145996094e-01
2.508183533791452646e-04
2.794127166271209717e-01
1.596839129924774170e-01
1.340165578511687272e-08
3.486071946099400520e-03
9.166177362203598022e-02
8.005274832248687744e-02
5.096089839935302734e-02
3.394402861595153809e-01
1.725700101815164089e-03
1.400758028030395508e-01
4.315378665924072266e-01
4.180305600166320801e-01
3.092624247074127197e-01
3.388137221336364746e-01
2.345724552869796753e-01
2.337878942489624023e-01
1.328328698873519897e-01
2.659566998481750488e-01
2.795436382293701172e-01
4.572263360023498535e-01
2.455360081512480974e-04
2.140939831733703613e-01
1.620564907789230347e-01
1.340165578511687272e-08
3.485666820779442787e-03
8.685029298067092896e-02
8.656390756368637085e-02
5.736384913325309753e-02
3.085453808307647705e-01
1.747914007864892483e-03
1.212712898850440979e-01
4.706442356109619141e-01
4.700736403465270996e-01
4.581310749053955078e-01
3.600093126296997070e-01
2.406579703092575073e-01
3.635278642177581787e-01
1.232944801449775696e-01
3.189719021320343018e-01
3.606194555759429932e-01
5.967490077018737793e-01
2.685821964405477047e-04
2.371827811002731323e-01
1.607605665922164917e-01
1.340165578511687272e-08
3.485608380287885666e-03
8.055190742015838623e-02
7.709648460149765015e-02
4.387661442160606384e-02
2.986260056495666504e-01
1.983847701922059059e-03
1.105095520615577698e-01
5.329669117927551270e-01
5.940485596656799316e-01
5.693660974502563477e-01
3.704363107681274414e-01
3.021496534347534180e-01
4.147117137908935547e-01
1.343811303377151489e-01
4.401432573795318604e-01
4.262077808380126953e-01
5.417148470878601074e-01
2.554259554017335176e-04
1.955785751342773438e-01
1.578436195850372314e-01
1.340165578511687272e-08
3.485813038423657417e-03
7.778203487396240234e-02
7.796495407819747925e-02
4.436006397008895874e-02
3.342898190021514893e-01
1.567983184941112995e-03
1.264446824789047241e-01
5.949484705924987793e-01
5.882493257522583008e-01
4.869913458824157715e-01
4.675125777721405029e-01
3.285680115222930908e-01
4.918207824230194092e-01
1.627199500799179077e-01
4.446035027503967285e-01
4.474051296710968018e-01
6.423100233078002930e-01
2.784862590488046408e-04
1.977040916681289673e-01
1.620515584945678711e-01
1.340165578511687272e-08
3.485641209408640862e-03
7.482347637414932251e-02
7.024904340505599976e-02
4.475571215152740479e-02
3.912867903709411621e-01
2.025063615292310715e-03
1.530766487121582031e-01
7.947233319282531738e-01
8.070134520530700684e-01
6.109120249748229980e-01
6.552402377128601074e-01
3.861050903797149658e-01
5.246857404708862305e-01
1.907064616680145264e-01
6.151050925254821777e-01
5.438249707221984863e-01
8.982216715812683105e-01
4.297353734727948904e-04
2.655322253704071045e-01
1.683380305767059326e-01
1.340165578511687272e-08
3.485730616375803947e-03
1.616138070821762085e-01
1.637453734874725342e-01
9.497538954019546509e-02
3.965230286121368408e-01
3.076690714806318283e-03
1.728760451078414917e-01
1.068762302398681641e+00
9.433390498161315918e-01
8.487619757652282715e-01
7.096602320671081543e-01
4.725914001464843750e-01
8.026126623153686523e-01
2.208482474088668823e-01
7.951002717018127441e-01
8.446429967880249023e-01
1.661888480186462402e+00
4.939759965054690838e-04
3.363118767738342285e-01
1.781588941812515259e-01
1.340165578511687272e-08
3.485987661406397820e-03
2.772251367568969727e-01
2.636360824108123779e-01
1.638390570878982544e-01
5.387155413627624512e-01
3.775354009121656418e-03
2.164038270711898804e-01
7.662899494171142578e-01
7.487400174140930176e-01
5.043289661407470703e-01
8.254200816154479980e-01
3.847146630287170410e-01
5.140101313591003418e-01
2.436711937189102173e-01
4.958048462867736816e-01
4.981316030025482178e-01
8.406784534454345703e-01
3.600312629714608192e-04
3.022102117538452148e-01
1.790461987257003784e-01
1.340165578511687272e-08
3.486155299469828606e-03
2.574905753135681152e-01
2.536302208900451660e-01
1.633264422416687012e-01
6.532508134841918945e-01
3.525981679558753967e-03
2.409672439098358154e-01
9.387499690055847168e-01
9.668818116188049316e-01
5.707487463951110840e-01
9.131067991256713867e-01
4.809265136718750000e-01
6.477246284484863281e-01
2.582002878189086914e-01
5.982847213745117188e-01
5.996345281600952148e-01
9.974692463874816895e-01
7.491201977245509624e-04
5.763970613479614258e-01
1.511558592319488525e-01
1.340165578511687272e-08
3.486145520582795143e-03
1.090560853481292725e-01
1.069660335779190063e-01
5.844347923994064331e-02
5.316172838211059570e-01
5.304842256009578705e-03
2.654816210269927979e-01
7.419196367263793945e-01
8.349791169166564941e-01
2.723428308963775635e-01
9.865884184837341309e-01
4.111575186252593994e-01
2.890932857990264893e-01
2.943914830684661865e-01
3.161844611167907715e-01
2.891797125339508057e-01
9.561880230903625488e-01
6.805183948017656803e-04
4.793291687965393066e-01
1.657380610704421997e-01
1.340165578511687272e-08
3.486280562356114388e-03
8.526691794395446777e-02
5.279327183961868286e-02
3.311484679579734802e-02
4.727141857147216797e-01
5.766308866441249847e-03
2.600056231021881104e-01
6.068845987319946289e-01
6.490729451179504395e-01
1.247088760137557983e-01
1.233125805854797363e+00
3.610834777355194092e-01
1.601408272981643677e-01
3.104055523872375488e-01
1.673470884561538696e-01
1.770895719528198242e-01
8.866009712219238281e-01
6.442726589739322662e-04
3.873829543590545654e-01
1.555086374282836914e-01
1.340165578511687272e-08
3.486484987661242485e-03
1.092372089624404907e-01
9.056326746940612793e-02
7.681213319301605225e-02
3.982107937335968018e-01
4.683529492467641830e-03
2.213599085807800293e-01
4.291593432426452637e-01
4.432086944580078125e-01
9.465271234512329102e-02
8.972373008728027344e-01
2.362390756607055664e-01
1.990852653980255127e-01
1.657373607158660889e-01
5.517690628767013550e-02
5.461395904421806335e-02
3.408539593219757080e-01
5.801907391287386417e-04
2.447114288806915283e-01
1.471949070692062378e-01
1.340165578511687272e-08
3.486617235466837883e-03
1.266043335199356079e-01
1.842952072620391846e-01
7.149881124496459961e-02
3.094493448734283447e-01
4.943352192640304565e-03
2.570519149303436279e-01
3.929955959320068359e-01
3.957340121269226074e-01
6.021211668848991394e-02
3.221039772033691406e-01
2.129905372858047485e-01
4.373565688729286194e-02
1.479152292013168335e-01
5.625888705253601074e-02
5.680312961339950562e-02
4.104321897029876709e-01
5.198324797675013542e-04
2.819525897502899170e-01
1.488354504108428955e-01
1.340165578511687272e-08
3.486684756353497505e-03
2.051911652088165283e-01
2.173009216785430908e-01
1.137407198548316956e-01
2.354284077882766724e-01
4.324230365455150604e-03
2.940592169761657715e-01
4.056363701820373535e-01
4.491545259952545166e-01
8.578175306320190430e-02
3.002084791660308838e-01
2.148839682340621948e-01
8.591309934854507446e-02
1.183647513389587402e-01
8.133694529533386230e-02
8.279629796743392944e-02
5.852406024932861328e-01
3.631799190770834684e-04
3.073809444904327393e-01
1.475352346897125244e-01
1.340165578511687272e-08
3.486835863441228867e-03
1.067911982536315918e-01
1.121182292699813843e-01
6.204006820917129517e-02
2.241955548524856567e-01
3.199581522494554520e-03
3.110249936580657959e-01
4.932147562503814697e-01
4.797404110431671143e-01
8.375827968120574951e-02
3.488719463348388672e-01
2.372660189867019653e-01
1.429652869701385498e-01
1.315741539001464844e-01
1.070122271776199341e-01
1.070377454161643982e-01
5.909949541091918945e-01
3.674550971481949091e-04
3.608553707599639893e-01
1.450670063495635986e-01
1.340165578511687272e-08
3.487053094431757927e-03
6.320921331644058228e-02
6.006786972284317017e-02
3.134552016854286194e-02
2.283142656087875366e-01
1.557887881062924862e-03
3.447116315364837646e-01
5.138680934906005859e-01
5.848193168640136719e-01
1.457061022520065308e-01
3.470324873924255371e-01
2.383154928684234619e-01
1.109630241990089417e-01
1.298622786998748779e-01
1.148994341492652893e-01
1.004006192088127136e-01
5.534393787384033203e-01
4.800792376045137644e-04
3.351894915103912354e-01
1.505725234746932983e-01
1.340165578511687272e-08
3.487113630399107933e-03
4.231187328696250916e-02
3.133235126733779907e-02
1.817966252565383911e-02
3.005106747150421143e-01
1.368079334497451782e-03
3.520819544792175293e-01
6.115255951881408691e-01
5.535004734992980957e-01
1.058620139956474304e-01
3.983267247676849365e-01
2.847441136837005615e-01
7.371095567941665649e-02
1.455576568841934204e-01
6.765243411064147949e-02
6.545550376176834106e-02
5.248299837112426758e-01
4.437789320945739746e-04
3.395836055278778076e-01
1.497967839241027832e-01
1.973171485587954521e-03
2.024722546339035034e-01
3.913851082324981689e-02
3.346969559788703918e-02
2.472641319036483765e-02
3.129973113536834717e-01
9.095926070585846901e-04
3.953526318073272705e-01
5.976181626319885254e-01
6.157195568084716797e-01
9.407002478837966919e-02
6.291996240615844727e-01
3.010597527027130127e-01
1.126400157809257507e-01
1.692022085189819336e-01
1.137550547719001770e-01
1.141547486186027527e-01
5.646171569824218750e-01
5.682549672201275826e-04
4.241222143173217773e-01
1.478073447942733765e-01
3.946601413190364838e-03
4.901180267333984375e-01
4.060912877321243286e-02
3.607792407274246216e-02
2.187575772404670715e-02
3.608202636241912842e-01
6.887988420203328133e-04
3.880439102649688721e-01
5.524992346763610840e-01
5.570054650306701660e-01
2.341151982545852661e-01
3.525740802288055420e-01
2.931944429874420166e-01
1.963177472352981567e-01
1.632159501314163208e-01
1.827532947063446045e-01
1.515457481145858765e-01
5.738974809646606445e-01
5.551590584218502045e-04
3.969708383083343506e-01
1.608946919441223145e-01
5.919689312577247620e-03
6.227326393127441406e-01
3.415917605161666870e-02
3.452239558100700378e-02
2.395800501108169556e-02
4.201631546020507812e-01
1.297572511248290539e-03
3.970114886760711670e-01
4.538328945636749268e-01
5.206936597824096680e-01
8.688393980264663696e-02
6.298678517341613770e-01
2.557626068592071533e-01
1.492701321840286255e-01
1.560438871383666992e-01
8.148384839296340942e-02
8.118800818920135498e-02
4.131463766098022461e-01
4.430549743119627237e-04
4.437804818153381348e-01
1.395253241062164307e-01
5.920077208429574966e-03
6.227424740791320801e-01
4.131472855806350708e-02
4.071832075715065002e-02
2.419390529394149780e-02
2.854306697845458984e-01
3.200058359652757645e-03
4.440874755382537842e-01
2.828042209148406982e-01
3.727747499942779541e-01
6.688781827688217163e-02
3.001682758331298828e-01
1.852762997150421143e-01
6.438962370157241821e-02
1.202229112386703491e-01
6.700564920902252197e-02
6.667935103178024292e-02
2.783919572830200195e-01
5.313855363056063652e-04
4.991193413734436035e-01
1.380051821470260620e-01
5.920314230024814606e-03
6.227453947067260742e-01
3.942487761378288269e-02
3.301714733242988586e-02
2.053668536245822906e-02
2.050086855888366699e-01
2.908255904912948608e-03
4.361627995967864990e-01
2.944255173206329346e-01
3.538389205932617188e-01
1.495665013790130615e-01
4.411980807781219482e-01
2.337730079889297485e-01
1.206274628639221191e-01
1.472252309322357178e-01
1.182973533868789673e-01
1.124823912978172302e-01
2.243658900260925293e-01
5.814959295094013214e-04
4.866614639759063721e-01
1.491000801324844360e-01
5.920710973441600800e-03
6.227444410324096680e-01
3.728496283292770386e-02
3.714734688401222229e-02
2.937225997447967529e-02
1.147206500172615051e-01
8.476725779473781586e-04
4.839797317981719971e-01
3.697142004966735840e-01
3.380292356014251709e-01
6.665056943893432617e-02
4.389514029026031494e-01
1.907003670930862427e-01
8.797947317361831665e-02
1.565082818269729614e-01
7.035883516073226929e-02
6.512890756130218506e-02
2.404613047838211060e-01
7.243797299452126026e-04
6.448847651481628418e-01
1.231852620840072632e-01
5.920319352298974991e-03
6.186957359313964844e-01
4.276835918426513672e-02
3.789912909269332886e-02
3.239980712532997131e-02
1.166932731866836548e-01
1.113707781769335270e-03
5.585641264915466309e-01
2.164533883333206177e-01
2.916550934314727783e-01
3.806168958544731140e-02
4.584802091121673584e-01
1.511968523263931274e-01
5.057392641901969910e-02
1.179500669240951538e-01
4.989491030573844910e-02
4.466108977794647217e-02
3.233989477157592773e-01
9.919338626787066460e-04
8.243238329887390137e-01
1.239297986030578613e-01
5.920372437685728073e-03
6.170100569725036621e-01
8.367951959371566772e-02
8.442600071430206299e-02
3.098437376320362091e-02
1.318954676389694214e-01
8.613527752459049225e-04
5.649885535240173340e-01
1.384491622447967529e-01
1.542219221591949463e-01
3.383932635188102722e-02
3.677282035350799561e-01
1.072401106357574463e-01
4.388878494501113892e-02
1.123829260468482971e-01
3.870744258165359497e-02
3.863545134663581848e-02
1.935818940401077271e-01
8.401845116168260574e-04
7.586745023727416992e-01
1.230464652180671692e-01
5.920042749494314194e-03
6.148875355720520020e-01
7.837854325771331787e-02
8.914884924888610840e-02
3.376707062125205994e-02
9.228892624378204346e-02
9.068386279977858067e-04
5.461694002151489258e-01
8.828241378068923950e-02
1.145837157964706421e-01
5.096871405839920044e-02
3.420021533966064453e-01
6.597103923559188843e-02
6.309457868337631226e-02
9.615510702133178711e-02
6.467605382204055786e-02
7.230236381292343140e-02
1.035146266222000122e-01
8.734305156394839287e-04
8.594523072242736816e-01
1.190753877162933350e-01
5.919430870562791824e-03
6.165730357170104980e-01
9.230197966098785400e-02
9.392980486154556274e-02
5.058796703815460205e-02
9.401668608188629150e-02
6.333103519864380360e-04
4.666519165039062500e-01
7.878609746694564819e-02
7.988093793392181396e-02
8.635317534208297729e-02
2.773631513118743896e-01
6.174749508500099182e-02
8.592686057090759277e-02
9.723912179470062256e-02
7.472854852676391602e-02
7.775438576936721802e-02
8.149792253971099854e-02
1.026152982376515865e-03
7.490484714508056641e-01
1.329274177551269531e-01
5.919550079852342606e-03
6.158694028854370117e-01
1.087437495589256287e-01
8.335231244564056396e-02
5.764528736472129822e-02
9.600641578435897827e-02
4.012287536170333624e-04
4.487522542476654053e-01
7.744339853525161743e-02
7.799786329269409180e-02
1.177283897995948792e-01
2.966188490390777588e-01
6.669443845748901367e-02
1.158103272318840027e-01
1.136886700987815857e-01
1.026149466633796692e-01
9.711517393589019775e-02
8.133900165557861328e-02
1.215170952491462231e-03
9.595963358879089355e-01
1.284438371658325195e-01
5.919774994254112244e-03
6.167923808097839355e-01
8.472009748220443726e-02
6.974355876445770264e-02
4.105008766055107117e-02
1.057275459170341492e-01
5.970465135760605335e-04
5.397394895553588867e-01
8.698214590549468994e-02
8.986916393041610718e-02
1.353871524333953857e-01
4.298425018787384033e-01
6.827805191278457642e-02
1.347468197345733643e-01
1.294916868209838867e-01
1.319891810417175293e-01
1.438601315021514893e-01
9.367781132459640503e-02
1.168626011349260807e-03
9.892128705978393555e-01
1.381232142448425293e-01
5.919652990996837616e-03
6.151682734489440918e-01
5.861050635576248169e-02
5.036513507366180420e-02
3.154334425926208496e-02
1.183263659477233887e-01
9.105085046030580997e-04
5.611776113510131836e-01
9.536090493202209473e-02
1.000928655266761780e-01
1.157403215765953064e-01
4.166592657566070557e-01
7.961765676736831665e-02
1.384706795215606689e-01
1.053108721971511841e-01
1.265252679586410522e-01
1.265257894992828369e-01
1.029680371284484863e-01
1.399923232384026051e-03
1.270288944244384766e+00
1.194428503513336182e-01
5.919873248785734177e-03
6.173824667930603027e-01
9.853640943765640259e-02
9.225343167781829834e-02
6.388623267412185669e-02
1.333932727575302124e-01
1.107221934944391251e-03
5.251207947731018066e-01
9.665641188621520996e-02
1.051574647426605225e-01
1.102952137589454651e-01
5.013469457626342773e-01
8.406388014554977417e-02
1.103961318731307983e-01
1.608931273221969604e-01
1.004195585846900940e-01
1.014263778924942017e-01
1.077962294220924377e-01
1.368944882415235043e-03
1.213808536529541016e+00
1.068623885512351990e-01
5.919958930462598801e-03
6.170318722724914551e-01
2.633678913116455078e-01
2.434485703706741333e-01
1.624835282564163208e-01
1.295316517353057861e-01
1.513604307547211647e-03
6.289988160133361816e-01
1.026152968406677246e-01
1.115926206111907959e-01
9.616608917713165283e-02
6.049374341964721680e-01
8.507417142391204834e-02
1.027311235666275024e-01
1.920222342014312744e-01
1.071803569793701172e-01
9.831101447343826294e-02
1.290230453014373779e-01
1.775740180164575577e-03
1.538846373558044434e+00
1.047410815954208374e-01
5.920182913541793823e-03
6.256049275398254395e-01
2.568577527999877930e-01
2.434018850326538086e-01
1.711729317903518677e-01
1.148237138986587524e-01
1.697308733128011227e-03
7.099158167839050293e-01
9.688397496938705444e-02
1.078980192542076111e-01
9.853089600801467896e-02
6.493542194366455078e-01
8.499332517385482788e-02
1.129130423069000244e-01
2.257093042135238647e-01
9.451363235712051392e-02
8.943482488393783569e-02
1.225040555000305176e-01
1.803922466933727264e-03
1.596618294715881348e+00
1.203767135739326477e-01
5.920237395912408829e-03
6.270483732223510742e-01
8.693543076515197754e-02
7.770201563835144043e-02
5.696644634008407593e-02
1.081588491797447205e-01
2.158263698220252991e-03
5.384799838066101074e-01
7.163298875093460083e-02
6.818149983882904053e-02
1.297762989997863770e-01
5.401856303215026855e-01
6.012220680713653564e-02
1.235752105712890625e-01
1.476869583129882812e-01
1.031161174178123474e-01
9.374535083770751953e-02
8.386223763227462769e-02
1.580474083311855793e-03
1.239526152610778809e+00
1.236246749758720398e-01
5.920586641877889633e-03
6.278826594352722168e-01
6.686405092477798462e-02
6.925856322050094604e-02
3.987853974103927612e-02
1.061634570360183716e-01
2.149476436898112297e-03
5.079275369644165039e-01
1.017227619886398315e-01
7.135622948408126831e-02
8.997184038162231445e-02
1.686325073242187500e-01
7.363031804561614990e-02
9.286137670278549194e-02
6.264370679855346680e-02
8.121120929718017578e-02
7.642275094985961914e-02
5.286736786365509033e-02
1.209124922752380371e-03
8.611623048782348633e-01
1.176831126213073730e-01
5.920727737247943878e-03
6.285859942436218262e-01
1.045542657375335693e-01
1.051415726542472839e-01
6.642569601535797119e-02
1.653830856084823608e-01
1.366718206554651260e-03
4.930241107940673828e-01
1.474689245223999023e-01
1.168244481086730957e-01
1.132949218153953552e-01
1.948125511407852173e-01
9.433388710021972656e-02
1.162209659814834595e-01
4.667866975069046021e-02
1.122625023126602173e-01
1.081478968262672424e-01
7.242453098297119141e-02
1.179423881694674492e-03
8.615479469299316406e-01
1.077905818819999695e-01
5.920690950006246567e-03
6.280238032341003418e-01
2.212511301040649414e-01
1.585636436939239502e-01
8.275604993104934692e-02
1.198282018303871155e-01
8.980906568467617035e-04
4.679692089557647705e-01
2.368086874485015869e-01
1.570073962211608887e-01
1.332646757364273071e-01
2.923566401004791260e-01
1.438394337892532349e-01
1.539981067180633545e-01
9.884856641292572021e-02
1.442538946866989136e-01
1.521097123622894287e-01
6.225024908781051636e-02
1.219752593897283077e-03
9.035882353782653809e-01
1.107265949249267578e-01
5.920798517763614655e-03
6.263553500175476074e-01
2.264347523450851440e-01
2.463734447956085205e-01
1.111154928803443909e-01
2.138677835464477539e-01
7.857666350901126862e-04
4.655055403709411621e-01
1.559268981218338013e-01
1.367915272712707520e-01
1.372217684984207153e-01
3.138742446899414062e-01
1.412105560302734375e-01
1.412010490894317627e-01
1.058837547898292542e-01
1.351153850555419922e-01
1.366261094808578491e-01
7.552383095026016235e-02
1.180285820737481117e-03
9.802696704864501953e-01
1.130136772990226746e-01
5.920961499214172363e-03
6.262530088424682617e-01
1.274420619010925293e-01
1.351405382156372070e-01
6.981237977743148804e-02
2.200523614883422852e-01
4.473251465242356062e-04
4.629918038845062256e-01
9.320284426212310791e-02
7.469336688518524170e-02
1.300736218690872192e-01
1.918498426675796509e-01
8.217300474643707275e-02
1.425196379423141479e-01
6.386037915945053101e-02
1.397854238748550415e-01
1.323544234037399292e-01
6.536003202199935913e-02
1.349814934656023979e-03
9.548157453536987305e-01
1.246490702033042908e-01
5.921157542616128922e-03
6.291723251342773438e-01
9.306661039590835571e-02
6.608506292104721069e-02
3.205563873052597046e-02
2.390195727348327637e-01
6.581750931218266487e-04
4.542782306671142578e-01
6.721828877925872803e-02
5.277488380670547485e-02
1.477613449096679688e-01
1.981753408908843994e-01
5.339419096708297729e-02
1.539156138896942139e-01
3.412604704499244690e-02
1.393102407455444336e-01
1.397259980440139771e-01
6.053901463747024536e-02
1.078811474144458771e-03
9.714115858078002930e-01
1.177988648414611816e-01
5.921452771872282028e-03
6.291760206222534180e-01
4.626758769154548645e-02
4.154448211193084717e-02
2.398204430937767029e-02
1.590794175863265991e-01
6.348066963255405426e-04
4.446898996829986572e-01
7.182195037603378296e-02
5.122066661715507507e-02
1.399648934602737427e-01
2.171225845813751221e-01
4.762981086969375610e-02
1.536855995655059814e-01
4.914341121912002563e-02
1.525696069002151489e-01
1.520914733409881592e-01
6.403194367885589600e-02
1.083920476958155632e-03
9.055824279785156250e-01
1.123443692922592163e-01
5.921263713389635086e-03
6.291785240173339844e-01
4.582636803388595581e-02
4.350677505135536194e-02
2.919646352529525757e-02
1.451568007469177246e-01
8.139333804138004780e-04
4.655143320560455322e-01
4.162460193037986755e-02
3.995186835527420044e-02
1.581239998340606689e-01
4.146558344364166260e-01
3.047777712345123291e-02
1.684915870428085327e-01
5.085403472185134888e-02
1.653307080268859863e-01
1.636478602886199951e-01
4.624481871724128723e-02
1.103081391192972660e-03
9.207301139831542969e-01
1.156355068087577820e-01
5.921419709920883179e-03
6.296097636222839355e-01
5.028566718101501465e-02
4.570614546537399292e-02
2.518776431679725647e-02
9.814514219760894775e-02
5.896035581827163696e-04
4.490559995174407959e-01
4.049562662839889526e-02
3.993428498506546021e-02
1.325572729110717773e-01
2.701580524444580078e-01
2.758407592773437500e-02
1.264144629240036011e-01
4.658211767673492432e-02
1.228784620761871338e-01
1.267771720886230469e-01
5.339668318629264832e-02
1.157388091087341309e-03
9.125121235847473145e-01
1.211945191025733948e-01
5.921460222452878952e-03
6.296085715293884277e-01
3.956061229109764099e-02
4.134372249245643616e-02
2.626421116292476654e-02
7.545468956232070923e-02
5.359654314815998077e-04
4.350705742835998535e-01
4.025903716683387756e-02
3.855137154459953308e-02
1.212414130568504333e-01
3.943774700164794922e-01
2.763313986361026764e-02
1.146792247891426086e-01
6.910428404808044434e-02
1.113413050770759583e-01
1.074498295783996582e-01
5.334250628948211670e-02
1.035312772728502750e-03
7.547893524169921875e-01
1.307177841663360596e-01
5.921516567468643188e-03
6.296185255050659180e-01
5.421492084860801697e-02
4.827258735895156860e-02
2.943296171724796295e-02
7.309209555387496948e-02
6.269778241403400898e-04
4.485643804073333740e-01
5.121368542313575745e-02
4.695405438542366028e-02
1.023465767502784729e-01
3.258661627769470215e-01
3.346013277769088745e-02
9.364332258701324463e-02
8.058646321296691895e-02
9.808342903852462769e-02
1.072631925344467163e-01
7.627919316291809082e-02
1.124436734244227409e-03
8.450053334236145020e-01
1.250782757997512817e-01
5.921631120145320892e-03
6.296212077140808105e-01
4.152977466583251953e-02
4.516052454710006714e-02
2.141962386667728424e-02
9.676634520292282104e-02
2.547585871070623398e-03
3.628521561622619629e-01
4.889570921659469604e-02
4.299975931644439697e-02
5.521545931696891785e-02
2.619864642620086670e-01
3.043543174862861633e-02
6.424571573734283447e-02
6.116309762001037598e-02
6.144765391945838928e-02
5.828230082988739014e-02
5.954266339540481567e-02
1.094741513952612877e-03
9.038333892822265625e-01
1.195370033383369446e-01
5.921518895775079727e-03
6.296134591102600098e-01
4.273588210344314575e-02
4.197193309664726257e-02
2.725317887961864471e-02
9.878876060247421265e-02
9.684234391897916794e-04
4.140394628047943115e-01
4.966488480567932129e-02
4.886974021792411804e-02
3.643092140555381775e-02
1.310129016637802124e-01
3.794453293085098267e-02
3.719804063439369202e-02
4.911439865827560425e-02
3.009205684065818787e-02
3.196899965405464172e-02
6.679812818765640259e-02
1.132997917011380196e-03
8.099457621574401855e-01
1.243154406547546387e-01
5.921421106904745102e-03
6.296002268791198730e-01
4.324875399470329285e-02
4.126612097024917603e-02
3.382705524563789368e-02
9.688546508550643921e-02
1.209852052852511406e-03
3.681380450725555420e-01
4.964469745755195618e-02
5.001414939761161804e-02
2.541311085224151611e-02
1.134198531508445740e-01
3.767595067620277405e-02
2.896808460354804993e-02
5.268639698624610901e-02
2.611615322530269623e-02
3.038656152784824371e-02
6.382400542497634888e-02
1.057415851391851902e-03
7.538346648216247559e-01
1.341957747936248779e-01
5.921003874391317368e-03
6.295881867408752441e-01
8.379012346267700195e-02
7.311884313821792603e-02
5.393845215439796448e-02
1.108552366495132446e-01
1.014669425785541534e-03
3.867999613285064697e-01
5.861944332718849182e-02
6.786960363388061523e-02
2.523503638803958893e-02
1.098924577236175537e-01
5.801968276500701904e-02
3.098041377961635590e-02
3.082519210875034332e-02
2.881777659058570862e-02
3.321911022067070007e-02
7.761552929878234863e-02
1.033119508065283298e-03
6.781932711601257324e-01
1.257759928703308105e-01
5.921056028455495834e-03
6.295816302299499512e-01
9.092276543378829956e-02
8.431598544120788574e-02
4.110694676637649536e-02
7.879352569580078125e-02
7.177981897257268429e-04
3.977597951889038086e-01
7.510211318731307983e-02
9.230604767799377441e-02
2.514498494565486908e-02
1.632470488548278809e-01
8.544042706489562988e-02
2.212040126323699951e-02
6.632071733474731445e-02
2.058940194547176361e-02
2.112186141312122345e-02
1.154434084892272949e-01
1.015751622617244720e-03
7.642342448234558105e-01
1.214887946844100952e-01
5.920979194343090057e-03
6.295779347419738770e-01
1.033781692385673523e-01
1.037123426795005798e-01
6.258472055196762085e-02
1.293718814849853516e-01
8.355057798326015472e-04
3.617398440837860107e-01
7.742504775524139404e-02
7.245280593633651733e-02
2.047419175505638123e-02
1.704186648130416870e-01
6.371288001537322998e-02
1.960204541683197021e-02
6.263673305511474609e-02
2.269034646451473236e-02
2.384343929588794708e-02
1.226748749613761902e-01
1.078762346878647804e-03
8.138512969017028809e-01
1.227312088012695312e-01
5.921136587858200073e-03
6.295782923698425293e-01
1.205210685729980469e-01
1.156310886144638062e-01
7.034745812416076660e-02
1.259853541851043701e-01
5.526617751456797123e-04
4.087561666965484619e-01
6.315144896507263184e-02
7.644580304622650146e-02
2.506617084145545959e-02
1.455860882997512817e-01
5.667173117399215698e-02
1.895740255713462830e-02
4.696703329682350159e-02
2.716915868222713470e-02
2.292425930500030518e-02
1.291867941617965698e-01
1.489471993409097195e-03
1.045199036598205566e+00
1.193076297640800476e-01
5.920709576457738876e-03
6.295731663703918457e-01
1.064755097031593323e-01
7.970654964447021484e-02
8.790718019008636475e-02
9.112591296434402466e-02
8.496725349687039852e-04
4.224116802215576172e-01
4.634584859013557434e-02
5.617662891745567322e-02
1.948617026209831238e-02
1.737754046916961670e-01
4.041795060038566589e-02
2.706785686314105988e-02
7.132926583290100098e-02
2.385787107050418854e-02
2.437419816851615906e-02
1.073225140571594238e-01
1.375698833726346493e-03
1.180614233016967773e+00
1.150094419717788696e-01
5.920324940234422684e-03
6.295712590217590332e-01
7.314773648977279663e-02
6.147248297929763794e-02
4.335292801260948181e-02
9.483616799116134644e-02
1.095139887183904648e-03
4.335074126720428467e-01
4.723528027534484863e-02
6.173392757773399353e-02
2.217121049761772156e-02
1.482744961977005005e-01
3.412261977791786194e-02
2.207534387707710266e-02
5.711209028959274292e-02
2.054359018802642822e-02
2.068494819104671478e-02
9.602840989828109741e-02
2.215136075392365456e-03
2.011921882629394531e+00
9.267035126686096191e-02
5.920381285250186920e-03
6.295730471611022949e-01
7.098687440156936646e-02
6.082972511649131775e-02
5.219335854053497314e-02
7.438653707504272461e-02
1.204630127176642418e-03
4.546038210391998291e-01
6.397774070501327515e-02
7.036458700895309448e-02
2.491905540227890015e-02
2.231208682060241699e-01
3.847157210111618042e-02
2.090026997029781342e-02
5.093354359269142151e-02
3.641054034233093262e-02
3.287390246987342834e-02
1.057320237159729004e-01
2.965341787785291672e-03
2.140031099319458008e+00
9.251802414655685425e-02
5.920278839766979218e-03
6.295706629753112793e-01
1.487818956375122070e-01
1.429779827594757080e-01
1.104480400681495667e-01
3.971447050571441650e-02
1.833400689065456390e-03
4.768156409263610840e-01
3.761383891105651855e-02
5.258079990744590759e-02
2.384368516504764557e-02
2.084926217794418335e-01
2.736615575850009918e-02
2.481369115412235260e-02
6.069257855415344238e-02
2.424841187894344330e-02
2.432908676564693451e-02
9.770443290472030640e-02
2.679833909496665001e-03
2.091254234313964844e+00
1.122107505798339844e-01
5.920161958783864975e-03
6.295710802078247070e-01
1.424322426319122314e-01
1.352708488702774048e-01
1.115067377686500549e-01
5.377004668116569519e-02
1.834225142374634743e-03
4.748353958129882812e-01
2.789929322898387909e-02
3.993385285139083862e-02
3.351302444934844971e-02
1.446709930896759033e-01
2.228175103664398193e-02
3.563246876001358032e-02
4.589852690696716309e-02
3.883076459169387817e-02
3.862822055816650391e-02
9.089144319295883179e-02
1.950224977917969227e-03
1.478897929191589355e+00
1.058630272746086121e-01
5.920600146055221558e-03
6.295758485794067383e-01
4.892521724104881287e-02
4.415322840213775635e-02
4.020109027624130249e-02
3.620649129152297974e-02
1.780132763087749481e-03
5.146921873092651367e-01
2.498430572450160980e-02
4.013559967279434204e-02
3.977955505251884460e-02
1.239379271864891052e-01
1.971221342682838440e-02
3.343893215060234070e-02
4.133843630552291870e-02
3.807737678289413452e-02
3.545878827571868896e-02
8.763445168733596802e-02
2.243178198114037514e-03
1.770652413368225098e+00
6.469446420669555664e-02
5.920396186411380768e-03
6.295802593231201172e-01
5.006832256913185120e-02
4.105673357844352722e-02
3.266494721174240112e-02
3.167406842112541199e-02
1.700842520222067833e-03
5.489619374275207520e-01
3.656934201717376709e-02
5.210729315876960754e-02
5.782645568251609802e-02
1.557380259037017822e-01
2.506396360695362091e-02
4.918672889471054077e-02
3.431748598814010620e-02
4.630997776985168457e-02
4.033923894166946411e-02
1.029234826564788818e-01
2.114486414939165115e-03
1.435280799865722656e+00
8.033952862024307251e-02
5.920812021940946579e-03
6.295841932296752930e-01
6.929069757461547852e-02
8.624175935983657837e-02
7.938129454851150513e-02
3.650090470910072327e-02
1.606220612302422523e-03
6.596935391426086426e-01
7.457555830478668213e-02
1.140050441026687622e-01
5.532152205705642700e-02
2.192474752664566040e-01
4.120243340730667114e-02
6.290376931428909302e-02
2.843890339136123657e-02
6.707947701215744019e-02
6.449421495199203491e-02
1.332746446132659912e-01
1.817009062506258488e-03
1.521572470664978027e+00
1.200451403856277466e-01
5.921248812228441238e-03
6.295892000198364258e-01
1.127737686038017273e-01
1.086250469088554382e-01
7.981363683938980103e-02
6.040868908166885376e-02
1.452530035749077797e-03
6.866627335548400879e-01
1.506871432065963745e-01
1.983080804347991943e-01
9.088805317878723145e-02
3.110203742980957031e-01
8.997899293899536133e-02
6.060196086764335632e-02
3.692601248621940613e-02
6.932741403579711914e-02
7.170528918504714966e-02
1.744841784238815308e-01
1.651671016588807106e-03
1.115862607955932617e+00
1.030943244695663452e-01
5.921400617808103561e-03
6.295928955078125000e-01
1.182849556207656860e-01
1.077762916684150696e-01
6.879140436649322510e-02
1.137893795967102051e-01
1.250398694537580013e-03
8.052362799644470215e-01
1.536260396242141724e-01
2.524465918540954590e-01
7.122506201267242432e-02
2.268816232681274414e-01
9.224999696016311646e-02
7.402051240205764771e-02
6.847625970840454102e-02
8.374463021755218506e-02
8.400877565145492554e-02
2.129085659980773926e-01
1.456619240343570709e-03
1.229307770729064941e+00
1.143588125705718994e-01
5.921671632677316666e-03
6.295979022979736328e-01
7.669933140277862549e-02
6.959732621908187866e-02
5.570540577173233032e-02
1.063415333628654480e-01
9.447351330891251564e-04
8.280426263809204102e-01
6.018891930580139160e-02
8.586374670267105103e-02
1.070182994008064270e-01
1.990287005901336670e-01
5.828088149428367615e-02
1.398405581712722778e-01
6.826583296060562134e-02
7.439868897199630737e-02
1.052481681108474731e-01
1.904811561107635498e-01
1.592781627550721169e-03
1.412741541862487793e+00
1.622995287179946899e-01
5.921794101595878601e-03
6.296017765998840332e-01
5.771779268980026245e-02
5.010130256414413452e-02
4.390402510762214661e-02
1.149528399109840393e-01
1.058647641912102699e-03
1.034327864646911621e+00
4.474384337663650513e-02
7.264137268066406250e-02
2.111104317009449005e-02
2.044291794300079346e-01
3.715416789054870605e-02
2.992042526602745056e-02
4.769849032163619995e-02
3.250145912170410156e-02
3.275145217776298523e-02
1.689645051956176758e-01
1.482443301938474178e-03
1.469651579856872559e+00
9.096065908670425415e-02
5.921971984207630157e-03
6.296046376228332520e-01
4.427723214030265808e-02
3.841192275285720825e-02
3.289277851581573486e-02
7.091259211301803589e-02
5.593394744209945202e-04
1.073352456092834473e+00
3.788162022829055786e-02
6.472746282815933228e-02
3.736136108636856079e-02
1.180303320288658142e-01
2.876737341284751892e-02
3.638701140880584717e-02
4.664951190352439880e-02
4.085307940840721130e-02
3.356066718697547913e-02
1.532559692859649658e-01
1.299033523537218571e-03
1.209933280944824219e+00
1.595044136047363281e-01
5.922214128077030182e-03
6.296108961105346680e-01
4.267377033829689026e-02
3.250663727521896362e-02
2.882613427937030792e-02
4.174141585826873779e-02
2.516235690563917160e-04
1.172168374061584473e+00
3.477962315082550049e-02
6.120783835649490356e-02
2.358006872236728668e-02
1.610980331897735596e-01
2.605095691978931427e-02
2.468985691666603088e-02
3.877753764390945435e-02
2.018252387642860413e-02
1.993153803050518036e-02
1.552837193012237549e-01
1.466330606490373611e-03
1.435436844825744629e+00
2.058058977127075195e-01
5.922396201640367508e-03
6.296174526214599609e-01
4.068871960043907166e-02
3.805845230817794800e-02
2.905676513910293579e-02
4.224390536546707153e-02
8.109694463200867176e-04
1.466979384422302246e+00
3.159053996205329895e-02
5.300641059875488281e-02
2.105860970914363861e-02
1.391877830028533936e-01
2.619777061045169830e-02
2.298477105796337128e-02
3.222056850790977478e-02
2.128959447145462036e-02
2.317088469862937927e-02
1.625874489545822144e-01
1.358567387796938419e-03
1.410367012023925781e+00
1.287420541048049927e-01
5.922901444137096405e-03
6.296250224113464355e-01
3.961019217967987061e-02
3.678113222122192383e-02
3.315715119242668152e-02
4.808861762285232544e-02
3.033414832316339016e-04
1.697974443435668945e+00
5.129231885075569153e-02
1.040567904710769653e-01
2.797525748610496521e-02
1.721997410058975220e-01
3.626974299550056458e-02
4.118440672755241394e-02
9.165085852146148682e-02
2.876242622733116150e-02
3.162463009357452393e-02
2.165183573961257935e-01
1.390776946209371090e-03
1.194965124130249023e+00
1.813034415245056152e-01
5.922837648540735245e-03
6.296305656433105469e-01
4.528770968317985535e-02
3.724654391407966614e-02
3.153054043650627136e-02
5.738584324717521667e-02
6.467004423029720783e-04
1.501038312911987305e+00
5.436889454722404480e-02
8.527661114931106567e-02
2.761484310030937195e-02
2.829571366310119629e-01
3.733828291296958923e-02
3.008728846907615662e-02
5.300058797001838684e-02
2.579746954143047333e-02
2.526798099279403687e-02
2.244789451360702515e-01
1.511139329522848129e-03
1.084865927696228027e+00
1.534447371959686279e-01
5.923043470829725266e-03
6.296316981315612793e-01
3.846006840467453003e-02
4.262677952647209167e-02
3.296783939003944397e-02
5.492548644542694092e-02
4.510552680585533381e-04
1.636911869049072266e+00
6.631534546613693237e-02
9.189713746309280396e-02
3.284168988466262817e-02
2.563727200031280518e-01
3.263730555772781372e-02
3.448660671710968018e-02
4.538708180189132690e-02
2.851851470768451691e-02
2.779486402869224548e-02
2.269426137208938599e-01
1.334141357801854610e-03
1.030096173286437988e+00
2.116452604532241821e-01
5.922897718846797943e-03
6.296218633651733398e-01
3.981401398777961731e-02
3.517135977745056152e-02
2.887840569019317627e-02
5.764752253890037537e-02
6.282262038439512253e-04
1.772457361221313477e+00
3.458672016859054565e-02
7.410838454961776733e-02
5.064527317881584167e-02
3.271496891975402832e-01
2.074952051043510437e-02
4.914625361561775208e-02
7.234460115432739258e-02
4.809781536459922791e-02
4.770384356379508972e-02
2.368406504392623901e-01
1.305225188843905926e-03
1.060793280601501465e+00
1.648618280887603760e-01
5.922375712543725967e-03
6.296063661575317383e-01
3.769626095890998840e-02
3.356399014592170715e-02
3.154986724257469177e-02
5.104360729455947876e-02
5.545471794903278351e-04
1.926473021507263184e+00
6.123316287994384766e-02
8.187193423509597778e-02
3.941028565168380737e-02
3.387811481952667236e-01
2.972722984850406647e-02
4.114016517996788025e-02
7.881426811218261719e-02
3.865488246083259583e-02
3.534078598022460938e-02
3.119539320468902588e-01
1.245623221620917320e-03
1.155592083930969238e+00
1.221008524298667908e-01
5.922011099755764008e-03
6.295874714851379395e-01
5.014045536518096924e-02
4.970937594771385193e-02
4.707570746541023254e-02
6.018368899822235107e-02
1.700420543784275651e-04
1.856727600097656250e+00
4.606801643967628479e-02
7.760141789913177490e-02
2.525780349969863892e-02
2.065690606832504272e-01
3.144162148237228394e-02
2.755941450595855713e-02
7.583438605070114136e-02
2.778712846338748932e-02
2.777845598757266998e-02
2.981919646263122559e-01
1.323258038610219955e-03
1.177979826927185059e+00
9.079440683126449585e-02
3.565720049664378166e-03
3.309288918972015381e-01
5.964484810829162598e-02
4.910345375537872314e-02
4.279832541942596436e-02
6.652802228927612305e-02
1.284836471313610673e-04
1.930740952491760254e+00
3.031752258539199829e-02
6.673379987478256226e-02
7.547806203365325928e-02
9.226153045892715454e-02
2.527022361755371094e-02
7.184273004531860352e-02
2.681843936443328857e-02
8.177046477794647217e-02
8.195240795612335205e-02
2.416777312755584717e-01
1.327372156083583832e-03
1.149585366249084473e+00
1.080376878380775452e-01
1.843299716711044312e-03
1.474175900220870972e-01
6.326527148485183716e-02
5.564230307936668396e-02
4.468082636594772339e-02
5.507489666342735291e-02
1.626451266929507256e-04
2.021806716918945312e+00
3.128669038414955139e-02
7.822962850332260132e-02
3.999378904700279236e-02
1.341424733400344849e-01
2.976857498288154602e-02
4.676600173115730286e-02
3.679501265287399292e-02
3.955684974789619446e-02
4.129375889897346497e-02
2.558161318302154541e-01
1.340176560916006565e-03
1.167897224426269531e+00
1.107726544141769409e-01
1.914923777803778648e-04
1.457669287919998169e-01
8.717764914035797119e-02
8.275565505027770996e-02
6.345535814762115479e-02
4.946201667189598083e-02
1.739181752782315016e-04
2.157179594039916992e+00
1.834684237837791443e-02
5.935827270150184631e-02
3.792760521173477173e-02
2.914328277111053467e-01
2.000133506953716278e-02
3.467263653874397278e-02
3.471060469746589661e-02
3.692479804158210754e-02
3.723011165857315063e-02
3.009947240352630615e-01
1.322709489613771439e-03
1.259512543678283691e+00
1.113851964473724365e-01
5.756299651693552732e-05
6.391566246747970581e-02
9.532383829355239868e-02
8.331345021724700928e-02
8.443010598421096802e-02
4.403995350003242493e-02
4.279803251847624779e-04
2.083239316940307617e+00
2.410346269607543945e-02
7.478998601436614990e-02
2.446399442851543427e-02
2.437931746244430542e-01
2.054808475077152252e-02
1.874808967113494873e-02
3.329250589013099670e-02
1.552661228924989700e-02
1.621313951909542084e-02
3.588686883449554443e-01
1.358091598376631737e-03
1.140213608741760254e+00
6.855370104312896729e-02
2.054980723187327385e-04
5.916436389088630676e-02
5.348279327154159546e-02
4.694988578557968140e-02
3.949670493602752686e-02
3.421513736248016357e-02
5.257466109469532967e-04
2.092455625534057617e+00
9.366909973323345184e-03
3.932922333478927612e-02
2.040490694344043732e-02
1.936970651149749756e-01
9.570479393005371094e-03
1.855145394802093506e-02
3.550423309206962585e-02
1.585159637033939362e-02
1.589312590658664703e-02
2.516369223594665527e-01
1.351736718788743019e-03
1.078165292739868164e+00
7.150459289550781250e-02
2.893407508963719010e-05
6.154515594244003296e-02
6.299321353435516357e-02
5.974822491407394409e-02
5.269970372319221497e-02
2.443115971982479095e-02
5.991808720864355564e-04
2.041410923004150391e+00
1.114284526556730270e-02
3.600402548909187317e-02
2.447980269789695740e-02
1.614040583372116089e-01
9.857207536697387695e-03
2.391729690134525299e-02
3.131654486060142517e-02
1.838300563395023346e-02
2.168921381235122681e-02
2.510792315006256104e-01
1.364359166473150253e-03
1.138229966163635254e+00
4.296487942337989807e-02
5.951469574938528240e-05
8.141888678073883057e-02
1.430980563163757324e-01
1.301771104335784912e-01
9.626279771327972412e-02
3.733255341649055481e-02
4.964260733686387539e-04
1.839671492576599121e+00
2.024452574551105499e-02
2.140812017023563385e-02
3.177181631326675415e-02
2.289065867662429810e-01
1.182699482887983322e-02
2.539038285613059998e-02
3.589566797018051147e-02
2.240356244146823883e-02
2.102686278522014618e-02
1.553236097097396851e-01
1.413504593074321747e-03
1.053470730781555176e+00
5.639794468879699707e-02
3.831852882285602391e-05
3.858168795704841614e-02
1.437722444534301758e-01
1.321779489517211914e-01
1.057631075382232666e-01
5.210067704319953918e-02
3.291854518465697765e-04
1.617085456848144531e+00
1.727604120969772339e-02
4.837805777788162231e-02
2.048070356249809265e-02
1.320250183343887329e-01
1.143958792090415955e-02
2.163494937121868134e-02
3.033572062849998474e-02
2.018226310610771179e-02
2.021273039281368256e-02
2.040068805217742920e-01
1.039757044054567814e-03
1.094285368919372559e+00
6.038118526339530945e-02
1.878575421869754791e-04
4.669311642646789551e-02
7.500164955854415894e-02
5.959502980113029480e-02
4.112320393323898315e-02
4.383322224020957947e-02
3.885326150339096785e-04
1.452742934226989746e+00
2.261346951127052307e-02
5.129308998584747314e-02
3.195748850703239441e-02
2.283490449190139771e-01
1.449997909367084503e-02
4.158293828368186951e-02
4.540451243519783020e-02
2.789175510406494141e-02
2.759789489209651947e-02
2.161726653575897217e-01
1.233109273016452789e-03
1.001483201980590820e+00
4.750359058380126953e-02
6.773543282179161906e-05
7.340279966592788696e-02
9.328555315732955933e-02
6.400981545448303223e-02
4.973398894071578979e-02
3.536633402109146118e-02
4.459602641873061657e-04
1.480997204780578613e+00
2.193574048578739166e-02
5.899522453546524048e-02
6.939116120338439941e-02
3.139435350894927979e-01
1.522869989275932312e-02
5.476616695523262024e-02
4.655464366078376770e-02
3.488729521632194519e-02
3.918805345892906189e-02
2.303969264030456543e-01
1.553718582727015018e-03
1.189814567565917969e+00
4.096608608961105347e-02
4.231784987496212125e-05
1.071763038635253906e-01
1.735076010227203369e-01
1.503789126873016357e-01
7.973762601613998413e-02
3.818776085972785950e-02
3.020085860043764114e-04
9.830173254013061523e-01
3.790842741727828979e-02
9.351328760385513306e-02
8.847056329250335693e-02
2.367004156112670898e-01
3.042332269251346588e-02
7.301136106252670288e-02
1.133355200290679932e-01
4.709158465266227722e-02
5.691093951463699341e-02
2.436248511075973511e-01
2.026206580922007561e-03
1.416214823722839355e+00
4.374434798955917358e-02
6.568503158632665873e-05
9.277468919754028320e-02
2.180770635604858398e-01
1.927026361227035522e-01
1.205209642648696899e-01
3.931400924921035767e-02
9.694815526017919183e-05
4.919330477714538574e-01
2.828007377684116364e-02
5.405997484922409058e-02
3.367247432470321655e-02
1.601845920085906982e-01
1.890783384442329407e-02
3.570812940597534180e-02
4.233323410153388977e-02
2.404863201081752777e-02
2.392150461673736572e-02
2.105444967746734619e-01
2.516760025173425674e-03
1.663624167442321777e+00
4.334087297320365906e-02
1.016654787235893309e-04
2.271790802478790283e-02
1.632964015007019043e-01
1.594022512435913086e-01
1.301096081733703613e-01
4.411642253398895264e-02
1.264840102521702647e-04
6.517180800437927246e-01
2.171086333692073822e-02
4.710689932107925415e-02
2.697825804352760315e-02
1.801481544971466064e-01
1.594917662441730499e-02
3.675103932619094849e-02
3.178284689784049988e-02
2.288251370191574097e-02
2.255737036466598511e-02
2.084721177816390991e-01
1.895589521154761314e-03
1.136497735977172852e+00
4.155813530087471008e-02
3.451742304605431855e-05
6.138429045677185059e-02
9.663830697536468506e-02
8.635549247264862061e-02
1.354517042636871338e-01
4.524136707186698914e-02
1.255179086001589894e-04
3.095532059669494629e-01
2.372254058718681335e-02
3.944507241249084473e-02
6.560768187046051025e-02
2.510077357292175293e-01
1.553475018590688705e-02
6.448154151439666748e-02
3.597187623381614685e-02
5.057991668581962585e-02
5.668297410011291504e-02
1.654382348060607910e-01
2.203132491558790207e-03
1.302696466445922852e+00
4.467654973268508911e-02
6.002686495776288211e-05
5.809935927391052246e-02
7.666830718517303467e-02
8.532814681529998779e-02
4.805759713053703308e-02
5.593036860227584839e-02
2.130247885361313820e-04
1.496244370937347412e-01
1.620759442448616028e-02
3.219185024499893188e-02
3.619913384318351746e-02
9.710656851530075073e-02
1.092140283435583115e-02
3.810099512338638306e-02
1.936016231775283813e-02
3.692127019166946411e-02
3.566974774003028870e-02
1.269574165344238281e-01
1.166422152891755104e-03
9.132609367370605469e-01
4.386696219444274902e-02
1.048038830049335957e-04
1.766533851623535156e-01
5.531794577836990356e-02
4.976405575871467590e-02
3.567874059081077576e-02
4.994647949934005737e-02
1.395062718074768782e-04
1.029482111334800720e-01
1.691771484911441803e-02
1.488550193607807159e-02
4.544691368937492371e-02
7.567476481199264526e-02
1.173366047441959381e-02
3.824603930115699768e-02
1.961788162589073181e-02
3.420815616846084595e-02
3.375372663140296936e-02
5.043609440326690674e-02
8.173723472282290459e-04
6.150221228599548340e-01
4.815736413002014160e-02
3.588528852560557425e-05
7.761613279581069946e-02
5.138282105326652527e-02
3.749369829893112183e-02
3.812683746218681335e-02
4.873672500252723694e-02
1.254910894203931093e-04
1.218524649739265442e-01
2.173033542931079865e-02
1.412609498947858810e-02
4.012425616383552551e-02
1.288089752197265625e-01
1.638951525092124939e-02
3.309957310557365417e-02
3.491758555173873901e-02
3.131598979234695435e-02
3.359190747141838074e-02
6.373719125986099243e-02
9.034286485984921455e-04
6.904718279838562012e-01
4.156390950083732605e-02
1.595180583535693586e-05
1.050933636724948883e-02
6.182682514190673828e-02
4.341405630111694336e-02
4.067258164286613464e-02
5.240816250443458557e-02
1.307263737544417381e-04
1.714329868555068970e-01
1.555543951690196991e-02
1.957401260733604431e-02
5.194474011659622192e-02
1.143710836768150330e-01
1.127370167523622513e-02
4.461333155632019043e-02
3.209517151117324829e-02
4.489730671048164368e-02
5.221763625741004944e-02
5.708260834217071533e-02
9.912344394251704216e-04
7.526272535324096680e-01
6.574843078851699829e-02
1.340165578511687272e-08
7.597600342705845833e-04
4.735190421342849731e-02
5.407170951366424561e-02
3.412293642759323120e-02
5.788780376315116882e-02
1.411889097653329372e-04
2.192325890064239502e-01
1.985137537121772766e-02
2.387497574090957642e-02
8.275391161441802979e-02
9.544962644577026367e-02
1.282295864075422287e-02
4.542068019509315491e-02
2.574956044554710388e-02
5.214856937527656555e-02
5.198376998305320740e-02
9.216520935297012329e-02
1.199400634504854679e-03
9.806837439537048340e-01
7.609108835458755493e-02
1.340165578511687272e-08
7.051014108583331108e-04
7.299063354730606079e-02
5.642379075288772583e-02
3.383383899927139282e-02
5.874469876289367676e-02
1.367366639897227287e-04
1.679841428995132446e-01
1.769774407148361206e-02
1.984483934938907623e-02
4.731651395559310913e-02
1.385793387889862061e-01
1.178128272294998169e-02
4.330177232623100281e-02
2.109259366989135742e-02
4.547901451587677002e-02
4.556732624769210815e-02
6.679085642099380493e-02
1.181186642497777939e-03
9.769479632377624512e-01
7.684633135795593262e-02
1.340165578511687272e-08
7.346694474108517170e-04
5.017355456948280334e-02
5.305280163884162903e-02
4.234152287244796753e-02
4.689941927790641785e-02
1.571286265971139073e-04
1.492186337709426880e-01
1.930926740169525146e-02
1.676405221223831177e-02
3.843259438872337341e-02
1.250000447034835815e-01
1.186053268611431122e-02
3.628959506750106812e-02
2.403878234326839447e-02
3.630015254020690918e-02
3.663213551044464111e-02
6.341005861759185791e-02
1.573857152834534645e-03
1.042275309562683105e+00
8.445189893245697021e-02
1.340165578511687272e-08
7.952626328915357590e-04
6.054689362645149231e-02
6.645710021257400513e-02
3.077456541359424591e-02
4.207123443484306335e-02
2.170803636545315385e-04
9.688173979520797729e-02
1.803022623062133789e-02
1.371194887906312943e-02
3.799604251980781555e-02
1.028918325901031494e-01
1.201776135712862015e-02
3.365095332264900208e-02
2.329512685537338257e-02
2.885154820978641510e-02
2.919294126331806183e-02
5.719813704490661621e-02
6.716440548188984394e-04
5.383047461509704590e-01
8.480211347341537476e-02
1.340165578511687272e-08
3.207552013918757439e-03
8.941750228404998779e-02
6.906433403491973877e-02
3.637109324336051941e-02
4.207929968833923340e-02
2.574606332927942276e-04
8.850030601024627686e-02
2.122812904417514801e-02
1.849501393735408783e-02
3.937349840998649597e-02
1.381920129060745239e-01
1.333540957421064377e-02
4.027935862541198730e-02
2.454755641520023346e-02
3.404797241091728210e-02
3.621564432978630066e-02
6.189563125371932983e-02
6.476001581177115440e-04
4.543940126895904541e-01
8.341640233993530273e-02
1.340165578511687272e-08
3.163322107866406441e-03
1.202533617615699768e-01
9.719729423522949219e-02
4.643866419792175293e-02
4.049576446413993835e-02
3.798369725700467825e-04
9.754148870706558228e-02
1.874621212482452393e-02
1.430331822484731674e-02
3.670469298958778381e-02
9.770402312278747559e-02
1.335507351905107498e-02
3.832408785820007324e-02
2.134325727820396423e-02
3.360275551676750183e-02
3.390752896666526794e-02
4.294886440038681030e-02
8.995374082587659359e-04
4.809772074222564697e-01
8.338427543640136719e-02
1.340165578511687272e-08
3.136669518426060677e-03
1.234703212976455688e-01
1.287209391593933105e-01
7.809080928564071655e-02
3.978074342012405396e-02
4.886219976469874382e-04
1.132944002747535706e-01
1.904111169278621674e-02
1.577771641314029694e-02
3.740171715617179871e-02
1.123121827840805054e-01
1.306312717497348785e-02
3.533983230590820312e-02
2.567819692194461823e-02
3.355923295021057129e-02
3.374848887324333191e-02
5.006824061274528503e-02
1.035653636790812016e-03
6.683195829391479492e-01
8.558540046215057373e-02
1.340165578511687272e-08
2.749845199286937714e-02
1.967289298772811890e-01
1.486982405185699463e-01
1.126380562782287598e-01
3.944168239831924438e-02
5.084037547931075096e-04
1.291824579238891602e-01
2.315888740122318268e-02
1.827269233763217926e-02
4.321218654513359070e-02
1.269060820341110229e-01
1.469051651656627655e-02
3.430888056755065918e-02
3.139664977788925171e-02
3.167380765080451965e-02
3.014179691672325134e-02
4.395949840545654297e-02
7.065754034556448460e-04
5.201506018638610840e-01
9.079065173864364624e-02
3.946600947529077530e-03
8.444418013095855713e-02
2.046024948358535767e-01
1.748208254575729370e-01
8.809199929237365723e-02
4.178453236818313599e-02
4.559851950034499168e-04
1.252429783344268799e-01
2.766114845871925354e-02
1.718981005251407623e-02
4.896596446633338928e-02
1.001769676804542542e-01
1.698417961597442627e-02
4.955621063709259033e-02
2.433871664106845856e-02
4.444773122668266296e-02
4.449892044067382812e-02
1.641415245831012726e-02
7.794220000505447388e-04
6.889333128929138184e-01
9.696047753095626831e-02
3.946588374674320221e-03
8.547899127006530762e-02
6.081904098391532898e-02
5.305439978837966919e-02
7.158666104078292847e-02
4.308350756764411926e-02
3.747740411199629307e-04
1.438270509243011475e-01
4.086898639798164368e-02
2.861460112035274506e-02
6.155398860573768616e-02
1.030406132340431213e-01
3.221069648861885071e-02
6.259486079216003418e-02
2.171318978071212769e-02
5.726260691881179810e-02
5.510930716991424561e-02
1.904486678540706635e-02
8.168750209733843803e-04
5.600178837776184082e-01
9.818854928016662598e-02
3.946557175368070602e-03
8.610698580741882324e-02
4.903829842805862427e-02
3.870212659239768982e-02
4.787700623273849487e-02
4.505868628621101379e-02
3.496006538625806570e-04
1.552842408418655396e-01
3.622929751873016357e-02
2.744141407310962677e-02
7.785496860742568970e-02
1.439342498779296875e-01
2.278873696923255920e-02
7.746814191341400146e-02
3.255234286189079285e-02
6.798128038644790649e-02
7.179993391036987305e-02
1.852115057408809662e-02
8.060029358603060246e-04
8.167579174041748047e-01
8.963833749294281006e-02
3.947123885154724121e-03
8.388854563236236572e-02
3.923447802662849426e-02
3.953012824058532715e-02
2.552581205964088440e-02
5.568980053067207336e-02
3.602418000809848309e-04
2.089200317859649658e-01
3.623285517096519470e-02
2.310111559927463531e-02
6.047480553388595581e-02
1.133425086736679077e-01
2.335838973522186279e-02
5.359865352511405945e-02
2.583872899413108826e-02
5.543999001383781433e-02
5.340936034917831421e-02
1.972968876361846924e-02
1.034674700349569321e-03
6.248080730438232422e-01
9.066261351108551025e-02
3.946772776544094086e-03
8.467247337102890015e-02
9.395936131477355957e-02
9.413631260395050049e-02
6.803575158119201660e-02
6.034655123949050903e-02
3.415507671888917685e-04
3.267665803432464600e-01
2.752205543220043182e-02
2.073390968143939972e-02
4.543794691562652588e-02
1.413167715072631836e-01
1.828105561435222626e-02
4.289760813117027283e-02
3.356060385704040527e-02
3.790776059031486511e-02
3.800369054079055786e-02
1.855667866766452789e-02
9.418348781764507294e-04
8.454352021217346191e-01
9.035581350326538086e-02
3.946784418076276779e-03
8.467563986778259277e-02
9.529885649681091309e-02
9.653779119253158569e-02
7.382318377494812012e-02
5.681593716144561768e-02
3.467297647148370743e-04
2.936894893646240234e-01
3.126300871372222900e-02
2.410665526986122131e-02
4.220119491219520569e-02
1.539074182510375977e-01
2.156769670546054840e-02
4.169227555394172668e-02
3.333861380815505981e-02
4.208420217037200928e-02
4.001767188310623169e-02
2.621253393590450287e-02
1.096989377401769161e-03
7.794566154479980469e-01
9.762445837259292603e-02
3.946894779801368713e-03
8.483393490314483643e-02
7.894271612167358398e-02
7.128772139549255371e-02
5.612082034349441528e-02
4.567629843950271606e-02
3.549643442966043949e-04
2.411659359931945801e-01
2.762576565146446228e-02
2.457682229578495026e-02
5.035286396741867065e-02
1.410074532032012939e-01
1.815753243863582611e-02
4.166100174188613892e-02
3.492022678256034851e-02
4.228274524211883545e-02
4.246453568339347839e-02
2.687499113380908966e-02
7.798542501404881477e-04
5.233345031738281250e-01
9.914636611938476562e-02
3.946491051465272903e-03
8.430983871221542358e-02
3.770335763692855835e-02
3.879952430725097656e-02
2.542282827198505402e-02
4.466596245765686035e-02
3.491943934932351112e-04
2.715628445148468018e-01
2.784264460206031799e-02
2.429731935262680054e-02
6.058119982481002808e-02
1.366893202066421509e-01
1.817007362842559814e-02
5.113911628723144531e-02
3.178764507174491882e-02
4.767289757728576660e-02
4.794644564390182495e-02
2.690137550234794617e-02
1.630841987207531929e-03
8.613962531089782715e-01
9.987934678792953491e-02
3.946474753320217133e-03
1.417291909456253052e-01
3.690188750624656677e-02
3.391116112470626831e-02
2.816071361303329468e-02
5.224657058715820312e-02
3.573561843950301409e-04
2.262283563613891602e-01
2.994117513298988342e-02
2.704774215817451477e-02
6.179520487785339355e-02
1.417906880378723145e-01
1.909128762781620026e-02
5.814678221940994263e-02
3.533424809575080872e-02
4.923718422651290894e-02
5.294913426041603088e-02
3.054663352668285370e-02
1.259790384210646152e-03
7.841151952743530273e-01
1.142720729112625122e-01
1.223830133676528931e-01
4.985578954219818115e-01
3.858689963817596436e-02
3.604678809642791748e-02
2.821129187941551208e-02
5.697596073150634766e-02
3.454768739175051451e-04
2.075885087251663208e-01
3.651804476976394653e-02
3.272901102900505066e-02
8.761995285749435425e-02
1.677366644144058228e-01
2.315073646605014801e-02
6.914506852626800537e-02
4.305707663297653198e-02
6.018307805061340332e-02
5.952038243412971497e-02
3.732844069600105286e-02
6.341700209304690361e-04
6.057707667350769043e-01
1.424018442630767822e-01
1.283030956983566284e-01
5.923511981964111328e-01
4.193148761987686157e-02
4.402940720319747925e-02
3.347585722804069519e-02
5.603106692433357239e-02
3.671019512694329023e-04
2.043484896421432495e-01
4.504847154021263123e-02
4.224607348442077637e-02
7.378747314214706421e-02
1.514902859926223755e-01
2.589862979948520660e-02
6.349359452724456787e-02
4.015450179576873779e-02
6.787121295928955078e-02
6.570976972579956055e-02
4.617876559495925903e-02
8.606596966274082661e-04
8.995150327682495117e-01
1.511493921279907227e-01
1.283016204833984375e-01
5.905138254165649414e-01
4.767443984746932983e-02
4.112697392702102661e-02
3.301165625452995300e-02
5.374941229820251465e-02
3.570939879864454269e-04
2.558124065399169922e-01
5.718249455094337463e-02
6.090276688337326050e-02
8.918083459138870239e-02
1.553288400173187256e-01
3.391921147704124451e-02
7.452405244112014771e-02
3.782245516777038574e-02
6.343711912631988525e-02
6.346282362937927246e-02
5.539897456765174866e-02
8.499261457473039627e-04
5.883769989013671875e-01
1.517622470855712891e-01
1.283065974712371826e-01
5.913513898849487305e-01
3.648364543914794922e-02
3.672810271382331848e-02
2.824387140572071075e-02
6.017762050032615662e-02
3.933058469556272030e-04
3.294030129909515381e-01
6.143515557050704956e-02
5.943551659584045410e-02
1.162363216280937195e-01
2.144724726676940918e-01
3.552260249853134155e-02
1.087967902421951294e-01
3.714361786842346191e-02
9.246408939361572266e-02
9.544814378023147583e-02
6.075485423207283020e-02
6.220578798092901707e-04
4.072430133819580078e-01
1.587150394916534424e-01
1.283044517040252686e-01
5.911093950271606445e-01
3.796743229031562805e-02
3.495933488011360168e-02
2.788852527737617493e-02
7.177422940731048584e-02
3.849997883662581444e-04
3.388516008853912354e-01
6.276907026767730713e-02
5.943130701780319214e-02
1.147974878549575806e-01
2.040435522794723511e-01
3.407999500632286072e-02
1.029537171125411987e-01
4.040230438113212585e-02
9.585151076316833496e-02
9.949646890163421631e-02
6.698092073202133179e-02
5.718278698623180389e-04
4.203061461448669434e-01
1.636499911546707153e-01
1.283068656921386719e-01
5.913583040237426758e-01
3.951541706919670105e-02
3.545717522501945496e-02
2.858016639947891235e-02
7.951916009187698364e-02
3.742933913599699736e-04
3.804402053356170654e-01
7.462919503450393677e-02
7.060181349515914917e-02
1.160622984170913696e-01
1.749559193849563599e-01
3.869399428367614746e-02
9.680567681789398193e-02
4.009103029966354370e-02
9.363189339637756348e-02
9.302325546741485596e-02
8.218030631542205811e-02
6.340340478345751762e-04
4.249429702758789062e-01
1.665688455104827881e-01
1.283058375120162964e-01
5.913542509078979492e-01
3.888376802206039429e-02
3.562858700752258301e-02
3.256261348724365234e-02
9.271335601806640625e-02
3.827593754976987839e-04
4.615757763385772705e-01
8.522309362888336182e-02
8.068706095218658447e-02
1.367466300725936890e-01
1.783215403556823730e-01
4.253137856721878052e-02
1.195049062371253967e-01
4.096616059541702271e-02
9.646679461002349854e-02
1.069070175290107727e-01
8.960136026144027710e-02
6.709676235914230347e-04
4.358561038970947266e-01
1.711275875568389893e-01
1.283047497272491455e-01
5.913455486297607422e-01
3.859862685203552246e-02
3.661105036735534668e-02
3.031409718096256256e-02
1.168117299675941467e-01
3.947100776713341475e-04
5.374871492385864258e-01
1.046395525336265564e-01
9.862939268350601196e-02
1.422651857137680054e-01
1.962843835353851318e-01
4.816789180040359497e-02
1.057260632514953613e-01
4.081619903445243835e-02
1.033331751823425293e-01
1.107664555311203003e-01
9.796565771102905273e-02
6.497840513475239277e-04
4.690284132957458496e-01
1.913410872220993042e-01
1.283010691404342651e-01
5.913348793983459473e-01
3.941829502582550049e-02
3.801149874925613403e-02
3.058256953954696655e-02
1.346889436244964600e-01
4.138425865676254034e-04
5.043208599090576172e-01
1.244090646505355835e-01
1.167866364121437073e-01
1.030206307768821716e-01
2.133105546236038208e-01
5.643187090754508972e-02
8.012223243713378906e-02
4.497363418340682983e-02
8.102924376726150513e-02
8.238064497709274292e-02
1.144882515072822571e-01
5.492706550285220146e-04
3.828381896018981934e-01
1.969082057476043701e-01
1.283026486635208130e-01
5.913403630256652832e-01
3.995351493358612061e-02
3.818488121032714844e-02
2.938767336308956146e-02
1.434544175863265991e-01
3.745182475540786982e-04
6.404256224632263184e-01
1.438613682985305786e-01
1.332444250583648682e-01
1.342766135931015015e-01
2.168187201023101807e-01
6.430007517337799072e-02
1.091885194182395935e-01
4.778443649411201477e-02
1.040749102830886841e-01
1.044133529067039490e-01
1.344687342643737793e-01
5.073493812233209610e-04
3.685456216335296631e-01
2.025099247694015503e-01
1.283041536808013916e-01
5.913432836532592773e-01
4.031563922762870789e-02
3.696358203887939453e-02
3.685189038515090942e-02
1.815641373395919800e-01
3.163515357300639153e-04
5.428217053413391113e-01
1.709022223949432373e-01
1.547141075134277344e-01
1.876610070466995239e-01
2.568312287330627441e-01
7.399889826774597168e-02
1.392171829938888550e-01
4.316309466958045959e-02
1.422497481107711792e-01
1.424126178026199341e-01
1.552766114473342896e-01
4.929823917336761951e-04
4.294868707656860352e-01
2.027313113212585449e-01
1.283023059368133545e-01
5.913394093513488770e-01
4.013463854789733887e-02
3.615299984812736511e-02
3.464895859360694885e-02
1.910124570131301880e-01
2.969620691146701574e-04
5.949816107749938965e-01
1.917831301689147949e-01
1.849764585494995117e-01
2.054059356451034546e-01
1.998264491558074951e-01
8.514118194580078125e-02
1.720618605613708496e-01
4.381617531180381775e-02
1.736318767070770264e-01
1.532706022262573242e-01
1.864108294248580933e-01
6.632783333770930767e-04
4.970841705799102783e-01
2.245898544788360596e-01
1.283017992973327637e-01
5.913410186767578125e-01
4.799971729516983032e-02
4.147072508931159973e-02
3.903148695826530457e-02
2.032152563333511353e-01
2.836758503690361977e-04
5.399444103240966797e-01
2.216380238533020020e-01
2.070998847484588623e-01
2.405454963445663452e-01
2.065971940755844116e-01
9.839215874671936035e-02
1.964975148439407349e-01
4.477357119321823120e-02
1.874231994152069092e-01
1.860747337341308594e-01
2.081034779548645020e-01
7.064630044624209404e-04
4.761414825916290283e-01
2.013558894395828247e-01
1.283036619424819946e-01
5.913515686988830566e-01
5.013656616210937500e-02
4.867060855031013489e-02
3.746622428297996521e-02
2.534980177879333496e-01
3.275934141129255295e-04
4.425011575222015381e-01
2.338747978210449219e-01
2.220074385404586792e-01
3.118801116943359375e-01
2.147792577743530273e-01
1.053059473633766174e-01
2.658857107162475586e-01
4.776788875460624695e-02
2.452293336391448975e-01
2.418801188468933105e-01
2.245481610298156738e-01
7.420453475788235664e-04
4.743352532386779785e-01
1.961583197116851807e-01
1.283036470413208008e-01
5.913518071174621582e-01
5.158079415559768677e-02
4.825300350785255432e-02
3.890901431441307068e-02
2.684640884399414062e-01
2.758778573479503393e-04
4.341447055339813232e-01
2.338264286518096924e-01
2.257505804300308228e-01
3.020217716693878174e-01
2.115897685289382935e-01
1.055394560098648071e-01
2.497444897890090942e-01
4.739185795187950134e-02
2.416654378175735474e-01
2.416370064020156860e-01
2.396537959575653076e-01
9.355947840958833694e-04
4.267608225345611572e-01
2.118322253227233887e-01
1.283054500818252563e-01
5.913571119308471680e-01
5.272038653492927551e-02
4.880278930068016052e-02
4.508979246020317078e-02
2.518798112869262695e-01
2.809183206409215927e-04
4.855505228042602539e-01
2.438018918037414551e-01
2.347346544265747070e-01
3.190156519412994385e-01
2.151747643947601318e-01
1.098900288343429565e-01
2.562709748744964600e-01
4.747957736253738403e-02
2.484483420848846436e-01
2.448230236768722534e-01
2.505546808242797852e-01
6.560265319421887398e-04
5.130001902580261230e-01
2.139118462800979614e-01
1.283075064420700073e-01
6.055454015731811523e-01
5.630426108837127686e-02
5.183381214737892151e-02
5.020130425691604614e-02
2.586708068847656250e-01
2.554031962063163519e-04
4.970155954360961914e-01
2.457028329372406006e-01
2.383806109428405762e-01
3.161974251270294189e-01
2.133325785398483276e-01
1.110819205641746521e-01
2.624272704124450684e-01
4.817139357328414917e-02
2.483720481395721436e-01
2.549954950809478760e-01
2.607097029685974121e-01
6.066057248972356319e-04
4.461167752742767334e-01
2.214377969503402710e-01
1.283090412616729736e-01
6.105113029479980469e-01
6.104854121804237366e-02
5.496480315923690796e-02
5.638764053583145142e-02
2.837757766246795654e-01
3.250816080253571272e-04
4.687512814998626709e-01
2.618325948715209961e-01
2.548609673976898193e-01
2.997086644172668457e-01
2.106506079435348511e-01
1.189049631357192993e-01
2.409898191690444946e-01
4.483289271593093872e-02
2.324659675359725952e-01
2.343161702156066895e-01
2.805851399898529053e-01
6.754436180926859379e-04
5.228217840194702148e-01
2.237683236598968506e-01
1.302828341722488403e-01
7.190136313438415527e-01
8.301905542612075806e-02
7.686901092529296875e-02
7.893320173025131226e-02
2.893971800804138184e-01
2.411150635452941060e-04
4.842736721038818359e-01
2.725116312503814697e-01
2.677984535694122314e-01
3.352958559989929199e-01
2.230189144611358643e-01
1.212160363793373108e-01
2.708232998847961426e-01
4.986285418272018433e-02
2.564476132392883301e-01
2.581775188446044922e-01
3.028925359249114990e-01
6.388864712789654732e-04
6.562439799308776855e-01
2.392815649509429932e-01
1.342288255691528320e-01
8.019334077835083008e-01
1.294733881950378418e-01
1.273415237665176392e-01
1.252279281616210938e-01
2.977137565612792969e-01
2.391724556218832731e-04
5.044860839843750000e-01
2.607099115848541260e-01
2.657532989978790283e-01
3.641890585422515869e-01
2.839258909225463867e-01
1.175617054104804993e-01
2.968764901161193848e-01
5.657218769192695618e-02
2.809981703758239746e-01
2.845604717731475830e-01
2.993087172508239746e-01
6.601283675990998745e-04
5.923279523849487305e-01
2.561657428741455078e-01
1.342309266328811646e-01
8.051816821098327637e-01
1.331378221511840820e-01
1.294451951980590820e-01
1.272805780172348022e-01
3.117520511150360107e-01
3.523005580063909292e-04
5.020990967750549316e-01
2.874939441680908203e-01
2.840864658355712891e-01
3.762780129909515381e-01
2.826350629329681396e-01
1.293293982744216919e-01
3.142008185386657715e-01
5.887211114168167114e-02
2.968516051769256592e-01
3.034721314907073975e-01
3.185572028160095215e-01
6.941164610907435417e-04
5.709761977195739746e-01
2.725259363651275635e-01
1.342293620109558105e-01
8.138979673385620117e-01
1.008552908897399902e-01
9.771224111318588257e-02
9.999947249889373779e-02
3.333534896373748779e-01
3.062519826926290989e-04
5.042164921760559082e-01
3.148067593574523926e-01
3.108647763729095459e-01
3.902824521064758301e-01
2.782522737979888916e-01
1.407395005226135254e-01
3.194696307182312012e-01
5.936162173748016357e-02
3.036605417728424072e-01
3.103651106357574463e-01
3.385225832462310791e-01
7.175554637797176838e-04
7.399282455444335938e-01
2.949459254741668701e-01
1.342311650514602661e-01
8.138977289199829102e-01
6.368123739957809448e-02
6.450564414262771606e-02
6.498958915472030640e-02
3.565334677696228027e-01
3.157542960252612829e-04
4.865280389785766602e-01
3.395673036575317383e-01
3.372103273868560791e-01
3.896542489528656006e-01
2.521370351314544678e-01
1.556686609983444214e-01
3.262332379817962646e-01
5.387716740369796753e-02
3.109986186027526855e-01
3.085062801837921143e-01
3.677122294902801514e-01
5.926919402554631233e-04
5.352272987365722656e-01
3.180925250053405762e-01
1.342320442199707031e-01
8.138988018035888672e-01
4.581037163734436035e-02
4.499151557683944702e-02
4.311603307723999023e-02
3.884526193141937256e-01
2.953104267362505198e-04
4.806315898895263672e-01
4.235169589519500732e-01
4.350216686725616455e-01
3.933624625205993652e-01
2.166258096694946289e-01
1.909224689006805420e-01
3.240436017513275146e-01
4.869916290044784546e-02
3.087646365165710449e-01
3.118787109851837158e-01
4.875398278236389160e-01
6.017945706844329834e-04
5.090527534484863281e-01
3.059186041355133057e-01
1.342311203479766846e-01
8.138939142227172852e-01
9.444822371006011963e-02
1.132074892520904541e-01
7.311776280403137207e-02
4.486907720565795898e-01
2.993358939420431852e-04
4.531485140323638916e-01
4.895811676979064941e-01
4.801315963268280029e-01
3.883318305015563965e-01
2.868027389049530029e-01
2.350697517395019531e-01
3.016681075096130371e-01
6.128784641623497009e-02
2.968524098396301270e-01
2.962079644203186035e-01
5.585852861404418945e-01
5.788091802969574928e-04
4.832109212875366211e-01
3.399055898189544678e-01
1.342309713363647461e-01
8.138874769210815430e-01
1.657833307981491089e-01
1.740323454141616821e-01
1.166477426886558533e-01
5.601717233657836914e-01
2.818119537550956011e-04
4.837162494659423828e-01
6.581090688705444336e-01
6.677998900413513184e-01
3.831025958061218262e-01
5.045243501663208008e-01
3.106912076473236084e-01
2.978901863098144531e-01
1.058203801512718201e-01
2.857837975025177002e-01
2.847952544689178467e-01
7.405229210853576660e-01
5.571651854552328587e-04
5.669318437576293945e-01
3.421373963356018066e-01
1.342305690050125122e-01
8.138840794563293457e-01
1.214953139424324036e-01
1.426466405391693115e-01
9.963647276163101196e-02
5.903599262237548828e-01
2.584414905868470669e-04
5.142151713371276855e-01
6.670835614204406738e-01
6.978889107704162598e-01
3.563868701457977295e-01
5.065159797668457031e-01
3.169547319412231445e-01
2.864986062049865723e-01
1.449430137872695923e-01
2.870421111583709717e-01
2.766508460044860840e-01
7.715530395507812500e-01
6.644028471782803535e-04
5.007438659667968750e-01
3.750445544719696045e-01
1.342334300279617310e-01
8.138918876647949219e-01
1.010235920548439026e-01
8.741493523120880127e-02
6.549514085054397583e-02
7.495659589767456055e-01
3.104197385255247355e-04
5.588791966438293457e-01
5.525076389312744141e-01
5.772309899330139160e-01
2.858618795871734619e-01
4.881827533245086670e-01
2.603709399700164795e-01
2.140211760997772217e-01
9.806386381387710571e-02
1.967811286449432373e-01
2.065208256244659424e-01
6.940746307373046875e-01
6.213571759872138500e-04
5.099741816520690918e-01
3.581689298152923584e-01
1.342336833477020264e-01
8.138887286186218262e-01
5.585409328341484070e-02
4.828727990388870239e-02
3.318135067820549011e-02
7.044570446014404297e-01
3.599007904995232821e-04
6.050544977188110352e-01
5.669745206832885742e-01
5.894085764884948730e-01
3.037926554679870605e-01
4.250862002372741699e-01
2.542993128299713135e-01
2.536978125572204590e-01
7.857224345207214355e-02
2.503738105297088623e-01
2.459501028060913086e-01
7.126340270042419434e-01
6.296799401752650738e-04
4.476644098758697510e-01
3.867024779319763184e-01
1.342300772666931152e-01
8.138729333877563477e-01
4.013708606362342834e-02
3.862559795379638672e-02
2.779320813715457916e-02
6.409199237823486328e-01
3.680074878502637148e-04
6.517152190208435059e-01
5.444094538688659668e-01
5.718760490417480469e-01
3.171916902065277100e-01
4.281519055366516113e-01
2.250875532627105713e-01
2.475630044937133789e-01
7.222785800695419312e-02
2.350300550460815430e-01
2.230857908725738525e-01
7.373614907264709473e-01
5.713181453756988049e-04
5.388260483741760254e-01
3.857227563858032227e-01
1.342296302318572998e-01
8.138708472251892090e-01
4.413731768727302551e-02
3.854300454258918762e-02
3.743514418601989746e-02
5.473754405975341797e-01
4.109538858756422997e-04
6.861266493797302246e-01
5.268787145614624023e-01
5.683706998825073242e-01
3.085927963256835938e-01
3.536127507686614990e-01
2.015857994556427002e-01
2.292163074016571045e-01
7.830642163753509521e-02
1.979651749134063721e-01
2.072767317295074463e-01
7.224990725517272949e-01
6.726772408001124859e-04
5.097350478172302246e-01
3.573676049709320068e-01
1.342299729585647583e-01
8.138698339462280273e-01
5.056156963109970093e-02
4.724823683500289917e-02
3.369938209652900696e-02
5.013321638107299805e-01
4.067704721819609404e-04
7.777481079101562500e-01
5.598031282424926758e-01
6.136740446090698242e-01
3.309645056724548340e-01
4.015140533447265625e-01
2.092132270336151123e-01
1.849013119935989380e-01
6.190996989607810974e-02
2.255652248859405518e-01
2.017046362161636353e-01
7.428926825523376465e-01
6.634333985857665539e-04
5.398078560829162598e-01
3.833873867988586426e-01
1.342301815748214722e-01
8.138703107833862305e-01
4.590969532728195190e-02
4.060940071940422058e-02
3.544498607516288757e-02
4.590689241886138916e-01
2.852807519957423210e-04
8.729100823402404785e-01
5.821377635002136230e-01
6.524566411972045898e-01
2.559671700000762939e-01
3.579286932945251465e-01
2.212187498807907104e-01
1.909679025411605835e-01
7.993272691965103149e-02
1.805074810981750488e-01
1.655704379081726074e-01
7.918784618377685547e-01
6.315892678685486317e-04
3.691968023777008057e-01
3.876517117023468018e-01
1.342305392026901245e-01
8.138727545738220215e-01
4.352671653032302856e-02
3.873579204082489014e-02
3.283019736409187317e-02
5.288472175598144531e-01
3.042133757844567299e-04
8.726277351379394531e-01
6.306306123733520508e-01
7.188766002655029297e-01
2.633462548255920410e-01
5.389626026153564453e-01
2.165642976760864258e-01
1.761632859706878662e-01
8.670636266469955444e-02
1.768323183059692383e-01
1.721180379390716553e-01
9.174917340278625488e-01
5.434670019894838333e-04
4.022991061210632324e-01
4.003451168537139893e-01
1.342294663190841675e-01
8.138753175735473633e-01
3.531501814723014832e-02
3.710712864995002747e-02
3.509517014026641846e-02
4.836553037166595459e-01
5.239756428636610508e-04
9.585652947425842285e-01
7.551928758621215820e-01
8.155371546745300293e-01
2.827564477920532227e-01
7.916644215583801270e-01
2.630478441715240479e-01
1.675046682357788086e-01
1.070055365562438965e-01
1.918099522590637207e-01
1.902003437280654907e-01
1.026594758033752441e+00
9.147995151579380035e-04
4.258807897567749023e-01
3.921273648738861084e-01
1.342277079820632935e-01
8.138753175735473633e-01
3.275973349809646606e-02
3.462012484669685364e-02
3.137057647109031677e-02
5.049191713333129883e-01
5.337265320122241974e-04
1.030465483665466309e+00
7.078099250793457031e-01
7.827680706977844238e-01
3.045006990432739258e-01
4.390252828598022461e-01
2.569622397422790527e-01
1.637885123491287231e-01
1.022896543145179749e-01
2.017616927623748779e-01
2.023920267820358276e-01
1.077385902404785156e+00
8.201450109481811523e-04
4.403894543647766113e-01
4.084240198135375977e-01
1.342259645462036133e-01
8.138744831085205078e-01
3.578729927539825439e-02
5.091308429837226868e-02
3.522957488894462585e-02
4.327833652496337891e-01
5.384187097661197186e-04
1.105754256248474121e+00
7.154467701911926270e-01
8.549140691757202148e-01
3.484952747821807861e-01
4.327004849910736084e-01
2.621987164020538330e-01
2.228671461343765259e-01
1.133852452039718628e-01
2.096897363662719727e-01
2.117038667201995850e-01
1.050166010856628418e+00
7.394661079160869122e-04
4.064173996448516846e-01
4.133941233158111572e-01
1.342267543077468872e-01
8.138774633407592773e-01
7.135333120822906494e-02
5.621574446558952332e-02
4.687639698386192322e-02
4.849002361297607422e-01
4.556956409942358732e-04
1.240090370178222656e+00
7.316802144050598145e-01
8.371861577033996582e-01
3.880188465118408203e-01
5.465584397315979004e-01
2.472535520792007446e-01
2.219822555780410767e-01
1.068840026855468750e-01
2.576395273208618164e-01
2.595379352569580078e-01
1.137814640998840332e+00
6.273344042710959911e-04
4.732179045677185059e-01
3.912039399147033691e-01
1.342266350984573364e-01
8.138784766197204590e-01
6.997209787368774414e-02
7.787829637527465820e-02
4.123553261160850525e-02
4.681676626205444336e-01
5.270918481983244419e-04
1.430611968040466309e+00
7.259296774864196777e-01
8.554894328117370605e-01
4.738373458385467529e-01
5.729401707649230957e-01
2.668259143829345703e-01
3.154750764369964600e-01
9.067360311746597290e-02
3.305895924568176270e-01
3.266264498233795166e-01
1.390529036521911621e+00
6.400679121725261211e-04
4.635750949382781982e-01
4.127345681190490723e-01
1.342300474643707275e-01
8.138794898986816406e-01
8.755173534154891968e-02
6.766730546951293945e-02
7.377470284700393677e-02
4.846521914005279541e-01
6.568487733602523804e-04
1.567497968673706055e+00
7.317578792572021484e-01
9.053521752357482910e-01
4.828717708587646484e-01
7.634294629096984863e-01
2.599223554134368896e-01
3.035528659820556641e-01
9.541182219982147217e-02
3.038662075996398926e-01
3.252256810665130615e-01
1.386970758438110352e+00
5.958742112852632999e-04
4.600333571434020996e-01
3.551716208457946777e-01
1.342294961214065552e-01
8.138878941535949707e-01
7.290437072515487671e-02
7.282052934169769287e-02
5.972471833229064941e-02
4.667138457298278809e-01
7.429274846799671650e-04
1.715156912803649902e+00
7.655027508735656738e-01
9.859471321105957031e-01
5.188026428222656250e-01
8.213584423065185547e-01
3.031712174415588379e-01
2.816897034645080566e-01
1.504935026168823242e-01
3.076681494712829590e-01
3.329772949218750000e-01
1.492124319076538086e+00
6.473097600974142551e-04
5.288121104240417480e-01
3.603522777557373047e-01
1.342319697141647339e-01
8.138960003852844238e-01
4.709823802113533020e-02
4.324851557612419128e-02
4.080174490809440613e-02
4.748270809650421143e-01
7.862799684517085552e-04
1.838038444519042969e+00
9.690912961959838867e-01
1.150046586990356445e+00
5.884667634963989258e-01
8.267090320587158203e-01
3.697276115417480469e-01
3.251543939113616943e-01
2.179612666368484497e-01
3.483518660068511963e-01
3.493433594703674316e-01
1.593393921852111816e+00
6.620733765885233879e-04
5.181316733360290527e-01
4.005952179431915283e-01
1.342324018478393555e-01
8.138954639434814453e-01
4.442345350980758667e-02
3.751537203788757324e-02
4.652373492717742920e-02
4.013319611549377441e-01
8.855619817040860653e-04
2.043828964233398438e+00
1.029995560646057129e+00
1.178428888320922852e+00
6.964791417121887207e-01
9.096866846084594727e-01
4.019145071506500244e-01
3.850677609443664551e-01
2.290467768907546997e-01
4.044154584407806396e-01
4.037502706050872803e-01
1.763161063194274902e+00
6.668308633379638195e-04
6.451155543327331543e-01
3.563077151775360107e-01
1.342343240976333618e-01
8.094860911369323730e-01
1.183579340577125549e-01
1.123481243848800659e-01
1.114289909601211548e-01
5.398200154304504395e-01
7.092961459420621395e-04
1.961973309516906738e+00
8.583615422248840332e-01
1.047117590904235840e+00
7.467508912086486816e-01
7.958757281303405762e-01
3.266042172908782959e-01
4.008459448814392090e-01
1.530503928661346436e-01
4.632578790187835693e-01
4.651072919368743896e-01
1.676454663276672363e+00
5.156970000825822353e-04
8.902240991592407227e-01
3.246146142482757568e-01
1.342352181673049927e-01
8.085274696350097656e-01
1.495521813631057739e-01
1.362492293119430542e-01
1.345243155956268311e-01
4.799298346042633057e-01
9.353416389785706997e-04
1.683490991592407227e+00
7.701336741447448730e-01
9.472380280494689941e-01
8.395722508430480957e-01
7.155731916427612305e-01
2.744540572166442871e-01
5.654805302619934082e-01
1.095783859491348267e-01
5.884249806404113770e-01
5.444635748863220215e-01
1.565601110458374023e+00
7.688804762437939644e-04
7.338690757751464844e-01
3.098350763320922852e-01
1.342363804578781128e-01
8.089223504066467285e-01
1.403214633464813232e-01
1.268926411867141724e-01
1.181024163961410522e-01
4.190056622028350830e-01
1.025691977702081203e-03
1.697549939155578613e+00
7.409216761589050293e-01
9.058851599693298340e-01
1.086368083953857422e+00
7.129095792770385742e-01
2.536899149417877197e-01
7.525857686996459961e-01
1.010385230183601379e-01
7.669141888618469238e-01
7.767230272293090820e-01
1.496356964111328125e+00
7.278612465597689152e-04
7.351183891296386719e-01
2.454357147216796875e-01
1.342355906963348389e-01
7.682183384895324707e-01
1.114998087286949158e-01
9.504857659339904785e-02
9.464985132217407227e-02
4.179106652736663818e-01
1.179853687062859535e-03
1.685771346092224121e+00
6.622849702835083008e-01
8.230727314949035645e-01
9.451786279678344727e-01
6.726134419441223145e-01
2.221096605062484741e-01
6.293177604675292969e-01
7.523989677429199219e-02
6.604304313659667969e-01
6.678348183631896973e-01
1.334467768669128418e+00
7.883899961598217487e-04
7.941763997077941895e-01
2.391927838325500488e-01
1.302512884140014648e-01
7.091044187545776367e-01
9.072806686162948608e-02
7.401893287897109985e-02
6.951601058244705200e-02
3.601101934909820557e-01
8.208059589378535748e-04
2.046878337860107422e+00
6.850974559783935547e-01
8.828485608100891113e-01
6.289266943931579590e-01
7.757105827331542969e-01
2.417825460433959961e-01
3.451435565948486328e-01
1.084864735603332520e-01
3.651069402694702148e-01
3.694974780082702637e-01
1.534828901290893555e+00
9.039872675202786922e-04
7.496958374977111816e-01
2.419883459806442261e-01
1.302298307418823242e-01
7.117217183113098145e-01
7.249372452497482300e-02
6.335195153951644897e-02
5.411304160952568054e-02
3.702561557292938232e-01
8.094298536889255047e-04
1.621372580528259277e+00
6.915556788444519043e-01
9.221885204315185547e-01
4.937861859798431396e-01
1.056195616722106934e+00
2.402717471122741699e-01
2.725652158260345459e-01
1.062394529581069946e-01
2.598870098590850830e-01
2.587305009365081787e-01
1.565418958663940430e+00
1.040514325723052025e-03
7.934426665306091309e-01
2.285321950912475586e-01
1.298134177923202515e-01
7.222304940223693848e-01
9.437287598848342896e-02
8.989585191011428833e-02
1.226112022995948792e-01
4.180040955543518066e-01
6.819008849561214447e-04
2.115398168563842773e+00
8.234300017356872559e-01
9.977884888648986816e-01
5.904919505119323730e-01
1.092143774032592773e+00
2.893982827663421631e-01
3.003339171409606934e-01
1.353779733180999756e-01
3.225127458572387695e-01
3.137489855289459229e-01
1.627061605453491211e+00
1.038343994878232479e-03
8.737447857856750488e-01
2.459699809551239014e-01
1.307464987039566040e-01
7.354654669761657715e-01
1.444941759109497070e-01
1.291387677192687988e-01
1.292115151882171631e-01
3.653117418289184570e-01
5.388676654547452927e-04
1.926129698753356934e+00
7.968013286590576172e-01
9.898281097412109375e-01
6.281017661094665527e-01
9.549642205238342285e-01
2.563607692718505859e-01
3.417041599750518799e-01
1.152379736304283142e-01
3.686526715755462646e-01
3.715199232101440430e-01
1.352664709091186523e+00
9.577096789143979549e-04
7.003895640373229980e-01
2.344684600830078125e-01
1.305367350578308105e-01
7.122346758842468262e-01
7.590149343013763428e-02
5.319181084632873535e-02
6.733685731887817383e-02
3.985933661460876465e-01
4.046750837005674839e-04
1.939904332160949707e+00
7.258244752883911133e-01
9.102934598922729492e-01
6.581627726554870605e-01
1.007029175758361816e+00
2.460209131240844727e-01
3.901092410087585449e-01
9.851576387882232666e-02
3.632929027080535889e-01
3.584391176700592041e-01
1.511398077011108398e+00
8.787665283307433128e-04
6.573340892791748047e-01
2.334728240966796875e-01
1.304925680160522461e-01
7.129465341567993164e-01
5.035047978162765503e-02
4.536154493689537048e-02
4.860787093639373779e-02
3.885618746280670166e-01
4.239048575982451439e-04
1.604051470756530762e+00
7.093332409858703613e-01
9.060608744621276855e-01
6.943942308425903320e-01
7.240699529647827148e-01
2.328789979219436646e-01
3.934560418128967285e-01
9.319413453340530396e-02
3.785399496555328369e-01
4.260184466838836670e-01
1.414101719856262207e+00
8.407519198954105377e-04
6.577237844467163086e-01
2.485104352235794067e-01
1.297026425600051880e-01
7.157231569290161133e-01
4.947130009531974792e-02
3.524593636393547058e-02
3.898388892412185669e-02
3.840438723564147949e-01
4.350130620878189802e-04
1.214961767196655273e+00
7.239674329757690430e-01
8.783791661262512207e-01
8.418993353843688965e-01
6.079133152961730957e-01
2.362276762723922729e-01
6.148278117179870605e-01
7.982091605663299561e-02
5.387112498283386230e-01
5.331032872200012207e-01
1.415528297424316406e+00
1.086418051272630692e-03
7.588339447975158691e-01
2.307745218276977539e-01
1.297196000814437866e-01
7.193368673324584961e-01
5.588976666331291199e-02
4.368375614285469055e-02
4.375544562935829163e-02
3.681769073009490967e-01
6.285018171183764935e-04
4.923924803733825684e-01
7.160853147506713867e-01
8.778008222579956055e-01
7.137292623519897461e-01
5.572892427444458008e-01
2.445575594902038574e-01
4.048736095428466797e-01
7.886037230491638184e-02
4.322832524776458740e-01
4.107367098331451416e-01
1.429455041885375977e+00
9.566009975969791412e-04
7.920130491256713867e-01
2.347059994935989380e-01
1.298305690288543701e-01
5.848869085311889648e-01
4.934544116258621216e-02
4.560561478137969971e-02
3.999702259898185730e-02
4.248039126396179199e-01
5.565599421970546246e-04
2.835499346256256104e-01
5.097366571426391602e-01
5.637409687042236328e-01
7.958137989044189453e-01
5.413220524787902832e-01
1.651877462863922119e-01
4.366102814674377441e-01
6.600710004568099976e-02
4.443434774875640869e-01
4.787229299545288086e-01
1.197733521461486816e+00
7.082872325554490089e-04
7.451533079147338867e-01
2.219612896442413330e-01
1.836349628865718842e-02
2.982894778251647949e-01
5.359780043363571167e-02
4.738830775022506714e-02
3.880177065730094910e-02
3.991209268569946289e-01
4.491450381465256214e-04
1.248625814914703369e-01
3.317740857601165771e-01
4.222562313079833984e-01
7.269812822341918945e-01
5.640445947647094727e-01
8.734485507011413574e-02
3.947638571262359619e-01
5.877331271767616272e-02
3.959352374076843262e-01
3.993075191974639893e-01
9.149523377418518066e-01
9.116542059928178787e-04
6.297932863235473633e-01
2.420604526996612549e-01
1.362369209527969360e-02
2.727136015892028809e-01
4.779293015599250793e-02
4.304477199912071228e-02
3.612374141812324524e-02
3.031027913093566895e-01
5.230321548879146576e-04
1.639213562011718750e-01
5.722342133522033691e-01
6.545733213424682617e-01
6.102610826492309570e-01
5.564606189727783203e-01
1.754704117774963379e-01
3.298625349998474121e-01
6.588003784418106079e-02
3.380431234836578369e-01
3.702363371849060059e-01
9.117658734321594238e-01
1.099611632525920868e-03
7.317289710044860840e-01
1.797977685928344727e-01
6.903817877173423767e-03
2.695751190185546875e-01
4.135350510478019714e-02
3.673270717263221741e-02
4.175623878836631775e-02
2.684548199176788330e-01
4.976516938768327236e-04
8.997138589620590210e-02
4.385134875774383545e-01
3.924624025821685791e-01
5.339267849922180176e-01
5.733309984207153320e-01
1.046992465853691101e-01
3.303967416286468506e-01
6.397286802530288696e-02
3.356725573539733887e-01
3.436854183673858643e-01
7.333436608314514160e-01
8.393598836846649647e-04
7.677700519561767578e-01
2.721954882144927979e-01
8.829517289996147156e-03
2.252139598131179810e-01
3.539923951029777527e-02
3.275791928172111511e-02
3.856430575251579285e-02
2.669149041175842285e-01
5.527180619537830353e-04
7.719631493091583252e-02
3.882761001586914062e-01
5.018420815467834473e-01
4.821463525295257568e-01
6.398359537124633789e-01
1.371596157550811768e-01
2.817779779434204102e-01
5.218874290585517883e-02
2.952145934104919434e-01
2.958145737648010254e-01
6.940756440162658691e-01
8.345416863448917866e-04
6.251321434974670410e-01
2.493187189102172852e-01
6.917654071003198624e-03
2.219705581665039062e-01
3.364625573158264160e-02
3.691200539469718933e-02
4.129736870527267456e-02
2.513416707515716553e-01
5.306007224135100842e-04
6.922150403261184692e-02
3.390302658081054688e-01
4.206610620021820068e-01
4.318420886993408203e-01
5.579221844673156738e-01
1.064274162054061890e-01
2.737767994403839111e-01
5.030377209186553955e-02
2.400109469890594482e-01
2.176647931337356567e-01
5.904390215873718262e-01
6.641683867201209068e-04
5.500439405441284180e-01
3.501987159252166748e-01
6.934355478733778000e-03
2.291077226400375366e-01
3.962128236889839172e-02
3.320313990116119385e-02
4.185931384563446045e-02
1.829065084457397461e-01
4.823213093914091587e-04
6.734359264373779297e-02
2.692521810531616211e-01
3.301413059234619141e-01
4.005719721317291260e-01
5.496186017990112305e-01
8.247897028923034668e-02
2.566373646259307861e-01
4.393945261836051941e-02
2.379322946071624756e-01
2.558064162731170654e-01
4.802486896514892578e-01
6.635305471718311310e-04
5.699715614318847656e-01
3.933764994144439697e-01
8.428540080785751343e-03
2.437969148159027100e-01
4.119149595499038696e-02
3.591669723391532898e-02
3.666182234883308411e-02
1.466868668794631958e-01
6.647714180871844292e-04
7.985364645719528198e-02
2.429897189140319824e-01
2.766866087913513184e-01
3.642572760581970215e-01
4.722713232040405273e-01
6.814543157815933228e-02
1.628960371017456055e-01
4.288234561681747437e-02
1.751529127359390259e-01
1.799224019050598145e-01
4.452222287654876709e-01
7.206067675724625587e-04
4.477865993976593018e-01
4.528118371963500977e-01
8.457502350211143494e-03
2.530950009822845459e-01
5.273188278079032898e-02
4.580689594149589539e-02
6.267053633928298950e-02
1.237797290086746216e-01
9.280878002755343914e-04
1.366551518440246582e-01
2.088109701871871948e-01
2.779817581176757812e-01
2.753210663795471191e-01
5.240882039070129395e-01
6.314612925052642822e-02
1.245247498154640198e-01
4.160286113619804382e-02
1.304276734590530396e-01
1.437488347291946411e-01
4.217516481876373291e-01
6.574463914148509502e-04
5.574978590011596680e-01
4.264989495277404785e-01
6.909830030053853989e-03
2.471757233142852783e-01
6.123688071966171265e-02
7.241934537887573242e-02
6.819640100002288818e-02
1.018431559205055237e-01
8.439895464107394218e-04
2.535557150840759277e-01
1.878687590360641479e-01
2.269698530435562134e-01
2.557087838649749756e-01
4.994454979896545410e-01
5.359499901533126831e-02
1.118936166167259216e-01
3.590304404497146606e-02
1.201444938778877258e-01
1.120785400271415710e-01
3.394944667816162109e-01
8.410891168750822544e-04
6.404148340225219727e-01
4.156335592269897461e-01
7.096018642187118530e-03
2.384845465421676636e-01
4.324487969279289246e-02
3.737596049904823303e-02
4.504462331533432007e-02
8.199973404407501221e-02
8.044984424486756325e-04
1.684605479240417480e-01
1.608630567789077759e-01
2.014699876308441162e-01
2.571782767772674561e-01
5.169615745544433594e-01
4.629789292812347412e-02
1.155221313238143921e-01
3.475938364863395691e-02
1.156392693519592285e-01
1.167980358004570007e-01
2.739359438419342041e-01
6.917536957189440727e-04
6.014899015426635742e-01
4.263390004634857178e-01
1.333673205226659775e-02
2.437005490064620972e-01
7.364615052938461304e-02
6.472159177064895630e-02
5.775327235460281372e-02
7.493375241756439209e-02
7.593110203742980957e-04
8.075411617755889893e-02
1.371856033802032471e-01
1.658932864665985107e-01
1.916850358247756958e-01
4.732123017311096191e-01
3.677033632993698120e-02
9.089525789022445679e-02
3.281093388795852661e-02
1.109768971800804138e-01
1.038775071501731873e-01
2.353109866380691528e-01
7.157888030633330345e-04
5.853515863418579102e-01
4.305269718170166016e-01
7.192458491772413254e-03
2.416664361953735352e-01
1.365042179822921753e-01
1.268837451934814453e-01
1.154683679342269897e-01
7.192071527242660522e-02
7.098735077306628227e-04
1.434073150157928467e-01
1.389793604612350464e-01
1.652232110500335693e-01
2.308180034160614014e-01
5.686622262001037598e-01
3.745706751942634583e-02
1.104156970977783203e-01
3.934212028980255127e-02
9.950906783342361450e-02
1.001234054565429688e-01
2.434590607881546021e-01
1.021915231831371784e-03
8.485252857208251953e-01
3.688666820526123047e-01
6.451177410781383514e-03
2.360521554946899414e-01
1.334466934204101562e-01
1.210023909807205200e-01
1.201498880982398987e-01
9.655566513538360596e-02
6.584339425899088383e-04
2.071629464626312256e-01
1.667145490646362305e-01
1.927541792392730713e-01
2.240997105836868286e-01
5.917529463768005371e-01
4.473350569605827332e-02
1.065970063209533691e-01
4.235864430665969849e-02
9.074427932500839233e-02
9.213551133871078491e-02
2.775238156318664551e-01
1.089775003492832184e-03
1.018156528472900391e+00
4.049670696258544922e-01
8.632789365947246552e-03
2.137318998575210571e-01
8.130014687776565552e-02
6.825756281614303589e-02
6.863147020339965820e-02
1.065948903560638428e-01
6.206890102475881577e-04
1.572317481040954590e-01
1.832691133022308350e-01
2.040878087282180786e-01
3.917221426963806152e-01
5.823523998260498047e-01
5.023434758186340332e-02
1.728788465261459351e-01
4.210598021745681763e-02
1.650328189134597778e-01
1.658830195665359497e-01
2.845190763473510742e-01
1.131503842771053314e-03
7.530133128166198730e-01
4.474043250083923340e-01
7.394069805741310120e-03
2.180043607950210571e-01
4.985757172107696533e-02
4.406150057911872864e-02
8.471018075942993164e-02
1.228801161050796509e-01
6.710900343023240566e-04
1.873176395893096924e-01
1.598211228847503662e-01
1.884235143661499023e-01
2.929377257823944092e-01
6.054127216339111328e-01
4.225165396928787231e-02
1.317930519580841064e-01
4.753392562270164490e-02
1.238188520073890686e-01
1.257948875427246094e-01
2.545931935310363770e-01
8.360425708815455437e-04
6.026337146759033203e-01
6.190850138664245605e-01
9.203257039189338684e-03
2.299547195434570312e-01
7.303024828433990479e-02
6.663864850997924805e-02
8.239538222551345825e-02
1.295059323310852051e-01
7.151582394726574421e-04
1.933677941560745239e-01
1.610297560691833496e-01
1.830274462699890137e-01
3.297004997730255127e-01
6.340537071228027344e-01
4.257389158010482788e-02
1.417282223701477051e-01
5.688452720642089844e-02
1.562706381082534790e-01
1.373901814222335815e-01
2.656998634338378906e-01
8.824685937725007534e-04
7.062048912048339844e-01
5.449258089065551758e-01
5.914321634918451309e-03
1.739077568054199219e-01
6.885237991809844971e-02
6.365676969289779663e-02
5.260988697409629822e-02
1.120638698339462280e-01
7.488359697163105011e-04
2.242704629898071289e-01
1.646070629358291626e-01
1.872387379407882690e-01
3.503041565418243408e-01
6.301180720329284668e-01
4.193168133497238159e-02
1.468305885791778564e-01
5.267040431499481201e-02
1.417462527751922607e-01
1.406697332859039307e-01
2.653232216835021973e-01
7.674028165638446808e-04
6.879906654357910156e-01
5.853022336959838867e-01
5.921806208789348602e-03
1.864752918481826782e-01
1.607775986194610596e-01
1.783469915390014648e-01
1.409012377262115479e-01
1.008882895112037659e-01
7.617869996465742588e-04
2.023317217826843262e-01
1.382308304309844971e-01
1.614338606595993042e-01
4.054929316043853760e-01
7.338999509811401367e-01
3.824381530284881592e-02
1.901766955852508545e-01
5.647916346788406372e-02
1.597465127706527710e-01
1.659319102764129639e-01
2.330321371555328369e-01
7.571260211989283562e-04
7.429513335227966309e-01
5.508766174316406250e-01
3.451627911999821663e-03
1.501420289278030396e-01
6.728397309780120850e-02
5.839435383677482605e-02
1.217336207628250122e-01
1.003562808036804199e-01
7.559033692814409733e-04
2.170785069465637207e-01
1.477657854557037354e-01
1.710423529148101807e-01
3.431032299995422363e-01
6.569116711616516113e-01
4.120168089866638184e-02
1.549694836139678955e-01
5.163061618804931641e-02
1.616677492856979370e-01
1.633739471435546875e-01
2.502269148826599121e-01
8.302491623908281326e-04
7.265291213989257812e-01
6.425982117652893066e-01
2.794121974147856236e-04
1.693739444017410278e-01
5.145625770092010498e-02
4.239094257354736328e-02
4.925892874598503113e-02
9.535087645053863525e-02
8.206253987736999989e-04
2.368584573268890381e-01
1.389298886060714722e-01
1.597394496202468872e-01
2.830209732055664062e-01
7.393542528152465820e-01
3.854318335652351379e-02
1.207647547125816345e-01
5.882619693875312805e-02
1.183844059705734253e-01
1.195928230881690979e-01
2.446188181638717651e-01
7.476725731976330280e-04
6.376646161079406738e-01
6.256605982780456543e-01
7.045387610560283065e-05
1.631231009960174561e-01
3.298516944050788879e-02
3.039968945086002350e-02
2.581473998725414276e-02
1.002441346645355225e-01
7.570651941932737827e-04
5.115874409675598145e-01
1.395168006420135498e-01
1.621944308280944824e-01
2.781760990619659424e-01
8.574138879776000977e-01
4.090365767478942871e-02
1.246620938181877136e-01
5.770556256175041199e-02
1.251026988029479980e-01
1.255066394805908203e-01
2.609795033931732178e-01
7.723315502516925335e-04
7.123381495475769043e-01
6.341303586959838867e-01
9.647646947996690869e-05
1.308915317058563232e-01
3.471263125538825989e-02
2.867569029331207275e-02
2.716505527496337891e-02
1.122556775808334351e-01
7.177477236837148666e-04
7.544678449630737305e-01
1.496348977088928223e-01
1.748700886964797974e-01
2.928847670555114746e-01
7.386323213577270508e-01
4.259140789508819580e-02
1.332798004150390625e-01
5.777574703097343445e-02
1.292676180601119995e-01
1.289764195680618286e-01
2.564130127429962158e-01
8.126894827000796795e-04
6.940984725952148438e-01
6.102967262268066406e-01
7.452847057720646262e-05
1.348855793476104736e-01
3.493965789675712585e-02
3.120262362062931061e-02
2.041811123490333557e-02
1.238624006509780884e-01
7.538140635006129742e-04
7.043228745460510254e-01
1.519582569599151611e-01
1.724719852209091187e-01
2.861146330833435059e-01
7.307111620903015137e-01
4.333786293864250183e-02
1.463808119297027588e-01
6.234687939286231995e-02
1.349733024835586548e-01
1.379934102296829224e-01
2.669112384319305420e-01
8.294880390167236328e-04
6.781631708145141602e-01
5.582920908927917480e-01
8.155730756698176265e-05
1.384160816669464111e-01
3.398247063159942627e-02
3.175443038344383240e-02
3.499609977006912231e-02
1.325402110815048218e-01
6.805937737226486206e-04
5.095317959785461426e-01
1.463399380445480347e-01
1.773076057434082031e-01
2.592871487140655518e-01
8.027048707008361816e-01
4.236142337322235107e-02
1.279709637165069580e-01
5.664797127246856689e-02
1.225067302584648132e-01
1.235188320279121399e-01
2.910725176334381104e-01
7.480480708181858063e-04
7.427387237548828125e-01
5.869222283363342285e-01
2.280690569023136050e-05
1.204429045319557190e-01
3.666147217154502869e-02
3.148886933922767639e-02
3.565922752022743225e-02
1.658869236707687378e-01
6.961780600249767303e-04
6.368954777717590332e-01
1.576416790485382080e-01
1.893189102411270142e-01
2.476177215576171875e-01
9.596883058547973633e-01
4.646676033735275269e-02
1.190101280808448792e-01
6.325227767229080200e-02
1.198865100741386414e-01
1.195976510643959045e-01
3.320125043392181396e-01
7.884200895205140114e-04
7.061962485313415527e-01
6.535280942916870117e-01
3.914257511496543884e-03
5.424116849899291992e-01
3.230275586247444153e-02
2.880275808274745941e-02
3.079011663794517517e-02
1.738994568586349487e-01
6.224711542017757893e-04
8.164709806442260742e-01
1.670483052730560303e-01
2.016336619853973389e-01
2.400536835193634033e-01
9.562327861785888672e-01
5.084046348929405212e-02
1.239434406161308289e-01
6.849637627601623535e-02
1.212081313133239746e-01
1.223353296518325806e-01
3.401008546352386475e-01
8.630341035313904285e-04
9.232722520828247070e-01
3.537197709083557129e-01
3.542198613286018372e-02
1.059288740158081055e+00
3.249032795429229736e-02
2.555964142084121704e-02
2.110377885401248932e-02
2.089336514472961426e-01
6.335032521747052670e-04
9.720524549484252930e-01
2.052232027053833008e-01
2.540481984615325928e-01
2.628175318241119385e-01
9.358658790588378906e-01
6.203221529722213745e-02
1.376829743385314941e-01
7.111460715532302856e-02
1.331404298543930054e-01
1.340395361185073853e-01
4.883221983909606934e-01
9.063966572284698486e-04
8.652211427688598633e-01
2.933252751827239990e-01
3.861755877733230591e-02
1.171418309211730957e+00
3.171096369624137878e-02
2.632906101644039154e-02
2.746568992733955383e-02
2.279891669750213623e-01
5.215179407969117165e-04
1.287438035011291504e+00
2.336932122707366943e-01
3.044233918190002441e-01
2.614893317222595215e-01
8.996122479438781738e-01
7.093890756368637085e-02
1.409430950880050659e-01
7.411727309226989746e-02
1.522908508777618408e-01
1.516779065132141113e-01
4.804464578628540039e-01
1.238829689100384712e-03
9.121255278587341309e-01
3.549373745918273926e-01
3.845911100506782532e-02
1.192272782325744629e+00
4.865423962473869324e-02
3.194652125239372253e-02
3.154077380895614624e-02
2.489581555128097534e-01
3.526231157593429089e-04
1.096377253532409668e+00
2.911524474620819092e-01
3.235231637954711914e-01
3.167185187339782715e-01
8.999259471893310547e-01
7.892876863479614258e-02
1.685134768486022949e-01
7.403932511806488037e-02
1.584588140249252319e-01
1.592935323715209961e-01
6.035693287849426270e-01
1.264298567548394203e-03
9.227653741836547852e-01
1.385440677404403687e-01
3.889375180006027222e-02
1.195262074470520020e+00
3.941782563924789429e-02
3.939639404416084290e-02
4.833089560270309448e-02
2.260709553956985474e-01
3.567240783013403416e-04
6.921488642692565918e-01
2.885433733463287354e-01
3.247210681438446045e-01
4.400443136692047119e-01
9.190331697463989258e-01
7.484232634305953979e-02
1.889992803335189819e-01
7.581256330013275146e-02
2.165611833333969116e-01
2.201604545116424561e-01
6.328905820846557617e-01
9.227100526914000511e-04
8.399981260299682617e-01
1.344391554594039917e-01
3.923199698328971863e-02
1.181317925453186035e+00
4.340605065226554871e-02
4.191206023097038269e-02
6.133724004030227661e-02
1.661298424005508423e-01
4.187927115708589554e-04
7.296166419982910156e-01
3.324177265167236328e-01
3.798624873161315918e-01
5.082072019577026367e-01
9.546664953231811523e-01
8.280361443758010864e-02
2.473306208848953247e-01
7.491400092840194702e-02
2.310040742158889771e-01
2.175740301609039307e-01
5.767531394958496094e-01
1.017017755657434464e-03
1.039465904235839844e+00
2.119678258895874023e-01
3.856412321329116821e-02
1.194528460502624512e+00
5.123253166675567627e-02
4.587897658348083496e-02
6.925804913043975830e-02
1.906137913465499878e-01
3.559250617399811745e-04
7.089716196060180664e-01
3.481868505477905273e-01
4.198950231075286865e-01
5.866122245788574219e-01
1.000411868095397949e+00
1.039395108819007874e-01
2.463429570198059082e-01
8.344158530235290527e-02
2.678056955337524414e-01
2.488369047641754150e-01
6.904100179672241211e-01
1.052799983881413937e-03
9.078821539878845215e-01
1.764442473649978638e-01
3.892995789647102356e-02
1.170545458793640137e+00
4.547718539834022522e-02
4.112672060728073120e-02
6.411015242338180542e-02
2.500928938388824463e-01
3.423746093176305294e-04
6.698478460311889648e-01
4.076192378997802734e-01
4.966549575328826904e-01
5.609726905822753906e-01
1.143622756004333496e+00
1.165644526481628418e-01
2.662654519081115723e-01
9.450307488441467285e-02
2.618780732154846191e-01
2.671293020248413086e-01
8.570396900177001953e-01
9.473930113017559052e-04
9.662782549858093262e-01
2.087446898221969604e-01
3.855666145682334900e-02
1.167348742485046387e+00
6.682266294956207275e-02
5.849633738398551941e-02
3.499127924442291260e-02
3.120719492435455322e-01
8.407129789702594280e-04
6.853981018066406250e-01
4.402419626712799072e-01
5.656301379203796387e-01
4.933235049247741699e-01
1.278844237327575684e+00
1.305457502603530884e-01
2.701947093009948730e-01
1.100084632635116577e-01
2.656615674495697021e-01
2.617617547512054443e-01
8.229851722717285156e-01
1.026445766910910606e-03
9.759162664413452148e-01
1.480230093002319336e-01
3.901541978120803833e-02
1.199468255043029785e+00
7.693000882863998413e-02
6.362108141183853149e-02
4.220489785075187683e-02
3.682404756546020508e-01
1.070116297341883183e-03
7.362136840820312500e-01
5.396512150764465332e-01
6.112925410270690918e-01
4.714744985103607178e-01
1.267331600189208984e+00
1.432013958692550659e-01
2.480737417936325073e-01
1.143699362874031067e-01
2.711721956729888916e-01
2.738259136676788330e-01
1.133576273918151855e+00
1.069556572474539280e-03
1.145184159278869629e+00
1.471144556999206543e-01
3.947234898805618286e-02
1.229341626167297363e+00
1.567720621824264526e-01
1.394144445657730103e-01
1.076392903923988342e-01
3.817383944988250732e-01
1.256370916962623596e-03
8.165092468261718750e-01
5.009160041809082031e-01
5.974098443984985352e-01
3.207393288612365723e-01
1.471081256866455078e+00
1.344615668058395386e-01
1.879142522811889648e-01
1.268535554409027100e-01
1.834756135940551758e-01
1.770569235086441040e-01
8.101140260696411133e-01
1.205523265525698662e-03
1.139706611633300781e+00
1.806546896696090698e-01
3.947302699089050293e-02
1.239549875259399414e+00
1.173985004425048828e-01
1.297318190336227417e-01
9.587179124355316162e-02
4.362682700157165527e-01
1.235531410202383995e-03
7.208623290061950684e-01
5.033636689186096191e-01
5.705862641334533691e-01
3.259685635566711426e-01
1.497827768325805664e+00
1.410783529281616211e-01
1.912976056337356567e-01
1.306173652410507202e-01
1.916815042495727539e-01
1.932792216539382935e-01
8.792242407798767090e-01
1.093334867618978024e-03
1.046864867210388184e+00
1.680921763181686401e-01
3.947148472070693970e-02
1.253367781639099121e+00
5.715538188815116882e-02
5.492773652076721191e-02
4.864009097218513489e-02
4.112985134124755859e-01
1.339830458164215088e-03
7.360974550247192383e-01
4.892063140869140625e-01
5.644833445549011230e-01
2.934888601303100586e-01
1.602779626846313477e+00
1.291406005620956421e-01
1.678295135498046875e-01
1.374095529317855835e-01
1.718908995389938354e-01
1.771985292434692383e-01
8.689132928848266602e-01
1.051607890985906124e-03
9.383006095886230469e-01
1.619810163974761963e-01
3.947201743721961975e-02
1.253378510475158691e+00
2.168046385049819946e-01
1.216366887092590332e-01
5.267450958490371704e-02
3.216601014137268066e-01
1.176241319626569748e-03
7.076539993286132812e-01
3.294203579425811768e-01
3.990499079227447510e-01
2.809608578681945801e-01
1.514381647109985352e+00
1.033422052860260010e-01
1.343007236719131470e-01
1.033830046653747559e-01
1.341367512941360474e-01
1.352013200521469116e-01
6.191251277923583984e-01
1.040420029312372208e-03
8.765907287597656250e-01
1.678191423416137695e-01
3.947315737605094910e-02
1.253387212753295898e+00
1.272750496864318848e-01
9.873851388692855835e-02
7.045009732246398926e-02
2.478820532560348511e-01
1.025167992338538170e-03
6.513699293136596680e-01
3.272303938865661621e-01
3.853018283843994141e-01
4.360690712928771973e-01
3.636102676391601562e-01
9.391361474990844727e-02
2.435838580131530762e-01
3.277312964200973511e-02
2.120835483074188232e-01
2.033042907714843750e-01
4.513689279556274414e-01
6.081997998990118504e-04
5.740836262702941895e-01
1.585240662097930908e-01
3.947340697050094604e-02
1.253393054008483887e+00
1.336222589015960693e-01
1.213176697492599487e-01
1.062758788466453552e-01
2.413326948881149292e-01
9.141663904301822186e-04
5.911856889724731445e-01
3.380300104618072510e-01
4.211337268352508545e-01
4.012425243854522705e-01
3.487136065959930420e-01
1.051934584975242615e-01
2.565567791461944580e-01
3.492472320795059204e-02
2.388122677803039551e-01
2.315583974123001099e-01
6.694811582565307617e-01
5.392436287365853786e-04
4.415767192840576172e-01
1.615859419107437134e-01
3.947447985410690308e-02
1.253402352333068848e+00
7.566118985414505005e-02
6.765551865100860596e-02
5.008385702967643738e-02
2.513091564178466797e-01
5.505093140527606010e-04
5.386691689491271973e-01
3.214139342308044434e-01
3.862004578113555908e-01
5.426898002624511719e-01
5.878109931945800781e-01
9.365385025739669800e-02
2.757986187934875488e-01
4.035704210400581360e-02
2.604692578315734863e-01
2.664324343204498291e-01
6.403956413269042969e-01
4.641000414267182350e-04
5.214217305183410645e-01
1.617043912410736084e-01
3.947572037577629089e-02
1.253407120704650879e+00
9.772366285324096680e-02
1.090003326535224915e-01
5.524356663227081299e-02
2.802145183086395264e-01
8.917727391235530376e-04
5.412958860397338867e-01
3.684383034706115723e-01
4.143252074718475342e-01
5.988497734069824219e-01
5.926465988159179688e-01
9.762855619192123413e-02
2.950446605682373047e-01
3.691351413726806641e-02
2.939989864826202393e-01
2.857735455036163330e-01
5.968758463859558105e-01
5.766098038293421268e-04
5.637106299400329590e-01
1.544361561536788940e-01
3.947705402970314026e-02
1.253409743309020996e+00
7.731885462999343872e-02
5.341185256838798523e-02
3.306736797094345093e-02
2.679354250431060791e-01
4.221300187055021524e-04
4.476419091224670410e-01
4.451926052570343018e-01
4.810227453708648682e-01
6.900697350502014160e-01
5.615591406822204590e-01
1.130237579345703125e-01
3.228687047958374023e-01
6.425437331199645996e-02
3.323922753334045410e-01
3.354631066322326660e-01
5.362463593482971191e-01
5.791997537016868591e-04
6.632020473480224609e-01
1.648601293563842773e-01
3.947709128260612488e-02
1.253412365913391113e+00
4.396761208772659302e-02
3.602708131074905396e-02
2.533469535410404205e-02
2.879680991172790527e-01
4.319716244935989380e-04
4.187510311603546143e-01
4.248329401016235352e-01
5.263460874557495117e-01
6.504308581352233887e-01
6.405499577522277832e-01
1.241394877433776855e-01
3.033598363399505615e-01
4.929260537028312683e-02
2.964467704296112061e-01
3.034470379352569580e-01
6.052714586257934570e-01
4.771068925037980080e-04
6.066684722900390625e-01
1.563564538955688477e-01
3.947704657912254333e-02
1.253418326377868652e+00
4.242013022303581238e-02
3.470707684755325317e-02
2.301762998104095459e-02
3.272240161895751953e-01
1.078712870366871357e-03
3.384999036788940430e-01
4.095076024532318115e-01
4.563492238521575928e-01
7.212127447128295898e-01
5.851439833641052246e-01
1.096448451280593872e-01
3.392266333103179932e-01
4.202741757035255432e-02
3.238538205623626709e-01
3.320883810520172119e-01
5.629892349243164062e-01
7.007214007899165154e-04
8.702045679092407227e-01
1.610518842935562134e-01
3.947765380144119263e-02
1.253414630889892578e+00
4.455466940999031067e-02
3.675934299826622009e-02
2.371639572083950043e-02
3.676384091377258301e-01
7.520319777540862560e-04
3.530515134334564209e-01
3.650537729263305664e-01
4.110342562198638916e-01
6.701330542564392090e-01
4.842478036880493164e-01
1.141084805130958557e-01
3.275309205055236816e-01
4.536849632859230042e-02
3.246013820171356201e-01
3.205217719078063965e-01
4.719318151473999023e-01
8.701335173100233078e-04
5.637993812561035156e-01
1.630743294954299927e-01
3.947715461254119873e-02
1.253408908843994141e+00
4.636031016707420349e-02
3.543902188539505005e-02
2.408748865127563477e-02
3.220339715480804443e-01
8.007286232896149158e-04
3.483905196189880371e-01
3.839835226535797119e-01
4.240181446075439453e-01
6.573125123977661133e-01
5.026113986968994141e-01
1.016168966889381409e-01
3.413113057613372803e-01
5.378287285566329956e-02
3.342484831809997559e-01
3.323304653167724609e-01
4.868429601192474365e-01
6.292562466114759445e-04
5.939913392066955566e-01
1.628418266773223877e-01
3.947820141911506653e-02
1.253414392471313477e+00
4.083143919706344604e-02
3.826319053769111633e-02
2.487258054316043854e-02
2.886860370635986328e-01
6.802143761888146400e-04
3.375768065452575684e-01
2.176430374383926392e-01
2.456476539373397827e-01
5.522552728652954102e-01
6.407380104064941406e-01
1.181284487247467041e-01
3.157877326011657715e-01
3.946197405457496643e-02
2.835437357425689697e-01
2.882048785686492920e-01
3.323299288749694824e-01
6.383218569681048393e-04
5.111493468284606934e-01
1.824533790349960327e-01
3.947867080569267273e-02
1.253413915634155273e+00
5.231998488306999207e-02
4.130778834223747253e-02
2.658854797482490540e-02
2.589592337608337402e-01
6.104079657234251499e-04
2.851375043392181396e-01
2.484704405069351196e-01
2.819125652313232422e-01
4.906448125839233398e-01
6.767000555992126465e-01
9.199041873216629028e-02
2.296072691679000854e-01
2.919687330722808838e-02
2.318819165229797363e-01
2.361394315958023071e-01
2.675482332706451416e-01
7.623868877999484539e-04
7.095496058464050293e-01
1.765331476926803589e-01
3.947796300053596497e-02
1.253413796424865723e+00
4.411859065294265747e-02
3.601224720478057861e-02
2.769116312265396118e-02
2.038949280977249146e-01
5.950252525508403778e-04
2.423804551362991333e-01
2.470768094062805176e-01
2.419670671224594116e-01
4.561273455619812012e-01
6.562328338623046875e-01
7.717516273260116577e-02
2.489660382270812988e-01
3.690779209136962891e-02
2.442499101161956787e-01
2.496475428342819214e-01
2.591739892959594727e-01
6.666990811936557293e-04
6.948218345642089844e-01
1.691966354846954346e-01
3.947862982749938965e-02
1.253415465354919434e+00
5.360056087374687195e-02
3.446362167596817017e-02
2.518349513411521912e-02
1.927854865789413452e-01
8.151779766194522381e-04
2.012692838907241821e-01
2.037293165922164917e-01
2.132938057184219360e-01
4.303953945636749268e-01
9.081998467445373535e-01
6.449051201343536377e-02
2.087994068861007690e-01
4.839942976832389832e-02
2.350206375122070312e-01
2.088432312011718750e-01
2.178210914134979248e-01
9.119159658439457417e-04
8.060956001281738281e-01
1.780839264392852783e-01
3.947879001498222351e-02
1.253429055213928223e+00
6.883014738559722900e-02
5.701217800378799438e-02
3.400738909840583801e-02
1.739792525768280029e-01
7.028213003650307655e-04
1.399337500333786011e-01
1.824640333652496338e-01
1.963089555501937866e-01
3.046787679195404053e-01
6.900160908699035645e-01
5.566309764981269836e-02
2.001800090074539185e-01
3.583190962672233582e-02
1.982760727405548096e-01
1.634859144687652588e-01
2.263952046632766724e-01
7.608651649206876755e-04
6.577906012535095215e-01
1.860873848199844360e-01
3.948041796684265137e-02
1.253431081771850586e+00
1.228692159056663513e-01
9.599404036998748779e-02
5.375852063298225403e-02
1.727856993675231934e-01
9.031084482558071613e-04
9.921013563871383667e-02
1.958824843168258667e-01
2.076658904552459717e-01
3.264304101467132568e-01
8.813732862472534180e-01
5.638497695326805115e-02
1.913819611072540283e-01
6.058559939265251160e-02
1.841507852077484131e-01
1.914087533950805664e-01
2.316744178533554077e-01
9.415847598575055599e-04
6.311544775962829590e-01
1.902507543563842773e-01
3.947916626930236816e-02
1.253417491912841797e+00
1.364336460828781128e-01
1.118215844035148621e-01
9.886002540588378906e-02
1.834674775600433350e-01
9.510773234069347382e-04
1.105158701539039612e-01
2.177863568067550659e-01
2.158445566892623901e-01
3.843959569931030273e-01
1.105093598365783691e+00
6.240261346101760864e-02
2.048680037260055542e-01
7.480691373348236084e-02
1.724951565265655518e-01
1.914534866809844971e-01
2.644601166248321533e-01
1.579471630975604057e-03
8.848727345466613770e-01
1.884802579879760742e-01
3.947737440466880798e-02
1.253395557403564453e+00
4.894820973277091980e-02
4.859320819377899170e-02
3.284459933638572693e-02
1.925222575664520264e-01
1.487794914282858372e-03
8.706226944923400879e-02
2.135489284992218018e-01
2.113238275051116943e-01
2.517096102237701416e-01
1.381842494010925293e+00
5.967095494270324707e-02
1.675590276718139648e-01
8.529303967952728271e-02
1.619218587875366211e-01
1.616892516613006592e-01
2.395832836627960205e-01
1.123382593505084515e-03
7.711045145988464355e-01
2.340347915887832642e-01
3.947725519537925720e-02
1.253376960754394531e+00
5.323841422796249390e-02
4.805311560630798340e-02
3.074972331523895264e-02
1.925478279590606689e-01
1.272861030884087086e-03
7.834750413894653320e-02
1.983158439397811890e-01
2.028770446777343750e-01
2.708831429481506348e-01
1.525579929351806641e+00
5.678855627775192261e-02
1.437690705060958862e-01
9.225465357303619385e-02
1.314717233180999756e-01
1.341834962368011475e-01
2.263850718736648560e-01
1.358455163426697254e-03
7.809817790985107422e-01
1.853279769420623779e-01
3.947722166776657104e-02
1.253367304801940918e+00
5.793236568570137024e-02
4.710350558161735535e-02
3.039765357971191406e-02
1.911527514457702637e-01
1.242668251506984234e-03
5.820173397660255432e-02
2.002590745687484741e-01
2.001507580280303955e-01
2.902338802814483643e-01
1.477312803268432617e+00
5.448054149746894836e-02
1.480592489242553711e-01
9.080968797206878662e-02
1.559406518936157227e-01
1.146758422255516052e-01
2.252812385559082031e-01
1.190940733067691326e-03
8.627777099609375000e-01
1.854144036769866943e-01
3.947724029421806335e-02
1.253366231918334961e+00
8.164624124765396118e-02
6.446903944015502930e-02
4.742323607206344604e-02
2.002784907817840576e-01
1.189401489682495594e-03
5.294166132807731628e-02
2.005030810832977295e-01
1.998218744993209839e-01
4.151643514633178711e-01
1.581681728363037109e+00
5.567159503698348999e-02
1.698502600193023682e-01
9.220747649669647217e-02
1.807350367307662964e-01
1.844828426837921143e-01
2.150601446628570557e-01
1.003490644507110119e-03
8.253079652786254883e-01
2.199528366327285767e-01
3.947716578841209412e-02
1.253364205360412598e+00
1.859973371028900146e-01
1.726281046867370605e-01
1.189171001315116882e-01
2.014920413494110107e-01
1.164181740023195744e-03
5.286876484751701355e-02
2.057391107082366943e-01
2.111942172050476074e-01
2.254982888698577881e-01
1.336538672447204590e+00
5.774235725402832031e-02
1.948239505290985107e-01
8.398405462503433228e-02
1.852728426456451416e-01
1.836139857769012451e-01
2.180104553699493408e-01
1.148301060311496258e-03
9.632266163825988770e-01
2.509272098541259766e-01
3.947638720273971558e-02
1.253358721733093262e+00
2.105580121278762817e-01
1.903167068958282471e-01
1.307243555784225464e-01
2.094170749187469482e-01
1.100549241527915001e-03
5.345788970589637756e-02
1.898300051689147949e-01
1.870749145746231079e-01
1.794174909591674805e-01
1.335993647575378418e+00
5.032963305711746216e-02
1.214050650596618652e-01
8.048302680253982544e-02
1.193752065300941467e-01
1.098207309842109680e-01
1.940767019987106323e-01
9.489460499025881290e-04
6.965497136116027832e-01
2.204315811395645142e-01
3.947442397475242615e-02
1.253357887268066406e+00
1.281593590974807739e-01
1.097215712070465088e-01
7.122555375099182129e-02
2.041063606739044189e-01
1.066660275682806969e-03
5.480163916945457458e-02
2.239457964897155762e-01
1.933873295783996582e-01
1.371542364358901978e-01
1.249078631401062012e+00
4.900876060128211975e-02
6.255000084638595581e-02
9.234096109867095947e-02
6.270589679479598999e-02
6.311937421560287476e-02
2.893285453319549561e-01
1.286695944145321846e-03
9.488476514816284180e-01
2.001624852418899536e-01
3.947391733527183533e-02
1.253358364105224609e+00
9.540988504886627197e-02
7.633972167968750000e-02
4.763264209032058716e-02
1.843155175447463989e-01
1.115830149501562119e-03
5.316019058227539062e-02
2.237001657485961914e-01
2.325765043497085571e-01
1.185616627335548401e-01
1.249579429626464844e+00
4.942751675844192505e-02
7.693041115999221802e-02
8.952854573726654053e-02
7.202841341495513916e-02
7.514516264200210571e-02
3.450010716915130615e-01
1.143860281445086002e-03
1.039049267768859863e+00
1.970842480659484863e-01
3.947404026985168457e-02
1.253357529640197754e+00
7.046440988779067993e-02
6.450482457876205444e-02
4.028314352035522461e-02
1.664907485246658325e-01
1.213885378092527390e-03
5.677240341901779175e-02
2.751336395740509033e-01
2.760777473449707031e-01
1.036247760057449341e-01
1.311293363571166992e+00
6.537427753210067749e-02
5.510422214865684509e-02
1.049935445189476013e-01
5.853697285056114197e-02
5.947017669677734375e-02
4.783960580825805664e-01
9.957588044926524162e-04
8.374502062797546387e-01
1.896020174026489258e-01
3.947385400533676147e-02
1.253359317779541016e+00
9.059338271617889404e-02
8.524503558874130249e-02
5.889077484607696533e-02
1.449590027332305908e-01
1.375601394101977348e-03
6.070897728204727173e-02
2.218012362718582153e-01
2.088539451360702515e-01
1.355709582567214966e-01
1.159774184226989746e+00
6.548775732517242432e-02
7.415743917226791382e-02
1.110640242695808411e-01
6.251920014619827271e-02
6.266970932483673096e-02
2.674074172973632812e-01
1.166479196399450302e-03
9.781516194343566895e-01
1.678266972303390503e-01
3.947557881474494934e-02
1.253365039825439453e+00
1.001810580492019653e-01
1.026034206151962280e-01
6.197553500533103943e-02
1.475837826728820801e-01
1.425791298970580101e-03
6.681451201438903809e-02
2.151237875223159790e-01
2.179608643054962158e-01
9.560684859752655029e-02
1.037733435630798340e+00
6.015158817172050476e-02
6.109071895480155945e-02
8.820047974586486816e-02
5.237864702939987183e-02
5.442266166210174561e-02
2.473858594894409180e-01
9.597450261935591698e-04
6.471287608146667480e-01
1.597342640161514282e-01
3.947579115629196167e-02
1.253375291824340820e+00
7.955316454172134399e-02
5.842696875333786011e-02
4.899687319993972778e-02
1.577069461345672607e-01
1.443636720068752766e-03
7.421232759952545166e-02
2.165457010269165039e-01
2.104872316122055054e-01
1.152440235018730164e-01
9.528820514678955078e-01
5.563431233167648315e-02
6.693138182163238525e-02
8.175332099199295044e-02
7.721833139657974243e-02
6.447120755910873413e-02
2.352166920900344849e-01
5.389002617448568344e-04
4.650946557521820068e-01
1.651980131864547729e-01
3.947646170854568481e-02
1.253384232521057129e+00
6.651487946510314941e-02
5.931479483842849731e-02
3.377768024802207947e-02
1.733091175556182861e-01
1.480726408772170544e-03
8.021575212478637695e-02
2.071901708841323853e-01
2.080311030149459839e-01
1.525509804487228394e-01
7.104783058166503906e-01
5.028889328241348267e-02
7.980043441057205200e-02
7.511672377586364746e-02
8.847140520811080933e-02
6.185875460505485535e-02
2.328223437070846558e-01
3.976839652750641108e-04
4.456810355186462402e-01
1.584260761737823486e-01
3.947766125202178955e-02
1.253392934799194336e+00
6.529296934604644775e-02
5.632796883583068848e-02
2.878751419484615326e-02
1.560746580362319946e-01
1.427602954208850861e-03
8.007884025573730469e-02
2.292306274175643921e-01
2.226485460996627808e-01
1.011195778846740723e-01
4.109961986541748047e-01
5.304482951760292053e-02
6.228771805763244629e-02
6.246318668127059937e-02
6.349119544029235840e-02
6.301060318946838379e-02
2.612784802913665771e-01
4.403047496452927589e-04
3.718035221099853516e-01
1.533759832382202148e-01
3.947874903678894043e-02
1.253400683403015137e+00
6.698929518461227417e-02
5.892958119511604309e-02
3.338240087032318115e-02
1.646522730588912964e-01
1.314282650128006935e-03
8.234196901321411133e-02
2.173831164836883545e-01
1.959024220705032349e-01
1.534664481878280640e-01
4.439172148704528809e-01
5.312976241111755371e-02
1.026249602437019348e-01
6.012348458170890808e-02
1.048112511634826660e-01
1.056226566433906555e-01
2.253324389457702637e-01
4.741456359624862671e-04
5.096716880798339844e-01
1.897104233503341675e-01
3.947984799742698669e-02
1.253409266471862793e+00
6.737443059682846069e-02
6.041954830288887024e-02
3.801743686199188232e-02
1.785209327936172485e-01
1.087045064195990562e-03
8.883484452962875366e-02
1.931174844503402710e-01
2.095385044813156128e-01
1.362263411283493042e-01
6.407553553581237793e-01
5.380354449152946472e-02
7.885076105594635010e-02
5.857414379715919495e-02
6.846445053815841675e-02
6.097271293401718140e-02
2.498430013656616211e-01
2.972971997223794460e-04
3.973400592803955078e-01
1.867647916078567505e-01
3.948003053665161133e-02
1.253410935401916504e+00
7.611607760190963745e-02
6.128103286027908325e-02
3.798444569110870361e-02
1.307708024978637695e-01
1.085105002857744694e-03
9.604433923959732056e-02
2.190924435853958130e-01
2.272091358900070190e-01
1.404283642768859863e-01
5.190610289573669434e-01
5.142878741025924683e-02
8.498694002628326416e-02
5.672876164317131042e-02
8.222068846225738525e-02
8.226468414068222046e-02
2.485232055187225342e-01
3.473616670817136765e-04
3.116520345211029053e-01
1.362201273441314697e-01
3.948031365871429443e-02
1.253410577774047852e+00
8.195608109235763550e-02
6.927324831485748291e-02
3.233870863914489746e-02
1.598246246576309204e-01
7.859247853048145771e-04
1.072598546743392944e-01
2.829036116600036621e-01
2.780249416828155518e-01
1.400159448385238647e-01
6.278408169746398926e-01
7.157025486230850220e-02
7.650202512741088867e-02
5.636729672551155090e-02
7.197679579257965088e-02
7.615631073713302612e-02
2.831757664680480957e-01
4.280556458979845047e-04
3.445201516151428223e-01
1.436426043510437012e-01
3.948127478361129761e-02
1.253417372703552246e+00
7.115036249160766602e-02
6.526353210210800171e-02
4.222629219293594360e-02
2.006660699844360352e-01
7.140556699596345425e-04
1.167116612195968628e-01
2.664932608604431152e-01
2.661650478839874268e-01
2.654681503772735596e-01
3.370733261108398438e-01
6.439572572708129883e-02
1.576362699270248413e-01
5.017176270484924316e-02
1.499103754758834839e-01
1.464601755142211914e-01
2.729098200798034668e-01
5.224507767707109451e-04
5.838076472282409668e-01
1.702931374311447144e-01
3.948266059160232544e-02
1.118174076080322266e+00
5.833860859274864197e-02
5.296816304326057434e-02
3.550651669502258301e-02
1.901406049728393555e-01
7.577026844955980778e-04
1.268148124217987061e-01
2.518315017223358154e-01
2.398651391267776489e-01
2.115852683782577515e-01
2.912324368953704834e-01
5.649747699499130249e-02
1.136701703071594238e-01
3.366333991289138794e-02
1.028609648346900940e-01
1.068158820271492004e-01
2.521811127662658691e-01
7.352815009653568268e-04
5.717366337776184082e-01
1.475670933723449707e-01
3.948410227894783020e-02
1.086900115013122559e+00
7.264927774667739868e-02
6.395393610000610352e-02
5.304343253374099731e-02
2.059396505355834961e-01
8.140797144733369350e-04
1.368397027254104614e-01
2.614346444606781006e-01
2.199920415878295898e-01
2.245470732450485229e-01
2.965413033962249756e-01
6.449381262063980103e-02
1.221015676856040955e-01
2.333257906138896942e-02
1.204970926046371460e-01
1.165190413594245911e-01
2.806867957115173340e-01
3.096483123954385519e-04
2.805982232093811035e-01
1.612866073846817017e-01
3.948538750410079956e-02
1.106074690818786621e+00
8.143028616905212402e-02
7.100582122802734375e-02
5.984074622392654419e-02
2.051224708557128906e-01
7.303280872292816639e-04
1.426263302564620972e-01
3.496660888195037842e-01
3.479070663452148438e-01
2.801901102066040039e-01
2.916455268859863281e-01
7.883657515048980713e-02
1.556874513626098633e-01
2.444824390113353729e-02
1.473875641822814941e-01
1.518599390983581543e-01
3.907450735569000244e-01
3.917335707228630781e-04
3.411628305912017822e-01
1.431301385164260864e-01
3.948494791984558105e-02
1.109591722488403320e+00
8.645565062761306763e-02
7.484650611877441406e-02
5.276381224393844604e-02
2.432308644056320190e-01
9.377332753501832485e-04
1.475495398044586182e-01
3.870292007923126221e-01
3.570026159286499023e-01
3.036604821681976318e-01
3.516233861446380615e-01
9.890657663345336914e-02
1.666247695684432983e-01
2.035054937005043030e-02
1.750080734491348267e-01
1.762746274471282959e-01
3.948817849159240723e-01
2.932107017841190100e-04
3.664340376853942871e-01
1.388038694858551025e-01
3.948520496487617493e-02
1.137534499168395996e+00
8.288911730051040649e-02
7.503084838390350342e-02
4.307958111166954041e-02
2.582009136676788330e-01
9.371311753056943417e-04
1.505172550678253174e-01
3.741728961467742920e-01
3.800855875015258789e-01
3.702442646026611328e-01
2.794944643974304199e-01
1.056065782904624939e-01
2.085970938205718994e-01
2.504370361566543579e-02
2.068353444337844849e-01
2.083709985017776489e-01
4.591018259525299072e-01
2.014172059716656804e-04
1.870852112770080566e-01
1.334695369005203247e-01
3.948277607560157776e-02
1.108172893524169922e+00
8.780918270349502563e-02
7.608192414045333862e-02
4.849060252308845520e-02
2.880913019180297852e-01
7.166109280660748482e-04
1.555597931146621704e-01
3.798305094242095947e-01
3.685028254985809326e-01
4.256123602390289307e-01
5.613387823104858398e-01
1.029917299747467041e-01
2.511410117149353027e-01
1.899837329983711243e-02
2.556357979774475098e-01
2.517904043197631836e-01
4.164110422134399414e-01
3.099911555182188749e-04
1.911293864250183105e-01
1.401098221540451050e-01
3.948010876774787903e-02
1.113851070404052734e+00
1.069809347391128540e-01
8.794125169515609741e-02
7.212228327989578247e-02
3.392350375652313232e-01
7.380705792456865311e-04
1.544921398162841797e-01
3.710199594497680664e-01
3.486754894256591797e-01
5.288971662521362305e-01
4.053058624267578125e-01
1.012912467122077942e-01
2.946064770221710205e-01
2.098769694566726685e-02
2.882729768753051758e-01
2.830396592617034912e-01
3.920286595821380615e-01
3.867102204822003841e-04
2.569939792156219482e-01
1.387087702751159668e-01
3.135339170694351196e-02
4.287392199039459229e-01
1.454981118440628052e-01
1.217016726732254028e-01
6.870387494564056396e-02
3.366836011409759521e-01
7.973152096383273602e-04
1.561898738145828247e-01
3.370641171932220459e-01
3.288826346397399902e-01
4.500408172607421875e-01
4.015448093414306641e-01
8.656312525272369385e-02
2.583414912223815918e-01
2.537603303790092468e-02
2.469088733196258545e-01
2.400063127279281616e-01
3.381682336330413818e-01
2.917331003118306398e-04
4.462328553199768066e-01
1.413592696189880371e-01
5.553694907575845718e-03
2.922044098377227783e-01
2.656291127204895020e-01
2.288301140069961548e-01
1.396393775939941406e-01
3.377283811569213867e-01
8.618955616839230061e-04
1.730452328920364380e-01
3.477825820446014404e-01
3.382086455821990967e-01
5.887625813484191895e-01
4.535865783691406250e-01
9.292548894882202148e-02
3.567588329315185547e-01
3.081065788865089417e-02
3.636833727359771729e-01
3.665612936019897461e-01
3.540631234645843506e-01
5.597297567874193192e-04
4.877380728721618652e-01
1.842601299285888672e-01
2.629245398566126823e-03
3.231641352176666260e-01
2.969843745231628418e-01
2.632642388343811035e-01
1.615361273288726807e-01
3.247691690921783447e-01
9.375565568916499615e-04
1.990369409322738647e-01
3.481339216232299805e-01
3.320337235927581787e-01
4.637754857540130615e-01
2.943897843360900879e-01
9.172067791223526001e-02
2.802060544490814209e-01
3.178080543875694275e-02
2.722687125205993652e-01
2.735303640365600586e-01
3.341624736785888672e-01
3.523243940435349941e-04
2.298079729080200195e-01
1.234471127390861511e-01
1.368379569612443447e-03
3.675099909305572510e-01
2.902553081512451172e-01
2.535684108734130859e-01
1.594820022583007812e-01
2.966832220554351807e-01
6.900406442582607269e-04
2.226831763982772827e-01
3.407016992568969727e-01
3.230153322219848633e-01
4.564952850341796875e-01
2.856780886650085449e-01
9.089819341897964478e-02
2.694265246391296387e-01
2.978571318089962006e-02
2.528866231441497803e-01
2.565246820449829102e-01
3.256476223468780518e-01
4.357784637250006199e-04
3.523619174957275391e-01
1.140083223581314087e-01
4.093096940778195858e-04
2.100890427827835083e-01
1.886340379714965820e-01
1.569399833679199219e-01
9.564542770385742188e-02
2.760870456695556641e-01
5.677291192114353180e-04
2.736998200416564941e-01
3.605408370494842529e-01
3.402831256389617920e-01
4.040537476539611816e-01
2.450102120637893677e-01
9.672325104475021362e-02
2.364734858274459839e-01
2.229364402592182159e-02
2.218100279569625854e-01
2.158691734075546265e-01
3.400345742702484131e-01
3.445442416705191135e-04
2.208521962165832520e-01
1.081291139125823975e-01
8.561866707168519497e-04
1.338231265544891357e-01
8.139016479253768921e-02
7.018838077783584595e-02
3.117164596915245056e-02
3.227819800376892090e-01
5.468634190037846565e-04
3.057139813899993896e-01
4.161160886287689209e-01
3.753204345703125000e-01
3.128758072853088379e-01
2.993181645870208740e-01
1.092400923371315002e-01
1.713802069425582886e-01
2.396580763161182404e-02
1.481299847364425659e-01
1.455236375331878662e-01
3.746661543846130371e-01
2.981763973366469145e-04
2.381389439105987549e-01
8.577377349138259888e-02
1.218969933688640594e-03
6.679667532444000244e-02
1.029689162969589233e-01
8.490228652954101562e-02
4.762686043977737427e-02
3.361912667751312256e-01
5.158887943252921104e-04
2.988853752613067627e-01
4.656801819801330566e-01
4.147635400295257568e-01
2.848953008651733398e-01
4.217014908790588379e-01
1.256000846624374390e-01
1.330711543560028076e-01
3.653710335493087769e-02
1.488165110349655151e-01
1.275743246078491211e-01
4.195677042007446289e-01
3.024889156222343445e-04
2.323473095893859863e-01
8.413013070821762085e-02
1.685543451458215714e-03
4.561396315693855286e-02
1.556482315063476562e-01
1.525131911039352417e-01
9.306204319000244141e-02
3.633368909358978271e-01
4.888259572908282280e-04
2.875524759292602539e-01
4.580993056297302246e-01
4.298147857189178467e-01
2.268372476100921631e-01
5.908655524253845215e-01
1.303771436214447021e-01
1.445217430591583252e-01
5.527706444263458252e-02
1.295829117298126221e-01
1.093035116791725159e-01
4.059596657752990723e-01
3.064982593059539795e-04
2.968959808349609375e-01
1.293880641460418701e-01
3.042601165361702442e-04
3.143054544925689697e-01
1.405753791332244873e-01
1.578729599714279175e-01
9.345925599336624146e-02
4.315165579319000244e-01
4.658494726754724979e-04
3.032160103321075439e-01
4.159249365329742432e-01
3.760266602039337158e-01
1.878018081188201904e-01
2.866635024547576904e-01
1.164687946438789368e-01
1.139209643006324768e-01
3.195239976048469543e-02
9.815656393766403198e-02
1.117191538214683533e-01
3.719358742237091064e-01
2.685724757611751556e-04
3.430646359920501709e-01
1.446280032396316528e-01
1.842089346610009670e-03
1.495256870985031128e-01
8.391954004764556885e-02
7.072101533412933350e-02
5.043395236134529114e-02
4.246732592582702637e-01
5.300187040120363235e-04
3.142469227313995361e-01
4.735923111438751221e-01
4.023783504962921143e-01
2.330589741468429565e-01
4.740140438079833984e-01
1.231632083654403687e-01
6.664091348648071289e-02
3.701045364141464233e-02
8.118135482072830200e-02
8.216651529073715210e-02
4.286974370479583740e-01
3.318462986499071121e-04
1.749453842639923096e-01
7.303072512149810791e-02
1.450315234251320362e-03
1.480312496423721313e-01
6.427079439163208008e-02
4.693083092570304871e-02
3.231760486960411072e-02
4.120646417140960693e-01
8.518853574059903622e-04
5.050217509269714355e-01
3.835853934288024902e-01
3.404178023338317871e-01
1.923583745956420898e-01
2.034173011779785156e-01
9.559424966573715210e-02
1.099260896444320679e-01
1.608288660645484924e-02
8.365275710821151733e-02
8.597298711538314819e-02
2.949339449405670166e-01
2.974722592625766993e-04
1.574752926826477051e-01
1.757263988256454468e-01
2.996564609929919243e-03
1.653151214122772217e-01
3.939644619822502136e-02
4.392560943961143494e-02
1.829392649233341217e-02
3.905957639217376709e-01
1.114435261115431786e-03
9.193331599235534668e-01
3.360221087932586670e-01
3.032969236373901367e-01
1.811703294515609741e-01
2.785502076148986816e-01
8.556381613016128540e-02
1.008068695664405823e-01
2.421551570296287537e-02
8.726112544536590576e-02
1.032934337854385376e-01
3.065403997898101807e-01
3.308585437480360270e-04
1.930764019489288330e-01
2.265037298202514648e-01
1.214338233694434166e-03
1.471539735794067383e-01
3.837981447577476501e-02
3.919438272714614868e-02
1.545543875545263290e-02
3.454754054546356201e-01
1.077180262655019760e-03
7.443200945854187012e-01
3.100000321865081787e-01
2.803888022899627686e-01
1.422445923089981079e-01
1.828496754169464111e-01
7.534209638833999634e-02
1.030833274126052856e-01
1.262818090617656708e-02
9.839695692062377930e-02
8.356307446956634521e-02
2.332520186901092529e-01
2.833549806382507086e-04
1.373787969350814819e-01
7.792433351278305054e-02
1.167301670648157597e-03
5.557006970047950745e-02
4.322171956300735474e-02
4.223879054188728333e-02
2.102778851985931396e-02
2.630609273910522461e-01
8.801888907328248024e-04
5.838032960891723633e-01
2.639881372451782227e-01
2.408330142498016357e-01
7.999213784933090210e-02
1.025884151458740234e-01
6.316590309143066406e-02
5.215531215071678162e-02
1.151657663285732269e-02
4.189627617597579956e-02
4.217025265097618103e-02
1.806892007589340210e-01
2.800261136144399643e-04
1.438909322023391724e-01
2.272309809923171997e-01
5.971654318273067474e-04
1.782930940389633179e-01
3.365937992930412292e-02
3.599014878273010254e-02
1.622071489691734314e-02
1.851872056722640991e-01
6.900377338752150536e-04
5.598567128181457520e-01
2.084156870841979980e-01
1.806197464466094971e-01
1.029802262783050537e-01
1.216246411204338074e-01
4.667894169688224792e-02
4.830452427268028259e-02
1.291976962238550186e-02
4.773106426000595093e-02
4.788754507899284363e-02
1.360235661268234253e-01
3.923750191461294889e-04
1.609946042299270630e-01
8.831821382045745850e-02
2.389011206105351448e-03
2.436972409486770630e-01
4.355158284306526184e-02
4.307112470269203186e-02
2.034516446292400360e-02
2.031456679105758667e-01
6.482493481598794460e-04
9.816473126411437988e-01
2.529461383819580078e-01
2.265116423368453979e-01
8.024859428405761719e-02
1.426789462566375732e-01
6.645727157592773438e-02
4.781140014529228210e-02
1.020900625735521317e-02
6.514021009206771851e-02
6.871934980154037476e-02
1.419059634208679199e-01
3.659545909613370895e-04
1.972317397594451904e-01
1.063959449529647827e-01
1.232926733791828156e-03
1.929512470960617065e-01
3.880199044942855835e-02
3.879731148481369019e-02
1.683718338608741760e-02
2.228096574544906616e-01
6.990645779296755791e-04
9.729397892951965332e-01
2.115903198719024658e-01
1.689088493585586548e-01
6.548357009887695312e-02
2.195928692817687988e-01
5.617150664329528809e-02
2.927922084927558899e-02
1.280265580862760544e-02
2.681936323642730713e-02
2.716382406651973724e-02
1.520439386367797852e-01
3.081385802943259478e-04
1.973025947809219360e-01
1.616797000169754028e-01
7.401376205962151289e-05
1.567517034709453583e-02
3.254454582929611206e-02
2.600881271064281464e-02
2.660793624818325043e-02
1.535818874835968018e-01
7.453662110492587090e-04
7.232441306114196777e-01
1.551129817962646484e-01
1.350818127393722534e-01
8.726117759943008423e-02
1.685262471437454224e-01
4.433941096067428589e-02
2.634157799184322357e-02
1.245527900755405426e-02
2.838378772139549255e-02
2.631437778472900391e-02
1.579496562480926514e-01
2.811879676301032305e-04
1.662832498550415039e-01
3.249813318252563477e-01
1.340165578511687272e-08
4.768809885717928410e-04
3.266336396336555481e-02
2.721619606018066406e-02
1.971860416233539581e-02
1.363131701946258545e-01
7.545659900642931461e-04
6.893984675407409668e-01
1.532625705003738403e-01
1.407131552696228027e-01
5.894276127219200134e-02
1.884762644767761230e-01
4.091357067227363586e-02
3.326692059636116028e-02
1.191104855388402939e-02
3.141992539167404175e-02
3.141557425260543823e-02
1.631080806255340576e-01
3.723034169524908066e-04
2.043479979038238525e-01
1.459933668375015259e-01
1.340165578511687272e-08
4.724026947400261633e-09
4.364053532481193542e-02
3.906814754009246826e-02
2.122656814754009247e-02
1.312932521104812622e-01
1.038690330460667610e-03
6.237279772758483887e-01
1.147689372301101685e-01
1.134942024946212769e-01
9.501159936189651489e-02
1.699908077716827393e-01
3.086388669908046722e-02
4.108903184533119202e-02
1.057329773902893066e-02
3.436400741338729858e-02
3.859870880842208862e-02
1.384394764900207520e-01
2.493307983968406916e-04
1.472470015287399292e-01
1.255146414041519165e-01
1.340165578511687272e-08
4.724026947400261633e-09
8.647544682025909424e-02
7.244809716939926147e-02
3.215480595827102661e-02
1.041507348418235779e-01
1.200890401378273964e-03
5.998918414115905762e-01
9.549399465322494507e-02
1.129088625311851501e-01
1.792790293693542480e-01
3.360840082168579102e-01
2.544373832643032074e-02
7.128518074750900269e-02
1.284006983041763306e-02
6.132949143648147583e-02
5.984994396567344666e-02
1.606814116239547729e-01
2.771594736259430647e-04
1.442209929227828979e-01
2.280149161815643311e-01
1.340165578511687272e-08
4.724026947400261633e-09
7.719901949167251587e-02
6.586857140064239502e-02
4.104657471179962158e-02
1.021980121731758118e-01
1.262388192117214203e-03
6.123775243759155273e-01
1.196867600083351135e-01
1.124484091997146606e-01
1.062182039022445679e-01
3.460998535156250000e-01
3.466483578085899353e-02
5.178941041231155396e-02
1.418946031481027603e-02
4.470342025160789490e-02
4.836047813296318054e-02
1.359983384609222412e-01
2.978691481985151768e-04
1.769442111253738403e-01
1.741499453783035278e-01
1.340165578511687272e-08
4.724026947400261633e-09
9.625788778066635132e-02
7.482483237981796265e-02
4.232183471322059631e-02
8.532466739416122437e-02
1.844522892497479916e-03
5.709420442581176758e-01
7.650565356016159058e-02
8.371259272098541260e-02
1.704826056957244873e-01
2.848747670650482178e-01
2.021690271794795990e-02
7.104240357875823975e-02
2.058245055377483368e-02
7.933924347162246704e-02
7.910665124654769897e-02
1.249902620911598206e-01
3.187485272064805031e-04
1.811709403991699219e-01
1.505024731159210205e-01
1.340165578511687272e-08
4.724026947400261633e-09
8.043523132801055908e-02
5.960495769977569580e-02
5.506538599729537964e-02
6.833527237176895142e-02
1.513342955149710178e-03
6.137895584106445312e-01
7.410053163766860962e-02
9.138783812522888184e-02
2.261779904365539551e-01
1.751644313335418701e-01
1.649130880832672119e-02
8.108104765415191650e-02
1.546938344836235046e-02
8.184548467397689819e-02
9.631258994340896606e-02
2.157126367092132568e-01
3.812732757069170475e-04
2.473981529474258423e-01
9.540519118309020996e-02
1.340165578511687272e-08
4.724026947400261633e-09
6.761046499013900757e-02
5.491033196449279785e-02
3.084506653249263763e-02
6.068670004606246948e-02
6.498405127786099911e-04
6.079850792884826660e-01
7.419501990079879761e-02
1.072092726826667786e-01
1.398119777441024780e-01
1.186822280287742615e-01
1.605957001447677612e-02
7.164536416530609131e-02
1.493100915104150772e-02
7.222830504179000854e-02
6.374915689229965210e-02
2.113316357135772705e-01
3.486038767732679844e-04
2.052535563707351685e-01
1.080661043524742126e-01
1.340165578511687272e-08
4.724026947400261633e-09
1.044977307319641113e-01
8.937825262546539307e-02
4.560124874114990234e-02
6.159681454300880432e-02
6.222468800842761993e-04
6.405815482139587402e-01
1.388078778982162476e-01
1.670909672975540161e-01
3.225271999835968018e-01
1.168190762400627136e-01
2.473329566419124603e-02
1.506154686212539673e-01
1.055443752557039261e-02
1.554511636495590210e-01
1.535343378782272339e-01
2.962048649787902832e-01
3.466508060228079557e-04
2.993903160095214844e-01
1.039683595299720764e-01
1.340165578511687272e-08
4.724026947400261633e-09
2.243590652942657471e-01
1.897104084491729736e-01
1.073500066995620728e-01
7.206825166940689087e-02
8.410610025748610497e-04
5.813566446304321289e-01
1.543100923299789429e-01
1.876408457756042480e-01
2.412072569131851196e-01
1.357543319463729858e-01
4.235734418034553528e-02
1.142193451523780823e-01
1.277995854616165161e-02
1.140205040574073792e-01
1.162984520196914673e-01
3.270968794822692871e-01
3.486272762529551983e-04
2.685146033763885498e-01
9.038170427083969116e-02
1.340165578511687272e-08
4.724026947400261633e-09
2.022917568683624268e-01
1.897895485162734985e-01
1.102103069424629211e-01
1.215934902429580688e-01
1.001411932520568371e-03
6.171147227287292480e-01
8.854343742132186890e-02
1.280705630779266357e-01
7.953921705484390259e-02
1.500864177942276001e-01
2.601415850222110748e-02
4.871698841452598572e-02
1.562522910535335541e-02
3.783891350030899048e-02
3.795221820473670959e-02
2.749814689159393311e-01
3.391289210412651300e-04
2.447719275951385498e-01
8.743377774953842163e-02
1.340165578511687272e-08
4.724026947400261633e-09
8.612944185733795166e-02
7.980708777904510498e-02
4.781706631183624268e-02
1.306776702404022217e-01
9.397405083291232586e-04
6.410981416702270508e-01
7.911794632673263550e-02
1.024542972445487976e-01
1.885697990655899048e-02
1.685957461595535278e-01
2.207486890256404877e-02
2.908068336546421051e-02
1.716010272502899170e-02
2.184824645519256592e-02
1.474454812705516815e-02
2.571739554405212402e-01
3.799818223342299461e-04
2.541238963603973389e-01
8.049967139959335327e-02
1.340165578511687272e-08
4.724026947400261633e-09
1.615153998136520386e-01
5.871313437819480896e-02
3.929175809025764465e-02
8.756534755229949951e-02
1.187345129437744617e-03
5.407350659370422363e-01
5.589285492897033691e-02
8.255206048488616943e-02
1.997557468712329865e-02
1.501987725496292114e-01
2.068044245243072510e-02
9.891248308122158051e-03
1.735760457813739777e-02
9.671075269579887390e-03
9.739850647747516632e-03
1.747239381074905396e-01
3.192864533048123121e-04
1.642196178436279297e-01
7.215328514575958252e-02
1.340165578511687272e-08
4.724026947400261633e-09
1.283947229385375977e-01
1.576088219881057739e-01
7.148688286542892456e-02
7.890209555625915527e-02
1.106696785427629948e-03
3.950533270835876465e-01
4.330991581082344055e-02
4.872232303023338318e-02
3.013089671730995178e-02
1.729139089584350586e-01
1.449500955641269684e-02
1.008730288594961166e-02
1.364499796181917191e-02
1.550961565226316452e-02
1.299974136054515839e-02
1.084569990634918213e-01
2.694230352062731981e-04
1.504621803760528564e-01
6.849635392427444458e-02
1.340165578511687272e-08
4.724026947400261633e-09
1.726065129041671753e-01
1.900601834058761597e-01
8.485789597034454346e-02
5.946584045886993408e-02
9.340285323560237885e-04
5.073726177215576172e-01
5.070656165480613708e-02
5.463974177837371826e-02
5.689883977174758911e-02
2.142614573240280151e-01
1.457089465111494064e-02
2.879133075475692749e-02
1.294449809938669205e-02
2.395118400454521179e-02
2.945763431489467621e-02
1.176388040184974670e-01
2.342947991564869881e-04
1.511193960905075073e-01
7.123216986656188965e-02
1.340165578511687272e-08
4.724026947400261633e-09
2.361473590135574341e-01
2.159974724054336548e-01
1.142846271395683289e-01
5.527605488896369934e-02
5.869090091437101364e-04
3.047107458114624023e-01
4.752843827009201050e-02
5.979308485984802246e-02
4.125365242362022400e-02
1.445062607526779175e-01
1.501358114182949066e-02
4.170037060976028442e-02
1.528315991163253784e-02
4.036855325102806091e-02
4.002357646822929382e-02
1.284592449665069580e-01
2.261961199110373855e-04
1.839071959257125854e-01
9.258207678794860840e-02
1.340165578511687272e-08
4.724026947400261633e-09
1.213975399732589722e-01
1.122406795620918274e-01
6.846416741609573364e-02
7.562825828790664673e-02
4.394947900436818600e-04
3.494797348976135254e-01
5.160712450742721558e-02
7.937366515398025513e-02
3.393647447228431702e-02
1.382226645946502686e-01
1.508854981511831284e-02
1.033517066389322281e-02
8.693982847034931183e-03
1.002729311585426331e-02
1.009789854288101196e-02
1.136358380317687988e-01
2.290257980348542333e-04
1.581380218267440796e-01
9.444276243448257446e-02
1.340165578511687272e-08
4.724026947400261633e-09
8.635812997817993164e-02
9.757382422685623169e-02
3.304949775338172913e-02
5.741755291819572449e-02
4.238463588990271091e-04
2.659337520599365234e-01
8.496018499135971069e-02
8.521210402250289917e-02
2.981889620423316956e-02
9.890775382518768311e-02
2.045849896967411041e-02
1.494651194661855698e-02
8.440187200903892517e-03
1.570169627666473389e-02
1.513053011149168015e-02
1.741687506437301636e-01
2.782367228064686060e-04
2.519074082374572754e-01
9.415759146213531494e-02
1.340165578511687272e-08
4.724026947400261633e-09
5.411215499043464661e-02
4.967848584055900574e-02
2.401394583284854889e-02
5.606871098279953003e-02
3.722641849890351295e-04
3.290449082851409912e-01
9.040566533803939819e-02
1.280757486820220947e-01
3.528226912021636963e-02
1.515295654535293579e-01
2.377504482865333557e-02
1.886428333818912506e-02
8.931785821914672852e-03
1.296609360724687576e-02
1.308982260525226593e-02
2.465875297784805298e-01
2.752300933934748173e-04
1.811517030000686646e-01
1.039438247680664062e-01
1.340165578511687272e-08
4.724026947400261633e-09
5.475513264536857605e-02
4.535086452960968018e-02
2.181775122880935669e-02
8.096729218959808350e-02
3.968127421103417873e-04
3.173641562461853027e-01
9.389378130435943604e-02
1.116517931222915649e-01
4.647436738014221191e-02
1.539492309093475342e-01
2.423654496669769287e-02
1.587728969752788544e-02
1.068900898098945618e-02
1.513824891299009323e-02
1.513413991779088974e-02
1.617062240839004517e-01
3.064000629819929600e-04
2.019517570734024048e-01
1.190451085567474365e-01
1.340165578511687272e-08
4.724026947400261633e-09
6.154782325029373169e-02
4.962566867470741272e-02
2.418775483965873718e-02
1.019674837589263916e-01
6.967635126784443855e-04
2.514437735080718994e-01
7.307756692171096802e-02
8.585400879383087158e-02
3.198374435305595398e-02
1.635670363903045654e-01
1.890232227742671967e-02
2.404597215354442596e-02
1.143428962677717209e-02
2.510381676256656647e-02
1.797200366854667664e-02
1.277194023132324219e-01
3.325582074467092752e-04
1.749410629272460938e-01
1.244237571954727173e-01
1.340165578511687272e-08
4.724026947400261633e-09
5.219676345586776733e-02
4.636611416935920715e-02
2.687769569456577301e-02
7.980099320411682129e-02
6.116664735600352287e-04
2.022738158702850342e-01
6.807853281497955322e-02
1.030071824789047241e-01
5.111974105238914490e-02
1.898486912250518799e-01
1.891662925481796265e-02
1.497613824903964996e-02
1.105794776231050491e-02
1.763563416898250580e-02
1.551750488579273224e-02
1.757865846157073975e-01
2.897152153309434652e-04
1.889950931072235107e-01
1.289836168289184570e-01
1.340165578511687272e-08
4.724026947400261633e-09
7.374535501003265381e-02
6.264549493789672852e-02
2.946635335683822632e-02
6.679392606019973755e-02
5.371813313104212284e-04
2.022431641817092896e-01
8.586369454860687256e-02
5.774897709488868713e-02
6.940126419067382812e-02
1.851114034652709961e-01
1.792738586664199829e-02
3.508982062339782715e-02
1.066893152892589569e-02
2.922538667917251587e-02
2.721131965517997742e-02
1.071361601352691650e-01
4.034176818095147610e-04
2.148225605487823486e-01
1.264358311891555786e-01
1.340165578511687272e-08
4.724026947400261633e-09
6.522276252508163452e-02
4.581170901656150818e-02
2.259809151291847229e-02
5.877829715609550476e-02
6.228298880159854889e-04
1.501040905714035034e-01
5.368661135435104370e-02
7.078226655721664429e-02
7.930894941091537476e-02
1.734949797391891479e-01
1.794512569904327393e-02
3.340764716267585754e-02
1.076205633580684662e-02
2.306304685771465302e-02
2.321995235979557037e-02
6.434281915426254272e-02
4.185707366559654474e-04
2.567737698554992676e-01
1.317075937986373901e-01
1.340165578511687272e-08
4.724026947400261633e-09
5.176109448075294495e-02
4.842757061123847961e-02
1.881289854645729065e-02
4.575078934431076050e-02
7.292195223271846771e-04
1.316397935152053833e-01
4.014055058360099792e-02
5.085884779691696167e-02
5.400404334068298340e-02
1.868512183427810669e-01
1.577490009367465973e-02
2.942101098597049713e-02
1.105856336653232574e-02
3.017108142375946045e-02
3.075058758258819580e-02
5.312933772802352905e-02
5.176885752007365227e-04
2.920022904872894287e-01
1.355532407760620117e-01
1.340165578511687272e-08
4.724026947400261633e-09
5.836972221732139587e-02
4.308724403381347656e-02
2.796702086925506592e-02
4.993330687284469604e-02
7.080716895870864391e-04
6.085009872913360596e-02
5.669761821627616882e-02
5.744522437453269958e-02
4.621228203177452087e-02
1.986968815326690674e-01
1.778824441134929657e-02
2.289937809109687805e-02
1.207172591239213943e-02
1.484987884759902954e-02
1.506668608635663986e-02
6.403622031211853027e-02
4.803683841601014137e-04
2.366225421428680420e-01
1.365189850330352783e-01
1.340165578511687272e-08
4.724026947400261633e-09
7.672185450792312622e-02
7.297119498252868652e-02
2.746491134166717529e-02
5.076429247856140137e-02
1.009274856187403202e-03
1.083582714200019836e-01
7.498309761285781860e-02
7.659716904163360596e-02
4.842896759510040283e-02
1.553872078657150269e-01
2.016385085880756378e-02
2.113422565162181854e-02
1.317101716995239258e-02
1.863666251301765442e-02
2.046498470008373260e-02
8.448690921068191528e-02
5.284802173264324665e-04
2.350309491157531738e-01
1.375756561756134033e-01
1.340165578511687272e-08
4.724026947400261633e-09
9.004785865545272827e-02
9.401355683803558350e-02
3.213072940707206726e-02
5.886016413569450378e-02
1.395426108501851559e-03
3.746420517563819885e-02
9.415582567453384399e-02
9.388860315084457397e-02
4.937790706753730774e-02
2.173125147819519043e-01
2.275027707219123840e-02
2.140088379383087158e-02
1.398415211588144302e-02
2.238358743488788605e-02
2.393389306962490082e-02
1.029924675822257996e-01
5.469293100759387016e-04
4.044483602046966553e-01
1.422615051269531250e-01
1.340165578511687272e-08
4.724026947400261633e-09
1.156255975365638733e-01
1.036874651908874512e-01
5.703562870621681213e-02
8.958223462104797363e-02
1.533202477730810642e-03
3.911630064249038696e-02
1.090697348117828369e-01
1.101831048727035522e-01
5.429205298423767090e-02
1.564391255378723145e-01
2.609429135918617249e-02
2.757477201521396637e-02
1.692015863955020905e-02
2.535667270421981812e-02
2.489349432289600372e-02
1.158976405858993530e-01
6.510046659968793392e-04
3.903456628322601318e-01
1.600652188062667847e-01
1.340165578511687272e-08
4.724026947400261633e-09
1.514675319194793701e-01
1.060152202844619751e-01
6.694914400577545166e-02
1.003710404038429260e-01
2.106346655637025833e-03
4.822114482522010803e-02
9.838443994522094727e-02
1.007831245660781860e-01
5.225463584065437317e-02
1.465440541505813599e-01
2.656823024153709412e-02
2.303643897175788879e-02
2.016218565404415131e-02
2.397982217371463776e-02
2.343645319342613220e-02
1.095749288797378540e-01
5.546333850361406803e-04
3.789921402931213379e-01
1.930395960807800293e-01
1.340165578511687272e-08
4.724026947400261633e-09
1.252793520689010620e-01
9.180682152509689331e-02
7.066848129034042358e-02
8.896040171384811401e-02
2.190731000155210495e-03
4.564656689763069153e-02
1.178893893957138062e-01
1.123968735337257385e-01
4.914959147572517395e-02
2.179014980792999268e-01
2.805249392986297607e-02
2.696035616099834442e-02
1.990618556737899780e-02
2.754957042634487152e-02
2.760943584144115448e-02
1.409685313701629639e-01
5.251708207651972771e-04
2.869993448257446289e-01
2.661449611186981201e-01
1.340165578511687272e-08
4.724026947400261633e-09
9.114614129066467285e-02
6.598928570747375488e-02
3.878078982234001160e-02
9.369200468063354492e-02
2.391953486949205399e-03
3.291192650794982910e-02
1.672971546649932861e-01
1.294006854295730591e-01
5.208358913660049438e-02
1.817447394132614136e-01
3.663429245352745056e-02
2.462096512317657471e-02
2.066885866224765778e-02
2.479980327188968658e-02
2.557364478707313538e-02
1.174881830811500549e-01
4.017761093564331532e-04
2.565023899078369141e-01
2.601227462291717529e-01
1.340165578511687272e-08
4.724026947400261633e-09
6.447614729404449463e-02
5.631940811872482300e-02
3.384872153401374817e-02
1.332086175680160522e-01
2.169891493394970894e-03
2.595785073935985565e-02
1.694697439670562744e-01
1.693176031112670898e-01
7.852868735790252686e-02
3.603548705577850342e-01
4.273257777094841003e-02
3.400542214512825012e-02
3.031362034380435944e-02
3.481981903314590454e-02
3.575748950242996216e-02
2.565646767616271973e-01
3.630683058872818947e-04
2.164272069931030273e-01
2.857860028743743896e-01
1.340165578511687272e-08
4.724026947400261633e-09
1.452084779739379883e-01
1.299465745687484741e-01
8.183380216360092163e-02
2.143512070178985596e-01
1.938825938850641251e-03
2.206462435424327850e-02
2.271257191896438599e-01
2.249912917613983154e-01
5.192739143967628479e-02
4.356150925159454346e-01
5.154057964682579041e-02
2.818436920642852783e-02
3.696383163332939148e-02
2.903792634606361389e-02
3.143738955259323120e-02
1.900528669357299805e-01
3.145969822071492672e-04
1.953810751438140869e-01
3.297905027866363525e-01
1.340165578511687272e-08
4.724026947400261633e-09
1.472171545028686523e-01
1.281044185161590576e-01
7.649963349103927612e-02
1.891525089740753174e-01
1.771622803062200546e-03
2.371509931981563568e-02
1.817466616630554199e-01
1.808030307292938232e-01
6.303641200065612793e-02
3.886865377426147461e-01
5.165867507457733154e-02
3.347539901733398438e-02
3.928776457905769348e-02
2.876541391015052795e-02
3.138848021626472473e-02
1.788393408060073853e-01
3.892304957844316959e-04
2.558512389659881592e-01
3.694886565208435059e-01
1.340165578511687272e-08
4.724026947400261633e-09
5.369805544614791870e-02
4.967638850212097168e-02
2.933220565319061279e-02
2.040052413940429688e-01
1.878883107565343380e-03
2.077973447740077972e-02
1.344942599534988403e-01
1.301671713590621948e-01
4.724740982055664062e-02
2.906867563724517822e-01
3.605451062321662903e-02
2.474948950111865997e-02
2.980922535061836243e-02
2.099045738577842712e-02
2.219937555491924286e-02
1.523183137178421021e-01
4.085376858711242676e-04
3.563329279422760010e-01
4.024386703968048096e-01
1.340165578511687272e-08
4.724026947400261633e-09
5.877808108925819397e-02
6.724376976490020752e-02
3.425769880414009094e-02
1.609236747026443481e-01
1.972963334992527962e-03
1.630708761513233185e-02
1.121643483638763428e-01
1.133804991841316223e-01
4.763866215944290161e-02
2.106596678495407104e-01
2.584853023290634155e-02
2.144425176084041595e-02
1.980210468173027039e-02
2.819796092808246613e-02
3.321917355060577393e-02
1.088152080774307251e-01
4.135615890845656395e-04
3.933663964271545410e-01
4.358516931533813477e-01
1.340165578511687272e-08
4.724026947400261633e-09
1.117513030767440796e-01
9.824907034635543823e-02
7.541151344776153564e-02
1.372423171997070312e-01
1.753324177116155624e-03
4.654408246278762817e-02
1.581281125545501709e-01
1.670018434524536133e-01
5.263873562216758728e-02
2.991976439952850342e-01
3.651380538940429688e-02
2.891454473137855530e-02
1.543408632278442383e-02
3.204347565770149231e-02
2.579574286937713623e-02
1.701662242412567139e-01
5.323364166542887688e-04
4.434418380260467529e-01
4.415161609649658203e-01
1.340165578511687272e-08
4.724026947400261633e-09
2.002074867486953735e-01
1.638416498899459839e-01
6.839946657419204712e-02
1.116954609751701355e-01
1.744376029819250107e-03
2.693599462509155273e-02
2.107627242803573608e-01
2.110578417778015137e-01
5.173205211758613586e-02
5.083693265914916992e-01
5.592338368296623230e-02
3.520894050598144531e-02
1.742233335971832275e-02
4.377371072769165039e-02
5.259028077125549316e-02
3.603388369083404541e-01
6.198025075718760490e-04
4.109345376491546631e-01
4.725722372531890869e-01
1.340165578511687272e-08
4.724026947400261633e-09
1.965721398591995239e-01
1.911810636520385742e-01
1.054872572422027588e-01
1.502143591642379761e-01
2.469609025865793228e-03
3.046920523047447205e-02
2.049255371093750000e-01
2.399762868881225586e-01
1.043931990861892700e-01
3.053349554538726807e-01
5.353716388344764709e-02
4.347907006740570068e-02
3.204473108053207397e-02
4.169173166155815125e-02
4.083089157938957214e-02
2.335116714239120483e-01
6.279608933255076408e-04
4.995159804821014404e-01
4.712565839290618896e-01
1.340165578511687272e-08
4.724026947400261633e-09
1.222278848290443420e-01
1.124400869011878967e-01
6.437713652849197388e-02
2.011876404285430908e-01
2.306373324245214462e-03
2.741315588355064392e-02
1.319063007831573486e-01
1.389603316783905029e-01
6.554763019084930420e-02
3.334597051143646240e-01
3.965495154261589050e-02
3.432957082986831665e-02
3.763303160667419434e-02
3.956960886716842651e-02
3.925804421305656433e-02
1.091013848781585693e-01
6.061621825210750103e-04
3.410166203975677490e-01
4.790379703044891357e-01
1.340165578511687272e-08
4.724026947400261633e-09
8.739469200372695923e-02
8.453396707773208618e-02
3.612541407346725464e-02
2.208902239799499512e-01
2.556367777287960052e-03
3.300317004323005676e-02
9.455982595682144165e-02
9.674399346113204956e-02
6.946880370378494263e-02
3.412691354751586914e-01
2.918016910552978516e-02
3.408182784914970398e-02
3.069299831986427307e-02
4.168746992945671082e-02
4.194576293230056763e-02
1.462606638669967651e-01
5.463167326524853706e-04
2.821865081787109375e-01
5.067241191864013672e-01
1.340165578511687272e-08
4.724026947400261633e-09
5.695807933807373047e-02
4.695240780711174011e-02
2.697035297751426697e-02
1.628491729497909546e-01
3.845742437988519669e-03
2.238337323069572449e-02
3.551992774009704590e-02
3.264595195651054382e-02
5.013917759060859680e-02
1.083013638854026794e-01
9.893168695271015167e-03
2.291715517640113831e-02
9.728838689625263214e-03
2.224545180797576904e-02
2.272926084697246552e-02
3.299501910805702209e-02
7.644458673894405365e-04
4.198123514652252197e-01
5.434416532516479492e-01
1.340165578511687272e-08
4.724026947400261633e-09
6.862491369247436523e-02
4.639478400349617004e-02
2.700477279722690582e-02
4.308226332068443298e-02
3.586540231481194496e-03
1.620928384363651276e-02
1.698730699717998505e-02
1.687346398830413818e-02
3.535639494657516479e-02
7.144516706466674805e-02
3.278480377048254013e-03
1.684706285595893860e-02
3.793639363721013069e-03
1.739848777651786804e-02
1.797115802764892578e-02
1.650334149599075317e-02
7.906447863206267357e-04
4.277829229831695557e-01
6.114876866340637207e-01
1.340165578511687272e-08
4.724026947400261633e-09
7.962038367986679077e-02
5.677531287074089050e-02
2.934899553656578064e-02
3.012506477534770966e-02
3.116894979029893875e-03
8.114407770335674286e-03
1.135038863867521286e-02
1.068686041980981827e-02
3.124715015292167664e-02
4.635620117187500000e-02
3.205742919817566872e-03
1.353123039007186890e-02
3.600075840950012207e-03
1.191676780581474304e-02
1.310842670500278473e-02
1.533746253699064255e-02
9.100284660235047340e-04
5.137162804603576660e-01
6.660087108612060547e-01
1.340165578511687272e-08
4.724026947400261633e-09
6.280636787414550781e-02
5.020871758460998535e-02
3.120563179254531860e-02
1.770356670022010803e-02
3.241488942876458168e-03
5.150336772203445435e-03
1.051812991499900818e-02
1.209432445466518402e-02
4.060893505811691284e-02
3.772129490971565247e-02
3.391133155673742294e-03
1.340440381318330765e-02
4.186983685940504074e-03
1.239586062729358673e-02
1.333137042820453644e-02
1.552489213645458221e-02
7.266585598699748516e-04
4.387875497341156006e-01
7.169817686080932617e-01
1.340165578511687272e-08
4.724026947400261633e-09
7.268937677145004272e-02
5.844791233539581299e-02
3.427444770932197571e-02
2.200882136821746826e-02
3.236657474189996719e-03
3.414431586861610413e-03
1.689436472952365875e-02
1.516050379723310471e-02
4.172945395112037659e-02
5.564071983098983765e-02
3.403732785955071449e-03
1.866536401212215424e-02
4.756864160299301147e-03
1.858969964087009430e-02
1.817153953015804291e-02
2.051172405481338501e-02
7.488876581192016602e-04
4.883687198162078857e-01
7.648038268089294434e-01
1.340165578511687272e-08
4.724026947400261633e-09
6.891770660877227783e-02
5.319222807884216309e-02
2.712451294064521790e-02
3.322657570242881775e-02
3.200352890416979790e-03
3.151548095047473907e-03
1.921229436993598938e-02
2.311089634895324707e-02
3.531723096966743469e-02
6.807010620832443237e-02
4.640774335712194443e-03
1.541052013635635376e-02
6.544976495206356049e-03
1.540164276957511902e-02
1.678336597979068756e-02
2.600474655628204346e-02
6.479785079136490822e-04
4.809339046478271484e-01
7.959648966789245605e-01
1.340165578511687272e-08
4.724026947400261633e-09
7.088267803192138672e-02
6.203481182456016541e-02
2.306733466684818268e-02
2.302590571343898773e-02
3.830685513094067574e-03
2.525529591366648674e-03
1.721333339810371399e-02
1.614334806799888611e-02
4.263707995414733887e-02
7.716397196054458618e-02
4.673207644373178482e-03
1.790752261877059937e-02
6.320552434772253036e-03
1.675480790436267853e-02
1.654570177197456360e-02
2.957674488425254822e-02
7.223240681923925877e-04
3.900413513183593750e-01
8.204999566078186035e-01
1.340165578511687272e-08
4.724026947400261633e-09
7.339777797460556030e-02
5.631492286920547485e-02
3.786796331405639648e-02
2.904395759105682373e-02
3.703695023432374001e-03
3.121777903288602829e-03
1.670422777533531189e-02
1.663771644234657288e-02
4.737535491585731506e-02
1.020671650767326355e-01
4.053523298352956772e-03
2.146037667989730835e-02
4.899424966424703598e-03
2.182103134691715240e-02
2.251871488988399506e-02
3.232581913471221924e-02
9.660403011366724968e-04
5.259331464767456055e-01
8.484612703323364258e-01
1.340165578511687272e-08
4.724026947400261633e-09
9.407991915941238403e-02
9.707294404506683350e-02
2.650633268058300018e-02
4.171639308333396912e-02
3.379224566742777824e-03
7.984928786754608154e-03
2.042792178690433502e-02
1.977903954684734344e-02
3.168470039963722229e-02
1.148465499281883240e-01
5.474579054862260818e-03
1.510025653988122940e-02
5.388414021581411362e-03
2.178392931818962097e-02
2.198842354118824005e-02
3.407612070441246033e-02
9.881389560177922249e-04
6.597999334335327148e-01
8.616598844528198242e-01
1.340165578511687272e-08
4.724026947400261633e-09
1.074493974447250366e-01
9.192407131195068359e-02
3.496740385890007019e-02
2.720351517200469971e-02
3.672247054055333138e-03
1.157817151397466660e-02
7.274629920721054077e-02
6.489299237728118896e-02
3.998959809541702271e-02
1.454123407602310181e-01
1.136798132210969925e-02
1.759697683155536652e-02
7.435652427375316620e-03
1.410700846463441849e-02
1.458528824150562286e-02
9.543886780738830566e-02
9.086942882277071476e-04
7.911574244499206543e-01
8.253145813941955566e-01
1.340165578511687272e-08
4.724026947400261633e-09
1.399817168712615967e-01
1.115231961011886597e-01
6.815560907125473022e-02
2.397700399160385132e-02
4.635787568986415863e-03
1.035207044333219528e-02
1.703793182969093323e-02
2.210889756679534912e-02
8.969276398420333862e-02
2.051684558391571045e-01
6.331400480121374130e-03
4.140944778919219971e-02
1.381924189627170563e-02
3.349740058183670044e-02
3.538228943943977356e-02
2.939693443477153778e-02
1.129684969782829285e-03
7.535461187362670898e-01
8.962247967720031738e-01
1.340165578511687272e-08
4.724026947400261633e-09
1.787321865558624268e-01
1.232457384467124939e-01
8.287857472896575928e-02
2.921078540384769440e-02
3.612804226577281952e-03
7.128936238586902618e-03
2.177089266479015350e-02
2.208075113594532013e-02
7.039505243301391602e-02
1.916869729757308960e-01
6.969234906136989594e-03
3.214751556515693665e-02
1.279608719050884247e-02
2.738896943628787994e-02
2.734603174030780792e-02
4.326336085796356201e-02
8.739520562812685966e-04
4.840340018272399902e-01
9.950430989265441895e-01
1.340165578511687272e-08
4.724026947400261633e-09
1.538583934307098389e-01
1.117377504706382751e-01
8.874407410621643066e-02
2.699058316648006439e-02
3.320964984595775604e-03
9.446938522160053253e-03
4.034425318241119385e-02
3.934424370527267456e-02
5.967333167791366577e-02
1.472792625427246094e-01
1.265424769371747971e-02
3.887475654482841492e-02
1.845577545464038849e-02
4.002339020371437073e-02
4.024485871195793152e-02
5.540941283106803894e-02
7.545550470240414143e-04
3.208627402782440186e-01
1.032555103302001953e+00
1.340165578511687272e-08
4.724026947400261633e-09
9.577948600053787231e-02
6.968393921852111816e-02
4.192538931965827942e-02
3.400328755378723145e-02
3.336399327963590622e-03
8.294878527522087097e-03
4.429506510496139526e-02
3.352432698011398315e-02
7.047946751117706299e-02
9.552526473999023438e-02
1.274537201970815659e-02
3.797906264662742615e-02
2.009337022900581360e-02
4.770920425653457642e-02
5.250745639204978943e-02
4.002764821052551270e-02
5.264988285489380360e-04
2.233645319938659668e-01
1.080895423889160156e+00
1.340165578511687272e-08
4.724026947400261633e-09
2.591130323708057404e-02
2.334572374820709229e-02
1.730856113135814667e-02
5.765635520219802856e-02
2.865169430151581764e-03
1.092780567705631256e-02
4.470379278063774109e-02
4.410208016633987427e-02
1.308071762323379517e-01
8.981445431709289551e-02
1.226791553199291229e-02
7.937147468328475952e-02
8.495692163705825806e-03
6.071754917502403259e-02
6.145106628537178040e-02
3.491454571485519409e-02
3.175793972332030535e-04
2.465099543333053589e-01
1.173983097076416016e+00
1.340165578511687272e-08
4.724026947400261633e-09
5.478514358401298523e-02
5.248214676976203918e-02
4.080950096249580383e-02
6.994587928056716919e-02
2.424445468932390213e-03
2.333185449242591858e-02
5.790302157402038574e-02
6.218675151467323303e-02
9.320054948329925537e-02
8.400632441043853760e-02
1.411391049623489380e-02
4.165200516581535339e-02
7.997276261448860168e-03
3.785233944654464722e-02
3.717530891299247742e-02
4.165636375546455383e-02
4.745498299598693848e-04
3.177784383296966553e-01
1.139045238494873047e+00
1.340165578511687272e-08
4.724026947400261633e-09
5.897729098796844482e-02
5.941615626215934753e-02
4.251078516244888306e-02
5.651875212788581848e-02
2.007812727242708206e-03
1.387892011553049088e-02
4.451664164662361145e-02
4.439437389373779297e-02
2.898390032351016998e-02
1.269562840461730957e-01
1.384653057903051376e-02
1.867562346160411835e-02
1.112576201558113098e-02
1.613990962505340576e-02
1.616833359003067017e-02
4.580279812216758728e-02
4.781393217854201794e-04
3.265975415706634521e-01
1.156722307205200195e+00
1.340165578511687272e-08
4.724026947400261633e-09
3.191452845931053162e-02
2.900228090584278107e-02
1.884518377482891083e-02
6.374610960483551025e-02
2.410043962299823761e-03
1.489094644784927368e-02
3.281705453991889954e-02
3.420938178896903992e-02
2.735048159956932068e-02
1.223136708140373230e-01
1.042582280933856964e-02
1.533003058284521103e-02
1.031868625432252884e-02
1.410527061671018600e-02
1.318961381912231445e-02
4.840861633419990540e-02
4.020612686872482300e-04
2.834053039550781250e-01
1.234727859497070312e+00
1.340165578511687272e-08
4.724026947400261633e-09
5.062173679471015930e-02
3.318862617015838623e-02
5.526679009199142456e-02
5.520239472389221191e-02
2.405127510428428650e-03
1.560059189796447754e-02
2.296688407659530640e-02
2.365465275943279266e-02
3.078911453485488892e-02
8.101364225149154663e-02
7.398830261081457138e-03
1.239360496401786804e-02
7.328545674681663513e-03
1.084595825523138046e-02
1.213952712714672089e-02
2.996383979916572571e-02
3.368469187989830971e-04
2.608615159988403320e-01
1.276557683944702148e+00
1.340165578511687272e-08
4.724026947400261633e-09
4.426930099725723267e-02
4.062952473759651184e-02
1.914073713123798370e-02
4.695027321577072144e-02
1.763368840329349041e-03
1.714046485722064972e-02
3.000356443226337433e-02
2.959887497127056122e-02
5.279505997896194458e-02
8.801263570785522461e-02
7.615539245307445526e-03
2.221744880080223083e-02
6.011074408888816833e-03
2.350266836583614349e-02
2.189598046243190765e-02
3.531427681446075439e-02
3.742928674910217524e-04
2.763662934303283691e-01
1.176256060600280762e+00
1.340165578511687272e-08
4.724026947400261633e-09
3.701510652899742126e-02
3.800705447793006897e-02
2.453069388866424561e-02
4.923488944768905640e-02
1.921917544677853584e-03
2.077742666006088257e-02
6.276512145996093750e-02
5.608293414115905762e-02
6.372960656881332397e-02
9.354110062122344971e-02
9.839620441198348999e-03
3.399883210659027100e-02
7.450314704328775406e-03
4.000800475478172302e-02
3.138635680079460144e-02
3.386952728033065796e-02
3.800715494435280561e-04
2.988958358764648438e-01
1.175880670547485352e+00
1.340165578511687272e-08
4.724026947400261633e-09
3.554961830377578735e-02
3.602992743253707886e-02
2.092480286955833435e-02
5.469851195812225342e-02
2.040393184870481491e-03
2.318909391760826111e-02
5.661987140774726868e-02
6.552975624799728394e-02
8.636786043643951416e-02
9.430731832981109619e-02
1.339323166757822037e-02
5.806135386228561401e-02
7.549186702817678452e-03
6.139758229255676270e-02
5.668600276112556458e-02
6.572359055280685425e-02
3.046932688448578119e-04
2.878765165805816650e-01
1.213299751281738281e+00
1.340165578511687272e-08
4.724026947400261633e-09
2.813890948891639709e-02
2.861861884593963623e-02
1.922981441020965576e-02
7.638563960790634155e-02
2.078828634694218636e-03
2.439326606690883636e-02
7.047613710165023804e-02
5.930328369140625000e-02
2.582233548164367676e-01
1.282042413949966431e-01
2.017989382147789001e-02
1.440310776233673096e-01
9.174104779958724976e-03
1.541390866041183472e-01
1.548635214567184448e-01
7.792015373706817627e-02
3.128510725218802691e-04
2.737928032875061035e-01
1.176691532135009766e+00
1.340165578511687272e-08
4.724026947400261633e-09
2.474382892251014709e-02
2.306762710213661194e-02
1.694412156939506531e-02
6.492468714714050293e-02
2.154452726244926453e-03
2.615649439394474030e-02
3.698795288801193237e-02
4.813636466860771179e-02
2.484745532274246216e-01
1.407230198383331299e-01
1.226502936333417892e-02
1.064847558736801147e-01
8.904590271413326263e-03
1.126842051744461060e-01
1.139078512787818909e-01
7.606493681669235229e-02
2.847104624379426241e-04
2.806963622570037842e-01
1.329962611198425293e+00
1.340165578511687272e-08
4.724026947400261633e-09
2.321719564497470856e-02
2.081935293972492218e-02
1.501407194882631302e-02
5.501127243041992188e-02
2.379297511652112007e-03
3.161851689219474792e-02
3.087470680475234985e-02
3.774037584662437439e-02
1.865060627460479736e-01
1.617954224348068237e-01
9.268634021282196045e-03
7.874566316604614258e-02
9.887854568660259247e-03
8.741231262683868408e-02
8.138607442378997803e-02
5.863510817289352417e-02
2.927179739344865084e-04
2.682841122150421143e-01
1.227974891662597656e+00
1.340165578511687272e-08
4.724026947400261633e-09
2.431601658463478088e-02
2.254972793161869049e-02
1.551423221826553345e-02
4.693797603249549866e-02
2.015257487073540688e-03
3.287154436111450195e-02
4.327736049890518188e-02
3.583925217390060425e-02
1.543052345514297485e-01
1.762161701917648315e-01
1.210996694862842560e-02
9.591452032327651978e-02
1.147916633635759354e-02
8.201541006565093994e-02
8.073697239160537720e-02
7.325755804777145386e-02
2.557886764407157898e-04
2.897767126560211182e-01
1.199380636215209961e+00
1.340165578511687272e-08
4.724026947400261633e-09
2.414494752883911133e-02
2.331769838929176331e-02
1.474233157932758331e-02
5.651655793190002441e-02
2.104951068758964539e-03
3.830259293317794800e-02
2.330175600945949554e-02
2.881840616464614868e-02
3.336920589208602905e-02
1.937095820903778076e-01
6.463231053203344345e-03
1.728245615959167480e-02
1.146287471055984497e-02
2.382066473364830017e-02
3.168024495244026184e-02
4.405168071389198303e-02
2.733901783358305693e-04
3.390250802040100098e-01
1.227564930915832520e+00
1.340165578511687272e-08
4.724026947400261633e-09
2.408870682120323181e-02
2.371162548661231995e-02
2.018049173057079315e-02
5.454071983695030212e-02
2.213597763329744339e-03
3.838577866554260254e-02
3.263067081570625305e-02
2.982490882277488708e-02
3.624570369720458984e-02
2.146044075489044189e-01
7.736827712506055832e-03
1.555964909493923187e-02
1.187257654964923859e-02
1.873756386339664459e-02
1.699156500399112701e-02
3.380922973155975342e-02
3.506855573505163193e-04
3.004299700260162354e-01
1.195159316062927246e+00
1.340165578511687272e-08
4.724026947400261633e-09
2.436581626534461975e-02
2.187356911599636078e-02
1.861115358769893646e-02
5.512153357267379761e-02
2.233027946203947067e-03
4.016051813960075378e-02
3.129637986421585083e-02
3.235831111669540405e-02
4.087452217936515808e-02
2.505945265293121338e-01
8.516321890056133270e-03
2.405659854412078857e-02
1.412724982947111130e-02
2.247908897697925568e-02
2.233360148966312408e-02
3.863498568534851074e-02
2.491699415259063244e-04
2.606059312820434570e-01
1.216644763946533203e+00
1.340165578511687272e-08
4.724026947400261633e-09
2.544866874814033508e-02
2.261350490152835846e-02
1.593371108174324036e-02
6.095142662525177002e-02
2.197875874117016792e-03
4.046123847365379333e-02
3.935883194208145142e-02
4.146143421530723572e-02
3.579287976026535034e-02
2.521371543407440186e-01
9.682731702923774719e-03
1.403333991765975952e-02
1.430802140384912491e-02
1.240932475775480270e-02
1.220645755529403687e-02
3.777164593338966370e-02
2.407069696346297860e-04
2.403732538223266602e-01
1.256130695343017578e+00
1.340165578511687272e-08
4.724026947400261633e-09
2.794044651091098785e-02
2.762894891202449799e-02
1.795895025134086609e-02
9.017467498779296875e-02
2.278842031955718994e-03
4.571352899074554443e-02
4.454834386706352234e-02
4.207608848810195923e-02
2.886935137212276459e-02
3.267312943935394287e-01
1.079845055937767029e-02
1.346236933022737503e-02
1.573607698082923889e-02
1.168317254632711411e-02
1.178549695760011673e-02
4.622877761721611023e-02
2.424220729153603315e-04
2.294714301824569702e-01
1.256480813026428223e+00
1.340165578511687272e-08
4.724026947400261633e-09
2.976547554135322571e-02
2.587037906050682068e-02
2.014459669589996338e-02
8.070319145917892456e-02
2.377984812483191490e-03
4.723327234387397766e-02
4.519356042146682739e-02
4.310260340571403503e-02
2.732972614467144012e-02
3.367820382118225098e-01
1.077421288937330246e-02
1.136704441159963608e-02
1.746501401066780090e-02
1.103642024099826813e-02
1.196650695055723190e-02
5.396266281604766846e-02
2.460581308696419001e-04
2.341800034046173096e-01
1.438502907752990723e+00
1.340165578511687272e-08
4.724026947400261633e-09
4.235325008630752563e-02
3.737100958824157715e-02
2.565428242087364197e-02
7.633541524410247803e-02
2.345658140257000923e-03
5.407136306166648865e-02
5.219025909900665283e-02
4.608900099992752075e-02
3.505233302712440491e-02
3.385976254940032959e-01
1.154375821352005005e-02
1.223782263696193695e-02
1.668881997466087341e-02
1.068108342587947845e-02
1.070460863411426544e-02
4.975674301385879517e-02
2.474060456734150648e-04
2.162801623344421387e-01
1.457413673400878906e+00
1.340165578511687272e-08
4.724026947400261633e-09
4.803212359547615051e-02
4.420291259884834290e-02
4.017594456672668457e-02
9.013379365205764771e-02
2.320441883057355881e-03
5.389186739921569824e-02
4.708016663789749146e-02
4.342625290155410767e-02
3.548245877027511597e-02
2.662842273712158203e-01
1.149772293865680695e-02
1.349621172994375229e-02
1.621751487255096436e-02
1.196333765983581543e-02
1.207944285124540329e-02
5.295801907777786255e-02
2.498620597179979086e-04
2.078771293163299561e-01
1.507106781005859375e+00
1.340165578511687272e-08
4.724026947400261633e-09
6.454530358314514160e-02
4.714480042457580566e-02
3.441674262285232544e-02
8.236180245876312256e-02
2.382691018283367157e-03
6.406279653310775757e-02
4.029234126210212708e-02
4.090088233351707458e-02
3.631823137402534485e-02
2.766340672969818115e-01
1.035786047577857971e-02
1.502137258648872375e-02
1.692669652402400970e-02
1.380461268126964569e-02
1.324049755930900574e-02
4.336068779230117798e-02
2.582487068139016628e-04
2.382766455411911011e-01
1.575495719909667969e+00
1.340165578511687272e-08
4.724026947400261633e-09
3.073704242706298828e-02
2.741248346865177155e-02
2.081237733364105225e-02
6.767047941684722900e-02
2.182566793635487556e-03
7.733828574419021606e-02
3.457440808415412903e-02
4.651471599936485291e-02
3.496234863996505737e-02
2.613641023635864258e-01
1.053616963326931000e-02
1.489952951669692993e-02
1.526679191738367081e-02
1.140799280256032944e-02
1.368393655866384506e-02
5.286455154418945312e-02
2.670045359991490841e-04
2.240231186151504517e-01
1.604537606239318848e+00
1.340165578511687272e-08
4.724026947400261633e-09
2.953493595123291016e-02
2.596255205571651459e-02
1.961649022996425629e-02
8.610387146472930908e-02
2.167030936107039452e-03
8.516691625118255615e-02
3.174673393368721008e-02
3.011333383619785309e-02
4.974926263093948364e-02
2.914344370365142822e-01
8.188960142433643341e-03
1.878935098648071289e-02
1.651129499077796936e-02
1.802393049001693726e-02
1.813159324228763580e-02
5.965317413210868835e-02
2.859340165741741657e-04
2.435517609119415283e-01
1.510375618934631348e+00
1.340165578511687272e-08
4.724026947400261633e-09
2.693305909633636475e-02
2.419226802885532379e-02
1.632548309862613678e-02
7.606827467679977417e-02
2.282226691022515297e-03
9.509414434432983398e-02
2.978020906448364258e-02
2.819247543811798096e-02
4.982639476656913757e-02
3.359726071357727051e-01
8.253396488726139069e-03
1.949761621654033661e-02
1.847386546432971954e-02
2.618551626801490784e-02
2.465273067355155945e-02
4.602378979325294495e-02
2.989786153193563223e-04
2.451117336750030518e-01
1.647214651107788086e+00
1.340165578511687272e-08
4.724026947400261633e-09
3.471162542700767517e-02
3.101743943989276886e-02
2.183509431779384613e-02
6.610813736915588379e-02
2.485790522769093513e-03
9.288006275892257690e-02
4.838125035166740417e-02
5.493807792663574219e-02
9.459239989519119263e-02
3.755442798137664795e-01
1.001365110278129578e-02
4.079239815473556519e-02
2.027596160769462585e-02
3.651721030473709106e-02
3.610922396183013916e-02
5.806405842304229736e-02
3.043866308871656656e-04
2.570386230945587158e-01
1.678750157356262207e+00
1.340165578511687272e-08
4.724026947400261633e-09
5.334647372364997864e-02
5.191814899444580078e-02
3.599333390593528748e-02
5.739245936274528503e-02
2.598398830741643906e-03
9.552662819623947144e-02
2.819401957094669342e-02
2.693615108728408813e-02
9.548787027597427368e-02
4.389561116695404053e-01
7.851211354136466980e-03
4.463853314518928528e-02
2.284980379045009613e-02
4.253576323390007019e-02
5.334993079304695129e-02
4.120527580380439758e-02
3.006986516993492842e-04
2.606452107429504395e-01
1.762446284294128418e+00
1.340165578511687272e-08
4.724026947400261633e-09
5.524009093642234802e-02
5.439309775829315186e-02
3.750285506248474121e-02
6.754563003778457642e-02
3.021137090399861336e-03
9.824036061763763428e-02
3.401729092001914978e-02
3.940626606345176697e-02
1.786610633134841919e-01
5.161726474761962891e-01
8.584626019001007080e-03
5.184242129325866699e-02
2.499766647815704346e-02
5.409983173012733459e-02
5.986544117331504822e-02
4.446911066770553589e-02
2.993280650116503239e-04
2.736546993255615234e-01
1.632910966873168945e+00
1.340165578511687272e-08
4.724026947400261633e-09
3.990881890058517456e-02
3.642769530415534973e-02
2.420916408300399780e-02
7.375550270080566406e-02
3.376945387572050095e-03
1.007878780364990234e-01
2.661690860986709595e-02
2.726488932967185974e-02
1.661923676729202271e-01
5.179070234298706055e-01
6.830577272921800613e-03
5.100388824939727783e-02
2.769809029996395111e-02
4.999973252415657043e-02
5.052826553583145142e-02
3.700089454650878906e-02
2.932914940174669027e-04
2.290202379226684570e-01
1.790104627609252930e+00
1.340165578511687272e-08
4.724026947400261633e-09
2.856671810150146484e-02
2.643701247870922089e-02
1.751112006604671478e-02
7.332820445299148560e-02
3.766849171370267868e-03
1.125855222344398499e-01
2.480079792439937592e-02
2.287923172116279602e-02
1.173128038644790649e-01
5.187537670135498047e-01
5.905110854655504227e-03
5.395001545548439026e-02
2.776860073208808899e-02
4.815609753131866455e-02
4.263110086321830750e-02
2.905832044780254364e-02
3.100310277659446001e-04
2.366023361682891846e-01
1.568001508712768555e+00
1.340165578511687272e-08
4.724026947400261633e-09
2.210867963731288910e-02
2.067385427653789520e-02
1.428516395390033722e-02
5.377669632434844971e-02
3.223818726837635040e-03
1.197382733225822449e-01
2.255413308739662170e-02
2.278887294232845306e-02
1.345965862274169922e-01
4.666951596736907959e-01
5.865416023880243301e-03
5.040718987584114075e-02
2.980066835880279541e-02
5.063663050532341003e-02
5.373401939868927002e-02
3.427323326468467712e-02
3.264894767198711634e-04
2.690232694149017334e-01
1.539190888404846191e+00
1.340165578511687272e-08
4.724026947400261633e-09
2.450780011713504791e-02
2.866656519472599030e-02
1.707596145570278168e-02
5.476566776633262634e-02
3.123751608654856682e-03
1.371998786926269531e-01
5.521272495388984680e-02
7.065884768962860107e-02
1.996140927076339722e-01
4.316993951797485352e-01
1.268112845718860626e-02
8.473524451255798340e-02
2.214822918176651001e-02
8.727730810642242432e-02
8.798714727163314819e-02
1.278254836797714233e-01
3.212221199646592140e-04
2.281070500612258911e-01
1.560613036155700684e+00
1.340165578511687272e-08
4.724026947400261633e-09
1.745899915695190430e-01
1.533043384552001953e-01
1.272042989730834961e-01
7.126996666193008423e-02
3.938449081033468246e-03
1.635427623987197876e-01
1.388041675090789795e-01
1.247472539544105530e-01
1.433171480894088745e-01
5.206449031829833984e-01
2.892690524458885193e-02
7.994192838668823242e-02
2.628118731081485748e-02
6.676937639713287354e-02
6.772194802761077881e-02
2.197812199592590332e-01
3.212025621905922890e-04
2.775473296642303467e-01
1.576492309570312500e+00
1.340165578511687272e-08
4.724026947400261633e-09
1.438449025154113770e-01
1.381428390741348267e-01
1.029135957360267639e-01
1.748244464397430420e-01
3.459327388554811478e-03
1.660347878932952881e-01
9.071728587150573730e-02
7.091730833053588867e-02
1.885118484497070312e-01
3.812821805477142334e-01
2.387965843081474304e-02
6.073637679219245911e-02
2.565689012408256531e-02
9.614058583974838257e-02
9.531688690185546875e-02
1.828572154045104980e-01
3.309614548925310373e-04
2.927384972572326660e-01
1.521319746971130371e+00
1.340165578511687272e-08
4.724026947400261633e-09
1.108141168951988220e-01
8.741313964128494263e-02
6.620484590530395508e-02
2.554907202720642090e-01
4.033117555081844330e-03
1.964159756898880005e-01
3.909348696470260620e-02
4.970572143793106079e-02
1.454365849494934082e-01
3.654316365718841553e-01
1.069392729550600052e-02
5.758470669388771057e-02
2.295762486755847931e-02
6.139126420021057129e-02
6.166804581880569458e-02
7.351127266883850098e-02
3.149341500829905272e-04
2.678520977497100830e-01
1.618526697158813477e+00
1.340165578511687272e-08
4.724026947400261633e-09
6.032463535666465759e-02
4.648948460817337036e-02
2.958489954471588135e-02
1.563042700290679932e-01
3.439135849475860596e-03
1.679584085941314697e-01
3.049790859222412109e-02
2.422378957271575928e-02
1.156563535332679749e-01
3.984272480010986328e-01
6.260495632886886597e-03
4.543436318635940552e-02
2.300782129168510437e-02
4.693996906280517578e-02
4.587917029857635498e-02
5.206411331892013550e-02
3.247608838137239218e-04
3.132039010524749756e-01
1.555777788162231445e+00
1.340165578511687272e-08
4.724026947400261633e-09
3.738576173782348633e-02
3.384881839156150818e-02
2.508258260786533356e-02
7.284338027238845825e-02
3.092755097895860672e-03
1.399001777172088623e-01
2.591541036963462830e-02
2.613802999258041382e-02
1.053657680749893188e-01
3.597253262996673584e-01
6.170076318085193634e-03
3.750028461217880249e-02
2.368417568504810333e-02
3.496580570936203003e-02
3.605221211910247803e-02
4.807858914136886597e-02
3.259004442952573299e-04
3.363997638225555420e-01
1.552437782287597656e+00
1.340165578511687272e-08
4.724026947400261633e-09
6.660730391740798950e-02
4.831629246473312378e-02
3.039958886802196503e-02
5.540505051612854004e-02
2.965688239783048630e-03
1.503388732671737671e-01
3.186733275651931763e-02
2.636349759995937347e-02
7.287716865539550781e-02
3.483161628246307373e-01
7.544964551925659180e-03
3.147033229470252991e-02
2.843094430863857269e-02
3.217112645506858826e-02
3.234433382749557495e-02
3.338081017136573792e-02
3.306305443402379751e-04
3.225322961807250977e-01
1.415996193885803223e+00
1.340165578511687272e-08
4.724026947400261633e-09
4.585384204983711243e-02
4.836450144648551941e-02
3.765618428587913513e-02
5.270559340715408325e-02
5.374065600335597992e-03
1.633799076080322266e-01
2.660829201340675354e-02
2.052325941622257233e-02
4.856418445706367493e-02
5.777529478073120117e-01
6.869331933557987213e-03
1.767441816627979279e-02
2.804910577833652496e-02
2.005584910511970520e-02
1.833362132310867310e-02
2.677064761519432068e-02
3.375025989953428507e-04
3.007987439632415771e-01
1.407235145568847656e+00
1.340165578511687272e-08
4.724026947400261633e-09
5.563044548034667969e-02
3.310038894414901733e-02
2.956907451152801514e-02
5.447008088231086731e-02
5.273872055113315582e-03
1.424784958362579346e-01
2.673763968050479889e-02
2.326430007815361023e-02
5.878952145576477051e-02
4.485847949981689453e-01
6.297562271356582642e-03
2.274228818714618683e-02
2.877084352076053619e-02
1.769561693072319031e-02
1.608602143824100494e-02
3.265030682086944580e-02
3.460642474237829447e-04
3.336166143417358398e-01
1.468073725700378418e+00
1.340165578511687272e-08
4.724026947400261633e-09
4.432802647352218628e-02
3.843171149492263794e-02
3.013208881020545959e-02
5.463607609272003174e-02
5.297438707202672958e-03
1.795536726713180542e-01
2.093808352947235107e-02
2.748844772577285767e-02
7.616050541400909424e-02
6.105636358261108398e-01
5.126868840306997299e-03
2.646957151591777802e-02
2.656234800815582275e-02
2.896133996546268463e-02
2.922674641013145447e-02
4.327204450964927673e-02
3.478529397398233414e-04
3.100717365741729736e-01
1.463495731353759766e+00
1.340165578511687272e-08
4.724026947400261633e-09
5.437517166137695312e-02
4.756842181086540222e-02
1.360884495079517365e-02
6.021724268794059753e-02
6.684513296931982040e-03
1.842355281114578247e-01
2.183328568935394287e-02
3.052072785794734955e-02
8.168682456016540527e-02
5.725725889205932617e-01
5.918771494179964066e-03
2.474929019808769226e-02
2.996654808521270752e-02
2.971343137323856354e-02
3.024305589497089386e-02
4.358418658375740051e-02
3.585941449273377657e-04
3.821788430213928223e-01
1.480129480361938477e+00
1.340165578511687272e-08
4.724026947400261633e-09
4.715490713715553284e-02
4.739356040954589844e-02
1.638302579522132874e-02
5.967314913868904114e-02
7.117015309631824493e-03
1.803231835365295410e-01
3.068669326603412628e-02
2.623387426137924194e-02
6.104277819395065308e-02
6.803880929946899414e-01
6.387782748788595200e-03
2.518165111541748047e-02
2.888903208076953888e-02
2.392456121742725372e-02
2.618183754384517670e-02
5.075128749012947083e-02
3.695635241456329823e-04
3.486062586307525635e-01
1.550686597824096680e+00
1.340165578511687272e-08
4.724026947400261633e-09
4.321631789207458496e-02
3.979208320379257202e-02
1.478916686028242111e-02
6.044479832053184509e-02
8.200456388294696808e-03
2.048731148242950439e-01
2.506531961262226105e-02
2.253591641783714294e-02
5.276781693100929260e-02
6.216484904289245605e-01
5.876161158084869385e-03
2.127800695598125458e-02
3.570656105875968933e-02
2.223917469382286072e-02
2.252787724137306213e-02
5.188268795609474182e-02
3.649986465461552143e-04
3.129705190658569336e-01
1.327471613883972168e+00
1.340165578511687272e-08
4.724026947400261633e-09
4.551693424582481384e-02
4.899651557207107544e-02
2.080547437071800232e-02
7.409327477216720581e-02
8.392111398279666901e-03
1.780537664890289307e-01
2.878925018012523651e-02
2.976070158183574677e-02
5.753571540117263794e-02
5.905162692070007324e-01
9.273447096347808838e-03
2.669499814510345459e-02
3.274355083703994751e-02
2.592549659311771393e-02
2.733298763632774353e-02
4.698839411139488220e-02
3.718913067132234573e-04
3.210242986679077148e-01
1.359024047851562500e+00
1.340165578511687272e-08
4.724026947400261633e-09
9.179929643869400024e-02
8.731728792190551758e-02
2.997293882071971893e-02
6.498801708221435547e-02
5.397658329457044601e-03
1.765186935663223267e-01
3.497094288468360901e-02
2.911312878131866455e-02
7.641439884901046753e-02
5.039501190185546875e-01
7.510088849812746048e-03
2.473273128271102905e-02
3.606868535280227661e-02
2.495688758790493011e-02
2.536392770707607269e-02
7.594617456197738647e-02
3.571989363990724087e-04
3.110749721527099609e-01
1.181028723716735840e+00
1.340165578511687272e-08
4.724026947400261633e-09
9.434788674116134644e-02
7.467135787010192871e-02
5.849519744515419006e-02
5.542904511094093323e-02
4.636572208255529404e-03
2.062972784042358398e-01
4.154399782419204712e-02
3.045529499650001526e-02
6.864529103040695190e-02
5.229336619377136230e-01
9.212811477482318878e-03
2.804866805672645569e-02
3.111549280583858490e-02
3.401441872119903564e-02
3.117057867348194122e-02
8.388283848762512207e-02
3.966377407778054476e-04
3.527015149593353271e-01
1.152048587799072266e+00
1.340165578511687272e-08
4.724026947400261633e-09
1.040067896246910095e-01
9.017167240381240845e-02
1.085096746683120728e-01
4.801870509982109070e-02
5.006205290555953979e-03
2.169584929943084717e-01
3.762882202863693237e-02
3.733818978071212769e-02
7.676364481449127197e-02
6.004563570022583008e-01
8.952439762651920319e-03
2.445450238883495331e-02
2.820789255201816559e-02
2.854882739484310150e-02
2.867480926215648651e-02
8.523282408714294434e-02
4.295540566090494394e-04
3.861154913902282715e-01
1.180190086364746094e+00
1.340165578511687272e-08
4.724026947400261633e-09
7.149934768676757812e-02
5.895319581031799316e-02
3.264752775430679321e-02
5.598492920398712158e-02
6.333690136671066284e-03
1.801724731922149658e-01
2.863745763897895813e-02
3.452235832810401917e-02
6.876089423894882202e-02
6.216527819633483887e-01
7.181980181485414505e-03
3.022912517189979553e-02
3.333897143602371216e-02
3.331268578767776489e-02
3.305680677294731140e-02
4.092914238572120667e-02
4.050387942697852850e-04
3.597294092178344727e-01
1.138535141944885254e+00
1.340165578511687272e-08
4.724026947400261633e-09
4.098511114716529846e-02
3.423528373241424561e-02
1.802319101989269257e-02
2.773896232247352600e-02
9.047590196132659912e-03
1.662262976169586182e-01
2.120990119874477386e-02
1.984969340264797211e-02
7.382799685001373291e-02
7.139055132865905762e-01
5.269893445074558258e-03
2.428261190652847290e-02
3.605912253260612488e-02
2.767901122570037842e-02
2.505209669470787048e-02
3.874425217509269714e-02
4.138994554523378611e-04
3.965840935707092285e-01
1.225949287414550781e+00
1.340165578511687272e-08
4.724026947400261633e-09
9.384265542030334473e-02
7.984608411788940430e-02
4.842628166079521179e-02
2.700090780854225159e-02
7.465986069291830063e-03
1.034455671906471252e-01
2.291604503989219666e-02
1.619714125990867615e-02
7.416834682226181030e-02
8.757687807083129883e-01
4.550806246697902679e-03
2.650207839906215668e-02
4.881723597645759583e-02
3.449683636426925659e-02
2.945194952189922333e-02
1.685382612049579620e-02
4.755170666612684727e-04
4.528264403343200684e-01
1.113591194152832031e+00
1.340165578511687272e-08
4.724026947400261633e-09
1.058515608310699463e-01
9.353407472372055054e-02
5.518532916903495789e-02
3.187071532011032104e-02
8.054294623434543610e-03
6.928964704275131226e-02
3.277229145169258118e-02
2.044500596821308136e-02
1.331037431955337524e-01
1.113286852836608887e+00
6.034211255609989166e-03
4.124019667506217957e-02
6.147722899913787842e-02
4.199723526835441589e-02
4.109647497534751892e-02
1.094393525272607803e-02
5.237328005023300648e-04
5.612940788269042969e-01
1.178504347801208496e+00
1.340165578511687272e-08
4.724026947400261633e-09
9.018345922231674194e-02
7.704284787178039551e-02
4.237300157546997070e-02
3.056903183460235596e-02
1.013085152953863144e-02
4.857634380459785461e-02
2.391169406473636627e-02
1.759295351803302765e-02
1.828195750713348389e-01
1.227078795433044434e+00
5.412978585809469223e-03
6.951705366373062134e-02
7.174154371023178101e-02
7.249968498945236206e-02
8.740752190351486206e-02
1.037847530096769333e-02
5.328474799171090126e-04
5.632363557815551758e-01
1.233417153358459473e+00
1.340165578511687272e-08
4.724026947400261633e-09
6.363912671804428101e-02
5.125164240598678589e-02
2.688601240515708923e-02
3.253112360835075378e-02
8.870243094861507416e-03
4.050020501017570496e-02
2.046773582696914673e-02
1.379567384719848633e-02
2.232770621776580811e-01
1.469938039779663086e+00
4.758428782224655151e-03
8.631916344165802002e-02
7.985468953847885132e-02
7.995247095823287964e-02
8.194189518690109253e-02
1.192254107445478439e-02
5.493890494108200073e-04
7.120965123176574707e-01
1.068293213844299316e+00
1.340165578511687272e-08
4.724026947400261633e-09
6.002283841371536255e-02
4.684173315763473511e-02
2.464320883154869080e-02
3.049570322036743164e-02
9.815895929932594299e-03
8.342389762401580811e-02
2.565836533904075623e-02
1.742657646536827087e-02
2.177881002426147461e-01
1.546649217605590820e+00
6.357683800160884857e-03
7.596363127231597900e-02
8.461213111877441406e-02
8.357926458120346069e-02
7.648290693759918213e-02
1.278405822813510895e-02
5.327385733835399151e-04
5.167336463928222656e-01
9.996550679206848145e-01
1.340165578511687272e-08
4.724026947400261633e-09
6.138435378670692444e-02
5.134463310241699219e-02
2.715421654284000397e-02
3.136681765317916870e-02
5.363397765904664993e-03
9.571480751037597656e-02
1.860399171710014343e-02
1.415829174220561981e-02
1.888037025928497314e-01
1.479473114013671875e+00
4.559233319014310837e-03
5.364425852894783020e-02
6.407719850540161133e-02
6.279329955577850342e-02
6.208696961402893066e-02
1.232106052339076996e-02
3.995854640379548073e-04
2.880183160305023193e-01
1.001228094100952148e+00
1.340165578511687272e-08
4.724026947400261633e-09
6.067170947790145874e-02
5.278912559151649475e-02
2.891622297465801239e-02
3.133192658424377441e-02
6.124454550445079803e-03
1.084932386875152588e-01
2.164708636701107025e-02
1.511162705719470978e-02
1.607554703950881958e-01
9.101786017417907715e-01
5.463647190481424332e-03
6.308583170175552368e-02
6.128876656293869019e-02
5.918294936418533325e-02
5.971924588084220886e-02
1.240258663892745972e-02
2.833325706887990236e-04
2.915326952934265137e-01
1.087062835693359375e+00
1.340165578511687272e-08
4.724026947400261633e-09
6.118148937821388245e-02
5.269235745072364807e-02
2.875349856913089752e-02
3.621397912502288818e-02
8.970723487436771393e-03
9.397250413894653320e-02
2.592347376048564911e-02
1.832461543381214142e-02
1.307194530963897705e-01
8.796915411949157715e-01
6.293488200753927231e-03
5.265228450298309326e-02
5.729920417070388794e-02
4.934899508953094482e-02
5.309097096323966980e-02
1.366589590907096863e-02
3.819433622993528843e-04
3.420855104923248291e-01
1.031541585922241211e+00
1.340165578511687272e-08
4.724026947400261633e-09
6.137173995375633240e-02
4.930346831679344177e-02
2.867991290986537933e-02
4.219753667712211609e-02
7.341322489082813263e-03
8.251269906759262085e-02
3.002911433577537537e-02
2.190797589719295502e-02
8.879116922616958618e-02
8.228014111518859863e-01
7.198681589215993881e-03
3.693988546729087830e-02
5.337640643119812012e-02
3.537654876708984375e-02
3.533039614558219910e-02
1.651368290185928345e-02
3.413178201299160719e-04
2.930872142314910889e-01
1.003946185111999512e+00
1.340165578511687272e-08
1.952306479215621948e-01
6.140349060297012329e-02
5.119720101356506348e-02
2.685092203319072723e-02
5.976656079292297363e-02
7.526981644332408905e-03
9.039905667304992676e-02
2.748927101492881775e-02
1.996908895671367645e-02
8.547395467758178711e-02
7.199438810348510742e-01
6.535422056913375854e-03
3.094756044447422028e-02
4.751599580049514771e-02
3.256595507264137268e-02
3.203164041042327881e-02
1.529115904122591019e-02
3.800266713369637728e-04
2.888079285621643066e-01
1.059446930885314941e+00
1.340165578511687272e-08
4.466711580753326416e-01
6.110359355807304382e-02
5.076911300420761108e-02
2.777545526623725891e-02
4.457426816225051880e-02
5.530817434191703796e-03
1.133004799485206604e-01
2.571228332817554474e-02
2.365585416555404663e-02
8.861322700977325439e-02
7.158315181732177734e-01
6.365036591887474060e-03
3.376992046833038330e-02
4.987981170415878296e-02
3.245168551802635193e-02
2.937250211834907532e-02
1.880342699587345123e-02
4.002465284429490566e-04
3.134007453918457031e-01
1.196697115898132324e+00
2.368444763123989105e-02
1.025928974151611328e+00
6.232894584536552429e-02
5.200773105025291443e-02
2.782917022705078125e-02
4.763218760490417480e-02
3.845291445031762123e-03
1.518939286470413208e-01
2.443166635930538177e-02
2.189917862415313721e-02
6.116872653365135193e-02
6.689535975456237793e-01
5.992769263684749603e-03
2.345713600516319275e-02
4.896863177418708801e-02
2.043596096336841583e-02
2.243489399552345276e-02
2.441196516156196594e-02
4.206055891700088978e-04
3.544319570064544678e-01
1.181155920028686523e+00
3.157965093851089478e-02
1.261932373046875000e+00
6.035399436950683594e-02
5.113072693347930908e-02
2.626734040677547455e-02
4.384031519293785095e-02
2.123067155480384827e-03
1.966567486524581909e-01
2.813596650958061218e-02
2.550210803747177124e-02
2.933692932128906250e-02
5.332123041152954102e-01
7.311071734875440598e-03
1.367325615137815475e-02
4.010414704680442810e-02
1.205787807703018188e-02
1.410372741520404816e-02
2.853126823902130127e-02
4.140231758356094360e-04
3.541258275508880615e-01
1.237821459770202637e+00
3.157871961593627930e-02
1.261938333511352539e+00
6.255517154932022095e-02
5.409598350524902344e-02
2.592547237873077393e-02
5.305190384387969971e-02
2.947083907201886177e-03
2.202367782592773438e-01
1.814340986311435699e-02
1.762762293219566345e-02
2.922813035547733307e-02
4.720254540443420410e-01
4.777205642312765121e-03
1.264658104628324509e-02
3.801558166742324829e-02
1.525056641548871994e-02
1.556261070072650909e-02
2.358895912766456604e-02
4.616861406248062849e-04
3.863964080810546875e-01
1.194323897361755371e+00
3.158071637153625488e-02
1.328993201255798340e+00
6.087968498468399048e-02
5.135536193847656250e-02
2.575848437845706940e-02
5.088962987065315247e-02
3.306522266939282417e-03
2.333097159862518311e-01
1.952243223786354065e-02
1.758805476129055023e-02
3.048492036759853363e-02
4.511940479278564453e-01
6.061793304979801178e-03
1.761036179959774017e-02
3.525834903120994568e-02
1.768852956593036652e-02
1.795149780809879303e-02
2.579852566123008728e-02
4.664620500989258289e-04
4.106102883815765381e-01
1.094830751419067383e+00
3.158012405037879944e-02
1.661522269248962402e+00
6.103959679603576660e-02
5.085907131433486938e-02
3.256078436970710754e-02
4.722882062196731567e-02
2.051863353699445724e-03
3.284066915512084961e-01
2.019390836358070374e-02
1.895285025238990784e-02
3.298835083842277527e-02
4.635031521320343018e-01
5.349392537027597427e-03
1.035188604146242142e-02
3.539789840579032898e-02
1.010374911129474640e-02
1.009764336049556732e-02
2.750058472156524658e-02
4.351816314738243818e-04
4.054658114910125732e-01
1.188766360282897949e+00
3.158132731914520264e-02
1.975033044815063477e+00
5.946170166134834290e-02
4.971230775117874146e-02
2.784224413335323334e-02
4.837187752127647400e-02
7.989701116457581520e-04
3.274452686309814453e-01
2.074983343482017517e-02
1.673674583435058594e-02
4.116408154368400574e-02
4.724325835704803467e-01
4.594742786139249802e-03
1.361150108277797699e-02
3.447241336107254028e-02
1.191729865968227386e-02
1.213091332465410233e-02
2.770499885082244873e-02
5.567386979237198830e-04
5.230981111526489258e-01
1.151813745498657227e+00
3.158028796315193176e-02
1.975020647048950195e+00
6.032640486955642700e-02
4.883186519145965576e-02
3.041936457157135010e-02
4.417360201478004456e-02
8.337231702171266079e-04
3.141051828861236572e-01
1.996365375816822052e-02
1.748252101242542267e-02
3.228596970438957214e-02
4.463512301445007324e-01
4.559434019029140472e-03
1.166555099189281464e-02
3.219630196690559387e-02
9.761108085513114929e-03
9.606014937162399292e-03
2.793573215603828430e-02
5.877887015230953693e-04
5.215727686882019043e-01
1.083915233612060547e+00
3.158034384250640869e-02
1.975015759468078613e+00
6.431125104427337646e-02
5.181489512324333191e-02
2.914009802043437958e-02
3.924503549933433533e-02
7.667320896871387959e-04
3.381695747375488281e-01
2.047134749591350555e-02
1.682539284229278564e-02
3.779631108045578003e-02
5.090028047561645508e-01
4.566130694001913071e-03
1.158478576689958572e-02
3.511442244052886963e-02
9.991756640374660492e-03
1.098919101059436798e-02
2.839424274861812592e-02
5.587405757978558540e-04
5.331490635871887207e-01
1.091627478599548340e+00
3.157864883542060852e-02
1.975005388259887695e+00
6.494751572608947754e-02
5.447025969624519348e-02
2.811034210026264191e-02
4.470429569482803345e-02
7.109641446731984615e-04
3.481873571872711182e-01
2.153896726667881012e-02
1.776250824332237244e-02
3.250741586089134216e-02
4.815810024738311768e-01
4.907336086034774780e-03
9.581240825355052948e-03
3.236517682671546936e-02
8.795982226729393005e-03
1.053771190345287323e-02
2.846897207200527191e-02
5.209586815908551216e-04
4.578410685062408447e-01
1.200200080871582031e+00
3.157932683825492859e-02
1.977841377258300781e+00
6.409386545419692993e-02
5.355682969093322754e-02
2.841721847653388977e-02
5.528948456048965454e-02
8.039808017201721668e-04
3.613126873970031738e-01
2.103598974645137787e-02
1.762042194604873657e-02
4.450599104166030884e-02
4.493394494056701660e-01
5.096483975648880005e-03
1.217044424265623093e-02
2.655365318059921265e-02
1.832176931202411652e-02
1.739905402064323425e-02
2.871143259108066559e-02
5.047530867159366608e-04
4.697751402854919434e-01
1.128816962242126465e+00
3.158013150095939636e-02
1.977841019630432129e+00
6.003323569893836975e-02
5.266539752483367920e-02
2.631459012627601624e-02
4.882258921861648560e-02
6.668751011602580547e-04
3.558622896671295166e-01
2.415789291262626648e-02
2.131320163607597351e-02
4.516925662755966187e-02
4.538725912570953369e-01
5.111936945468187332e-03
1.625605300068855286e-02
2.801773138344287872e-02
1.727061904966831207e-02
1.758255250751972198e-02
3.232474997639656067e-02
5.343778757378458977e-04
4.252368807792663574e-01
9.747338294982910156e-01
3.157874941825866699e-02
1.977828621864318848e+00
7.123648375272750854e-02
6.021786481142044067e-02
3.253144770860671997e-02
4.812826588749885559e-02
6.449346547015011311e-04
4.226619601249694824e-01
2.508972026407718658e-02
2.055791951715946198e-02
4.520340263843536377e-02
4.185154736042022705e-01
5.029239691793918610e-03
1.264936011284589767e-02
2.902293577790260315e-02
1.436983980238437653e-02
1.668067276477813721e-02
3.882832080125808716e-02
4.898309707641601562e-04
3.996255099773406982e-01
1.014715433120727539e+00
3.157848864793777466e-02
1.977825403213500977e+00
8.710561692714691162e-02
7.587068527936935425e-02
4.131525382399559021e-02
3.630832210183143616e-02
7.007038802839815617e-04
4.453193247318267822e-01
2.407483197748661041e-02
2.275740168988704681e-02
6.468275934457778931e-02
4.638361334800720215e-01
5.463338457047939301e-03
2.154604531824588776e-02
2.990602329373359680e-02
2.070155739784240723e-02
2.247977256774902344e-02
4.157613590359687805e-02
4.727632040157914162e-04
4.164450466632843018e-01
1.009528160095214844e+00
3.157970309257507324e-02
1.986527800559997559e+00
1.065781265497207642e-01
9.547957032918930054e-02
5.541855841875076294e-02
6.049054116010665894e-02
7.344161276705563068e-04
4.881410002708435059e-01
2.092999592423439026e-02
1.973010040819644928e-02
7.738681882619857788e-02
4.118581116199493408e-01
4.802274983376264572e-03
2.181960642337799072e-02
2.879922650754451752e-02
2.147950604557991028e-02
1.973080076277256012e-02
4.400211945176124573e-02
4.982546670362353325e-04
4.128929376602172852e-01
8.093289136886596680e-01
3.157976642251014709e-02
1.994290709495544434e+00
1.065963581204414368e-01
9.540475904941558838e-02
5.591445788741111755e-02
7.130523025989532471e-02
7.160489330999553204e-04
5.143663883209228516e-01
1.841412857174873352e-02
1.630965434014797211e-02
1.187218129634857178e-01
3.863309323787689209e-01
4.088401794433593750e-03
2.465733513236045837e-02
2.872558496892452240e-02
2.293663285672664642e-02
2.394297346472740173e-02
3.980962559580802917e-02
5.362271331250667572e-04
4.161682724952697754e-01
9.207722544670104980e-01
3.158064931631088257e-02
1.995256185531616211e+00
7.479546964168548584e-02
6.470067799091339111e-02
3.673827648162841797e-02
5.578053742647171021e-02
7.025414379313588142e-04
6.155307292938232422e-01
1.806936971843242645e-02
1.478406041860580444e-02
7.964342087507247925e-02
3.797380328178405762e-01
3.943766932934522629e-03
2.746394649147987366e-02
2.512910775840282440e-02
2.710790932178497314e-02
2.727148309350013733e-02
4.323153197765350342e-02
5.010965396650135517e-04
4.188875555992126465e-01
1.001694679260253906e+00
3.158149123191833496e-02
2.097870588302612305e+00
6.341294944286346436e-02
5.199326202273368835e-02
2.814739383757114410e-02
3.931014612317085266e-02
4.953647148795425892e-04
6.823517084121704102e-01
1.828856207430362701e-02
1.561972219496965408e-02
6.772136688232421875e-02
3.463300466537475586e-01
4.032928496599197388e-03
2.509005926549434662e-02
2.241750806570053101e-02
2.657498046755790710e-02
2.595225907862186432e-02
4.313849657773971558e-02
4.165066056884825230e-04
4.291516840457916260e-01
1.625101327896118164e+00
3.355546668171882629e-02
2.107565879821777344e+00
5.588226020336151123e-02
4.466737061738967896e-02
2.352040819823741913e-02
4.313157126307487488e-02
6.912694079801440239e-04
5.944994688034057617e-01
1.765216328203678131e-02
1.343184430152177811e-02
4.802295193076133728e-02
3.617167770862579346e-01
3.765373723581433296e-03
1.615343801677227020e-02
1.892335154116153717e-02
1.759597286581993103e-02
1.764852739870548248e-02
3.803089261054992676e-02
5.017676739953458309e-04
4.183134734630584717e-01
1.169375896453857422e+00
3.355600312352180481e-02
2.107574462890625000e+00
5.933830887079238892e-02
4.938454926013946533e-02
2.816499769687652588e-02
4.214691370725631714e-02
8.359730709344148636e-04
6.057433485984802246e-01
1.956632360816001892e-02
1.307245809584856033e-02
7.441075146198272705e-02
5.331666469573974609e-01
3.885790007188916206e-03
2.375113032758235931e-02
3.016340732574462891e-02
2.793259546160697937e-02
2.782906778156757355e-02
3.395752236247062683e-02
4.657442332245409489e-04
4.118091166019439697e-01
1.323747396469116211e+00
3.355554863810539246e-02
2.107575178146362305e+00
5.951539799571037292e-02
5.090273544192314148e-02
2.815648727118968964e-02
3.393865749239921570e-02
8.490986656397581100e-04
5.925394296646118164e-01
3.083611093461513519e-02
1.559527684003114700e-02
8.544707298278808594e-02
5.867989659309387207e-01
5.530174821615219116e-03
3.338875249028205872e-02
3.145119547843933105e-02
3.437268733978271484e-02
3.463697806000709534e-02
2.935712598264217377e-02
4.345253983046859503e-04
4.097182750701904297e-01
9.992545247077941895e-01
3.355678915977478027e-02
2.107580423355102539e+00
6.208150833845138550e-02
5.340788513422012329e-02
3.035403788089752197e-02
2.815283462405204773e-02
6.487340433523058891e-04
6.167608499526977539e-01
2.810751460492610931e-02
1.835632696747779846e-02
6.995521485805511475e-02
6.168414354324340820e-01
5.835087504237890244e-03
2.843744680285453796e-02
3.613587096333503723e-02
3.264430537819862366e-02
3.060955740511417389e-02
2.784873172640800476e-02
4.566197458188980818e-04
4.120831191539764404e-01
8.726705908775329590e-01
3.355582430958747864e-02
2.107578754425048828e+00
5.652105808258056641e-02
4.924794659018516541e-02
2.693666145205497742e-02
2.726852335035800934e-02
5.212138639762997627e-04
6.496104001998901367e-01
2.097725868225097656e-02
1.113188918679952621e-02
5.166289955377578735e-02
6.167126297950744629e-01
4.629204049706459045e-03
2.194247581064701080e-02
3.236387297511100769e-02
2.343463338911533356e-02
2.262061461806297302e-02
2.894764207303524017e-02
4.695554089266806841e-04
4.838010668754577637e-01
1.094120979309082031e+00
3.355612233281135559e-02
2.107583045959472656e+00
5.305899307131767273e-02
4.544143751263618469e-02
2.486263215541839600e-02
2.647536061704158783e-02
9.236877085641026497e-04
7.046758532524108887e-01
1.643360592424869537e-02
9.824899956583976746e-03
5.152199789881706238e-02
5.727761983871459961e-01
3.687286749482154846e-03
1.929822936654090881e-02
2.762873098254203796e-02
2.044052816927433014e-02
2.122923359274864197e-02
3.129804879426956177e-02
5.419374210759997368e-04
5.678530931472778320e-01
7.883431315422058105e-01
3.355715796351432800e-02
2.107586383819580078e+00
5.303326249122619629e-02
4.440774023532867432e-02
2.447749301791191101e-02
2.525560371577739716e-02
4.488315025810152292e-04
8.280621767044067383e-01
1.633634790778160095e-02
9.725913405418395996e-03
6.179256737232208252e-02
4.880794286727905273e-01
3.369267098605632782e-03
2.030541747808456421e-02
2.598194591701030731e-02
2.122692763805389404e-02
2.157522179186344147e-02
3.429534286260604858e-02
4.705872852355241776e-04
4.835812747478485107e-01
1.195495843887329102e+00
3.355597704648971558e-02
2.107581615447998047e+00
5.376222729682922363e-02
4.457827284932136536e-02
2.414914034307003021e-02
2.166501991450786591e-02
4.601081309374421835e-04
7.382786273956298828e-01
1.971235126256942749e-02
1.174403820186853409e-02
7.753792405128479004e-02
7.764807343482971191e-01
4.259576089680194855e-03
2.572142519056797028e-02
3.185907006263732910e-02
2.617152594029903412e-02
2.501414716243743896e-02
3.556630015373229980e-02
5.310005508363246918e-04
5.025241971015930176e-01
1.368125438690185547e+00
3.355628624558448792e-02
2.107591629028320312e+00
5.507466942071914673e-02
4.556635022163391113e-02
2.347089163959026337e-02
2.106201648712158203e-02
7.940487121231853962e-04
7.014715671539306641e-01
2.157311700284481049e-02
1.174430269747972488e-02
5.573321506381034851e-02
6.532222032546997070e-01
4.417609423398971558e-03
2.253407798707485199e-02
3.028577007353305817e-02
2.420070022344589233e-02
2.605747617781162262e-02
3.304601460695266724e-02
5.176098784431815147e-04
5.263056755065917969e-01
8.300812244415283203e-01
3.355658426880836487e-02
2.107602119445800781e+00
5.346783995628356934e-02
4.524765908718109131e-02
2.433610893785953522e-02
1.976909674704074860e-02
4.576705978251993656e-04
7.327005267143249512e-01
2.312865108251571655e-02
1.185672823339700699e-02
5.744698643684387207e-02
6.369679570198059082e-01
4.507804289460182190e-03
2.198773995041847229e-02
2.640648745000362396e-02
2.428198792040348053e-02
2.429232746362686157e-02
3.266287595033645630e-02
4.342083993833512068e-04
4.502012729644775391e-01
1.416494846343994141e+00
3.355825692415237427e-02
2.107608079910278320e+00
5.051242560148239136e-02
4.356677085161209106e-02
2.307301200926303864e-02
2.061153016984462738e-02
5.141745205037295818e-04
8.674744963645935059e-01
2.456674724817276001e-02
1.288171205669641495e-02
6.620097160339355469e-02
6.871216893196105957e-01
4.450254142284393311e-03
2.729938365519046783e-02
2.535558678209781647e-02
3.072980232536792755e-02
2.856503240764141083e-02
3.431931510567665100e-02
4.684633167926222086e-04
4.143071472644805908e-01
1.270928502082824707e+00
3.355763480067253113e-02
2.107594251632690430e+00
5.019049346446990967e-02
4.107445850968360901e-02
2.246363088488578796e-02
1.998821832239627838e-02
5.390395526774227619e-04
7.564006447792053223e-01
2.191465534269809723e-02
1.173182204365730286e-02
6.653700768947601318e-02
4.157570302486419678e-01
4.012208431959152222e-03
2.193577773869037628e-02
2.142120525240898132e-02
2.516850456595420837e-02
2.211045846343040466e-02
3.731260448694229126e-02
5.122621660120785236e-04
4.749389290809631348e-01
9.093393683433532715e-01
3.355545550584793091e-02
2.107575654983520508e+00
5.114438012242317200e-02
4.233252257108688354e-02
2.577527426183223724e-02
1.904334127902984619e-02
4.565368872135877609e-04
7.921990752220153809e-01
2.163060009479522705e-02
9.990934282541275024e-03
5.343230068683624268e-02
4.941451251506805420e-01
3.559018950909376144e-03
2.041628211736679077e-02
2.299034222960472107e-02
2.364747785031795502e-02
2.401532419025897980e-02
3.986166790127754211e-02
5.906570004299283028e-04
4.701924920082092285e-01
8.388848304748535156e-01
3.355601429939270020e-02
2.107564210891723633e+00
5.151508376002311707e-02
4.241909831762313843e-02
2.520699985325336456e-02
2.544540166854858398e-02
7.457651663571596146e-04
7.790060639381408691e-01
2.576349489390850067e-02
1.249643415212631226e-02
6.557667255401611328e-02
6.137076020240783691e-01
5.080970935523509979e-03
2.572464570403099060e-02
3.010683320462703705e-02
2.683657407760620117e-02
2.740766666829586029e-02
3.833144530653953552e-02
5.430516903288662434e-04
4.429118633270263672e-01
7.873635292053222656e-01
3.355577215552330017e-02
2.107557773590087891e+00
5.411022156476974487e-02
4.473541304469108582e-02
2.532560192048549652e-02
3.126525133848190308e-02
1.307571539655327797e-03
8.084821105003356934e-01
1.959214918315410614e-02
9.405639953911304474e-03
5.212808772921562195e-02
4.435988366603851318e-01
4.098939709365367889e-03
2.021232061088085175e-02
2.736140973865985870e-02
1.955183409154415131e-02
1.974884606897830963e-02
4.340256378054618835e-02
5.457659135572612286e-04
5.244557261466979980e-01
8.364086151123046875e-01
3.355596959590911865e-02
2.107550382614135742e+00
5.254629254341125488e-02
4.400363191962242126e-02
2.382332086563110352e-02
2.586010470986366272e-02
8.718041353859007359e-04
8.013452887535095215e-01
1.849550567567348480e-02
9.851865470409393311e-03
5.820073559880256653e-02
4.459640979766845703e-01
3.936938010156154633e-03
2.156282402575016022e-02
2.472560480237007141e-02
2.125409618020057678e-02
2.068509161472320557e-02
4.619193822145462036e-02
5.975651438347995281e-04
4.757238626480102539e-01
7.658264636993408203e-01
3.355582058429718018e-02
2.107538223266601562e+00
5.222058296203613281e-02
4.408124461770057678e-02
2.381049469113349915e-02
2.861851453781127930e-02
1.075150212273001671e-03
8.118584156036376953e-01
1.932848058640956879e-02
1.041843369603157043e-02
6.242797896265983582e-02
6.508717536926269531e-01
4.617377184331417084e-03
2.679011598229408264e-02
3.444433957338333130e-02
2.646639756858348846e-02
2.480054460465908051e-02
4.181591793894767761e-02
6.181203643791377544e-04
5.457272529602050781e-01
5.818967223167419434e-01
3.355579823255538940e-02
2.107519626617431641e+00
5.399371311068534851e-02
4.485908150672912598e-02
2.438925206661224365e-02
3.040682896971702576e-02
1.189392874948680401e-03
8.376119732856750488e-01
1.805353723466396332e-02
9.929471649229526520e-03
6.977150589227676392e-02
5.727788209915161133e-01
4.231348633766174316e-03
2.839510142803192139e-02
3.535374999046325684e-02
2.495327405631542206e-02
2.629016712307929993e-02
4.388522356748580933e-02
6.547169759869575500e-04
5.300962328910827637e-01
6.122064590454101562e-01
3.355420380830764771e-02
2.107506513595581055e+00
5.566906183958053589e-02
4.650717973709106445e-02
2.449773624539375305e-02
3.208069503307342529e-02
1.068993122316896915e-03
8.672654032707214355e-01
1.383459009230136871e-02
1.062613725662231445e-02
8.296342939138412476e-02
6.229670047760009766e-01
3.166467649862170219e-03
3.459846228361129761e-02
3.135661780834197998e-02
3.371054679155349731e-02
3.396496921777725220e-02
6.584732234477996826e-02
7.803047774359583855e-04
5.911594033241271973e-01
7.761437296867370605e-01
3.355376794934272766e-02
2.107505321502685547e+00
7.618237286806106567e-02
6.416538357734680176e-02
3.524329140782356262e-02
3.452475368976593018e-02
1.056676148436963558e-03
9.095947742462158203e-01
1.632266864180564880e-02
3.188718110322952271e-02
1.202611923217773438e-01
7.444338202476501465e-01
4.014768637716770172e-03
4.806863144040107727e-02
3.997931629419326782e-02
4.269912838935852051e-02
4.339363425970077515e-02
8.512561023235321045e-02
8.177293348126113415e-04
6.341611146926879883e-01
6.505196094512939453e-01
3.355433046817779541e-02
2.107506990432739258e+00
1.062223017215728760e-01
9.351243078708648682e-02
5.576819553971290588e-02
3.595453128218650818e-02
1.697228988632559776e-03
9.294226765632629395e-01
2.800369821488857269e-02
5.530037358403205872e-02
9.019215404987335205e-02
5.323196649551391602e-01
1.151878014206886292e-02
3.853838890790939331e-02
2.849815227091312408e-02
3.898753225803375244e-02
4.135490208864212036e-02
1.300895959138870239e-01
8.022703696042299271e-04
6.678314805030822754e-01
6.730509400367736816e-01
3.355382010340690613e-02
2.107503414154052734e+00
1.058469712734222412e-01
9.056953340768814087e-02
5.470239371061325073e-02
7.803983986377716064e-02
1.156271086074411869e-03
9.899042844772338867e-01
2.944728918373584747e-02
4.313216358423233032e-02
9.929358214139938354e-02
4.814174175262451172e-01
6.758208852261304855e-03
3.693732246756553650e-02
2.697978168725967407e-02
3.741314262151718140e-02
4.736377298831939697e-02
1.567242443561553955e-01
8.015568018890917301e-04
6.610103845596313477e-01
7.389851808547973633e-01
3.355513885617256165e-02
2.107508659362792969e+00
4.816923290491104126e-02
4.010979458689689636e-02
2.205259539186954498e-02
5.981641635298728943e-02
1.166705391369760036e-03
9.990761280059814453e-01
2.376889809966087341e-02
2.560232579708099365e-02
7.358239591121673584e-02
5.560991168022155762e-01
5.179364699870347977e-03
2.884239330887794495e-02
3.024953044950962067e-02
3.188373893499374390e-02
3.258924931287765503e-02
9.442251920700073242e-02
7.934848545119166374e-04
5.590512156486511230e-01
7.576409578323364258e-01
3.355555981397628784e-02
2.107518434524536133e+00
7.760561257600784302e-02
6.508819013833999634e-02
3.539815172553062439e-02
4.239957034587860107e-02
1.230853493325412273e-03
9.858580827713012695e-01
3.248216584324836731e-02
2.144842781126499176e-02
9.564822167158126831e-02
6.468263268470764160e-01
6.645199842751026154e-03
3.655513003468513489e-02
3.416981548070907593e-02
3.742565587162971497e-02
3.474806249141693115e-02
8.039782196283340454e-02
7.429667166434228420e-04
5.655466914176940918e-01
7.666659355163574219e-01
3.355589881539344788e-02
2.107522249221801758e+00
1.646715104579925537e-01
1.639236956834793091e-01
8.707210421562194824e-02
4.949549213051795959e-02
1.202082377858459949e-03
8.849024772644042969e-01
5.852283164858818054e-02
3.337661921977996826e-02
1.419441103935241699e-01
1.293425798416137695e+00
1.261903718113899231e-02
4.684788733720779419e-02
5.149274691939353943e-02
5.774522945284843445e-02
5.903795734047889709e-02
3.697067871689796448e-02
4.001629131380468607e-04
4.515347778797149658e-01
7.818965911865234375e-01
3.355611115694046021e-02
2.107528209686279297e+00
2.058740854263305664e-01
2.220575958490371704e-01
1.130800694227218628e-01
1.149131804704666138e-01
1.020560506731271744e-03
7.246382832527160645e-01
1.373443901538848877e-01
7.738050073385238647e-02
1.037769541144371033e-01
7.636203765869140625e-01
2.376493066549301147e-02
3.971201926469802856e-02
5.598333850502967834e-02
4.605389013886451721e-02
4.112468287348747253e-02
5.118292942643165588e-02
4.750546067953109741e-04
4.571083486080169678e-01
7.746449708938598633e-01
3.355720639228820801e-02
2.107542991638183594e+00
2.109020501375198364e-01
2.014623582363128662e-01
1.179546192288398743e-01
1.044088974595069885e-01
1.322890049777925014e-03
5.195950269699096680e-01
1.546999663114547729e-01
1.224158182740211487e-01
8.968791365623474121e-02
8.344565629959106445e-01
2.916897460818290710e-02
3.603667393326759338e-02
5.193122103810310364e-02
3.760506585240364075e-02
3.728396072983741760e-02
7.095278799533843994e-02
4.344399785622954369e-04
4.436515569686889648e-01
7.996805906295776367e-01
3.355807811021804810e-02
2.107551097869873047e+00
1.610754281282424927e-01
1.181126534938812256e-01
7.431980967521667480e-02
1.715233474969863892e-01
1.229341840371489525e-03
6.603402495384216309e-01
1.058079153299331665e-01
7.105909287929534912e-02
9.916386008262634277e-02
9.416989684104919434e-01
2.392212301492691040e-02
3.468670696020126343e-02
5.301280692219734192e-02
3.608295321464538574e-02
3.525946289300918579e-02
7.458945363759994507e-02
4.834399733226746321e-04
4.680147171020507812e-01
8.656789064407348633e-01
3.355833142995834351e-02
2.107558965682983398e+00
1.263911873102188110e-01
9.860619902610778809e-02
5.378674715757369995e-02
2.070524841547012329e-01
1.532036578282713890e-03
7.842251658439636230e-01
5.247493460774421692e-02
3.768957778811454773e-02
1.182471439242362976e-01
1.133325099945068359e+00
1.196965109556913376e-02
4.384875297546386719e-02
4.209623485803604126e-02
4.595566168427467346e-02
4.685676842927932739e-02
7.420780509710311890e-02
5.378702189773321152e-04
4.049147069454193115e-01
9.323686957359313965e-01
3.355804085731506348e-02
2.107568025588989258e+00
7.878054678440093994e-02
6.214968487620353699e-02
3.000530786812305450e-02
1.392085105180740356e-01
1.059769536368548870e-03
6.258121728897094727e-01
5.103289335966110229e-02
3.213248401880264282e-02
1.228385865688323975e-01
9.404605627059936523e-01
1.040219143033027649e-02
4.669187217950820923e-02
4.013074189424514771e-02
4.950171336531639099e-02
4.849297180771827698e-02
5.060735344886779785e-02
6.010840297676622868e-04
4.157865047454833984e-01
9.341725707054138184e-01
3.355843201279640198e-02
2.107578754425048828e+00
7.328116148710250854e-02
6.225290894508361816e-02
2.710341475903987885e-02
8.811195939779281616e-02
1.735052210278809071e-03
7.213457226753234863e-01
4.098309203982353210e-02
2.804324775934219360e-02
1.335971504449844360e-01
7.839900255203247070e-01
6.554194260388612747e-03
4.849620163440704346e-02
3.403786569833755493e-02
4.674872756004333496e-02
4.947942867875099182e-02
5.914915353059768677e-02
6.230603321455419064e-04
4.396335482597351074e-01
8.603166937828063965e-01
3.355972096323966980e-02
2.107595920562744141e+00
8.445014804601669312e-02
6.772102415561676025e-02
3.511897847056388855e-02
7.271213084459304810e-02
1.788390218280255795e-03
5.768846273422241211e-01
3.695294260978698730e-02
2.715643495321273804e-02
1.647936701774597168e-01
7.232910394668579102e-01
7.356268819421529770e-03
5.876704677939414978e-02
2.970694936811923981e-02
5.683366954326629639e-02
5.985780432820320129e-02
6.976459920406341553e-02
5.991692887619137764e-04
4.594195187091827393e-01
8.638975024223327637e-01
3.356035053730010986e-02
2.107613325119018555e+00
7.467701286077499390e-02
5.930983275175094604e-02
3.958849236369132996e-02
6.179899722337722778e-02
1.703280373476445675e-03
3.228441774845123291e-01
3.462877497076988220e-02
2.617751620709896088e-02
1.448404788970947266e-01
7.136053442955017090e-01
6.680529564619064331e-03
5.437895283102989197e-02
3.741789609193801880e-02
5.106963962316513062e-02
5.049833655357360840e-02
4.496346786618232727e-02
4.643964639399200678e-04
3.993698358535766602e-01
8.642028570175170898e-01
3.356205672025680542e-02
2.107622861862182617e+00
9.545608609914779663e-02
7.907834649085998535e-02
4.406603798270225525e-02
5.771785601973533630e-02
1.489497139118611813e-03
3.184448778629302979e-01
4.124172404408454895e-02
2.524956315755844116e-02
1.455388069152832031e-01
9.186028838157653809e-01
7.655064109712839127e-03
5.032772198319435120e-02
4.006155952811241150e-02
5.029973015189170837e-02
5.053457617759704590e-02
2.580582536756992340e-02
5.300195189192891121e-04
4.307598769664764404e-01
8.439750671386718750e-01
3.356112167239189148e-02
2.107620000839233398e+00
8.173281699419021606e-02
5.843406170606613159e-02
3.127223625779151917e-02
6.506443768739700317e-02
1.520587597042322159e-03
3.312882184982299805e-01
4.280572757124900818e-02
2.718297578394412994e-02
1.388674676418304443e-01
5.837707519531250000e-01
7.461041212081909180e-03
4.910087585449218750e-02
4.109106957912445068e-02
5.249858647584915161e-02
5.325607955455780029e-02
1.732631027698516846e-02
3.985788207501173019e-04
4.255025088787078857e-01
8.670323491096496582e-01
3.356155753135681152e-02
2.107612371444702148e+00
6.987410783767700195e-02
7.105837762355804443e-02
2.196881920099258423e-02
5.530104786157608032e-02
1.135906553827226162e-03
5.265372991561889648e-01
3.157072514295578003e-02
1.348817627876996994e-02
1.674097329378128052e-01
9.797521233558654785e-01
5.613823421299457550e-03
5.930755659937858582e-02
5.048955231904983521e-02
6.014253571629524231e-02
6.080617383122444153e-02
1.220809575170278549e-02
4.037420731037855148e-04
3.461870849132537842e-01
8.306392431259155273e-01
3.356042876839637756e-02
2.107590913772583008e+00
9.235759824514389038e-02
6.363955140113830566e-02
3.400959447026252747e-02
6.860464811325073242e-02
1.175588578917086124e-03
4.807532131671905518e-01
3.614644706249237061e-02
2.270427532494068146e-02
1.146812885999679565e-01
7.937409281730651855e-01
6.329468451440334320e-03
4.404661431908607483e-02
4.568128287792205811e-02
4.011458158493041992e-02
4.074017331004142761e-02
2.017375826835632324e-02
4.845258081331849098e-04
3.956012725830078125e-01
8.269228339195251465e-01
3.355783596634864807e-02
1.708096861839294434e+00
1.027146428823471069e-01
8.536655455827713013e-02
3.188324719667434692e-02
6.646174192428588867e-02
1.240941463038325310e-03
4.301432967185974121e-01
3.738534823060035706e-02
2.616642229259014130e-02
1.125735640525817871e-01
7.659785151481628418e-01
6.452614907175302505e-03
4.018847271800041199e-02
3.385651856660842896e-02
4.286926612257957458e-02
4.341985657811164856e-02
2.221762202680110931e-02
4.924762761220335960e-04
4.091568887233734131e-01
7.798150181770324707e-01
3.355697914958000183e-02
1.266649365425109863e+00
1.377769261598587036e-01
1.241968050599098206e-01
3.397174552083015442e-02
6.634711474180221558e-02
1.385227893479168415e-03
4.563468694686889648e-01
4.743447154760360718e-02
2.066888287663459778e-02
1.242782473564147949e-01
8.613923192024230957e-01
9.449750185012817383e-03
4.221931844949722290e-02
3.919100761413574219e-02
4.174507781863212585e-02
4.218255728483200073e-02
8.400190621614456177e-03
4.947963170707225800e-04
4.047372043132781982e-01
8.091660737991333008e-01
9.102193638682365417e-03
8.381992578506469727e-01
1.474134624004364014e-01
1.245957463979721069e-01
7.527238875627517700e-02
6.914912164211273193e-02
1.941941329278051853e-03
4.418778121471405029e-01
6.226281449198722839e-02
3.902446478605270386e-02
1.226324364542961121e-01
9.959702491760253906e-01
1.241407357156276703e-02
4.431534931063652039e-02
5.174913257360458374e-02
4.159744083881378174e-02
4.200237244367599487e-02
8.286731317639350891e-03
8.251037215813994408e-04
5.401833057403564453e-01
8.133853077888488770e-01
3.339010290801525116e-03
8.249293565750122070e-01
1.852266192436218262e-01
1.392329931259155273e-01
8.435565233230590820e-02
8.431170880794525146e-02
2.660535974428057671e-03
3.931513428688049316e-01
6.593399494886398315e-02
3.921880200505256653e-02
1.331181526184082031e-01
1.188664078712463379e+00
1.209983415901660919e-02
4.691684618592262268e-02
5.694648623466491699e-02
4.694646224379539490e-02
4.777865111827850342e-02
1.384978741407394409e-02
8.097526733763515949e-04
6.138843894004821777e-01
8.109378814697265625e-01
2.841166453436017036e-03
7.814802527427673340e-01
1.617837250232696533e-01
1.161113008856773376e-01
8.735373616218566895e-02
8.021972328424453735e-02
1.868157996796071529e-03
3.855030536651611328e-01
8.243466913700103760e-02
5.477858334779739380e-02
1.441485583782196045e-01
1.053503870964050293e+00
1.627741940319538116e-02
5.104195326566696167e-02
5.006836727261543274e-02
5.084718018770217896e-02
4.935237392783164978e-02
2.680897340178489685e-02
7.970982114784419537e-04
5.956366658210754395e-01
7.994531989097595215e-01
2.398641780018806458e-03
7.313778996467590332e-01
1.010772138833999634e-01
7.530394196510314941e-02
4.165600612759590149e-02
8.088497072458267212e-02
1.680715824477374554e-03
3.993383049964904785e-01
4.081465676426887512e-02
2.611058019101619720e-02
1.219974234700202942e-01
5.318689942359924316e-01
8.214384317398071289e-03
4.091968014836311340e-02
2.437155507504940033e-02
3.861777484416961670e-02
3.871706500649452209e-02
1.615948230028152466e-02
8.127482724376022816e-04
6.027519106864929199e-01
7.849476933479309082e-01
2.299876883625984192e-03
4.946044683456420898e-01
1.138432696461677551e-02
8.774964138865470886e-03
5.882752127945423126e-03
8.875893056392669678e-02
1.592097221873700619e-03
4.079036116600036621e-01
3.673043847084045410e-02
2.426269464194774628e-02
1.324097961187362671e-01
4.134198129177093506e-01
7.025392260402441025e-03
4.056801274418830872e-02
2.041835151612758636e-02
3.976539522409439087e-02
3.648190945386886597e-02
1.804139278829097748e-02
6.388432229869067669e-04
5.639125108718872070e-01
7.951142191886901855e-01
2.190564293414354324e-03
4.008325934410095215e-01
1.743414811789989471e-02
1.791329309344291687e-02
1.444974262267351151e-02
8.648603409528732300e-02
1.450074254535138607e-03
4.491350054740905762e-01
3.648426383733749390e-02
2.604995481669902802e-02
9.895372390747070312e-02
5.322278141975402832e-01
6.330274511128664017e-03
3.764639422297477722e-02
1.664215698838233948e-02
3.331734985113143921e-02
3.207411617040634155e-02
2.087657712399959564e-02
6.343635614030063152e-04
5.829761624336242676e-01
7.912207841873168945e-01
2.875251695513725281e-03
2.246462106704711914e-01
2.464192174375057220e-02
2.543366886675357819e-02
1.725908182561397552e-02
7.243722677230834961e-02
1.244908315129578114e-03
5.092421770095825195e-01
3.530315682291984558e-02
2.246061339974403381e-02
1.082067266106605530e-01
5.033955574035644531e-01
6.224074400961399078e-03
4.234591126441955566e-02
1.531777624040842056e-02
3.725395724177360535e-02
3.701765090227127075e-02
2.311420626938343048e-02
6.088783266022801399e-04
5.503335595130920410e-01
7.907489538192749023e-01
2.969275461509823799e-03
2.287624478340148926e-01
1.871981844305992126e-02
1.793320104479789734e-02
1.160299964249134064e-02
5.568230152130126953e-02
1.179526210762560368e-03
6.102839708328247070e-01
3.341862931847572327e-02
2.283479832112789154e-02
1.327540278434753418e-01
3.934358060359954834e-01
6.422973237931728363e-03
4.354293644428253174e-02
1.519548054784536362e-02
4.155035689473152161e-02
4.318876564502716064e-02
2.689851447939872742e-02
7.026189123280346394e-04
6.411762833595275879e-01
7.730762958526611328e-01
2.321323147043585777e-03
1.751949340105056763e-01
8.739064447581768036e-03
8.233175612986087799e-03
4.903826862573623657e-03
5.431783199310302734e-02
1.186126028187572956e-03
5.765150785446166992e-01
3.153583034873008728e-02
2.045570313930511475e-02
1.097085848450660706e-01
2.736943960189819336e-01
5.928749218583106995e-03
3.733058646321296692e-02
1.195034105330705643e-02
4.146609827876091003e-02
3.890841454267501831e-02
3.133262693881988525e-02
6.111583206802606583e-04
5.695070624351501465e-01
7.859616279602050781e-01
2.499323803931474686e-03
2.075584977865219116e-01
1.152541767805814743e-02
1.324305124580860138e-02
6.444795522838830948e-03
5.902560427784919739e-02
1.160667743533849716e-03
6.422264575958251953e-01
3.895056247711181641e-02
2.535282075405120850e-02
1.231374293565750122e-01
2.754711508750915527e-01
6.605982780456542969e-03
3.832463920116424561e-02
9.791542775928974152e-03
3.337592631578445435e-02
3.417718410491943359e-02
3.767670691013336182e-02
6.446615443564951420e-04
5.986317992210388184e-01
7.813536524772644043e-01
3.518969519063830376e-03
2.227153778076171875e-01
1.426891237497329712e-02
1.477022096514701843e-02
8.294044062495231628e-03
6.939134746789932251e-02
1.350571401417255402e-03
7.012847661972045898e-01
5.334628373384475708e-02
3.541668131947517395e-02
1.380602419376373291e-01
3.085139691829681396e-01
9.086315520107746124e-03
4.490147531032562256e-02
1.043169945478439331e-02
4.133188351988792419e-02
4.147139191627502441e-02
4.533139988780021667e-02
6.028661737218499184e-04
5.799154043197631836e-01
7.767978906631469727e-01
2.643025713041424751e-03
1.977871060371398926e-01
1.115067489445209503e-02
1.598083227872848511e-02
9.309258311986923218e-03
6.882819533348083496e-02
1.374196843244135380e-03
7.840741276741027832e-01
4.848793148994445801e-02
3.250999748706817627e-02
1.325463950634002686e-01
2.467638850212097168e-01
9.105187840759754181e-03
3.821663931012153625e-02
9.910301305353641510e-03
3.765768185257911682e-02
3.391896560788154602e-02
3.954101353883743286e-02
5.732901627197861671e-04
5.501812696456909180e-01
7.910879850387573242e-01
2.118115546181797981e-03
1.609048694372177124e-01
7.397238630801439285e-03
7.137786597013473511e-03
4.057891666889190674e-03
7.335885614156723022e-02
1.229843008331954479e-03
9.343765974044799805e-01
5.858554691076278687e-02
3.610522300004959106e-02
1.520940512418746948e-01
2.881525158882141113e-01
9.583227336406707764e-03
4.397896677255630493e-02
1.112267933785915375e-02
4.099484160542488098e-02
3.915262967348098755e-02
4.363102465867996216e-02
6.231823936104774475e-04
5.750279426574707031e-01
7.953132390975952148e-01
3.542369697242975235e-03
2.328396588563919067e-01
5.597960203886032104e-03
6.217384710907936096e-03
3.834603121504187584e-03
7.031351327896118164e-02
1.395704690366983414e-03
1.052386879920959473e+00
3.811214864253997803e-02
2.353034354746341705e-02
1.759814321994781494e-01
3.031486272811889648e-01
6.760015152394771576e-03
5.444195866584777832e-02
1.089123915880918503e-02
4.914298653602600098e-02
5.458135157823562622e-02
4.567291587591171265e-02
6.314256461337208748e-04
5.353361964225769043e-01
8.085160255432128906e-01
2.473621396347880363e-03
1.294870674610137939e-01
5.152056459337472916e-03
4.913626704365015030e-03
3.442698623985052109e-03
6.344934552907943726e-02
1.151220989413559437e-03
1.154549479484558105e+00
3.749750927090644836e-02
2.075578458607196808e-02
2.495156228542327881e-01
4.276259243488311768e-01
6.510274950414896011e-03
8.414740115404129028e-02
1.204664632678031921e-02
8.262033760547637939e-02
8.248444646596908569e-02
4.978108406066894531e-02
5.808902205899357796e-04
5.252355337142944336e-01
8.113495707511901855e-01
4.270860925316810608e-03
2.251195013523101807e-01
5.647343583405017853e-03
5.770290736109018326e-03
3.589380299672484398e-03
6.039404869079589844e-02
1.099173678085207939e-03
1.413130044937133789e+00
3.043368831276893616e-02
1.972233504056930542e-02
2.495895177125930786e-01
5.195928215980529785e-01
5.302966572344303131e-03
9.589517861604690552e-02
1.659802533686161041e-02
8.161272853612899780e-02
8.855198323726654053e-02
5.503918975591659546e-02
5.187332862988114357e-04
5.953043699264526367e-01
8.311322331428527832e-01
2.417014446109533310e-03
7.974985986948013306e-02
6.304591894149780273e-03
5.504331085830926895e-03
3.249305067583918571e-03
6.612376868724822998e-02
1.222933875396847725e-03
1.671949505805969238e+00
3.269222378730773926e-02
1.986996456980705261e-02
2.513732314109802246e-01
4.328886270523071289e-01
6.218585185706615448e-03
7.839740067720413208e-02
1.571513712406158447e-02
7.287672907114028931e-02
8.859671652317047119e-02
6.284795701503753662e-02
5.845489795319736004e-04
5.232419967651367188e-01
8.140531182289123535e-01
9.106869401875883341e-05
6.765528023242950439e-02
5.642928648740053177e-03
5.609847139567136765e-03
3.098279237747192383e-03
4.950755462050437927e-02
1.106216572225093842e-03
2.303452968597412109e+00
3.507068753242492676e-02
2.121995203197002411e-02
2.057640701532363892e-01
4.204439818859100342e-01
6.404261570423841476e-03
7.050067186355590820e-02
1.423493213951587677e-02
6.522270292043685913e-02
6.230187416076660156e-02
6.752952188253402710e-02
5.740926717408001423e-04
5.335075855255126953e-01
8.088828325271606445e-01
1.636169145058374852e-05
4.912849888205528259e-02
5.718562752008438110e-03
6.468342151492834091e-03
3.483737586066126823e-03
6.394769251346588135e-02
1.121199922636151314e-03
2.758627414703369141e+00
3.721464052796363831e-02
2.577212266623973846e-02
2.987035512924194336e-01
5.667939186096191406e-01
5.589637439697980881e-03
1.109190359711647034e-01
1.913495175540447235e-02
8.483476936817169189e-02
9.406384080648422241e-02
7.742859423160552979e-02
6.398255936801433563e-04
6.418719291687011719e-01
8.100258111953735352e-01
1.303840781474718824e-05
6.288013607263565063e-02
4.990776535123586655e-03
6.260830909013748169e-03
3.153981640934944153e-03
7.965538650751113892e-02
1.106572104617953300e-03
2.501313209533691406e+00
4.151863232254981995e-02
2.530000545084476471e-02
3.381045460700988770e-01
6.289931535720825195e-01
6.673399358987808228e-03
1.173518747091293335e-01
2.553946152329444885e-02
1.079694628715515137e-01
1.032838150858879089e-01
9.743335098028182983e-02
7.151784957386553288e-04
6.974501609802246094e-01
8.199397325515747070e-01
1.761408384481910616e-05
3.023688308894634247e-02
5.257763899862766266e-03
5.623965058475732803e-03
4.279659595340490341e-03
8.654598146677017212e-02
1.254304894246160984e-03
3.110444545745849609e+00
4.589957371354103088e-02
2.503588050603866577e-02
3.093524575233459473e-01
5.718466639518737793e-01
7.726331707090139389e-03
1.038540229201316833e-01
2.437043748795986176e-02
9.642197191715240479e-02
9.930483251810073853e-02
1.052846312522888184e-01
7.548989378847181797e-04
7.843024730682373047e-01
8.365766406059265137e-01
3.493009717203676701e-05
6.356571335345506668e-03
5.633146502077579498e-03
6.228313781321048737e-03
4.158917814493179321e-03
8.953277021646499634e-02
1.339338952675461769e-03
2.823489904403686523e+00
4.262012615799903870e-02
2.676191553473472595e-02
2.842470705509185791e-01
4.925647974014282227e-01
7.526298519223928452e-03
9.428488463163375854e-02
2.138692885637283325e-02
8.621714264154434204e-02
8.773467689752578735e-02
1.131057068705558777e-01
7.462523062713444233e-04
7.843756675720214844e-01
8.648967742919921875e-01
8.162506674125324935e-06
4.149311222136020660e-03
9.245002642273902893e-03
7.765727583318948746e-03
4.105641506612300873e-03
9.257975220680236816e-02
1.507084467448294163e-03
2.848253011703491211e+00
4.163594916462898254e-02
2.770920656621456146e-02
2.868321835994720459e-01
5.361995697021484375e-01
7.029382977634668350e-03
8.890891075134277344e-02
2.172744646668434143e-02
8.209417760372161865e-02
8.264745771884918213e-02
1.418764740228652954e-01
7.976400083862245083e-04
7.739184498786926270e-01
8.362177610397338867e-01
8.600963155913632363e-06
9.139262838289141655e-04
1.093392167240381241e-02
1.199455466121435165e-02
5.060579162091016769e-03
1.045110449194908142e-01
1.413116813637316227e-03
2.825507402420043945e+00
4.174461960792541504e-02
2.774965390563011169e-02
2.955729067325592041e-01
6.225558519363403320e-01
7.226322311908006668e-03
1.014427766203880310e-01
2.264803647994995117e-02
8.804921805858612061e-02
8.986540883779525757e-02
1.475515067577362061e-01
8.685950888320803642e-04
8.499975800514221191e-01
8.386422395706176758e-01
8.984831765701528639e-06
1.326083205640316010e-03
1.069345790892839432e-02
1.142530608922243118e-02
7.650707382708787918e-03
9.642780572175979614e-02
1.186039415188133717e-03
3.012625932693481445e+00
4.159995913505554199e-02
3.003044053912162781e-02
3.050666153430938721e-01
5.418780446052551270e-01
8.105081506073474884e-03
1.112504005432128906e-01
2.442274801433086395e-02
1.021018251776695251e-01
1.011205539107322693e-01
1.483447402715682983e-01
9.626962710171937943e-04
1.008630514144897461e+00
9.338621497154235840e-01
1.534741932118777186e-05
2.776792272925376892e-03
1.132787670940160751e-02
1.057725865393877029e-02
6.798874586820602417e-03
1.019207835197448730e-01
1.100083230994641781e-03
3.113221406936645508e+00
4.229626432061195374e-02
2.981571853160858154e-02
3.198733031749725342e-01
6.685882210731506348e-01
7.880932651460170746e-03
1.009805351495742798e-01
2.645486220717430115e-02
1.032176688313484192e-01
1.069064587354660034e-01
1.622363626956939697e-01
1.075524603947997093e-03
9.732277989387512207e-01
7.512106895446777344e-01
9.352782399218995124e-06
3.042950527742505074e-03
9.588490240275859833e-03
9.684505872428417206e-03
5.955132655799388885e-03
1.132565662264823914e-01
1.162400585599243641e-03
3.219008207321166992e+00
4.127784445881843567e-02
3.532804176211357117e-02
3.738813996315002441e-01
7.595694661140441895e-01
8.027699775993824005e-03
1.236999854445457458e-01
3.116641379892826080e-02
1.182189658284187317e-01
1.187679767608642578e-01
1.753183156251907349e-01
1.107468502596020699e-03
1.002325534820556641e+00
7.040870785713195801e-01
9.094341294257901609e-06
7.447151932865381241e-03
2.442860603332519531e-02
2.244515158236026764e-02
1.541415415704250336e-02
1.018624976277351379e-01
1.298028044402599335e-03
3.370968341827392578e+00
5.262469127774238586e-02
4.551507905125617981e-02
3.709877431392669678e-01
7.933126091957092285e-01
1.028993166983127594e-02
1.188656911253929138e-01
3.510345891118049622e-02
1.083909422159194946e-01
1.056146845221519470e-01
2.040891349315643311e-01
9.942043107002973557e-04
8.443986177444458008e-01
5.795143842697143555e-01
4.866343260800931603e-06
3.967874683439731598e-03
3.974589332938194275e-02
3.633131086826324463e-02
2.667758241295814514e-02
7.296858727931976318e-02
1.362200942821800709e-03
3.482676506042480469e+00
4.999709129333496094e-02
5.313055962324142456e-02
3.190749883651733398e-01
9.833326935768127441e-01
1.053073443472385406e-02
1.165011748671531677e-01
4.076309502124786377e-02
1.018520966172218323e-01
1.052217036485671997e-01
2.456048727035522461e-01
1.115427701734006405e-03
9.334347844123840332e-01
4.162629842758178711e-01
8.294304279843345284e-06
5.226018372923135757e-03
5.331827327609062195e-02
5.144191533327102661e-02
3.599182516336441040e-02
5.290608853101730347e-02
1.515539828687906265e-03
3.764504194259643555e+00
4.835144057869911194e-02
6.308202445507049561e-02
3.401205539703369141e-01
1.130584001541137695e+00
1.039420254528522491e-02
1.178760081529617310e-01
5.026150494813919067e-02
1.073037981986999512e-01
1.135958731174468994e-01
2.795680165290832520e-01
1.156201004050672054e-03
1.137823939323425293e+00
4.181870818138122559e-01
2.064686486846767366e-05
3.325436729937791824e-03
5.115199089050292969e-02
4.934432357549667358e-02
3.530334681272506714e-02
7.374028116464614868e-02
1.768365851603448391e-03
4.023850440979003906e+00
4.148946702480316162e-02
7.139543443918228149e-02
3.241073489189147949e-01
1.349797606468200684e+00
8.684215135872364044e-03
1.220111176371574402e-01
5.867480486631393433e-02
1.065379902720451355e-01
1.109227761626243591e-01
3.256062865257263184e-01
1.184276537969708443e-03
1.115846872329711914e+00
3.529622554779052734e-01
1.850353328336495906e-05
1.340559218078851700e-03
2.899964153766632080e-02
2.718249708414077759e-02
1.858685351908206940e-02
7.710054516792297363e-02
2.474026056006550789e-03
4.157512187957763672e+00
4.374423995614051819e-02
7.896117120981216431e-02
2.986760139465332031e-01
1.237151026725769043e+00
9.367396123707294464e-03
1.137388125061988831e-01
6.178008764982223511e-02
1.013941317796707153e-01
1.033704951405525208e-01
3.792629241943359375e-01
1.172810210846364498e-03
1.132627129554748535e+00
4.315744936466217041e-01
1.595180583535693586e-05
5.874913040315732360e-05
2.249476686120033264e-02
1.938923262059688568e-02
1.474298909306526184e-02
7.254847139120101929e-02
2.524326555430889130e-03
4.186670303344726562e+00
5.397346988320350647e-02
8.971796929836273193e-02
2.913753092288970947e-01
1.291577935218811035e+00
1.113632973283529282e-02
1.029445752501487732e-01
6.217538565397262573e-02
8.720900118350982666e-02
8.935343474149703979e-02
4.083877801895141602e-01
1.082119182683527470e-03
8.627611994743347168e-01
3.594446778297424316e-01
1.340165578511687272e-08
4.724026947400261633e-09
2.146942913532257080e-02
1.971648819744586945e-02
1.470694970339536667e-02
7.491077482700347900e-02
3.395753912627696991e-03
3.987179756164550781e+00
5.524547770619392395e-02
8.711769431829452515e-02
3.981601595878601074e-01
1.322795867919921875e+00
1.127824094146490097e-02
1.380283981561660767e-01
6.355763971805572510e-02
1.233366429805755615e-01
1.221619099378585815e-01
3.996011614799499512e-01
1.102361013181507587e-03
1.097311615943908691e+00
6.923855543136596680e-01
1.340165578511687272e-08
4.724026947400261633e-09
2.944934740662574768e-02
2.615904249250888824e-02
1.811418496072292328e-02
7.493384927511215210e-02
3.577042836695909500e-03
4.004950523376464844e+00
4.704936221241950989e-02
8.968069404363632202e-02
3.599993288516998291e-01
1.425207734107971191e+00
1.014401484280824661e-02
1.196972057223320007e-01
6.435173749923706055e-02
1.145565137267112732e-01
1.072303429245948792e-01
4.160590469837188721e-01
9.909078944474458694e-04
1.115291714668273926e+00
6.962552070617675781e-01
1.340165578511687272e-08
4.724026947400261633e-09
3.529578074812889099e-02
3.087104856967926025e-02
1.828934997320175171e-02
8.747787773609161377e-02
4.515668377280235291e-03
3.822563886642456055e+00
4.742341861128807068e-02
9.008542448282241821e-02
3.395719528198242188e-01
1.417415738105773926e+00
1.038410421460866928e-02
1.187772080302238464e-01
6.400141119956970215e-02
1.026335433125495911e-01
1.094198003411293030e-01
4.147912859916687012e-01
1.097254222258925438e-03
1.023889422416687012e+00
7.607347965240478516e-01
1.340165578511687272e-08
4.724026947400261633e-09
2.412342093884944916e-02
2.237428724765777588e-02
1.886523701250553131e-02
6.895995885133743286e-02
4.262530244886875153e-03
3.831820487976074219e+00
4.216505959630012512e-02
9.894717484712600708e-02
3.148634731769561768e-01
1.484550237655639648e+00
9.844023734331130981e-03
1.035850197076797485e-01
6.492844223976135254e-02
9.648321568965911865e-02
9.954327344894409180e-02
4.512578845024108887e-01
9.232530719600617886e-04
1.005149483680725098e+00
7.998232245445251465e-01
1.340165578511687272e-08
4.724026947400261633e-09
1.813844591379165649e-02
1.645279861986637115e-02
1.275677606463432312e-02
6.361465156078338623e-02
4.430992063134908676e-03
4.408627986907958984e+00
4.623468965291976929e-02
1.092568486928939819e-01
2.585197985172271729e-01
1.478430747985839844e+00
9.972424246370792389e-03
9.805816411972045898e-02
6.640083342790603638e-02
7.750135660171508789e-02
8.020328730344772339e-02
4.818142056465148926e-01
8.818216156214475632e-04
1.024742364883422852e+00
1.103304982185363770e+00
1.340165578511687272e-08
4.724026947400261633e-09
1.664249971508979797e-02
1.473334431648254395e-02
1.085121091455221176e-02
5.707526952028274536e-02
5.157751031219959259e-03
4.427045822143554688e+00
5.009837448596954346e-02
1.146525442600250244e-01
2.644151449203491211e-01
1.426389455795288086e+00
1.093062758445739746e-02
9.478492289781570435e-02
6.526333093643188477e-02
7.902888953685760498e-02
7.572229206562042236e-02
4.854850769042968750e-01
9.446375770494341850e-04
1.118638515472412109e+00
8.468842506408691406e-01
1.340165578511687272e-08
4.724026947400261633e-09
1.661674119532108307e-02
1.542534120380878448e-02
1.226562540978193283e-02
5.849518254399299622e-02
5.819803103804588318e-03
4.545794486999511719e+00
5.867479369044303894e-02
1.346095353364944458e-01
1.926714181900024414e-01
1.131773829460144043e+00
1.183106191456317902e-02
7.732833176851272583e-02
5.478326603770256042e-02
5.560532584786415100e-02
5.274057388305664062e-02
5.803079605102539062e-01
1.267760992050170898e-03
1.141064047813415527e+00
4.964914917945861816e-01
1.340165578511687272e-08
4.724026947400261633e-09
1.715525053441524506e-02
1.580066978931427002e-02
1.087452191859483719e-02
5.789783969521522522e-02
4.315676633268594742e-03
4.347809314727783203e+00
8.116116374731063843e-02
1.879672557115554810e-01
3.842703625559806824e-02
7.074675559997558594e-01
1.542754936963319778e-02
9.207597933709621429e-03
4.612855613231658936e-02
1.088569499552249908e-02
1.132388226687908173e-02
5.910973548889160156e-01
9.237226913683116436e-04
9.712913036346435547e-01
6.300396919250488281e-01
1.340165578511687272e-08
4.724026947400261633e-09
1.696771755814552307e-02
1.663322374224662781e-02
1.132821477949619293e-02
5.878121405839920044e-02
4.063836764544248581e-03
4.373250484466552734e+00
5.884906649589538574e-02
1.674660742282867432e-01
3.590193018317222595e-02
5.936704277992248535e-01
1.289226301014423370e-02
1.505575980991125107e-02
4.729622602462768555e-02
1.599263772368431091e-02
1.397855486720800400e-02
6.496856212615966797e-01
1.026535639539361000e-03
1.041742563247680664e+00
6.430758237838745117e-01
1.340165578511687272e-08
4.724026947400261633e-09
1.991503499448299408e-02
1.808638870716094971e-02
1.134660560637712479e-02
5.979463458061218262e-02
3.459356259554624557e-03
4.351614952087402344e+00
5.773974582552909851e-02
1.641817986965179443e-01
3.173446655273437500e-02
5.603685379028320312e-01
1.454235520213842392e-02
9.720830246806144714e-03
4.287623241543769836e-02
1.280469726771116257e-02
1.341200154274702072e-02
6.290290355682373047e-01
8.426000131294131279e-04
8.715388178825378418e-01
8.297402262687683105e-01
1.340165578511687272e-08
4.724026947400261633e-09
1.762570999562740326e-02
1.699955202639102936e-02
1.127935294061899185e-02
6.201880797743797302e-02
3.072609426453709602e-03
4.292006969451904297e+00
5.914849415421485901e-02
1.467324793338775635e-01
4.048086330294609070e-02
7.157298326492309570e-01
1.291882153600454330e-02
1.202755328267812729e-02
3.905165940523147583e-02
1.304196286946535110e-02
1.294381823390722275e-02
6.049576997756958008e-01
7.873668801039457321e-04
7.848623991012573242e-01
7.637940645217895508e-01
1.340165578511687272e-08
4.724026947400261633e-09
1.819997094571590424e-02
1.628238894045352936e-02
1.540707517415285110e-02
6.273456662893295288e-02
1.756310113705694675e-03
4.139361381530761719e+00
5.158590525388717651e-02
1.203466728329658508e-01
5.583009868860244751e-02
6.328217387199401855e-01
1.353875547647476196e-02
1.741364412009716034e-02
4.116746783256530762e-02
1.821263879537582397e-02
2.079098671674728394e-02
5.598437786102294922e-01
8.109591435641050339e-04
9.290856719017028809e-01
7.169191241264343262e-01
1.340165578511687272e-08
4.724026947400261633e-09
1.894592307507991791e-02
1.715287193655967712e-02
1.485353428870439529e-02
6.282254308462142944e-02
1.647300319746136665e-03
4.250827789306640625e+00
5.765914916992187500e-02
1.279412209987640381e-01
6.425615400075912476e-02
5.123307704925537109e-01
1.191347278654575348e-02
1.364515814930200577e-02
4.157239198684692383e-02
2.395830303430557251e-02
1.763758808374404907e-02
5.704672932624816895e-01
7.859822362661361694e-04
8.060021996498107910e-01
7.575736045837402344e-01
1.340165578511687272e-08
4.724026947400261633e-09
2.384643815457820892e-02
2.158050239086151123e-02
1.482257992029190063e-02
6.329118460416793823e-02
1.828196458518505096e-03
4.137562274932861328e+00
6.305076181888580322e-02
1.588638126850128174e-01
1.003707945346832275e-01
4.857676029205322266e-01
1.357424259185791016e-02
2.186512760818004608e-02
4.175510630011558533e-02
3.445377945899963379e-02
3.548423573374748230e-02
6.053095459938049316e-01
6.398622062988579273e-04
5.985628962516784668e-01
6.992286443710327148e-01
1.340165578511687272e-08
4.724026947400261633e-09
2.388400956988334656e-02
2.187653072178363800e-02
1.536253560334444046e-02
6.161787360906600952e-02
1.696661463938653469e-03
3.948449373245239258e+00
7.275966554880142212e-02
1.854081898927688599e-01
8.132723718881607056e-02
4.890408813953399658e-01
1.474617235362529755e-02
2.417847141623497009e-02
4.491781443357467651e-02
2.268862351775169373e-02
2.347480878233909607e-02
6.001450419425964355e-01
5.528217880055308342e-04
5.947388410568237305e-01
6.781179904937744141e-01
1.340165578511687272e-08
4.724026947400261633e-09
2.843063697218894958e-02
2.410766854882240295e-02
1.768305525183677673e-02
6.815739721059799194e-02
1.639407826587557793e-03
3.477321863174438477e+00
6.582428514957427979e-02
1.586871594190597534e-01
7.704330980777740479e-02
5.812946557998657227e-01
1.421752106398344040e-02
2.555793151259422302e-02
4.053516685962677002e-02
3.449219837784767151e-02
3.485289588570594788e-02
5.762047767639160156e-01
5.851209862157702446e-04
6.441947221755981445e-01
5.997282862663269043e-01
1.340165578511687272e-08
4.724026947400261633e-09
3.401856496930122375e-02
2.704513072967529297e-02
1.913569308817386627e-02
7.280613481998443604e-02
1.503830309957265854e-03
3.124666452407836914e+00
8.705745637416839600e-02
1.889656782150268555e-01
8.297133445739746094e-02
4.493114352226257324e-01
1.835191622376441956e-02
3.640588000416755676e-02
4.094206914305686951e-02
3.603060543537139893e-02
4.127355292439460754e-02
6.077519655227661133e-01
5.655630957335233688e-04
6.049425005912780762e-01
5.329954624176025391e-01
1.340165578511687272e-08
4.724026947400261633e-09
3.704183548688888550e-02
3.369914740324020386e-02
2.504513598978519440e-02
6.059737503528594971e-02
1.561657874844968319e-03
3.086813449859619141e+00
1.038527637720108032e-01
2.059786170721054077e-01
1.233140751719474792e-01
4.034468829631805420e-01
2.064284123480319977e-02
3.966116532683372498e-02
3.983312100172042847e-02
4.301569983363151550e-02
4.687055945396423340e-02
6.174332499504089355e-01
4.801832546945661306e-04
4.917066693305969238e-01
3.623083233833312988e-01
1.340165578511687272e-08
4.724026947400261633e-09
2.098371088504791260e-02
1.881671510636806488e-02
1.343312673270702362e-02
8.113171905279159546e-02
1.429322175681591034e-03
3.193037033081054688e+00
1.083986386656761169e-01
2.176769822835922241e-01
1.131020262837409973e-01
3.584210872650146484e-01
2.250027656555175781e-02
3.843009844422340393e-02
3.441370651125907898e-02
2.944540418684482574e-02
3.554191812872886658e-02
6.361004710197448730e-01
5.205613560974597931e-04
4.597355127334594727e-01
3.553225994110107422e-01
1.340165578511687272e-08
4.724026947400261633e-09
3.117024898529052734e-02
2.974717691540718079e-02
2.129985764622688293e-02
1.092611253261566162e-01
1.608931226655840874e-03
3.040764331817626953e+00
1.373345702886581421e-01
2.447025626897811890e-01
1.671570241451263428e-01
2.871789634227752686e-01
2.726881206035614014e-02
3.913179412484169006e-02
2.417766489088535309e-02
4.675162583589553833e-02
5.027633160352706909e-02
6.642922163009643555e-01
5.521072889678180218e-04
4.490807056427001953e-01
3.472483754158020020e-01
1.340165578511687272e-08
4.724026947400261633e-09
4.485939815640449524e-02
4.358677193522453308e-02
3.311564400792121887e-02
1.255903691053390503e-01
1.615073881112039089e-03
2.844393253326416016e+00
1.426053941249847412e-01
2.560878396034240723e-01
1.111490130424499512e-01
2.608459889888763428e-01
2.946197986602783203e-02
3.669994324445724487e-02
2.067953534424304962e-02
4.375852271914482117e-02
4.092518985271453857e-02
6.628174781799316406e-01
5.536392563953995705e-04
5.051975846290588379e-01
3.937714993953704834e-01
1.340165578511687272e-08
4.724026947400261633e-09
4.856032505631446838e-02
4.690550640225410461e-02
3.363934159278869629e-02
1.393260657787322998e-01
1.096103340387344360e-03
2.628375530242919922e+00
1.490442007780075073e-01
2.563496232032775879e-01
1.063455715775489807e-01
2.206866443157196045e-01
3.246382623910903931e-02
2.900332771241664886e-02
1.732739061117172241e-02
3.690531104803085327e-02
3.887104243040084839e-02
6.339080333709716797e-01
6.491296808235347271e-04
4.575097560882568359e-01
3.738733828067779541e-01
1.340165578511687272e-08
4.724026947400261633e-09
3.921733796596527100e-02
3.805252537131309509e-02
2.700171060860157013e-02
1.378327161073684692e-01
1.062304480001330376e-03
2.515700101852416992e+00
1.486613303422927856e-01
2.396521270275115967e-01
1.302413642406463623e-01
1.522349417209625244e-01
3.221355006098747253e-02
4.835041239857673645e-02
1.594194956123828888e-02
5.224137753248214722e-02
5.142244696617126465e-02
5.567927956581115723e-01
5.406183190643787384e-04
4.186670184135437012e-01
3.821544051170349121e-01
1.340165578511687272e-08
4.724026947400261633e-09
2.615681476891040802e-02
2.372098341584205627e-02
1.738024130463600159e-02
1.217532157897949219e-01
8.686759392730891705e-04
2.443171501159667969e+00
1.251615136861801147e-01
2.487695813179016113e-01
1.445786654949188232e-01
1.416116952896118164e-01
2.853758074343204498e-02
4.569263756275177002e-02
1.417805440723896027e-02
4.984715580940246582e-02
5.425044894218444824e-02
4.596385061740875244e-01
5.482014967128634453e-04
3.333648443222045898e-01
4.272190332412719727e-01
1.340165578511687272e-08
4.724026947400261633e-09
2.437330409884452820e-02
2.140460349619388580e-02
1.642982661724090576e-02
1.012358814477920532e-01
8.502998389303684235e-04
2.120223760604858398e+00
1.075214892625808716e-01
1.739354878664016724e-01
1.394578367471694946e-01
1.419261246919631958e-01
2.664377540349960327e-02
4.604912921786308289e-02
1.225520018488168716e-02
5.468962341547012329e-02
5.468156933784484863e-02
3.142616748809814453e-01
7.695801323279738426e-04
4.704596102237701416e-01
4.568701684474945068e-01
1.340165578511687272e-08
2.987397275865077972e-02
2.489498630166053772e-02
2.194625511765480042e-02
1.629230938851833344e-02
1.140753552317619324e-01
9.094318957068026066e-04
1.977633476257324219e+00
9.217891097068786621e-02
1.387439519166946411e-01
1.355370134115219116e-01
1.510476917028427124e-01
2.220839075744152069e-02
4.556322842836380005e-02
1.156346127390861511e-02
4.636318981647491455e-02
5.133091658353805542e-02
2.575524747371673584e-01
7.843162165954709053e-04
6.905018687248229980e-01
4.911498427391052246e-01
1.340165578511687272e-08
7.173718512058258057e-02
2.941852249205112457e-02
3.001178987324237823e-02
2.078533731400966644e-02
1.097866669297218323e-01
9.458680870011448860e-04
1.855281233787536621e+00
9.122837334871292114e-02
1.464675515890121460e-01
1.032195314764976501e-01
1.565580666065216064e-01
2.233690395951271057e-02
3.598740696907043457e-02
1.254797261208295822e-02
3.997461497783660889e-02
3.846812620759010315e-02
3.402408957481384277e-01
6.654848693870007992e-04
5.083445906639099121e-01
5.588095188140869141e-01
1.340165578511687272e-08
7.173683494329452515e-02
2.935799024999141693e-02
2.388159371912479401e-02
1.852498948574066162e-02
1.314747184514999390e-01
9.510929812677204609e-04
1.632798671722412109e+00
8.808485418558120728e-02
1.540845632553100586e-01
8.567191660404205322e-02
1.628493815660476685e-01
2.088897302746772766e-02
3.399429842829704285e-02
1.264496333897113800e-02
3.706713393330574036e-02
3.293072804808616638e-02
3.625289499759674072e-01
1.210598042234778404e-03
4.711603820323944092e-01
6.254292726516723633e-01
1.340165578511687272e-08
7.173955440521240234e-02
2.358367480337619781e-02
2.195717580616474152e-02
1.603711955249309540e-02
1.012446209788322449e-01
9.245267719961702824e-04
1.527610778808593750e+00
1.064397618174552917e-01
1.646711975336074829e-01
1.118111014366149902e-01
1.652341336011886597e-01
2.413662895560264587e-02
3.851564601063728333e-02
1.288651861250400543e-02
4.487673565745353699e-02
4.550165310502052307e-02
3.718160092830657959e-01
1.300299307331442833e-03
8.196458220481872559e-01
6.878695487976074219e-01
1.340165578511687272e-08
7.174154371023178101e-02
2.182465791702270508e-02
1.978423818945884705e-02
1.419607549905776978e-02
1.119257733225822449e-01
7.960200309753417969e-04
1.432081699371337891e+00
1.288004070520401001e-01
1.805954724550247192e-01
1.430531740188598633e-01
1.794912964105606079e-01
2.820810303092002869e-02
5.001738667488098145e-02
1.294435467571020126e-02
5.590300261974334717e-02
5.689335986971855164e-02
3.870681524276733398e-01
1.226020394824445248e-03
6.688839793205261230e-01
7.486271858215332031e-01
1.340165578511687272e-08
7.174032926559448242e-02
2.219463326036930084e-02
1.998821832239627838e-02
1.521891541779041290e-02
1.439663171768188477e-01
9.652155567891895771e-04
1.209974527359008789e+00
1.194086968898773193e-01
1.602480560541152954e-01
1.479712277650833130e-01
1.772518754005432129e-01
2.662694081664085388e-02
5.402899533510208130e-02
1.281861495226621628e-02
6.866558641195297241e-02
5.963646247982978821e-02
3.425639867782592773e-01
1.369457342661917210e-03
6.879908442497253418e-01
8.082746863365173340e-01
1.340165578511687272e-08
7.173843681812286377e-02
2.146821655333042145e-02
1.994868367910385132e-02
1.483527850359678268e-02
1.467470079660415649e-01
1.115291612222790718e-03
1.117863774299621582e+00
1.177805289626121521e-01
1.661916971206665039e-01
1.721869707107543945e-01
1.806253492832183838e-01
2.691959217190742493e-02
6.522958725690841675e-02
1.301862485706806183e-02
7.040573656558990479e-02
7.019992917776107788e-02
3.306425511837005615e-01
8.662972832098603249e-04
5.102705955505371094e-01
8.820077776908874512e-01
1.340165578511687272e-08
7.173696905374526978e-02
2.128915488719940186e-02
1.946684531867504120e-02
1.446852367371320724e-02
1.373394280672073364e-01
9.835151722654700279e-04
9.157034754753112793e-01
1.188302859663963318e-01
1.407350748777389526e-01
2.335750460624694824e-01
2.243020236492156982e-01
2.652709186077117920e-02
7.966214418411254883e-02
1.361183915287256241e-02
8.756656199693679810e-02
9.170641750097274780e-02
2.880667746067047119e-01
1.417800551280379295e-03
6.553385257720947266e-01
9.424189329147338867e-01
1.340165578511687272e-08
7.173410803079605103e-02
2.121684886515140533e-02
1.994283869862556458e-02
1.403782051056623459e-02
1.331262588500976562e-01
1.094306353479623795e-03
7.195522785186767578e-01
1.072931736707687378e-01
1.293469220399856567e-01
2.246112823486328125e-01
2.459523528814315796e-01
2.458532154560089111e-02
7.261501252651214600e-02
1.368776243180036545e-02
7.065324485301971436e-02
7.286039739847183228e-02
2.384411096572875977e-01
1.478518359363079071e-03
9.280794262886047363e-01
9.729105830192565918e-01
1.340165578511687272e-08
7.173103094100952148e-02
2.173313498497009277e-02
1.917180605232715607e-02
1.437573786824941635e-02
1.293536722660064697e-01
1.138575142249464989e-03
7.197810411453247070e-01
1.034513637423515320e-01
1.359913200139999390e-01
2.306450456380844116e-01
2.589474320411682129e-01
2.515365928411483765e-02
6.915894895792007446e-02
1.438706554472446442e-02
7.366346567869186401e-02
7.432407885789871216e-02
2.402261942625045776e-01
1.444219262339174747e-03
1.024302124977111816e+00
9.926009178161621094e-01
1.340165578511687272e-08
7.173448055982589722e-02
2.088249661028385162e-02
1.850820891559123993e-02
1.541660819202661514e-02
1.359012722969055176e-01
1.236482057720422745e-03
5.577563047409057617e-01
1.183719411492347717e-01
1.478466093540191650e-01
2.845871746540069580e-01
2.698603570461273193e-01
2.689424529671669006e-02
9.585307538509368896e-02
1.517822314053773880e-02
9.237597137689590454e-02
9.230244904756546021e-02
2.679696679115295410e-01
1.324545824900269508e-03
9.969161748886108398e-01
1.017035126686096191e+00
1.340165578511687272e-08
7.173311710357666016e-02
1.972369849681854248e-02
1.826687343418598175e-02
1.581111922860145569e-02
1.466018408536911011e-01
1.211897470057010651e-03
5.174317359924316406e-01
1.064107269048690796e-01
1.431671828031539917e-01
2.397270500659942627e-01
2.809775769710540771e-01
2.514301612973213196e-02
8.643560856580734253e-02
1.574586704373359680e-02
8.638082444667816162e-02
8.902794122695922852e-02
2.033155560493469238e-01
1.333257649093866348e-03
6.960232853889465332e-01
1.032225847244262695e+00
1.340165578511687272e-08
7.173303514719009399e-02
2.001633122563362122e-02
1.976854354143142700e-02
1.659155450761318207e-02
1.588045805692672729e-01
1.057055429555475712e-03
4.173714816570281982e-01
1.055002883076667786e-01
1.286529153585433960e-01
2.169683277606964111e-01
2.867121100425720215e-01
2.615896053612232208e-02
8.876082301139831543e-02
1.672174781560897827e-02
8.840095251798629761e-02
8.192989230155944824e-02
1.718534678220748901e-01
1.020468538627028465e-03
6.485980749130249023e-01
1.048302292823791504e+00
1.340165578511687272e-08
7.173534482717514038e-02
2.240933850407600403e-02
1.988648809492588043e-02
1.753408089280128479e-02
1.633707880973815918e-01
1.169333467260003090e-03
3.356242179870605469e-01
1.151371225714683533e-01
1.294652223587036133e-01
2.486953288316726685e-01
3.081460297107696533e-01
2.598853968083858490e-02
8.617842197418212891e-02
1.656590402126312256e-02
8.685554563999176025e-02
8.724470436573028564e-02
1.595907956361770630e-01
1.379746710881590843e-03
8.797215223312377930e-01
1.055822849273681641e+00
1.340165578511687272e-08
7.173632085323333740e-02
2.151850797235965729e-02
1.962239667773246765e-02
1.468532811850309372e-02
1.627749502658843994e-01
1.322422875091433525e-03
2.913064360618591309e-01
1.103813052177429199e-01
1.143703237175941467e-01
2.714513540267944336e-01
3.458676636219024658e-01
2.522076852619647980e-02
9.246069192886352539e-02
1.794346980750560760e-02
9.497729688882827759e-02
9.011612832546234131e-02
8.127601444721221924e-02
1.382111920975148678e-03
1.145409345626831055e+00
1.064574122428894043e+00
1.340165578511687272e-08
7.173721492290496826e-02
2.207591384649276733e-02
2.099079824984073639e-02
1.521005388349294662e-02
1.532913148403167725e-01
1.575119793415069580e-03
2.477397620677947998e-01
9.007433801889419556e-02
9.181326627731323242e-02
3.076505064964294434e-01
3.975027203559875488e-01
1.954269409179687500e-02
1.043962612748146057e-01
2.144134975969791412e-02
1.035321354866027832e-01
1.107718944549560547e-01
4.170194640755653381e-02
1.404514070600271225e-03
9.734513163566589355e-01
1.085645914077758789e+00
1.340165578511687272e-08
7.173678278923034668e-02
2.285771071910858154e-02
2.137017250061035156e-02
1.591270789504051208e-02
1.275301277637481689e-01
1.718731829896569252e-03
2.607069611549377441e-01
8.474174886941909790e-02
7.003015279769897461e-02
2.652558982372283936e-01
4.488813877105712891e-01
2.042670175433158875e-02
9.219293296337127686e-02
2.082561142742633820e-02
1.027393117547035217e-01
9.751989692449569702e-02
6.782255321741104126e-02
1.471873372793197632e-03
1.104071617126464844e+00
1.093831419944763184e+00
1.340165578511687272e-08
7.173913717269897461e-02
2.379927970468997955e-02
2.178399264812469482e-02
1.597689278423786163e-02
1.045090928673744202e-01
1.829991699196398258e-03
2.524275481700897217e-01
7.744327187538146973e-02
7.265193015336990356e-02
2.958247959613800049e-01
4.926589727401733398e-01
1.843022927641868591e-02
1.030864492058753967e-01
2.232252061367034912e-02
9.318780899047851562e-02
9.767551720142364502e-02
8.515606075525283813e-02
1.100414083339273930e-03
7.812583446502685547e-01
1.091831326484680176e+00
1.340165578511687272e-08
7.173816114664077759e-02
2.855138480663299561e-02
2.536747604608535767e-02
1.887000538408756256e-02
1.145555377006530762e-01
1.843103324063122272e-03
2.586778402328491211e-01
8.063329756259918213e-02
7.513870298862457275e-02
2.556077539920806885e-01
4.777381420135498047e-01
1.873565465211868286e-02
9.072174131870269775e-02
2.218933962285518646e-02
9.492915868759155273e-02
9.684585034847259521e-02
8.281657099723815918e-02
1.076399930752813816e-03
7.311025261878967285e-01
1.106458663940429688e+00
1.340165578511687272e-08
7.173855602741241455e-02
4.439180716872215271e-02
4.208920523524284363e-02
3.231743350625038147e-02
1.098618730902671814e-01
1.712431898340582848e-03
2.433573156595230103e-01
7.700127363204956055e-02
6.088257953524589539e-02
2.468473613262176514e-01
4.864096939563751221e-01
1.786291040480136871e-02
9.228454530239105225e-02
2.172848209738731384e-02
8.747268468141555786e-02
9.451286494731903076e-02
7.146726548671722412e-02
9.715980850160121918e-04
6.682643294334411621e-01
1.090418100357055664e+00
1.340165578511687272e-08
7.173899561166763306e-02
4.975685477256774902e-02
4.837685078382492065e-02
3.489512577652931213e-02
1.115866750478744507e-01
1.722770044580101967e-03
2.858646214008331299e-01
6.756069511175155640e-02
5.431549996137619019e-02
2.932677268981933594e-01
6.245024800300598145e-01
1.887386105954647064e-02
1.028502359986305237e-01
2.286135219037532806e-02
1.055697798728942871e-01
1.059279441833496094e-01
5.286863446235656738e-02
1.053273677825927734e-03
1.059313416481018066e+00
1.098248839378356934e+00
1.340165578511687272e-08
7.173909991979598999e-02
3.861942887306213379e-02
3.791487962007522583e-02
2.735885046422481537e-02
1.179073452949523926e-01
1.726951682940125465e-03
2.643287479877471924e-01
5.986650660634040833e-02
4.944517090916633606e-02
2.125265747308731079e-01
5.870425105094909668e-01
1.575248688459396362e-02
8.495102822780609131e-02
2.453932352364063263e-02
8.858815580606460571e-02
9.178385883569717407e-02
5.639916285872459412e-02
1.036505447700619698e-03
7.765677571296691895e-01
1.107533931732177734e+00
1.340165578511687272e-08
7.173834741115570068e-02
2.434086427092552185e-02
2.190229855477809906e-02
1.711183786392211914e-02
1.267195940017700195e-01
1.811712281778454781e-03
3.002096414566040039e-01
4.073836654424667358e-02
3.701315447688102722e-02
2.099716812372207642e-01
6.941210031509399414e-01
1.050270162522792816e-02
9.022714942693710327e-02
3.155489638447761536e-02
8.955131471157073975e-02
8.341930806636810303e-02
3.925059735774993896e-02
1.368068740703165531e-03
8.907439708709716797e-01
1.105323195457458496e+00
1.340165578511687272e-08
7.174059003591537476e-02
2.358267828822135925e-02
2.736115083098411560e-02
1.596876047551631927e-02
8.291231840848922729e-02
1.809919020161032677e-03
4.379753768444061279e-01
3.297578543424606323e-02
2.963013015687465668e-02
2.637096643447875977e-01
8.572524189949035645e-01
8.174473419785499573e-03
9.682835638523101807e-02
3.768529742956161499e-02
9.588079154491424561e-02
1.007220521569252014e-01
3.205979987978935242e-02
1.313689863309264183e-03
1.038189530372619629e+00
1.100201010704040527e+00
1.340165578511687272e-08
7.173942774534225464e-02
2.732986211776733398e-02
2.801505476236343384e-02
1.984382234513759613e-02
7.616299390792846680e-02
1.874141162261366844e-03
4.508949518203735352e-01
5.341041833162307739e-02
3.583441302180290222e-02
1.958181262016296387e-01
1.389418601989746094e+00
7.893589325249195099e-03
6.322457641363143921e-02
5.494072288274765015e-02
6.910058856010437012e-02
6.809326261281967163e-02
1.647135466337203979e-01
1.254477770999073982e-03
8.367875218391418457e-01
1.105565786361694336e+00
1.340165578511687272e-08
7.174061238765716553e-02
1.809873878955841064e-01
1.490601301193237305e-01
8.916606009006500244e-02
4.477838054299354553e-02
2.127593848854303360e-03
5.263419151306152344e-01
3.040310554206371307e-02
5.055116489529609680e-02
1.930522173643112183e-01
1.504445910453796387e+00
6.923282518982887268e-03
6.412093341350555420e-02
5.873284861445426941e-02
5.956789851188659668e-02
6.281737983226776123e-02
2.700390517711639404e-01
1.257954631000757217e-03
7.292521595954895020e-01
1.091841459274291992e+00
1.340165578511687272e-08
7.174038141965866089e-02
1.350899487733840942e-01
1.308164596557617188e-01
6.992617249488830566e-02
2.684500068426132202e-02
2.403686288744211197e-03
5.439215898513793945e-01
2.824580296874046326e-02
3.457719832658767700e-02
2.097076177597045898e-01
1.502749800682067871e+00
6.032613571733236313e-03
7.259604334831237793e-02
5.578328296542167664e-02
7.361575961112976074e-02
7.098712772130966187e-02
7.673904299736022949e-02
1.296322676353156567e-03
8.689661622047424316e-01
1.121491074562072754e+00
1.340165578511687272e-08
7.174265384674072266e-02
6.962017714977264404e-02
6.815682351589202881e-02
4.391254112124443054e-02
2.587243542075157166e-02
2.500946633517742157e-03
5.031055212020874023e-01
3.201706707477569580e-02
3.062012419104576111e-02
1.412943899631500244e-01
1.295619249343872070e+00
5.345812998712062836e-03
4.550579562783241272e-02
5.752422288060188293e-02
5.050447583198547363e-02
4.972357302904129028e-02
6.734640151262283325e-02
1.318038208410143852e-03
7.351120710372924805e-01
1.145365357398986816e+00
1.340165578511687272e-08
7.174292206764221191e-02
4.415344446897506714e-02
4.243960976600646973e-02
2.084314264357089996e-02
4.610868543386459351e-02
2.769039478152990341e-03
5.253330469131469727e-01
2.694118581712245941e-02
2.476410567760467529e-02
1.715816110372543335e-01
1.151895642280578613e+00
6.656622514128684998e-03
5.320794880390167236e-02
5.706123635172843933e-02
6.093482300639152527e-02
5.665998905897140503e-02
2.153868414461612701e-02
1.263885525986552238e-03
9.700877070426940918e-01
1.159747719764709473e+00
1.340165578511687272e-08
7.174068689346313477e-02
2.859018184244632721e-02
2.407859079539775848e-02
1.548457890748977661e-02
6.244423240423202515e-02
2.877329709008336067e-03
5.326840281486511230e-01
3.050011955201625824e-02
2.460472658276557922e-02
1.984264254570007324e-01
8.597936034202575684e-01
7.869682274758815765e-03
7.975322753190994263e-02
4.555087536573410034e-02
7.752127200365066528e-02
7.926927506923675537e-02
2.351249195635318756e-02
1.233192742802202702e-03
8.139189481735229492e-01
1.178999185562133789e+00
1.340165578511687272e-08
7.173867523670196533e-02
3.543520718812942505e-02
3.314731642603874207e-02
2.666602283716201782e-02
7.449771463871002197e-02
3.144241869449615479e-03
5.102883577346801758e-01
1.864623092114925385e-02
2.063905633985996246e-02
2.306464910507202148e-01
1.190463423728942871e+00
4.564866423606872559e-03
9.534545242786407471e-02
5.916988104581832886e-02
9.271959960460662842e-02
8.743597567081451416e-02
4.449199885129928589e-02
1.159728504717350006e-03
6.386212706565856934e-01
1.173203945159912109e+00
1.340165578511687272e-08
7.173520326614379883e-02
4.420444741845130920e-02
3.786700218915939331e-02
6.869291886687278748e-03
5.632422491908073425e-02
3.353507025167346001e-03
5.356780886650085449e-01
2.078047767281532288e-02
2.986925467848777771e-02
2.568447291851043701e-01
1.295997858047485352e+00
4.937948193401098251e-03
9.642271697521209717e-02
6.238435953855514526e-02
9.428157657384872437e-02
9.447869658470153809e-02
4.671872407197952271e-02
9.696910856291651726e-04
5.257729291915893555e-01
1.169494509696960449e+00
1.340165578511687272e-08
7.173463702201843262e-02
4.362697526812553406e-02
3.136516362428665161e-02
2.253637462854385376e-02
2.910665608942508698e-02
3.623840399086475372e-03
5.055525898933410645e-01
2.270335517823696136e-02
2.711984328925609589e-02
2.377436012029647827e-01
1.325497746467590332e+00
4.916996695101261139e-03
9.465669095516204834e-02
6.800071150064468384e-02
9.065333008766174316e-02
9.104148298501968384e-02
6.961509585380554199e-02
7.330594235099852085e-04
2.826000452041625977e-01
1.175950169563293457e+00
1.340165578511687272e-08
7.173367589712142944e-02
3.134565055370330811e-02
2.661677822470664978e-02
1.639792136847972870e-02
3.144793212413787842e-02
3.687506541609764099e-03
5.493332743644714355e-01
2.167583629488945007e-02
1.879670470952987671e-02
2.577197253704071045e-01
7.891018986701965332e-01
4.824785050004720688e-03
9.263588488101959229e-02
5.526058003306388855e-02
8.864301443099975586e-02
9.008006751537322998e-02
4.485653713345527649e-02
2.211469109170138836e-04
2.704682946205139160e-01
1.149056673049926758e+00
1.340165578511687272e-08
7.184208929538726807e-02
3.035168163478374481e-02
3.322838619351387024e-02
1.054231729358434677e-02
1.975622028112411499e-02
3.404611721634864807e-03
5.076194405555725098e-01
2.599117346107959747e-02
2.316012606024742126e-02
2.209831029176712036e-01
4.834605753421783447e-01
5.780473351478576660e-03
9.564540535211563110e-02
4.604406654834747314e-02
8.236704021692276001e-02
8.575921505689620972e-02
4.442294314503669739e-02
4.480342904571443796e-04
2.630931735038757324e-01
1.125721931457519531e+00
1.340165578511687272e-08
7.184010744094848633e-02
2.775937877595424652e-02
3.160943835973739624e-02
9.299387224018573761e-03
3.120777755975723267e-02
2.818130655214190483e-03
6.342549324035644531e-01
2.482796646654605865e-02
2.272167429327964783e-02
2.004872113466262817e-01
7.399335503578186035e-01
5.768685135990381241e-03
7.997139543294906616e-02
5.088316276669502258e-02
7.984867691993713379e-02
7.809612154960632324e-02
5.370393395423889160e-02
4.537697532214224339e-04
2.898845672607421875e-01
1.059792041778564453e+00
1.340165578511687272e-08
7.183970510959625244e-02
3.362106159329414368e-02
3.220044821500778198e-02
1.003542542457580566e-02
4.034312069416046143e-02
1.843082369305193424e-03
5.725527405738830566e-01
3.276973962783813477e-02
2.740768529474735260e-02
2.246974706649780273e-01
6.760438084602355957e-01
8.897389285266399384e-03
9.183613210916519165e-02
4.197409749031066895e-02
9.332560747861862183e-02
9.533878415822982788e-02
4.569894820451736450e-02
4.262548463884741068e-04
3.618505001068115234e-01
1.017945289611816406e+00
1.340165578511687272e-08
7.184056937694549561e-02
5.533435195684432983e-02
5.415480956435203552e-02
1.393157988786697388e-02
4.195105284452438354e-02
2.091329079121351242e-03
5.857648253440856934e-01
3.121752478182315826e-02
2.533534541726112366e-02
1.930064260959625244e-01
7.933036088943481445e-01
8.237330242991447449e-03
7.839456945657730103e-02
3.436801582574844360e-02
7.643931359052658081e-02
8.212435990571975708e-02
4.627054184675216675e-02
3.676069900393486023e-04
3.170532882213592529e-01
1.068464040756225586e+00
1.340165578511687272e-08
7.184013724327087402e-02
7.339641451835632324e-02
7.404990494251251221e-02
3.371383622288703918e-02
4.381874203681945801e-02
1.805176027119159698e-03
6.340135931968688965e-01
2.998413890600204468e-02
2.546596899628639221e-02
1.878754347562789917e-01
7.029055356979370117e-01
8.679560385644435883e-03
7.826934754848480225e-02
2.861078083515167236e-02
7.558275759220123291e-02
7.641567289829254150e-02
5.769087001681327820e-02
7.065734243951737881e-04
5.054031610488891602e-01
1.077468156814575195e+00
1.340165578511687272e-08
7.183942198753356934e-02
9.298914670944213867e-02
8.293607831001281738e-02
3.365809470415115356e-02
3.688580170273780823e-02
1.633499050512909889e-03
6.995584368705749512e-01
2.839175797998905182e-02
3.246231004595756531e-02
1.633086651563644409e-01
8.066399097442626953e-01
6.935428828001022339e-03
6.841474771499633789e-02
3.921347111463546753e-02
6.811978667974472046e-02
6.725610792636871338e-02
1.004898399114608765e-01
5.068649770691990852e-04
4.279503524303436279e-01
1.030669927597045898e+00
1.340165578511687272e-08
7.184153050184249878e-02
9.670736640691757202e-02
8.267839252948760986e-02
6.138248741626739502e-02
4.361050948500633240e-02
2.319728257134556770e-03
7.059552073478698730e-01
3.222201392054557800e-02
2.149431966245174408e-02
1.752158254384994507e-01
5.452324151992797852e-01
7.632319349795579910e-03
7.572571188211441040e-02
2.924422360956668854e-02
7.247691601514816284e-02
7.228175550699234009e-02
4.315733909606933594e-02
5.927823367528617382e-04
4.523481130599975586e-01
9.183505177497863770e-01
1.340165578511687272e-08
7.184098660945892334e-02
3.876566141843795776e-02
3.570199012756347656e-02
2.865523472428321838e-02
3.965516760945320129e-02
2.119298558682203293e-03
4.688278734683990479e-01
4.733976721763610840e-02
2.466442808508872986e-02
1.801706105470657349e-01
3.986430764198303223e-01
9.678239002823829651e-03
7.854491472244262695e-02
2.635322883725166321e-02
7.358077168464660645e-02
7.478574663400650024e-02
1.853638142347335815e-02
6.711958558298647404e-04
4.880083203315734863e-01
9.532212615013122559e-01
1.340165578511687272e-08
7.184299081563949585e-02
1.998239941895008087e-02
1.866101659834384918e-02
2.328425645828247070e-02
4.982264712452888489e-02
1.736765494570136070e-03
3.164719939231872559e-01
8.151291310787200928e-02
6.428710371255874634e-02
1.966732144355773926e-01
3.378162980079650879e-01
1.397569105029106140e-02
8.217738568782806396e-02
1.337541826069355011e-02
8.389171957969665527e-02
8.380891382694244385e-02
4.997255653142929077e-02
6.609053816646337509e-04
5.392236113548278809e-01
9.306014776229858398e-01
1.340165578511687272e-08
7.184337824583053589e-02
3.934580460190773010e-02
3.838172554969787598e-02
4.105459153652191162e-02
6.656450033187866211e-02
1.809950568713247776e-03
1.644773483276367188e-01
4.772365838289260864e-02
3.319745510816574097e-02
1.735907942056655884e-01
3.182632327079772949e-01
1.201665401458740234e-02
7.676447182893753052e-02
1.627584546804428101e-02
7.297138124704360962e-02
7.348807901144027710e-02
1.582317985594272614e-02
6.151010165922343731e-04
4.871678948402404785e-01
9.731923341751098633e-01
1.340165578511687272e-08
7.184435427188873291e-02
3.986801207065582275e-02
3.991892188787460327e-02
4.124853387475013733e-02
9.014925360679626465e-02
1.902611809782683849e-03
5.647799000144004822e-02
3.577718138694763184e-02
2.344516292214393616e-02
1.382752656936645508e-01
3.352249562740325928e-01
9.540341794490814209e-03
6.379441916942596436e-02
1.748066209256649017e-02
6.382725387811660767e-02
6.270521134138107300e-02
1.851532049477100372e-02
6.452605593949556351e-04
4.895359575748443604e-01
9.720129966735839844e-01
1.340165578511687272e-08
7.184511423110961914e-02
1.524053607136011124e-02
1.730571500957012177e-02
2.123591303825378418e-02
5.667321383953094482e-02
1.870086300186812878e-03
1.123919934034347534e-01
3.015526197850704193e-02
2.106581628322601318e-02
1.098898947238922119e-01
4.205777347087860107e-01
7.368017453700304031e-03
5.169554427266120911e-02
1.964209228754043579e-02
5.333915352821350098e-02
5.144101753830909729e-02
1.718978583812713623e-02
7.113969768397510052e-04
4.995399713516235352e-01
9.617361426353454590e-01
1.340165578511687272e-08
7.184610515832901001e-02
1.594372838735580444e-02
1.633600145578384399e-02
2.046776749193668365e-02
4.788095504045486450e-02
2.052175579592585564e-03
1.104426383972167969e-01
2.691454254090785980e-02
2.224386669695377350e-02
1.153510659933090210e-01
4.481672644615173340e-01
6.646247114986181259e-03
5.614981800317764282e-02
2.701356820762157440e-02
5.753890052437782288e-02
6.093543022871017456e-02
2.029433473944664001e-02
7.613853085786104202e-04
5.669096708297729492e-01
9.358000159263610840e-01
1.340165578511687272e-08
7.184690237045288086e-02
1.953019201755523682e-02
2.485347911715507507e-02
2.886494249105453491e-02
3.030073083937168121e-02
1.916951383464038372e-03
3.132627010345458984e-01
3.858561441302299500e-02
3.380249068140983582e-02
7.546967267990112305e-02
6.510292291641235352e-01
8.829632773995399475e-03
5.411572754383087158e-02
4.266588017344474792e-02
5.619958415627479553e-02
5.386207625269889832e-02
2.710201963782310486e-02
7.275798707269132137e-04
5.386843681335449219e-01
9.141772389411926270e-01
1.340165578511687272e-08
7.184790074825286865e-02
2.928767912089824677e-02
2.786033973097801208e-02
2.839584276080131531e-02
3.373123332858085632e-02
1.996051985770463943e-03
1.023942947387695312e+00
3.343005478382110596e-02
2.684360370039939880e-02
5.000511929392814636e-02
5.293940305709838867e-01
7.989456877112388611e-03
2.660796418786048889e-02
3.251967951655387878e-02
3.095237910747528076e-02
3.519127145409584045e-02
1.918761432170867920e-02
7.167236180976033211e-04
5.599936246871948242e-01
9.043229222297668457e-01
1.340165578511687272e-08
7.184919714927673340e-02
2.065781317651271820e-02
2.103248052299022675e-02
2.337221242487430573e-02
4.488889873027801514e-02
2.073903102427721024e-03
1.340962648391723633e-01
3.436305001378059387e-02
2.574649080634117126e-02
6.355073302984237671e-02
4.489245712757110596e-01
8.308192715048789978e-03
2.575163356959819794e-02
2.032691240310668945e-02
3.248156234622001648e-02
3.269991651177406311e-02
1.889193430542945862e-02
7.301106234081089497e-04
5.936924815177917480e-01
9.414480328559875488e-01
1.340165578511687272e-08
7.185127586126327515e-02
1.483558490872383118e-02
1.450787577778100967e-02
1.914758607745170593e-02
3.887956589460372925e-02
2.124351682141423225e-03
1.927699744701385498e-01
3.395202383399009705e-02
2.542498894035816193e-02
4.306123778223991394e-02
3.695071637630462646e-01
8.123563602566719055e-03
2.133266814053058624e-02
1.656695082783699036e-02
2.220542170107364655e-02
2.186316810548305511e-02
1.529255323112010956e-02
7.228928734548389912e-04
5.537592172622680664e-01
9.568384289741516113e-01
1.340165578511687272e-08
7.185192406177520752e-02
1.169486530125141144e-02
1.124222110956907272e-02
1.699089631438255310e-02
3.877887129783630371e-02
2.250083256512880325e-03
4.547792673110961914e-01
3.122920729219913483e-02
2.105661295354366302e-02
7.255164533853530884e-02
3.643193244934082031e-01
7.117677479982376099e-03
2.307515405118465424e-02
1.310176495462656021e-02
3.108391351997852325e-02
3.190398961305618286e-02
1.522789429873228073e-02
7.205599104054272175e-04
5.477494597434997559e-01
1.011062026023864746e+00
1.340165578511687272e-08
7.185199856758117676e-02
1.169951446354389191e-02
1.112259738147258759e-02
1.470901258289813995e-02
3.743435814976692200e-02
2.296929480507969856e-03
2.233999818563461304e-01
2.298097312450408936e-02
2.309153974056243896e-02
2.482306957244873047e-02
2.941954433917999268e-01
9.141072630882263184e-03
1.283361762762069702e-02
1.376179046928882599e-02
1.414413377642631531e-02
1.141383312642574310e-02
1.600112766027450562e-02
7.287092739716172218e-04
5.878346562385559082e-01
9.450842738151550293e-01
1.340165578511687272e-08
7.185004651546478271e-02
1.141504757106304169e-02
1.205730624496936798e-02
1.432508230209350586e-02
4.628197848796844482e-02
2.360031707212328911e-03
9.306050837039947510e-02
2.075590938329696655e-02
2.864817157387733459e-02
3.525752201676368713e-02
2.722721695899963379e-01
8.449810557067394257e-03
1.891727745532989502e-02
1.193344034254550934e-02
1.675880886614322662e-02
1.540927495807409286e-02
3.553932532668113708e-02
7.249863701872527599e-04
5.696574449539184570e-01
1.033262133598327637e+00
1.340165578511687272e-08
7.184620946645736694e-02
1.245351787656545639e-02
1.208580099046230316e-02
1.443945802748203278e-02
4.393825680017471313e-02
2.490550279617309570e-03
1.316464543342590332e-01
2.833714336156845093e-02
1.890446990728378296e-02
4.028016701340675354e-02
4.026457965373992920e-01
6.704333238303661346e-03
2.207798324525356293e-02
1.725159026682376862e-02
2.516205050051212311e-02
2.544501796364784241e-02
1.347282994538545609e-02
7.296096882782876492e-04
5.728438496589660645e-01
1.386827111244201660e+00
1.340165578511687272e-08
7.184308022260665894e-02
1.164295990020036697e-02
1.119559817016124725e-02
1.539152022451162338e-02
5.611519142985343933e-02
2.806111238896846771e-03
1.495548039674758911e-01
3.583492711186408997e-02
2.627663686871528625e-02
1.990750059485435486e-02
1.353262215852737427e-01
7.445654831826686859e-03
1.322927325963973999e-02
1.568090170621871948e-02
1.230251230299472809e-02
1.263827271759510040e-02
1.446612365543842316e-02
7.357571157626807690e-04
5.216881632804870605e-01
1.199694037437438965e+00
1.340165578511687272e-08
3.462431952357292175e-02
1.270465366542339325e-02
1.174485404044389725e-02
1.586863212287425995e-02
4.399390146136283875e-02
2.593341749161481857e-03
1.329775601625442505e-01
3.339878097176551819e-02
4.290913790464401245e-02
1.477380562573671341e-02
2.160259038209915161e-01
1.083556097000837326e-02
1.244214363396167755e-02
1.183071732521057129e-02
1.382690202444791794e-02
1.307319849729537964e-02
2.238558977842330933e-02
7.249929476529359818e-04
5.725508928298950195e-01
1.339024662971496582e+00
1.340165578511687272e-08
7.509592920541763306e-03
1.205235999077558517e-02
1.190742850303649902e-02
1.463738828897476196e-02
3.989048674702644348e-02
2.605611225590109825e-03
1.326238065958023071e-01
4.496628791093826294e-02
4.046119004487991333e-02
3.926463425159454346e-02
2.817684113979339600e-01
1.000433508306741714e-02
1.435167714953422546e-02
1.522165536880493164e-02
1.341145392507314682e-02
1.493914611637592316e-02
3.048489801585674286e-02
7.342227618210017681e-04
5.322085618972778320e-01
1.269179344177246094e+00
1.340165578511687272e-08
6.031018681824207306e-03
1.151119545102119446e-02
1.142947096377611160e-02
1.742829196155071259e-02
4.063889384269714355e-02
2.547125797718763351e-03
1.204348951578140259e-01
2.918119728565216064e-02
2.476906217634677887e-02
4.697912558913230896e-02
3.493576645851135254e-01
6.382883992046117783e-03
2.314913272857666016e-02
1.740635000169277191e-02
2.603274211287498474e-02
2.657851204276084900e-02
1.770942471921443939e-02
7.221685955300927162e-04
6.516698598861694336e-01
1.298548340797424316e+00
1.340165578511687272e-08
1.317552756518125534e-03
1.338381972163915634e-02
1.264112908393144608e-02
1.914105936884880066e-02
3.615156933665275574e-02
2.893237397074699402e-03
1.167217418551445007e-01
2.546519041061401367e-02
2.007852494716644287e-02
4.191726818680763245e-02
3.443758189678192139e-01
5.589029751718044281e-03
2.152636460959911346e-02
2.030610106885433197e-02
1.881593838334083557e-02
1.831944286823272705e-02
1.570457592606544495e-02
7.307493360713124275e-04
6.503156423568725586e-01
8.403455018997192383e-01
1.340165578511687272e-08
1.043342635966837406e-03
1.587589271366596222e-02
1.563726365566253662e-02
1.854393817484378815e-02
4.645288735628128052e-02
2.933178097009658813e-03
1.207044348120689392e-01
2.172813192009925842e-02
1.732114888727664948e-02
3.170439600944519043e-02
3.567866384983062744e-01
5.220452789217233658e-03
1.541222818195819855e-02
1.829911023378372192e-02
1.465319469571113586e-02
1.589667424559593201e-02
1.702645607292652130e-02
7.404697244055569172e-04
6.102076768875122070e-01
7.159608602523803711e-01
1.340165578511687272e-08
5.659232381731271744e-03
1.722108386456966400e-02
1.755563355982303619e-02
2.005397342145442963e-02
2.611304260790348053e-02
2.895046258345246315e-03
1.233709752559661865e-01
2.139624953269958496e-02
1.664570719003677368e-02
2.022313512861728668e-02
1.294044703245162964e-01
5.071724299341440201e-03
1.069186534732580185e-02
1.625438593327999115e-02
1.198539603501558304e-02
1.043771393597126007e-02
1.595832407474517822e-02
7.443331996910274029e-04
6.003626585006713867e-01
6.347822546958923340e-01
1.340165578511687272e-08
4.616015590727329254e-03
2.016149647533893585e-02
1.919938251376152039e-02
2.000398002564907074e-02
1.658030785620212555e-02
2.691930625587701797e-03
1.251849085092544556e-01
2.244752086699008942e-02
1.825827360153198242e-02
2.228672988712787628e-02
3.090882897377014160e-01
5.589635111391544342e-03
1.116079092025756836e-02
1.759589649736881256e-02
1.204173360019922256e-02
1.117324084043502808e-02
1.621666364371776581e-02
7.400147151201963425e-04
6.729065179824829102e-01
5.917911529541015625e-01
1.340165578511687272e-08
3.418456995859742165e-03
2.487899921834468842e-02
2.308246120810508728e-02
2.235581725835800171e-02
1.337946020066738129e-02
2.801736583933234215e-03
1.180211007595062256e-01
1.738112606108188629e-02
1.502750162035226822e-02
2.000125497579574585e-02
2.281496226787567139e-01
4.391067661345005035e-03
1.062457915395498276e-02
1.459359005093574524e-02
1.174960657954216003e-02
1.083512976765632629e-02
1.448659133166074753e-02
7.539399666711688042e-04
6.351609230041503906e-01
5.616127252578735352e-01
1.340165578511687272e-08
1.791972899809479713e-03
3.435432910919189453e-02
3.198076039552688599e-02
2.631960622966289520e-02
1.490158680826425552e-02
2.657391596585512161e-03
1.257391422986984253e-01
3.653947263956069946e-02
2.797896228730678558e-02
1.651700958609580994e-02
1.606515944004058838e-01
1.069215033203363419e-02
8.705658838152885437e-03
1.212689746171236038e-02
9.725732728838920593e-03
1.019089855253696442e-02
1.623186282813549042e-02
8.706732769496738911e-04
6.858865022659301758e-01
5.844622850418090820e-01
1.340165578511687272e-08
3.736118786036968231e-03
5.620095878839492798e-02
5.140928551554679871e-02
4.314754530787467957e-02
1.802214235067367554e-02
2.647158922627568245e-03
1.171229258179664612e-01
3.546787425875663757e-02
2.982158027589321136e-02
2.790131419897079468e-02
1.095380559563636780e-01
8.079089224338531494e-03
1.283773314207792282e-02
1.225937530398368835e-02
1.516158226877450943e-02
1.490766834467649460e-02
3.945631533861160278e-02
7.949297432787716389e-04
7.906204462051391602e-01
5.871117711067199707e-01
1.340165578511687272e-08
5.035424139350652695e-03
7.261396944522857666e-02
6.580311059951782227e-02
5.296187847852706909e-02
3.300103545188903809e-02
2.505073091015219688e-03
1.249503716826438904e-01
5.970701202750205994e-02
6.370440870523452759e-02
2.998860366642475128e-02
1.374291181564331055e-01
1.565717719495296478e-02
1.707881689071655273e-02
1.413147337734699249e-02
1.675096526741981506e-02
1.708395220339298248e-02
3.618255257606506348e-02
9.045909391716122627e-04
7.838167548179626465e-01
5.333359837532043457e-01
1.340165578511687272e-08
2.156736329197883606e-03
9.628225862979888916e-02
8.935711532831192017e-02
7.072490453720092773e-02
4.810504615306854248e-02
2.526003168895840645e-03
1.289671212434768677e-01
7.451830804347991943e-02
7.215633988380432129e-02
4.738119989633560181e-02
1.582582741975784302e-01
1.531211659312248230e-02
2.135073021054267883e-02
1.492269244045019150e-02
2.159235998988151550e-02
1.929226517677307129e-02
1.259540319442749023e-01
1.054726191796362400e-03
8.914275169372558594e-01
5.511382818222045898e-01
1.340165578511687272e-08
7.152153993956744671e-04
9.570197016000747681e-02
8.992358297109603882e-02
7.059014588594436646e-02
5.922508239746093750e-02
2.576631493866443634e-03
1.317266672849655151e-01
7.292448729276657104e-02
6.802404671907424927e-02
3.364703804254531860e-02
2.068097293376922607e-01
1.801825128495693207e-02
1.548092998564243317e-02
1.759748719632625580e-02
1.783668436110019684e-02
1.728002727031707764e-02
4.985791072249412537e-02
1.037091715261340141e-03
8.954953551292419434e-01
7.210544347763061523e-01
1.340165578511687272e-08
4.136853385716676712e-03
5.510334670543670654e-02
5.377069115638732910e-02
4.544757679104804993e-02
5.610314011573791504e-02
2.725491067394614220e-03
1.259228438138961792e-01
6.375198811292648315e-02
5.539447441697120667e-02
2.179641649127006531e-02
1.849260628223419189e-01
1.865863427519798279e-02
1.211318839341402054e-02
1.760303601622581482e-02
1.219463068991899490e-02
1.211085729300975800e-02
3.353706747293472290e-02
9.619194315746426582e-04
8.145365715026855469e-01
6.529013514518737793e-01
1.340165578511687272e-08
1.523802871815860271e-03
5.060463398694992065e-02
4.484752193093299866e-02
4.113024100661277771e-02
6.120835617184638977e-02
3.125506453216075897e-03
1.331537812948226929e-01
5.898071452975273132e-02
4.736668244004249573e-02
1.667809113860130310e-02
2.053162306547164917e-01
1.599447987973690033e-02
1.009642798453569412e-02
1.913788914680480957e-02
1.004859339445829391e-02
1.006907038390636444e-02
3.112463653087615967e-02
9.838015539571642876e-04
7.659300565719604492e-01
6.570212244987487793e-01
1.340165578511687272e-08
4.457604140043258667e-03
5.338121578097343445e-02
4.526607692241668701e-02
3.983522206544876099e-02
4.990741610527038574e-02
3.058214671909809113e-03
1.514714509248733521e-01
5.863048508763313293e-02
5.083091929554939270e-02
1.123745273798704147e-02
2.515821754932403564e-01
1.581038907170295715e-02
4.874783568084239960e-03
2.411162294447422028e-02
5.016543902456760406e-03
5.217064637690782547e-03
3.710589930415153503e-02
9.096583235077559948e-04
8.068832159042358398e-01
6.438956856727600098e-01
1.340165578511687272e-08
3.073116065934300423e-03
5.303166434168815613e-02
4.770515114068984985e-02
3.773105889558792114e-02
4.158241301774978638e-02
3.484780667349696159e-03
1.602105796337127686e-01
6.150613352656364441e-02
5.289354920387268066e-02
9.622921235859394073e-03
2.673169076442718506e-01
1.607756316661834717e-02
4.620717372745275497e-03
2.173003181815147400e-02
5.497840233147144318e-03
5.496384110301733017e-03
3.718185797333717346e-02
9.476180421188473701e-04
7.593449950218200684e-01
6.782466173171997070e-01
1.340165578511687272e-08
1.071652295649982989e-04
5.582393333315849304e-02
5.158425495028495789e-02
3.947343304753303528e-02
4.223513603210449219e-02
3.882128512486815453e-03
1.608964204788208008e-01
5.909693241119384766e-02
4.981251060962677002e-02
1.215329952538013458e-02
2.903343439102172852e-01
1.555583719164133072e-02
6.986830383539199829e-03
2.348799444735050201e-02
6.393181625753641129e-03
6.395850796252489090e-03
3.769053518772125244e-02
8.955587400123476982e-04
7.660471796989440918e-01
7.824336290359497070e-01
1.340165578511687272e-08
1.072553204721771181e-04
5.246720463037490845e-02
4.604937508702278137e-02
3.976518288254737854e-02
4.167808964848518372e-02
3.432926256209611893e-03
1.770933419466018677e-01
6.241347640752792358e-02
5.464695021510124207e-02
1.400062441825866699e-02
2.810548543930053711e-01
1.646371744573116302e-02
8.936946280300617218e-03
2.372793108224868774e-02
8.497037924826145172e-03
7.257729768753051758e-03
4.429840296506881714e-02
9.410542552359402180e-04
7.747575640678405762e-01
9.874343872070312500e-01
1.340165578511687272e-08
1.072554732672870159e-04
5.344818904995918274e-02
4.892404749989509583e-02
3.870654478669166565e-02
4.316405206918716431e-02
3.528353292495012283e-03
2.067691534757614136e-01
6.902940571308135986e-02
5.856813117861747742e-02
1.257078442722558975e-02
2.978677749633789062e-01
1.819746568799018860e-02
8.525030687451362610e-03
2.362406067550182343e-02
9.204992093145847321e-03
9.950999170541763306e-03
4.982490092515945435e-02
9.043238824233412743e-04
7.641152143478393555e-01
8.675249218940734863e-01
1.340165578511687272e-08
1.072706509148702025e-04
5.301912501454353333e-02
4.479781910777091980e-02
3.638566657900810242e-02
4.565258696675300598e-02
3.847436513751745224e-03
2.207792848348617554e-01
7.441072165966033936e-02
6.558086723089218140e-02
1.451377384364604950e-02
3.474901616573333740e-01
1.906934008002281189e-02
6.302213296294212341e-03
2.500661462545394897e-02
7.303889840841293335e-03
6.969505921006202698e-03
5.582783743739128113e-02
9.460972505621612072e-04
7.817266583442687988e-01
7.487865090370178223e-01
1.340165578511687272e-08
6.023211777210235596e-02
5.180147662758827209e-02
4.464364424347877502e-02
3.610786795616149902e-02
5.037388205528259277e-02
3.838467411696910858e-03
2.596025764942169189e-01
7.542563974857330322e-02
6.547071039676666260e-02
1.415043789893388748e-02
3.658170700073242188e-01
1.976469345390796661e-02
5.240845493972301483e-03
2.561313286423683167e-02
6.738058291375637054e-03
6.247279234230518341e-03
5.402378737926483154e-02
9.488431387580931187e-04
7.619923353195190430e-01
7.981831431388854980e-01
1.340165578511687272e-08
1.495353430509567261e-01
5.322549492120742798e-02
4.393101856112480164e-02
3.647748008370399475e-02
5.553476512432098389e-02
3.646529745310544968e-03
3.438926935195922852e-01
7.903045415878295898e-02
6.792408972978591919e-02
1.272919774055480957e-02
3.601415157318115234e-01
2.048265561461448669e-02
6.139448843896389008e-03
2.574813365936279297e-02
6.338137201964855194e-03
6.457698531448841095e-03
5.656479671597480774e-02
9.400793351233005524e-04
7.862406969070434570e-01
8.704401850700378418e-01
1.340165578511687272e-08
1.495360136032104492e-01
5.248385295271873474e-02
4.497829452157020569e-02
3.622172027826309204e-02
5.743594467639923096e-02
4.137957468628883362e-03
3.301782906055450439e-01
8.175617456436157227e-02
7.032133638858795166e-02
1.128035318106412888e-02
3.537431359291076660e-01
2.063928544521331787e-02
6.074604578316211700e-03
2.757846191525459290e-02
6.606829818338155746e-03
6.911582779139280319e-03
5.573881790041923523e-02
9.745131246745586395e-04
7.770879864692687988e-01
9.044236540794372559e-01
1.340165578511687272e-08
1.495395451784133911e-01
5.456396564841270447e-02
4.754461720585823059e-02
3.833152726292610168e-02
5.149336531758308411e-02
3.801131853833794594e-03
3.997132480144500732e-01
7.278443872928619385e-02
6.187015399336814880e-02
1.128356344997882843e-02
3.848485350608825684e-01
1.916604302823543549e-02
5.329164676368236542e-03
2.901333943009376526e-02
6.544203963130712509e-03
5.961265414953231812e-03
5.243264883756637573e-02
9.679551003500819206e-04
7.913530468940734863e-01
1.014547944068908691e+00
1.340165578511687272e-08
1.495391428470611572e-01
5.121013149619102478e-02
4.367585480213165283e-02
3.487565368413925171e-02
4.704917967319488525e-02
5.018495954573154449e-03
3.954746127128601074e-01
6.884182244539260864e-02
5.773972347378730774e-02
8.671752177178859711e-03
4.183333218097686768e-01
1.845166273415088654e-02
4.454508423805236816e-03
2.993073873221874237e-02
4.586620256304740906e-03
4.702111240476369858e-03
4.773562401533126831e-02
9.726316202431917191e-04
7.685742974281311035e-01
1.053917527198791504e+00
1.340165578511687272e-08
1.495371162891387939e-01
4.726395756006240845e-02
4.252313822507858276e-02
3.456816822290420532e-02
4.579096660017967224e-02
5.342124495655298233e-03
4.337545931339263916e-01
6.947059184312820435e-02
5.694220587611198425e-02
8.487026207149028778e-03
4.226048886775970459e-01
1.964852400124073029e-02
4.576428793370723724e-03
2.974310331046581268e-02
4.773870110511779785e-03
4.342260770499706268e-03
4.048405215144157410e-02
9.793387725949287415e-04
8.230223655700683594e-01
1.024921536445617676e+00
1.340165578511687272e-08
1.495346128940582275e-01
4.971321299672126770e-02
4.246934503316879272e-02
4.612748324871063232e-02
4.059655219316482544e-02
6.167043466120958328e-03
7.351169586181640625e-01
6.302469223737716675e-02
5.017725005745887756e-02
7.772544864565134048e-03
4.237652719020843506e-01
1.787733659148216248e-02
3.586559789255261421e-03
3.041727282106876373e-02
3.907875157892704010e-03
3.878433024510741234e-03
4.316360503435134888e-02
9.920106967911124229e-04
8.148356080055236816e-01
9.727804064750671387e-01
1.340165578511687272e-08
1.495333760976791382e-01
5.177106335759162903e-02
4.658750817179679871e-02
4.221739619970321655e-02
4.214261844754219055e-02
4.713896661996841431e-03
5.834938287734985352e-01
6.033361703157424927e-02
4.096641764044761658e-02
8.083273656666278839e-03
3.991551101207733154e-01
1.604192703962326050e-02
3.956590313464403152e-03
2.991347014904022217e-02
4.822975955903530121e-03
5.476000253111124039e-03
5.697661265730857849e-02
1.013843342661857605e-03
8.034746050834655762e-01
9.740153551101684570e-01
1.340165578511687272e-08
1.495271921157836914e-01
5.605183169245719910e-02
4.928626865148544312e-02
3.996169567108154297e-02
4.130746051669120789e-02
5.848740693181753159e-03
6.041001677513122559e-01
5.876119807362556458e-02
4.672431945800781250e-02
8.588698692619800568e-03
4.216845333576202393e-01
1.569230854511260986e-02
4.585532005876302719e-03
2.994127571582794189e-02
5.326662678271532059e-03
5.257769953459501266e-03
5.323657393455505371e-02
9.873510571196675301e-04
7.985588908195495605e-01
1.033376932144165039e+00
1.340165578511687272e-08
1.495299637317657471e-01
5.265095084905624390e-02
4.537554830312728882e-02
3.617737442255020142e-02
3.986161947250366211e-02
5.983864888548851013e-03
6.895871162414550781e-01
4.910792037844657898e-02
4.465756937861442566e-02
1.135501731187105179e-02
3.886686563491821289e-01
1.424172706902027130e-02
5.490341223776340485e-03
2.855718135833740234e-02
6.988615728914737701e-03
6.648960523307323456e-03
6.042099744081497192e-02
9.953131666406989098e-04
7.647087574005126953e-01
1.036808609962463379e+00
1.340165578511687272e-08
1.495306640863418579e-01
5.006870627403259277e-02
4.397662356495857239e-02
3.713216260075569153e-02
4.113587364554405212e-02
4.681539256125688553e-03
7.785964012145996094e-01
4.312401264905929565e-02
3.857183083891868591e-02
1.739054173231124878e-02
3.930228948593139648e-01
1.213164534419775009e-02
8.941881358623504639e-03
2.818214334547519684e-02
1.380403712391853333e-02
1.595534384250640869e-02
6.967162340879440308e-02
1.024254597723484039e-03
7.418414354324340820e-01
9.947155714035034180e-01
1.340165578511687272e-08
1.495293229818344116e-01
5.368049815297126770e-02
4.684606194496154785e-02
3.503927215933799744e-02
4.343062266707420349e-02
4.797165747731924057e-03
7.733211517333984375e-01
4.516586661338806152e-02
3.980151191353797913e-02
2.827206626534461975e-02
4.156470000743865967e-01
1.246997248381376266e-02
1.244919653981924057e-02
3.020351193845272064e-02
1.605510711669921875e-02
1.434802729636430740e-02
7.445183396339416504e-02
9.878179989755153656e-04
7.358610630035400391e-01
1.072501420974731445e+00
1.340165578511687272e-08
1.495290845632553101e-01
5.537211894989013672e-02
4.939601942896842957e-02
4.170637950301170349e-02
4.349935054779052734e-02
4.496017936617136002e-03
5.690576434135437012e-01
4.064809530973434448e-02
3.988802433013916016e-02
4.565857723355293274e-02
4.112114310264587402e-01
1.093534473329782486e-02
1.889037527143955231e-02
2.945720590651035309e-02
2.773442678153514862e-02
2.669505588710308075e-02
7.800582796335220337e-02
7.854551076889038086e-04
5.882857441902160645e-01
1.022877454757690430e+00
1.340165578511687272e-08
2.777451872825622559e-01
6.040147319436073303e-02
5.591648444533348083e-02
4.356488585472106934e-02
4.522281140089035034e-02
4.233778920024633408e-03
5.894173979759216309e-01
3.600735217332839966e-02
4.625121876597404480e-02
3.894925862550735474e-02
1.994912326335906982e-01
9.267705492675304413e-03
2.037506923079490662e-02
1.846192777156829834e-02
2.043627202510833740e-02
2.126391977071762085e-02
1.253241002559661865e-01
6.219713832251727581e-04
5.027000904083251953e-01
1.111793279647827148e+00
1.340165578511687272e-08
4.489383697509765625e-01
9.524122625589370728e-02
8.609817177057266235e-02
6.987530738115310669e-02
4.516976326704025269e-02
4.488646984100341797e-03
5.234598517417907715e-01
3.869860619306564331e-02
4.121598228812217712e-02
2.106856554746627808e-02
2.019885778427124023e-01
1.055590156465768814e-02
1.345779187977313995e-02
2.065270207822322845e-02
1.207576785236597061e-02
1.219530031085014343e-02
9.057537466287612915e-02
6.554127903655171394e-04
5.385869145393371582e-01
1.242864131927490234e+00
1.340165578511687272e-08
5.158972740173339844e-01
9.877029061317443848e-02
9.116859734058380127e-02
7.167343050241470337e-02
4.850200936198234558e-02
5.003389436751604080e-03
5.389265418052673340e-01
4.174674302339553833e-02
4.585888236761093140e-02
2.265185117721557617e-02
1.777265667915344238e-01
1.092398259788751602e-02
1.095500309020280838e-02
2.363199926912784576e-02
1.147346664220094681e-02
1.195328310132026672e-02
8.649616688489913940e-02
6.239375798031687737e-04
7.006142735481262207e-01
1.319679021835327148e+00
9.868107736110687256e-03
7.332078218460083008e-01
5.751515552401542664e-02
5.146875232458114624e-02
3.958749771118164062e-02
5.617117881774902344e-02
5.090987309813499451e-03
4.612479805946350098e-01
3.369712457060813904e-02
3.818901255726814270e-02
2.113272249698638916e-02
2.210977226495742798e-01
9.149273857474327087e-03
1.081325300037860870e-02
2.032654359936714172e-02
1.217594183981418610e-02
1.258425600826740265e-02
8.992691338062286377e-02
1.553656067699193954e-03
1.608245491981506348e+00
1.335100412368774414e+00
4.342067986726760864e-02
1.070573687553405762e+00
4.910556599497795105e-02
4.501013085246086121e-02
4.728357121348381042e-02
6.082724407315254211e-02
5.598810967057943344e-03
3.675955832004547119e-01
2.647631987929344177e-02
3.663509711623191833e-02
2.578649669885635376e-02
2.118090838193893433e-01
7.539243903011083603e-03
1.286905258893966675e-02
1.894965395331382751e-02
1.541552133858203888e-02
1.771635375916957855e-02
1.024931520223617554e-01
1.720284461043775082e-03
1.365377187728881836e+00
1.353108763694763184e+00
5.526237934827804565e-02
1.430223941802978516e+00
6.212052702903747559e-02
6.088281422853469849e-02
6.419079750776290894e-02
5.485336109995841980e-02
3.274701070040464401e-03
3.856846094131469727e-01
2.552933990955352783e-02
5.746737122535705566e-02
3.394913673400878906e-02
2.012211531400680542e-01
7.177767809480428696e-03
1.923058927059173584e-02
1.816318929195404053e-02
1.934576407074928284e-02
1.942391321063041687e-02
1.160278916358947754e-01
9.547199588268995285e-04
8.472612500190734863e-01
1.374962568283081055e+00
5.920920893549919128e-02
1.939340829849243164e+00
9.793685376644134521e-02
1.107080429792404175e-01
1.778648942708969116e-01
4.709536582231521606e-02
3.346394514665007591e-03
5.368080139160156250e-01
3.021644987165927887e-02
3.820531815290451050e-02
2.967812120914459229e-02
2.042541503906250000e-01
6.235491018742322922e-03
1.527399104088544846e-02
1.667647063732147217e-02
1.515079941600561142e-02
1.505101844668388367e-02
9.930898994207382202e-02
1.012768829241394997e-03
8.315750956535339355e-01
1.379011750221252441e+00
6.513103097677230835e-02
2.232454776763916016e+00
7.935275137424468994e-02
6.072366982698440552e-02
4.793547466397285461e-02
4.587041214108467102e-02
3.681694157421588898e-03
4.105683267116546631e-01
2.996359579265117645e-02
3.536221012473106384e-02
2.658901922404766083e-02
2.041928023099899292e-01
6.945310626178979874e-03
1.366740185767412186e-02
1.611771434545516968e-02
1.622108928859233856e-02
1.652848906815052032e-02
1.139005720615386963e-01
6.429703207686543465e-04
7.652255296707153320e-01
1.364420771598815918e+00
6.907800585031509399e-02
2.708172082901000977e+00
4.056923463940620422e-02
5.629993230104446411e-02
3.540107607841491699e-02
4.329980164766311646e-02
4.173161461949348450e-03
1.628985106945037842e-01
2.579168416559696198e-02
3.692422062158584595e-02
3.061633370816707611e-02
2.090542614459991455e-01
6.312224082648754120e-03
1.569673791527748108e-02
1.721043884754180908e-02
1.666088588535785675e-02
1.746301166713237762e-02
9.659246355295181274e-02
9.444647002965211868e-04
6.985136866569519043e-01
1.389979720115661621e+00
7.105179876089096069e-02
2.817158222198486328e+00
4.028237611055374146e-02
3.691145405173301697e-02
2.171455882489681244e-02
4.346794635057449341e-02
3.744884859770536423e-03
9.387456625699996948e-02
2.569305896759033203e-02
4.263123497366905212e-02
2.869442850351333618e-02
2.027093619108200073e-01
6.317343097180128098e-03
1.570528373122215271e-02
1.586059480905532837e-02
1.735360734164714813e-02
1.715522632002830505e-02
9.238114953041076660e-02
9.935407433658838272e-04
7.272442579269409180e-01
1.478916168212890625e+00
7.105192542076110840e-02
2.818187236785888672e+00
3.395027667284011841e-02
3.082177229225635529e-02
2.970855869352817535e-02
4.364117607474327087e-02
3.046193392947316170e-03
1.121900230646133423e-01
3.691711276769638062e-02
4.206135496497154236e-02
1.708478853106498718e-02
2.132652848958969116e-01
7.066764868795871735e-03
1.021979376673698425e-02
1.383512746542692184e-02
9.600785560905933380e-03
9.372448548674583435e-03
1.150174587965011597e-01
8.501681149937212467e-04
7.175577878952026367e-01
1.482028722763061523e+00
7.105106860399246216e-02
2.821712017059326172e+00
3.512373566627502441e-02
3.524052351713180542e-02
2.357684262096881866e-02
4.746293649077415466e-02
2.451909705996513367e-03
1.358444988727569580e-01
3.645600378513336182e-02
5.177426338195800781e-02
1.654907688498497009e-02
3.055898547172546387e-01
7.022387348115444183e-03
8.290394209325313568e-03
1.770804077386856079e-02
9.172735735774040222e-03
7.670283317565917969e-03
1.019507944583892822e-01
9.191958815790712833e-04
9.448692798614501953e-01
1.501133203506469727e+00
7.104839384555816650e-02
2.857064723968505859e+00
4.230677336454391479e-02
3.514448925852775574e-02
2.516736276447772980e-02
4.944283515214920044e-02
1.728508621454238892e-03
1.623407453298568726e-01
3.799390792846679688e-02
5.224240571260452271e-02
1.148514263331890106e-02
2.682250738143920898e-01
8.800606243312358856e-03
6.978740449994802475e-03
1.780200563371181488e-02
6.290526594966650009e-03
6.812102161347866058e-03
1.067970022559165955e-01
1.087266951799392700e-03
8.654741644859313965e-01
1.547755837440490723e+00
7.104948163032531738e-02
2.930107116699218750e+00
4.020366445183753967e-02
3.598679602146148682e-02
2.274224534630775452e-02
5.173508822917938232e-02
2.835379447788000107e-03
1.956697851419448853e-01
2.911487407982349396e-02
4.617318138480186462e-02
1.065225154161453247e-02
2.498614639043807983e-01
8.240637369453907013e-03
5.805483553558588028e-03
1.598517596721649170e-02
5.469730589538812637e-03
5.154213868081569672e-03
8.865159749984741211e-02
8.214434492401778698e-04
8.979275822639465332e-01
1.540997505187988281e+00
7.104941457509994507e-02
3.106106042861938477e+00
4.271041601896286011e-02
3.430638834834098816e-02
2.085843123495578766e-02
5.432211607694625854e-02
1.863861689344048500e-03
2.122508734464645386e-01
3.272988274693489075e-02
4.165035486221313477e-02
1.261690072715282440e-02
3.207331001758575439e-01
8.192984387278556824e-03
1.078271400183439255e-02
1.829496771097183228e-02
5.852291360497474670e-03
6.043276749551296234e-03
8.800948411226272583e-02
8.229295490309596062e-04
7.526347637176513672e-01
1.591972947120666504e+00
7.104739546775817871e-02
3.103351831436157227e+00
4.023804143071174622e-02
3.555284813046455383e-02
2.868946641683578491e-02
4.943848773837089539e-02
2.072176663205027580e-03
2.092223465442657471e-01
4.727001860737800598e-02
6.288778036832809448e-02
1.928604952991008759e-02
5.024034380912780762e-01
1.177320815622806549e-02
1.617710292339324951e-02
2.609554305672645569e-02
1.117030531167984009e-02
1.114054489880800247e-02
1.047406569123268127e-01
1.019470975734293461e-03
7.559016346931457520e-01
1.652450561523437500e+00
7.499426603317260742e-02
3.494071960449218750e+00
4.096800833940505981e-02
3.954651206731796265e-02
3.212548419833183289e-02
4.756180569529533386e-02
2.864657668396830559e-03
2.469066679477691650e-01
4.826041683554649353e-02
6.347501277923583984e-02
1.952790282666683197e-02
4.703444540500640869e-01
1.245662104338407516e-02
8.139611221849918365e-03
2.864666283130645752e-02
1.240357290953397751e-02
1.087068207561969757e-02
1.180892139673233032e-01
7.164468406699597836e-04
5.578324198722839355e-01
1.632360219955444336e+00
7.696858048439025879e-02
3.789784669876098633e+00
4.355960711836814880e-02
4.770560562610626221e-02
3.005912154912948608e-02
4.349143803119659424e-02
3.772169351577758789e-03
2.400950640439987183e-01
4.005613178014755249e-02
5.339221656322479248e-02
1.956336200237274170e-02
4.502989947795867920e-01
1.020877622067928314e-02
1.247843820601701736e-02
2.719763852655887604e-02
1.206494960933923721e-02
1.002470869570970535e-02
9.814413636922836304e-02
1.045587472617626190e-03
8.240321874618530273e-01
1.714510440826416016e+00
7.894224673509597778e-02
3.789790630340576172e+00
5.593883246183395386e-02
4.979503154754638672e-02
2.874767780303955078e-02
4.657767340540885925e-02
4.264322575181722641e-03
2.873936891555786133e-01
3.888504207134246826e-02
5.160462111234664917e-02
1.874482259154319763e-02
3.963389992713928223e-01
9.846151806414127350e-03
8.996156044304370880e-03
2.784002386033535004e-02
8.187664672732353210e-03
8.020027540624141693e-03
9.399415552616119385e-02
8.589195203967392445e-04
4.679547250270843506e-01
1.697643041610717773e+00
7.894404232501983643e-02
3.789809703826904297e+00
7.155893743038177490e-02
6.863433122634887695e-02
3.896054998040199280e-02
4.641437157988548279e-02
4.691706039011478424e-03
2.326314747333526611e-01
4.549712315201759338e-02
5.668618157505989075e-02
1.811561174690723419e-02
3.925777077674865723e-01
1.149394642561674118e-02
8.581338450312614441e-03
2.867566049098968506e-02
9.691859595477581024e-03
9.787482209503650665e-03
9.949630498886108398e-02
8.015143102966248989e-04
6.508901715278625488e-01
1.570159673690795898e+00
7.894662767648696899e-02
3.789817810058593750e+00
7.879260927438735962e-02
7.982705533504486084e-02
7.364644110202789307e-02
4.411702975630760193e-02
4.877044819295406342e-03
2.557573914527893066e-01
4.154185578227043152e-02
5.062974616885185242e-02
1.399250514805316925e-02
3.553991615772247314e-01
1.037957239896059036e-02
7.242053747177124023e-03
2.737400121986865997e-02
6.865730509161949158e-03
6.761289201676845551e-03
9.296281635761260986e-02
5.742771900258958340e-04
3.761985301971435547e-01
1.607151746749877930e+00
7.894918322563171387e-02
3.789824724197387695e+00
8.098550885915756226e-02
7.045012712478637695e-02
9.296035766601562500e-02
4.342901706695556641e-02
4.252281039953231812e-03
2.111322730779647827e-01
4.223399609327316284e-02
5.060280114412307739e-02
2.306297048926353455e-02
5.381386280059814453e-01
1.101094018667936325e-02
1.283032819628715515e-02
2.994850091636180878e-02
1.097849197685718536e-02
1.098848134279251099e-02
8.740004897117614746e-02
9.311939356848597527e-04
7.176955342292785645e-01
1.718898534774780273e+00
7.894920557737350464e-02
3.789822816848754883e+00
4.532273113727569580e-02
4.091292619705200195e-02
2.910147421061992645e-02
4.549758881330490112e-02
5.228930618613958359e-03
2.191244065761566162e-01
4.153659939765930176e-02
5.385223031044006348e-02
2.508590929210186005e-02
5.293290019035339355e-01
1.036182045936584473e-02
1.532106008380651474e-02
3.313269093632698059e-02
1.327854860574007034e-02
1.232476625591516495e-02
8.456681668758392334e-02
8.112950599752366543e-04
2.936051487922668457e-01
1.673047542572021484e+00
7.895036786794662476e-02
3.789822816848754883e+00
5.354785919189453125e-02
4.884896799921989441e-02
2.848526462912559509e-02
4.706693813204765320e-02
5.281813908368349075e-03
1.995117068290710449e-01
3.859246149659156799e-02
4.383806511759757996e-02
1.269179861992597580e-02
4.471167027950286865e-01
1.048478391021490097e-02
7.397078443318605423e-03
3.126469999551773071e-02
8.514268323779106140e-03
7.509063929319381714e-03
7.140477746725082397e-02
5.231336690485477448e-04
2.171613872051239014e-01
1.941574096679687500e+00
7.895103842020034790e-02
3.789812803268432617e+00
6.260211765766143799e-02
5.655724555253982544e-02
3.383515402674674988e-02
4.921673983335494995e-02
5.200383719056844711e-03
1.863914877176284790e-01
3.721370920538902283e-02
4.552685841917991638e-02
1.120085082948207855e-02
3.706228137016296387e-01
9.600152261555194855e-03
8.423664607107639313e-03
2.645983546972274780e-02
6.701829377561807632e-03
6.662014871835708618e-03
6.916362792253494263e-02
2.798481436911970377e-04
1.499470025300979614e-01
1.952129125595092773e+00
7.895062118768692017e-02
3.789818525314331055e+00
7.329870760440826416e-02
6.818572431802749634e-02
4.264643415808677673e-02
5.295965075492858887e-02
4.297729115933179855e-03
1.589785516262054443e-01
3.519199788570404053e-02
3.961558640003204346e-02
2.550091035664081573e-02
3.540658056735992432e-01
1.013077609241008759e-02
1.269480586051940918e-02
2.492502704262733459e-02
1.170278433710336685e-02
1.271941233426332474e-02
5.050485581159591675e-02
2.840998931787908077e-04
1.133454516530036926e-01
1.956004142761230469e+00
7.895204424858093262e-02
3.789833784103393555e+00
7.212653756141662598e-02
6.553818285465240479e-02
4.215151071548461914e-02
6.491054594516754150e-02
3.638245165348052979e-03
1.428955793380737305e-01
3.432653099298477173e-02
3.696418181061744690e-02
3.430439904332160950e-02
4.171667993068695068e-01
9.494918398559093475e-03
1.813328452408313751e-02
2.421000227332115173e-02
1.676793769001960754e-02
1.710755564272403717e-02
5.299725383520126343e-02
1.671914942562580109e-04
8.248864114284515381e-02
1.800691485404968262e+00
7.895219326019287109e-02
3.789839267730712891e+00
4.145936295390129089e-02
3.808861970901489258e-02
2.219290286302566528e-02
6.558338552713394165e-02
3.277263371273875237e-03
1.292358785867691040e-01
4.341002181172370911e-02
4.926683381199836731e-02
2.758899144828319550e-02
4.816343784332275391e-01
9.984930045902729034e-03
1.422215066850185394e-02
2.990293130278587341e-02
1.262945123016834259e-02
1.256564725190401077e-02
6.603481620550155640e-02
1.658220426179468632e-04
9.449520707130432129e-02
1.814652919769287109e+00
7.895249873399734497e-02
3.789849519729614258e+00
7.438378036022186279e-02
5.772178620100021362e-02
4.122930020093917847e-02
4.971612617373466492e-02
2.598823048174381256e-03
1.169335991144180298e-01
5.045536160469055176e-02
6.021239235997200012e-02
2.513783052563667297e-02
5.830882191658020020e-01
1.194434519857168198e-02
1.243365276604890823e-02
3.822869807481765747e-02
1.217420306056737900e-02
1.227612327784299850e-02
8.361790329217910767e-02
1.604396238690242171e-04
9.187298268079757690e-02
1.943041086196899414e+00
7.895244657993316650e-02
3.789861679077148438e+00
1.676880866289138794e-01
1.495153009891510010e-01
7.181395590305328369e-02
5.545173957943916321e-02
2.165866084396839142e-03
1.326772570610046387e-01
1.043608188629150391e-01
1.152882948517799377e-01
2.521407604217529297e-02
7.984639406204223633e-01
2.733399718999862671e-02
1.347057987004518509e-02
6.409703940153121948e-02
1.205906085669994354e-02
1.318353135138750076e-02
1.116593554615974426e-01
1.781459868652746081e-04
9.206269681453704834e-02
1.849942684173583984e+00
7.895433902740478516e-02
3.789877653121948242e+00
2.038885802030563354e-01
2.388943731784820557e-01
1.190942823886871338e-01
1.147888526320457458e-01
3.687935648486018181e-03
1.435283273458480835e-01
1.214972883462905884e-01
1.431654095649719238e-01
2.845764532685279846e-02
1.144158005714416504e+00
3.126897290349006653e-02
1.388441678136587143e-02
6.082631275057792664e-02
1.392581034451723099e-02
1.381684746593236923e-02
1.392770111560821533e-01
1.776060380507260561e-04
1.044384539127349854e-01
1.944782853126525879e+00
7.895570993423461914e-02
3.789880752563476562e+00
1.679171770811080933e-01
1.938927918672561646e-01
1.251881271600723267e-01
1.757553219795227051e-01
4.530081525444984436e-03
1.564219444990158081e-01
1.302468627691268921e-01
1.473927497863769531e-01
2.704931423068046570e-02
9.841669797897338867e-01
3.745342046022415161e-02
1.783108711242675781e-02
8.286404609680175781e-02
1.526759658008813858e-02
1.598898880183696747e-02
1.982105374336242676e-01
1.771411625668406487e-04
6.688898801803588867e-02
1.860007643699645996e+00
7.895584404468536377e-02
3.789881467819213867e+00
1.276431381702423096e-01
1.265557855367660522e-01
7.209240645170211792e-02
2.391491830348968506e-01
2.869847230613231659e-03
1.305057257413864136e-01
9.788838028907775879e-02
1.116047054529190063e-01
2.160718478262424469e-02
9.650474786758422852e-01
2.698886021971702576e-02
1.261941622942686081e-02
6.793956458568572998e-02
1.257458887994289398e-02
1.128511596471071243e-02
1.459685266017913818e-01
1.086360061890445650e-04
7.151143997907638550e-02
2.047337532043457031e+00
7.895434647798538208e-02
3.789878368377685547e+00
1.204679608345031738e-01
9.342800080776214600e-02
3.515384718775749207e-02
2.047691345214843750e-01
4.223885480314493179e-03
1.263033300638198853e-01
6.471619009971618652e-02
7.874401658773422241e-02
2.944452501833438873e-02
9.304575324058532715e-01
1.733540557324886322e-02
1.513970084488391876e-02
5.349678546190261841e-02
1.338852476328611374e-02
1.386507321149110794e-02
7.931872457265853882e-02
1.555896742502227426e-04
7.391855120658874512e-02
1.992890357971191406e+00
7.895352691411972046e-02
3.789864778518676758e+00
7.478247582912445068e-02
7.403224706649780273e-02
4.020355641841888428e-02
1.066033989191055298e-01
2.678974065929651260e-03
1.112678200006484985e-01
5.309124290943145752e-02
6.524220854043960571e-02
2.831651829183101654e-02
4.263511896133422852e-01
1.323099341243505478e-02
1.436413079500198364e-02
4.256844520568847656e-02
1.384713966399431229e-02
1.486586779356002808e-02
5.298670008778572083e-02
1.235933304997161031e-04
7.534658163785934448e-02
2.263637065887451172e+00
7.895332574844360352e-02
3.789844036102294922e+00
8.337250351905822754e-02
6.295585632324218750e-02
3.767335414886474609e-02
6.598550081253051758e-02
3.186717629432678223e-03
1.031257957220077515e-01
2.794499695301055908e-02
3.498258069157600403e-02
3.774810209870338440e-02
6.707108020782470703e-01
7.114024367183446884e-03
1.784401014447212219e-02
4.089800640940666199e-02
1.759263314306735992e-02
1.736775971949100494e-02
2.356823906302452087e-02
1.355754793621599674e-04
6.481345742940902710e-02
2.269452810287475586e+00
7.895341515541076660e-02
3.789820671081542969e+00
7.808366417884826660e-02
6.251648813486099243e-02
3.918761014938354492e-02
3.228782489895820618e-02
2.301312517374753952e-03
4.246712848544120789e-02
1.833736896514892578e-02
2.265281043946743011e-02
4.242567718029022217e-02
1.941694468259811401e-01
4.444766789674758911e-03
2.472024224698543549e-02
3.465565666556358337e-02
2.537285350263118744e-02
2.358297072350978851e-02
1.616096869111061096e-02
1.358033769065514207e-04
7.108148187398910522e-02
2.525019884109497070e+00
7.895283401012420654e-02
3.789806127548217773e+00
7.850856333971023560e-02
6.854058802127838135e-02
4.188216105103492737e-02
3.384873270988464355e-02
1.788064138963818550e-03
5.299327522516250610e-02
1.458250638097524643e-02
1.519268285483121872e-02
5.236969515681266785e-02
2.009879499673843384e-01
3.736363723874092102e-03
2.564160525798797607e-02
1.964405365288257599e-02
2.052121981978416443e-02
2.468045800924301147e-02
1.421545259654521942e-02
1.220843550981953740e-04
7.123063504695892334e-02
1.829900145530700684e+00
7.895097881555557251e-02
3.789782285690307617e+00
9.543039649724960327e-02
6.691262125968933105e-02
4.638100415468215942e-02
4.188165813684463501e-02
1.253167982213199139e-03
1.922366395592689514e-02
2.188160642981529236e-02
1.968736946582794189e-02
5.926921218633651733e-02
1.366360932588577271e-01
4.905932117253541946e-03
2.779770456254482269e-02
3.037983551621437073e-02
2.678069658577442169e-02
2.732363715767860413e-02
2.387334406375885010e-02
1.120777887990698218e-04
6.300061941146850586e-02
1.786972761154174805e+00
7.894954830408096313e-02
3.789783239364624023e+00
7.827453315258026123e-02
6.032282859086990356e-02
4.334154725074768066e-02
4.970369488000869751e-02
1.236402429640293121e-03
5.852021649479866028e-02
2.082209847867488861e-02
2.189878933131694794e-02
5.803687870502471924e-02
3.264259696006774902e-01
4.765177145600318909e-03
3.012359701097011566e-02
3.068052232265472412e-02
2.522345446050167084e-02
2.383697964251041412e-02
1.803803630173206329e-02
1.018363109324127436e-04
4.805730655789375305e-02
1.765380620956420898e+00
7.894825935363769531e-02
3.789773225784301758e+00
7.004400342702865601e-02
7.590901106595993042e-02
2.686659432947635651e-02
5.060464516282081604e-02
9.448916534893214703e-04
3.494361415505409241e-02
1.844685524702072144e-02
2.215089462697505951e-02
6.299005448818206787e-02
3.472071290016174316e-01
4.796803928911685944e-03
3.391977772116661072e-02
2.522020600736141205e-02
2.858274802565574646e-02
2.845325879752635956e-02
3.003878891468048096e-02
9.242146188626065850e-05
5.140123888850212097e-02
1.585337162017822266e+00
7.894797623157501221e-02
3.789767026901245117e+00
8.847969770431518555e-02
6.659426540136337280e-02
3.680083155632019043e-02
5.785026028752326965e-02
8.877430809661746025e-04
2.944593690335750580e-02
4.391115158796310425e-02
3.755014762282371521e-02
7.883393019437789917e-02
4.104244709014892578e-01
7.463859859853982925e-03
3.187892213463783264e-02
2.148902975022792816e-02
2.991281822323799133e-02
3.271513432264328003e-02
4.325031116604804993e-02
9.694840991869568825e-05
6.066978722810745239e-02
1.523312926292419434e+00
7.894700765609741211e-02
3.789756774902343750e+00
1.062612533569335938e-01
8.445625752210617065e-02
4.352718219161033630e-02
6.681130826473236084e-02
9.928097715601325035e-04
5.953696742653846741e-02
3.008281253278255463e-02
3.382712975144386292e-02
4.236487671732902527e-02
4.447066783905029297e-01
8.550231344997882843e-03
2.272065728902816772e-02
2.059253677725791931e-02
2.416924014687538147e-02
2.241808176040649414e-02
4.012699425220489502e-02
1.081304071703925729e-04
6.205413490533828735e-02
1.454337120056152344e+00
7.894881069660186768e-02
3.664338350296020508e+00
1.074017137289047241e-01
1.051459088921546936e-01
6.090750172734260559e-02
6.012318655848503113e-02
1.130957389250397682e-03
7.848850637674331665e-02
2.718749269843101501e-02
3.016341850161552429e-02
3.049049526453018188e-02
4.794862866401672363e-01
5.947659257799386978e-03
1.256446354091167450e-02
1.444417983293533325e-02
1.346055511385202408e-02
1.301517058163881302e-02
5.110998451709747314e-02
1.317143323831260204e-04
9.626399725675582886e-02
1.475733041763305664e+00
7.894958555698394775e-02
3.642295360565185547e+00
1.441095918416976929e-01
1.194418296217918396e-01
8.943949639797210693e-02
5.625380948185920715e-02
1.403620699420571327e-03
7.596622407436370850e-02
1.783171109855175018e-02
2.098211646080017090e-02
2.164720371365547180e-02
4.706120193004608154e-01
5.243114195764064789e-03
1.084843650460243225e-02
2.504937723278999329e-02
1.038787513971328735e-02
1.031974144279956818e-02
4.019150882959365845e-02
1.354286068817600608e-04
9.925226867198944092e-02
1.372873425483703613e+00
7.895017415285110474e-02
3.508656501770019531e+00
1.626154184341430664e-01
1.449720710515975952e-01
1.000559702515602112e-01
4.887801036238670349e-02
1.564760343171656132e-03
6.769037991762161255e-02
4.118479043245315552e-02
3.251421824097633362e-02
1.273140311241149902e-02
3.708929419517517090e-01
7.859236560761928558e-03
1.382241677492856979e-02
2.553444169461727142e-02
1.326323673129081726e-02
1.349338050931692123e-02
3.801328316330909729e-02
1.874395820777863264e-04
1.356597840785980225e-01
1.398164629936218262e+00
7.895179837942123413e-02
3.536322355270385742e+00
1.567138433456420898e-01
1.256326735019683838e-01
9.324301779270172119e-02
4.091447591781616211e-02
1.635069842450320721e-03
6.071306020021438599e-02
3.884518891572952271e-02
3.979486972093582153e-02
8.443384431302547455e-03
2.630641460418701172e-01
1.117565762251615524e-02
4.610014613717794418e-03
1.854490116238594055e-02
3.846611361950635910e-03
4.793227650225162506e-03
2.365663461387157440e-02
2.586151822470128536e-04
2.071932405233383179e-01
1.332972407341003418e+00
7.895296066999435425e-02
3.539322614669799805e+00
7.162958383560180664e-02
6.362067908048629761e-02
4.264942929148674011e-02
3.609900921583175659e-02
7.270114147104322910e-04
8.401863276958465576e-02
2.665191888809204102e-02
2.489758096635341644e-02
1.509069837629795074e-02
1.575634926557540894e-01
6.488576531410217285e-03
9.101071394979953766e-03
1.480368804186582565e-02
8.432744070887565613e-03
8.183202706277370453e-03
1.305290870368480682e-02
3.523426421452313662e-04
3.405958116054534912e-01
1.253010392189025879e+00
7.895568758249282837e-02
3.603860378265380859e+00
6.864852737635374069e-03
8.784447796642780304e-03
5.740756634622812271e-03
6.138958409428596497e-02
1.717284671030938625e-03
1.025743633508682251e-01
1.252880878746509552e-02
9.131166152656078339e-03
2.588632516562938690e-02
1.144080385565757751e-01
4.620277322828769684e-03
1.487826835364103317e-02
8.654074743390083313e-03
1.394857838749885559e-02
1.388618536293506622e-02
8.819051086902618408e-03
4.148388397879898548e-04
3.269198536872863770e-01
1.256106019020080566e+00
7.895682007074356079e-02
3.539511442184448242e+00
9.315995499491691589e-03
9.430841542780399323e-03
7.478274870663881302e-03
4.698175564408302307e-02
2.689184620976448059e-03
1.273242235183715820e-01
1.300409436225891113e-02
1.061675976961851120e-02
2.365537360310554504e-02
1.104347035288810730e-01
2.932200208306312561e-03
1.332418248057365417e-02
4.849539604038000107e-03
1.243108231574296951e-02
1.241592876613140106e-02
1.781113073229789734e-02
4.915440222248435020e-04
4.439162611961364746e-01
1.202920675277709961e+00
7.895786315202713013e-02
3.558001518249511719e+00
1.139801461249589920e-02
1.265551336109638214e-02
8.373228833079338074e-03
2.146467752754688263e-02
1.986754126846790314e-03
1.852803975343704224e-01
1.411410700529813766e-02
1.577889360487461090e-02
1.966859586536884308e-02
6.294807046651840210e-02
2.816083608195185661e-03
7.231261115521192551e-03
3.078071866184473038e-03
8.034748956561088562e-03
7.667327299714088440e-03
2.736899629235267639e-02
5.287863314151763916e-04
4.543623626232147217e-01
1.210371971130371094e+00
7.895854860544204712e-02
3.585090160369873047e+00
9.965921752154827118e-03
1.085406076163053513e-02
7.889939472079277039e-03
1.779199391603469849e-02
3.741834079846739769e-03
2.354716360569000244e-01
1.505311019718647003e-02
1.625277101993560791e-02
1.402711868286132812e-02
5.886428058147430420e-02
3.521340200677514076e-03
6.048699375241994858e-03
3.378232242539525032e-03
5.897502880543470383e-03
5.436160136014223099e-03
2.772065252065658569e-02
5.598664283752441406e-04
5.123963356018066406e-01
1.247422695159912109e+00
7.896106690168380737e-02
3.588443517684936523e+00
5.048338789492845535e-03
5.856091156601905823e-03
3.508584108203649521e-03
1.638809777796268463e-02
4.668977577239274979e-03
4.223742783069610596e-01
1.066748611629009247e-02
1.552702113986015320e-02
1.611280813813209534e-02
7.868982851505279541e-02
3.248570254072546959e-03
6.326534785330295563e-03
4.434292670339345932e-03
5.211793351918458939e-03
7.441330701112747192e-03
2.758810855448246002e-02
5.719135515391826630e-04
4.260515868663787842e-01
1.282575368881225586e+00
7.896302640438079834e-02
3.540722131729125977e+00
1.135310996323823929e-02
1.328924112021923065e-02
8.090920746326446533e-03
1.718236878514289856e-02
4.238897003233432770e-03
2.348340749740600586e-01
6.641057319939136505e-03
9.807099588215351105e-03
9.147479198873043060e-03
8.585254848003387451e-02
1.870833686552941799e-03
7.051785942167043686e-03
4.228394012898206711e-03
4.681700374931097031e-03
4.020122345536947250e-03
1.902470923960208893e-02
5.922974087297916412e-04
4.715326428413391113e-01
1.283085584640502930e+00
7.896444201469421387e-02
3.599442005157470703e+00
6.532074511051177979e-02
5.053908377885818481e-02
4.757747426629066467e-02
2.212602645158767700e-02
4.114973358809947968e-03
2.623013556003570557e-01
3.142011351883411407e-03
4.744525067508220673e-03
9.293667972087860107e-03
8.519259840250015259e-02
1.315266825258731842e-03
4.962305072695016861e-03
4.630806390196084976e-03
5.377731285989284515e-03
5.467223469167947769e-03
1.914198882877826691e-02
5.630386876873672009e-04
3.897254467010498047e-01
1.178170919418334961e+00
7.896590232849121094e-02
3.509271860122680664e+00
3.832245618104934692e-02
4.083711653947830200e-02
2.237208746373653412e-02
2.140810713171958923e-02
4.100997000932693481e-03
3.138462603092193604e-01
5.403498653322458267e-03
6.283794995397329330e-03
2.158035151660442352e-02
8.262987434864044189e-02
1.220602542161941528e-03
1.110024191439151764e-02
4.285514820367097855e-03
1.359940320253372192e-02
1.814828813076019287e-02
2.077576145529747009e-02
5.084269796498119831e-04
4.040357172489166260e-01
1.195157766342163086e+00
7.896701246500015259e-02
3.282905101776123047e+00
2.099453657865524292e-02
2.160391956567764282e-02
1.315541099756956100e-02
1.298763882368803024e-02
4.084355197846889496e-03
3.415019810199737549e-01
3.148798365145921707e-03
5.895029753446578979e-03
1.258418150246143341e-02
8.734662830829620361e-02
1.111410791054368019e-03
5.751719698309898376e-03
4.646728280931711197e-03
5.534780211746692657e-03
6.220060400664806366e-03
2.079524099826812744e-02
5.547569016925990582e-04
4.497824609279632568e-01
1.626906633377075195e+00
7.896523177623748779e-02
3.041271686553955078e+00
9.202876128256320953e-03
9.124780073761940002e-03
4.742811899632215500e-03
1.756470277905464172e-02
3.055171575397253036e-03
4.943055510520935059e-01
6.657891441136598587e-03
6.564568262547254562e-03
1.130528282374143600e-02
8.730284124612808228e-02
1.413600519299507141e-03
6.765345577150583267e-03
4.860780201852321625e-03
5.672806873917579651e-03
6.021532230079174042e-03
2.662819996476173401e-02
5.561392754316329956e-04
4.833270609378814697e-01
1.139358043670654297e+00
7.896196097135543823e-02
2.968156814575195312e+00
6.345575675368309021e-03
7.151258643716573715e-03
2.559736836701631546e-03
2.042918838560581207e-02
3.068445250391960144e-03
4.271316528320312500e-01
3.812026465311646461e-03
9.055287577211856842e-03
1.383729930967092514e-02
9.868620336055755615e-02
9.208575356751680374e-04
6.737487856298685074e-03
4.937593825161457062e-03
6.233107298612594604e-03
5.587313789874315262e-03
2.273758500814437866e-02
5.600883741863071918e-04
4.648082256317138672e-01
1.157249093055725098e+00
5.986104533076286316e-02
2.244268417358398438e+00
6.468090228736400604e-03
8.005890063941478729e-03
3.828136716037988663e-03
1.819285564124584198e-02
9.845612803474068642e-04
5.850090980529785156e-01
3.634685650467872620e-03
9.953258559107780457e-03
1.670447923243045807e-02
9.549760818481445312e-02
8.264485513791441917e-04
8.748903870582580566e-03
5.187869071960449219e-03
8.352504111826419830e-03
7.091584615409374237e-03
4.037732258439064026e-02
5.972107173874974251e-04
5.003564953804016113e-01
9.433406591415405273e-01
2.765606902539730072e-02
1.819314002990722656e+00
5.943325813859701157e-03
7.346770726144313812e-03
5.099440459161996841e-03
2.126608788967132568e-02
1.209466718137264252e-03
5.756295919418334961e-01
3.159976797178387642e-03
9.355632588267326355e-03
2.047211304306983948e-02
1.064007729291915894e-01
7.759369909763336182e-04
9.892984293401241302e-03
5.344290286302566528e-03
7.882533594965934753e-03
6.581138819456100464e-03
4.994864761829376221e-02
6.482739700004458427e-04
4.987838268280029297e-01
8.743112683296203613e-01
2.211537212133407593e-02
1.901898741722106934e+00
6.336877588182687759e-03
8.664159104228019714e-03
3.678276436403393745e-03
2.438400126993656158e-02
1.043352647684514523e-03
5.278744697570800781e-01
4.090439993888139725e-03
3.815973876044154167e-03
2.097216807305812836e-02
1.055303215980529785e-01
9.087794460356235504e-04
1.077122800052165985e-02
5.373345222324132919e-03
1.058056484907865524e-02
1.102862600237131119e-02
3.660076111555099487e-02
6.473073735833168030e-04
5.013584494590759277e-01
9.356858134269714355e-01
2.577336132526397705e-02
2.186825037002563477e+00
8.588368073105812073e-03
9.423969313502311707e-03
4.822154995054006577e-03
2.116077952086925507e-02
7.920727366581559181e-04
5.868026018142700195e-01
3.804196603596210480e-03
4.560733679682016373e-03
2.241381071507930756e-02
1.029170677065849304e-01
8.298726170323789120e-04
1.190593000501394272e-02
5.513869225978851318e-03
9.177550673484802246e-03
1.114812679588794708e-02
4.758003354072570801e-02
6.838363478891551495e-04
5.510683059692382812e-01
8.367578387260437012e-01
2.514920383691787720e-02
2.116266965866088867e+00
7.792111486196517944e-03
1.028369460254907608e-02
3.203911706805229187e-03
2.278583496809005737e-02
8.593247039243578911e-04
6.584936976432800293e-01
4.536904860287904739e-03
5.940713919699192047e-03
2.432796731591224670e-02
1.035963445901870728e-01
1.096179941669106483e-03
1.039490941911935806e-02
5.503400228917598724e-03
8.701180107891559601e-03
8.753437548875808716e-03
4.157886281609535217e-02
6.471583619713783264e-04
5.067918300628662109e-01
9.156622290611267090e-01
2.139853872358798981e-02
2.129013538360595703e+00
7.326363585889339447e-03
1.022173743695020676e-02
2.890611300244927406e-03
2.735945768654346466e-02
8.468069136142730713e-04
6.279830932617187500e-01
5.393459461629390717e-03
7.685444317758083344e-03
2.002659626305103302e-02
1.026359647512435913e-01
1.181387808173894882e-03
1.113829948008060455e-02
5.574678536504507065e-03
9.870057925581932068e-03
1.001049112528562546e-02
4.641341790556907654e-02
6.956389988772571087e-04
5.616773962974548340e-01
9.003179669380187988e-01
1.817103289067745209e-02
2.034582376480102539e+00
6.402055267244577408e-03
1.176270656287670135e-02
3.525541629642248154e-03
2.730579115450382233e-02
1.051056664437055588e-03
6.788650155067443848e-01
4.465430974960327148e-03
6.287710275501012802e-03
2.045904658734798431e-02
1.096616387367248535e-01
1.016189693473279476e-03
1.041383668780326843e-02
5.576006136834621429e-03
9.909616783261299133e-03
9.741225279867649078e-03
3.695810958743095398e-02
6.980964681133627892e-04
5.667778253555297852e-01
8.815555572509765625e-01
1.824683323502540588e-02
2.124780654907226562e+00
1.085976883769035339e-02
1.276231836527585983e-02
4.135101102292537689e-03
2.686588838696479797e-02
1.051739905960857868e-03
7.028855085372924805e-01
4.299544263631105423e-03
7.292766589671373367e-03
1.926188170909881592e-02
1.080678626894950867e-01
9.556545992381870747e-04
1.058408059179782867e-02
5.628384184092283249e-03
9.249432012438774109e-03
8.617620915174484253e-03
4.150705784559249878e-02
6.980223115533590317e-04
5.471355915069580078e-01
8.236616849899291992e-01
1.938580535352230072e-02
1.963038325309753418e+00
2.185916528105735779e-02
2.312687970697879791e-02
5.396260879933834076e-03
2.503754757344722748e-02
8.879665983840823174e-04
7.106357812881469727e-01
6.423907820135354996e-03
3.235090058296918869e-03
3.447771817445755005e-02
1.137342602014541626e-01
1.387796248309314251e-03
2.013214491307735443e-02
5.581229925155639648e-03
1.405730005353689194e-02
1.434585638344287872e-02
3.403639793395996094e-02
6.933403201401233673e-04
5.381938219070434570e-01
7.743391990661621094e-01
1.904963329434394836e-02
1.819297552108764648e+00
2.052178792655467987e-02
2.285223267972469330e-02
1.311702933162450790e-02
2.731456607580184937e-02
8.264813804998993874e-04
7.183697223663330078e-01
6.143864244222640991e-03
3.001550445333123207e-03
2.937398664653301239e-02
1.116641834378242493e-01
1.440878375433385372e-03
1.554169226437807083e-02
5.643173586577177048e-03
1.469727326184511185e-02
1.509550493210554123e-02
2.908824197947978973e-02
7.102211820892989635e-04
5.500248670578002930e-01
8.844532966613769531e-01
1.794164441525936127e-02
1.858416914939880371e+00
1.772521063685417175e-02
2.102286554872989655e-02
1.511143334209918976e-02
3.132089599967002869e-02
7.810833631083369255e-04
7.097857594490051270e-01
5.614309106022119522e-03
3.673617960885167122e-03
3.092478588223457336e-02
1.051041260361671448e-01
1.310962252318859100e-03
1.746847666800022125e-02
5.735731218010187149e-03
1.387470122426748276e-02
1.351755112409591675e-02
3.407885506749153137e-02
7.371155661530792713e-04
5.206887125968933105e-01
6.767924427986145020e-01
1.727494411170482635e-02
1.625070095062255859e+00
1.267998572438955307e-02
1.516597345471382141e-02
1.057821698486804962e-02
2.724486216902732849e-02
5.467289010994136333e-04
6.974596977233886719e-01
5.902363453060388565e-03
5.141443572938442230e-03
3.103830479085445404e-02
1.125721335411071777e-01
1.496491488069295883e-03
1.534562185406684875e-02
6.654695607721805573e-03
1.308102812618017197e-02
1.362861227244138718e-02
3.745341300964355469e-02
7.691522478125989437e-04
6.127688288688659668e-01
7.705613970756530762e-01
1.975006982684135437e-02
1.770694136619567871e+00
7.687567267566919327e-03
8.108885958790779114e-03
4.940093494951725006e-03
3.110844269394874573e-02
4.955292679369449615e-04
7.076801061630249023e-01
7.228127680718898773e-03
7.659951224923133850e-03
3.650071844458580017e-02
1.452260315418243408e-01
1.766015426255762577e-03
1.449800562113523483e-02
7.884971797466278076e-03
1.417523156851530075e-02
1.536652632057666779e-02
4.468936473131179810e-02
8.517107344232499599e-04
6.652967333793640137e-01
7.388012409210205078e-01
1.429138984531164169e-02
1.477764487266540527e+00
1.211918517947196960e-02
1.217990554869174957e-02
7.714458275586366653e-03
2.680796943604946136e-02
4.553453472908586264e-04
7.157685160636901855e-01
9.518181905150413513e-03
1.474028546363115311e-02
2.682525478303432465e-02
1.616551578044891357e-01
2.376669319346547127e-03
1.312917657196521759e-02
8.987578563392162323e-03
1.072754152119159698e-02
1.132787577807903290e-02
6.421684473752975464e-02
9.213177836500108242e-04
8.014528155326843262e-01
8.478659391403198242e-01
1.193888392299413681e-02
1.496416687965393066e+00
1.725946553051471710e-02
1.836149580776691437e-02
1.200453191995620728e-02
2.757922746241092682e-02
5.124273593537509441e-04
7.597651481628417969e-01
9.731560945510864258e-03
1.455991156399250031e-02
2.802012115716934204e-02
1.725935637950897217e-01
2.572675235569477081e-03
1.401180587708950043e-02
9.787105955183506012e-03
1.324917189776897430e-02
1.262591592967510223e-02
6.544933468103408813e-02
9.423281298950314522e-04
8.054409027099609375e-01
1.190391302108764648e+00
1.012852042913436890e-02
1.473976135253906250e+00
1.756810583174228668e-02
1.905758120119571686e-02
1.204442139714956284e-02
2.886624075472354889e-02
5.745406378991901875e-04
7.617353796958923340e-01
1.153614278882741928e-02
1.648658514022827148e-02
3.634547442197799683e-02
1.817863732576370239e-01
2.989820437505841255e-03
1.757852733135223389e-02
1.042016223073005676e-02
1.599491015076637268e-02
1.573714800179004669e-02
6.787683069705963135e-02
9.137009619735181332e-04
7.183690667152404785e-01
1.416951894760131836e+00
1.469539757817983627e-02
1.168987989425659180e+00
1.235186494886875153e-02
1.363066304475069046e-02
1.004365831613540649e-02
2.786581218242645264e-02
6.310746539384126663e-04
7.802779674530029297e-01
1.276651863008737564e-02
1.946708932518959045e-02
3.235692903399467468e-02
1.887195855379104614e-01
3.275949042290449142e-03
1.738507673144340515e-02
1.088484004139900208e-02
1.350088510662317276e-02
1.376849226653575897e-02
7.357001304626464844e-02
9.385704761371016502e-04
6.696678996086120605e-01
6.049845814704895020e-01
1.203375868499279022e-02
1.166360616683959961e+00
9.096853435039520264e-03
9.932537563145160675e-03
6.323192268610000610e-03
2.840321883559226990e-02
7.014409638941287994e-04
6.773467659950256348e-01
1.314972527325153351e-02
1.719849556684494019e-02
4.646588489413261414e-02
1.919595599174499512e-01
3.395181382074952126e-03
2.134654298424720764e-02
1.108857057988643646e-02
2.138293907046318054e-02
1.977081224322319031e-02
6.125413626432418823e-02
9.698126232251524925e-04
8.225010633468627930e-01
1.163357138633728027e+00
1.084665302187204361e-02
1.282545924186706543e+00
8.544041775166988373e-03
8.507783524692058563e-03
5.554191302508115768e-03
2.994600310921669006e-02
7.266359752975404263e-04
5.830670595169067383e-01
1.388716883957386017e-02
1.840315200388431549e-02
3.749881684780120850e-02
1.948269456624984741e-01
3.588298568502068520e-03
1.914149895310401917e-02
1.126387063413858414e-02
1.716793328523635864e-02
1.746626943349838257e-02
5.249911174178123474e-02
9.475770639255642891e-04
7.893239259719848633e-01
6.972953081130981445e-01
1.014881394803524017e-02
1.275878787040710449e+00
9.281185455620288849e-03
1.037868857383728027e-02
6.233687046915292740e-03
3.656172007322311401e-02
7.664108998142182827e-04
5.394618511199951172e-01
1.498303841799497604e-02
2.211428619921207428e-02
3.082856722176074982e-02
1.965564489364624023e-01
3.938247915357351303e-03
1.517961733043193817e-02
1.136288233101367950e-02
1.334150321781635284e-02
1.322207693010568619e-02
6.881116330623626709e-02
7.745614857412874699e-04
5.776565074920654297e-01
3.339835405349731445e-01
9.835705161094665527e-03
1.311608314514160156e+00
8.567862212657928467e-03
9.955243207514286041e-03
5.496028810739517212e-03
3.234913945198059082e-02
7.046566461212933064e-04
5.510887503623962402e-01
1.689860038459300995e-02
2.516683563590049744e-02
2.916402556002140045e-02
1.980881690979003906e-01
4.422360099852085114e-03
1.402919366955757141e-02
1.144634652882814407e-02
1.278878841549158096e-02
1.318012364208698273e-02
7.431852817535400391e-02
6.997053278610110283e-04
5.516194701194763184e-01
2.893354892730712891e-01
1.056398637592792511e-02
1.250940203666687012e+00
8.255298249423503876e-03
8.615897968411445618e-03
5.757381673902273178e-03
2.910118922591209412e-02
5.153832607902586460e-04
5.879384875297546387e-01
1.758542843163013458e-02
2.608442679047584534e-02
2.781704999506473541e-02
1.991775184869766235e-01
4.590832628309726715e-03
1.442087534815073013e-02
1.150143425911664963e-02
1.199907623231410980e-02
1.234362926334142685e-02
7.798820734024047852e-02
5.557142430916428566e-04
4.974068105220794678e-01
1.983344852924346924e-01
9.838851168751716614e-03
1.255743741989135742e+00
8.668204769492149353e-03
8.453342132270336151e-03
6.107967346906661987e-03
3.047785907983779907e-02
6.856427644379436970e-04
6.224142909049987793e-01
1.852965727448463440e-02
2.707223407924175262e-02
2.843373082578182220e-02
1.999458521604537964e-01
4.754696507006883621e-03
1.421170309185981750e-02
1.153585966676473618e-02
1.254493556916713715e-02
1.280565652996301651e-02
7.791884988546371460e-02
6.454231915995478630e-04
5.447554588317871094e-01
1.813203990459442139e-01
9.835196658968925476e-03
1.334883570671081543e+00
8.149577304720878601e-03
8.245195262134075165e-03
5.325307138264179230e-03
3.348005563020706177e-02
7.638707756996154785e-04
6.104380488395690918e-01
2.063304558396339417e-02
3.056904487311840057e-02
2.498035505414009094e-02
2.006906270980834961e-01
5.400202702730894089e-03
1.239734888076782227e-02
1.156874932348728180e-02
1.130426954478025436e-02
1.139592379331588745e-02
9.803377091884613037e-02
5.195587291382253170e-04
4.984103143215179443e-01
1.740669459104537964e-01
9.826228022575378418e-03
1.250549912452697754e+00
8.493864908814430237e-03
8.788667619228363037e-03
5.372391082346439362e-03
3.680503740906715393e-02
6.671444280073046684e-04
7.113562226295471191e-01
2.153437584638595581e-02
3.097781166434288025e-02
2.469382062554359436e-02
2.013642489910125732e-01
5.446589086204767227e-03
1.234137732535600662e-02
1.159748248755931854e-02
1.154497265815734863e-02
1.130657922476530075e-02
9.782307595014572144e-02
4.895085585303604603e-04
5.135434269905090332e-01
4.089318215847015381e-01
1.036030333489179611e-02
1.234648227691650391e+00
7.876177318394184113e-03
8.680980652570724487e-03
5.070201121270656586e-03
4.469839110970497131e-02
7.716908585280179977e-04
6.719266772270202637e-01
2.233821712434291840e-02
3.200532123446464539e-02
2.598974853754043579e-02
2.018261402845382690e-01
5.716889165341854095e-03
1.327090431004762650e-02
1.161479763686656952e-02
1.155026163905858994e-02
1.176389586180448532e-02
9.234637767076492310e-02
5.126925534568727016e-04
5.252916216850280762e-01
6.586420536041259766e-01
9.980918839573860168e-03
1.268001914024353027e+00
8.176871575415134430e-03
9.060351178050041199e-03
5.206401925534009933e-03
4.549805074930191040e-02
7.930683786980807781e-04
5.604012608528137207e-01
2.248887717723846436e-02
3.154246136546134949e-02
2.623463608324527740e-02
2.020798176527023315e-01
6.019202526658773422e-03
1.334692351520061493e-02
1.162347383797168732e-02
1.230330392718315125e-02
1.231446675956249237e-02
9.189249575138092041e-02
5.166034097783267498e-04
5.488964915275573730e-01
7.833435535430908203e-01
1.002638693898916245e-02
1.255321741104125977e+00
8.404542692005634308e-03
9.452985599637031555e-03
5.280395038425922394e-03
4.414821043610572815e-02
9.037750423885881901e-04
5.496396422386169434e-01
2.250246144831180573e-02
2.865637280046939850e-02
2.959391102194786072e-02
2.022040635347366333e-01
5.889941006898880005e-03
1.463165413588285446e-02
1.162821706384420395e-02
1.382519770413637161e-02
1.370625570416450500e-02
7.448167353868484497e-02
5.368523998185992241e-04
5.730906724929809570e-01
2.635329961776733398e-01
9.933711960911750793e-03
1.236687660217285156e+00
8.022727444767951965e-03
8.729671128094196320e-03
5.306284874677658081e-03
4.103633761405944824e-02
9.724926203489303589e-04
5.233384966850280762e-01
2.148464880883693695e-02
2.793390676379203796e-02
3.095887042582035065e-02
2.026009857654571533e-01
5.905015859752893448e-03
1.619131490588188171e-02
1.165254879742860794e-02
1.569094881415367126e-02
1.450662128627300262e-02
6.407860666513442993e-02
6.271033780649304390e-04
5.789849758148193359e-01
2.727133929729461670e-01
1.024286262691020966e-02
1.241612076759338379e+00
7.927919737994670868e-03
8.997698314487934113e-03
6.890530232340097427e-03
4.207089543342590332e-02
1.004697987809777260e-03
5.219818949699401855e-01
2.322797477245330811e-02
3.022219240665435791e-02
3.132112696766853333e-02
2.030899226665496826e-01
6.035201717168092728e-03
1.569992862641811371e-02
1.168656907975673676e-02
1.441597938537597656e-02
1.484650094062089920e-02
6.734285503625869751e-02
5.399928777478635311e-04
5.244393944740295410e-01
2.042459249496459961e-01
9.962639771401882172e-03
1.291192889213562012e+00
8.249427191913127899e-03
8.409820497035980225e-03
5.839606747031211853e-03
4.678157716989517212e-02
1.022677635774016380e-03
4.655621051788330078e-01
2.453052066266536713e-02
2.945517376065254211e-02
3.735599294304847717e-02
2.032426148653030396e-01
6.541837006807327271e-03
1.977390423417091370e-02
1.170295663177967072e-02
1.748604699969291687e-02
1.697007194161415100e-02
6.446236371994018555e-02
4.437176394276320934e-04
4.811533391475677490e-01
2.967990338802337646e-01
9.868881665170192719e-03
1.309871315956115723e+00
9.176279418170452118e-03
8.966445922851562500e-03
6.326525006443262100e-03
4.472523555159568787e-02
9.968981612473726273e-04
4.443976879119873047e-01
2.583518996834754944e-02
3.105156123638153076e-02
3.472123667597770691e-02
2.034194171428680420e-01
6.714827846735715866e-03
1.792703010141849518e-02
1.172323245555162430e-02
1.618099212646484375e-02
1.669571734964847565e-02
6.601886451244354248e-02
4.820621979888528585e-04
4.583869576454162598e-01
5.857788324356079102e-01
9.868586435914039612e-03
1.309852957725524902e+00
9.251751005649566650e-03
9.547114372253417969e-03
6.092785391956567764e-03
4.205995425581932068e-02
1.019788207486271858e-03
4.768632352352142334e-01
2.589640766382217407e-02
3.094624914228916168e-02
3.693577274680137634e-02
2.037274092435836792e-01
6.714615970849990845e-03
1.890983246266841888e-02
1.175406388938426971e-02
1.683733984827995300e-02
1.730193756520748138e-02
6.551843881607055664e-02
4.624046850949525833e-04
4.637129306793212891e-01
4.400505721569061279e-01
9.868169203400611877e-03
1.309836864471435547e+00
9.831441566348075867e-03
1.020776573568582535e-02
6.693894509226083755e-03
4.319618642330169678e-02
1.071923761628568172e-03
4.337747991085052490e-01
2.802389487624168396e-02
3.121910244226455688e-02
3.698492795228958130e-02
2.047331184148788452e-01
7.362548261880874634e-03
1.951073482632637024e-02
1.183937583118677139e-02
1.715623587369918823e-02
1.728703640401363373e-02
6.469659507274627686e-02
5.020350217819213867e-04
5.634166002273559570e-01
7.380518317222595215e-01
9.868513792753219604e-03
1.309828758239746094e+00
1.023557037115097046e-02
1.058935001492500305e-02
6.253563798964023590e-03
5.072228610515594482e-02
1.170750590972602367e-03
3.938089609146118164e-01
3.418344259262084961e-02
3.580160811543464661e-02
3.711062669754028320e-02
2.072539031505584717e-01
8.920295163989067078e-03
1.971258409321308136e-02
1.206247601658105850e-02
1.812575012445449829e-02
1.811297982931137085e-02
6.145422905683517456e-02
4.861516354139894247e-04
5.285104513168334961e-01
7.409974932670593262e-01
9.868334047496318817e-03
1.309824228286743164e+00
1.196930371224880219e-02
1.253595110028982162e-02
7.561639882624149323e-03
5.183880776166915894e-02
1.219874364323914051e-03
3.548456728458404541e-01
4.210979491472244263e-02
4.277154430747032166e-02
4.111170768737792969e-02
2.119839936494827271e-01
1.152536645531654358e-02
2.273834124207496643e-02
1.251564174890518188e-02
2.111462876200675964e-02
2.124032005667686462e-02
6.498193740844726562e-02
3.881083393935114145e-04
3.684014678001403809e-01
5.297505259513854980e-01
9.868518449366092682e-03
1.309822678565979004e+00
1.544909551739692688e-02
1.645957864820957184e-02
1.070561259984970093e-02
6.353545188903808594e-02
1.403978792950510979e-03
3.210213184356689453e-01
4.537453129887580872e-02
4.277898743748664856e-02
4.834176972508430481e-02
2.179902642965316772e-01
1.299074571579694748e-02
2.673723548650741577e-02
1.312011666595935822e-02
2.464085444808006287e-02
2.460061572492122650e-02
5.711346492171287537e-02
4.748761421069502831e-04
4.010341763496398926e-01
4.187770485877990723e-01
9.867595508694648743e-03
1.309818506240844727e+00
1.907088421285152435e-02
2.004612609744071960e-02
1.309350598603487015e-02
8.022030442953109741e-02
1.415831735357642174e-03
2.817683517932891846e-01
5.240693688392639160e-02
4.777564853429794312e-02
5.268927291035652161e-02
2.236412167549133301e-01
1.504614762961864471e-02
3.052728809416294098e-02
1.369072869420051575e-02
2.806383743882179260e-02
2.871116623282432556e-02
5.720565468072891235e-02
4.548342258203774691e-04
4.276947677135467529e-01
2.861087620258331299e-01
9.867292828857898712e-03
1.309809803962707520e+00
2.318398281931877136e-02
2.502993680536746979e-02
1.643120311200618744e-02
8.552993834018707275e-02
1.238664961419999599e-03
3.058156073093414307e-01
5.613248795270919800e-02
4.945647716522216797e-02
5.713115260004997253e-02
2.173634469509124756e-01
1.655913889408111572e-02
3.350167721509933472e-02
1.282379217445850372e-02
3.105126135051250458e-02
3.109200857579708099e-02
5.931206047534942627e-02
4.690097412094473839e-04
4.054395258426666260e-01
1.354719549417495728e-01
9.867040440440177917e-03
1.309811711311340332e+00
2.346897311508655548e-02
2.549857273697853088e-02
1.641400717198848724e-02
9.277930110692977905e-02
1.340610790066421032e-03
3.703538775444030762e-01
6.500331312417984009e-02
5.382063239812850952e-02
6.372003257274627686e-02
1.744278073310852051e-01
1.882838830351829529e-02
3.790072724223136902e-02
1.199219655245542526e-02
3.506894409656524658e-02
3.509887680411338806e-02
5.326935276389122009e-02
5.065631703473627567e-04
4.475691616535186768e-01
1.163037195801734924e-01
9.867036715149879456e-03
1.309814572334289551e+00
1.913692802190780640e-02
2.013545297086238861e-02
1.492244284600019455e-02
9.308686852455139160e-02
1.684319810010492802e-03
3.816434741020202637e-01
6.306149065494537354e-02
4.086322337388992310e-02
7.245133817195892334e-02
1.157667636871337891e-01
1.898937486112117767e-02
4.435215890407562256e-02
5.107354838401079178e-03
4.159729927778244019e-02
4.231857508420944214e-02
4.438070580363273621e-02
3.812436480075120926e-04
2.482541352510452271e-01
1.464873552322387695e-01
9.866883046925067902e-03
1.309811353683471680e+00
1.380638033151626587e-02
1.552204135805368423e-02
1.058542914688587189e-02
9.855958074331283569e-02
1.256752992048859596e-03
4.053599834442138672e-01
6.754005700349807739e-02
4.211361706256866455e-02
8.222587406635284424e-02
5.096670985221862793e-02
2.032763324677944183e-02
4.971045628190040588e-02
5.472928751260042191e-03
4.755342751741409302e-02
4.734462499618530273e-02
2.862591110169887543e-02
3.319109382573515177e-04
2.523281574249267578e-01
8.722170442342758179e-02
9.868125431239604950e-03
1.309817910194396973e+00
1.249463390558958054e-02
1.335513591766357422e-02
7.848216220736503601e-03
1.139975413680076599e-01
1.415880979038774967e-03
4.420898854732513428e-01
7.178319990634918213e-02
4.786632582545280457e-02
1.041720062494277954e-01
2.356659248471260071e-02
2.118569239974021912e-02
5.898124352097511292e-02
2.725282916799187660e-03
5.749834701418876648e-02
5.876903235912322998e-02
1.611311547458171844e-02
2.980911522172391415e-04
2.405870109796524048e-01
7.011518627405166626e-02
9.867805987596511841e-03
1.309828400611877441e+00
1.115561276674270630e-02
1.196483615785837173e-02
7.610887289047241211e-03
1.009488701820373535e-01
7.485956884920597076e-04
4.662467539310455322e-01
6.730769574642181396e-02
3.940642625093460083e-02
1.251231729984283447e-01
4.202958941459655762e-02
2.017811872065067291e-02
7.751741260290145874e-02
1.564262202009558678e-03
6.868497282266616821e-02
6.910578161478042603e-02
2.197789400815963745e-02
3.683179384097456932e-04
2.904022634029388428e-01
7.036475092172622681e-02
9.868426248431205750e-03
1.309839367866516113e+00
1.197803486138582230e-02
1.269655302166938782e-02
8.289565332233905792e-03
9.952715784311294556e-02
1.134668826125562191e-03
5.119118094444274902e-01
5.932530388236045837e-02
3.233307972550392151e-02
1.376274377107620239e-01
4.536171630024909973e-02
1.850898005068302155e-02
7.816200703382492065e-02
1.350732287392020226e-03
7.785093039274215698e-02
7.921503484249114990e-02
7.312823086977005005e-03
2.735901216510683298e-04
3.231538236141204834e-01
7.269016653299331665e-02
9.868804365396499634e-03
1.309843301773071289e+00
1.542758382856845856e-02
1.484810747206211090e-02
9.539603255689144135e-03
1.055620536208152771e-01
6.152978166937828064e-04
5.695424675941467285e-01
5.748316273093223572e-02
3.152848780155181885e-02
1.407850980758666992e-01
5.324172228574752808e-02
1.723876781761646271e-02
8.471440523862838745e-02
1.415792037732899189e-03
7.593570649623870850e-02
7.654791325330734253e-02
1.081713940948247910e-02
3.511725517455488443e-04
2.658186852931976318e-01
7.387253642082214355e-02
9.868912398815155029e-03
1.309843778610229492e+00
1.243558060377836227e-02
1.322488300502300262e-02
8.051381446421146393e-03
1.013502255082130432e-01
5.697296001017093658e-04
6.212133169174194336e-01
6.188257411122322083e-02
3.516835719347000122e-02
2.123459428548812866e-01
8.304046839475631714e-02
1.855242252349853516e-02
1.084479168057441711e-01
1.447283430024981499e-03
1.081854701042175293e-01
1.037796363234519958e-01
1.306295115500688553e-02
3.513623378239572048e-04
4.075726866722106934e-01
7.565376162528991699e-02
9.869724512100219727e-03
1.309850454330444336e+00
1.012158207595348358e-02
1.105171255767345428e-02
7.018472533673048019e-03
1.029577925801277161e-01
5.465641152113676071e-04
6.806233525276184082e-01
6.349869817495346069e-02
3.392082452774047852e-02
2.021444439888000488e-01
4.501152411103248596e-02
1.875243335962295532e-02
1.106033548712730408e-01
1.439519808627665043e-03
9.744282066822052002e-02
1.040680259466171265e-01
1.311473641544580460e-02
3.283821279183030128e-04
2.206611186265945435e-01
8.951421827077865601e-02
9.869616478681564331e-03
1.309853792190551758e+00
1.050379313528537750e-02
1.099464576691389084e-02
6.728872656822204590e-03
1.044168621301651001e-01
6.227572448551654816e-04
7.243998646736145020e-01
6.639187783002853394e-02
3.505341336131095886e-02
1.920431852340698242e-01
5.335966870188713074e-02
1.979548111557960510e-02
1.050326004624366760e-01
1.481048762798309326e-03
9.398097544908523560e-02
1.025916710495948792e-01
1.508630998432636261e-02
3.721926768776029348e-04
3.042805194854736328e-01
8.909174799919128418e-02
9.869436733424663544e-03
1.309856534004211426e+00
1.016797591000795364e-02
1.151357684284448624e-02
7.171320263296365738e-03
1.123884990811347961e-01
9.569772519171237946e-04
8.723528981208801270e-01
7.710047811269760132e-02
3.840266913175582886e-02
1.727462559938430786e-01
3.679390996694564819e-02
2.279034070670604706e-02
1.159247532486915588e-01
1.678602653555572033e-03
1.053940579295158386e-01
9.459494799375534058e-02
1.759095489978790283e-02
4.164614656474441290e-04
3.646582961082458496e-01
9.783746302127838135e-02
9.870220907032489777e-03
1.309863090515136719e+00
1.045889686793088913e-02
1.132265105843544006e-02
7.509481161832809448e-03
1.164877414703369141e-01
9.182450594380497932e-04
9.226236939430236816e-01
8.270469307899475098e-02
4.381662979722023010e-02
2.054227590560913086e-01
3.882440552115440369e-02
2.528979070484638214e-02
1.045852079987525940e-01
1.716862083412706852e-03
1.001291424036026001e-01
1.020216345787048340e-01
1.847253739833831787e-02
5.224193446338176727e-04
4.117466211318969727e-01
9.033104032278060913e-02
9.871136397123336792e-03
1.309875369071960449e+00
1.055943500250577927e-02
1.122536417096853256e-02
6.519113201647996902e-03
1.288935542106628418e-01
5.358647322282195091e-04
1.034500718116760254e+00
7.811981439590454102e-02
3.874582052230834961e-02
2.241095155477523804e-01
3.878062590956687927e-02
2.296651899814605713e-02
1.292760521173477173e-01
1.539553515613079071e-03
1.192333698272705078e-01
1.165852174162864685e-01
1.882660388946533203e-02
5.552957300096750259e-04
4.043640792369842529e-01
9.020993113517761230e-02
9.871609508991241455e-03
1.309885263442993164e+00
9.709911420941352844e-03
1.090850122272968292e-02
6.742274388670921326e-03
1.423881798982620239e-01
4.758832219522446394e-04
1.058522939682006836e+00
9.906992316246032715e-02
4.888335987925529480e-02
2.292225658893585205e-01
3.831176087260246277e-02
3.310138359665870667e-02
1.334598958492279053e-01
2.116281073540449142e-03
1.306338012218475342e-01
1.221793740987777710e-01
2.191864885389804840e-02
5.058272508904337883e-04
4.053584635257720947e-01
8.967067301273345947e-02
9.871859103441238403e-03
1.309895753860473633e+00
9.550938382744789124e-03
1.105974987149238586e-02
6.294674240052700043e-03
1.711736321449279785e-01
4.742284363601356745e-04
1.161239027976989746e+00
9.151022136211395264e-02
4.147534444928169250e-02
1.827562153339385986e-01
3.882531821727752686e-02
2.513712644577026367e-02
9.830184280872344971e-02
1.421401393599808216e-03
9.043373167514801025e-02
9.215635806322097778e-02
1.890943944454193115e-02
4.467341932468116283e-04
3.650994598865509033e-01
9.014900773763656616e-02
9.871847927570343018e-03
1.309895634651184082e+00
8.889907971024513245e-03
9.809455834329128265e-03
7.400021888315677643e-03
1.682055592536926270e-01
4.063601081725209951e-04
1.249312520027160645e+00
8.380919694900512695e-02
3.732706978917121887e-02
1.546695083379745483e-01
6.475877016782760620e-02
2.510735020041465759e-02
9.128732979297637939e-02
1.599121605977416039e-03
8.571044355630874634e-02
8.956190198659896851e-02
2.102141082286834717e-02
4.386011278256773949e-04
4.147604107856750488e-01
9.032457321882247925e-02
9.871643967926502228e-03
1.309882521629333496e+00
8.948842994868755341e-03
1.009347848594188690e-02
6.863305345177650452e-03
1.556903570890426636e-01
3.880640724673867226e-04
1.384038686752319336e+00
9.175884723663330078e-02
3.808840736746788025e-02
2.105637490749359131e-01
8.117351680994033813e-02
2.571155689656734467e-02
1.226421296596527100e-01
2.689349465072154999e-03
1.084204316139221191e-01
1.090330407023429871e-01
2.287444099783897400e-02
9.128503734245896339e-04
4.943248331546783447e-01
8.978206664323806763e-02
9.870234876871109009e-03
1.309856772422790527e+00
9.822222404181957245e-03
1.052204053848981857e-02
7.984511554241180420e-03
1.611594259738922119e-01
4.331241652835160494e-04
1.444446563720703125e+00
7.912990450859069824e-02
3.678062930703163147e-02
2.195614427328109741e-01
1.469142436981201172e-01
2.384769544005393982e-02
1.193803846836090088e-01
6.361036561429500580e-03
1.078382655978202820e-01
1.087675094604492188e-01
2.800120040774345398e-02
7.326056365855038166e-04
6.061179041862487793e-01
9.984847158193588257e-02
9.869751520454883575e-03
1.309832572937011719e+00
9.333180263638496399e-03
1.008627284318208694e-02
8.077282458543777466e-03
1.675120145082473755e-01
4.787602811120450497e-04
1.567198634147644043e+00
9.254530817270278931e-02
4.403287544846534729e-02
1.785576343536376953e-01
6.934356689453125000e-02
2.940888144075870514e-02
1.093327552080154419e-01
3.691478399559855461e-03
9.556271135807037354e-02
1.011810675263404846e-01
2.682597376406192780e-02
9.414844680577516556e-04
6.933571696281433105e-01
9.022168070077896118e-02
6.234670057892799377e-03
7.112284302711486816e-01
1.916742324829101562e-02
1.876179128885269165e-02
1.349722780287265778e-02
1.629591286182403564e-01
5.131519865244626999e-04
1.699033498764038086e+00
1.372027844190597534e-01
6.513751298189163208e-02
1.390177756547927856e-01
6.077279523015022278e-02
3.648639470338821411e-02
9.765026718378067017e-02
4.324386361986398697e-03
8.434969931840896606e-02
8.579295128583908081e-02
2.694447338581085205e-02
7.077088230289518833e-04
6.013838648796081543e-01
9.166628122329711914e-02
8.249650127254426479e-04
4.107783138751983643e-01
2.756098844110965729e-02
2.733192592859268188e-02
1.858807355165481567e-02
1.571853756904602051e-01
6.454729009419679642e-04
1.770485281944274902e+00
1.259281337261199951e-01
6.212057545781135559e-02
1.720998287200927734e-01
8.830033987760543823e-02
3.727350756525993347e-02
9.720098227262496948e-02
6.784910336136817932e-03
8.699455112218856812e-02
8.919993788003921509e-02
3.034452907741069794e-02
7.400701288133859634e-04
5.066156983375549316e-01
9.137627482414245605e-02
5.478899693116545677e-04
3.669206202030181885e-01
3.966641426086425781e-02
3.713463619351387024e-02
2.459990978240966797e-02
1.862532198429107666e-01
6.989106768742203712e-04
1.860665321350097656e+00
1.251913607120513916e-01
6.261838972568511963e-02
1.257634758949279785e-01
7.101995497941970825e-02
3.767450526356697083e-02
7.371234148740768433e-02
9.038182906806468964e-03
8.187889307737350464e-02
8.043058961629867554e-02
3.337485343217849731e-02
6.970521062612533569e-04
4.828973412513732910e-01
9.052484482526779175e-02
2.470902400091290474e-04
4.397459626197814941e-01
5.096498131752014160e-02
4.976363852620124817e-02
3.242426365613937378e-02
1.753528714179992676e-01
7.619016687385737896e-04
1.952699780464172363e+00
1.379250437021255493e-01
7.007642835378646851e-02
1.630924344062805176e-01
1.701503098011016846e-01
4.041113704442977905e-02
9.782283753156661987e-02
1.238265354186296463e-02
8.386892825365066528e-02
8.312300592660903931e-02
3.331546112895011902e-02
6.735754432156682014e-04
4.979352355003356934e-01
9.039458632469177246e-02
9.729666635394096375e-05
3.133003711700439453e-01
7.931596040725708008e-02
7.782760262489318848e-02
5.093222111463546753e-02
1.979579478502273560e-01
8.638781728222966194e-04
1.887763381004333496e+00
1.552078127861022949e-01
8.146401494741439819e-02
1.845644712448120117e-01
1.442951411008834839e-01
4.547018557786941528e-02
1.136749237775802612e-01
1.357055269181728363e-02
9.540646523237228394e-02
1.020395085215568542e-01
3.394449874758720398e-02
6.557457381859421730e-04
4.714117646217346191e-01
9.166640788316726685e-02
2.533157530706375837e-04
2.466333061456680298e-01
7.991352677345275879e-02
7.838992774486541748e-02
5.092832073569297791e-02
1.975242346525192261e-01
9.148993412964046001e-04
1.898615121841430664e+00
1.692927926778793335e-01
9.324156492948532104e-02
1.742456704378128052e-01
1.721562147140502930e-01
5.087967216968536377e-02
1.056367754936218262e-01
1.751480437815189362e-02
9.530908614397048950e-02
8.940099179744720459e-02
3.553853556513786316e-02
6.244019605219364166e-04
4.659191668033599854e-01
9.632654488086700439e-02
9.149232209892943501e-05
3.490083515644073486e-01
5.418613553047180176e-02
5.355975031852722168e-02
3.225936368107795715e-02
1.957038193941116333e-01
8.965817396529018879e-04
1.922847151756286621e+00
1.428823471069335938e-01
7.117826491594314575e-02
1.120859459042549133e-01
1.409260034561157227e-01
4.595765098929405212e-02
7.437309622764587402e-02
1.683825813233852386e-02
6.246184185147285461e-02
7.369504868984222412e-02
3.293456882238388062e-02
6.268627475947141647e-04
5.185790061950683594e-01
9.015570580959320068e-02
1.088484350475482643e-04
3.279128670692443848e-01
3.375617414712905884e-02
3.162218630313873291e-02
2.026211284101009369e-02
1.787329167127609253e-01
9.199522901326417923e-04
1.790089368820190430e+00
1.129047051072120667e-01
4.594230279326438904e-02
7.359892129898071289e-02
1.185253784060478210e-01
3.872716054320335388e-02
4.583781212568283081e-02
1.395403221249580383e-02
3.541453555226325989e-02
3.495413810014724731e-02
4.181889817118644714e-02
6.088296649977564812e-04
4.962514340877532959e-01
8.900962024927139282e-02
2.047266170848160982e-04
3.605682849884033203e-01
3.424540534615516663e-02
3.532885760068893433e-02
2.564598619937896729e-02
1.230065450072288513e-01
9.592716814950108528e-04
1.778447270393371582e+00
7.424699515104293823e-02
3.195486590266227722e-02
5.999367684125900269e-02
1.213371902704238892e-01
2.610161714255809784e-02
4.607274010777473450e-02
1.228847634047269821e-02
4.671626910567283630e-02
4.671441391110420227e-02
6.371854990720748901e-02
6.119710160419344902e-04
4.924964010715484619e-01
9.233076125383377075e-02
7.835111464373767376e-04
3.215544223785400391e-01
4.337385296821594238e-02
4.947517067193984985e-02
2.936807088553905487e-02
8.365683257579803467e-02
9.604103397578001022e-04
1.793712973594665527e+00
8.128982782363891602e-02
3.020772710442543030e-02
9.722131490707397461e-02
1.331896781921386719e-01
3.031828813254833221e-02
5.234470218420028687e-02
1.319962274283170700e-02
6.023011729121208191e-02
6.596664339303970337e-02
7.896278053522109985e-02
6.504044868052005768e-04
5.503090023994445801e-01
9.007526934146881104e-02
4.201246192678809166e-04
4.206787347793579102e-01
4.459172114729881287e-02
4.533621668815612793e-02
2.529332414269447327e-02
9.418897330760955811e-02
8.690968970768153667e-04
1.828723669052124023e+00
6.714157015085220337e-02
2.353115938603878021e-02
1.153713092207908630e-01
1.387255489826202393e-01
2.344449050724506378e-02
7.831831276416778564e-02
1.273805368691682816e-02
6.891230493783950806e-02
6.878617405891418457e-02
9.038511663675308228e-02
6.418058183044195175e-04
4.939955770969390869e-01
8.972717821598052979e-02
8.333114965353161097e-05
3.168505728244781494e-01
3.281986713409423828e-02
2.932347357273101807e-02
2.254592068493366241e-02
1.107897087931632996e-01
9.509096271358430386e-04
1.522576689720153809e+00
6.959900259971618652e-02
2.827470935881137848e-02
9.605732560157775879e-02
1.359843611717224121e-01
2.082877792418003082e-02
6.559842824935913086e-02
1.323602627962827682e-02
4.289392009377479553e-02
4.439880698919296265e-02
1.331468075513839722e-01
6.592937279492616653e-04
5.137783288955688477e-01
8.959099650382995605e-02
5.462032859213650227e-04
2.472366988658905029e-01
3.038304671645164490e-02
2.820382826030254364e-02
1.766996830701828003e-02
1.075798645615577698e-01
1.055122702382504940e-03
1.239801645278930664e+00
7.788621634244918823e-02
2.725591883063316345e-02
1.121661514043807983e-01
1.367150992155075073e-01
2.563770115375518799e-02
7.277766615152359009e-02
1.350796036422252655e-02
6.295154988765716553e-02
6.804903596639633179e-02
6.348546594381332397e-02
6.645721150562167168e-04
4.953233599662780762e-01
8.985003083944320679e-02
3.751827171072363853e-04
2.010676264762878418e-01
2.709435485303401947e-02
2.418259531259536743e-02
1.519810408353805542e-02
9.461949765682220459e-02
1.006633974611759186e-03
7.835713624954223633e-01
7.411907613277435303e-02
2.827920764684677124e-02
1.127152070403099060e-01
1.223250329494476318e-01
2.445463091135025024e-02
6.304550170898437500e-02
1.236115582287311554e-02
6.685216724872589111e-02
5.929013714194297791e-02
5.683825537562370300e-02
6.368293543346226215e-04
4.806756973266601562e-01
9.011528640985488892e-02
1.732744276523590088e-04
3.268936276435852051e-01
2.682535350322723389e-02
2.534123882651329041e-02
1.577872037887573242e-02
1.002960875630378723e-01
1.138890394940972328e-03
8.255842328071594238e-01
7.015912979841232300e-02
2.964652143418788910e-02
7.719714194536209106e-02
1.102044582366943359e-01
2.504570223391056061e-02
5.484788119792938232e-02
1.265473198145627975e-02
4.689786955714225769e-02
4.955862835049629211e-02
4.725887253880500793e-02
6.126820808276534081e-04
4.649435579776763916e-01
8.982405066490173340e-02
3.127515665255486965e-04
3.404261767864227295e-01
2.747062034904956818e-02
2.624008990824222565e-02
1.513084210455417633e-02
8.995529264211654663e-02
1.004400546662509441e-03
7.048924565315246582e-01
8.055037260055541992e-02
2.689742669463157654e-02
6.164544075727462769e-02
1.070403605699539185e-01
2.669869363307952881e-02
4.719640687108039856e-02
1.362304575741291046e-02
3.691919520497322083e-02
3.693570196628570557e-02
3.354503586888313293e-02
5.494036595337092876e-04
4.402666687965393066e-01
9.127967804670333862e-02
9.644459350965917110e-05
2.191094458103179932e-01
2.664520964026451111e-02
2.676473557949066162e-02
1.460338477045297623e-02
8.547691255807876587e-02
9.661183576099574566e-04
4.377254843711853027e-01
7.138832658529281616e-02
3.169175609946250916e-02
5.063943192362785339e-02
1.426293104887008667e-01
2.571772970259189606e-02
3.902644291520118713e-02
1.514992397278547287e-02
3.075403906404972076e-02
3.628370910882949829e-02
3.811751678586006165e-02
5.746295792050659657e-04
4.524334073066711426e-01
8.993138372898101807e-02
1.340165578511687272e-08
3.950968012213706970e-02
2.809534221887588501e-02
2.753880433738231659e-02
1.591384038329124451e-02
7.796101272106170654e-02
9.537917794659733772e-04
5.193037986755371094e-01
7.918506860733032227e-02
2.537038736045360565e-02
4.508645832538604736e-02
1.797395497560501099e-01
2.497433498501777649e-02
2.365796267986297607e-02
1.691052876412868500e-02
2.002013102173805237e-02
2.274985797703266144e-02
3.967421501874923706e-02
5.518737016245722771e-04
4.356008172035217285e-01
9.019619226455688477e-02
1.340165578511687272e-08
2.716418169438838959e-02
2.645258605480194092e-02
2.761931158602237701e-02
1.605921611189842224e-02
6.353431940078735352e-02
8.805835968814790249e-04
3.387015759944915771e-01
5.878177285194396973e-02
2.508564479649066925e-02
3.911723941564559937e-02
1.721228808164596558e-01
1.949597336351871490e-02
2.493311651051044464e-02
1.616326719522476196e-02
1.855525188148021698e-02
2.143394574522972107e-02
4.221098124980926514e-02
5.535483942367136478e-04
4.624238610267639160e-01
8.976873010396957397e-02
1.340165578511687272e-08
2.207389101386070251e-02
2.942444942891597748e-02
2.722735889256000519e-02
1.999987103044986725e-02
5.689172074198722839e-02
8.607609779573976994e-04
2.742857933044433594e-01
5.626336857676506042e-02
2.343032509088516235e-02
3.411263599991798401e-02
1.990886926651000977e-01
2.116630226373672485e-02
2.302623353898525238e-02
1.604055799543857574e-02
2.078133076429367065e-02
2.537621743977069855e-02
3.797592967748641968e-02
5.516569362953305244e-04
4.641649127006530762e-01
8.987937867641448975e-02
1.340165578511687272e-08
2.062508650124073029e-02
2.666332013905048370e-02
2.604163251817226410e-02
1.922308094799518585e-02
5.733070895075798035e-02
8.695076103322207928e-04
2.731202542781829834e-01
5.136616900563240051e-02
2.441395819187164307e-02
3.747568652033805847e-02
2.197203338146209717e-01
1.869003847241401672e-02
2.584116719663143158e-02
1.727637089788913727e-02
2.302639745175838470e-02
2.384274266660213470e-02
3.369553387165069580e-02
5.940234987065196037e-04
4.765908718109130859e-01
9.140677750110626221e-02
1.340165578511687272e-08
2.523466199636459351e-02
3.261791914701461792e-02
2.991240285336971283e-02
2.151450514793395996e-02
5.735387280583381653e-02
8.404900436289608479e-04
2.904410064220428467e-01
5.125103518366813660e-02
2.354164421558380127e-02
4.688857495784759521e-02
2.073746919631958008e-01
1.828791201114654541e-02
2.986718900501728058e-02
1.978866197168827057e-02
2.690777927637100220e-02
2.748048305511474609e-02
3.930032998323440552e-02
5.934266955591738224e-04
5.393641591072082520e-01
9.588225930929183960e-02
1.340165578511687272e-08
5.086615681648254395e-02
4.086736217141151428e-02
3.610689565539360046e-02
2.154586836695671082e-02
3.683935850858688354e-02
8.383509702980518341e-04
1.689235121011734009e-01
4.517119377851486206e-02
1.990403234958648682e-02
4.176809638738632202e-02
1.849570721387863159e-01
1.653206720948219299e-02
2.656924165785312653e-02
2.049104124307632446e-02
2.505422197282314301e-02
2.444158867001533508e-02
3.602889552712440491e-02
6.648556445725262165e-04
5.886975526809692383e-01
9.028490632772445679e-02
1.973354723304510117e-03
2.904898822307586670e-01
4.034013673663139343e-02
3.852877020835876465e-02
2.655790001153945923e-02
3.523924201726913452e-02
6.794685032218694687e-04
2.167206257581710815e-01
4.298284649848937988e-02
1.989050768315792084e-02
3.888434544205665588e-02
2.098810076713562012e-01
1.599245332181453705e-02
2.414221130311489105e-02
2.067157253623008728e-02
2.411705255508422852e-02
2.402595430612564087e-02
2.939795330166816711e-02
6.305904826149344444e-04
5.492330193519592285e-01
8.987096697092056274e-02
1.973337726667523384e-03
2.873858809471130371e-01
4.029786959290504456e-02
4.068140313029289246e-02
2.650683559477329254e-02
3.629999607801437378e-02
8.542530704289674759e-04
1.920535713434219360e-01
4.497953876852989197e-02
2.170385420322418213e-02
4.021892696619033813e-02
2.227452993392944336e-01
1.623619161546230316e-02
2.393828704953193665e-02
2.128792554140090942e-02
2.380016259849071503e-02
2.330026775598526001e-02
1.332297641783952713e-02
6.391332135535776615e-04
5.126990079879760742e-01
9.317301213741302490e-02
1.973294885829091072e-03
2.874621748924255371e-01
3.811500594019889832e-02
3.641931712627410889e-02
2.173714525997638702e-02
3.722673282027244568e-02
9.087237413041293621e-04
2.604320049285888672e-01
4.522731900215148926e-02
2.399932220578193665e-02
3.889007866382598877e-02
2.407932281494140625e-01
1.627661287784576416e-02
2.340507507324218750e-02
2.411962673068046570e-02
2.174901589751243591e-02
2.211015485227108002e-02
1.355495583266019821e-02
6.560106994584202766e-04
6.033381223678588867e-01
9.377115219831466675e-02
1.973566599190235138e-03
2.871529459953308105e-01
4.333274438977241516e-02
4.059554636478424072e-02
2.678900025784969330e-02
3.913757950067520142e-02
9.881040314212441444e-04
2.202972173690795898e-01
4.803552106022834778e-02
2.652382291853427887e-02
3.101274184882640839e-02
2.584565281867980957e-01
1.836214959621429443e-02
2.217939496040344238e-02
2.680336311459541321e-02
2.007740177214145660e-02
2.165944688022136688e-02
2.157360315322875977e-02
6.868225755169987679e-04
5.601254701614379883e-01
9.028288722038269043e-02
1.973266713321208954e-03
2.851853668689727783e-01
5.033810809254646301e-02
4.838267341256141663e-02
3.296914696693420410e-02
4.162723943591117859e-02
1.049176207743585110e-03
1.697517782449722290e-01
5.106386169791221619e-02
2.572480775415897369e-02
3.285532444715499878e-02
2.760255336761474609e-01
1.798431016504764557e-02
2.292597666382789612e-02
2.905247919261455536e-02
2.062520571053028107e-02
2.193148806691169739e-02
2.377089485526084900e-02
7.512726588174700737e-04
7.796374559402465820e-01
8.924032747745513916e-02
1.973662525415420532e-03
2.841715812683105469e-01
7.370655983686447144e-02
7.251678407192230225e-02
4.795890301465988159e-02
4.167442768812179565e-02
1.132975565269589424e-03
3.123038634657859802e-02
6.495104730129241943e-02
4.631302505731582642e-02
2.987795695662498474e-02
4.093496799468994141e-01
2.450200170278549194e-02
1.966532878577709198e-02
4.077025875449180603e-02
1.881612092256546021e-02
1.906551606953144073e-02
2.480789646506309509e-02
9.596583549864590168e-04
8.701639771461486816e-01
8.952008187770843506e-02
1.973476493731141090e-03
4.384249746799468994e-01
7.742580771446228027e-02
7.627591490745544434e-02
4.920383170247077942e-02
4.449288174510002136e-02
1.338261878117918968e-03
1.539625413715839386e-02
6.664110720157623291e-02
4.210904985666275024e-02
3.038661554455757141e-02
3.915639519691467285e-01
2.431182563304901123e-02
2.054874040186405182e-02
4.599869623780250549e-02
2.052966505289077759e-02
2.030405960977077484e-02
3.053425066173076630e-02
9.721599053591489792e-04
9.117586016654968262e-01
9.413012117147445679e-02
3.946490585803985596e-03
7.684960365295410156e-01
6.608764082193374634e-02
6.377865374088287354e-02
4.269529506564140320e-02
4.454918950796127319e-02
1.720652915537357330e-03
2.086734212934970856e-02
6.222619488835334778e-02
4.262213408946990967e-02
3.289801254868507385e-02
4.317255914211273193e-01
2.332793176174163818e-02
2.024506963789463043e-02
4.688528552651405334e-02
2.159073948860168457e-02
2.114672400057315826e-02
3.293003141880035400e-02
9.748921729624271393e-04
8.805626630783081055e-01
8.993057161569595337e-02
1.183960027992725372e-02
1.341373324394226074e+00
4.116141796112060547e-02
3.721426054835319519e-02
2.612062357366085052e-02
4.174376651644706726e-02
1.827151980251073837e-03
2.766176685690879822e-02
4.169451817870140076e-02
3.492655605077743530e-02
4.424592480063438416e-02
4.340369403362274170e-01
1.670763269066810608e-02
2.719452604651451111e-02
4.407930374145507812e-02
2.601362951099872589e-02
2.619814872741699219e-02
3.485757857561111450e-02
9.900004370138049126e-04
7.958906292915344238e-01
9.489201009273529053e-02
1.183953322470188141e-02
1.340191245079040527e+00
3.716145083308219910e-02
3.282133117318153381e-02
2.079918794333934784e-02
4.518007114529609680e-02
1.448923139832913876e-03
8.337341248989105225e-02
2.613947167992591858e-02
2.434020303189754486e-02
4.563590139150619507e-02
3.868201971054077148e-01
1.070879027247428894e-02
3.623452037572860718e-02
4.217573627829551697e-02
3.371087834239006042e-02
3.732187300920486450e-02
3.637833148241043091e-02
9.938369039446115494e-04
9.126262664794921875e-01
8.880328387022018433e-02
1.183976698666810989e-02
1.344402194023132324e+00
3.749176859855651855e-02
3.633446618914604187e-02
2.183334901928901672e-02
4.230526089668273926e-02
1.421104883775115013e-03
7.698873430490493774e-02
1.771011576056480408e-02
2.088446356356143951e-02
5.630527064204216003e-02
3.816421926021575928e-01
6.460585165768861771e-03
3.721988946199417114e-02
3.873435780405998230e-02
3.332079946994781494e-02
3.314491361379623413e-02
4.375297576189041138e-02
1.038074842654168606e-03
9.220970869064331055e-01
9.415475279092788696e-02
1.184087246656417847e-02
1.347145915031433105e+00
3.945641964673995972e-02
3.909752890467643738e-02
2.482122555375099182e-02
4.451776295900344849e-02
1.308108563534915447e-03
1.293168365955352783e-01
1.824049651622772217e-02
2.186866663396358490e-02
5.616558343172073364e-02
3.164850771427154541e-01
6.086443085223436356e-03
4.486109688878059387e-02
3.585327789187431335e-02
4.539680108428001404e-02
4.581590369343757629e-02
5.268605425953865051e-02
1.039459020830690861e-03
9.084815979003906250e-01
8.795586228370666504e-02
1.184030063450336456e-02
1.336407661437988281e+00
4.042387381196022034e-02
3.727618977427482605e-02
2.284571714699268341e-02
4.696761816740036011e-02
1.109743607230484486e-03
3.239326179027557373e-02
1.877384446561336517e-02
2.056002803146839142e-02
7.432304322719573975e-02
3.660032451152801514e-01
7.429598830640316010e-03
5.599576607346534729e-02
3.682413697242736816e-02
7.407210022211074829e-02
6.231774017214775085e-02
3.897682949900627136e-02
1.058108173310756683e-03
9.565384387969970703e-01
1.051649227738380432e-01
1.184100098907947540e-02
1.338969588279724121e+00
3.599824383854866028e-02
3.421581164002418518e-02
2.241611294448375702e-02
3.606260195374488831e-02
1.240390702150762081e-03
2.543999813497066498e-02
2.679475769400596619e-02
2.319878898561000824e-02
7.057270407676696777e-02
3.653922379016876221e-01
1.003148127347230911e-02
3.970964625477790833e-02
3.842068836092948914e-02
4.756849259138107300e-02
4.690257832407951355e-02
3.461661189794540405e-02
1.108012162148952484e-03
1.083733677864074707e+00
9.160213172435760498e-02
1.184046640992164612e-02
1.338705301284790039e+00
3.664867207407951355e-02
3.234972804784774780e-02
1.978851854801177979e-02
3.245778754353523254e-02
1.358494861051440239e-03
3.858415409922599792e-02
2.903906442224979401e-02
2.717835642397403717e-02
7.516445219516754150e-02
3.532453477382659912e-01
1.131985336542129517e-02
4.193555191159248352e-02
4.268590733408927917e-02
4.175824671983718872e-02
3.724553808569908142e-02
2.945864759385585785e-02
1.226303866133093834e-03
1.174765467643737793e+00
6.338854134082794189e-02
1.184011157602071762e-02
1.340293169021606445e+00
3.730646893382072449e-02
3.446015343070030212e-02
2.009161002933979034e-02
3.128445148468017578e-02
1.380014582537114620e-03
3.873372822999954224e-02
3.142513707280158997e-02
2.369742654263973236e-02
6.550534814596176147e-02
4.350585043430328369e-01
1.195617765188217163e-02
4.433323070406913757e-02
4.249996319413185120e-02
4.519163817167282104e-02
4.092385992407798767e-02
2.218548394739627838e-02
1.119292690418660641e-03
1.002211570739746094e+00
5.429761856794357300e-02
1.183951366692781448e-02
1.342962980270385742e+00
3.765490278601646423e-02
3.556086122989654541e-02
2.085922658443450928e-02
2.949596382677555084e-02
1.107606105506420135e-03
4.490717127919197083e-02
3.265778720378875732e-02
2.498846687376499176e-02
7.984966039657592773e-02
4.366504549980163574e-01
1.299674063920974731e-02
4.174692928791046143e-02
4.380919784307479858e-02
4.153181239962577820e-02
4.186931252479553223e-02
1.540100574493408203e-02
1.116005820222198963e-03
9.773835539817810059e-01
4.813285171985626221e-02
1.184031926095485687e-02
1.337701678276062012e+00
3.733362630009651184e-02
3.400738909840583801e-02
2.163368463516235352e-02
2.931421995162963867e-02
1.325734076090157032e-03
5.896139144897460938e-02
3.727771714329719543e-02
2.824124321341514587e-02
6.388369202613830566e-02
5.740283131599426270e-01
1.477482635527849197e-02
3.935280442237854004e-02
4.673962295055389404e-02
4.207641258835792542e-02
4.318981990218162537e-02
1.536931190639734268e-02
1.105613657273352146e-03
9.842914342880249023e-01
5.000651627779006958e-02
1.184042263776063919e-02
1.338394761085510254e+00
3.658112138509750366e-02
3.532789275050163269e-02
2.037110179662704468e-02
2.833132445812225342e-02
2.101373393088579178e-03
7.866508513689041138e-02
3.650896251201629639e-02
2.850793302059173584e-02
4.804125800728797913e-02
4.901029467582702637e-01
1.617630198597908020e-02
3.252973034977912903e-02
4.132421687245368958e-02
3.376527875661849976e-02
3.334204480051994324e-02
1.871133781969547272e-02
1.117510255426168442e-03
1.003701567649841309e+00
5.355764552950859070e-02
1.183960773050785065e-02
1.343378782272338867e+00
3.727019578218460083e-02
3.349370509386062622e-02
2.107691392302513123e-02
3.014906309545040131e-02
2.097597112879157066e-03
7.443308085203170776e-02
3.852920606732368469e-02
2.813832275569438934e-02
5.487877875566482544e-02
4.745188355445861816e-01
1.605680398643016815e-02
3.705523163080215454e-02
4.219579324126243591e-02
3.748051077127456665e-02
3.610254451632499695e-02
1.553402096033096313e-02
1.135584199801087379e-03
9.745025634765625000e-01
6.966491788625717163e-02
1.184015069156885147e-02
1.333800435066223145e+00
3.587581589818000793e-02
3.298361971974372864e-02
2.380325272679328918e-02
3.651960939168930054e-02
2.041176427155733109e-03
7.625182718038558960e-02
4.854020476341247559e-02
3.916386887431144714e-02
4.895117878913879395e-02
4.628686010837554932e-01
1.958662271499633789e-02
3.536421433091163635e-02
4.438770934939384460e-02
3.357510641217231750e-02
3.321748971939086914e-02
3.108942136168479919e-02
1.101746689528226852e-03
9.866223931312561035e-01
6.237277388572692871e-02
1.184042077511548996e-02
1.339154243469238281e+00
3.669776767492294312e-02
3.303834050893783569e-02
2.434291131794452667e-02
3.834933787584304810e-02
2.360643353313207626e-03
7.267107069492340088e-02
4.758777469396591187e-02
3.748308122158050537e-02
5.261841416358947754e-02
4.773862063884735107e-01
2.074689976871013641e-02
3.686175867915153503e-02
4.525847733020782471e-02
3.672815486788749695e-02
3.761803358793258667e-02
2.769547328352928162e-02
1.090141944587230682e-03
9.998493194580078125e-01
6.454919278621673584e-02
1.184048317372798920e-02
1.352356910705566406e+00
3.442394360899925232e-02
3.312066197395324707e-02
2.414914220571517944e-02
4.067300632596015930e-02
2.612326061353087425e-03
7.046400010585784912e-02
6.519235670566558838e-02
4.416278004646301270e-02
5.678097531199455261e-02
3.909122943878173828e-01
2.263738401234149933e-02
4.003209620714187622e-02
4.728898778557777405e-02
3.930907323956489563e-02
3.945649415254592896e-02
2.211658097803592682e-02
1.086139469407498837e-03
1.024250984191894531e+00
6.417990475893020630e-02
1.184125058352947235e-02
1.352362632751464844e+00
4.036364331841468811e-02
3.504662215709686279e-02
2.305360510945320129e-02
4.143797233700752258e-02
2.924855332821607590e-03
7.960969209671020508e-02
8.515242487192153931e-02
5.256352946162223816e-02
6.559173017740249634e-02
3.955055773258209229e-01
3.203484043478965759e-02
4.514123499393463135e-02
4.617295414209365845e-02
4.084519669413566589e-02
4.291007295250892639e-02
2.817440032958984375e-02
1.052398001775145531e-03
7.319803237915039062e-01
3.768721967935562134e-02
1.184168737381696701e-02
1.352368354797363281e+00
4.014344885945320129e-02
3.685428202152252197e-02
2.225854620337486267e-02
5.260718613862991333e-02
2.823271555826067924e-03
9.191850572824478149e-02
3.879370912909507751e-02
3.172457218170166016e-02
7.419571280479431152e-02
3.770498931407928467e-01
1.533406972885131836e-02
5.063072964549064636e-02
4.073648154735565186e-02
5.114395171403884888e-02
5.090959742665290833e-02
1.930454745888710022e-02
1.038393122144043446e-03
8.063961863517761230e-01
3.514521569013595581e-02
1.184215676039457321e-02
1.352369427680969238e+00
4.419224709272384644e-02
3.981259092688560486e-02
2.601412311196327209e-02
4.833999648690223694e-02
2.240074798464775085e-03
1.219742447137832642e-01
6.333444267511367798e-02
5.365854129195213318e-02
7.150708884000778198e-02
4.533824920654296875e-01
2.382293716073036194e-02
4.758858308196067810e-02
4.476942867040634155e-02
4.872837662696838379e-02
4.653198644518852234e-02
2.939468994736671448e-02
1.031032996252179146e-03
8.242179155349731445e-01
3.636765480041503906e-02
1.184194255620241165e-02
1.352375149726867676e+00
5.288824439048767090e-02
4.846373572945594788e-02
3.248254582285881042e-02
4.504439234733581543e-02
2.827424090355634689e-03
1.342297345399856567e-01
7.923513650894165039e-02
6.705677509307861328e-02
7.333001494407653809e-02
4.878991544246673584e-01
3.109560348093509674e-02
4.914032667875289917e-02
4.790498688817024231e-02
4.670331999659538269e-02
4.691314324736595154e-02
2.551789768040180206e-02
8.800984942354261875e-04
7.187005877494812012e-01
3.932477533817291260e-02
1.184234395623207092e-02
1.352377772331237793e+00
7.109804451465606689e-02
6.501952558755874634e-02
4.045671969652175903e-02
5.454351752996444702e-02
2.493490697816014290e-03
1.268051713705062866e-01
9.891208261251449585e-02
7.507761567831039429e-02
7.713346928358078003e-02
5.143401622772216797e-01
3.793303295969963074e-02
5.150585994124412537e-02
5.589275062084197998e-02
4.932643100619316101e-02
4.970130324363708496e-02
4.343995824456214905e-02
6.831167847849428654e-04
6.731787919998168945e-01
4.411333054304122925e-02
1.184268482029438019e-02
1.352370262145996094e+00
8.829595148563385010e-02
7.995992898941040039e-02
5.444196239113807678e-02
9.734670072793960571e-02
2.500464906916022301e-03
1.214265599846839905e-01
1.158749163150787354e-01
9.169016778469085693e-02
7.700526714324951172e-02
5.288985967636108398e-01
4.752386361360549927e-02
5.890670418739318848e-02
5.563866347074508667e-02
5.842724815011024475e-02
5.624285340309143066e-02
5.356063693761825562e-02
7.543878746218979359e-04
7.164269685745239258e-01
3.894051536917686462e-02
1.184191834181547165e-02
1.352365732192993164e+00
1.176291555166244507e-01
1.127173677086830139e-01
7.778815925121307373e-02
1.211287081241607666e-01
2.274504629895091057e-03
1.296057999134063721e-01
1.221766471862792969e-01
9.158083051443099976e-02
8.195085823535919189e-02
5.440944433212280273e-01
4.512998461723327637e-02
6.077895313501358032e-02
5.562419444322586060e-02
5.977614223957061768e-02
5.963912606239318848e-02
4.861092567443847656e-02
6.115540163591504097e-04
5.964417457580566406e-01
4.414946585893630981e-02
1.184252463281154633e-02
1.352363944053649902e+00
1.232236325740814209e-01
1.184788569808006287e-01
7.889298349618911743e-02
1.466499865055084229e-01
2.510075923055410385e-03
1.319100558757781982e-01
7.977241277694702148e-02
5.961578711867332458e-02
6.861820816993713379e-02
3.366573750972747803e-01
3.457155078649520874e-02
5.741132050752639771e-02
4.615759104490280151e-02
5.246967822313308716e-02
5.677386745810508728e-02
4.027261957526206970e-02
5.305620725266635418e-04
4.591115713119506836e-01
4.215490072965621948e-02
1.184262335300445557e-02
1.352363348007202148e+00
9.011301398277282715e-02
8.671887964010238647e-02
5.944399163126945496e-02
1.503937840461730957e-01
1.535674324259161949e-03
1.366443634033203125e-01
6.868372857570648193e-02
5.700869113206863403e-02
7.783813774585723877e-02
1.840753704309463501e-01
3.117721714079380035e-02
5.869970843195915222e-02
3.519288077950477600e-02
5.094687268137931824e-02
5.137838795781135559e-02
3.926403075456619263e-02
3.824389714282006025e-04
4.041662812232971191e-01
3.625655919313430786e-02
1.184231881052255630e-02
1.352362155914306641e+00
4.134168475866317749e-02
3.876641765236854553e-02
2.449168451130390167e-02
1.428139507770538330e-01
1.297085080295801163e-03
1.484874933958053589e-01
5.528249591588973999e-02
4.244944080710411072e-02
7.366511225700378418e-02
9.520427137613296509e-02
2.357604727149009705e-02
5.436170846223831177e-02
1.837213896214962006e-02
5.331662297248840332e-02
5.379763245582580566e-02
2.078811824321746826e-02
3.514035779517143965e-04
4.606792032718658447e-01
4.164087027311325073e-02
1.184251904487609863e-02
1.352368950843811035e+00
9.633727371692657471e-02
7.993689924478530884e-02
6.055373698472976685e-02
1.088993921875953674e-01
1.496075186878442764e-03
1.610192060470581055e-01
5.605849251151084900e-02
4.539138823747634888e-02
7.910147309303283691e-02
1.510280519723892212e-01
2.469211444258689880e-02
6.178088486194610596e-02
1.351596787571907043e-02
5.704956501722335815e-02
5.734612792730331421e-02
2.165769785642623901e-02
3.724926209542900324e-04
5.341260433197021484e-01
3.887990117073059082e-02
1.184284966439008713e-02
1.352376699447631836e+00
1.374265402555465698e-01
1.589349806308746338e-01
9.866906702518463135e-02
1.078277230262756348e-01
5.525846499949693680e-04
1.742691695690155029e-01
5.225615948438644409e-02
4.316038638353347778e-02
9.130391478538513184e-02
1.653469353914260864e-01
2.203290723264217377e-02
7.029270380735397339e-02
1.555410027503967285e-02
6.555189192295074463e-02
6.581558287143707275e-02
3.026512637734413147e-02
6.159547483548521996e-04
5.952461957931518555e-01
3.702708706259727478e-02
1.184304151684045792e-02
1.352374553680419922e+00
1.378929316997528076e-01
1.546916514635086060e-01
7.788530737161636353e-02
1.062639206647872925e-01
7.005668012425303459e-04
1.800618767738342285e-01
5.403188243508338928e-02
4.444578289985656738e-02
9.980123490095138550e-02
1.802037954330444336e-01
2.220677211880683899e-02
7.673612982034683228e-02
1.559241209179162979e-02
7.218127697706222534e-02
7.244387269020080566e-02
3.076888248324394226e-02
6.167099345475435257e-04
5.834994316101074219e-01
3.809874132275581360e-02
1.184269785881042480e-02
1.352357983589172363e+00
1.306304633617401123e-01
1.163887977600097656e-01
5.932334437966346741e-02
1.070879325270652771e-01
7.145405979827046394e-04
1.928543746471405029e-01
5.817443877458572388e-02
4.778023436665534973e-02
9.510416537523269653e-02
1.649211049079895020e-01
2.512864209711551666e-02
7.495559751987457275e-02
1.644552312791347504e-02
6.856972724199295044e-02
7.086454331874847412e-02
2.119798213243484497e-02
4.317159473430365324e-04
3.460995256900787354e-01
4.387317597866058350e-02
1.184196863323450089e-02
1.352340936660766602e+00
6.356389075517654419e-02
6.951089203357696533e-02
3.184440732002258301e-02
1.017600595951080322e-01
1.161004067398607731e-03
2.004846185445785522e-01
6.864503771066665649e-02
5.374436080455780029e-02
1.038949117064476013e-01
1.728293299674987793e-01
3.010974079370498657e-02
7.882207632064819336e-02
1.303514651954174042e-02
7.309149950742721558e-02
7.291819900274276733e-02
2.905894815921783447e-02
5.538625991903245449e-04
5.449551939964294434e-01
4.457740113139152527e-02
1.184165012091398239e-02
1.352323174476623535e+00
4.318306595087051392e-02
4.605931788682937622e-02
2.053068950772285461e-02
1.076973527669906616e-01
9.889965876936912537e-04
2.188399136066436768e-01
8.269592374563217163e-02
6.276744604110717773e-02
1.228988766670227051e-01
1.871225535869598389e-01
3.406764194369316101e-02
9.102696180343627930e-02
2.091652527451515198e-02
8.329340070486068726e-02
8.523861318826675415e-02
2.965436875820159912e-02
6.147866952233016491e-04
4.147804677486419678e-01
3.847126662731170654e-02
1.184214185923337936e-02
1.352322578430175781e+00
3.804677352309226990e-02
2.854676730930805206e-02
2.011550590395927429e-02
1.232072934508323669e-01
5.201328312978148460e-04
2.337427884340286255e-01
8.981987088918685913e-02
6.835554540157318115e-02
1.358303278684616089e-01
1.917686760425567627e-01
3.547127544879913330e-02
9.423912316560745239e-02
2.204813808202743530e-02
8.964040130376815796e-02
8.946118503808975220e-02
3.861235082149505615e-02
6.029467913322150707e-04
5.256251692771911621e-01
3.880084306001663208e-02
1.184204034507274628e-02
1.352320313453674316e+00
4.857367649674415588e-02
3.597066178917884827e-02
2.298397198319435120e-02
1.530974209308624268e-01
4.898770712316036224e-04
2.244381904602050781e-01
9.097480773925781250e-02
6.799241155385971069e-02
1.392860561609268188e-01
1.896537393331527710e-01
4.163134470582008362e-02
1.000485271215438843e-01
2.151704393327236176e-02
9.238474816083908081e-02
9.274870157241821289e-02
4.556376114487648010e-02
7.081926451064646244e-04
4.563435912132263184e-01
4.261987656354904175e-02
1.184214744716882706e-02
1.352321982383728027e+00
4.498497769236564636e-02
4.460738971829414368e-02
2.060787752270698547e-02
1.534196287393569946e-01
3.830370842479169369e-04
2.286561727523803711e-01
6.268681585788726807e-02
4.460989311337471008e-02
1.566529870033264160e-01
1.536961048841476440e-01
2.597413212060928345e-02
1.167159453034400940e-01
1.290712598711252213e-02
1.081258654594421387e-01
1.065983548760414124e-01
2.999232709407806396e-02
8.802915690466761589e-04
5.946364402770996094e-01
4.075768962502479553e-02
1.184149645268917084e-02
1.352316856384277344e+00
5.042185261845588684e-02
3.944940492510795593e-02
2.372263930737972260e-02
1.791164726018905640e-01
3.456363920122385025e-04
2.322523891925811768e-01
6.044177338480949402e-02
4.085405915975570679e-02
1.717519760131835938e-01
1.373064219951629639e-01
2.255701832473278046e-02
1.285624951124191284e-01
1.109345816075801849e-02
1.221547722816467285e-01
1.123430058360099792e-01
3.870206326246261597e-02
8.822858799248933792e-04
6.899807453155517578e-01
3.887720406055450439e-02
1.184096373617649078e-02
1.352316737174987793e+00
3.811765462160110474e-02
3.451407328248023987e-02
2.180525474250316620e-02
1.475042104721069336e-01
3.433667588979005814e-04
2.573550641536712646e-01
6.768148392438888550e-02
4.536142945289611816e-02
2.030739039182662964e-01
1.521747261285781860e-01
2.821572124958038330e-02
1.354503929615020752e-01
9.441414847970008850e-03
1.279339194297790527e-01
1.279118806123733521e-01
2.555397525429725647e-02
7.916743634268641472e-04
6.846121549606323242e-01
3.886906430125236511e-02
1.184099726378917694e-02
1.352320671081542969e+00
3.899253159761428833e-02
3.700068965554237366e-02
2.119960635900497437e-02
1.095394417643547058e-01
3.856095427181571722e-04
2.751830220222473145e-01
7.132209837436676025e-02
6.151391938328742981e-02
2.130994796752929688e-01
1.086255460977554321e-01
3.686028346419334412e-02
1.338528245687484741e-01
1.124658714979887009e-02
1.281565129756927490e-01
1.312229484319686890e-01
3.476944565773010254e-02
8.278800523839890957e-04
5.860797762870788574e-01
3.933705016970634460e-02
1.184109784662723541e-02
1.352322220802307129e+00
4.265819117426872253e-02
3.717031329870223999e-02
2.438625879585742950e-02
1.161007508635520935e-01
3.667340206447988749e-04
2.950206696987152100e-01
6.187272816896438599e-02
4.324389249086380005e-02
2.126953899860382080e-01
1.448399424552917480e-01
2.723503485321998596e-02
1.527322083711624146e-01
1.185735687613487244e-02
1.503732651472091675e-01
1.486712396144866943e-01
2.438821643590927124e-02
9.475904516875743866e-04
7.494586706161499023e-01
3.944335132837295532e-02
1.184076443314552307e-02
1.352323293685913086e+00
5.870477855205535889e-02
4.274166747927665710e-02
2.224337123334407806e-02
1.350245028734207153e-01
5.047285812906920910e-04
3.359606564044952393e-01
5.325361713767051697e-02
4.017627984285354614e-02
2.245936691761016846e-01
1.847008615732192993e-01
2.220160700380802155e-02
1.450446844100952148e-01
1.344394963234663010e-02
1.223935857415199280e-01
1.171503216028213501e-01
2.296979911625385284e-02
6.642493535764515400e-04
6.629433035850524902e-01
3.969595953822135925e-02
1.184193789958953857e-02
1.352334737777709961e+00
9.835173189640045166e-02
8.902359008789062500e-02
3.850148990750312805e-02
1.118726879358291626e-01
7.106222910806536674e-04
3.532508313655853271e-01
4.754025861620903015e-02
3.060756996273994446e-02
2.075393348932266235e-01
2.676951885223388672e-01
2.099226787686347961e-02
1.490497589111328125e-01
2.031759358942508698e-02
1.392758488655090332e-01
1.471957415342330933e-01
3.318198397755622864e-02
8.085299050435423851e-04
7.838726043701171875e-01
3.967708721756935120e-02
1.184201147407293320e-02
1.352344393730163574e+00
1.045668572187423706e-01
9.502735733985900879e-02
7.055245339870452881e-02
8.646728098392486572e-02
8.397235651500523090e-04
4.018012881278991699e-01
5.253718048334121704e-02
3.468349575996398926e-02
2.184446901082992554e-01
2.898418903350830078e-01
2.251560613512992859e-02
1.580590754747390747e-01
2.516324259340763092e-02
1.455214768648147583e-01
1.450906097888946533e-01
3.650950267910957336e-02
6.820294074714183807e-04
7.647006511688232422e-01
4.046823084354400635e-02
1.184265129268169403e-02
1.352354526519775391e+00
9.988387674093246460e-02
1.012585014104843140e-01
5.011107772588729858e-02
8.733870089054107666e-02
5.869397427886724472e-04
4.031092822551727295e-01
6.626516580581665039e-02
4.896529018878936768e-02
2.368881106376647949e-01
2.596984505653381348e-01
2.868694998323917389e-02
1.719765961170196533e-01
2.363169379532337189e-02
1.675149947404861450e-01
1.702949106693267822e-01
3.040346130728721619e-02
1.004726393148303032e-03
6.949637532234191895e-01
4.115914553403854370e-02
1.184316352009773254e-02
1.352364659309387207e+00
1.022082641720771790e-01
8.166369050741195679e-02
5.360470339655876160e-02
9.517182409763336182e-02
4.864834481850266457e-04
4.168908298015594482e-01
6.492914259433746338e-02
4.698954895138740540e-02
3.305486142635345459e-01
3.408601284027099609e-01
2.950521372258663177e-02
1.939621865749359131e-01
3.179117664694786072e-02
2.071460336446762085e-01
2.199143916368484497e-01
3.730599209666252136e-02
5.693691200576722622e-04
5.349736809730529785e-01
4.083304107189178467e-02
1.184313278645277023e-02
1.352369666099548340e+00
5.651235580444335938e-02
5.226323008537292480e-02
2.911730669438838959e-02
1.369508206844329834e-01
4.554637416731566191e-04
4.454979300498962402e-01
8.394575119018554688e-02
6.426180899143218994e-02
3.411653935909271240e-01
2.827345430850982666e-01
3.201944380998611450e-02
2.262939214706420898e-01
2.557537890970706940e-02
2.027571052312850952e-01
2.025565654039382935e-01
3.864950314164161682e-02
4.486018442548811436e-04
3.908939957618713379e-01
4.190404713153839111e-02
1.184400264173746109e-02
1.352372527122497559e+00
5.364682152867317200e-02
4.807419329881668091e-02
3.312062472105026245e-02
1.222680434584617615e-01
3.894047695212066174e-04
4.557767510414123535e-01
8.070115745067596436e-02
6.127595901489257812e-02
3.973738253116607666e-01
2.776077687740325928e-01
3.314892202615737915e-02
2.415711730718612671e-01
2.524867467582225800e-02
2.301856726408004761e-01
2.337131500244140625e-01
3.580878674983978271e-02
5.151670193299651146e-04
5.049392580986022949e-01
4.300381988286972046e-02
1.184378098696470261e-02
1.352369189262390137e+00
1.019337624311447144e-01
9.743031114339828491e-02
7.149955630302429199e-02
1.360936760902404785e-01
3.657561319414526224e-04
4.996975064277648926e-01
8.822576701641082764e-02
6.426084786653518677e-02
2.679484188556671143e-01
2.878195643424987793e-01
3.655867651104927063e-02
1.837405711412429810e-01
2.228695154190063477e-02
1.643634885549545288e-01
1.817260235548019409e-01
3.687256202101707458e-02
4.709384811576455832e-04
3.531735837459564209e-01
4.394207522273063660e-02
1.184335350990295410e-02
1.352365374565124512e+00
1.061009690165519714e-01
1.036709472537040710e-01
7.275266945362091064e-02
1.390463113784790039e-01
3.153423313051462173e-04
4.867488741874694824e-01
8.217854797840118408e-02
6.276156008243560791e-02
2.309206575155258179e-01
3.247588276863098145e-01
3.495667874813079834e-02
1.706637144088745117e-01
2.319825068116188049e-02
1.677669733762741089e-01
1.651709526777267456e-01
3.920737281441688538e-02
4.782200267072767019e-04
4.425428509712219238e-01
4.553661867976188660e-02
1.184382848441600800e-02
1.260377764701843262e+00
9.359046071767807007e-02
9.145240485668182373e-02
6.593095511198043823e-02
1.383794695138931274e-01
3.451482334639877081e-04
4.617813527584075928e-01
8.535708487033843994e-02
6.148467585444450378e-02
1.727007180452346802e-01
2.565267682075500488e-01
3.636703640222549438e-02
1.454868018627166748e-01
2.319667115807533264e-02
1.402774602174758911e-01
1.369137018918991089e-01
3.789581358432769775e-02
4.276907711755484343e-04
3.479779064655303955e-01
4.367352277040481567e-02
9.908934123814105988e-03
1.027265310287475586e+00
6.145440787076950073e-02
5.625675246119499207e-02
3.594772145152091980e-02
1.436915695667266846e-01
2.972524962387979031e-04
5.557211041450500488e-01
4.219280555844306946e-02
3.238343447446823120e-02
1.927560120820999146e-01
3.102822899818420410e-01
2.588419429957866669e-02
1.418924033641815186e-01
2.297452464699745178e-02
1.298307776451110840e-01
1.313034743070602417e-01
3.368079662322998047e-02
4.339604056440293789e-04
3.528539240360260010e-01
4.559421166777610779e-02
9.890159592032432556e-03
1.027930617332458496e+00
5.764667317271232605e-02
5.133888870477676392e-02
3.708131983876228333e-02
1.187798157334327698e-01
2.979246492031961679e-04
5.276098251342773438e-01
3.066126257181167603e-02
2.376934699714183807e-02
1.287487149238586426e-01
6.205242872238159180e-01
1.705320365726947784e-02
1.025996208190917969e-01
2.484678849577903748e-02
9.738432615995407104e-02
1.055104583501815796e-01
4.122405871748924255e-02
4.186536243651062250e-04
3.491871654987335205e-01
4.804338887333869934e-02
9.960142895579338074e-03
1.045635581016540527e+00
5.604203045368194580e-02
5.396138876676559448e-02
3.963506594300270081e-02
8.578206598758697510e-02
3.294784692116081715e-04
5.836437940597534180e-01
2.222167886793613434e-02
3.678314015269279480e-02
1.414753198623657227e-01
9.248495697975158691e-01
1.049841661006212234e-02
8.217292279005050659e-02
3.468357771635055542e-02
8.226662874221801758e-02
8.369719237089157104e-02
1.245084628462791443e-01
4.176957882009446621e-04
3.586767315864562988e-01
4.954177513718605042e-02
9.952460415661334991e-03
1.034577250480651855e+00
6.336625665426254272e-02
5.842773243784904480e-02
4.270560294389724731e-02
5.016096308827400208e-02
3.047617792617529631e-04
6.807124614715576172e-01
3.151496872305870056e-02
3.511868789792060852e-02
1.309520304203033447e-01
7.258976697921752930e-01
1.265664771199226379e-02
1.109662279486656189e-01
4.230498149991035461e-02
9.817583113908767700e-02
1.021707653999328613e-01
9.982912987470626831e-02
4.226076125632971525e-04
3.614368438720703125e-01
5.071154236793518066e-02
9.965176694095134735e-03
1.045612692832946777e+00
6.355098634958267212e-02
5.491242930293083191e-02
3.855413943529129028e-02
5.146912112832069397e-02
3.263717808295041323e-04
6.458892822265625000e-01
3.351692482829093933e-02
3.533817827701568604e-02
5.348054692149162292e-02
9.215384125709533691e-01
1.428252458572387695e-02
4.354781657457351685e-02
4.453030601143836975e-02
4.108062759041786194e-02
5.115582793951034546e-02
9.557715058326721191e-02
4.226543533150106668e-04
3.427206873893737793e-01
5.426506698131561279e-02
9.801906533539295197e-03
1.041942358016967773e+00
5.805881321430206299e-02
5.197253823280334473e-02
3.883023560047149658e-02
6.010949611663818359e-02
3.800507984124124050e-04
6.519232988357543945e-01
4.027695581316947937e-02
4.135573655366897583e-02
3.540928661823272705e-02
8.052455186843872070e-01
1.636405661702156067e-02
4.212369024753570557e-02
3.577802702784538269e-02
3.315842524170875549e-02
3.334133327007293701e-02
9.582473337650299072e-02
4.164326819591224194e-04
3.315244913101196289e-01
5.334983021020889282e-02
9.948270395398139954e-03
7.049422860145568848e-01
5.050789192318916321e-02
4.734633862972259521e-02
3.439180180430412292e-02
6.399110704660415649e-02
5.416803760454058647e-04
6.020438075065612793e-01
4.544277489185333252e-02
4.641046747565269470e-02
2.881979942321777344e-02
3.126667141914367676e-01
1.866321265697479248e-02
2.647133357822895050e-02
3.839878365397453308e-02
2.156377770006656647e-02
2.862621285021305084e-02
9.801054000854492188e-02
4.158394876867532730e-04
3.659151494503021240e-01
5.391496792435646057e-02
6.951885763555765152e-03
5.094571709632873535e-01
5.118259415030479431e-02
4.656104370951652527e-02
3.275464102625846863e-02
7.731032371520996094e-02
3.359716793056577444e-04
5.452153086662292480e-01
5.579521134495735168e-02
5.445366725325584412e-02
9.090728312730789185e-02
4.725930392742156982e-01
2.148250117897987366e-02
5.874866992235183716e-02
2.508876472711563110e-02
5.496579036116600037e-02
5.657581984996795654e-02
1.119223460555076599e-01
4.258212575223296881e-04
3.363997042179107666e-01
5.691700801253318787e-02
1.931838691234588623e-03
3.074032366275787354e-01
4.793878272175788879e-02
4.751405492424964905e-02
3.286784887313842773e-02
8.145973831415176392e-02
3.462086024228483438e-04
4.644981622695922852e-01
5.952907726168632507e-02
6.173390895128250122e-02
3.683663532137870789e-02
1.466435939073562622e-01
2.194182761013507843e-02
2.950010634958744049e-02
2.978574670851230621e-02
2.850307710468769073e-02
2.859121188521385193e-02
1.102485656738281250e-01
4.314284306019544601e-04
3.442120850086212158e-01
6.678168475627899170e-02
6.908931536599993706e-04
1.536569148302078247e-01
5.513032153248786926e-02
5.085195973515510559e-02
3.612428531050682068e-02
9.324532002210617065e-02
3.613495791796594858e-04
3.453083038330078125e-01
5.979338660836219788e-02
6.970667093992233276e-02
5.021294578909873962e-02
8.699085563421249390e-02
2.158806659281253815e-02
4.107113182544708252e-02
1.874145120382308960e-02
3.885074332356452942e-02
3.442522510886192322e-02
1.153907105326652527e-01
4.277879488654434681e-04
3.402692079544067383e-01
6.634932011365890503e-02
2.322460786672309041e-04
9.453103691339492798e-02
5.433307215571403503e-02
4.963690787553787231e-02
3.250065445899963379e-02
8.276313543319702148e-02
3.826038155239075422e-04
2.933963835239410400e-01
6.222573295235633850e-02
7.433991879224777222e-02
4.475682228803634644e-02
1.523842364549636841e-01
2.102580107748508453e-02
3.776333853602409363e-02
2.429165691137313843e-02
4.375888034701347351e-02
4.358244687318801880e-02
1.424812078475952148e-01
4.340652376413345337e-04
3.295547366142272949e-01
6.439594179391860962e-02
7.415041181957349181e-05
2.479599118232727051e-01
5.127070099115371704e-02
4.678915068507194519e-02
3.313636034727096558e-02
8.237519860267639160e-02
4.215213994029909372e-04
2.596415877342224121e-01
6.668725609779357910e-02
8.843319863080978394e-02
7.524792104959487915e-02
1.965629905462265015e-01
2.254320122301578522e-02
4.593396931886672974e-02
2.831350639462471008e-02
4.078789800405502319e-02
4.288809001445770264e-02
1.890824437141418457e-01
4.492827865760773420e-04
3.475118279457092285e-01
6.921525299549102783e-02
2.332108706468716264e-04
8.350702375173568726e-02
4.964584857225418091e-02
4.362970590591430664e-02
3.904832527041435242e-02
8.217042684555053711e-02
4.423700738698244095e-04
2.164295762777328491e-01
1.019896417856216431e-01
1.223505884408950806e-01
5.674076825380325317e-02
2.546832561492919922e-01
2.730984427034854889e-02
3.800585120916366577e-02
1.738231256604194641e-02
4.522466659545898438e-02
3.691497445106506348e-02
2.110315710306167603e-01
4.506538098212331533e-04
3.511525094509124756e-01
6.985532492399215698e-02
7.471636490663513541e-05
7.605559658259153366e-03
4.659577831625938416e-02
4.721001908183097839e-02
3.554956242442131042e-02
8.075921982526779175e-02
4.832929116673767567e-04
1.901288926601409912e-01
1.144867837429046631e-01
1.441150456666946411e-01
4.898392409086227417e-02
2.933164834976196289e-01
3.345051407814025879e-02
4.078244045376777649e-02
2.317759953439235687e-02
4.112105816602706909e-02
4.134711250662803650e-02
2.510529160499572754e-01
4.501384391915053129e-04
3.578708171844482422e-01
7.495593279600143433e-02
1.614694774616509676e-04
2.714476287364959717e-01
4.807003214955329895e-02
4.601649567484855652e-02
3.528039902448654175e-02
9.938784688711166382e-02
6.321615655906498432e-04
1.677192896604537964e-01
1.188941895961761475e-01
1.262095719575881958e-01
6.032724678516387939e-02
2.234578877687454224e-01
3.583060577511787415e-02
4.077173396944999695e-02
1.341108512133359909e-02
4.170156642794609070e-02
4.122136160731315613e-02
2.381658107042312622e-01
4.731172230094671249e-04
3.914930820465087891e-01
7.172263413667678833e-02
1.362716138828545809e-04
2.226846814155578613e-01
5.325386673212051392e-02
4.937819018959999084e-02
3.571218997240066528e-02
1.256795823574066162e-01
5.699719185940921307e-04
1.400677859783172607e-01
1.186943724751472473e-01
1.374264657497406006e-01
7.606600224971771240e-02
1.267862319946289062e-01
3.935314714908599854e-02
5.949287116527557373e-02
1.167471893131732941e-02
5.775778740644454956e-02
5.753266066312789917e-02
2.543824613094329834e-01
4.601094988174736500e-04
3.754226565361022949e-01
6.743337213993072510e-02
3.304429992567747831e-04
2.125641703605651855e-01
5.081458389759063721e-02
4.870175570249557495e-02
3.266385197639465332e-02
1.324153840541839600e-01
6.158647593110799789e-04
1.297587901353836060e-01
1.310165673494338989e-01
1.647179275751113892e-01
7.283850759267807007e-02
1.719391494989395142e-01
4.442138224840164185e-02
4.265836998820304871e-02
1.314116362482309341e-02
5.466093495488166809e-02
4.880777001380920410e-02
2.775990366935729980e-01
5.120341083966195583e-04
4.479998052120208740e-01
7.065512239933013916e-02
1.105704213841818273e-04
1.853195130825042725e-01
5.311993137001991272e-02
5.006261542439460754e-02
3.355491906404495239e-02
1.380921155214309692e-01
6.453030509874224663e-04
2.733837664127349854e-01
1.613937318325042725e-01
1.891618967056274414e-01
1.183012351393699646e-01
1.913421303033828735e-01
5.199162289500236511e-02
8.129811286926269531e-02
1.786828599870204926e-02
7.007905095815658569e-02
7.073988020420074463e-02
3.262423872947692871e-01
5.335537134669721127e-04
4.624086916446685791e-01
6.905458122491836548e-02
2.000725071411579847e-04
1.103852838277816772e-01
5.931156128644943237e-02
5.537862330675125122e-02
3.463129699230194092e-02
1.531521677970886230e-01
6.676636403426527977e-04
1.743005812168121338e-01
1.667775362730026245e-01
1.958886831998825073e-01
9.894217550754547119e-02
1.537065804004669189e-01
5.542634055018424988e-02
8.042255043983459473e-02
1.818896085023880005e-02
7.990192621946334839e-02
8.060020208358764648e-02
3.218804001808166504e-01
4.826574877370148897e-04
4.814285039901733398e-01
6.814731657505035400e-02
3.745070716831833124e-04
1.454185545444488525e-01
6.853686273097991943e-02
6.285757571458816528e-02
4.182277619838714600e-02
1.740842461585998535e-01
6.557601154781877995e-04
2.098093777894973755e-01
1.644747257232666016e-01
1.846318989992141724e-01
9.535390138626098633e-02
1.019131317734718323e-01
5.094296485185623169e-02
7.989557087421417236e-02
1.228938344866037369e-02
8.318549394607543945e-02
8.070312440395355225e-02
2.749444246292114258e-01
5.649390514008700848e-04
5.147986412048339844e-01
6.261015683412551880e-02
3.219862992409616709e-04
1.140735521912574768e-01
1.114253997802734375e-01
1.051494628190994263e-01
6.881134957075119019e-02
1.838121116161346436e-01
5.959524423815310001e-04
1.806162595748901367e-01
1.615784764289855957e-01
1.824688613414764404e-01
1.304049342870712280e-01
9.123589098453521729e-02
5.486363545060157776e-02
8.265137672424316406e-02
1.236158423125743866e-02
9.530836343765258789e-02
9.218452125787734985e-02
2.680862843990325928e-01
6.024091271683573723e-04
5.512422919273376465e-01
6.110321357846260071e-02
1.727704511722549796e-04
1.108425483107566833e-01
1.552326381206512451e-01
1.473583877086639404e-01
9.932663291692733765e-02
1.903165131807327271e-01
5.844314582645893097e-04
1.765736341476440430e-01
1.557482779026031494e-01
1.744715571403503418e-01
1.337860524654388428e-01
1.357438862323760986e-01
5.365891754627227783e-02
8.877335488796234131e-02
1.377306785434484482e-02
8.805140852928161621e-02
9.446068853139877319e-02
2.602851986885070801e-01
5.760629428550601006e-04
5.832774639129638672e-01
6.480937451124191284e-02
3.274744958616793156e-04
1.554154008626937866e-01
1.605168133974075317e-01
1.527131795883178711e-01
1.000185161828994751e-01
1.817411035299301147e-01
6.206805701367557049e-04
1.650507748126983643e-01
1.577959358692169189e-01
1.756866723299026489e-01
1.391728222370147705e-01
1.490680128335952759e-01
5.174421146512031555e-02
1.007395461201667786e-01
2.121794037520885468e-02
1.056171357631683350e-01
1.053625494241714478e-01
2.300530225038528442e-01
6.667245179414749146e-04
6.271525621414184570e-01
6.316798180341720581e-02
5.941267008893191814e-04
8.804485946893692017e-02
1.034789085388183594e-01
1.032340675592422485e-01
7.151393592357635498e-02
1.806973218917846680e-01
6.951432442292571068e-04
1.874292492866516113e-01
1.555883139371871948e-01
1.698960810899734497e-01
1.286110132932662964e-01
1.749114245176315308e-01
5.242630466818809509e-02
8.714026957750320435e-02
2.412098087370395660e-02
9.499779343605041504e-02
9.301665425300598145e-02
2.464659810066223145e-01
6.803416763432323933e-04
5.776084065437316895e-01
6.418184190988540649e-02
1.340165578511687272e-08
4.724026947400261633e-09
6.040994450449943542e-02
5.870291218161582947e-02
2.973223291337490082e-02
1.800047606229782104e-01
6.694855983369052410e-04
2.654940783977508545e-01
1.686634719371795654e-01
1.846122145652770996e-01
1.496347188949584961e-01
1.477712690830230713e-01
5.242204666137695312e-02
1.007027775049209595e-01
2.010171674191951752e-02
1.101953536272048950e-01
1.102377548813819885e-01
2.592774331569671631e-01
6.498941220343112946e-04
5.186306238174438477e-01
6.444011628627777100e-02
1.340165578511687272e-08
4.724026947400261633e-09
6.187609210610389709e-02
5.411318317055702209e-02
3.487055376172065735e-02
1.969973891973495483e-01
8.997085387818515301e-04
3.090933263301849365e-01
2.173043489456176758e-01
2.789133787155151367e-01
1.756725013256072998e-01
1.369062215089797974e-01
7.092595845460891724e-02
1.377460807561874390e-01
1.446240302175283432e-02
1.416428983211517334e-01
1.427549868822097778e-01
3.102370798587799072e-01
6.544094067066907883e-04
5.602868199348449707e-01
6.636463850736618042e-02
1.340165578511687272e-08
4.724026947400261633e-09
1.005745083093643188e-01
1.323535740375518799e-01
8.469893783330917358e-02
2.407601475715637207e-01
7.993027102202177048e-04
3.040711581707000732e-01
2.967095971107482910e-01
3.523719906806945801e-01
2.522081434726715088e-01
2.350525408983230591e-01
1.013039201498031616e-01
1.701695322990417480e-01
2.181495726108551025e-02
1.777718067169189453e-01
1.757994443178176880e-01
4.665302038192749023e-01
6.231727893464267254e-04
5.154777169227600098e-01
6.206460297107696533e-02
1.340165578511687272e-08
4.724026947400261633e-09
1.634220182895660400e-01
1.718055009841918945e-01
1.000118479132652283e-01
3.280005156993865967e-01
7.108201389200985432e-04
3.018104732036590576e-01
4.681454300880432129e-01
4.294686019420623779e-01
2.933308780193328857e-01
3.354762792587280273e-01
1.434991210699081421e-01
1.901937723159790039e-01
3.527920320630073547e-02
1.875778138637542725e-01
1.915873736143112183e-01
5.260234475135803223e-01
6.028133793734014034e-04
5.303636193275451660e-01
6.230010837316513062e-02
1.340165578511687272e-08
4.724026947400261633e-09
1.145262718200683594e-01
9.744058549404144287e-02
3.773073107004165649e-02
3.600770831108093262e-01
6.714107585139572620e-04
2.806702554225921631e-01
2.771181762218475342e-01
3.130195140838623047e-01
2.493768036365509033e-01
1.846084147691726685e-01
9.631198644638061523e-02
1.819702088832855225e-01
2.538760006427764893e-02
1.865365803241729736e-01
1.884061098098754883e-01
4.055585265159606934e-01
6.329972529783844948e-04
5.458518266677856445e-01
6.214371323585510254e-02
1.340165578511687272e-08
4.724026947400261633e-09
7.577070593833923340e-02
6.423521041870117188e-02
3.894600272178649902e-02
3.482187688350677490e-01
6.365369772538542747e-04
2.396005690097808838e-01
2.296680212020874023e-01
2.670779526233673096e-01
2.094617635011672974e-01
1.227450817823410034e-01
8.147102594375610352e-02
1.424539834260940552e-01
1.764822378754615784e-02
1.649572104215621948e-01
1.583197414875030518e-01
3.428734242916107178e-01
6.727866129949688911e-04
6.137067079544067383e-01
6.214798241853713989e-02
1.340165578511687272e-08
4.724026947400261633e-09
4.223935678601264954e-02
3.755490109324455261e-02
2.378180064260959625e-02
3.214441537857055664e-01
5.978344124741852283e-04
2.050840109586715698e-01
2.137600183486938477e-01
2.462694495916366577e-01
2.175334244966506958e-01
8.337891101837158203e-02
6.809445470571517944e-02
1.470189690589904785e-01
1.209389697760343552e-02
1.473816335201263428e-01
1.597501933574676514e-01
1.763914525508880615e-01
6.400358397513628006e-04
6.485630869865417480e-01
6.477944552898406982e-02
1.340165578511687272e-08
4.724026947400261633e-09
3.630902245640754700e-02
3.471069782972335815e-02
2.031612209975719452e-02
2.806980609893798828e-01
5.943939904682338238e-04
1.848579198122024536e-01
1.705013662576675415e-01
1.905397921800613403e-01
2.036611288785934448e-01
1.136826127767562866e-01
5.588800087571144104e-02
1.310747116804122925e-01
6.876311730593442917e-03
1.375753432512283325e-01
1.437868773937225342e-01
1.780875027179718018e-01
6.809990154579281807e-04
5.981175303459167480e-01
6.707843393087387085e-02
1.340165578511687272e-08
4.724026947400261633e-09
3.825691342353820801e-02
3.813177719712257385e-02
2.155024744570255280e-02
2.506211698055267334e-01
5.640008603222668171e-04
1.722243279218673706e-01
1.848017424345016479e-01
2.039479911327362061e-01
2.040916234254837036e-01
1.524335145950317383e-01
6.090206280350685120e-02
1.319929808378219604e-01
7.279703393578529358e-03
1.474536508321762085e-01
1.504774987697601318e-01
2.042914330959320068e-01
6.303209811449050903e-04
5.995765328407287598e-01
6.959397345781326294e-02
1.340165578511687272e-08
4.724026947400261633e-09
4.109756648540496826e-02
4.128941521048545837e-02
2.264096960425376892e-02
2.667370736598968506e-01
5.618308205157518387e-04
1.880755871534347534e-01
2.345120310783386230e-01
2.647487521171569824e-01
2.227760553359985352e-01
1.678620129823684692e-01
7.079401612281799316e-02
1.569488644599914551e-01
1.303738541901111603e-02
1.619472950696945190e-01
1.629959493875503540e-01
2.610267996788024902e-01
4.655159136746078730e-04
4.589009881019592285e-01
6.498345732688903809e-02
1.340165578511687272e-08
4.724026947400261633e-09
4.197622090578079224e-02
4.028173163533210754e-02
2.372300997376441956e-02
2.320550233125686646e-01
6.175593589432537556e-04
1.827119439840316772e-01
2.295902371406555176e-01
2.497248947620391846e-01
2.187739312648773193e-01
1.471996307373046875e-01
7.940842956304550171e-02
1.590669453144073486e-01
1.304697431623935699e-02
1.615413278341293335e-01
1.626008749008178711e-01
2.502665221691131592e-01
5.318474723026156425e-04
4.859267771244049072e-01
6.584511697292327881e-02
1.340165578511687272e-08
4.724026947400261633e-09
3.490728884935379028e-02
3.520195558667182922e-02
1.958749629557132721e-02
2.548147439956665039e-01
5.997811676934361458e-04
1.847532540559768677e-01
2.621997296810150146e-01
2.872454226016998291e-01
2.251512706279754639e-01
2.284315228462219238e-01
8.212831616401672363e-02
1.545174270868301392e-01
1.410451252013444901e-02
1.618624031543731689e-01
1.504980772733688354e-01
3.407379388809204102e-01
6.216851179488003254e-04
5.398651957511901855e-01
6.057724356651306152e-02
1.340165578511687272e-08
4.724026947400261633e-09
3.241233155131340027e-02
3.581105545163154602e-02
2.292384952306747437e-02
2.791020274162292480e-01
6.255814223550260067e-04
1.955544650554656982e-01
2.659364044666290283e-01
2.857020795345306396e-01
2.039866745471954346e-01
2.609129846096038818e-01
8.296631276607513428e-02
1.353870481252670288e-01
1.715847477316856384e-02
1.398387551307678223e-01
1.389764547348022461e-01
3.398773968219757080e-01
4.661794519051909447e-04
4.331002831459045410e-01
6.134258955717086792e-02
1.340165578511687272e-08
4.724026947400261633e-09
2.952966280281543732e-02
3.507004305720329285e-02
2.589642442762851715e-02
3.016654849052429199e-01
6.552755367010831833e-04
1.886370331048965454e-01
1.909461319446563721e-01
2.037181109189987183e-01
1.247983574867248535e-01
1.789990216493606567e-01
5.985496565699577332e-02
9.794881194829940796e-02
1.363798417150974274e-02
9.221610426902770996e-02
8.809598535299301147e-02
2.637696266174316406e-01
5.364649114198982716e-04
4.414978921413421631e-01
6.096510589122772217e-02
1.340165578511687272e-08
4.724026947400261633e-09
3.681290894746780396e-02
4.000115767121315002e-02
2.475651353597640991e-02
2.130442559719085693e-01
8.086116868071258068e-04
1.908842325210571289e-01
1.942926198244094849e-01
2.085296809673309326e-01
1.507200449705123901e-01
1.353259831666946411e-01
5.971603095531463623e-02
1.115047037601470947e-01
1.147738844156265259e-02
1.186029538512229919e-01
1.125921383500099182e-01
2.189586758613586426e-01
4.786471545230597258e-04
3.936285376548767090e-01
5.895653367042541504e-02
1.340165578511687272e-08
4.724026947400261633e-09
6.520147621631622314e-02
7.756748795509338379e-02
3.113643825054168701e-02
1.948565095663070679e-01
7.504324894398450851e-04
1.980517655611038208e-01
1.351874023675918579e-01
1.619729101657867432e-01
1.134756729006767273e-01
6.731400638818740845e-02
4.227287694811820984e-02
7.726485282182693481e-02
7.982272654771804810e-03
7.139308005571365356e-02
7.897013425827026367e-02
2.321669459342956543e-01
4.230473423376679420e-04
3.552744388580322266e-01
6.034389138221740723e-02
1.340165578511687272e-08
4.724026947400261633e-09
7.675160467624664307e-02
7.326368987560272217e-02
5.799017474055290222e-02
1.937927901744842529e-01
6.759024108760058880e-04
1.814658641815185547e-01
1.451811939477920532e-01
1.659206897020339966e-01
8.656987547874450684e-02
7.343477755784988403e-02
3.733040019869804382e-02
7.839962095022201538e-02
1.182958204299211502e-02
7.373911887407302856e-02
6.569074094295501709e-02
2.701145410537719727e-01
3.983455535490065813e-04
4.041728377342224121e-01
6.158659979701042175e-02
1.340165578511687272e-08
4.724026947400261633e-09
7.267860323190689087e-02
6.748536974191665649e-02
5.781819671392440796e-02
1.576173156499862671e-01
5.930148763582110405e-04
1.837932467460632324e-01
1.739060729742050171e-01
1.874858140945434570e-01
1.062159985303878784e-01
1.151362136006355286e-01
4.846566542983055115e-02
6.708288192749023438e-02
9.146988391876220703e-03
6.007044762372970581e-02
6.104627251625061035e-02
2.284999638795852661e-01
4.417890158947557211e-04
3.972046375274658203e-01
7.096169888973236084e-02
1.340165578511687272e-08
4.724026947400261633e-09
6.981799006462097168e-02
6.214169785380363464e-02
4.163032397627830505e-02
1.598445773124694824e-01
6.005623727105557919e-04
1.870412677526473999e-01
1.316314935684204102e-01
1.445743888616561890e-01
1.075616553425788879e-01
9.894830733537673950e-02
4.555805400013923645e-02
6.181133911013603210e-02
1.364068873226642609e-02
6.416183710098266602e-02
7.109924405813217163e-02
2.900638580322265625e-01
3.993896534666419029e-04
4.486433267593383789e-01
6.754934787750244141e-02
1.340165578511687272e-08
4.724026947400261633e-09
4.897747561335563660e-02
4.400113224983215332e-02
2.570186369121074677e-02
1.669232845306396484e-01
7.078128983266651630e-04
1.826710700988769531e-01
1.530843377113342285e-01
1.740913689136505127e-01
1.155761182308197021e-01
1.305228471755981445e-01
4.815115407109260559e-02
7.178300619125366211e-02
1.469450443983078003e-02
7.486313581466674805e-02
6.020813807845115662e-02
2.929241955280303955e-01
4.694616945926100016e-04
3.610700070858001709e-01
7.518051564693450928e-02
1.340165578511687272e-08
4.724026947400261633e-09
7.598386704921722412e-02
7.225589454174041748e-02
4.320948570966720581e-02
1.459592580795288086e-01
6.756105576641857624e-04
1.795564591884613037e-01
1.593204438686370850e-01
1.687578260898590088e-01
9.445776045322418213e-02
1.419487446546554565e-01
4.892176762223243713e-02
6.510806828737258911e-02
1.626664027571678162e-02
6.349102407693862915e-02
6.619704514741897583e-02
2.584888041019439697e-01
4.825608339160680771e-04
3.823903799057006836e-01
7.939332723617553711e-02
1.340165578511687272e-08
4.724026947400261633e-09
1.557977050542831421e-01
1.428476721048355103e-01
9.471726417541503906e-02
9.830496460199356079e-02
6.754334317520260811e-04
1.576952040195465088e-01
1.359279304742813110e-01
1.545756459236145020e-01
9.570823609828948975e-02
1.563910841941833496e-01
3.975502774119377136e-02
5.268067866563796997e-02
1.902349293231964111e-02
5.445006489753723145e-02
5.487708747386932373e-02
2.247340530157089233e-01
5.977184046059846878e-04
4.695938229560852051e-01
6.469564884901046753e-02
1.340165578511687272e-08
4.724026947400261633e-09
1.681313961744308472e-01
1.607472300529479980e-01
9.973032027482986450e-02
9.041246026754379272e-02
6.907468196004629135e-04
1.390056163072586060e-01
1.452455222606658936e-01
1.527584940195083618e-01
8.274991065263748169e-02
1.488836258649826050e-01
4.263734444975852966e-02
3.789971023797988892e-02
2.063382044434547424e-02
5.104063823819160461e-02
4.783206805586814880e-02
2.135332822799682617e-01
5.565783940255641937e-04
4.347981512546539307e-01
7.160501182079315186e-02
1.340165578511687272e-08
4.724026947400261633e-09
1.430581808090209961e-01
1.384973526000976562e-01
8.300960808992385864e-02
1.182430610060691833e-01
6.981062470003962517e-04
1.094289049506187439e-01
1.360316276550292969e-01
1.474299281835556030e-01
6.574589759111404419e-02
1.884480863809585571e-01
4.234043881297111511e-02
4.662556201219558716e-02
2.138093113899230957e-02
4.360100626945495605e-02
4.402297735214233398e-02
2.045496553182601929e-01
5.551296635530889034e-04
4.021881520748138428e-01
7.368756830692291260e-02
1.340165578511687272e-08
4.724026947400261633e-09
8.989872038364410400e-02
8.630838990211486816e-02
5.114632472395896912e-02
1.066254451870918274e-01
7.033743895590305328e-04
1.111074388027191162e-01
1.587965637445449829e-01
1.725144088268280029e-01
9.388816356658935547e-02
1.621610522270202637e-01
4.695055261254310608e-02
6.021986529231071472e-02
1.758797839283943176e-02
5.225666239857673645e-02
5.171294510364532471e-02
2.165390700101852417e-01
6.802589632570743561e-04
5.628730058670043945e-01
6.808839738368988037e-02
1.340165578511687272e-08
4.724026947400261633e-09
8.712295442819595337e-02
5.515434592962265015e-02
6.860186159610748291e-02
1.208561733365058899e-01
7.297656266018748283e-04
1.286839693784713745e-01
1.723025292158126831e-01
1.874457150697708130e-01
1.331673860549926758e-01
1.759687662124633789e-01
4.976591467857360840e-02
8.041831851005554199e-02
2.086321264505386353e-02
8.830640465021133423e-02
8.839205652475357056e-02
2.227274179458618164e-01
7.402342162095010281e-04
4.339655041694641113e-01
7.020746916532516479e-02
1.340165578511687272e-08
4.724026947400261633e-09
2.051023095846176147e-01
1.962073892354965210e-01
1.643426269292831421e-01
1.242769807577133179e-01
7.153412443585693836e-04
1.268103420734405518e-01
1.464037448167800903e-01
1.580514609813690186e-01
1.409902274608612061e-01
1.319393664598464966e-01
4.359418526291847229e-02
8.379679918289184570e-02
1.485017500817775726e-02
9.722673147916793823e-02
9.142486006021499634e-02
1.984744817018508911e-01
7.449143449775874615e-04
4.699065685272216797e-01
7.082964479923248291e-02
1.340165578511687272e-08
4.724026947400261633e-09
1.171124354004859924e-01
1.123697608709335327e-01
5.478684604167938232e-02
1.363102793693542480e-01
7.252893410623073578e-04
1.003611683845520020e-01
1.403890699148178101e-01
1.513874679803848267e-01
1.262451112270355225e-01
1.503003835678100586e-01
4.356993362307548523e-02
8.477192372083663940e-02
1.326717343181371689e-02
8.263520151376724243e-02
8.432792127132415771e-02
2.178932577371597290e-01
8.770783315412700176e-04
5.388559699058532715e-01
6.588740646839141846e-02
1.340165578511687272e-08
4.724026947400261633e-09
1.006283983588218689e-01
5.662986263632774353e-02
4.005924239754676819e-02
1.179849281907081604e-01
7.279767305590212345e-04
6.508616358041763306e-02
1.248410344123840332e-01
1.390672922134399414e-01
1.204064711928367615e-01
1.217933148145675659e-01
3.604015707969665527e-02
7.796548306941986084e-02
1.205312926322221756e-02
7.370851933956146240e-02
7.612210512161254883e-02
1.889808177947998047e-01
9.199614869430661201e-04
5.092912316322326660e-01
6.556311994791030884e-02
1.340165578511687272e-08
4.724026947400261633e-09
4.543324932456016541e-02
3.609691187739372253e-02
1.919471286237239838e-02
9.636874496936798096e-02
7.373535772785544395e-04
4.432991147041320801e-02
1.285755485296249390e-01
1.421144157648086548e-01
1.470615863800048828e-01
1.234139502048492432e-01
3.735418617725372314e-02
8.983427286148071289e-02
1.302414666861295700e-02
9.179304540157318115e-02
9.095463156700134277e-02
2.476539909839630127e-01
1.172322896309196949e-03
7.171790003776550293e-01
6.696654856204986572e-02
1.340165578511687272e-08
4.724026947400261633e-09
4.205370694398880005e-02
3.225335851311683655e-02
2.320859208703041077e-02
8.669587224721908569e-02
7.431269623339176178e-04
6.876309216022491455e-02
1.094405800104141235e-01
1.182530745863914490e-01
1.069489791989326477e-01
1.250403076410293579e-01
3.145037963986396790e-02
6.875155121088027954e-02
1.262014359235763550e-02
6.719160079956054688e-02
6.779988855123519897e-02
1.594069749116897583e-01
9.601942147128283978e-04
5.563946962356567383e-01
6.521952897310256958e-02
1.340165578511687272e-08
4.724026947400261633e-09
3.384327888488769531e-02
3.523663431406021118e-02
1.398382894694805145e-02
8.608447015285491943e-02
8.164798491634428501e-04
9.925006330013275146e-02
1.159516498446464539e-01
1.176091060042381287e-01
1.122706532478332520e-01
1.262431442737579346e-01
3.219941258430480957e-02
6.370364129543304443e-02
1.319248788058757782e-02
6.324280798435211182e-02
6.383354216814041138e-02
1.368204355239868164e-01
8.618374122306704521e-04
5.241150259971618652e-01
6.576279550790786743e-02
1.340165578511687272e-08
4.724026947400261633e-09
3.871339932084083557e-02
3.885838016867637634e-02
2.074032463133335114e-02
8.869720995426177979e-02
7.426574011333286762e-04
1.549533307552337646e-01
1.084859818220138550e-01
1.083722338080406189e-01
1.040393710136413574e-01
1.310647577047348022e-01
2.976252697408199310e-02
6.298510730266571045e-02
1.274772081524133682e-02
6.356233358383178711e-02
6.203868985176086426e-02
1.185507401823997498e-01
8.213906548917293549e-04
3.549268245697021484e-01
7.316118478775024414e-02
1.340165578511687272e-08
4.724026947400261633e-09
4.057138785719871521e-02
4.172460362315177917e-02
2.062567137181758881e-02
8.406188338994979858e-02
7.386286160908639431e-04
3.076496720314025879e-01
1.087174862623214722e-01
1.055643334984779358e-01
9.519262611865997314e-02
1.312357634305953979e-01
2.925138734281063080e-02
5.571837723255157471e-02
1.355752907693386078e-02
5.399557575583457947e-02
5.366561934351921082e-02
1.119009554386138916e-01
6.769443862140178680e-04
2.502829730510711670e-01
6.513829529285430908e-02
1.340165578511687272e-08
4.724026947400261633e-09
4.950212314724922180e-02
4.488915205001831055e-02
2.635796926915645599e-02
7.315916568040847778e-02
7.476221071556210518e-04
3.010741770267486572e-01
1.007267385721206665e-01
1.066565066576004028e-01
9.181931614875793457e-02
1.348550915718078613e-01
2.867379412055015564e-02
5.502318590879440308e-02
1.279218122363090515e-02
5.286795645952224731e-02
5.246226117014884949e-02
9.217523038387298584e-02
4.122684767935425043e-04
2.746098041534423828e-01
6.362029910087585449e-02
1.340165578511687272e-08
4.724026947400261633e-09
5.613980814814567566e-02
4.695573821663856506e-02
2.455626986920833588e-02
6.905258446931838989e-02
7.302368758246302605e-04
2.117568701505661011e-01
7.991948723793029785e-02
8.454522490501403809e-02
7.740965485572814941e-02
1.346868276596069336e-01
1.932949200272560120e-02
4.451472312211990356e-02
1.242088992148637772e-02
3.850181400775909424e-02
3.943436592817306519e-02
6.627702713012695312e-02
4.765719058923423290e-04
3.115986883640289307e-01
6.301052123308181763e-02
1.340165578511687272e-08
4.724026947400261633e-09
5.574927851557731628e-02
5.105111002922058105e-02
2.992060594260692596e-02
6.722478568553924561e-02
7.651240448467433453e-04
2.027394026517868042e-01
5.567867308855056763e-02
5.790713801980018616e-02
5.009704455733299255e-02
1.327741146087646484e-01
1.588944345712661743e-02
3.000218607485294342e-02
1.502031553536653519e-02
2.527945861220359802e-02
2.623969689011573792e-02
5.724399909377098083e-02
3.677328058984130621e-04
2.317370623350143433e-01
6.371299177408218384e-02
1.340165578511687272e-08
4.724026947400261633e-09
4.035028442740440369e-02
5.213694274425506592e-02
3.334328532218933105e-02
5.730601027607917786e-02
8.415384800173342228e-04
9.485078603029251099e-02
4.813484847545623779e-02
4.974164441227912903e-02
3.998254984617233276e-02
1.318507343530654907e-01
1.526507548987865448e-02
2.380197308957576752e-02
1.423535216599702835e-02
2.097120136022567749e-02
2.087069116532802582e-02
4.969493672251701355e-02
2.636721474118530750e-04
2.852903902530670166e-01
6.790358573198318481e-02
1.340165578511687272e-08
4.724026947400261633e-09
5.935949832201004028e-02
5.714526027441024780e-02
2.897529676556587219e-02
4.308504983782768250e-02
8.593010134063661098e-04
1.423625648021697998e-01
4.073465988039970398e-02
3.863139450550079346e-02
3.412846848368644714e-02
1.368256062269210815e-01
1.195249520242214203e-02
1.994461566209793091e-02
1.355908904224634171e-02
1.720317825675010681e-02
1.743904687464237213e-02
4.975281283259391785e-02
2.932641073130071163e-04
2.596810758113861084e-01
6.060568615794181824e-02
1.340165578511687272e-08
4.724026947400261633e-09
7.878224551677703857e-02
9.556586295366287231e-02
3.673684597015380859e-02
3.980249911546707153e-02
1.008601393550634384e-03
2.016816437244415283e-01
2.655129693448543549e-02
2.830459177494049072e-02
6.507582217454910278e-02
1.389300227165222168e-01
8.960986509919166565e-03
4.567535594105720520e-02
1.307115703821182251e-02
3.094006143510341644e-02
3.136277943849563599e-02
5.301967635750770569e-02
3.703379479702562094e-04
2.605004012584686279e-01
6.392516195774078369e-02
1.340165578511687272e-08
4.724026947400261633e-09
1.229589357972145081e-01
1.235981211066246033e-01
8.264085650444030762e-02
3.039375878870487213e-02
1.054494641721248627e-03
1.394521445035934448e-01
3.749734908342361450e-02
3.560089319944381714e-02
4.207998141646385193e-02
1.225256919860839844e-01
1.147960312664508820e-02
4.320874810218811035e-02
1.459597982466220856e-02
3.284529224038124084e-02
2.539918571710586548e-02
4.270529001951217651e-02
2.976720279548317194e-04
2.588630318641662598e-01
5.240030586719512939e-02
1.340165578511687272e-08
4.724026947400261633e-09
1.753568351268768311e-01
1.436154097318649292e-01
6.682416796684265137e-02
3.403145819902420044e-02
1.188390539027750492e-03
1.547138988971710205e-01
3.301525861024856567e-02
3.371402993798255920e-02
8.009149879217147827e-02
1.211165934801101685e-01
1.277928426861763000e-02
3.488282859325408936e-02
1.497007999569177628e-02
3.777210414409637451e-02
3.827593475580215454e-02
7.812816649675369263e-02
2.532684302423149347e-04
2.367190569639205933e-01
4.682131111621856689e-02
1.340165578511687272e-08
1.716428785584867001e-03
6.655912101268768311e-02
6.136003136634826660e-02
4.008361697196960449e-02
4.034608975052833557e-02
1.304010278545320034e-03
1.512870341539382935e-01
3.690850362181663513e-02
3.891479969024658203e-02
7.809933274984359741e-02
1.392811238765716553e-01
1.276275981217622757e-02
4.919677227735519409e-02
1.581152901053428650e-02
4.678020998835563660e-02
4.754187166690826416e-02
9.169258922338485718e-02
2.658845332916826010e-04
2.279307693243026733e-01
4.138233512639999390e-02
1.340165578511687272e-08
1.716418308205902576e-03
8.675791323184967041e-02
8.204118162393569946e-02
4.551969841122627258e-02
4.961268231272697449e-02
1.523485174402594566e-03
1.818251013755798340e-01
5.148572474718093872e-02
6.286192685365676880e-02
1.374694108963012695e-01
1.831779181957244873e-01
1.680442318320274353e-02
4.528503119945526123e-02
1.800130307674407959e-02
3.549943491816520691e-02
3.541132435202598572e-02
1.100749745965003967e-01
2.992947411257773638e-04
2.450933456420898438e-01
3.744851425290107727e-02
1.340165578511687272e-08
1.716500730253756046e-03
1.135845631361007690e-01
1.059895381331443787e-01
6.756933778524398804e-02
4.637059196829795837e-02
1.718085259199142456e-03
1.973712295293807983e-01
3.593958541750907898e-02
3.943551331758499146e-02
4.139319062232971191e-02
2.264567762613296509e-01
1.372432522475719452e-02
2.329260483384132385e-02
2.368951775133609772e-02
2.166012674570083618e-02
2.172239311039447784e-02
5.803332850337028503e-02
3.730118041858077049e-04
2.356508821249008179e-01
3.945131972432136536e-02
1.340165578511687272e-08
1.716738333925604820e-03
1.283116191625595093e-01
1.238902881741523743e-01
7.268880307674407959e-02
5.061832442879676819e-02
1.707108109258115292e-03
2.586942911148071289e-01
4.155636578798294067e-02
5.649561434984207153e-02
3.240679576992988586e-02
2.796819508075714111e-01
1.504439674317836761e-02
2.559077739715576172e-02
2.615364640951156616e-02
2.843381650745868683e-02
2.870431169867515564e-02
7.293805480003356934e-02
4.710573120974004269e-04
3.827610611915588379e-01
3.906587883830070496e-02
1.340165578511687272e-08
1.716503407806158066e-03
1.297765821218490601e-01
1.250731498003005981e-01
7.294559478759765625e-02
4.112835600972175598e-02
2.039531245827674866e-03
2.637260258197784424e-01
9.322347491979598999e-02
9.789312630891799927e-02
7.831539213657379150e-02
3.236095011234283447e-01
2.795521728694438934e-02
4.061673209071159363e-02
3.024590015411376953e-02
4.537747055292129517e-02
4.580722376704216003e-02
1.434816569089889526e-01
5.118685658089816570e-04
3.705674409866333008e-01
4.530619829893112183e-02
1.340165578511687272e-08
1.716392347589135170e-03
9.310308843851089478e-02
9.050360321998596191e-02
5.311917513608932495e-02
4.927878081798553467e-02
2.748127793893218040e-03
2.375423759222030640e-01
3.732392936944961548e-02
4.380142688751220703e-02
3.848692774772644043e-02
3.800126612186431885e-01
1.420128904283046722e-02
3.407236188650131226e-02
3.285070508718490601e-02
3.557641059160232544e-02
3.560789301991462708e-02
8.413232117891311646e-02
5.366761470213532448e-04
3.918621540069580078e-01
4.438053071498870850e-02
1.340165578511687272e-08
1.716408296488225460e-03
4.886163026094436646e-02
4.942431300878524780e-02
2.406089007854461670e-02
4.770911857485771179e-02
3.098211716860532761e-03
2.175981402397155762e-01
2.760390937328338623e-02
2.929173782467842102e-02
3.329789265990257263e-02
3.185205459594726562e-01
1.160423457622528076e-02
3.874084353446960449e-02
3.034306690096855164e-02
4.371755570173263550e-02
4.154301807284355164e-02
7.870015501976013184e-02
5.936209927313029766e-04
4.607567489147186279e-01
3.315494582056999207e-02
1.340165578511687272e-08
1.716064056381583214e-03
1.036344394087791443e-01
1.043980717658996582e-01
4.886958748102188110e-02
3.493268787860870361e-02
3.141583409160375595e-03
2.188021838665008545e-01
3.619686514139175415e-02
3.522467985749244690e-02
1.379542201757431030e-01
1.963865607976913452e-01
1.215772423893213272e-02
5.154609680175781250e-02
1.923901960253715515e-02
5.677884072065353394e-02
5.309585109353065491e-02
3.797075524926185608e-02
5.922005511820316315e-04
4.937804937362670898e-01
3.256525099277496338e-02
1.340165578511687272e-08
1.716158585622906685e-03
1.245114207267761230e-01
1.465525180101394653e-01
8.019108325242996216e-02
3.014850988984107971e-02
2.868914045393466949e-03
1.909393519163131714e-01
7.246930152177810669e-02
6.813003122806549072e-02
1.574974805116653442e-01
2.499132901430130005e-01
2.529121562838554382e-02
9.408435225486755371e-02
1.423925161361694336e-02
9.654244780540466309e-02
6.782345473766326904e-02
6.894765794277191162e-02
5.592594970948994160e-04
3.793356120586395264e-01
3.743448480963706970e-02
3.946694545447826385e-03
3.949650824069976807e-01
1.572142541408538818e-01
1.501418501138687134e-01
9.517741203308105469e-02
6.396748870611190796e-02
2.100707963109016418e-03
1.834326535463333130e-01
5.732101574540138245e-02
5.169855803251266479e-02
1.474003195762634277e-01
1.968035697937011719e-01
2.812345325946807861e-02
8.539440482854843140e-02
1.429213769733905792e-02
7.808779925107955933e-02
8.117751777172088623e-02
5.558379366993904114e-02
4.166114667896181345e-04
3.379117548465728760e-01
3.328872844576835632e-02
9.866711683571338654e-03
9.616192579269409180e-01
1.314533948898315430e-01
1.020980104804039001e-01
4.836524650454521179e-02
1.140762493014335632e-01
1.906673423945903778e-03
1.997567415237426758e-01
3.605588153004646301e-02
3.690233826637268066e-02
7.616003602743148804e-02
1.647044569253921509e-01
1.906912028789520264e-02
4.111956432461738586e-02
1.354464422911405563e-02
4.679599776864051819e-02
4.805883392691612244e-02
5.269295722246170044e-02
4.742945020552724600e-04
3.741700649261474609e-01
3.427734598517417908e-02
1.183997280895709991e-02
1.086753606796264648e+00
7.266692072153091431e-02
6.778059899806976318e-02
4.052379727363586426e-02
1.117525473237037659e-01
2.186221769079566002e-03
2.052900195121765137e-01
2.794201113283634186e-02
2.367665804922580719e-02
8.727268874645233154e-02
1.071157902479171753e-01
1.014678180217742920e-02
4.417085647583007812e-02
1.008781976997852325e-02
5.665896087884902954e-02
5.764982849359512329e-02
3.301746025681495667e-02
4.620352410711348057e-04
3.989958167076110840e-01
4.065179079771041870e-02
1.184036023914813995e-02
1.093632817268371582e+00
5.379161983728408813e-02
5.501246452331542969e-02
2.336699329316616058e-02
7.286655157804489136e-02
5.216134013608098030e-04
1.931128948926925659e-01
1.932273805141448975e-02
2.337864227592945099e-02
5.478929355740547180e-02
1.417315304279327393e-01
5.459438078105449677e-03
2.799921110272407532e-02
6.856185849756002426e-03
2.938746474683284760e-02
2.404281124472618103e-02
3.295757248997688293e-02
4.484539967961609364e-04
4.470832049846649170e-01
2.975003421306610107e-02
1.184071414172649384e-02
1.093641161918640137e+00
4.292147606611251831e-02
3.968623653054237366e-02
2.366793528199195862e-02
2.111218310892581940e-02
5.795062752440571785e-04
1.724857836961746216e-01
2.439083904027938843e-02
3.508584946393966675e-02
4.390017315745353699e-02
1.586540341377258301e-01
6.411185022443532944e-03
2.155566774308681488e-02
7.366865873336791992e-03
1.586638018488883972e-02
1.956435665488243103e-02
4.415353015065193176e-02
5.805857945233583450e-04
4.396494925022125244e-01
2.746997028589248657e-02
1.184099260717630386e-02
1.093637108802795410e+00
5.535919219255447388e-02
4.807117581367492676e-02
2.373659051954746246e-02
1.726574078202247620e-02
2.023983979597687721e-03
1.568569839000701904e-01
2.096889354288578033e-02
2.715370804071426392e-02
2.913488633930683136e-02
1.729716211557388306e-01
7.095054723322391510e-03
1.576302573084831238e-02
9.761509485542774200e-03
1.309549622237682343e-02
1.181996148079633713e-02
7.327793538570404053e-02
4.186663427390158176e-04
3.786313533782958984e-01
5.179361999034881592e-02
1.184063125401735306e-02
1.093627810478210449e+00
4.855407401919364929e-02
4.743624106049537659e-02
2.415010519325733185e-02
1.676696538925170898e-02
1.760412240400910378e-03
1.488840728998184204e-01
3.717954829335212708e-02
4.135588929057121277e-02
2.359926328063011169e-02
1.482029408216476440e-01
1.097358576953411102e-02
1.399999111890792847e-02
1.007212884724140167e-02
1.457281783223152161e-02
1.341687329113483429e-02
7.401670515537261963e-02
4.201711562927812338e-04
3.570102453231811523e-01
5.020476505160331726e-02
1.184049434959888458e-02
1.093613624572753906e+00
4.694036766886711121e-02
4.675114154815673828e-02
2.173141017556190491e-02
2.648575231432914734e-02
1.752679585479199886e-03
1.199849098920822144e-01
3.007726371288299561e-02
3.569146990776062012e-02
2.766595035791397095e-02
1.443977504968643188e-01
1.131745334714651108e-02
1.579419896006584167e-02
9.056655690073966980e-03
1.656082458794116974e-02
1.519739162176847458e-02
5.500648170709609985e-02
3.962218761444091797e-04
3.313582837581634521e-01
4.674713313579559326e-02
1.183983590453863144e-02
1.093591094017028809e+00
4.531420022249221802e-02
4.230285435914993286e-02
2.065719291567802429e-02
4.162056744098663330e-02
3.545391373336315155e-04
7.344790548086166382e-02
3.013220615684986115e-02
3.639017790555953979e-02
4.371327906847000122e-02
1.673533320426940918e-01
1.094071008265018463e-02
3.238549456000328064e-02
1.009197998791933060e-02
2.054202742874622345e-02
2.110122889280319214e-02
5.871048942208290100e-02
3.360035480000078678e-04
3.483821153640747070e-01
5.731941014528274536e-02
1.183902006596326828e-02
1.093581914901733398e+00
4.042108729481697083e-02
4.606638103723526001e-02
1.986142247915267944e-02
3.605290129780769348e-02
4.509537538979202509e-04
1.170756965875625610e-01
1.839486695826053619e-02
1.786637492477893829e-02
2.264533191919326782e-02
1.660889834165573120e-01
5.879596807062625885e-03
1.162894628942012787e-02
7.976101711392402649e-03
1.231496129184961319e-02
1.275526359677314758e-02
2.179435826838016510e-02
2.715142909437417984e-04
2.793364226818084717e-01
6.070452556014060974e-02
1.184014230966567993e-02
1.093587756156921387e+00
4.979331046342849731e-02
4.957738518714904785e-02
2.155175991356372833e-02
3.787126764655113220e-02
8.845600532367825508e-04
9.434419870376586914e-02
2.318249084055423737e-02
2.502482198178768158e-02
2.805009111762046814e-02
1.536364853382110596e-01
6.648731417953968048e-03
1.515299640595912933e-02
1.018043514341115952e-02
1.749327033758163452e-02
1.502553746104240417e-02
2.949861995875835419e-02
2.787410630844533443e-04
2.849817276000976562e-01
5.802452564239501953e-02
1.183972693979740143e-02
1.093587636947631836e+00
5.169621109962463379e-02
5.932417884469032288e-02
1.861737109720706940e-02
5.328550934791564941e-02
3.235854092054069042e-04
9.200020879507064819e-02
2.226393111050128937e-02
2.137632295489311218e-02
2.633574232459068298e-02
1.231555789709091187e-01
5.879544652998447418e-03
1.429041661322116852e-02
8.772785775363445282e-03
1.203945279121398926e-02
1.182157266885042191e-02
2.041980996727943420e-02
2.796566986944526434e-04
2.684056758880615234e-01
5.235930159687995911e-02
1.183929108083248138e-02
1.093586206436157227e+00
7.458620518445968628e-02
7.238297909498214722e-02
3.695362061262130737e-02
3.658293560147285461e-02
2.137904666597023606e-04
6.484347581863403320e-02
2.209901064634323120e-02
2.290675044059753418e-02
3.094830177724361420e-02
1.306240856647491455e-01
7.866401225328445435e-03
1.991184800863265991e-02
8.471987210214138031e-03
1.904875971376895905e-02
2.128615789115428925e-02
2.813327312469482422e-02
3.208699054084718227e-04
3.131294846534729004e-01
5.384989455342292786e-02
1.183948758989572525e-02
1.093597173690795898e+00
8.239474892616271973e-02
7.456229627132415771e-02
4.219279065728187561e-02
3.968348354101181030e-02
2.233090926893055439e-04
2.446100488305091858e-02
6.644635647535324097e-02
5.481466650962829590e-02
6.089082360267639160e-02
1.888499259948730469e-01
1.689804531633853912e-02
3.888217732310295105e-02
1.133571751415729523e-02
3.438204899430274963e-02
3.513138741254806519e-02
5.468015372753143311e-02
2.881492837332189083e-04
2.335991114377975464e-01
5.424804985523223877e-02
1.183993555605411530e-02
1.093607544898986816e+00
9.628284722566604614e-02
9.081238508224487305e-02
5.428769066929817200e-02
5.572842434048652649e-02
2.547610783949494362e-04
5.092411860823631287e-02
3.928720206022262573e-02
3.895663842558860779e-02
5.552981048822402954e-02
1.408265829086303711e-01
1.141997333616018295e-02
2.654484659433364868e-02
1.072325371205806732e-02
2.590736560523509979e-02
2.594398334622383118e-02
4.566809907555580139e-02
2.967714972328394651e-04
2.177307903766632080e-01
5.637537688016891479e-02
1.184049900621175766e-02
1.093613028526306152e+00
8.819075673818588257e-02
6.020812690258026123e-02
4.376863315701484680e-02
5.392434075474739075e-02
4.083304957021027803e-04
4.161616787314414978e-02
3.412542864680290222e-02
3.781981021165847778e-02
2.868067845702171326e-02
1.571402251720428467e-01
1.254205778241157532e-02
1.624527759850025177e-02
1.329304743558168411e-02
1.615200936794281006e-02
1.508942060172557831e-02
3.556895256042480469e-02
3.457579296082258224e-04
2.519115805625915527e-01
5.928559973835945129e-02
1.184088271111249924e-02
1.093618631362915039e+00
5.855619907379150391e-02
4.991460964083671570e-02
2.734862081706523895e-02
4.712409526109695435e-02
3.064159827772527933e-04
2.301391214132308960e-02
3.674929589033126831e-02
3.971984237432479858e-02
2.886380814015865326e-02
1.756924986839294434e-01
1.108934544026851654e-02
1.690177060663700104e-02
1.405639480799436569e-02
1.608783192932605743e-02
1.615056768059730530e-02
4.244800657033920288e-02
3.308031591586768627e-04
2.485833466053009033e-01
5.721440166234970093e-02
1.184159237891435623e-02
1.093623876571655273e+00
4.747274890542030334e-02
4.839037731289863586e-02
2.790467813611030579e-02
4.222793504595756531e-02
3.230817092116922140e-04
3.366016596555709839e-02
5.446825549006462097e-02
5.583504214882850647e-02
4.255840927362442017e-02
2.820460796356201172e-01
1.490635704249143600e-02
2.327665314078330994e-02
1.775746420025825500e-02
2.675737626850605011e-02
2.569533511996269226e-02
5.982960015535354614e-02
3.118298482149839401e-04
2.702191174030303955e-01
5.687097832560539246e-02
1.184179075062274933e-02
1.093627929687500000e+00
1.059511601924896240e-01
1.010914966464042664e-01
6.486555188894271851e-02
4.598063975572586060e-02
3.119306056760251522e-04
3.745653480291366577e-02
5.838102474808692932e-02
7.005433738231658936e-02
4.668934643268585205e-02
3.209610879421234131e-01
1.766192913055419922e-02
2.165370248258113861e-02
2.169660292565822601e-02
2.169749513268470764e-02
2.018950507044792175e-02
6.241221725940704346e-02
3.539726603776216507e-04
3.309403061866760254e-01
5.842174962162971497e-02
1.184179075062274933e-02
1.093627572059631348e+00
1.173367500305175781e-01
1.139671355485916138e-01
7.006388157606124878e-02
6.077954918146133423e-02
3.013243549503386021e-04
3.835205733776092529e-02
5.162952095270156860e-02
5.626581981778144836e-02
3.442124649882316589e-02
3.477356433868408203e-01
1.757839322090148926e-02
2.167611382901668549e-02
3.028812818229198456e-02
2.034422382712364197e-02
2.065156958997249603e-02
5.977066978812217712e-02
5.303392536006867886e-04
2.854992151260375977e-01
5.668537318706512451e-02
1.184216979891061783e-02
1.093630790710449219e+00
6.558743864297866821e-02
6.305117905139923096e-02
3.499214723706245422e-02
5.438822135329246521e-02
2.975598035845905542e-04
4.678153246641159058e-02
6.703896075487136841e-02
6.461074948310852051e-02
4.213573038578033447e-02
2.437966018915176392e-01
2.104865945875644684e-02
2.235018648207187653e-02
2.850098349153995514e-02
2.237655222415924072e-02
2.424836531281471252e-02
7.637549936771392822e-02
5.415647756308317184e-04
2.545312345027923584e-01
5.177288502454757690e-02
1.184227969497442245e-02
1.230958819389343262e+00
3.986924141645431519e-02
4.473654925823211670e-02
2.915558032691478729e-02
4.409330710768699646e-02
3.033638640772551298e-04
2.926334924995899200e-02
4.895620793104171753e-02
4.734786599874496460e-02
4.078675061464309692e-02
1.360458582639694214e-01
1.590027473866939545e-02
2.373864687979221344e-02
1.571435108780860901e-02
2.248453535139560699e-02
2.271046489477157593e-02
4.781954735517501831e-02
2.711440611165016890e-04
1.368725448846817017e-01
4.536838829517364502e-02
1.578885875642299652e-02
1.638155221939086914e+00
1.009366959333419800e-01
1.007081642746925354e-01
4.711931571364402771e-02
2.694431133568286896e-02
3.044454788323491812e-04
3.144605085253715515e-02
4.405924305319786072e-02
4.977340996265411377e-02
4.742510989308357239e-02
2.028921395540237427e-01
6.853885482996702194e-03
2.712885476648807526e-02
7.767627481371164322e-03
2.481223829090595245e-02
2.467483654618263245e-02
4.470307007431983948e-02
2.253730053780600429e-04
1.381229311227798462e-01
4.621888324618339539e-02
1.578934863209724426e-02
1.702550649642944336e+00
1.330785006284713745e-01
1.665788739919662476e-01
8.265235275030136108e-02
1.930097490549087524e-02
2.572035300545394421e-04
5.101211741566658020e-02
1.503580361604690552e-01
1.843440681695938110e-01
5.007984116673469543e-02
5.143470764160156250e-01
1.791506074368953705e-02
3.039073385298252106e-02
2.877846173942089081e-02
2.964038588106632233e-02
3.139064833521842957e-02
1.821271926164627075e-01
2.314983867108821869e-04
1.400134265422821045e-01
4.673396050930023193e-02
1.776231825351715088e-02
1.702562093734741211e+00
1.451251655817031860e-01
1.459311097860336304e-01
6.806967407464981079e-02
2.967688813805580139e-02
2.324923552805557847e-04
6.168428435921669006e-02
6.603284180164337158e-02
1.061967536807060242e-01
5.562420189380645752e-02
2.058514654636383057e-01
2.532948181033134460e-02
3.251029923558235168e-02
2.708343416452407837e-02
3.730674460530281067e-02
3.621246293187141418e-02
7.878314703702926636e-02
2.144596364814788103e-04
2.034817039966583252e-01
5.024559050798416138e-02
1.776345074176788330e-02
1.702567100524902344e+00
9.497056901454925537e-02
9.696256369352340698e-02
5.875761061906814575e-02
6.230578571557998657e-02
2.941435668617486954e-04
6.625515967607498169e-02
5.379384011030197144e-02
5.631415545940399170e-02
6.577641516923904419e-02
1.864031553268432617e-01
1.824214123189449310e-02
3.856477141380310059e-02
1.903765648603439331e-02
4.916260391473770142e-02
4.945256561040878296e-02
5.524548888206481934e-02
2.676719450391829014e-04
2.064159065485000610e-01
4.678049311041831970e-02
1.776263304054737091e-02
1.702567338943481445e+00
9.396587312221527100e-02
7.180248945951461792e-02
3.186825290322303772e-02
6.482135504484176636e-02
3.185952955391258001e-04
7.185535132884979248e-02
2.242450974881649017e-02
2.182016707956790924e-02
6.912339478731155396e-02
1.169826611876487732e-01
9.572793729603290558e-03
4.056447371840476990e-02
1.264730840921401978e-02
4.269243031740188599e-02
4.289436712861061096e-02
6.903112679719924927e-02
3.286442661192268133e-04
2.249231785535812378e-01
5.248473212122917175e-02
1.776386424899101257e-02
1.702573299407958984e+00
4.903206974267959595e-02
4.385408759117126465e-02
2.365299127995967865e-02
3.108861856162548065e-02
2.879548701457679272e-04
7.310003042221069336e-02
2.173449657857418060e-02
2.444807626307010651e-02
7.226078212261199951e-02
1.097575798630714417e-01
6.888293661177158356e-03
3.964773565530776978e-02
1.115417107939720154e-02
3.918989375233650208e-02
3.792691230773925781e-02
3.874210640788078308e-02
2.998574927914887667e-04
2.005146741867065430e-01
7.067835330963134766e-02
2.565864101052284241e-02
1.799114465713500977e+00
3.895971551537513733e-02
3.654931113123893738e-02
2.079781517386436462e-02
1.897031068801879883e-02
3.308420127723366022e-04
8.958154171705245972e-02
2.450564876198768616e-02
2.980221994221210480e-02
8.037298172712326050e-02
1.311235427856445312e-01
8.320642635226249695e-03
3.867880627512931824e-02
9.444929659366607666e-03
4.294794052839279175e-02
4.346960037946701050e-02
4.626281931996345520e-02
2.422700345050543547e-04
2.112130224704742432e-01
4.692362621426582336e-02
1.144825518131256104e-01
2.195772171020507812e+00
4.623552039265632629e-02
4.392913356423377991e-02
2.247167192399501801e-02
2.810560539364814758e-02
2.117988478858023882e-04
1.101530417799949646e-01
3.803186491131782532e-02
4.362986609339714050e-02
7.391988486051559448e-02
1.164161786437034607e-01
1.295336056500673294e-02
4.734455421566963196e-02
9.957632981240749359e-03
4.531873017549514771e-02
4.547939822077751160e-02
6.476617604494094849e-02
2.452848420944064856e-04
2.426831126213073730e-01
4.633338004350662231e-02
1.144815534353256226e-01
2.195746421813964844e+00
4.396172240376472473e-02
4.299866035580635071e-02
2.132790163159370422e-02
3.447241708636283875e-02
3.132649289909750223e-04
1.214050203561782837e-01
5.246497318148612976e-02
6.517807394266128540e-02
8.988478779792785645e-02
1.442289501428604126e-01
2.008742094039916992e-02
6.067787483334541321e-02
7.714879699051380157e-03
5.481194332242012024e-02
5.711522698402404785e-02
1.499672383069992065e-01
2.848444273695349693e-04
2.145199328660964966e-01
5.206533148884773254e-02
1.144822314381599426e-01
2.195742368698120117e+00
4.584507271647453308e-02
4.470396041870117188e-02
2.725495584309101105e-02
5.162148177623748779e-02
2.177476126234978437e-04
1.354955285787582397e-01
7.966549694538116455e-02
8.348044008016586304e-02
1.345914602279663086e-01
2.036616206169128418e-01
2.396924234926700592e-02
8.650650084018707275e-02
8.849747478961944580e-03
8.217418193817138672e-02
8.259068429470062256e-02
1.099470928311347961e-01
4.081819206476211548e-04
3.096519112586975098e-01
4.816639423370361328e-02
1.144856512546539307e-01
2.195737838745117188e+00
3.899423778057098389e-02
3.859868645668029785e-02
2.188322320580482483e-02
8.412012457847595215e-02
2.598669379949569702e-04
1.606850326061248779e-01
9.714840352535247803e-02
1.152424365282058716e-01
1.923169791698455811e-01
2.121984660625457764e-01
3.120015002787113190e-02
1.204569712281227112e-01
9.521475993096828461e-03
1.360863894224166870e-01
1.364046782255172729e-01
1.623277962207794189e-01
5.483493441715836525e-04
4.230982065200805664e-01
7.288748025894165039e-02
1.144832000136375427e-01
2.195724964141845703e+00
3.807563707232475281e-02
3.788655251264572144e-02
1.850304752588272095e-02
7.458709180355072021e-02
2.508288598619401455e-04
1.938606649637222290e-01
1.342370659112930298e-01
1.558958441019058228e-01
1.977239847183227539e-01
1.501430422067642212e-01
4.764026775956153870e-02
1.261452436447143555e-01
1.209409348666667938e-02
1.255233436822891235e-01
1.267973184585571289e-01
2.286175787448883057e-01
5.968158948235213757e-04
4.590633809566497803e-01
5.797331035137176514e-02
1.144843250513076782e-01
2.195729017257690430e+00
4.846027866005897522e-02
3.534781187772750854e-02
2.185237035155296326e-02
9.274058789014816284e-02
3.435480466578155756e-04
2.076652199029922485e-01
1.430888175964355469e-01
1.753098666667938232e-01
2.333594113588333130e-01
1.828154623508453369e-01
6.038790196180343628e-02
1.700813472270965576e-01
1.487424410879611969e-02
1.634819805622100830e-01
1.614550650119781494e-01
2.719537019729614258e-01
6.093843257986009121e-04
4.706903994083404541e-01
6.183858215808868408e-02
1.144830510020256042e-01
2.195723295211791992e+00
4.668440669775009155e-02
4.590733721852302551e-02
2.311102859675884247e-02
8.733610063791275024e-02
3.346297598909586668e-04
2.268613874912261963e-01
1.794182658195495605e-01
2.188241779804229736e-01
3.380904793739318848e-01
1.954369992017745972e-01
7.104286551475524902e-02
2.184432148933410645e-01
1.241596788167953491e-02
2.037926614284515381e-01
2.128642797470092773e-01
2.711097598075866699e-01
6.282100803218781948e-04
4.829730093479156494e-01
9.187644720077514648e-02
1.144801974296569824e-01
2.195712804794311523e+00
7.612006366252899170e-02
7.356189936399459839e-02
2.877608686685562134e-02
1.045179814100265503e-01
3.767166635952889919e-04
2.627958357334136963e-01
2.099798470735549927e-01
2.427331358194351196e-01
3.167871832847595215e-01
1.508288085460662842e-01
8.265418559312820435e-02
2.301632314920425415e-01
1.452552247792482376e-02
2.295951545238494873e-01
2.332148253917694092e-01
3.102352023124694824e-01
6.376656820066273212e-04
4.972831606864929199e-01
6.545230001211166382e-02
1.144780218601226807e-01
2.195705890655517578e+00
8.844194561243057251e-02
8.144897222518920898e-02
4.504714161157608032e-02
1.035055890679359436e-01
4.087946726940572262e-04
2.757653594017028809e-01
1.955299079418182373e-01
2.279551327228546143e-01
3.369880318641662598e-01
2.118369042873382568e-01
7.444703578948974609e-02
2.406752407550811768e-01
1.367734186351299286e-02
2.586436271667480469e-01
2.591092586517333984e-01
3.063458800315856934e-01
6.883727619424462318e-04
4.832905828952789307e-01
6.586108356714248657e-02
1.144815087318420410e-01
2.195721149444580078e+00
8.638978004455566406e-02
8.229471743106842041e-02
5.378586798906326294e-02
1.045481115579605103e-01
5.202370812185108662e-04
2.758554816246032715e-01
2.169052362442016602e-01
2.393260747194290161e-01
4.091455042362213135e-01
1.973217129707336426e-01
9.130453318357467651e-02
2.945508360862731934e-01
1.327884756028652191e-02
3.069096207618713379e-01
3.084571063518524170e-01
3.211759030818939209e-01
7.288773194886744022e-04
5.496409535408020020e-01
5.638169124722480774e-02
1.144815534353256226e-01
2.195718050003051758e+00
7.037973403930664062e-02
7.060475647449493408e-02
5.812818557024002075e-02
1.184997335076332092e-01
4.573683545459061861e-04
2.957349717617034912e-01
2.302971333265304565e-01
2.578803300857543945e-01
5.018855929374694824e-01
2.701624035835266113e-01
1.033763214945793152e-01
3.370410501956939697e-01
1.491514034569263458e-02
3.385628163814544678e-01
3.401223719120025635e-01
3.694638013839721680e-01
7.260866696015000343e-04
5.522167086601257324e-01
5.965345352888107300e-02
1.144800633192062378e-01
2.195720911026000977e+00
5.678337067365646362e-02
4.917816817760467529e-02
2.745555713772773743e-02
1.133107095956802368e-01
4.735906550195068121e-04
3.022009730339050293e-01
2.618312239646911621e-01
2.957167923450469971e-01
4.900488257408142090e-01
1.442039906978607178e-01
1.188358813524246216e-01
3.787417709827423096e-01
1.409323047846555710e-02
3.798541426658630371e-01
3.808411955833435059e-01
4.173981249332427979e-01
7.347114151343703270e-04
5.585711002349853516e-01
6.014970317482948303e-02
1.144822910428047180e-01
2.195739269256591797e+00
2.587406150996685028e-02
2.593268640339374542e-02
2.152652479708194733e-02
1.733552515506744385e-01
5.015713977627456188e-04
3.064227104187011719e-01
2.652668058872222900e-01
3.023403286933898926e-01
5.286244750022888184e-01
1.522951573133468628e-01
1.275615245103836060e-01
3.839147090911865234e-01
1.712938956916332245e-02
3.773719668388366699e-01
4.073635339736938477e-01
3.887664377689361572e-01
7.476335740648210049e-04
6.373594999313354492e-01
7.948292046785354614e-02
1.144837513566017151e-01
2.195750474929809570e+00
6.210892647504806519e-02
6.095949932932853699e-02
5.389051139354705811e-02
1.567921191453933716e-01
5.499437102116644382e-04
3.110990524291992188e-01
3.489398360252380371e-01
3.787822425365447998e-01
4.906213283538818359e-01
1.466553360223770142e-01
1.601668298244476318e-01
4.018128812313079834e-01
2.429314702749252319e-02
4.021005630493164062e-01
4.021711945533752441e-01
4.452454149723052979e-01
7.440873305313289165e-04
6.274575591087341309e-01
7.206816971302032471e-02
1.144841313362121582e-01
2.195754289627075195e+00
6.909170001745223999e-02
7.080940902233123779e-02
5.794541165232658386e-02
1.701406538486480713e-01
6.115700816735625267e-04
3.408515453338623047e-01
3.618012368679046631e-01
4.104777276515960693e-01
5.202335715293884277e-01
1.578268259763717651e-01
1.749743074178695679e-01
4.188826382160186768e-01
2.656378969550132751e-02
4.337018728256225586e-01
4.308352768421173096e-01
5.064230561256408691e-01
7.463187794201076031e-04
6.470230817794799805e-01
6.971134990453720093e-02
1.144866496324539185e-01
2.195769071578979492e+00
3.259716555476188660e-02
3.563961386680603027e-02
3.848550096154212952e-02
2.056321203708648682e-01
6.740953540429472923e-04
3.744122087955474854e-01
4.491116106510162354e-01
4.878534078598022461e-01
5.640929341316223145e-01
1.533259600400924683e-01
2.071328610181808472e-01
4.836224615573883057e-01
3.194908052682876587e-02
4.767324030399322510e-01
4.721637964248657227e-01
6.498640775680541992e-01
7.111218874342739582e-04
5.624343156814575195e-01
8.373080193996429443e-02
1.144889220595359802e-01
2.195778608322143555e+00
4.513320326805114746e-02
4.560033977031707764e-02
4.503309354186058044e-02
2.457231581211090088e-01
7.306852494366466999e-04
3.903883993625640869e-01
4.480846524238586426e-01
4.943870306015014648e-01
5.779061317443847656e-01
1.498142182826995850e-01
2.121105641126632690e-01
4.847838580608367920e-01
2.937854453921318054e-02
5.164461135864257812e-01
4.952043294906616211e-01
6.477910280227661133e-01
7.301559671759605408e-04
5.851286053657531738e-01
1.024646311998367310e-01
1.144898310303688049e-01
2.195789098739624023e+00
3.842950612306594849e-02
4.010731726884841919e-02
3.517248108983039856e-02
2.759475111961364746e-01
6.916397251188755035e-04
3.686620295047760010e-01
4.476217627525329590e-01
4.911530315876007080e-01
5.929285883903503418e-01
1.644630432128906250e-01
2.201104462146759033e-01
4.535013735294342041e-01
2.541610971093177795e-02
4.970656931400299072e-01
4.982563555240631104e-01
6.615611910820007324e-01
7.645497680641710758e-04
6.146098375320434570e-01
8.903165906667709351e-02
1.144900321960449219e-01
2.193506956100463867e+00
3.467223420739173889e-02
3.768281638622283936e-02
2.954399585723876953e-02
2.997752726078033447e-01
7.287121261470019817e-04
3.627259433269500732e-01
4.146257638931274414e-01
4.502530395984649658e-01
6.479063034057617188e-01
3.427444100379943848e-01
2.027910053730010986e-01
5.520262718200683594e-01
2.389394678175449371e-02
5.609059929847717285e-01
5.645552277565002441e-01
6.001857519149780273e-01
7.700313581153750420e-04
6.369848847389221191e-01
1.012216061353683472e-01
1.144912242889404297e-01
2.193728446960449219e+00
3.366719558835029602e-02
3.922757506370544434e-02
2.941027097404003143e-02
2.885837554931640625e-01
7.855484145693480968e-04
3.815940618515014648e-01
4.249107241630554199e-01
4.932503998279571533e-01
6.293571591377258301e-01
2.291367352008819580e-01
2.125581502914428711e-01
5.565516352653503418e-01
2.426354028284549713e-02
5.587300062179565430e-01
5.487227439880371094e-01
6.462180018424987793e-01
7.689832709729671478e-04
6.003453135490417480e-01
1.192160546779632568e-01
1.144928038120269775e-01
2.194093227386474609e+00
3.531214222311973572e-02
3.550101071596145630e-02
3.156899660825729370e-02
2.607737779617309570e-01
8.058708626776933670e-04
3.900419473648071289e-01
4.462504088878631592e-01
5.142777562141418457e-01
6.606786847114562988e-01
2.419156581163406372e-01
2.172444611787796021e-01
5.596750974655151367e-01
2.528036572039127350e-02
5.610020756721496582e-01
5.600304603576660156e-01
6.762835979461669922e-01
7.895798771642148495e-04
6.373478174209594727e-01
1.129692867398262024e-01
1.144924312829971313e-01
2.205270290374755859e+00
3.436741232872009277e-02
3.447652980685234070e-02
3.222602233290672302e-02
2.859382331371307373e-01
8.323060465045273304e-04
4.029328823089599609e-01
5.171322822570800781e-01
5.696697235107421875e-01
6.824582815170288086e-01
2.493983954191207886e-01
2.412225455045700073e-01
6.072789430618286133e-01
2.447475120425224304e-02
6.087253689765930176e-01
6.094174981117248535e-01
6.678616404533386230e-01
8.136850665323436260e-04
6.634858250617980957e-01
2.034210413694381714e-01
1.184412091970443726e-01
2.396111488342285156e+00
3.454298526048660278e-02
3.160941600799560547e-02
2.997970581054687500e-02
2.841275334358215332e-01
7.386206416413187981e-04
4.284687936305999756e-01
5.396851301193237305e-01
5.976319313049316406e-01
6.742519736289978027e-01
2.117880880832672119e-01
2.601113915443420410e-01
5.656877160072326660e-01
2.263815701007843018e-02
5.953027009963989258e-01
5.981365442276000977e-01
7.368316650390625000e-01
8.236251305788755417e-04
6.314430236816406250e-01
1.164814159274101257e-01
1.223873049020767212e-01
2.619787931442260742e+00
3.210591897368431091e-02
3.297315165400505066e-02
2.767514809966087341e-02
3.497942686080932617e-01
7.647868478670716286e-04
4.508548080921173096e-01
5.657061934471130371e-01
6.000243425369262695e-01
6.275828480720520020e-01
1.922668665647506714e-01
2.633456885814666748e-01
5.864501595497131348e-01
2.303206361830234528e-02
5.962823033332824707e-01
5.879403352737426758e-01
7.439730167388916016e-01
8.439443190582096577e-04
6.476618647575378418e-01
1.170662119984626770e-01
1.302817165851593018e-01
2.736257553100585938e+00
3.433960676193237305e-02
3.180978074669837952e-02
2.731586992740631104e-02
3.822573125362396240e-01
9.815663797780871391e-04
4.904008507728576660e-01
6.205365061759948730e-01
6.736953854560852051e-01
5.841106176376342773e-01
2.033269554376602173e-01
2.886404395103454590e-01
5.814163684844970703e-01
2.564431354403495789e-02
5.731205940246582031e-01
5.742586851119995117e-01
7.419794797897338867e-01
8.429370354861021042e-04
6.624661684036254883e-01
1.693507134914398193e-01
4.737521708011627197e-01
3.286573171615600586e+00
3.649203851819038391e-02
3.313883021473884583e-02
2.911873161792755127e-02
3.878620266914367676e-01
9.705246193334460258e-04
5.462786555290222168e-01
5.836040973663330078e-01
6.831896901130676270e-01
6.984097361564636230e-01
2.083043605089187622e-01
2.974767386913299561e-01
6.431495547294616699e-01
2.271678112447261810e-02
6.629911065101623535e-01
6.633785367012023926e-01
7.440119385719299316e-01
8.651370881125330925e-04
6.546297669410705566e-01
1.516324281692504883e-01
5.092836022377014160e-01
3.581055164337158203e+00
3.526955097913742065e-02
3.595993295311927795e-02
2.942035906016826630e-02
3.860353827476501465e-01
9.734405903145670891e-04
6.494583487510681152e-01
6.073505282402038574e-01
7.099003791809082031e-01
6.002844572067260742e-01
1.046723872423171997e-01
2.981841266155242920e-01
5.701326727867126465e-01
2.360555157065391541e-02
5.602414011955261230e-01
5.632528662681579590e-01
8.250937461853027344e-01
8.906957227736711502e-04
6.920780539512634277e-01
1.158252432942390442e-01
5.037839412689208984e-01
2.795431137084960938e+00
3.189504146575927734e-02
3.335365653038024902e-02
2.651395462453365326e-02
4.622260928153991699e-01
9.940437739714980125e-04
6.019203066825866699e-01
5.713646411895751953e-01
6.400278806686401367e-01
7.183105945587158203e-01
9.372746944427490234e-02
2.722709178924560547e-01
6.579469442367553711e-01
2.585589513182640076e-02
6.174855232238769531e-01
6.071453690528869629e-01
7.991097569465637207e-01
8.966331952251493931e-04
7.133412361145019531e-01
1.291147470474243164e-01
5.014806389808654785e-01
2.481346368789672852e+00
3.361990302801132202e-02
3.321183845400810242e-02
3.342862427234649658e-02
4.520298242568969727e-01
9.812257485464215279e-04
7.906293272972106934e-01
5.619097948074340820e-01
6.383522152900695801e-01
5.986768007278442383e-01
1.037663742899894714e-01
2.616991996765136719e-01
6.148627400398254395e-01
2.548330463469028473e-02
6.271693706512451172e-01
6.442953944206237793e-01
8.424124717712402344e-01
9.340482647530734539e-04
7.678026556968688965e-01
1.674683243036270142e-01
4.984475970268249512e-01
2.624573469161987305e+00
3.466793522238731384e-02
3.384378552436828613e-02
3.854916244745254517e-02
3.904494345188140869e-01
1.006331061944365501e-03
8.523743152618408203e-01
5.657197237014770508e-01
6.228427290916442871e-01
7.403607368469238281e-01
1.243762522935867310e-01
2.690929472446441650e-01
7.151978611946105957e-01
2.521761506795883179e-02
6.914279460906982422e-01
6.865194439888000488e-01
8.224391937255859375e-01
9.878579294309020042e-04
7.785762548446655273e-01
1.577420681715011597e-01
5.027242302894592285e-01
2.788923740386962891e+00
3.515880554914474487e-02
3.537420555949211121e-02
3.540630638599395752e-02
4.014426767826080322e-01
1.057260669767856598e-03
9.665650725364685059e-01
5.470747947692871094e-01
6.119428277015686035e-01
8.699926733970642090e-01
1.317138820886611938e-01
2.606809139251708984e-01
7.583344578742980957e-01
2.510615810751914978e-02
7.715131640434265137e-01
7.747434973716735840e-01
8.021971583366394043e-01
9.521687752567231655e-04
7.770191431045532227e-01
1.846734136343002319e-01
4.980537891387939453e-01
2.810930013656616211e+00
3.553121909499168396e-02
3.449460864067077637e-02
2.864860929548740387e-02
3.927528262138366699e-01
1.041325391270220280e-03
7.140221595764160156e-01
6.045479774475097656e-01
6.818870306015014648e-01
8.839249610900878906e-01
1.660569310188293457e-01
2.835706770420074463e-01
7.674931287765502930e-01
2.819612808525562286e-02
7.865679860115051270e-01
8.093811869621276855e-01
8.716070055961608887e-01
9.798998944461345673e-04
7.851213812828063965e-01
1.539787203073501587e-01
5.025308728218078613e-01
2.890037059783935547e+00
3.386870026588439941e-02
3.427328914403915405e-02
2.766567096114158630e-02
4.120967090129852295e-01
9.338476229459047318e-04
1.094452977180480957e+00
6.140971183776855469e-01
7.050099372863769531e-01
9.581555724143981934e-01
1.382970511913299561e-01
2.908531129360198975e-01
7.986252307891845703e-01
3.027863241732120514e-02
8.363509178161621094e-01
8.193728923797607422e-01
9.618766307830810547e-01
9.865596657618880272e-04
8.091922998428344727e-01
1.172702088952064514e-01
4.969633221626281738e-01
2.815675497055053711e+00
3.631313517689704895e-02
3.451407700777053833e-02
2.871161140501499176e-02
4.328388571739196777e-01
9.019947610795497894e-04
9.413506388664245605e-01
5.987398028373718262e-01
6.980139017105102539e-01
9.524959325790405273e-01
1.493434011936187744e-01
2.817291617393493652e-01
8.445258140563964844e-01
2.692546509206295013e-02
8.416685461997985840e-01
8.746262788772583008e-01
9.378336071968078613e-01
1.019947463646531105e-03
8.251584172248840332e-01
1.200643181800842285e-01
5.012841224670410156e-01
3.026473760604858398e+00
3.716341033577919006e-02
3.646530956029891968e-02
2.935659885406494141e-02
4.631713628768920898e-01
1.099716639146208763e-03
9.058652520179748535e-01
6.341356039047241211e-01
7.175776958465576172e-01
1.042738914489746094e+00
1.312015205621719360e-01
2.899038791656494141e-01
9.067046046257019043e-01
2.691220678389072418e-02
9.014807343482971191e-01
9.062255024909973145e-01
1.037873983383178711e+00
1.038674847222864628e-03
8.674898743629455566e-01
1.191608235239982605e-01
5.034919977188110352e-01
2.881129980087280273e+00
4.899872094392776489e-02
4.980129376053810120e-02
4.053616896271705627e-02
4.352197647094726562e-01
1.139469095505774021e-03
8.914144635200500488e-01
6.909891963005065918e-01
7.939826250076293945e-01
1.076359033584594727e+00
1.340554058551788330e-01
3.110398054122924805e-01
9.047133922576904297e-01
3.009349666535854340e-02
9.285639524459838867e-01
9.341908693313598633e-01
1.377732396125793457e+00
1.067660865373909473e-03
9.306045770645141602e-01
1.230688989162445068e-01
5.053107142448425293e-01
3.012515068054199219e+00
5.354930832982063293e-02
5.480520427227020264e-02
4.432420060038566589e-02
4.833403229713439941e-01
1.267695333808660507e-03
9.423586726188659668e-01
7.735883593559265137e-01
8.403996229171752930e-01
9.937313795089721680e-01
1.560192853212356567e-01
3.532804846763610840e-01
9.204807281494140625e-01
3.263052180409431458e-02
9.187653660774230957e-01
9.256018400192260742e-01
1.377529859542846680e+00
1.195844262838363647e-03
1.055842041969299316e+00
1.260342299938201904e-01
5.006074905395507812e-01
2.937583923339843750e+00
6.602804362773895264e-02
6.891863793134689331e-02
5.814474076032638550e-02
5.229523181915283203e-01
1.298543298617005348e-03
1.048059582710266113e+00
8.488410115242004395e-01
9.477011561393737793e-01
1.133392333984375000e+00
1.731233745813369751e-01
3.702547848224639893e-01
9.933035969734191895e-01
3.760387748479843140e-02
9.979830980300903320e-01
1.001559972763061523e+00
1.364072561264038086e+00
1.102867769077420235e-03
1.003640174865722656e+00
9.908994287252426147e-02
5.020397901535034180e-01
3.109005928039550781e+00
7.201167941093444824e-02
7.204008847475051880e-02
5.847676098346710205e-02
5.918110609054565430e-01
1.658301218412816525e-03
1.123607397079467773e+00
8.550209999084472656e-01
9.743296504020690918e-01
1.020002961158752441e+00
1.795393526554107666e-01
3.714743554592132568e-01
9.326265454292297363e-01
4.138424247503280640e-02
9.592807292938232422e-01
9.627276659011840820e-01
1.257886409759521484e+00
1.116965897381305695e-03
1.029119253158569336e+00
9.997676312923431396e-02
5.950511693954467773e-01
3.815356731414794922e+00
3.366617485880851746e-02
3.879786655306816101e-02
2.936141565442085266e-02
5.988568067550659180e-01
1.906082732602953911e-03
1.113633513450622559e+00
7.159005999565124512e-01
8.482021093368530273e-01
9.573205113410949707e-01
1.647363305091857910e-01
3.388864398002624512e-01
9.057530760765075684e-01
3.878815472126007080e-02
8.955083489418029785e-01
8.991749286651611328e-01
1.217665672302246094e+00
1.133905956521630287e-03
1.095320343971252441e+00
1.029474288225173950e-01
6.034401655197143555e-01
3.891985177993774414e+00
6.301656365394592285e-02
6.972269713878631592e-02
3.934955224394798279e-02
4.955343604087829590e-01
2.029183786362409592e-03
1.122216463088989258e+00
6.312736272811889648e-01
7.293289899826049805e-01
7.378978133201599121e-01
1.585678309202194214e-01
2.929483354091644287e-01
7.200334072113037109e-01
3.472955897450447083e-02
7.701209783554077148e-01
7.703769207000732422e-01
1.140952110290527344e+00
1.191402436234056950e-03
9.668438434600830078e-01
1.348085105419158936e-01
6.067858934402465820e-01
4.101497173309326172e+00
1.143316999077796936e-01
1.449960023164749146e-01
6.772109121084213257e-02
4.202859401702880859e-01
1.880649710074067116e-03
1.102943062782287598e+00
5.459647774696350098e-01
6.821461319923400879e-01
7.971839904785156250e-01
1.776477247476577759e-01
2.613350749015808105e-01
7.614403963088989258e-01
3.406377881765365601e-02
7.817907929420471191e-01
7.855148315429687500e-01
1.058909058570861816e+00
1.123202033340930939e-03
9.330294728279113770e-01
1.493891924619674683e-01
6.304711103439331055e-01
4.332332611083984375e+00
1.556286066770553589e-01
1.518022418022155762e-01
8.544137328863143921e-02
3.487330079078674316e-01
1.537430798634886742e-03
1.075334310531616211e+00
6.232005357742309570e-01
7.441187500953674316e-01
7.147446870803833008e-01
1.515164673328399658e-01
2.991793751716613770e-01
7.306509017944335938e-01
3.630098327994346619e-02
7.794319987297058105e-01
7.806372642517089844e-01
1.172383546829223633e+00
1.047735800966620445e-03
9.386520385742187500e-01
1.184886321425437927e-01
6.451314687728881836e-01
4.776604652404785156e+00
1.135021299123764038e-01
1.326840668916702271e-01
5.655965209007263184e-02
3.596101403236389160e-01
1.346556702628731728e-03
1.070990920066833496e+00
5.954937934875488281e-01
6.894497275352478027e-01
5.304189324378967285e-01
1.561026722192764282e-01
2.872490286827087402e-01
5.706948637962341309e-01
3.471826016902923584e-02
5.521863102912902832e-01
5.404995679855346680e-01
1.125409126281738281e+00
1.071110600605607033e-03
9.848644733428955078e-01
1.245836168527603149e-01
6.555079221725463867e-01
5.347036838531494141e+00
1.185957789421081543e-01
1.129159703850746155e-01
4.397024959325790405e-02
4.272733032703399658e-01
1.108691678382456303e-03
1.072498321533203125e+00
6.100335121154785156e-01
7.148945927619934082e-01
6.280694007873535156e-01
1.451626121997833252e-01
3.002705574035644531e-01
6.932657957077026367e-01
3.775964677333831787e-02
7.032907605171203613e-01
7.054014801979064941e-01
1.139215946197509766e+00
1.110888086259365082e-03
1.018051981925964355e+00
1.659400761127471924e-01
6.494453549385070801e-01
5.526158809661865234e+00
6.161723285913467407e-02
7.048175483942031860e-02
2.888254821300506592e-02
3.795861899852752686e-01
1.179360551759600639e-03
1.139137387275695801e+00
6.888718605041503906e-01
8.244689106941223145e-01
6.905348896980285645e-01
1.526232659816741943e-01
3.219532370567321777e-01
7.562617659568786621e-01
3.967951610684394836e-02
7.672340869903564453e-01
7.679934501647949219e-01
1.126722931861877441e+00
1.155751640908420086e-03
9.907082915306091309e-01
1.095556840300559998e-01
6.494401097297668457e-01
5.554099559783935547e+00
4.138546809554100037e-02
4.075757414102554321e-02
2.724088914692401886e-02
4.387525916099548340e-01
1.050914521329104900e-03
1.081811428070068359e+00
7.776900529861450195e-01
9.073836803436279297e-01
7.009149193763732910e-01
1.746480017900466919e-01
3.575545847415924072e-01
7.511159181594848633e-01
4.263679310679435730e-02
7.222440838813781738e-01
7.578129768371582031e-01
1.177662491798400879e+00
1.136487117037177086e-03
1.033003807067871094e+00
1.132002323865890503e-01
6.494426727294921875e-01
5.554078102111816406e+00
3.918800130486488342e-02
3.681539744138717651e-02
2.625652775168418884e-02
5.093401670455932617e-01
1.400127657689154148e-03
8.636107444763183594e-01
7.407761812210083008e-01
8.828430175781250000e-01
8.351184129714965820e-01
1.702357083559036255e-01
3.346821665763854980e-01
8.200471997261047363e-01
4.075970128178596497e-02
8.273531794548034668e-01
8.148453235626220703e-01
1.149072527885437012e+00
1.187013811431825161e-03
1.126759171485900879e+00
1.040097400546073914e-01
6.494500041007995605e-01
5.247426509857177734e+00
4.406171664595603943e-02
5.303137749433517456e-02
2.967214025557041168e-02
5.033047199249267578e-01
1.335595734417438507e-03
6.892591118812561035e-01
8.609057664871215820e-01
1.010029792785644531e+00
6.602408289909362793e-01
1.919388473033905029e-01
3.911729156970977783e-01
6.460534930229187012e-01
4.961621016263961792e-02
6.244054436683654785e-01
6.370643377304077148e-01
1.322772502899169922e+00
1.419271691702306271e-03
1.051509499549865723e+00
1.167582124471664429e-01
6.450523734092712402e-01
4.684586048126220703e+00
4.518440365791320801e-02
4.684222489595413208e-02
2.258420549333095551e-02
5.936310887336730957e-01
1.172338379546999931e-03
6.655419468879699707e-01
7.679588794708251953e-01
8.805786967277526855e-01
5.668307542800903320e-01
1.849518120288848877e-01
3.595377802848815918e-01
5.975607037544250488e-01
5.302311107516288757e-02
6.147091984748840332e-01
5.446538329124450684e-01
1.129596352577209473e+00
1.088537625037133694e-03
9.978292584419250488e-01
1.143055781722068787e-01
6.446063518524169922e-01
4.726117610931396484e+00
5.161405354738235474e-02
4.017141833901405334e-02
2.674517966806888580e-02
5.611552596092224121e-01
1.166034257039427757e-03
4.594139456748962402e-01
7.270067930221557617e-01
7.929643988609313965e-01
6.423834562301635742e-01
2.589230835437774658e-01
3.800610899925231934e-01
6.506369113922119141e-01
5.252978950738906860e-02
6.501440405845642090e-01
6.454085111618041992e-01
1.034297585487365723e+00
1.118251238949596882e-03
1.007006525993347168e+00
1.176217645406723022e-01
6.504948139190673828e-01
4.873203277587890625e+00
4.341463372111320496e-02
3.784191980957984924e-02
3.058787807822227478e-02
5.829638242721557617e-01
2.288205781951546669e-03
5.529547333717346191e-01
6.298588514328002930e-01
6.741864085197448730e-01
6.054283976554870605e-01
2.127337902784347534e-01
3.578535020351409912e-01
5.363848805427551270e-01
5.346516892313957214e-02
6.283479332923889160e-01
6.245379447937011719e-01
8.869745135307312012e-01
1.103919697925448418e-03
9.521782398223876953e-01
1.228090822696685791e-01
6.446342468261718750e-01
4.750836849212646484e+00
3.833802044391632080e-02
4.431781172752380371e-02
1.642135158181190491e-02
5.238816738128662109e-01
1.779847196303308010e-03
6.427517533302307129e-01
4.968820214271545410e-01
3.719931244850158691e-01
6.288380622863769531e-01
1.965159475803375244e-01
2.967680394649505615e-01
6.250528097152709961e-01
4.694053530693054199e-02
6.711933612823486328e-01
6.458200216293334961e-01
7.558372020721435547e-01
1.114553771913051605e-03
8.881828784942626953e-01
1.152927055954933167e-01
6.437528729438781738e-01
4.422208309173583984e+00
4.668304696679115295e-02
4.112247750163078308e-02
2.075042948126792908e-02
4.888524413108825684e-01
1.773269963450729847e-03
6.078454256057739258e-01
5.052491426467895508e-01
6.700735688209533691e-01
6.381949782371520996e-01
1.976269334554672241e-01
2.995988130569458008e-01
6.996083259582519531e-01
4.736112803220748901e-02
7.118424177169799805e-01
6.817886829376220703e-01
6.816407442092895508e-01
1.084540388546884060e-03
8.922306895256042480e-01
1.263078302145004272e-01
6.491614580154418945e-01
4.622715950012207031e+00
6.688521057367324829e-02
5.157748982310295105e-02
2.943929657340049744e-02
4.298060238361358643e-01
1.482089865021407604e-03
6.533186435699462891e-01
5.142187476158142090e-01
5.369551777839660645e-01
5.305842161178588867e-01
2.178220748901367188e-01
2.635310888290405273e-01
4.725011289119720459e-01
5.275585502386093140e-02
5.161089897155761719e-01
5.172119140625000000e-01
5.345648527145385742e-01
1.060423091985285282e-03
9.915961027145385742e-01
1.371602863073348999e-01
6.374783515930175781e-01
4.637488365173339844e+00
8.414341509342193604e-02
8.702746778726577759e-02
3.701219707727432251e-02
3.043973445892333984e-01
1.305563375353813171e-03
5.552315711975097656e-01
4.631325006484985352e-01
4.443774521350860596e-01
2.865764796733856201e-01
3.180922865867614746e-01
2.489365190267562866e-01
3.673417568206787109e-01
5.283953994512557983e-02
3.418366014957427979e-01
3.415963649749755859e-01
4.983502924442291260e-01
1.102747279219329357e-03
8.428434729576110840e-01
1.480423808097839355e-01
5.355440974235534668e-01
4.599087238311767578e+00
1.006480529904365540e-01
9.841531515121459961e-02
6.907349824905395508e-02
2.831290960311889648e-01
1.142464810982346535e-03
5.033742189407348633e-01
3.327309191226959229e-01
3.802979886531829834e-01
2.597588002681732178e-01
3.058367967605590820e-01
1.858188360929489136e-01
3.712995946407318115e-01
5.072109028697013855e-02
3.616636395454406738e-01
3.648649156093597412e-01
4.492283463478088379e-01
1.113796024583280087e-03
8.922451734542846680e-01
1.289500296115875244e-01
5.466277599334716797e-01
4.443323135375976562e+00
8.986206352710723877e-02
8.323611319065093994e-02
5.797075480222702026e-02
2.617477774620056152e-01
8.159226854331791401e-04
4.107698798179626465e-01
2.632948756217956543e-01
2.738362848758697510e-01
3.140449523925781250e-01
2.087908685207366943e-01
1.482948958873748779e-01
3.149259090423583984e-01
4.158815369009971619e-02
3.203066289424896240e-01
3.337780535221099854e-01
3.365537226200103760e-01
1.275776536203920841e-03
1.338582992553710938e+00
1.281288862228393555e-01
5.466817021369934082e-01
4.579825878143310547e+00
6.123654171824455261e-02
6.253494322299957275e-02
4.860024899244308472e-02
2.407171428203582764e-01
6.808267207816243172e-04
4.015666842460632324e-01
2.478878349065780640e-01
2.617803215980529785e-01
2.255363762378692627e-01
2.079232037067413330e-01
1.506765037775039673e-01
3.013554215431213379e-01
3.957065567374229431e-02
2.725488245487213135e-01
2.962483465671539307e-01
2.867854833602905273e-01
1.904939650557935238e-03
1.628183603286743164e+00
1.226954087615013123e-01
5.232538580894470215e-01
4.378266811370849609e+00
2.613699994981288910e-02
2.384458296000957489e-02
2.737208269536495209e-02
2.351181805133819580e-01
7.751951343379914761e-04
4.372884631156921387e-01
2.543783783912658691e-01
2.975578904151916504e-01
1.514219790697097778e-01
2.106025367975234985e-01
1.398855000734329224e-01
1.478175073862075806e-01
3.871566429734230042e-02
1.267604380846023560e-01
1.362351626157760620e-01
3.293935954570770264e-01
1.561071723699569702e-03
1.350237965583801270e+00
1.376007050275802612e-01
5.254127383232116699e-01
4.259086132049560547e+00
2.344476990401744843e-02
2.086000144481658936e-02
2.874598838388919830e-02
2.236367166042327881e-01
7.561088423244655132e-04
3.579468131065368652e-01
2.769345939159393311e-01
2.702442705631256104e-01
1.296270638704299927e-01
2.107754647731781006e-01
1.517943739891052246e-01
1.346397548913955688e-01
3.908639401197433472e-02
1.285423040390014648e-01
1.276419609785079956e-01
2.894408702850341797e-01
1.440708874724805355e-03
1.053203821182250977e+00
1.593692898750305176e-01
5.371872782707214355e-01
4.266993999481201172e+00
5.438303947448730469e-02
5.136170983314514160e-02
6.177851185202598572e-02
2.147874385118484497e-01
6.070116651244461536e-04
3.377955853939056396e-01
2.385292053222656250e-01
2.432893961668014526e-01
1.230618804693222046e-01
2.133393585681915283e-01
1.293646991252899170e-01
1.285010129213333130e-01
3.783673420548439026e-02
1.233987659215927124e-01
1.236253380775451660e-01
2.418013960123062134e-01
1.629726844839751720e-03
1.382356166839599609e+00
1.790430247783660889e-01
5.370652079582214355e-01
4.771953582763671875e+00
5.778493359684944153e-02
5.678638443350791931e-02
6.344285607337951660e-02
1.869581490755081177e-01
6.356051308102905750e-04
3.580514490604400635e-01
2.301246076822280884e-01
2.415132522583007812e-01
1.213376745581626892e-01
2.141284048557281494e-01
1.175413280725479126e-01
1.578853279352188110e-01
4.025688022375106812e-02
1.138209402561187744e-01
1.161253228783607483e-01
2.023828178644180298e-01
1.293745473958551884e-03
1.170264959335327148e+00
1.945594549179077148e-01
5.312482118606567383e-01
4.067077636718750000e+00
3.711009025573730469e-02
3.458268940448760986e-02
4.312455281615257263e-02
1.743741780519485474e-01
6.715166382491588593e-04
3.448352813720703125e-01
2.095566242933273315e-01
2.044456750154495239e-01
1.481343954801559448e-01
2.188593596220016479e-01
1.062444746494293213e-01
1.651921272277832031e-01
3.967976942658424377e-02
1.705247461795806885e-01
2.278292924165725708e-01
1.829508244991302490e-01
2.199891721829771996e-03
1.194377064704895020e+00
1.927346736192703247e-01
5.397824048995971680e-01
4.406168460845947266e+00
3.119154274463653564e-02
2.532919310033321381e-02
3.844717890024185181e-02
1.693223118782043457e-01
6.408256595022976398e-04
3.415315449237823486e-01
1.888578683137893677e-01
1.947587579488754272e-01
1.633147895336151123e-01
2.215246707201004028e-01
9.715729951858520508e-02
1.655069589614868164e-01
4.974693432450294495e-02
1.815966963768005371e-01
1.788739860057830811e-01
1.530807912349700928e-01
1.683628419414162636e-03
1.410949468612670898e+00
1.972807943820953369e-01
5.443898439407348633e-01
4.412658214569091797e+00
5.260708183050155640e-02
4.399567097425460815e-02
7.496222853660583496e-02
1.396518796682357788e-01
6.072060205042362213e-04
3.636315464973449707e-01
3.610145151615142822e-01
2.619248330593109131e-01
1.953493952751159668e-01
2.130587249994277954e-01
1.049802899360656738e-01
1.853696107864379883e-01
3.393955901265144348e-02
2.089458405971527100e-01
1.794640719890594482e-01
1.522786766290664673e-01
2.778188791126012802e-03
1.889498591423034668e+00
2.063030451536178589e-01
5.410760045051574707e-01
4.667414188385009766e+00
4.138838872313499451e-02
3.702414780855178833e-02
3.003171458840370178e-02
1.232216805219650269e-01
5.481260595843195915e-04
3.497287333011627197e-01
3.757092654705047607e-01
3.915573358535766602e-01
2.334123998880386353e-01
2.508810162544250488e-01
1.163576021790504456e-01
2.457664608955383301e-01
6.500002741813659668e-02
2.598962783813476562e-01
2.792912423610687256e-01
1.567890942096710205e-01
2.759256865829229355e-03
1.472273230552673340e+00
1.888034641742706299e-01
5.279055237770080566e-01
4.657061576843261719e+00
3.767777234315872192e-02
3.938543051481246948e-02
4.007242247462272644e-02
1.222227886319160461e-01
4.773462424054741859e-04
3.323722481727600098e-01
2.757944464683532715e-01
2.416800707578659058e-01
1.973034590482711792e-01
2.919501066207885742e-01
1.414853632450103760e-01
2.004116624593734741e-01
6.380135565996170044e-02
2.124952077865600586e-01
2.101161181926727295e-01
1.808312237262725830e-01
2.848628442734479904e-03
1.585526227951049805e+00
1.841719448566436768e-01
5.373517274856567383e-01
4.528288364410400391e+00
3.823035210371017456e-02
3.532643616199493408e-02
6.180934607982635498e-02
1.218644008040428162e-01
4.170665633864700794e-04
2.759065628051757812e-01
3.526343107223510742e-01
3.550034463405609131e-01
2.163010537624359131e-01
4.323357939720153809e-01
2.051115036010742188e-01
2.355898916721343994e-01
1.084119156002998352e-01
2.372299432754516602e-01
2.323547303676605225e-01
1.988804191350936890e-01
1.751850009895861149e-03
1.358382225036621094e+00
1.958190798759460449e-01
5.653493404388427734e-01
4.752498626708984375e+00
3.186789155006408691e-02
2.443500980734825134e-02
4.192340001463890076e-02
1.529476344585418701e-01
4.213888314552605152e-04
3.375402987003326416e-01
2.997824251651763916e-01
2.654210329055786133e-01
2.210305482149124146e-01
4.226379394531250000e-01
1.547331959009170532e-01
1.965377032756805420e-01
9.154679626226425171e-02
2.098595798015594482e-01
2.186256349086761475e-01
2.042497247457504272e-01
1.633006148040294647e-03
1.401108860969543457e+00
1.945879757404327393e-01
5.393809080123901367e-01
4.522244930267333984e+00
2.163439430296421051e-02
1.842180639505386353e-02
2.658703178167343140e-02
1.550832986831665039e-01
4.098649078514426947e-04
3.273752629756927490e-01
3.176309168338775635e-01
2.909052371978759766e-01
2.496762722730636597e-01
2.870093882083892822e-01
1.570489257574081421e-01
2.387143075466156006e-01
7.085042446851730347e-02
2.614252567291259766e-01
2.620103359222412109e-01
2.083384841680526733e-01
2.048211870715022087e-03
1.347507238388061523e+00
1.834327131509780884e-01
5.345867872238159180e-01
4.579817771911621094e+00
2.263148687779903412e-02
1.963962055742740631e-02
2.535860240459442139e-02
1.550869792699813843e-01
6.048425566405057907e-04
3.298001587390899658e-01
2.965330183506011963e-01
2.521815896034240723e-01
3.014358282089233398e-01
2.936321198940277100e-01
1.452124565839767456e-01
2.770512402057647705e-01
5.711046978831291199e-02
2.533022463321685791e-01
2.643324136734008789e-01
2.162288427352905273e-01
1.146194525063037872e-03
8.840415477752685547e-01
1.834640204906463623e-01
5.507593154907226562e-01
4.991742610931396484e+00
2.165650390088558197e-02
2.012444660067558289e-02
2.401733398437500000e-02
1.367553174495697021e-01
6.100359605625271797e-04
3.340651690959930420e-01
3.047557473182678223e-01
2.812711000442504883e-01
3.195441663265228271e-01
3.088462948799133301e-01
1.573952287435531616e-01
3.149494230747222900e-01
7.125853747129440308e-02
2.765546441078186035e-01
2.981919944286346436e-01
2.310207933187484741e-01
1.131537836045026779e-03
7.949078679084777832e-01
1.874547004699707031e-01
5.685274600982666016e-01
5.267567157745361328e+00
2.112863957881927490e-02
2.008525282144546509e-02
2.013674937188625336e-02
1.373924762010574341e-01
6.374361691996455193e-04
5.138475894927978516e-01
3.904807567596435547e-01
3.550878167152404785e-01
4.054341912269592285e-01
3.482133448123931885e-01
1.957909911870956421e-01
3.774527907371520996e-01
8.772727102041244507e-02
4.293429553508758545e-01
3.928036987781524658e-01
2.839079797267913818e-01
1.242639962583780289e-03
8.145854473114013672e-01
1.809040009975433350e-01
6.001093983650207520e-01
5.650041103363037109e+00
2.377801947295665741e-02
2.144554629921913147e-02
2.915753051638603210e-02
1.825282275676727295e-01
6.419353885576128960e-04
5.761302113533020020e-01
4.555097818374633789e-01
4.076279699802398682e-01
4.742424488067626953e-01
3.297812044620513916e-01
2.320602983236312866e-01
4.304977655410766602e-01
7.317176461219787598e-02
4.277152121067047119e-01
4.214042127132415771e-01
3.259463012218475342e-01
1.337696798145771027e-03
9.076930284500122070e-01
1.837778538465499878e-01
6.099798083305358887e-01
6.151053428649902344e+00
2.158168517053127289e-02
1.931273005902767181e-02
2.508777752518653870e-02
1.872463077306747437e-01
7.007039384916424751e-04
3.500250279903411865e-01
4.493404626846313477e-01
4.054917693138122559e-01
4.353994131088256836e-01
1.962315440177917480e-01
2.159163206815719604e-01
4.204996526241302490e-01
7.499944418668746948e-02
4.067405462265014648e-01
4.093557894229888916e-01
3.099395930767059326e-01
8.761291974224150181e-04
5.986861586570739746e-01
1.767631471157073975e-01
6.218196153640747070e-01
6.423066139221191406e+00
2.128955535590648651e-02
2.060461975634098053e-02
2.395818009972572327e-02
1.806442886590957642e-01
6.252589519135653973e-04
4.451571106910705566e-01
4.753088355064392090e-01
4.407955408096313477e-01
6.193037033081054688e-01
2.840285599231719971e-01
2.389670163393020630e-01
5.621244311332702637e-01
3.831524029374122620e-02
5.518234372138977051e-01
5.504801869392395020e-01
3.276464045047760010e-01
6.895294645801186562e-04
7.139355540275573730e-01
1.871325522661209106e-01
6.218183636665344238e-01
6.467240810394287109e+00
1.980086974799633026e-02
1.890884339809417725e-02
2.552662044763565063e-02
2.598252296447753906e-01
5.727722309529781342e-04
3.013488352298736572e-01
5.133835673332214355e-01
4.561881124973297119e-01
6.175957918167114258e-01
2.976704239845275879e-01
2.474291622638702393e-01
5.868431925773620605e-01
8.899875730276107788e-02
5.974505543708801270e-01
5.816934108734130859e-01
3.572148680686950684e-01
5.855386843904852867e-04
6.874272823333740234e-01
1.941079199314117432e-01
6.129480004310607910e-01
6.003068447113037109e+00
2.221224643290042877e-02
2.880346775054931641e-02
2.859934978187084198e-02
2.745420932769775391e-01
5.343992379494011402e-04
3.174907863140106201e-01
5.238682627677917480e-01
4.987776577472686768e-01
6.481652259826660156e-01
3.104705512523651123e-01
2.425082027912139893e-01
6.081103086471557617e-01
7.509980350732803345e-02
5.990135073661804199e-01
6.160252690315246582e-01
4.209441244602203369e-01
7.704219897277653217e-04
6.656819581985473633e-01
2.129979431629180908e-01
6.001399159431457520e-01
5.452210903167724609e+00
3.346417471766471863e-02
3.278121352195739746e-02
2.464520558714866638e-02
2.769403755664825439e-01
4.994074115529656410e-04
3.566565811634063721e-01
5.365257263183593750e-01
4.845623373985290527e-01
6.387767195701599121e-01
3.170350492000579834e-01
2.640809416770935059e-01
6.257578730583190918e-01
5.558993294835090637e-02
6.052240133285522461e-01
6.069365739822387695e-01
3.961313664913177490e-01
6.346382433548569679e-04
7.027119398117065430e-01
2.189205288887023926e-01
5.752015113830566406e-01
5.157280921936035156e+00
3.008186817169189453e-02
2.873650006949901581e-02
3.276775404810905457e-02
3.125886023044586182e-01
5.215225974097847939e-04
3.814005255699157715e-01
5.794298648834228516e-01
5.295926332473754883e-01
7.322410941123962402e-01
3.402724862098693848e-01
2.586758136749267578e-01
6.653168797492980957e-01
5.743028596043586731e-02
6.835860013961791992e-01
6.880882382392883301e-01
4.898972809314727783e-01
6.420998834073543549e-04
6.902732849121093750e-01
2.169045060873031616e-01
2.785682082176208496e-01
4.728289127349853516e+00
2.795779705047607422e-02
2.972602844238281250e-02
3.726942464709281921e-02
3.444882929325103760e-01
5.732999998144805431e-04
3.551652133464813232e-01
5.055323839187622070e-01
4.901657998561859131e-01
6.951875686645507812e-01
2.969577312469482422e-01
2.274360358715057373e-01
6.575025320053100586e-01
5.940285325050354004e-02
6.429443955421447754e-01
6.434485316276550293e-01
5.028052330017089844e-01
6.185829406604170799e-04
6.806273460388183594e-01
2.427639663219451904e-01
2.349348962306976318e-01
4.260744571685791016e+00
2.427663467824459076e-02
2.243125997483730316e-02
2.984215319156646729e-02
3.523270189762115479e-01
4.066129622515290976e-04
3.648895919322967529e-01
5.469061136245727539e-01
5.109841227531433105e-01
7.317572832107543945e-01
2.509743273258209229e-01
2.380771189928054810e-01
7.113578319549560547e-01
3.961298987269401550e-02
6.960880160331726074e-01
6.977707147598266602e-01
4.941822588443756104e-01
6.526492652483284473e-04
6.570519208908081055e-01
2.518287301063537598e-01
2.198913246393203735e-01
4.558434009552001953e+00
2.282568439841270447e-02
2.016045898199081421e-02
2.731989696621894836e-02
3.794046044349670410e-01
4.095440381206572056e-04
3.987953662872314453e-01
5.885710716247558594e-01
5.377033352851867676e-01
7.598690390586853027e-01
2.302896827459335327e-01
2.398849725723266602e-01
7.060932517051696777e-01
4.157323390245437622e-02
6.748023033142089844e-01
6.858441829681396484e-01
4.640645384788513184e-01
6.768272141925990582e-04
6.511477231979370117e-01
2.459187805652618408e-01
2.181426435708999634e-01
4.667078495025634766e+00
2.114672400057315826e-02
1.913703419268131256e-02
2.135438658297061920e-02
4.042215943336486816e-01
6.771740736439824104e-04
4.105303585529327393e-01
5.380724668502807617e-01
5.287964940071105957e-01
7.976773381233215332e-01
2.095832824707031250e-01
2.395922094583511353e-01
6.890341043472290039e-01
4.086489975452423096e-02
6.856959462165832520e-01
6.799917221069335938e-01
5.281844139099121094e-01
7.145713316276669502e-04
7.165617346763610840e-01
2.629674375057220459e-01
2.176503688097000122e-01
4.333203792572021484e+00
4.328011348843574524e-02
4.028342664241790771e-02
4.312505200505256653e-02
4.105819463729858398e-01
7.470481796190142632e-04
4.055795669555664062e-01
5.005962848663330078e-01
5.226897597312927246e-01
8.544753193855285645e-01
2.134225219488143921e-01
2.141512185335159302e-01
7.400649785995483398e-01
2.993340976536273956e-02
7.327004671096801758e-01
7.481635212898254395e-01
4.970916211605072021e-01
7.460985798388719559e-04
7.318291664123535156e-01
2.798511981964111328e-01
2.202851027250289917e-01
4.631597042083740234e+00
4.752691462635993958e-02
4.750562459230422974e-02
4.536382481455802917e-02
4.163981378078460693e-01
1.175192533992230892e-03
4.055753052234649658e-01
5.070260167121887207e-01
4.730524420738220215e-01
8.397774696350097656e-01
2.413920462131500244e-01
2.042903453111648560e-01
7.229971289634704590e-01
3.061697632074356079e-02
7.410517334938049316e-01
7.161622047424316406e-01
4.793820977210998535e-01
7.881995989009737968e-04
8.303198814392089844e-01
2.942954003810882568e-01
2.193051725625991821e-01
4.198833942413330078e+00
3.904062137007713318e-02
3.830985724925994873e-02
4.176156967878341675e-02
4.116452634334564209e-01
1.456328318454325199e-03
4.177373349666595459e-01
5.719632506370544434e-01
5.431698560714721680e-01
9.819281697273254395e-01
2.585253715515136719e-01
2.337685078382492065e-01
8.231336474418640137e-01
3.079534694552421570e-02
8.236894011497497559e-01
8.280053734779357910e-01
5.382123589515686035e-01
8.182718302123248577e-04
8.757799267768859863e-01
2.875457108020782471e-01
2.233299911022186279e-01
4.930918216705322266e+00
2.392514236271381378e-02
2.180580049753189087e-02
2.399613708257675171e-02
4.196999967098236084e-01
8.731454145163297653e-04
3.978351354598999023e-01
6.022360920906066895e-01
5.868226289749145508e-01
1.030858755111694336e+00
2.530061006546020508e-01
2.443700581789016724e-01
9.277274608612060547e-01
2.974940463900566101e-02
8.451548814773559570e-01
8.565036058425903320e-01
5.761992335319519043e-01
8.325732778757810593e-04
8.180451989173889160e-01
3.272326290607452393e-01
2.228649854660034180e-01
4.470212459564208984e+00
2.500809915363788605e-02
2.403104864060878754e-02
2.347587607800960541e-02
4.809201061725616455e-01
1.085001626051962376e-03
3.448686301708221436e-01
6.587103605270385742e-01
6.341108679771423340e-01
1.301386356353759766e+00
2.334191650152206421e-01
2.671796381473541260e-01
1.109597206115722656e+00
2.952879667282104492e-02
1.105421900749206543e+00
1.107477068901062012e+00
6.252498626708984375e-01
8.363238302990794182e-04
9.890937805175781250e-01
3.718799054622650146e-01
2.186239361763000488e-01
4.209317684173583984e+00
3.086515888571739197e-02
3.281648829579353333e-02
2.839709445834159851e-02
5.340930819511413574e-01
1.770850620232522488e-03
3.690823912620544434e-01
6.628004312515258789e-01
6.664588451385498047e-01
1.417379260063171387e+00
2.472365200519561768e-01
2.675520181655883789e-01
1.295392513275146484e+00
3.100506961345672607e-02
1.219666957855224609e+00
1.214157342910766602e+00
6.910885572433471680e-01
9.096944122575223446e-04
9.435560107231140137e-01
4.464892446994781494e-01
2.152332067489624023e-01
4.032751083374023438e+00
3.218729048967361450e-02
2.976770326495170593e-02
2.747669629752635956e-02
5.727383494377136230e-01
1.368037424981594086e-03
3.716910779476165771e-01
6.315941810607910156e-01
6.426222920417785645e-01
1.401235818862915039e+00
3.871407210826873779e-01
2.525493502616882324e-01
1.184000849723815918e+00
3.855164721608161926e-02
1.187111020088195801e+00
1.181401968002319336e+00
6.883637309074401855e-01
9.199758060276508331e-04
9.129260778427124023e-01
5.317095518112182617e-01
2.443712502717971802e-01
4.096426010131835938e+00
2.387728542089462280e-02
2.275947108864784241e-02
2.470919676125049591e-02
5.933755040168762207e-01
2.026424044743180275e-03
3.972302973270416260e-01
6.783968210220336914e-01
7.037584781646728516e-01
1.545390725135803223e+00
4.558672606945037842e-01
2.714325189590454102e-01
1.336513876914978027e+00
4.147718474268913269e-02
1.377888798713684082e+00
1.367044806480407715e+00
8.220306634902954102e-01
8.788647828623652458e-04
8.020000457763671875e-01
4.506151676177978516e-01
2.166835665702819824e-01
4.267563343048095703e+00
2.103940024971961975e-02
2.109026163816452026e-02
2.571942657232284546e-02
6.013570427894592285e-01
1.859550131484866142e-03
4.587143957614898682e-01
7.214837670326232910e-01
7.664297223091125488e-01
1.485211491584777832e+00
4.660572409629821777e-01
2.785126864910125732e-01
1.289844512939453125e+00
4.218919575214385986e-02
1.347559928894042969e+00
1.340429067611694336e+00
8.765453100204467773e-01
8.443256956525146961e-04
8.158472180366516113e-01
4.940242171287536621e-01
2.286732047796249390e-01
3.294307231903076172e+00
2.088473550975322723e-02
2.043765969574451447e-02
2.179876714944839478e-02
5.807479619979858398e-01
1.698599196970462799e-03
5.632816553115844727e-01
7.008109092712402344e-01
7.543343305587768555e-01
1.595644950866699219e+00
4.754404425621032715e-01
2.699242532253265381e-01
1.398563146591186523e+00
4.250892996788024902e-02
1.396661162376403809e+00
1.387470602989196777e+00
9.042107462882995605e-01
8.099292172119021416e-04
8.071538209915161133e-01
5.925347805023193359e-01
1.310138404369354248e-01
2.867391347885131836e+00
2.075846120715141296e-02
1.927089691162109375e-02
2.249148301780223846e-02
5.894171595573425293e-01
1.354900887235999107e-03
5.504010915756225586e-01
7.495368123054504395e-01
8.003938794136047363e-01
1.751128435134887695e+00
4.813624024391174316e-01
2.801327109336853027e-01
1.555403232574462891e+00
4.269799217581748962e-02
1.486171960830688477e+00
1.593185424804687500e+00
1.010963201522827148e+00
7.954647880978882313e-04
8.678011298179626465e-01
4.223888516426086426e-01
1.191974133253097534e-01
3.308698415756225586e+00
2.134241908788681030e-02
2.040540240705013275e-02
2.357910387217998505e-02
5.717879533767700195e-01
1.375763909891247749e-03
6.674928665161132812e-01
8.432752490043640137e-01
9.110102653503417969e-01
1.892710208892822266e+00
4.842685163021087646e-01
3.220208883285522461e-01
1.631464242935180664e+00
4.279194399714469910e-02
1.703744769096374512e+00
1.679787039756774902e+00
1.121515512466430664e+00
8.749797125346958637e-04
8.471658825874328613e-01
4.609729349613189697e-01
1.221936345100402832e-01
2.640126466751098633e+00
2.205882407724857330e-02
2.097548544406890869e-02
2.381142228841781616e-02
6.395112872123718262e-01
1.100433408282697201e-03
7.062305808067321777e-01
8.712990880012512207e-01
9.100794792175292969e-01
1.758737444877624512e+00
4.831755459308624268e-01
3.204895853996276855e-01
1.452355504035949707e+00
4.153094068169593811e-02
1.545531511306762695e+00
1.578171014785766602e+00
1.183641076087951660e+00
7.655540830455720425e-04
7.827010154724121094e-01
3.786927163600921631e-01
8.942490816116333008e-02
2.598659038543701172e+00
2.390096336603164673e-02
2.124467678368091583e-02
2.460582181811332703e-02
7.248744964599609375e-01
9.285777341574430466e-04
7.575106620788574219e-01
9.428142309188842773e-01
1.014024138450622559e+00
1.961248636245727539e+00
4.285094738006591797e-01
3.523279130458831787e-01
1.554104089736938477e+00
3.078229166567325592e-02
1.648480415344238281e+00
1.544416546821594238e+00
1.256860494613647461e+00
6.413583178073167801e-04
7.024458646774291992e-01
4.231024682521820068e-01
9.222603589296340942e-02
2.579524755477905273e+00
2.109935134649276733e-02
2.120532095432281494e-02
2.399523742496967316e-02
7.167072892189025879e-01
5.130882491357624531e-04
7.719435691833496094e-01
1.021306157112121582e+00
1.104841828346252441e+00
1.799101710319519043e+00
2.348395735025405884e-01
3.864987790584564209e-01
1.505836248397827148e+00
2.238162979483604431e-02
1.573226213455200195e+00
1.562393903732299805e+00
1.395108461380004883e+00
5.655699060298502445e-04
6.690446138381958008e-01
4.488761126995086670e-01
8.190816640853881836e-02
2.324031591415405273e+00
2.199138700962066650e-02
2.073208428919315338e-02
2.504784427583217621e-02
7.291404008865356445e-01
6.783438730053603649e-04
7.855076789855957031e-01
1.054329276084899902e+00
1.153146386146545410e+00
1.773496031761169434e+00
1.639674454927444458e-01
3.701599240303039551e-01
1.427789926528930664e+00
2.116018161177635193e-02
1.459864616394042969e+00
1.443375229835510254e+00
1.471397042274475098e+00
6.936878198757767677e-04
7.229690551757812500e-01
4.371284842491149902e-01
7.279841601848602295e-02
2.078501462936401367e+00
2.248910814523696899e-02
2.114519104361534119e-02
2.658663690090179443e-02
7.760574817657470703e-01
7.773036486469209194e-04
8.892869353294372559e-01
1.061243295669555664e+00
1.155543565750122070e+00
1.671414375305175781e+00
1.675483882427215576e-01
3.776072263717651367e-01
1.261189818382263184e+00
2.058525756001472473e-02
1.215079069137573242e+00
1.219017505645751953e+00
1.515700340270996094e+00
5.147506599314510822e-04
6.411606669425964355e-01
4.431678354740142822e-01
7.382961362600326538e-02
1.980179905891418457e+00
2.243304811418056488e-02
2.149008028209209442e-02
2.669611759483814240e-02
8.071836829185485840e-01
4.578575899358838797e-04
9.477955102920532227e-01
1.089571118354797363e+00
1.213634490966796875e+00
1.752068281173706055e+00
2.223338633775711060e-01
4.024117290973663330e-01
1.374809861183166504e+00
2.191028930246829987e-02
1.381958007812500000e+00
1.436550617218017578e+00
1.593414664268493652e+00
5.430633900687098503e-04
6.183441281318664551e-01
3.694189488887786865e-01
7.525306940078735352e-02
2.108172893524169922e+00
2.739578485488891602e-02
2.562243118882179260e-02
2.500442415475845337e-02
8.454419374465942383e-01
2.965271996799856424e-04
1.072752952575683594e+00
1.163381695747375488e+00
1.265983462333679199e+00
1.857235312461853027e+00
2.352732717990875244e-01
4.164400696754455566e-01
1.485593318939208984e+00
3.098768368363380432e-02
1.472387552261352539e+00
1.479604125022888184e+00
1.677320599555969238e+00
5.408999277278780937e-04
6.152262091636657715e-01
4.220017790794372559e-01
7.120972871780395508e-02
2.333258152008056641e+00
2.644149400293827057e-02
2.541095390915870667e-02
2.663895301520824432e-02
8.037392497062683105e-01
3.755428770091384649e-04
1.190507411956787109e+00
1.266310930252075195e+00
1.413086891174316406e+00
1.903206944465637207e+00
2.271841615438461304e-01
4.621545672416687012e-01
1.429862260818481445e+00
3.047830238938331604e-02
1.458643555641174316e+00
1.464673519134521484e+00
1.890219688415527344e+00
7.460656343027949333e-04
5.873659849166870117e-01
4.304344058036804199e-01
7.134623825550079346e-02
2.014550447463989258e+00
2.826416492462158203e-02
2.385881915688514709e-02
2.718526124954223633e-02
8.613993525505065918e-01
3.486833011265844107e-04
1.292437434196472168e+00
1.297611951828002930e+00
1.459257602691650391e+00
1.368899226188659668e+00
2.432757169008255005e-01
4.822835326194763184e-01
1.047200083732604980e+00
2.860138192772865295e-02
1.018431067466735840e+00
1.021789073944091797e+00
1.902676343917846680e+00
5.221727187745273113e-04
5.778429508209228516e-01
4.391379654407501221e-01
7.099871337413787842e-02
2.047277450561523438e+00
2.591646648943424225e-02
2.453738823533058167e-02
2.616486139595508575e-02
8.803662657737731934e-01
3.242628008592873812e-04
1.311653733253479004e+00
1.137072682380676270e+00
1.333996176719665527e+00
9.817503690719604492e-01
3.234043717384338379e-01
3.895646929740905762e-01
5.873998403549194336e-01
3.614778816699981689e-02
7.452611923217773438e-01
7.453513741493225098e-01
1.858801841735839844e+00
9.763562120497226715e-04
7.387517094612121582e-01
3.298987746238708496e-01
7.342869043350219727e-02
1.969049572944641113e+00
3.538597002625465393e-02
3.499098494648933411e-02
3.445406630635261536e-02
7.978399395942687988e-01
2.876362414099276066e-04
1.453049659729003906e+00
1.023175597190856934e+00
1.157644748687744141e+00
8.195731043815612793e-01
2.548539638519287109e-01
3.541496694087982178e-01
4.465937912464141846e-01
3.376413136720657349e-02
7.266968488693237305e-01
7.351965308189392090e-01
1.746866464614868164e+00
1.186187728308141232e-03
8.876750469207763672e-01
3.221025466918945312e-01
8.076978474855422974e-02
1.980592131614685059e+00
4.397727921605110168e-02
4.259714111685752869e-02
4.328489676117897034e-02
7.594056129455566406e-01
1.571484899614006281e-04
1.598889350891113281e+00
7.487669587135314941e-01
8.660309314727783203e-01
7.577120065689086914e-01
2.987560927867889404e-01
2.196574658155441284e-01
3.736191093921661377e-01
3.289958089590072632e-02
4.535625576972961426e-01
4.595341086387634277e-01
1.693366646766662598e+00
1.283436315134167671e-03
9.812115430831909180e-01
3.185904324054718018e-01
7.262025773525238037e-02
2.067039251327514648e+00
5.291809514164924622e-02
5.265665054321289062e-02
5.113003402948379517e-02
4.840710461139678955e-01
2.341688377782702446e-04
1.671880245208740234e+00
9.069718718528747559e-01
9.196795225143432617e-01
6.870861649513244629e-01
2.636796534061431885e-01
2.523668408393859863e-01
5.122462511062622070e-01
3.409301489591598511e-02
4.158744215965270996e-01
4.136101305484771729e-01
1.718739151954650879e+00
1.240453100763261318e-03
8.941577672958374023e-01
3.357879817485809326e-01
7.891453057527542114e-02
1.968097329139709473e+00
5.465803295373916626e-02
5.407182499766349792e-02
5.165510997176170349e-02
4.986356496810913086e-01
2.020360407186672091e-04
1.849559068679809570e+00
1.037850737571716309e+00
1.154140114784240723e+00
6.328568458557128906e-01
2.608600854873657227e-01
3.373279869556427002e-01
4.298011660575866699e-01
3.151597827672958374e-02
3.574680089950561523e-01
3.579798340797424316e-01
1.835419058799743652e+00
1.327002071775496006e-03
9.616442918777465820e-01
3.279429078102111816e-01
7.185808569192886353e-02
2.020132780075073242e+00
3.068287298083305359e-02
3.188034519553184509e-02
4.196570441126823425e-02
5.792012214660644531e-01
2.192759129684418440e-04
1.914200425148010254e+00
9.570938348770141602e-01
1.145696520805358887e+00
9.315601587295532227e-01
1.748044192790985107e-01
3.221981823444366455e-01
4.566570818424224854e-01
3.122203610837459564e-02
3.012770116329193115e-01
3.003197312355041504e-01
1.776565551757812500e+00
1.508908462710678577e-03
1.140857934951782227e+00
3.116725087165832520e-01
6.921745836734771729e-02
1.954763531684875488e+00
2.098181098699569702e-02
1.973345875740051270e-02
2.056851796805858612e-02
5.752034187316894531e-01
1.048052581609226763e-04
1.944619655609130859e+00
9.946936368942260742e-01
1.174309730529785156e+00
9.087210297584533691e-01
2.938249409198760986e-01
3.194898068904876709e-01
4.189820587635040283e-01
2.506515197455883026e-02
4.410952031612396240e-01
3.943860530853271484e-01
1.879918098449707031e+00
1.572624198161065578e-03
1.190971374511718750e+00
3.017386794090270996e-01
6.863500922918319702e-02
1.802124023437500000e+00
2.363466471433639526e-02
2.368946373462677002e-02
2.533785440027713776e-02
5.149813294410705566e-01
1.787928631529211998e-04
2.044502973556518555e+00
1.149764537811279297e+00
1.370435595512390137e+00
6.957175731658935547e-01
6.040398478507995605e-01
4.047590792179107666e-01
4.027993679046630859e-01
3.002207539975643158e-02
3.413987755775451660e-01
3.482370078563690186e-01
2.034006118774414062e+00
2.095752861350774765e-03
1.693927764892578125e+00
3.074142038822174072e-01
7.092960923910140991e-02
1.915524125099182129e+00
1.249146908521652222e-01
1.666821241378784180e-01
1.688905507326126099e-01
6.178303956985473633e-01
1.893629960250109434e-04
2.125779390335083008e+00
1.235229492187500000e+00
1.416855692863464355e+00
7.878927588462829590e-01
6.440370678901672363e-01
4.257197678089141846e-01
4.306213855743408203e-01
4.267720505595207214e-02
4.124818146228790283e-01
4.114657342433929443e-01
2.095284700393676758e+00
1.832054113037884235e-03
1.622060537338256836e+00
2.860074341297149658e-01
7.353483140468597412e-02
1.871301889419555664e+00
1.714214980602264404e-01
1.608290672302246094e-01
1.971164494752883911e-01
7.035323977470397949e-01
1.849476684583351016e-04
1.970627188682556152e+00
4.782699942588806152e-01
6.664973497390747070e-01
5.896723270416259766e-01
1.774368435144424438e-01
2.098309248685836792e-01
4.177989065647125244e-01
3.742775321006774902e-02
4.185846745967864990e-01
4.214576482772827148e-01
1.541921019554138184e+00
1.710218493826687336e-03
1.439610481262207031e+00
2.505665123462677002e-01
7.167242467403411865e-02
1.755691885948181152e+00
9.248570352792739868e-02
9.278470277786254883e-02
8.012709021568298340e-02
7.249297499656677246e-01
2.006806753342971206e-04
1.817895293235778809e+00
5.135945081710815430e-01
6.704087257385253906e-01
4.094922542572021484e-01
2.675683498382568359e-01
2.016916722059249878e-01
2.119489014148712158e-01
3.724145144224166870e-02
2.445022761821746826e-01
2.298886179924011230e-01
1.070427656173706055e+00
1.530527370050549507e-03
1.150496721267700195e+00
2.539645731449127197e-01
7.235597074031829834e-02
1.826480150222778320e+00
4.703012853860855103e-02
4.035897552967071533e-02
3.186019137501716614e-02
4.214956760406494141e-01
2.169504587072879076e-04
1.536692976951599121e+00
5.139931440353393555e-01
6.091662645339965820e-01
3.753189742565155029e-01
1.748736351728439331e-01
1.233228743076324463e-01
2.253328710794448853e-01
1.970322243869304657e-02
1.841825246810913086e-01
1.841768026351928711e-01
3.714061379432678223e-01
1.510384725406765938e-03
1.157610416412353516e+00
2.483837306499481201e-01
7.253030687570571899e-02
1.769674777984619141e+00
2.545600011944770813e-02
2.577908895909786224e-02
3.020856529474258423e-02
2.733308076858520508e-01
2.177888964070007205e-04
1.196981668472290039e+00
4.642808139324188232e-01
5.148623585700988770e-01
5.337225794792175293e-01
1.907189637422561646e-01
9.938222169876098633e-02
2.519057691097259521e-01
3.277946263551712036e-02
2.699638307094573975e-01
2.702683806419372559e-01
2.663259208202362061e-01
1.586434198543429375e-03
1.197885513305664062e+00
2.336538136005401611e-01
7.305158674716949463e-02
1.800734162330627441e+00
3.968520089983940125e-02
3.300470486283302307e-02
4.134140536189079285e-02
2.517624795436859131e-01
2.070712798740714788e-04
1.087334036827087402e+00
3.021651804447174072e-01
4.127313196659088135e-01
5.140205025672912598e-01
2.342626005411148071e-01
1.079547405242919922e-01
3.323106169700622559e-01
2.050450444221496582e-02
2.688999474048614502e-01
2.681737542152404785e-01
5.744025707244873047e-01
1.505312509834766388e-03
1.416701674461364746e+00
2.481486946344375610e-01
7.248910516500473022e-02
1.788924455642700195e+00
3.537255898118019104e-02
2.623257972300052643e-02
4.212141036987304688e-02
3.553713858127593994e-01
2.038377715507522225e-04
1.121739745140075684e+00
3.071419894695281982e-01
4.772281646728515625e-01
5.489676594734191895e-01
2.377847284078598022e-01
1.153902336955070496e-01
2.881531119346618652e-01
2.004618942737579346e-02
3.241629898548126221e-01
3.192201554775238037e-01
7.085261344909667969e-01
1.754878670908510685e-03
1.455085992813110352e+00
2.609337866306304932e-01
7.182305306196212769e-02
1.794664859771728516e+00
2.838388457894325256e-02
2.398689836263656616e-02
2.859468758106231689e-02
3.590296208858489990e-01
1.846974046202376485e-04
1.066719532012939453e+00
3.980490267276763916e-01
5.120912790298461914e-01
4.664697647094726562e-01
2.083776146173477173e-01
1.069917231798171997e-01
2.532054483890533447e-01
2.482729777693748474e-02
2.796192169189453125e-01
2.788841724395751953e-01
8.618904352188110352e-01
2.021573018282651901e-03
1.627940893173217773e+00
2.765859365463256836e-01
7.286686450242996216e-02
1.830702662467956543e+00
3.581403940916061401e-02
2.328279800713062286e-02
4.061583057045936584e-02
3.548521697521209717e-01
1.870979176601395011e-04
1.171814203262329102e+00
3.597982525825500488e-01
5.050530433654785156e-01
4.214701950550079346e-01
2.245650589466094971e-01
8.930981159210205078e-02
2.034090161323547363e-01
1.484053768217563629e-02
2.174330651760101318e-01
2.149145901203155518e-01
9.864527583122253418e-01
2.052970929071307182e-03
1.648798584938049316e+00
2.669765055179595947e-01
7.343880087137222290e-02
1.827217698097229004e+00
3.499358519911766052e-02
3.607827052474021912e-02
2.065533027052879333e-02
3.611005246639251709e-01
1.531053421786054969e-04
9.217898249626159668e-01
3.018092811107635498e-01
4.344817996025085449e-01
3.582355082035064697e-01
2.703855037689208984e-01
7.597646117210388184e-02
1.917614191770553589e-01
1.667307876050472260e-02
1.799765229225158691e-01
1.973118335008621216e-01
8.200213909149169922e-01
1.972721889615058899e-03
1.642067670822143555e+00
2.609777152538299561e-01
7.218491286039352417e-02
1.812967896461486816e+00
3.326012939214706421e-02
3.429169207811355591e-02
1.815294474363327026e-02
3.301487267017364502e-01
1.724889298202469945e-04
9.586197733879089355e-01
3.079284429550170898e-01
4.125728011131286621e-01
3.968697190284729004e-01
1.640494167804718018e-01
7.605166733264923096e-02
1.879601478576660156e-01
1.544652506709098816e-02
1.770299375057220459e-01
1.784761250019073486e-01
7.223082184791564941e-01
2.146268496289849281e-03
1.959745168685913086e+00
2.360626608133316040e-01
7.250959426164627075e-02
1.870793461799621582e+00
3.258027881383895874e-02
2.963870763778686523e-02
2.861147001385688782e-02
3.242910504341125488e-01
1.227932225447148085e-04
7.888835668563842773e-01
3.211215436458587646e-01
4.375467300415039062e-01
3.356072604656219482e-01
1.781081259250640869e-01
7.133676856756210327e-02
1.558107584714889526e-01
1.744397170841693878e-02
1.591634154319763184e-01
1.609721481800079346e-01
7.439138889312744141e-01
2.017808379605412483e-03
1.962167978286743164e+00
1.992401331663131714e-01
7.297685742378234863e-02
1.743040919303894043e+00
4.646942764520645142e-02
4.640093445777893066e-02
3.062998130917549133e-02
2.941404283046722412e-01
1.106075069401413202e-04
8.729936480522155762e-01
2.374134361743927002e-01
3.630816936492919922e-01
4.624291360378265381e-01
3.296006023883819580e-01
6.399223953485488892e-02
1.826256960630416870e-01
1.349175814539194107e-02
1.754689812660217285e-01
1.683506220579147339e-01
6.843307614326477051e-01
1.954166684299707413e-03
1.890068769454956055e+00
2.698389589786529541e-01
7.152993977069854736e-02
1.583497762680053711e+00
8.528379350900650024e-02
7.948382943868637085e-02
3.505615890026092529e-02
3.252117633819580078e-01
1.604334829607978463e-04
8.467459678649902344e-01
2.499478459358215332e-01
3.295243680477142334e-01
4.895215630531311035e-01
3.680620193481445312e-01
5.988181382417678833e-02
2.084148079156875610e-01
1.235261373221874237e-02
2.094482481479644775e-01
2.120632380247116089e-01
6.305601000785827637e-01
2.359404927119612694e-03
2.006146669387817383e+00
3.299168944358825684e-01
7.096017897129058838e-02
1.718683481216430664e+00
9.954307228326797485e-02
9.632619470357894897e-02
1.014773249626159668e-01
2.868826687335968018e-01
1.093348619178868830e-04
8.519178032875061035e-01
2.210872918367385864e-01
2.971865236759185791e-01
6.027191877365112305e-01
5.922964811325073242e-01
5.276614800095558167e-02
2.744148373603820801e-01
1.125848013907670975e-02
2.784558236598968506e-01
2.842432260513305664e-01
4.978353977203369141e-01
2.289215102791786194e-03
2.009967565536499023e+00
3.262604773044586182e-01
3.970285505056381226e-02
1.076414823532104492e+00
9.859994798898696899e-02
8.741561323404312134e-02
1.408028453588485718e-01
2.365491241216659546e-01
1.015201269183307886e-04
5.219488739967346191e-01
1.797895878553390503e-01
2.168822586536407471e-01
5.512078404426574707e-01
5.337632298469543457e-01
4.276236891746520996e-02
2.431373149156570435e-01
1.326147001236677170e-02
2.472991198301315308e-01
2.431929260492324829e-01
4.615148305892944336e-01
2.576353494077920914e-03
2.211335420608520508e+00
3.235302567481994629e-01
1.387537922710180283e-02
6.186844706535339355e-01
9.009455144405364990e-02
8.021264523267745972e-02
1.301423758268356323e-01
2.094891369342803955e-01
1.031812134897336364e-04
5.642671585083007812e-01
1.782265901565551758e-01
2.200610339641571045e-01
6.078074574470520020e-01
4.931921660900115967e-01
4.530071839690208435e-02
2.608548104763031006e-01
1.439594663679599762e-02
2.622455656528472900e-01
2.675960659980773926e-01
4.204360544681549072e-01
2.834090497344732285e-03
2.235325336456298828e+00
3.427395224571228027e-01
1.461663842201232910e-02
6.000964045524597168e-01
1.095799449831247330e-02
1.271264348179101944e-02
2.085722982883453369e-02
2.303756028413772583e-01
1.033510634442791343e-04
6.827666163444519043e-01
1.251282542943954468e-01
1.589792668819427490e-01
5.325905680656433105e-01
6.339567303657531738e-01
2.841756679117679596e-02
2.230584919452667236e-01
2.423959411680698395e-02
2.247409522533416748e-01
2.278959155082702637e-01
2.986123561859130859e-01
3.016125876456499100e-03
2.529883861541748047e+00
3.804153203964233398e-01
8.751190267503261566e-03
6.179071068763732910e-01
7.555744610726833344e-03
7.451647892594337463e-03
5.321065429598093033e-03
2.050558924674987793e-01
1.029789564199745655e-04
7.518124580383300781e-01
7.732718437910079956e-02
1.097944155335426331e-01
4.961346983909606934e-01
5.581208467483520508e-01
1.709556020796298981e-02
1.900602579116821289e-01
2.824592217803001404e-02
1.967168152332305908e-01
1.870593279600143433e-01
9.573241323232650757e-02
3.039576578885316849e-03
2.484450101852416992e+00
4.558606445789337158e-01
5.092913750559091568e-03
3.330040574073791504e-01
2.004835195839405060e-02
2.040716074407100677e-02
1.613637618720531464e-02
1.790775656700134277e-01
1.016674723359756172e-04
1.050204634666442871e+00
9.546824544668197632e-02
9.341047704219818115e-02
3.757144510746002197e-01
5.555778145790100098e-01
1.852719113230705261e-02
1.409369558095932007e-01
1.940040104091167450e-02
1.233761310577392578e-01
1.294889152050018311e-01
9.371715784072875977e-02
3.333285916596651077e-03
2.592723131179809570e+00
3.591738343238830566e-01
4.130539018660783768e-03
2.304842770099639893e-01
2.266226522624492645e-02
2.358487993478775024e-02
1.689703762531280518e-02
1.712456047534942627e-01
1.036260873661376536e-04
1.403006911277770996e+00
8.670558780431747437e-02
9.915271401405334473e-02
3.205310404300689697e-01
5.945608019828796387e-01
1.716868951916694641e-02
1.082851067185401917e-01
2.283959090709686279e-02
1.145488992333412170e-01
1.108463406562805176e-01
1.558045148849487305e-01
3.504026215523481369e-03
2.947551012039184570e+00
3.575584888458251953e-01
2.814236795529723167e-03
1.852973103523254395e-01
1.430531870573759079e-02
1.461581420153379440e-02
1.129041146486997604e-02
1.540932655334472656e-01
9.891047375276684761e-05
1.795487403869628906e+00
7.988829165697097778e-02
9.399061650037765503e-02
3.969125151634216309e-01
8.024280071258544922e-01
1.488009560853242874e-02
1.476389020681381226e-01
3.379771858453750610e-02
1.517750471830368042e-01
1.637138426303863525e-01
1.983657181262969971e-01
3.679373534396290779e-03
3.253227949142456055e+00
3.834496438503265381e-01
2.085287589579820633e-03
2.350763380527496338e-01
7.516742683947086334e-03
8.126800879836082458e-03
5.645055789500474930e-03
1.646186560392379761e-01
9.688503632787615061e-05
1.812227010726928711e+00
9.267926961183547974e-02
9.658743441104888916e-02
3.628923594951629639e-01
8.215893507003784180e-01
1.769394055008888245e-02
1.278804689645767212e-01
3.651790320873260498e-02
1.260029971599578857e-01
1.241338625550270081e-01
2.222766578197479248e-01
3.892983077093958855e-03
3.529009103775024414e+00
3.132350444793701172e-01
4.192049149423837662e-03
2.052413225173950195e-01
8.090194314718246460e-03
9.769191034138202667e-03
6.269880570471286774e-03
1.900341212749481201e-01
1.717631967039778829e-04
1.946671843528747559e+00
7.726756483316421509e-02
9.059026837348937988e-02
3.383246064186096191e-01
9.409974217414855957e-01
1.477000862360000610e-02
1.165572106838226318e-01
4.263347387313842773e-02
1.175578907132148743e-01
1.253014057874679565e-01
2.169232666492462158e-01
3.829368622973561287e-03
3.493573427200317383e+00
3.445486426353454590e-01
4.664317704737186432e-03
2.028312981128692627e-01
1.046508364379405975e-02
1.256574876606464386e-02
8.959672413766384125e-03
1.737899631261825562e-01
1.255546958418563008e-04
1.944555163383483887e+00
8.805363625288009644e-02
9.284858405590057373e-02
3.101490437984466553e-01
9.008187055587768555e-01
1.659586094319820404e-02
1.245815604925155640e-01
3.620511665940284729e-02
9.616127610206604004e-02
1.023671030998229980e-01
2.324998080730438232e-01
3.904870944097638130e-03
3.381344079971313477e+00
3.757930994033813477e-01
3.553805639967322350e-03
2.036836445331573486e-01
1.149163860827684402e-02
1.198164653033018112e-02
5.825729109346866608e-03
1.514014154672622681e-01
1.479018974350765347e-04
2.006105661392211914e+00
7.128717005252838135e-02
8.516135811805725098e-02
3.433113992214202881e-01
8.779239654541015625e-01
1.349854189902544022e-02
1.250371634960174561e-01
3.456461802124977112e-02
1.195667162537574768e-01
1.222961321473121643e-01
2.151130884885787964e-01
3.890015883371233940e-03
3.324765205383300781e+00
4.942802190780639648e-01
5.759692750871181488e-03
1.998445689678192139e-01
1.091952994465827942e-02
1.141670346260070801e-02
9.561562910676002502e-03
1.611219197511672974e-01
1.518850913271307945e-04
2.400873899459838867e+00
6.294861435890197754e-02
8.110959082841873169e-02
1.969376802444458008e-01
6.693175435066223145e-01
1.172347366809844971e-02
5.139516666531562805e-02
3.351332619786262512e-02
5.998810008168220520e-02
4.890618845820426941e-02
2.541325986385345459e-01
4.042279906570911407e-03
3.456056118011474609e+00
4.871426522731781006e-01
4.257197957485914230e-03
3.108962476253509521e-01
6.894294172525405884e-03
9.105683304369449615e-03
6.809255108237266541e-03
1.432268470525741577e-01
1.512424350949004292e-04
3.332696914672851562e+00
5.764231085777282715e-02
7.907880842685699463e-02
1.447173953056335449e-01
6.570600867271423340e-01
1.070175785571336746e-02
5.076323822140693665e-02
3.329612687230110168e-02
4.576076194643974304e-02
4.432030022144317627e-02
2.813898622989654541e-01
4.137971438467502594e-03
3.911121129989624023e+00
4.742901325225830078e-01
3.816864918917417526e-03
2.568651437759399414e-01
5.398877430707216263e-03
5.260562989860773087e-03
4.470676183700561523e-03
1.130528002977371216e-01
1.523326063761487603e-04
3.796611309051513672e+00
4.483389109373092651e-02
7.104459404945373535e-02
2.578168809413909912e-01
8.315231800079345703e-01
9.812260977923870087e-03
7.969100773334503174e-02
4.586028680205345154e-02
7.167017459869384766e-02
7.011321932077407837e-02
2.973296642303466797e-01
4.162592347711324692e-03
3.484940052032470703e+00
4.777376055717468262e-01
2.544688759371638298e-03
2.810024619102478027e-01
5.335171241313219070e-03
5.867082625627517700e-03
4.385943990200757980e-03
1.203586682677268982e-01
1.483386586187407374e-04
3.968715429306030273e+00
4.131423681974411011e-02
5.884534865617752075e-02
2.020303010940551758e-01
8.065112233161926270e-01
6.091324146836996078e-03
6.419824808835983276e-02
4.566871747374534607e-02
5.533665791153907776e-02
5.948325991630554199e-02
3.509910702705383301e-01
4.114902578294277191e-03
3.364760160446166992e+00
5.617475509643554688e-01
4.514453466981649399e-03
2.084006816148757935e-01
5.540775600820779800e-03
5.781827960163354874e-03
4.661426879465579987e-03
1.020938977599143982e-01
1.434687728760764003e-04
4.686287403106689453e+00
3.844512999057769775e-02
7.723199576139450073e-02
1.645149886608123779e-01
6.178520321846008301e-01
7.624438963830471039e-03
7.245242595672607422e-02
4.641599953174591064e-02
6.232997402548789978e-02
4.571443051099777222e-02
3.765636682510375977e-01
4.060157109051942825e-03
3.515407085418701172e+00
6.005833745002746582e-01
1.731427269987761974e-03
2.969749569892883301e-01
5.954647436738014221e-03
6.416833959519863129e-03
4.815915599465370178e-03
9.634806960821151733e-02
1.453297154512256384e-04
4.873036861419677734e+00
3.480013087391853333e-02
8.120798319578170776e-02
1.977449804544448853e-01
8.339532017707824707e-01
7.189107593148946762e-03
7.130026072263717651e-02
5.713037028908729553e-02
5.054866522550582886e-02
6.036230549216270447e-02
4.182463586330413818e-01
4.235568922013044357e-03
3.559556245803833008e+00
5.010255575180053711e-01
4.880670458078384399e-04
1.963817775249481201e-01
5.814617034047842026e-03
6.292103324085474014e-03
4.284899681806564331e-03
9.609707444906234741e-02
1.494802272645756602e-04
5.284857749938964844e+00
3.229823708534240723e-02
7.731752097606658936e-02
2.358965575695037842e-01
1.079030871391296387e+00
6.795781198889017105e-03
7.309436053037643433e-02
5.005164444446563721e-02
6.171493977308273315e-02
5.537751689553260803e-02
4.787870049476623535e-01
4.195583984255790710e-03
3.490741491317749023e+00
5.425388813018798828e-01
2.259214088553562760e-04
8.333836495876312256e-02
5.102065857499837875e-03
5.585105158388614655e-03
4.338542465120553970e-03
8.790813386440277100e-02
1.569211744936183095e-04
6.123886108398437500e+00
4.030832275748252869e-02
7.785268127918243408e-02
2.348817139863967896e-01
1.123562097549438477e+00
7.180322427302598953e-03
8.336492627859115601e-02
5.044887587428092957e-02
7.358061522245407104e-02
6.148778647184371948e-02
4.429591596126556396e-01
4.037250764667987823e-03
3.403838634490966797e+00
6.390026807785034180e-01
1.340165578511687272e-08
3.884096443653106689e-02
5.019842647016048431e-03
5.456140730530023575e-03
4.705553874373435974e-03
8.639310300350189209e-02
1.576833165017887950e-04
6.441849708557128906e+00
3.359967097640037537e-02
9.603318572044372559e-02
1.694045960903167725e-01
8.426699638366699219e-01
6.011904217302799225e-03
4.427919536828994751e-02
4.490952938795089722e-02
3.963885456323623657e-02
3.867739066481590271e-02
5.588958263397216797e-01
4.012661054730415344e-03
3.475276470184326172e+00
6.268716454505920410e-01
1.340165578511687272e-08
3.640557453036308289e-02
5.121231079101562500e-03
5.109338089823722839e-03
5.091334693133831024e-03
6.229520961642265320e-02
1.648586912779137492e-04
6.417286396026611328e+00
3.238144516944885254e-02
1.039639413356781006e-01
1.153269931674003601e-01
7.786623835563659668e-01
5.927164573222398758e-03
3.420108929276466370e-02
3.988062590360641479e-02
2.817134559154510498e-02
2.328992262482643127e-02
6.116574406623840332e-01
3.900216193869709969e-03
3.467173337936401367e+00
6.520889997482299805e-01
1.340165578511687272e-08
3.760430589318275452e-02
6.109518464654684067e-03
6.105482578277587891e-03
5.602751858532428741e-03
3.073531948029994965e-02
1.583916309755295515e-04
6.608656406402587891e+00
3.359683975577354431e-02
1.199232861399650574e-01
1.043288260698318481e-01
8.079617023468017578e-01
6.401793099939823151e-03
2.872197702527046204e-02
4.588620364665985107e-02
2.535819448530673981e-02
2.549661882221698761e-02
7.091549634933471680e-01
3.715277882292866707e-03
3.528297901153564453e+00
6.934506297111511230e-01
1.340165578511687272e-08
3.840307518839836121e-02
7.579155731946229935e-03
8.521338924765586853e-03
5.412091035395860672e-03
2.218105643987655640e-02
1.526926644146442413e-04
7.011838436126708984e+00
3.793955594301223755e-02
1.337920278310775757e-01
1.260514408349990845e-01
9.840308427810668945e-01
7.114430423825979233e-03
3.140790015459060669e-02
4.338881000876426697e-02
2.445540577173233032e-02
2.523704990744590759e-02
8.405658006668090820e-01
3.453983459621667862e-03
3.465096950531005859e+00
7.040277123451232910e-01
1.340165578511687272e-08
7.592908293008804321e-02
7.378447800874710083e-03
8.201919496059417725e-03
5.144397728145122528e-03
2.684174850583076477e-02
1.434220757801085711e-04
7.864770889282226562e+00
4.021668806672096252e-02
1.693560928106307983e-01
1.259150207042694092e-01
1.111885786056518555e+00
7.358021102845668793e-03
3.826736658811569214e-02
4.953709244728088379e-02
3.035934269428253174e-02
2.998626604676246643e-02
1.087481260299682617e+00
3.412282792851328850e-03
3.485755920410156250e+00
5.246739387512207031e-01
1.340165578511687272e-08
7.637895643711090088e-02
7.445344701409339905e-03
7.471860852092504501e-03
6.037358660250902176e-03
3.396862372756004333e-02
1.348647783743217587e-04
8.263129234313964844e+00
5.276988074183464050e-02
1.966199129819869995e-01
1.542833447456359863e-01
1.081256508827209473e+00
9.274032898247241974e-03
3.730054572224617004e-02
7.496181875467300415e-02
3.056288883090019226e-02
3.075615875422954559e-02
1.062310934066772461e+00
3.601402044296264648e-03
3.579844236373901367e+00
3.894369602203369141e-01
1.340165578511687272e-08
7.603276520967483521e-02
1.125380676239728928e-02
1.051016896963119507e-02
8.489009924232959747e-03
3.749989718198776245e-02
8.993805386126041412e-05
8.973754882812500000e+00
1.008622795343399048e-01
2.907429337501525879e-01
1.228422895073890686e-01
1.098634958267211914e+00
2.463827840983867645e-02
3.696542978286743164e-02
5.768406391143798828e-02
2.946383319795131683e-02
2.875547669827938080e-02
1.394689679145812988e+00
3.765487344935536385e-03
3.915688037872314453e+00
2.730534374713897705e-01
1.340165578511687272e-08
7.635126262903213501e-02
1.543262414634227753e-02
1.404774468392133713e-02
1.122066657990217209e-02
5.191452056169509888e-02
7.868748070904985070e-05
8.984924316406250000e+00
9.167287498712539673e-02
3.089455068111419678e-01
1.103262230753898621e-01
1.101760864257812500e+00
1.849615946412086487e-02
2.854700013995170593e-02
5.430683493614196777e-02
2.516223490238189697e-02
2.628465555608272552e-02
1.553007245063781738e+00
3.833056893199682236e-03
3.949258327484130859e+00
1.475089788436889648e-01
1.340165578511687272e-08
7.697050273418426514e-02
1.781727932393550873e-02
1.700730808079242706e-02
1.159561704844236374e-02
7.073491811752319336e-02
7.656267553102225065e-05
9.024178504943847656e+00
1.036978214979171753e-01
3.231139779090881348e-01
9.820522367954254150e-02
1.061766266822814941e+00
2.058613114058971405e-02
2.685483358800411224e-02
5.856063216924667358e-02
2.464050054550170898e-02
2.490095794200897217e-02
1.589764237403869629e+00
4.002787638455629349e-03
3.986896991729736328e+00
7.288427650928497314e-02
1.340165578511687272e-08
7.696858793497085571e-02
3.074397891759872437e-02
2.998333796858787537e-02
2.419869601726531982e-02
6.752677261829376221e-02
1.037132024066522717e-04
9.611631393432617188e+00
1.239911466836929321e-01
3.467430174350738525e-01
9.753523766994476318e-02
9.126486778259277344e-01
2.370871417224407196e-02
2.821671031415462494e-02
5.175860598683357239e-02
2.662027254700660706e-02
2.671355567872524261e-02
1.352316498756408691e+00
3.943196963518857956e-03
3.961004257202148438e+00
5.349341034889221191e-02
1.340165578511687272e-08
2.164696753025054932e-01
3.403577208518981934e-02
3.474783152341842651e-02
2.531887218356132507e-02
5.940931290388107300e-02
8.265506039606407285e-05
1.005290412902832031e+01
9.172783792018890381e-02
3.192303478717803955e-01
1.025857105851173401e-01
1.034130096435546875e+00
2.148779481649398804e-02
2.748838439583778381e-02
5.337437987327575684e-02
2.591201849281787872e-02
2.627933956682682037e-02
1.360568046569824219e+00
3.631399478763341904e-03
3.951114892959594727e+00
5.234394222497940063e-02
1.340165578511687272e-08
2.815010547637939453e-01
1.655960455536842346e-02
1.731116324663162231e-02
1.305370405316352844e-02
6.339059770107269287e-02
9.373095235787332058e-05
1.056165122985839844e+01
8.400509506464004517e-02
3.061592876911163330e-01
1.259067654609680176e-01
1.016664981842041016e+00
1.733208261430263519e-02
3.384737297892570496e-02
5.394281819462776184e-02
3.003940731287002563e-02
2.927735261619091034e-02
1.423069119453430176e+00
3.666485426947474480e-03
3.833830356597900391e+00
4.816788062453269958e-02
1.340165578511687272e-08
4.716470241546630859e-01
1.175453793257474899e-02
1.176149677485227585e-02
1.113921683281660080e-02
6.333889067173004150e-02
1.972923055291175842e-04
1.112558364868164062e+01
6.325013935565948486e-02
2.667500972747802734e-01
1.534125208854675293e-01
1.069364786148071289e+00
1.271935552358627319e-02
4.051686450839042664e-02
5.447363108396530151e-02
3.614918142557144165e-02
3.752903267741203308e-02
1.427027821540832520e+00
4.146598279476165771e-03
4.065685749053955078e+00
4.581691697239875793e-02
1.776116713881492615e-02
1.046294331550598145e+00
2.307202480733394623e-02
2.311253361403942108e-02
1.788849569857120514e-02
5.120557174086570740e-02
9.838971891440451145e-05
1.127911186218261719e+01
5.424704030156135559e-02
2.222744226455688477e-01
1.881214976310729980e-01
1.040848851203918457e+00
1.059588603675365448e-02
5.173376202583312988e-02
4.917154833674430847e-02
4.401768743991851807e-02
4.445096477866172791e-02
1.331557631492614746e+00
3.908734302967786789e-03
4.033563137054443359e+00
5.472416430711746216e-02
3.749763220548629761e-02
1.607411742210388184e+00
2.643670886754989624e-02
2.489667199552059174e-02
1.787279918789863586e-02
5.748843029141426086e-02
1.025360907078720629e-04
1.169190120697021484e+01
6.661518663167953491e-02
2.489728033542633057e-01
1.832384169101715088e-01
1.064221382141113281e+00
1.277509145438671112e-02
5.243807658553123474e-02
4.628429934382438660e-02
4.768374562263488770e-02
4.607357457280158997e-02
1.328699946403503418e+00
3.157931845635175705e-03
2.597339391708374023e+00
3.623211011290550232e-02
4.144345968961715698e-02
2.167090415954589844e+00
2.359384112060070038e-02
2.784595638513565063e-02
2.043817937374114990e-02
8.683405816555023193e-02
1.076428161468356848e-04
1.181928062438964844e+01
6.956449151039123535e-02
2.451335787773132324e-01
1.421120315790176392e-01
9.122191667556762695e-01
1.321416255086660385e-02
4.033916816115379333e-02
3.963003680109977722e-02
3.634652495384216309e-02
3.709758818149566650e-02
1.368626713752746582e+00
2.521748421713709831e-03
2.360695123672485352e+00
7.799082994461059570e-02
4.144560918211936951e-02
2.196386575698852539e+00
3.059528209269046783e-02
2.902340330183506012e-02
1.967407204210758209e-02
5.810944363474845886e-02
1.456487370887771249e-04
1.192360401153564453e+01
6.629412621259689331e-02
2.212365716695785522e-01
1.703867763280868530e-01
8.627576231956481934e-01
1.262318063527345657e-02
5.023002624511718750e-02
4.197368398308753967e-02
4.219130799174308777e-02
4.168875887989997864e-02
1.414357304573059082e+00
2.766130957752466202e-03
2.375181913375854492e+00
4.606364294886589050e-02
4.144604876637458801e-02
2.197642803192138672e+00
1.756725460290908813e-02
1.822997257113456726e-02
1.251102518290281296e-02
5.920583382248878479e-02
1.066579425241798162e-04
1.210016822814941406e+01
7.907785475254058838e-02
3.019164204597473145e-01
1.889718323945999146e-01
9.174948930740356445e-01
1.412701141089200974e-02
4.846968501806259155e-02
5.078609660267829895e-02
4.549092799425125122e-02
4.775250703096389771e-02
1.410489201545715332e+00
2.611990086734294891e-03
2.617541790008544922e+00
4.851393029093742371e-02
4.144665598869323730e-02
2.209231853485107422e+00
1.169742271304130554e-02
1.089612673968076706e-02
8.740462362766265869e-03
7.309833914041519165e-02
1.738296268740668893e-04
1.229505538940429688e+01
9.419222921133041382e-02
3.251398503780364990e-01
1.676041781902313232e-01
1.033189773559570312e+00
1.643296331167221069e-02
4.260390251874923706e-02
5.532719939947128296e-02
4.266633838415145874e-02
4.300861060619354248e-02
1.474353075027465820e+00
3.183252643793821335e-03
2.371139049530029297e+00
4.394313320517539978e-02
4.144638404250144958e-02
2.197611808776855469e+00
1.001097448170185089e-02
1.002753619104623795e-02
9.558435529470443726e-03
9.911249577999114990e-02
1.537219504825770855e-04
1.253331089019775391e+01
1.088319867849349976e-01
3.654102981090545654e-01
1.762693524360656738e-01
1.275917410850524902e+00
1.999488100409507751e-02
4.979988560080528259e-02
6.173605099320411682e-02
4.891732707619667053e-02
5.100067332386970520e-02
1.501266598701477051e+00
2.208281075581908226e-03
2.489705801010131836e+00
5.775528773665428162e-02
4.144587367773056030e-02
2.193088531494140625e+00
1.123452652245759964e-02
1.227977033704519272e-02
8.334750309586524963e-03
1.044670492410659790e-01
2.317794860573485494e-04
1.198415088653564453e+01
5.252785235643386841e-02
2.741974294185638428e-01
1.889543384313583374e-01
7.343904972076416016e-01
1.206816546618938446e-02
5.376293510198593140e-02
4.896715655922889709e-02
5.162610486149787903e-02
5.209746956825256348e-02
1.409422755241394043e+00
1.822633086703717709e-03
2.195550918579101562e+00
5.742010474205017090e-02
4.144348949193954468e-02
2.186845302581787109e+00
1.126197166740894318e-02
1.264441292732954025e-02
9.369810111820697784e-03
7.079014182090759277e-02
2.143063320545479655e-04
1.183569240570068359e+01
4.679068922996520996e-02
2.387609779834747314e-01
1.740909516811370850e-01
5.842541456222534180e-01
9.098656475543975830e-03
5.247260257601737976e-02
4.382221400737762451e-02
4.721341654658317566e-02
4.779999703168869019e-02
1.291408896446228027e+00
1.871463144198060036e-03
2.038381338119506836e+00
5.762733891606330872e-02
4.144409298896789551e-02
2.199607372283935547e+00
1.116425544023513794e-02
1.080975029617547989e-02
7.202459033578634262e-03
6.767877936363220215e-02
2.251612313557416201e-04
1.157439994812011719e+01
3.348334133625030518e-02
1.372318714857101440e-01
1.583018302917480469e-01
5.418068766593933105e-01
9.874013252556324005e-03
4.385976493358612061e-02
4.458751529455184937e-02
4.460462182760238647e-02
4.509868100285530090e-02
1.278208374977111816e+00
1.805732492357492447e-03
2.045113801956176758e+00
7.263121008872985840e-02
4.144430533051490784e-02
2.192530870437622070e+00
9.978570044040679932e-03
1.059126388281583786e-02
8.206719532608985901e-03
7.838643342256546021e-02
1.968014112208038568e-04
1.167379951477050781e+01
3.407637774944305420e-02
1.889755278825759888e-01
1.469777822494506836e-01
5.365409255027770996e-01
8.514921180903911591e-03
4.097965359687805176e-02
3.936845809221267700e-02
4.539327323436737061e-02
4.583506286144256592e-02
1.139948964118957520e+00
1.474031945690512657e-03
1.623638510704040527e+00
9.140828251838684082e-02
4.144347831606864929e-02
2.204823732376098633e+00
9.127850644290447235e-03
8.923972956836223602e-03
6.916447542607784271e-03
5.746243149042129517e-02
2.045891451416537166e-04
1.093726062774658203e+01
2.694188617169857025e-02
1.877547502517700195e-01
1.852556914091110229e-01
7.006689310073852539e-01
9.310426190495491028e-03
4.733826592564582825e-02
4.240832477807998657e-02
5.137874558568000793e-02
5.094458907842636108e-02
1.160155296325683594e+00
1.586905680596828461e-03
1.763345599174499512e+00
1.070314347743988037e-01
4.144291207194328308e-02
2.200717449188232422e+00
1.008734572678804398e-02
9.335923939943313599e-03
7.339857984334230423e-03
4.518647119402885437e-02
2.378443314228206873e-04
1.085181903839111328e+01
3.876918926835060120e-02
1.747300326824188232e-01
1.466012299060821533e-01
6.033867597579956055e-01
6.325622554868459702e-03
4.391553997993469238e-02
3.496378660202026367e-02
5.067476630210876465e-02
5.140803009271621704e-02
1.098727583885192871e+00
1.617854228243231773e-03
1.685521841049194336e+00
1.312273740768432617e-01
4.144445061683654785e-02
2.190270662307739258e+00
9.355748072266578674e-03
1.151926070451736450e-02
1.028396002948284149e-02
4.742813855409622192e-02
2.634034899529069662e-04
1.000041866302490234e+01
2.514128386974334717e-02
1.709839254617691040e-01
1.457920372486114502e-01
6.173961162567138672e-01
6.168417166918516159e-03
4.702144116163253784e-02
3.208332881331443787e-02
5.203978344798088074e-02
5.266635864973068237e-02
1.025654554367065430e+00
1.728326082229614258e-03
1.473151087760925293e+00
1.205919384956359863e-01
4.144508391618728638e-02
2.208152532577514648e+00
1.278426777571439743e-02
1.146555878221988678e-02
9.220294654369354248e-03
4.930268600583076477e-02
1.893602311611175537e-04
1.137040901184082031e+01
2.533085830509662628e-02
1.390346288681030273e-01
1.513471454381942749e-01
6.439632177352905273e-01
4.739475436508655548e-03
4.600653424859046936e-02
3.212270885705947876e-02
5.182598903775215149e-02
5.244505405426025391e-02
9.293649792671203613e-01
1.648721401579678059e-03
1.711965322494506836e+00
1.259030848741531372e-01
4.144600406289100647e-02
2.252237319946289062e+00
2.235223352909088135e-02
1.879278011620044708e-02
1.847536861896514893e-02
4.431318491697311401e-02
2.832479367498308420e-04
1.048234558105468750e+01
2.267895080149173737e-02
1.230572760105133057e-01
1.568204164505004883e-01
7.170501351356506348e-01
4.844747018069028854e-03
4.703607037663459778e-02
3.383301943540573120e-02
5.427129939198493958e-02
5.425556004047393799e-02
8.964070081710815430e-01
1.548173138871788979e-03
1.387180328369140625e+00
1.339087039232254028e-01
4.144749417901039124e-02
2.252246618270874023e+00
1.498703844845294952e-02
1.589851453900337219e-02
1.309442240744829178e-02
4.333388805389404297e-02
3.520710743032395840e-04
9.979789733886718750e+00
2.555224113166332245e-02
1.162955537438392639e-01
1.551513373851776123e-01
7.550557255744934082e-01
5.007963627576828003e-03
5.069368705153465271e-02
3.337741643190383911e-02
5.476003140211105347e-02
5.562179535627365112e-02
9.426741600036621094e-01
1.848266460001468658e-03
1.426594734191894531e+00
1.267350912094116211e-01
4.144866019487380981e-02
2.252259254455566406e+00
1.551886834204196930e-02
1.400766242295503616e-02
1.403512526303529739e-02
4.715608805418014526e-02
2.640292514115571976e-04
9.591657638549804688e+00
3.001286834478378296e-02
1.258195638656616211e-01
1.800260096788406372e-01
7.326613664627075195e-01
5.805352237075567245e-03
5.696516856551170349e-02
3.331204876303672791e-02
6.711094826459884644e-02
6.693154573440551758e-02
9.407558441162109375e-01
2.499140566214919090e-03
2.426476001739501953e+00
1.315096616744995117e-01
4.144940525293350220e-02
2.252259969711303711e+00
1.507622282952070236e-02
1.506952755153179169e-02
1.414408441632986069e-02
5.503086745738983154e-02
2.743477525655180216e-04
9.199341773986816406e+00
2.811630256474018097e-02
1.242672055959701538e-01
1.945339888334274292e-01
8.034779429435729980e-01
6.785106845200061798e-03
6.374256312847137451e-02
3.446285054087638855e-02
7.513979822397232056e-02
7.681111246347427368e-02
8.764403462409973145e-01
2.908298745751380920e-03
1.866680502891540527e+00
1.091364026069641113e-01
4.144934192299842834e-02
2.252262353897094727e+00
1.724538952112197876e-02
1.600505970418453217e-02
1.573525555431842804e-02
6.880329549312591553e-02
3.183300141245126724e-04
8.688484191894531250e+00
3.101508878171443939e-02
1.231171637773513794e-01
2.730250954627990723e-01
7.345986962318420410e-01
6.780974101275205612e-03
7.970528304576873779e-02
3.400040790438652039e-02
9.461351484060287476e-02
9.433917701244354248e-02
8.490014672279357910e-01
1.965381903573870659e-03
1.757364153861999512e+00
1.143622174859046936e-01
4.145029559731483459e-02
2.252264738082885742e+00
3.774372115731239319e-02
3.668189793825149536e-02
3.462387248873710632e-02
5.946468561887741089e-02
3.477050049696117640e-04
7.914020538330078125e+00
3.611137717962265015e-02
1.330269426107406616e-01
3.636677265167236328e-01
7.823190093040466309e-01
8.303792215883731842e-03
1.005726531147956848e-01
3.350458294153213501e-02
1.186999231576919556e-01
1.199143975973129272e-01
8.193494677543640137e-01
2.658347366377711296e-03
2.561028242111206055e+00
1.124596744775772095e-01
4.145010933279991150e-02
2.252260208129882812e+00
4.782361537218093872e-02
4.666782170534133911e-02
3.934312239289283752e-02
7.199992239475250244e-02
2.770908467937260866e-04
7.087793350219726562e+00
5.084165930747985840e-02
1.606275886297225952e-01
3.873468637466430664e-01
9.984508752822875977e-01
1.190914399921894073e-02
1.358815431594848633e-01
3.555577248334884644e-02
1.412992924451828003e-01
1.439596414566040039e-01
8.035768866539001465e-01
2.622560597956180573e-03
2.856793642044067383e+00
1.086866632103919983e-01
4.145036637783050537e-02
2.252264976501464844e+00
3.489157557487487793e-02
3.562865406274795532e-02
3.154694288969039917e-02
1.037158817052841187e-01
2.607141504995524883e-04
6.406225204467773438e+00
6.171719357371330261e-02
1.648530215024948120e-01
3.938396573066711426e-01
1.014747619628906250e+00
1.435484644025564194e-02
1.360109597444534302e-01
3.403076529502868652e-02
1.332421302795410156e-01
1.376752853393554688e-01
7.882979512214660645e-01
2.558339620009064674e-03
2.461480140686035156e+00
1.048685461282730103e-01
4.145160317420959473e-02
2.252266407012939453e+00
2.143466845154762268e-02
2.124040760099887848e-02
1.923148892819881439e-02
1.075261905789375305e-01
3.516557917464524508e-04
5.700167655944824219e+00
4.909900203347206116e-02
1.434247642755508423e-01
4.366276562213897705e-01
8.923385143280029297e-01
1.155777275562286377e-02
1.285608708858489990e-01
3.323158994317054749e-02
1.322927176952362061e-01
1.325746029615402222e-01
6.317036747932434082e-01
3.820697776973247528e-03
2.851741552352905273e+00
1.108739227056503296e-01
4.145127162337303162e-02
2.252282381057739258e+00
2.179383859038352966e-02
2.059923484921455383e-02
1.913194172084331512e-02
9.237812459468841553e-02
2.866642898879945278e-04
5.185605525970458984e+00
6.678961217403411865e-02
1.491251736879348755e-01
4.807862639427185059e-01
9.778659343719482422e-01
1.450045313686132431e-02
1.419466137886047363e-01
3.399549052119255066e-02
1.548550128936767578e-01
1.496623307466506958e-01
5.531088709831237793e-01
4.408390261232852936e-03
2.867908716201782227e+00
1.045071706175804138e-01
4.145122691988945007e-02
2.252279996871948242e+00
2.402158826589584351e-02
2.441976778209209442e-02
2.147168479859828949e-02
1.084678769111633301e-01
2.835855120792984962e-04
5.070813655853271484e+00
5.900660157203674316e-02
1.267317533493041992e-01
3.569465279579162598e-01
9.412396550178527832e-01
1.259828452020883560e-02
1.333905756473541260e-01
3.659893199801445007e-02
1.311018019914627075e-01
1.402705907821655273e-01
3.359350562095642090e-01
4.833762999624013901e-03
3.050181865692138672e+00
1.012283489108085632e-01
4.145139083266258240e-02
2.252284526824951172e+00
2.434013783931732178e-02
2.422915771603584290e-02
2.108737826347351074e-02
1.162996068596839905e-01
2.644120249897241592e-04
4.312072277069091797e+00
5.103057995438575745e-02
1.064709722995758057e-01
2.768790721893310547e-01
8.952387571334838867e-01
1.123893074691295624e-02
8.311112970113754272e-02
3.581657260656356812e-02
8.495708554983139038e-02
9.035016596317291260e-02
2.283799350261688232e-01
4.308300092816352844e-03
3.407385587692260742e+00
1.003977358341217041e-01
4.145314171910285950e-02
2.252289772033691406e+00
2.391937561333179474e-02
2.324397116899490356e-02
2.303530462086200714e-02
1.004569903016090393e-01
2.690143883228302002e-04
3.888807773590087891e+00
4.667427018284797668e-02
8.907211571931838989e-02
3.163260519504547119e-01
9.744706153869628906e-01
1.082598883658647537e-02
1.042262911796569824e-01
3.737194091081619263e-02
1.098384186625480652e-01
1.088789999485015869e-01
2.337330430746078491e-01
4.433350171893835068e-03
4.315286636352539062e+00
1.000247448682785034e-01
4.145261645317077637e-02
2.252284049987792969e+00
2.423329278826713562e-02
2.126505598425865173e-02
2.180895023047924042e-02
1.054308786988258362e-01
2.886803413275629282e-04
3.271847963333129883e+00
4.816100746393203735e-02
8.676025271415710449e-02
4.635088741779327393e-01
1.123874902725219727e+00
1.089143007993698120e-02
1.621019542217254639e-01
4.505817219614982605e-02
1.643218249082565308e-01
1.673573255538940430e-01
3.450891375541687012e-01
4.440953023731708527e-03
4.688969135284423828e+00
9.806568175554275513e-02
4.145095124840736389e-02
2.252272129058837891e+00
2.251449786126613617e-02
2.250608988106250763e-02
2.167723141610622406e-02
1.110896691679954529e-01
2.620395389385521412e-04
2.745131969451904297e+00
4.465996474027633667e-02
5.840719491243362427e-02
3.093169331550598145e-01
1.076234579086303711e+00
1.051913015544414520e-02
1.226263269782066345e-01
4.565129801630973816e-02
1.299670040607452393e-01
1.376627236604690552e-01
2.619012594223022461e-01
3.846022998914122581e-03
4.039717674255371094e+00
9.888619184494018555e-02
4.145048558712005615e-02
2.252240657806396484e+00
2.329694293439388275e-02
2.267269231379032135e-02
2.228031493723392487e-02
1.101921722292900085e-01
2.727468963712453842e-04
2.338315248489379883e+00
4.420196264982223511e-02
4.658960178494453430e-02
4.566097259521484375e-01
1.346635341644287109e+00
1.053972356021404266e-02
1.452525854110717773e-01
4.964347183704376221e-02
1.550059914588928223e-01
1.628485023975372314e-01
2.342684566974639893e-01
3.880197880789637566e-03
3.270485639572143555e+00
1.085457354784011841e-01
4.144963249564170837e-02
2.252216815948486328e+00
2.390511520206928253e-02
2.241131849586963654e-02
2.163202688097953796e-02
9.395428001880645752e-02
3.093510167673230171e-04
1.859494566917419434e+00
4.651756584644317627e-02
6.187450140714645386e-02
6.098042726516723633e-01
2.411287307739257812e+00
1.050159893929958344e-02
1.809940934181213379e-01
5.889156833291053772e-02
1.925205737352371216e-01
1.925024539232254028e-01
2.139202952384948730e-01
3.914924338459968567e-03
4.012227535247802734e+00
1.111840084195137024e-01
4.144992306828498840e-02
2.252195358276367188e+00
2.234812639653682709e-02
2.215125225484371185e-02
2.124001272022724152e-02
8.918771147727966309e-02
2.710566914174705744e-04
1.392479538917541504e+00
4.263312742114067078e-02
6.080280989408493042e-02
6.900089979171752930e-01
2.395685195922851562e+00
9.796293452382087708e-03
1.902891099452972412e-01
6.999310106039047241e-02
2.052457630634307861e-01
2.290956825017929077e-01
1.995751708745956421e-01
4.036517348140478134e-03
3.711013317108154297e+00
1.120415180921554565e-01
4.144977778196334839e-02
2.252191543579101562e+00
2.330121211707592010e-02
2.441711910068988800e-02
2.123666368424892426e-02
8.436997979879379272e-02
2.696325245779007673e-04
1.400897622108459473e+00
4.629337042570114136e-02
6.457027047872543335e-02
1.062420606613159180e+00
3.650460481643676758e+00
1.077170576900243759e-02
2.358353435993194580e-01
9.081105887889862061e-02
3.483609557151794434e-01
3.425702750682830811e-01
2.003598511219024658e-01
3.861527424305677414e-03
3.255566596984863281e+00
1.131740435957908630e-01
4.144923761487007141e-02
2.252185344696044922e+00
2.265197969973087311e-02
2.325134538114070892e-02
2.155417948961257935e-02
7.837928831577301025e-02
2.888146555051207542e-04
1.003063440322875977e+00
4.813651368021965027e-02
7.380453497171401978e-02
6.993904113769531250e-01
2.325594902038574219e+00
1.048205327242612839e-02
2.135588526725769043e-01
8.797448873519897461e-02
2.216116636991500854e-01
2.300168871879577637e-01
1.889884620904922485e-01
2.840678673237562180e-03
2.451894998550415039e+00
1.153872385621070862e-01
4.144736006855964661e-02
2.252177715301513672e+00
2.244360558688640594e-02
2.282273769378662109e-02
2.488929964601993561e-02
8.497817069292068481e-02
3.040263836737722158e-04
1.149542093276977539e+00
5.125966668128967285e-02
7.902032881975173950e-02
7.573443651199340820e-01
2.615535259246826172e+00
1.203318405896425247e-02
2.188535481691360474e-01
8.545020967721939087e-02
2.280736863613128662e-01
2.379966974258422852e-01
1.834146976470947266e-01
3.249820787459611893e-03
2.692264080047607422e+00
1.181974560022354126e-01
4.144665598869323730e-02
2.252174854278564453e+00
2.161768823862075806e-02
2.182557992637157440e-02
2.191810309886932373e-02
9.547928720712661743e-02
4.040724015794694424e-04
1.013130545616149902e+00
5.822320282459259033e-02
8.473175019025802612e-02
8.452290296554565430e-01
2.501215934753417969e+00
1.312929578125476837e-02
2.381985336542129517e-01
8.683670312166213989e-02
2.315326184034347534e-01
2.312990427017211914e-01
1.801520287990570068e-01
3.188960952684283257e-03
3.099383354187011719e+00
1.159745603799819946e-01
4.144603386521339417e-02
2.252173900604248047e+00
2.480180189013481140e-02
2.288770675659179688e-02
2.491234615445137024e-02
1.020982041954994202e-01
2.446066064294427633e-04
8.406065106391906738e-01
4.290826618671417236e-02
6.063348799943923950e-02
7.699023485183715820e-01
2.173038482666015625e+00
1.018810831010341644e-02
2.233833521604537964e-01
7.704214006662368774e-02
2.212181985378265381e-01
2.210949957370758057e-01
1.365852653980255127e-01
2.567353425547480583e-03
2.603472948074340820e+00
1.177477240562438965e-01
4.144584387540817261e-02
2.252175092697143555e+00
2.478722482919692993e-02
2.269143797457218170e-02
2.257816866040229797e-02
1.058454737067222595e-01
2.522329159546643496e-04
8.100475072860717773e-01
3.770116716623306274e-02
4.523493722081184387e-02
6.187062263488769531e-01
2.245487451553344727e+00
9.140046313405036926e-03
2.082825899124145508e-01
8.021090924739837646e-02
2.394025027751922607e-01
2.283698469400405884e-01
1.075695827603340149e-01
1.930683501996099949e-03
1.835034728050231934e+00
1.186872422695159912e-01
4.144674539566040039e-02
2.252181529998779297e+00
2.573579549789428711e-02
2.467660605907440186e-02
2.312277816236019135e-02
1.066144555807113647e-01
3.109328681603074074e-04
7.401502132415771484e-01
3.740112110972404480e-02
4.531234875321388245e-02
5.227286815643310547e-01
2.161458969116210938e+00
9.239796549081802368e-03
1.906708329916000366e-01
7.191859185695648193e-02
2.215074151754379272e-01
2.197318375110626221e-01
8.797940611839294434e-02
2.548500662669539452e-03
2.292383909225463867e+00
1.206001117825508118e-01
4.144774004817008972e-02
2.243899583816528320e+00
2.670922130346298218e-02
2.598259784281253815e-02
2.313266694545745850e-02
7.872051000595092773e-02
2.656638971529901028e-04
7.377205491065979004e-01
3.871823102235794067e-02
4.751332849264144897e-02
3.468049466609954834e-01
1.730544090270996094e+00
1.011802721768617630e-02
1.704716980457305908e-01
6.800860166549682617e-02
1.346009373664855957e-01
1.345128566026687622e-01
7.751077413558959961e-02
2.331207972019910812e-03
2.113976716995239258e+00
1.311164647340774536e-01
4.144860059022903442e-02
2.246592998504638672e+00
3.301354125142097473e-02
3.293317183852195740e-02
2.757952362298965454e-02
9.232395887374877930e-02
2.841576351784169674e-04
8.609194755554199219e-01
5.551733449101448059e-02
5.278607830405235291e-02
4.876298308372497559e-01
1.483762979507446289e+00
1.249252725392580032e-02
1.517078578472137451e-01
8.241065591573715210e-02
1.471336483955383301e-01
1.239532530307769775e-01
7.262679934501647949e-02
1.397474668920040131e-03
1.470481634140014648e+00
1.402919143438339233e-01
4.144987836480140686e-02
2.252064228057861328e+00
4.303181171417236328e-02
4.228419810533523560e-02
3.557537496089935303e-02
1.015998199582099915e-01
2.589627401903271675e-04
9.350576996803283691e-01
5.940298736095428467e-02
5.079137533903121948e-02
3.284020721912384033e-01
9.853765368461608887e-01
1.325796917080879211e-02
1.201266199350357056e-01
6.508332490921020508e-02
1.139112561941146851e-01
1.170288175344467163e-01
6.927518546581268311e-02
1.455212943255901337e-03
8.628454804420471191e-01
1.383888572454452515e-01
4.145144671201705933e-02
2.250300168991088867e+00
5.795906856656074524e-02
5.585216358304023743e-02
4.887562617659568787e-02
8.490037918090820312e-02
2.262256748508661985e-04
8.985897302627563477e-01
6.901387125253677368e-02
5.560836195945739746e-02
4.269379079341888428e-01
1.353793740272521973e+00
1.494561322033405304e-02
1.011131256818771362e-01
5.746877938508987427e-02
5.603567883372306824e-02
5.527348816394805908e-02
7.479108870029449463e-02
1.356071443296968937e-03
9.150023460388183594e-01
1.408555656671524048e-01
4.145234450697898865e-02
2.247459411621093750e+00
7.216488569974899292e-02
6.973380595445632935e-02
6.073396652936935425e-02
9.036077558994293213e-02
2.347619447391480207e-04
1.088515162467956543e+00
4.754953458905220032e-02
3.150897845625877380e-02
8.872970938682556152e-02
1.719805359840393066e+00
1.094525866210460663e-02
7.143589854240417480e-02
7.531559467315673828e-02
6.709978729486465454e-02
6.525544077157974243e-02
6.358174979686737061e-02
1.040084753185510635e-03
8.860359191894531250e-01
1.559979170560836792e-01
4.145350307226181030e-02
2.251687765121459961e+00
7.377698272466659546e-02
7.142367213964462280e-02
6.121677532792091370e-02
7.437866926193237305e-02
2.547570911701768637e-04
1.181625127792358398e+00
2.902630902826786041e-02
1.942297071218490601e-02
6.465378403663635254e-02
1.873523473739624023e+00
7.000216282904148102e-03
2.823013439774513245e-02
7.662149518728256226e-02
3.268794715404510498e-02
3.604182228446006775e-02
7.174447178840637207e-02
9.206797112710773945e-04
6.675261855125427246e-01
1.157283112406730652e-01
4.145332053303718567e-02
2.252325057983398438e+00
5.094563961029052734e-02
4.953799769282341003e-02
4.630237445235252380e-02
5.755124613642692566e-02
2.085727028315886855e-04
1.388056397438049316e+00
2.462970651686191559e-02
1.689662039279937744e-02
1.718543767929077148e-01
1.815004944801330566e+00
6.125145591795444489e-03
5.719900876283645630e-02
7.487450540065765381e-02
3.808977082371711731e-02
5.325023829936981201e-02
7.049772888422012329e-02
8.006393909454345703e-04
6.860805153846740723e-01
1.194586083292961121e-01
4.145365580916404724e-02
2.219729661941528320e+00
2.395603992044925690e-02
2.402652241289615631e-02
2.246268838644027710e-02
4.566726833581924438e-02
1.906207762658596039e-04
1.535774469375610352e+00
1.885577663779258728e-02
2.182823792099952698e-02
1.788219511508941650e-01
1.923642277717590332e+00
3.937609028071165085e-03
5.808400362730026245e-02
9.762295335531234741e-02
5.826784297823905945e-02
6.231843680143356323e-02
1.117173060774803162e-01
8.605166804045438766e-04
8.137860298156738281e-01
1.258881241083145142e-01
4.145605117082595825e-02
2.208246469497680664e+00
2.440243586897850037e-02
2.411008812487125397e-02
2.114076912403106689e-02
2.983424998819828033e-02
2.063194988295435905e-04
1.854966998100280762e+00
2.397970855236053467e-02
4.334874823689460754e-02
1.857220530509948730e-01
1.939844369888305664e+00
4.536680411547422409e-03
9.021731466054916382e-02
9.377716481685638428e-02
5.811751633882522583e-02
5.862807109951972961e-02
1.751324534416198730e-01
8.794450550340116024e-04
6.874963045120239258e-01
1.592307835817337036e-01
4.145792126655578613e-02
2.200177431106567383e+00
1.012398302555084229e-01
1.055916398763656616e-01
7.103206962347030640e-02
1.842134818434715271e-02
2.653731789905577898e-04
2.138995885848999023e+00
2.114379592239856720e-02
3.201349452137947083e-02
3.976942598819732666e-01
1.690968871116638184e+00
4.204196855425834656e-03
1.320033371448516846e-01
9.309404343366622925e-02
8.538824319839477539e-02
1.082373559474945068e-01
1.650322228670120239e-01
7.807303918525576591e-04
6.584914922714233398e-01
1.517868340015411377e-01
4.145964607596397400e-02
2.206660032272338867e+00
6.787907332181930542e-02
5.576889216899871826e-02
4.646297171711921692e-02
1.880174130201339722e-02
2.110480127157643437e-04
2.336106777191162109e+00
1.636839285492897034e-02
2.953265048563480377e-02
3.796564340591430664e-01
1.300835371017456055e+00
3.534014802426099777e-03
1.254246681928634644e-01
7.640167325735092163e-02
1.096673458814620972e-01
1.091751158237457275e-01
1.679114103317260742e-01
7.739067077636718750e-04
6.799503564834594727e-01
2.012713253498077393e-01
4.145989939570426941e-02
2.209210157394409180e+00
3.038933686912059784e-02
2.700771577656269073e-02
2.292311191558837891e-02
1.714381948113441467e-02
1.981596724363043904e-04
2.286983728408813477e+00
1.609417237341403961e-02
2.035040035843849182e-02
3.121030628681182861e-01
1.364233970642089844e+00
3.570011584088206291e-03
1.194345131516456604e-01
6.872904300689697266e-02
1.180637255311012268e-01
1.198265179991722107e-01
1.953401118516921997e-01
7.467988179996609688e-04
6.154599189758300781e-01
1.782780438661575317e-01
4.146028310060501099e-02
2.208498001098632812e+00
1.822447404265403748e-02
1.994075253605842590e-02
1.797122135758399963e-02
1.345448568463325500e-02
1.897376205306500196e-04
2.461331367492675781e+00
1.504522841423749924e-02
1.483388897031545639e-02
1.911758184432983398e-01
8.833345770835876465e-01
3.707831492647528648e-03
9.044733643531799316e-02
4.777397587895393372e-02
7.818119972944259644e-02
8.105301856994628906e-02
1.766558438539505005e-01
7.785687339492142200e-04
6.323360204696655273e-01
1.536918580532073975e-01
4.145846888422966003e-02
1.856809854507446289e+00
1.417215634137392044e-02
1.548008993268013000e-02
1.409873552620410919e-02
1.841672882437705994e-02
1.891782740131020546e-04
2.709107875823974609e+00
1.457555778324604034e-02
1.359076704829931259e-02
1.468029916286468506e-01
6.768634915351867676e-01
3.492133924737572670e-03
6.306381523609161377e-02
3.765132278203964233e-02
5.156398937106132507e-02
4.127137735486030579e-02
1.923679411411285400e-01
7.263900479301810265e-04
6.158452630043029785e-01
1.588400006294250488e-01
4.145566001534461975e-02
1.778320550918579102e+00
1.772070489823818207e-02
1.690269075334072113e-02
1.698491349816322327e-02
1.755792275071144104e-02
1.795040152501314878e-04
2.779398679733276367e+00
1.385134458541870117e-02
1.424079295247793198e-02
1.304305940866470337e-01
3.169376850128173828e-01
3.527559805661439896e-03
3.772379830479621887e-02
2.499264106154441833e-02
2.044352889060974121e-02
3.139989823102951050e-02
1.809045970439910889e-01
8.248795056715607643e-04
6.189217567443847656e-01
1.919137388467788696e-01
4.145294800400733948e-02
1.170648574829101562e+00
2.028941363096237183e-02
1.835180632770061493e-02
1.870393380522727966e-02
2.048564516007900238e-02
1.835944422055035830e-04
2.886136054992675781e+00
1.395630557090044022e-02
1.073586754500865936e-02
7.535284012556076050e-02
1.243656799197196960e-01
4.057542886584997177e-03
1.951475255191326141e-02
2.243535965681076050e-02
1.552452892065048218e-02
1.544043608009815216e-02
1.458594650030136108e-01
7.024535443633794785e-04
5.812743306159973145e-01
1.487044841051101685e-01
1.768024079501628876e-02
8.772332072257995605e-01
1.879912614822387695e-02
1.947086118161678314e-02
1.560942083597183228e-02
1.301650796085596085e-02
1.846964005380868912e-04
3.163357019424438477e+00
1.258234307169914246e-02
1.182988751679658890e-02
8.328964561223983765e-02
3.542995825409889221e-02
3.282184712588787079e-03
3.282506018877029419e-02
1.096201874315738678e-02
2.742307446897029877e-02
3.224923089146614075e-02
1.412862539291381836e-01
7.751866360194981098e-04
6.307935118675231934e-01
1.904507875442504883e-01
7.029667496681213379e-03
7.251820564270019531e-01
2.037487365305423737e-02
1.998481899499893188e-02
2.032584883272647858e-02
1.076692063361406326e-02
1.894697343232110143e-04
3.428251028060913086e+00
1.776417903602123260e-02
1.011350750923156738e-02
8.420486003160476685e-02
1.468569785356521606e-01
3.984204959124326706e-03
2.581316232681274414e-02
6.520089693367481232e-03
2.457871846854686737e-02
2.080807834863662720e-02
1.642773151397705078e-01
8.212191169150173664e-04
6.233458518981933594e-01
1.926812678575515747e-01
9.557848796248435974e-03
9.540300965309143066e-01
1.870418526232242584e-02
2.007577568292617798e-02
2.230291068553924561e-02
1.354031078517436981e-02
1.939714711625128984e-04
3.590739965438842773e+00
1.767400652170181274e-02
1.357380300760269165e-02
6.123213469982147217e-02
1.835951358079910278e-01
5.357514601200819016e-03
2.857575565576553345e-02
8.574387989938259125e-03
1.901078782975673676e-02
1.952639967203140259e-02
2.050945013761520386e-01
8.127616601996123791e-04
5.841175317764282227e-01
1.428632587194442749e-01
2.614961238577961922e-03
3.359446823596954346e-01
1.718641258776187897e-02
1.691868714988231659e-02
2.274793013930320740e-02
1.209946908056735992e-02
2.030279720202088356e-04
3.557730913162231445e+00
2.025309577584266663e-02
1.005343906581401825e-02
3.818151354789733887e-02
1.784175038337707520e-01
4.572907928377389908e-03
1.943411678075790405e-02
6.906693335622549057e-03
1.560124941170215607e-02
1.584495045244693756e-02
2.386933565139770508e-01
7.901799399405717850e-04
5.764744281768798828e-01
1.523837298154830933e-01
5.963634466752409935e-04
1.780074536800384521e-01
1.920880191028118134e-02
1.964114420115947723e-02
2.343888394534587860e-02
1.232796628028154373e-02
1.814100978663191199e-04
3.658886194229125977e+00
2.481084503233432770e-02
1.003807503730058670e-02
3.889768943190574646e-02
1.845120638608932495e-01
6.040334701538085938e-03
2.133024856448173523e-02
7.408231496810913086e-03
1.496198028326034546e-02
1.509120501577854156e-02
2.276318669319152832e-01
8.589709759689867496e-04
6.894745826721191406e-01
1.551687568426132202e-01
2.708955900743603706e-03
3.625940680503845215e-01
2.247016690671443939e-02
1.982919871807098389e-02
2.207667939364910126e-02
1.295903511345386505e-02
2.366596017964184284e-04
3.649425268173217773e+00
2.055838890373706818e-02
1.769650541245937347e-02
2.972362190485000610e-02
1.700886338949203491e-01
6.448576692491769791e-03
1.312950719147920609e-02
9.756727144122123718e-03
1.082730107009410858e-02
1.091469358652830124e-02
2.653507888317108154e-01
8.544308366253972054e-04
6.719703674316406250e-01
1.595164984464645386e-01
1.527083106338977814e-03
3.937380611896514893e-01
3.632878139615058899e-02
3.653543442487716675e-02
2.634145878255367279e-02
1.470592152327299118e-02
3.017166745848953724e-04
3.827526330947875977e+00
2.315376698970794678e-02
1.507080998271703720e-02
3.439830616116523743e-02
1.540772616863250732e-01
5.729678086936473846e-03
1.741601526737213135e-02
1.010964810848236084e-02
1.250731945037841797e-02
1.283249072730541229e-02
2.598382532596588135e-01
1.006196951493620872e-03
7.047227025032043457e-01
1.886580288410186768e-01
2.077738754451274872e-03
1.636683642864227295e-01
3.981874138116836548e-02
3.499620035290718079e-02
3.425154089927673340e-02
1.276370044797658920e-02
3.288232837803661823e-04
3.956228733062744141e+00
2.417653426527976990e-02
1.635666750371456146e-02
3.033099323511123657e-02
1.130607128143310547e-01
5.207623820751905441e-03
1.393155287951231003e-02
8.374856784939765930e-03
1.179244555532932281e-02
1.197625510394573212e-02
2.932483553886413574e-01
8.337428444065153599e-04
5.992636680603027344e-01
1.496252715587615967e-01
2.043824875727295876e-03
2.769733965396881104e-01
4.107061773538589478e-02
3.490474075078964233e-02
2.822026796638965607e-02
1.360356807708740234e-02
3.111283294856548309e-04
3.890326023101806641e+00
1.006959527730941772e-01
1.952894777059555054e-02
5.604175105690956116e-02
7.780221849679946899e-02
1.449087075889110565e-02
2.026396431028842926e-02
5.829573608934879303e-03
1.940039917826652527e-02
2.011172287166118622e-02
1.097025275230407715e-01
9.482991881668567657e-04
6.800748109817504883e-01
1.776887178421020508e-01
1.538447104394435883e-03
2.831575274467468262e-01
3.248887881636619568e-02
3.148293122649192810e-02
2.415699884295463562e-02
1.303194649517536163e-02
3.514869895298033953e-04
3.614978313446044922e+00
3.362006694078445435e-02
1.475094445049762726e-02
2.916150912642478943e-02
5.067738890647888184e-02
8.014143444597721100e-03
1.553635951131582260e-02
4.646304994821548462e-03
1.189273409545421600e-02
1.378556247800588608e-02
2.587311863899230957e-01
1.037655980326235294e-03
7.658443450927734375e-01
1.777321398258209229e-01
2.650358248502016068e-03
3.258750438690185547e-01
4.232586547732353210e-02
3.975675255060195923e-02
3.572428971529006958e-02
1.388414949178695679e-02
3.111329569946974516e-04
3.584423303604125977e+00
5.553820729255676270e-02
1.630122587084770203e-02
4.087435081601142883e-02
2.838863618671894073e-02
1.216278225183486938e-02
2.087356150150299072e-02
5.305604543536901474e-03
1.544226612895727158e-02
1.635623909533023834e-02
2.238450795412063599e-01
1.157011603936553001e-03
7.748296856880187988e-01
3.088745474815368652e-01
2.713659545406699181e-03
1.326510161161422729e-01
6.618490815162658691e-02
6.102325767278671265e-02
5.070493742823600769e-02
1.772853918373584747e-02
6.934911361895501614e-04
3.445946455001831055e+00
1.480831392109394073e-02
2.702108398079872131e-02
2.948052622377872467e-02
7.484351098537445068e-02
3.927156329154968262e-03
1.126980036497116089e-02
5.552431102842092514e-03
9.974362328648567200e-03
1.041642297059297562e-02
2.482721954584121704e-01
1.021586358547210693e-03
5.742832422256469727e-01
1.864287108182907104e-01
8.225439232774078846e-04
3.413306176662445068e-01
7.878752052783966064e-02
7.587899267673492432e-02
6.297807395458221436e-02
1.910883933305740356e-02
2.744980738498270512e-04
3.634457826614379883e+00
2.837125957012176514e-02
1.529422216117382050e-02
1.401226688176393509e-02
1.502850353717803955e-01
6.408966612070798874e-03
6.436617579311132431e-03
8.963325060904026031e-03
6.257316097617149353e-03
6.242535542696714401e-03
2.325379103422164917e-01
9.144574869424104691e-04
6.465750932693481445e-01
1.083193644881248474e-01
5.725121009163558483e-04
3.405352234840393066e-01
7.910748571157455444e-02
7.614596188068389893e-02
6.286946684122085571e-02
1.639665290713310242e-02
4.842658236157149076e-04
3.300034046173095703e+00
4.792112484574317932e-02
1.695056818425655365e-02
1.191659178584814072e-02
2.264870703220367432e-01
1.042913552373647690e-02
5.799360573291778564e-03
1.630220748484134674e-02
7.175999227911233902e-03
7.635735440999269485e-03
2.025273144245147705e-01
8.863967959769070148e-04
6.563067436218261719e-01
1.301585733890533447e-01
2.448951825499534607e-03
4.066107571125030518e-01
3.510597720742225647e-02
3.681816533207893372e-02
3.934235125780105591e-02
1.747697591781616211e-02
4.047705442644655704e-04
2.770732402801513672e+00
3.114762157201766968e-02
1.421469263732433319e-02
8.466821908950805664e-02
4.173603951930999756e-01
7.543287239968776703e-03
2.851653099060058594e-02
2.354505658149719238e-02
3.845819458365440369e-02
3.886033967137336731e-02
2.337066978216171265e-01
6.061079911887645721e-04
4.351361691951751709e-01
1.248097419738769531e-01
1.395578845404088497e-03
2.880206704139709473e-01
1.974899694323539734e-02
2.522861585021018982e-02
2.391278743743896484e-02
1.634455099701881409e-02
5.398673238232731819e-04
2.471467733383178711e+00
1.172668859362602234e-02
1.614429615437984467e-02
9.386023133993148804e-02
4.539615511894226074e-01
4.216188564896583557e-03
3.500184044241905212e-02
2.692671306431293488e-02
3.448055684566497803e-02
4.132325947284698486e-02
2.253820747137069702e-01
7.723271846771240234e-04
6.036116480827331543e-01
1.900461912155151367e-01
4.452660796232521534e-04
3.833888769149780273e-01
3.374540805816650391e-02
4.383624345064163208e-02
2.665635198354721069e-02
1.410203333944082260e-02
6.039834115654230118e-04
1.945936441421508789e+00
1.014717947691679001e-02
1.834885217249393463e-02
5.099584907293319702e-02
2.509153783321380615e-01
2.569366712123155594e-03
2.942002378404140472e-02
1.826987415552139282e-02
3.645730018615722656e-02
3.447911143302917480e-02
2.230776995420455933e-01
5.601859884336590767e-04
3.778407573699951172e-01
1.218529567122459412e-01
2.717645256780087948e-04
1.175480559468269348e-01
3.655804321169853210e-02
4.083568602800369263e-02
3.226982802152633667e-02
1.544593740254640579e-02
4.023713408969342709e-04
1.862145185470581055e+00
1.225145906209945679e-02
1.631289906799793243e-02
3.983997553586959839e-02
1.864082217216491699e-01
2.605702960863709450e-03
1.603505574166774750e-02
1.481517683714628220e-02
2.358458936214447021e-02
2.367695234715938568e-02
2.156248837709426880e-01
5.145767936483025551e-04
5.014968514442443848e-01
1.055293530225753784e-01
1.340165578511687272e-08
3.575602895580232143e-04
3.164377808570861816e-02
3.119151294231414795e-02
2.227065898478031158e-02
1.732989214360713959e-02
1.991033786907792091e-04
1.195466756820678711e+00
1.343339681625366211e-02
1.358128339052200317e-02
2.597798034548759460e-02
1.707832068204879761e-01
3.226151457056403160e-03
1.287938561290502548e-02
1.510156877338886261e-02
1.605076342821121216e-02
1.631159707903862000e-02
2.281644940376281738e-01
5.698330351151525974e-04
3.860407471656799316e-01
9.214607626199722290e-02
1.340165578511687272e-08
3.966171643696725368e-04
3.376648947596549988e-02
3.087111935019493103e-02
2.863316796720027924e-02
2.053516916930675507e-02
2.402498648734763265e-04
8.565713763236999512e-01
1.625648885965347290e-02
1.240395102649927139e-02
3.626109287142753601e-02
1.524400115013122559e-01
4.215591121464967728e-03
1.527093537151813507e-02
1.620854809880256653e-02
1.933379471302032471e-02
2.102955244481563568e-02
1.800085753202438354e-01
4.430181870702654123e-04
4.879450201988220215e-01
9.155193716287612915e-02
1.340165578511687272e-08
7.589601445943117142e-04
2.306183427572250366e-02
2.510921470820903778e-02
2.278960868716239929e-02
2.780357375741004944e-02
2.163272583857178688e-04
1.171221494674682617e+00
3.624362051486968994e-01
4.595129787921905518e-01
3.305964767932891846e-01
4.882336258888244629e-01
2.544401586055755615e-01
2.666126191616058350e-01
2.386960238218307495e-01
2.623008489608764648e-01
2.707668542861938477e-01
6.897202730178833008e-01
7.759145228192210197e-04
5.259293317794799805e-01
2.167171686887741089e-01
2.368578687310218811e-02
8.683260083198547363e-01
5.907458811998367310e-02
5.550201609730720520e-02
4.850255697965621948e-02
1.854410320520401001e-01
4.332562675699591637e-04
